timestamp,open,high,low,close,volume,final_signal,entry
2026-08-12 05:18:00+00:00,0.072148,0.072171,0.072148,0.072171,37161.42792,,
2026-08-12 05:19:00+00:00,0.072171,0.072171,0.072127,0.072165,122844.50095,,
2026-08-12 05:20:00+00:00,0.072165,0.072186,0.072155,0.072181,3068229.04463,,
2026-08-12 05:21:00+00:00,0.072181,0.072208,0.072164,0.072198,2900261.59515,,
2026-08-12 05:22:00+00:00,0.072198,0.072217,0.072182,0.072217,6840762.73199,,
2026-08-12 05:23:00+00:00,0.072217,0.072217,0.072184,0.072198,3795645.76548,,
2026-08-12 05:24:00+00:00,0.072198,0.072205,0.072142,0.072142,11255769.03477,,
2026-08-12 05:25:00+00:00,0.072142,0.072208,0.072142,0.072198,392532.02007,,
2026-08-12 05:26:00+00:00,0.072198,0.072199,0.072153,0.072153,945454.99647,,
2026-08-12 05:27:00+00:00,0.072153,0.072175,0.072121,0.072136,428048.98479,,
2026-08-12 05:28:00+00:00,0.072136,0.072136,0.0721,0.072121,154326.39652971606,,
2026-08-12 05:29:00+00:00,0.072121,0.072129,0.072098,0.072099,4715309.78056,,
2026-08-12 05:30:00+00:00,0.072099,0.07216,0.072099,0.072145,10674448.229446683,,
2026-08-12 05:31:00+00:00,0.072145,0.072158,0.072101,0.072146,9089083.79451,,
2026-08-12 05:32:00+00:00,0.072146,0.07217,0.072124,0.07217,149491.39559,,
2026-08-12 05:33:00+00:00,0.07217,0.072208,0.072168,0.072198,2684802.317662122,,
2026-08-12 05:34:00+00:00,0.072198,0.072208,0.072183,0.072183,3997771.85643,,
2026-08-12 05:35:00+00:00,0.072183,0.072208,0.072137,0.072177,2522702.38621,,
2026-08-12 05:36:00+00:00,0.072177,0.0722,0.072153,0.072173,6455397.9151,,
2026-08-12 05:37:00+00:00,0.072173,0.072188,0.07215,0.072188,125790.13871,,
2026-08-12 05:38:00+00:00,0.072188,0.072208,0.072158,0.072198,3220175.11028,,
2026-08-12 05:39:00+00:00,0.072198,0.072198,0.072161,0.072167,4842801.81618,,
2026-08-12 05:40:00+00:00,0.072167,0.072176,0.072125,0.072125,1919653.38288,,
2026-08-12 05:41:00+00:00,0.072125,0.072137,0.072092,0.072098,3204754.47401,,
2026-08-12 05:42:00+00:00,0.072098,0.07215,0.07209,0.072134,6881326.96141,,
2026-08-12 05:43:00+00:00,0.072134,0.072148,0.072112,0.072139,111137.81995,,
2026-08-12 05:44:00+00:00,0.072139,0.072139,0.072101,0.072101,47988.8329,,
2026-08-12 05:45:00+00:00,0.072101,0.072126,0.072099,0.0721,6493518.99155,,
2026-08-12 05:46:00+00:00,0.0721,0.07214,0.0721,0.072121,6457835.87048,,
2026-08-12 05:47:00+00:00,0.072121,0.072149,0.07212,0.072146,131303.2778,,
2026-08-12 05:48:00+00:00,0.072146,0.072167,0.072125,0.072158,162385.80303,,
2026-08-12 05:49:00+00:00,0.072158,0.072161,0.072122,0.072124,97244.94482,,
2026-08-12 05:50:00+00:00,0.072124,0.072135,0.0721,0.0721,173887.87156,,
2026-08-12 05:51:00+00:00,0.0721,0.072141,0.0721,0.072135,5114208.37045,,
2026-08-12 05:52:00+00:00,0.072135,0.072158,0.072112,0.072127,195494.64714,,
2026-08-12 05:53:00+00:00,0.072127,0.07216,0.072082,0.072082,1592327.9409325125,,
2026-08-12 05:54:00+00:00,0.072082,0.072098,0.072063,0.072063,7476597.8561,,
2026-08-12 05:55:00+00:00,0.072063,0.07209,0.072044,0.072044,244287.89461,,
2026-08-12 05:56:00+00:00,0.072044,0.072044,0.072033,0.072037,143795.07457,,
2026-08-12 05:57:00+00:00,0.072037,0.072044,0.072037,0.072042,146680.96302,,
2026-08-12 05:58:00+00:00,0.072042,0.072087,0.072037,0.072065,185190.25665,,
2026-08-12 05:59:00+00:00,0.072065,0.072092,0.072058,0.07209,209476.4812028467,,
2026-08-12 06:00:00+00:00,0.07209,0.07209,0.072039,0.072039,373098.95942,,
2026-08-12 06:01:00+00:00,0.072039,0.072041,0.071971,0.071972,14403433.34227,,
2026-08-12 06:02:00+00:00,0.071972,0.071991,0.071971,0.071973,102887.87815,,
2026-08-12 06:03:00+00:00,0.071973,0.071992,0.071941,0.07197,2138546.67437,,
2026-08-12 06:04:00+00:00,0.07197,0.07199,0.07188,0.07194,2866292.3369620545,,
2026-08-12 06:05:00+00:00,0.07194,0.07197,0.071909,0.071935,198109.37495,,
2026-08-12 06:06:00+00:00,0.071935,0.071948,0.071892,0.071912,1508795.69616,,
2026-08-12 06:07:00+00:00,0.071912,0.071913,0.071802,0.071827,7930904.67414,,
2026-08-12 06:08:00+00:00,0.071827,0.071827,0.071701,0.071701,3289762.232678448,,
2026-08-12 06:09:00+00:00,0.071701,0.071745,0.0717,0.071729,7777481.60448,,
2026-08-12 06:10:00+00:00,0.071729,0.071747,0.071706,0.071716,6427116.70864,,
2026-08-12 06:11:00+00:00,0.071716,0.071735,0.071684,0.071684,3190694.73414,,
2026-08-12 06:12:00+00:00,0.071684,0.071702,0.071684,0.071698,2895902.8433,,
2026-08-12 06:13:00+00:00,0.071698,0.071701,0.071675,0.071675,6766448.76068,,
2026-08-12 06:14:00+00:00,0.071675,0.071708,0.071651,0.071688,6204858.841599725,,
2026-08-12 06:15:00+00:00,0.071688,0.071708,0.071601,0.071655,11555877.93162,,
2026-08-12 06:16:00+00:00,0.071655,0.071671,0.07163,0.071664,203707.77031852337,,
2026-08-12 06:17:00+00:00,0.071664,0.0717,0.071661,0.071698,1333581.19045,,
2026-08-12 06:18:00+00:00,0.071698,0.071708,0.071672,0.071675,11336494.29451,,
2026-08-12 06:19:00+00:00,0.071675,0.071675,0.0716,0.0716,3517215.63803,,
2026-08-12 06:20:00+00:00,0.0716,0.071611,0.07159,0.07159,1943839.58675,,
2026-08-12 06:21:00+00:00,0.07159,0.071637,0.071589,0.071637,4562561.07481,,
2026-08-12 06:22:00+00:00,0.071637,0.071648,0.071594,0.071602,1625447.1447784642,,
2026-08-12 06:23:00+00:00,0.071602,0.071606,0.071545,0.071561,14416782.273124924,,
2026-08-12 06:24:00+00:00,0.071561,0.071588,0.071499,0.071528,1705632.3528317332,,
2026-08-12 06:25:00+00:00,0.071528,0.071528,0.0715,0.071523,5904612.18056,,
2026-08-12 06:26:00+00:00,0.071523,0.071525,0.0715,0.071521,6155057.01244,,
2026-08-12 06:27:00+00:00,0.071521,0.071564,0.071516,0.071556,519817.43145,,
2026-08-12 06:28:00+00:00,0.071556,0.071557,0.0715,0.0715,144089.24969,,
2026-08-12 06:29:00+00:00,0.0715,0.071529,0.0715,0.071504,7829523.61986,,
2026-08-12 06:30:00+00:00,0.071504,0.071504,0.071359,0.071398,42293744.79033593,,
2026-08-12 06:31:00+00:00,0.071398,0.071409,0.071384,0.071392,2673243.19356,,
2026-08-12 06:32:00+00:00,0.071392,0.071417,0.071392,0.071417,1463411.11057,,
2026-08-12 06:33:00+00:00,0.071417,0.071475,0.071402,0.071418,4545072.6588,,
2026-08-12 06:34:00+00:00,0.071418,0.071476,0.07141,0.071463,534739.9317772278,,
2026-08-12 06:35:00+00:00,0.071463,0.0715,0.071455,0.071465,8607283.899437563,,
2026-08-12 06:36:00+00:00,0.071465,0.071489,0.071451,0.071489,183364.86524,,
2026-08-12 06:37:00+00:00,0.071489,0.071555,0.071462,0.071519,9709292.663174763,,
2026-08-12 06:38:00+00:00,0.071519,0.071546,0.071499,0.071522,10928143.680017987,,
2026-08-12 06:39:00+00:00,0.071522,0.07157,0.071509,0.071541,192658.94653,,
2026-08-12 06:40:00+00:00,0.071541,0.071578,0.071541,0.07157,196592.8464,,
2026-08-12 06:41:00+00:00,0.07157,0.071575,0.071524,0.071569,166143.0962997082,,
2026-08-12 06:42:00+00:00,0.071569,0.071569,0.071512,0.071518,122469.854,,
2026-08-12 06:43:00+00:00,0.071518,0.071557,0.071518,0.071557,30605.72298,,
2026-08-12 06:44:00+00:00,0.071557,0.071557,0.071501,0.071523,73799.7609163682,,
2026-08-12 06:45:00+00:00,0.071523,0.071568,0.071519,0.071567,243655.10849,,
2026-08-12 06:46:00+00:00,0.071567,0.071612,0.071566,0.071608,2112246.61873,,
2026-08-12 06:47:00+00:00,0.071608,0.07163,0.07158,0.071609,6552717.531620282,,
2026-08-12 06:48:00+00:00,0.071609,0.071617,0.071592,0.071617,64390.02248,,
2026-08-12 06:49:00+00:00,0.071617,0.071617,0.071617,0.071617,0.0,,
2026-08-12 06:50:00+00:00,0.071617,0.071636,0.071608,0.07163,8378586.64417,,
2026-08-12 06:51:00+00:00,0.07163,0.07163,0.07159,0.07159,4366292.62314,,
2026-08-12 06:52:00+00:00,0.07159,0.071596,0.071563,0.071564,4211661.19203,,
2026-08-12 06:53:00+00:00,0.071564,0.071564,0.0715,0.071525,6754892.53409,,
2026-08-12 06:54:00+00:00,0.071525,0.071563,0.0715,0.071517,16089909.93845,,
2026-08-12 06:55:00+00:00,0.071517,0.071526,0.07149,0.071519,3652877.21978,,
2026-08-12 06:56:00+00:00,0.071519,0.071519,0.071474,0.071484,9126371.55351,,
2026-08-12 06:57:00+00:00,0.071484,0.071525,0.071484,0.071505,6963013.09634,,
2026-08-12 06:58:00+00:00,0.071505,0.071535,0.071492,0.07152,1483719.89259,,
2026-08-12 06:59:00+00:00,0.07152,0.071551,0.071513,0.071545,129628.30669,,
2026-08-12 07:00:00+00:00,0.071545,0.071566,0.071519,0.071559,396509.0848,,
2026-08-12 07:01:00+00:00,0.071559,0.071569,0.071517,0.071569,216849.56107240665,,
2026-08-12 07:02:00+00:00,0.071569,0.0716,0.071557,0.071584,1483221.7319197152,,
2026-08-12 07:03:00+00:00,0.071584,0.0716,0.071563,0.071599,4469088.8669105405,,
2026-08-12 07:04:00+00:00,0.071599,0.071637,0.071599,0.071637,15344629.981670368,,
2026-08-12 07:05:00+00:00,0.071637,0.071691,0.071637,0.071675,188017.17658099093,,
2026-08-12 07:06:00+00:00,0.071675,0.071691,0.071655,0.071665,157645.69363,,
2026-08-12 07:07:00+00:00,0.071665,0.07172,0.071665,0.071701,1540291.8387743244,,
2026-08-12 07:08:00+00:00,0.071701,0.071701,0.071664,0.071667,8415532.81494,,
2026-08-12 07:09:00+00:00,0.071667,0.071681,0.071625,0.071631,1717215.8584,,
2026-08-12 07:10:00+00:00,0.071631,0.0717,0.071627,0.071632,134794.37987892338,,
2026-08-12 07:11:00+00:00,0.071632,0.071688,0.071632,0.071637,126798.52706075662,,
2026-08-12 07:12:00+00:00,0.071637,0.071681,0.071627,0.071645,193701.77002,,
2026-08-12 07:13:00+00:00,0.071645,0.071645,0.071637,0.071639,194779.31758,,
2026-08-12 07:14:00+00:00,0.071639,0.071641,0.071637,0.071637,66418.53124739611,,
2026-08-12 07:15:00+00:00,0.071637,0.071701,0.071637,0.071698,872061.51263,,
2026-08-12 07:16:00+00:00,0.071698,0.071727,0.07169,0.071727,7058623.48567,,
2026-08-12 07:17:00+00:00,0.071727,0.071728,0.071647,0.071647,9878050.20016,,
2026-08-12 07:18:00+00:00,0.071647,0.071675,0.07163,0.071634,1072244.01998,,
2026-08-12 07:19:00+00:00,0.071634,0.071644,0.07163,0.071641,140974.73444,,
2026-08-12 07:20:00+00:00,0.071641,0.071644,0.071639,0.071643,86898.08759,,
2026-08-12 07:21:00+00:00,0.071643,0.071688,0.071638,0.071688,140951.60162,,
2026-08-12 07:22:00+00:00,0.071688,0.071688,0.071655,0.071683,165758.43965,,
2026-08-12 07:23:00+00:00,0.071683,0.071683,0.071638,0.071671,165425.16597,,
2026-08-12 07:24:00+00:00,0.071671,0.0717,0.071651,0.071654,210941.87396671405,,
2026-08-12 07:25:00+00:00,0.071654,0.071677,0.071648,0.071652,64364.96124,,
2026-08-12 07:26:00+00:00,0.071652,0.071677,0.071649,0.071675,158290.84613,,
2026-08-12 07:27:00+00:00,0.071675,0.071675,0.071635,0.071642,121662.414,,
2026-08-12 07:28:00+00:00,0.071642,0.0717,0.0716,0.0716,4148593.7497780034,,
2026-08-12 07:29:00+00:00,0.0716,0.071626,0.071571,0.071583,9060107.32665397,,
2026-08-12 07:30:00+00:00,0.071583,0.071591,0.071559,0.07158,271000.02274,,
2026-08-12 07:31:00+00:00,0.07158,0.071621,0.071562,0.071621,4218465.57097,,
2026-08-12 07:32:00+00:00,0.071621,0.071693,0.071611,0.071693,143574.4698,,
2026-08-12 07:33:00+00:00,0.071693,0.071693,0.071632,0.071639,407893.96302,,
2026-08-12 07:34:00+00:00,0.071639,0.071645,0.071632,0.071645,33195.72100326875,,
2026-08-12 07:35:00+00:00,0.071645,0.071661,0.071623,0.071625,103939.07015323064,,
2026-08-12 07:36:00+00:00,0.071625,0.071625,0.071582,0.071601,5172256.754723168,,
2026-08-12 07:37:00+00:00,0.071601,0.071608,0.071561,0.0716,3648583.249409708,,
2026-08-12 07:38:00+00:00,0.0716,0.0716,0.071563,0.071581,121428.56839,,
2026-08-12 07:39:00+00:00,0.071581,0.071608,0.071581,0.071598,4881905.57911,,
2026-08-12 07:40:00+00:00,0.071598,0.071601,0.071589,0.071589,133877.95267,,
2026-08-12 07:41:00+00:00,0.071589,0.0716,0.071568,0.071572,7281033.96509,,
2026-08-12 07:42:00+00:00,0.071572,0.071593,0.071565,0.071582,144889.36773,,
2026-08-12 07:43:00+00:00,0.071582,0.071587,0.07156,0.071576,46884.80879,,
2026-08-12 07:44:00+00:00,0.071576,0.07158,0.071524,0.071549,918846.15148,,
2026-08-12 07:45:00+00:00,0.071549,0.071553,0.071497,0.071499,123289.45359,,
2026-08-12 07:46:00+00:00,0.071499,0.071525,0.071488,0.071498,8369053.08385,,
2026-08-12 07:47:00+00:00,0.071498,0.071525,0.07149,0.071521,7244472.43004,,
2026-08-12 07:48:00+00:00,0.071521,0.071537,0.07151,0.071528,127239.00559,,
2026-08-12 07:49:00+00:00,0.071528,0.071568,0.071528,0.071559,61134.27821,,
2026-08-12 07:50:00+00:00,0.071559,0.071571,0.071559,0.071571,36008.20853,,
2026-08-12 07:51:00+00:00,0.071571,0.071612,0.071571,0.071612,41815.2906,,
2026-08-12 07:52:00+00:00,0.071612,0.071612,0.0716,0.0716,194935.96499348644,,
2026-08-12 07:53:00+00:00,0.0716,0.07162,0.0716,0.071601,21220.48606,,
2026-08-12 07:54:00+00:00,0.071601,0.071661,0.0716,0.071628,4989177.02140953,,
2026-08-12 07:55:00+00:00,0.071628,0.071669,0.071613,0.071663,899069.02499,,
2026-08-12 07:56:00+00:00,0.071663,0.071663,0.071619,0.071635,2363292.04975,,
2026-08-12 07:57:00+00:00,0.071635,0.07165,0.071608,0.071636,213050.50247,,
2026-08-12 07:58:00+00:00,0.071636,0.07166,0.071614,0.071657,143999.64876,,
2026-08-12 07:59:00+00:00,0.071657,0.071702,0.071657,0.071671,7902242.65566,,
2026-08-12 08:00:00+00:00,0.071671,0.071682,0.071624,0.071624,365495.88709,,
2026-08-12 08:01:00+00:00,0.071624,0.071661,0.071619,0.071621,68920.80259,,
2026-08-12 08:02:00+00:00,0.071621,0.071647,0.071604,0.071647,52145.54317,,
2026-08-12 08:03:00+00:00,0.071647,0.071708,0.071634,0.071683,12477295.14822,,
2026-08-12 08:04:00+00:00,0.071683,0.0717,0.071674,0.071699,5169469.38973,,
2026-08-12 08:05:00+00:00,0.071699,0.071708,0.071672,0.0717,15189260.129807644,,
2026-08-12 08:06:00+00:00,0.0717,0.0717,0.071652,0.071699,173879.9994,,
2026-08-12 08:07:00+00:00,0.071699,0.0717,0.071632,0.071639,5802431.63677,,
2026-08-12 08:08:00+00:00,0.071639,0.071677,0.071615,0.071615,2353909.22639,,
2026-08-12 08:09:00+00:00,0.071615,0.07165,0.071602,0.071602,123361.24461305396,,
2026-08-12 08:10:00+00:00,0.071602,0.071602,0.071584,0.071598,2962300.4076710767,,
2026-08-12 08:11:00+00:00,0.071598,0.071601,0.071574,0.071584,4101391.38211,,
2026-08-12 08:12:00+00:00,0.071584,0.071626,0.071574,0.071621,17213503.38207,,
2026-08-12 08:13:00+00:00,0.071621,0.071626,0.07159,0.071597,2671554.650469829,,
2026-08-12 08:14:00+00:00,0.071597,0.071608,0.071583,0.071597,5182834.336172394,,
2026-08-12 08:15:00+00:00,0.071597,0.0716,0.071561,0.071599,4800736.50876,,
2026-08-12 08:16:00+00:00,0.071599,0.071617,0.071592,0.071612,2915240.90827,,
2026-08-12 08:17:00+00:00,0.071612,0.071637,0.071592,0.071634,6194989.455590687,,
2026-08-12 08:18:00+00:00,0.071634,0.071646,0.071611,0.071621,111388.61897798388,,
2026-08-12 08:19:00+00:00,0.071621,0.071646,0.071609,0.071615,145381.88032,,
2026-08-12 08:20:00+00:00,0.071615,0.071631,0.071601,0.071618,5326574.60481,,
2026-08-12 08:21:00+00:00,0.071618,0.0717,0.071613,0.071641,1124534.0883193505,,
2026-08-12 08:22:00+00:00,0.071641,0.071684,0.071641,0.071652,212019.61835,,
2026-08-12 08:23:00+00:00,0.071652,0.0717,0.071652,0.071699,143889.32373,,
2026-08-12 08:24:00+00:00,0.071699,0.0717,0.071699,0.0717,81888.75543,,
2026-08-12 08:25:00+00:00,0.0717,0.07171,0.0717,0.071702,44432.02235,,
2026-08-12 08:26:00+00:00,0.071702,0.071709,0.071681,0.071709,7487939.99945,,
2026-08-12 08:27:00+00:00,0.071709,0.071709,0.07169,0.071705,81489.68783,,
2026-08-12 08:28:00+00:00,0.071705,0.071719,0.071684,0.071698,6051593.11096,,
2026-08-12 08:29:00+00:00,0.071698,0.0717,0.071669,0.071677,8592485.08091,,
2026-08-12 08:30:00+00:00,0.071677,0.071678,0.071631,0.071655,898849.33928,,
2026-08-12 08:31:00+00:00,0.071655,0.071666,0.071614,0.071648,340147.33301,,
2026-08-12 08:32:00+00:00,0.071648,0.071667,0.071615,0.071628,413364.18165,,
2026-08-12 08:33:00+00:00,0.071628,0.071661,0.071608,0.07163,163431.3459,,
2026-08-12 08:34:00+00:00,0.07163,0.07166,0.071617,0.071629,132340.28791,,
2026-08-12 08:35:00+00:00,0.071629,0.071645,0.071598,0.07161,1500430.22715,,
2026-08-12 08:36:00+00:00,0.07161,0.07161,0.071559,0.071559,4521862.38438,,
2026-08-12 08:37:00+00:00,0.071559,0.071647,0.071559,0.071602,5069346.340951083,,
2026-08-12 08:38:00+00:00,0.071602,0.0717,0.07159,0.071688,9316362.93833205,,
2026-08-12 08:39:00+00:00,0.071688,0.071701,0.071688,0.071698,120530.0334,,
2026-08-12 08:40:00+00:00,0.071698,0.071699,0.071628,0.071629,5060829.711890385,,
2026-08-12 08:41:00+00:00,0.071629,0.071633,0.071592,0.071604,3533766.88518,,
2026-08-12 08:42:00+00:00,0.071604,0.071608,0.071566,0.071589,4855117.520767822,,
2026-08-12 08:43:00+00:00,0.071589,0.071589,0.07153,0.071535,236126.67472052,,
2026-08-12 08:44:00+00:00,0.071535,0.071535,0.071527,0.071531,101840.41352355364,,
2026-08-12 08:45:00+00:00,0.071531,0.071563,0.071497,0.071516,1776300.486604856,,
2026-08-12 08:46:00+00:00,0.071516,0.071539,0.071492,0.07153,12083810.149002012,,
2026-08-12 08:47:00+00:00,0.07153,0.071536,0.0715,0.071536,12508064.16216,,
2026-08-12 08:48:00+00:00,0.071536,0.071536,0.071533,0.071535,16791.86751,,
2026-08-12 08:49:00+00:00,0.071535,0.071629,0.071515,0.071629,7292885.85052,,
2026-08-12 08:50:00+00:00,0.071629,0.071637,0.071584,0.071596,2940506.2765483684,,
2026-08-12 08:51:00+00:00,0.071596,0.071601,0.071584,0.071584,1545617.44871,,
2026-08-12 08:52:00+00:00,0.071584,0.071608,0.071583,0.071601,3215655.2834,,
2026-08-12 08:53:00+00:00,0.071601,0.071608,0.071583,0.071602,1570543.6987553637,,
2026-08-12 08:54:00+00:00,0.071602,0.071606,0.07159,0.071601,892656.7867191524,,
2026-08-12 08:55:00+00:00,0.071601,0.071609,0.071582,0.071583,11425770.85566,,
2026-08-12 08:56:00+00:00,0.071583,0.071608,0.0715,0.071501,28646176.82524931,,
2026-08-12 08:57:00+00:00,0.071501,0.071501,0.071474,0.071478,6756905.65922,,
2026-08-12 08:58:00+00:00,0.071478,0.0715,0.071465,0.0715,157074.12671030502,,
2026-08-12 08:59:00+00:00,0.0715,0.0715,0.071472,0.071498,1493387.13011,,
2026-08-12 09:00:00+00:00,0.071498,0.071508,0.07147,0.071488,5463585.549584222,,
2026-08-12 09:01:00+00:00,0.071488,0.0715,0.071481,0.071489,2961495.88639,,
2026-08-12 09:02:00+00:00,0.071489,0.071535,0.071465,0.0715,14930246.133259812,,
2026-08-12 09:03:00+00:00,0.0715,0.071601,0.0715,0.071601,75236.12552698182,,
2026-08-12 09:04:00+00:00,0.071601,0.071601,0.071567,0.0716,156520.79909027624,,
2026-08-12 09:05:00+00:00,0.0716,0.071605,0.071548,0.071605,137783.633461768,,
2026-08-12 09:06:00+00:00,0.071605,0.071605,0.071548,0.0716,133811.19602801077,,
2026-08-12 09:07:00+00:00,0.0716,0.071608,0.071583,0.071591,3288596.1137323417,,
2026-08-12 09:08:00+00:00,0.071591,0.07162,0.07159,0.071617,2377371.61468,,
2026-08-12 09:09:00+00:00,0.071617,0.071617,0.071592,0.071592,154116.07075,,
2026-08-12 09:10:00+00:00,0.071592,0.071649,0.071592,0.071618,7295041.42266,,
2026-08-12 09:11:00+00:00,0.071618,0.071629,0.071618,0.071629,44458.28696,,
2026-08-12 09:12:00+00:00,0.071629,0.071651,0.071612,0.071637,122945.80573,,
2026-08-12 09:13:00+00:00,0.071637,0.071637,0.071598,0.071598,129106.88001,,
2026-08-12 09:14:00+00:00,0.071598,0.071617,0.071592,0.071617,4299813.16713,,
2026-08-12 09:15:00+00:00,0.071617,0.071708,0.071601,0.071682,6698479.10406,,
2026-08-12 09:16:00+00:00,0.071682,0.0717,0.071682,0.071696,106110.1543,,
2026-08-12 09:17:00+00:00,0.071696,0.071705,0.07169,0.071701,137953.05498,,
2026-08-12 09:18:00+00:00,0.071701,0.071726,0.07169,0.071725,1171731.85681155,,
2026-08-12 09:19:00+00:00,0.071725,0.071815,0.071712,0.0718,3073309.7300039474,,
2026-08-12 09:20:00+00:00,0.0718,0.07182,0.071724,0.071745,6432938.023591917,,
2026-08-12 09:21:00+00:00,0.071745,0.071754,0.07169,0.071702,2680943.3363512615,,
2026-08-12 09:22:00+00:00,0.071702,0.071715,0.071674,0.071699,9300137.553708823,,
2026-08-12 09:23:00+00:00,0.071699,0.071767,0.071699,0.07176,5267446.52793,,
2026-08-12 09:24:00+00:00,0.07176,0.071876,0.071714,0.071875,2713344.00395,,
2026-08-12 09:25:00+00:00,0.071875,0.072,0.07187,0.071905,7266955.653997986,,
2026-08-12 09:26:00+00:00,0.071905,0.071915,0.07188,0.071898,2999567.163486356,,
2026-08-12 09:27:00+00:00,0.071898,0.071918,0.071892,0.071909,4296850.737222628,,
2026-08-12 09:28:00+00:00,0.071909,0.071926,0.071897,0.071901,6756208.0354,,
2026-08-12 09:29:00+00:00,0.071901,0.071917,0.07189,0.071902,2902897.53922,,
2026-08-12 09:30:00+00:00,0.071902,0.071991,0.071901,0.071947,16720267.28046,,
2026-08-12 09:31:00+00:00,0.071947,0.071975,0.071901,0.07194,4582678.494807946,,
2026-08-12 09:32:00+00:00,0.07194,0.072011,0.07194,0.072011,3424893.13983,,
2026-08-12 09:33:00+00:00,0.072011,0.072011,0.071923,0.07197,1611361.378859701,,
2026-08-12 09:34:00+00:00,0.07197,0.07197,0.07187,0.07187,3496114.407,,
2026-08-12 09:35:00+00:00,0.07187,0.071943,0.07187,0.071943,6489882.65337,,
2026-08-12 09:36:00+00:00,0.071943,0.071964,0.071903,0.071935,4217440.71644,,
2026-08-12 09:37:00+00:00,0.071935,0.071935,0.071892,0.071927,7977657.89657,,
2026-08-12 09:38:00+00:00,0.071927,0.071963,0.071914,0.071935,206173.05077,,
2026-08-12 09:39:00+00:00,0.071935,0.07196,0.071928,0.07193,113280.0753,,
2026-08-12 09:40:00+00:00,0.07193,0.071937,0.071911,0.071926,101867.88605,,
2026-08-12 09:41:00+00:00,0.071926,0.071926,0.071851,0.071854,9449714.756200174,,
2026-08-12 09:42:00+00:00,0.071854,0.071892,0.071845,0.071889,166731.67679797325,,
2026-08-12 09:43:00+00:00,0.071889,0.0719,0.071858,0.071899,131410.43624560197,,
2026-08-12 09:44:00+00:00,0.071899,0.0719,0.071898,0.071898,123276.7722846585,,
2026-08-12 09:45:00+00:00,0.071898,0.071927,0.071898,0.071912,16966587.647392053,,
2026-08-12 09:46:00+00:00,0.071912,0.071939,0.071893,0.071901,7613678.4152,,
2026-08-12 09:47:00+00:00,0.071901,0.071902,0.071897,0.071902,106219.61704,,
2026-08-12 09:48:00+00:00,0.071902,0.071918,0.071898,0.071909,1408512.833455867,,
2026-08-12 09:49:00+00:00,0.071909,0.07191,0.071891,0.071898,1028134.91779,,
2026-08-12 09:50:00+00:00,0.071898,0.071976,0.071892,0.071949,4339172.29182,,
2026-08-12 09:51:00+00:00,0.071949,0.071958,0.071908,0.07191,172746.9127317724,,
2026-08-12 09:52:00+00:00,0.07191,0.071936,0.0719,0.071923,7152031.068859099,,
2026-08-12 09:53:00+00:00,0.071923,0.071969,0.0719,0.071959,289549.58728081064,,
2026-08-12 09:54:00+00:00,0.071959,0.071972,0.071957,0.071972,2387140.18773,,
2026-08-12 09:55:00+00:00,0.071972,0.072008,0.071971,0.071981,7726190.982,,
2026-08-12 09:56:00+00:00,0.071981,0.072008,0.071981,0.071998,4352899.872151176,,
2026-08-12 09:57:00+00:00,0.071998,0.072013,0.071983,0.071994,4575633.73308,,
2026-08-12 09:58:00+00:00,0.071994,0.072008,0.071984,0.072002,2984656.7533831354,,
2026-08-12 09:59:00+00:00,0.072002,0.07201,0.071991,0.072001,3585864.63702,,
2026-08-12 10:00:00+00:00,0.072001,0.072052,0.071987,0.071987,9419943.26552,,
2026-08-12 10:01:00+00:00,0.071987,0.072016,0.071984,0.072001,4618544.208845494,,
2026-08-12 10:02:00+00:00,0.072001,0.072149,0.072001,0.0721,14692286.118433742,,
2026-08-12 10:03:00+00:00,0.0721,0.07211,0.072053,0.072053,3032905.261447869,,
2026-08-12 10:04:00+00:00,0.072053,0.072091,0.07202,0.072026,6282780.82167,,
2026-08-12 10:05:00+00:00,0.072026,0.072033,0.071965,0.071984,8729671.06763,,
2026-08-12 10:06:00+00:00,0.071984,0.072002,0.071972,0.071972,4170741.297423408,,
2026-08-12 10:07:00+00:00,0.071972,0.072005,0.071958,0.07198,1887419.33013,,
2026-08-12 10:08:00+00:00,0.07198,0.072,0.071907,0.07192,9531220.07179,,
2026-08-12 10:09:00+00:00,0.07192,0.071929,0.0719,0.071905,4586770.07280887,,
2026-08-12 10:10:00+00:00,0.071905,0.071909,0.071883,0.071891,7866594.060935956,,
2026-08-12 10:11:00+00:00,0.071891,0.071936,0.071891,0.071936,6020145.36677,,
2026-08-12 10:12:00+00:00,0.071936,0.071975,0.071925,0.071975,160225.59961,,
2026-08-12 10:13:00+00:00,0.071975,0.071991,0.071921,0.071975,365327.96948,,
2026-08-12 10:14:00+00:00,0.071975,0.072,0.071933,0.071951,211661.321821861,,
2026-08-12 10:15:00+00:00,0.071951,0.072001,0.071944,0.071971,9670450.899308302,,
2026-08-12 10:16:00+00:00,0.071971,0.071989,0.07191,0.07191,1369405.96182,,
2026-08-12 10:17:00+00:00,0.07191,0.071918,0.071888,0.071888,2662746.82904,,
2026-08-12 10:18:00+00:00,0.071888,0.071909,0.071883,0.071888,2963133.23792,,
2026-08-12 10:19:00+00:00,0.071888,0.07193,0.071888,0.071929,4544608.81567,,
2026-08-12 10:20:00+00:00,0.071929,0.071997,0.071909,0.071976,1124208.84052,,
2026-08-12 10:21:00+00:00,0.071976,0.072001,0.071912,0.071937,1084441.7773359471,,
2026-08-12 10:22:00+00:00,0.071937,0.071938,0.071892,0.071917,9724826.283144305,,
2026-08-12 10:23:00+00:00,0.071917,0.071917,0.071892,0.071898,81263.9269179455,,
2026-08-12 10:24:00+00:00,0.071898,0.071918,0.071892,0.071899,4299469.38204,,
2026-08-12 10:25:00+00:00,0.071899,0.0719,0.071863,0.071864,8769475.29289,,
2026-08-12 10:26:00+00:00,0.071864,0.071912,0.071864,0.071901,1493293.1734400557,,
2026-08-12 10:27:00+00:00,0.071901,0.071908,0.071873,0.071883,10297466.508010056,,
2026-08-12 10:28:00+00:00,0.071883,0.0719,0.071838,0.071848,3463336.19753552,,
2026-08-12 10:29:00+00:00,0.071848,0.071876,0.071844,0.071855,171411.61732839345,,
2026-08-12 10:30:00+00:00,0.071855,0.071878,0.071837,0.071864,162990.85857,,
2026-08-12 10:31:00+00:00,0.071864,0.071908,0.071863,0.071901,2980335.31356,,
2026-08-12 10:32:00+00:00,0.071901,0.071946,0.071901,0.071928,4510882.868,,
2026-08-12 10:33:00+00:00,0.071928,0.071985,0.071927,0.071978,252478.27814,,
2026-08-12 10:34:00+00:00,0.071978,0.071978,0.071901,0.071901,170491.05158073193,,
2026-08-12 10:35:00+00:00,0.071901,0.071941,0.071892,0.071921,10771298.379209967,,
2026-08-12 10:36:00+00:00,0.071921,0.071927,0.071883,0.071883,3470251.79199,,
2026-08-12 10:37:00+00:00,0.071883,0.071908,0.071865,0.071867,5363216.60967,,
2026-08-12 10:38:00+00:00,0.071867,0.071908,0.071863,0.071891,1583668.8495511697,,
2026-08-12 10:39:00+00:00,0.071891,0.07194,0.07189,0.071939,4513372.220220621,,
2026-08-12 10:40:00+00:00,0.071939,0.07194,0.07191,0.071927,145568.26016,,
2026-08-12 10:41:00+00:00,0.071927,0.071985,0.071927,0.071966,183688.5479878233,,
2026-08-12 10:42:00+00:00,0.071966,0.071978,0.071929,0.071957,84541.2254017724,,
2026-08-12 10:43:00+00:00,0.071957,0.071957,0.0719,0.071901,131344.79771,,
2026-08-12 10:44:00+00:00,0.071901,0.071901,0.0719,0.0719,126068.96876574408,,
2026-08-12 10:45:00+00:00,0.0719,0.071901,0.0719,0.0719,114220.97833,,
2026-08-12 10:46:00+00:00,0.0719,0.071901,0.071884,0.0719,1496785.97626,,
2026-08-12 10:47:00+00:00,0.0719,0.0719,0.071869,0.071875,1973929.7659,,
2026-08-12 10:48:00+00:00,0.071875,0.071908,0.071875,0.071901,92703.60465,,
2026-08-12 10:49:00+00:00,0.071901,0.071901,0.071845,0.071879,8042578.53207,,
2026-08-12 10:50:00+00:00,0.071879,0.071908,0.07187,0.071896,9511115.51511,,
2026-08-12 10:51:00+00:00,0.071896,0.071912,0.071882,0.071912,1550839.2005314464,,
2026-08-12 10:52:00+00:00,0.071912,0.071912,0.07189,0.071899,95578.25133,,
2026-08-12 10:53:00+00:00,0.071899,0.071912,0.071892,0.071901,104203.55414,,
2026-08-12 10:54:00+00:00,0.071901,0.07192,0.071898,0.071902,135238.01754,,
2026-08-12 10:55:00+00:00,0.071902,0.07191,0.071859,0.071881,10492353.44345,,
2026-08-12 10:56:00+00:00,0.071881,0.071905,0.071862,0.071898,1010402.94946,,
2026-08-12 10:57:00+00:00,0.071898,0.071901,0.071863,0.071881,5601262.48336,,
2026-08-12 10:58:00+00:00,0.071881,0.071903,0.071859,0.071883,170630.38448499035,,
2026-08-12 10:59:00+00:00,0.071883,0.071895,0.071867,0.071867,142330.22924,,
2026-08-12 11:00:00+00:00,0.071867,0.071943,0.071867,0.071943,7945382.49313,,
2026-08-12 11:01:00+00:00,0.071943,0.07196,0.071907,0.071958,196043.75794,,
2026-08-12 11:02:00+00:00,0.071958,0.07196,0.071891,0.071901,1027254.41404,,
2026-08-12 11:03:00+00:00,0.071901,0.071906,0.07189,0.071898,1003022.9163128268,,
2026-08-12 11:04:00+00:00,0.071898,0.071898,0.071873,0.071873,6618094.24127,,
2026-08-12 11:05:00+00:00,0.071873,0.071894,0.071869,0.07188,105696.96529,,
2026-08-12 11:06:00+00:00,0.07188,0.071896,0.071862,0.071889,211955.25705,,
2026-08-12 11:07:00+00:00,0.071889,0.071909,0.071864,0.071883,8887548.347649317,,
2026-08-12 11:08:00+00:00,0.071883,0.071966,0.07188,0.071966,10051458.041795677,,
2026-08-12 11:09:00+00:00,0.071966,0.071966,0.0719,0.071915,1525968.1844526895,,
2026-08-12 11:10:00+00:00,0.071915,0.071958,0.071892,0.071921,6916070.026072223,,
2026-08-12 11:11:00+00:00,0.071921,0.071929,0.071919,0.071925,49352.98605,,
2026-08-12 11:12:00+00:00,0.071925,0.071976,0.071919,0.071922,355878.43698268966,,
2026-08-12 11:13:00+00:00,0.071922,0.071922,0.071841,0.071841,7031786.632332984,,
2026-08-12 11:14:00+00:00,0.071841,0.071868,0.071838,0.071839,121428.15377,,
2026-08-12 11:15:00+00:00,0.071839,0.071844,0.071837,0.071837,107453.3775,,
2026-08-12 11:16:00+00:00,0.071837,0.071902,0.071828,0.071839,159974.50519892175,,
2026-08-12 11:17:00+00:00,0.071839,0.071904,0.071824,0.071898,479815.6965905467,,
2026-08-12 11:18:00+00:00,0.071898,0.071902,0.071874,0.071899,4066553.30713,,
2026-08-12 11:19:00+00:00,0.071899,0.0719,0.071899,0.0719,61493.10766,,
2026-08-12 11:20:00+00:00,0.0719,0.072012,0.0719,0.071935,5926299.03076,,
2026-08-12 11:21:00+00:00,0.071935,0.071948,0.071918,0.071939,163136.11339,,
2026-08-12 11:22:00+00:00,0.071939,0.071939,0.0719,0.071917,701263.9736,,
2026-08-12 11:23:00+00:00,0.071917,0.072002,0.071909,0.071999,855120.47496,,
2026-08-12 11:24:00+00:00,0.071999,0.072,0.071999,0.072,144519.51707893529,,
2026-08-12 11:25:00+00:00,0.072,0.072,0.071972,0.071994,3701844.01814,,
2026-08-12 11:26:00+00:00,0.071994,0.072,0.071961,0.071999,247354.03814,,
2026-08-12 11:27:00+00:00,0.071999,0.072008,0.071975,0.071997,6876494.20588,,
2026-08-12 11:28:00+00:00,0.071997,0.072008,0.071964,0.071964,5040798.286822785,,
2026-08-12 11:29:00+00:00,0.071964,0.072008,0.071962,0.071983,2900609.9786,,
2026-08-12 11:30:00+00:00,0.071983,0.072,0.071983,0.071988,2001070.04192,,
2026-08-12 11:31:00+00:00,0.071988,0.072012,0.071983,0.072001,5707356.290066871,,
2026-08-12 11:32:00+00:00,0.072001,0.072008,0.071991,0.072008,14690.27488,,
2026-08-12 11:33:00+00:00,0.072008,0.072019,0.071992,0.072003,2842649.6164,,
2026-08-12 11:34:00+00:00,0.072003,0.072013,0.071971,0.071971,10755655.67801,,
2026-08-12 11:35:00+00:00,0.071971,0.071985,0.071953,0.071972,164811.30614,,
2026-08-12 11:36:00+00:00,0.071972,0.071972,0.071937,0.071941,66962.24664,,
2026-08-12 11:37:00+00:00,0.071941,0.071944,0.07194,0.071942,80091.86966,,
2026-08-12 11:38:00+00:00,0.071942,0.071942,0.071938,0.071941,24911.43125,,
2026-08-12 11:39:00+00:00,0.071941,0.071982,0.07194,0.071964,1289148.21002,,
2026-08-12 11:40:00+00:00,0.071964,0.071974,0.071937,0.071937,503679.06071,,
2026-08-12 11:41:00+00:00,0.071937,0.071967,0.071926,0.071963,169995.98566252476,,
2026-08-12 11:42:00+00:00,0.071963,0.072003,0.07191,0.071944,349492.49998033704,,
2026-08-12 11:43:00+00:00,0.071944,0.071951,0.071898,0.0719,123044.23256794488,,
2026-08-12 11:44:00+00:00,0.0719,0.071929,0.07189,0.071929,4552728.572429015,,
2026-08-12 11:45:00+00:00,0.071929,0.071937,0.07192,0.071923,158800.57291578915,,
2026-08-12 11:46:00+00:00,0.071923,0.071937,0.07192,0.071937,77296.68699504317,,
2026-08-12 11:47:00+00:00,0.071937,0.071939,0.071892,0.071898,1485818.37842,,
2026-08-12 11:48:00+00:00,0.071898,0.071925,0.071898,0.071925,4476324.354144357,,
2026-08-12 11:49:00+00:00,0.071925,0.071938,0.071909,0.071928,96222.39748,,
2026-08-12 11:50:00+00:00,0.071928,0.072,0.071907,0.07197,4931005.84448,,
2026-08-12 11:51:00+00:00,0.07197,0.071983,0.071927,0.071941,1154071.1483629595,,
2026-08-12 11:52:00+00:00,0.071941,0.071944,0.071938,0.07194,89147.04805,,
2026-08-12 11:53:00+00:00,0.07194,0.071945,0.071937,0.071945,101885.4050195616,,
2026-08-12 11:54:00+00:00,0.071945,0.072,0.071937,0.071962,128741.96747541602,,
2026-08-12 11:55:00+00:00,0.071962,0.072,0.071962,0.071975,81577.21138800774,,
2026-08-12 11:56:00+00:00,0.071975,0.072,0.071971,0.071999,131361.00467302726,,
2026-08-12 11:57:00+00:00,0.071999,0.072,0.071983,0.071998,1808256.46537,,
2026-08-12 11:58:00+00:00,0.071998,0.072008,0.071982,0.072008,4917724.24199,,
2026-08-12 11:59:00+00:00,0.072008,0.072008,0.07195,0.07195,5023902.82902,,
2026-08-12 12:00:00+00:00,0.07195,0.072017,0.07195,0.072017,9236416.35768,,
2026-08-12 12:01:00+00:00,0.072017,0.072017,0.071964,0.071999,6560995.39593,,
2026-08-12 12:02:00+00:00,0.071999,0.072001,0.071972,0.07199,3045287.5528109465,,
2026-08-12 12:03:00+00:00,0.07199,0.072008,0.071952,0.07197,6916593.76409,,
2026-08-12 12:04:00+00:00,0.07197,0.072,0.071965,0.071992,3227066.71305,,
2026-08-12 12:05:00+00:00,0.071992,0.072026,0.071992,0.072001,6480191.1005,,
2026-08-12 12:06:00+00:00,0.072001,0.072008,0.071983,0.071988,5152245.96347,,
2026-08-12 12:07:00+00:00,0.071988,0.072008,0.071982,0.071982,9135758.919333838,,
2026-08-12 12:08:00+00:00,0.071982,0.072062,0.071982,0.072038,7396853.47792,,
2026-08-12 12:09:00+00:00,0.072038,0.072053,0.072022,0.072053,100109.1653348406,,
2026-08-12 12:10:00+00:00,0.072053,0.072053,0.071982,0.071998,4267809.99309,,
2026-08-12 12:11:00+00:00,0.071998,0.072008,0.071988,0.072002,2879286.928473838,,
2026-08-12 12:12:00+00:00,0.072002,0.072002,0.07199,0.071991,137905.28691,,
2026-08-12 12:13:00+00:00,0.071991,0.072014,0.07199,0.072001,948552.38284,,
2026-08-12 12:14:00+00:00,0.072001,0.072008,0.07195,0.071971,2627661.21375,,
2026-08-12 12:15:00+00:00,0.071971,0.072007,0.071947,0.071998,4906564.9205,,
2026-08-12 12:16:00+00:00,0.071998,0.07204,0.071998,0.072028,5122324.02227,,
2026-08-12 12:17:00+00:00,0.072028,0.072079,0.072001,0.07204,4766959.372422708,,
2026-08-12 12:18:00+00:00,0.07204,0.072061,0.071997,0.07201,160702.51163169873,,
2026-08-12 12:19:00+00:00,0.07201,0.07201,0.072,0.072,80177.92657196132,,
2026-08-12 12:20:00+00:00,0.072,0.07202,0.071992,0.072016,5723052.86726,,
2026-08-12 12:21:00+00:00,0.072016,0.072026,0.071948,0.071955,12422413.9055,,
2026-08-12 12:22:00+00:00,0.071955,0.071955,0.071888,0.071892,6319215.60344111,,
2026-08-12 12:23:00+00:00,0.071892,0.071899,0.071812,0.071859,39978343.16126525,,
2026-08-12 12:24:00+00:00,0.071859,0.071871,0.071832,0.071869,135340.5229,,
2026-08-12 12:25:00+00:00,0.071869,0.071869,0.071798,0.071798,86398.06295494705,,
2026-08-12 12:26:00+00:00,0.071798,0.071829,0.071798,0.071828,4544359.358948335,,
2026-08-12 12:27:00+00:00,0.071828,0.071876,0.071811,0.071839,130763.41238,,
2026-08-12 12:28:00+00:00,0.071839,0.07205,0.071839,0.07205,34313078.27785,,
2026-08-12 12:29:00+00:00,0.07205,0.07212,0.072034,0.072055,1589978.0162755847,,
2026-08-12 12:30:00+00:00,0.072055,0.072121,0.07173,0.071872,20428867.83609,,
2026-08-12 12:31:00+00:00,0.071872,0.071926,0.071765,0.071906,27352398.324093748,,
2026-08-12 12:32:00+00:00,0.071906,0.07196,0.071885,0.071959,5249713.233456538,,
2026-08-12 12:33:00+00:00,0.071959,0.072051,0.071955,0.072044,26094697.62306,,
2026-08-12 12:34:00+00:00,0.072044,0.072066,0.071967,0.071967,6335508.89593,,
2026-08-12 12:35:00+00:00,0.071967,0.072029,0.071899,0.071901,16479099.14435,,
2026-08-12 12:36:00+00:00,0.071901,0.071998,0.0719,0.071973,11897716.14757,,
2026-08-12 12:37:00+00:00,0.071973,0.072,0.071875,0.071875,11050249.61683,,
2026-08-12 12:38:00+00:00,0.071875,0.071893,0.071792,0.071792,7481905.16687,,
2026-08-12 12:39:00+00:00,0.071792,0.071792,0.071698,0.071721,12116796.25644,,
2026-08-12 12:40:00+00:00,0.071721,0.071761,0.071701,0.071737,4563761.023798469,,
2026-08-12 12:41:00+00:00,0.071737,0.071759,0.071695,0.071699,866189.62706,,
2026-08-12 12:42:00+00:00,0.071699,0.071719,0.071601,0.07162,17610745.1554169,,
2026-08-12 12:43:00+00:00,0.07162,0.071665,0.07149,0.071544,22813635.21734296,,
2026-08-12 12:44:00+00:00,0.071544,0.071605,0.07146,0.071499,15583300.1195,,
2026-08-12 12:45:00+00:00,0.071499,0.071508,0.071455,0.071488,17273001.433716115,,
2026-08-12 12:46:00+00:00,0.071488,0.071508,0.071463,0.071488,7782247.43175368,,
2026-08-12 12:47:00+00:00,0.071488,0.071502,0.071467,0.071495,735036.2828214323,,
2026-08-12 12:48:00+00:00,0.071495,0.071833,0.07139,0.071655,14403089.27292764,,
2026-08-12 12:49:00+00:00,0.071655,0.071655,0.07147,0.07147,2499415.488186521,,
2026-08-12 12:50:00+00:00,0.07147,0.071549,0.07147,0.071532,12517073.53317,,
2026-08-12 12:51:00+00:00,0.071532,0.071532,0.071484,0.071502,5948942.93299,,
2026-08-12 12:52:00+00:00,0.071502,0.071502,0.071499,0.071502,73385.11844733702,,
2026-08-12 12:53:00+00:00,0.071502,0.071584,0.0715,0.071584,13742310.375672664,,
2026-08-12 12:54:00+00:00,0.071584,0.071648,0.071512,0.071602,4665344.60416,,
2026-08-12 12:55:00+00:00,0.071602,0.071648,0.0716,0.07164,5009701.31651,,
2026-08-12 12:56:00+00:00,0.07164,0.071665,0.071615,0.07163,169539.47144982635,,
2026-08-12 12:57:00+00:00,0.07163,0.071651,0.071599,0.071635,2974713.52203,,
2026-08-12 12:58:00+00:00,0.071635,0.071648,0.071598,0.071635,4869018.999214841,,
2026-08-12 12:59:00+00:00,0.071635,0.07164,0.07161,0.071635,89872.52596,,
2026-08-12 13:00:00+00:00,0.071635,0.071656,0.071575,0.0716,10406605.37174,,
2026-08-12 13:01:00+00:00,0.0716,0.071601,0.071566,0.071566,6128509.77274,,
2026-08-12 13:02:00+00:00,0.071566,0.071582,0.071528,0.071528,3734275.03583,,
2026-08-12 13:03:00+00:00,0.071528,0.07158,0.071514,0.071528,1721226.76026,,
2026-08-12 13:04:00+00:00,0.071528,0.071533,0.071455,0.0715,21432257.98797,,
2026-08-12 13:05:00+00:00,0.0715,0.0715,0.071392,0.071403,12630021.4701,,
2026-08-12 13:06:00+00:00,0.071403,0.071426,0.071335,0.071426,17241126.195413332,,
2026-08-12 13:07:00+00:00,0.071426,0.071464,0.07142,0.071463,112278.46412,,
2026-08-12 13:08:00+00:00,0.071463,0.071465,0.071392,0.071429,6267492.21809,,
2026-08-12 13:09:00+00:00,0.071429,0.07149,0.071421,0.071482,250060.24823,,
2026-08-12 13:10:00+00:00,0.071482,0.071527,0.071462,0.071464,10728631.62514,,
2026-08-12 13:11:00+00:00,0.071464,0.071484,0.0714,0.0714,855426.58868,,
2026-08-12 13:12:00+00:00,0.0714,0.071421,0.071388,0.071398,5642609.794,,
2026-08-12 13:13:00+00:00,0.071398,0.071408,0.071315,0.071325,4175007.203439747,,
2026-08-12 13:14:00+00:00,0.071325,0.071384,0.071,0.071298,6458531.26777144,,
2026-08-12 13:15:00+00:00,0.071298,0.07143,0.071298,0.071405,13732442.72133,,
2026-08-12 13:16:00+00:00,0.071405,0.07143,0.071373,0.071398,6526642.652824808,,
2026-08-12 13:17:00+00:00,0.071398,0.071398,0.071323,0.071335,8104313.4667424625,,
2026-08-12 13:18:00+00:00,0.071335,0.071345,0.071328,0.071341,74000.78933,,
2026-08-12 13:19:00+00:00,0.071341,0.071373,0.071292,0.071301,6468683.354157069,,
2026-08-12 13:20:00+00:00,0.071301,0.07134,0.071275,0.071314,20205178.66008,,
2026-08-12 13:21:00+00:00,0.071314,0.071342,0.071226,0.071226,3632477.26925,,
2026-08-12 13:22:00+00:00,0.071226,0.071263,0.071199,0.0712,4978723.473655784,,
2026-08-12 13:23:00+00:00,0.0712,0.071301,0.0712,0.071254,14775249.805580704,,
2026-08-12 13:24:00+00:00,0.071254,0.0713,0.0712,0.0712,1177752.262732627,,
2026-08-12 13:25:00+00:00,0.0712,0.071202,0.071112,0.071164,6531409.672069135,,
2026-08-12 13:26:00+00:00,0.071164,0.071164,0.07088,0.070926,11102820.45292074,,
2026-08-12 13:27:00+00:00,0.070926,0.070964,0.070899,0.070936,9719733.35731,,
2026-08-12 13:28:00+00:00,0.070936,0.070941,0.0709,0.0709,4889123.668,,
2026-08-12 13:29:00+00:00,0.0709,0.070979,0.0709,0.070978,5429417.09158,,
2026-08-12 13:30:00+00:00,0.070978,0.071012,0.070917,0.070939,29730170.74298,,
2026-08-12 13:31:00+00:00,0.070939,0.070977,0.070859,0.070905,26861235.239776023,,
2026-08-12 13:32:00+00:00,0.070905,0.071001,0.070865,0.071001,12905359.55382,,
2026-08-12 13:33:00+00:00,0.071001,0.071001,0.070925,0.070949,1466434.57722,,
2026-08-12 13:34:00+00:00,0.070949,0.070958,0.070784,0.070815,18185138.814099368,,
2026-08-12 13:35:00+00:00,0.070815,0.07087,0.070795,0.070866,8078812.00644,,
2026-08-12 13:36:00+00:00,0.070866,0.0709,0.070801,0.07082,5078396.885316725,,
2026-08-12 13:37:00+00:00,0.07082,0.070883,0.070744,0.070744,8820655.595021175,,
2026-08-12 13:38:00+00:00,0.070744,0.070868,0.070744,0.070844,4908862.639997637,,
2026-08-12 13:39:00+00:00,0.070844,0.070867,0.070801,0.070833,4389223.91756,,
2026-08-12 13:40:00+00:00,0.070833,0.070878,0.070733,0.070745,3774888.3767904593,,
2026-08-12 13:41:00+00:00,0.070745,0.070745,0.0705,0.070659,11353802.708403472,,
2026-08-12 13:42:00+00:00,0.070659,0.070733,0.070628,0.070733,12516162.793305758,,
2026-08-12 13:43:00+00:00,0.070733,0.0708,0.070733,0.070765,5823065.74969,,
2026-08-12 13:44:00+00:00,0.070765,0.07078,0.070661,0.0707,9309631.61848,,
2026-08-12 13:45:00+00:00,0.0707,0.070806,0.0707,0.070785,18210488.1268,,
2026-08-12 13:46:00+00:00,0.070785,0.0708,0.070702,0.070782,11279621.79544,,
2026-08-12 13:47:00+00:00,0.070782,0.070782,0.070715,0.070738,201618.48796,,
2026-08-12 13:48:00+00:00,0.070738,0.070815,0.070707,0.07075,5883291.48973,,
2026-08-12 13:49:00+00:00,0.07075,0.070799,0.07068,0.070688,24161658.08357143,,
2026-08-12 13:50:00+00:00,0.070688,0.0707,0.0706,0.070608,41600614.666252285,,
2026-08-12 13:51:00+00:00,0.070608,0.070693,0.070608,0.070634,3922949.81412,,
2026-08-12 13:52:00+00:00,0.070634,0.070669,0.0706,0.070609,6494266.241679521,,
2026-08-12 13:53:00+00:00,0.070609,0.070665,0.07058,0.070655,9974256.282725023,,
2026-08-12 13:54:00+00:00,0.070655,0.0707,0.070643,0.07068,4907544.10812,,
2026-08-12 13:55:00+00:00,0.07068,0.070693,0.070598,0.070675,6506535.45613,,
2026-08-12 13:56:00+00:00,0.070675,0.070675,0.070575,0.070599,9601904.74759,,
2026-08-12 13:57:00+00:00,0.070599,0.070718,0.070599,0.070701,6463698.6298,,
2026-08-12 13:58:00+00:00,0.070701,0.070703,0.070626,0.070639,6131522.54362,,
2026-08-12 13:59:00+00:00,0.070639,0.070653,0.070549,0.070575,7933748.13721,,
2026-08-12 14:00:00+00:00,0.070575,0.070575,0.070472,0.070501,29294958.598842494,,
2026-08-12 14:01:00+00:00,0.070501,0.070592,0.070474,0.070474,26147882.063256834,,
2026-08-12 14:02:00+00:00,0.070474,0.070512,0.070444,0.070444,28524862.258667823,,
2026-08-12 14:03:00+00:00,0.070444,0.070518,0.070419,0.070482,857541.101630731,,
2026-08-12 14:04:00+00:00,0.070482,0.070499,0.070428,0.07045,28883130.14587,,
2026-08-12 14:05:00+00:00,0.07045,0.07045,0.07028,0.07035,22000145.323041864,,
2026-08-12 14:06:00+00:00,0.07035,0.07036,0.070274,0.070275,25861360.99475,,
2026-08-12 14:07:00+00:00,0.070275,0.070442,0.070275,0.070401,22189636.90951,,
2026-08-12 14:08:00+00:00,0.070401,0.070483,0.07036,0.070479,10701285.87113,,
2026-08-12 14:09:00+00:00,0.070479,0.0705,0.07044,0.070475,15838765.62018,,
2026-08-12 14:10:00+00:00,0.070475,0.0706,0.070453,0.0706,45395710.1847,,
2026-08-12 14:11:00+00:00,0.0706,0.070699,0.070595,0.07064,13232431.258246724,,
2026-08-12 14:12:00+00:00,0.07064,0.0707,0.07064,0.070665,7765851.25676896,,
2026-08-12 14:13:00+00:00,0.070665,0.070684,0.070575,0.070575,3030317.5987259,,
2026-08-12 14:14:00+00:00,0.070575,0.0706,0.070505,0.070525,4585158.374610486,,
2026-08-12 14:15:00+00:00,0.070525,0.070533,0.070498,0.07053,4559587.34801,,
2026-08-12 14:16:00+00:00,0.07053,0.07053,0.070439,0.0705,7115755.127673528,,
2026-08-12 14:17:00+00:00,0.0705,0.0705,0.070463,0.070465,7952772.4844,,
2026-08-12 14:18:00+00:00,0.070465,0.070575,0.070462,0.070575,12993713.35968,,
2026-08-12 14:19:00+00:00,0.070575,0.070575,0.0705,0.0705,4938715.92128,,
2026-08-12 14:20:00+00:00,0.0705,0.070543,0.070405,0.070428,20136710.72555,,
2026-08-12 14:21:00+00:00,0.070428,0.07045,0.070375,0.070402,13586918.07652,,
2026-08-12 14:22:00+00:00,0.070402,0.07046,0.07029,0.070301,10197771.09672,,
2026-08-12 14:23:00+00:00,0.070301,0.070336,0.070298,0.070325,7598338.23362,,
2026-08-12 14:24:00+00:00,0.070325,0.070408,0.070312,0.0704,10381090.253329884,,
2026-08-12 14:25:00+00:00,0.0704,0.0704,0.070333,0.070365,16012670.99302,,
2026-08-12 14:26:00+00:00,0.070365,0.07044,0.070355,0.070431,5059658.51387,,
2026-08-12 14:27:00+00:00,0.070431,0.070431,0.0704,0.070428,7577142.77564,,
2026-08-12 14:28:00+00:00,0.070428,0.070506,0.070417,0.070435,3502894.02705,,
2026-08-12 14:29:00+00:00,0.070435,0.070442,0.070334,0.070345,5018821.558539884,,
2026-08-12 14:30:00+00:00,0.070345,0.070388,0.070315,0.070382,2249263.50436,,
2026-08-12 14:31:00+00:00,0.070382,0.07045,0.070211,0.070449,66395664.46092667,,
2026-08-12 14:32:00+00:00,0.070449,0.070492,0.070404,0.070445,3553998.67496,,
2026-08-12 14:33:00+00:00,0.070445,0.0705,0.070414,0.070455,7684306.75988,,
2026-08-12 14:34:00+00:00,0.070455,0.070455,0.070362,0.070399,24444173.54306,,
2026-08-12 14:35:00+00:00,0.070399,0.070399,0.070281,0.070345,27417868.31874,,
2026-08-12 14:36:00+00:00,0.070345,0.070355,0.070275,0.070291,13112136.59981,,
2026-08-12 14:37:00+00:00,0.070291,0.070326,0.070275,0.070325,14421579.386483168,,
2026-08-12 14:38:00+00:00,0.070325,0.070331,0.070274,0.070274,14523596.60655,,
2026-08-12 14:39:00+00:00,0.070274,0.070301,0.070261,0.070299,8330829.554056672,,
2026-08-12 14:40:00+00:00,0.070299,0.07032,0.070288,0.070303,3855256.86709,,
2026-08-12 14:41:00+00:00,0.070303,0.070337,0.070274,0.070317,16705264.70151,,
2026-08-12 14:42:00+00:00,0.070317,0.070418,0.07031,0.070401,11055623.056744536,,
2026-08-12 14:43:00+00:00,0.070401,0.070453,0.070342,0.070445,12826079.066726103,,
2026-08-12 14:44:00+00:00,0.070445,0.070501,0.070432,0.070499,5442934.58466,,
2026-08-12 14:45:00+00:00,0.070499,0.070528,0.070484,0.070521,8613651.65087,,
2026-08-12 14:46:00+00:00,0.070521,0.0706,0.07052,0.0706,986043.75298,,
2026-08-12 14:47:00+00:00,0.0706,0.070619,0.070515,0.070515,15582021.23648,,
2026-08-12 14:48:00+00:00,0.070515,0.070591,0.070515,0.070573,204827.68293,,
2026-08-12 14:49:00+00:00,0.070573,0.070608,0.07056,0.070608,1577836.65362,,
2026-08-12 14:50:00+00:00,0.070608,0.070608,0.07053,0.07054,7042873.15043,,
2026-08-12 14:51:00+00:00,0.07054,0.070566,0.070482,0.070498,5889751.83062,,
2026-08-12 14:52:00+00:00,0.070498,0.0705,0.070425,0.070498,8388277.37553,,
2026-08-12 14:53:00+00:00,0.070498,0.07051,0.070465,0.070475,8419580.83356,,
2026-08-12 14:54:00+00:00,0.070475,0.070508,0.070412,0.070414,9715262.32505,,
2026-08-12 14:55:00+00:00,0.070414,0.070414,0.070374,0.070401,4552998.85244,,
2026-08-12 14:56:00+00:00,0.070401,0.070455,0.070401,0.070446,16157089.922766836,,
2026-08-12 14:57:00+00:00,0.070446,0.070476,0.070415,0.070476,126813.34466,,
2026-08-12 14:58:00+00:00,0.070476,0.070476,0.070413,0.070425,174300.77025,,
2026-08-12 14:59:00+00:00,0.070425,0.070454,0.0704,0.070426,6731730.55063,,
2026-08-12 15:00:00+00:00,0.070426,0.070449,0.07039,0.070408,14374257.899145745,,
2026-08-12 15:01:00+00:00,0.070408,0.0706,0.070408,0.070582,12157869.655408593,,
2026-08-12 15:02:00+00:00,0.070582,0.070669,0.070582,0.070661,13245176.50823,,
2026-08-12 15:03:00+00:00,0.070661,0.070665,0.070612,0.070619,514578.27328624064,,
2026-08-12 15:04:00+00:00,0.070619,0.070667,0.070619,0.070635,567229.16705,,
2026-08-12 15:05:00+00:00,0.070635,0.070684,0.070599,0.070684,7968556.5299,,
2026-08-12 15:06:00+00:00,0.070684,0.070707,0.070651,0.070702,5164807.85443,,
2026-08-12 15:07:00+00:00,0.070702,0.070735,0.070701,0.070728,5874476.69525,,
2026-08-12 15:08:00+00:00,0.070728,0.070728,0.070673,0.070688,12669197.74689,,
2026-08-12 15:09:00+00:00,0.070688,0.070712,0.070684,0.070712,2974546.595734775,,
2026-08-12 15:10:00+00:00,0.070712,0.070737,0.07069,0.070705,7599953.384705224,,
2026-08-12 15:11:00+00:00,0.070705,0.070792,0.070705,0.070783,3483046.3652,,
2026-08-12 15:12:00+00:00,0.070783,0.070794,0.07075,0.070761,815556.52981,,
2026-08-12 15:13:00+00:00,0.070761,0.070791,0.07073,0.070741,1068774.9860791564,,
2026-08-12 15:14:00+00:00,0.070741,0.07079,0.070738,0.070765,234817.16339,,
2026-08-12 15:15:00+00:00,0.070765,0.070799,0.070745,0.070799,4632810.420478625,,
2026-08-12 15:16:00+00:00,0.070799,0.070894,0.070792,0.070855,5334047.12305,,
2026-08-12 15:17:00+00:00,0.070855,0.070918,0.070855,0.070918,1859863.25915,,
2026-08-12 15:18:00+00:00,0.070918,0.07093,0.0709,0.0709,4103028.63837,,
2026-08-12 15:19:00+00:00,0.0709,0.070912,0.070835,0.070906,8023084.80165,,
2026-08-12 15:20:00+00:00,0.070906,0.070906,0.070826,0.070826,3919556.72622,,
2026-08-12 15:21:00+00:00,0.070826,0.070837,0.070799,0.070807,1807278.978510188,,
2026-08-12 15:22:00+00:00,0.070807,0.070848,0.070802,0.070848,3973544.73446,,
2026-08-12 15:23:00+00:00,0.070848,0.070878,0.070811,0.070846,5664745.15517,,
2026-08-12 15:24:00+00:00,0.070846,0.070892,0.070827,0.070871,6754861.42821,,
2026-08-12 15:25:00+00:00,0.070871,0.070889,0.070774,0.070774,4525744.06582,,
2026-08-12 15:26:00+00:00,0.070774,0.0708,0.070716,0.070716,6448929.21498,,
2026-08-12 15:27:00+00:00,0.070716,0.070835,0.070716,0.070779,8963366.244295578,,
2026-08-12 15:28:00+00:00,0.070779,0.070829,0.070763,0.070826,4572566.67403,,
2026-08-12 15:29:00+00:00,0.070826,0.070842,0.070795,0.070842,4570750.28103,,
2026-08-12 15:30:00+00:00,0.070842,0.070867,0.070802,0.070855,4598623.51515,,
2026-08-12 15:31:00+00:00,0.070855,0.070855,0.070794,0.070809,5120553.02851,,
2026-08-12 15:32:00+00:00,0.070809,0.070809,0.070762,0.070762,10084992.30597,,
2026-08-12 15:33:00+00:00,0.070762,0.0708,0.070729,0.07074,3672151.06348,,
2026-08-12 15:34:00+00:00,0.07074,0.070826,0.070724,0.070825,7812186.704800999,,
2026-08-12 15:35:00+00:00,0.070825,0.070875,0.070821,0.070845,359803.25725,,
2026-08-12 15:36:00+00:00,0.070845,0.0709,0.070821,0.070892,6691001.820579604,,
2026-08-12 15:37:00+00:00,0.070892,0.070892,0.070849,0.070877,153230.9471919362,,
2026-08-12 15:38:00+00:00,0.070877,0.0709,0.070862,0.070883,1820635.19711,,
2026-08-12 15:39:00+00:00,0.070883,0.0709,0.070821,0.070821,4382107.789017608,,
2026-08-12 15:40:00+00:00,0.070821,0.070845,0.07078,0.07079,3245978.948877096,,
2026-08-12 15:41:00+00:00,0.07079,0.07081,0.07079,0.070805,171445.9742,,
2026-08-12 15:42:00+00:00,0.070805,0.070845,0.07079,0.070817,7485867.76076,,
2026-08-12 15:43:00+00:00,0.070817,0.0709,0.070802,0.070898,8150674.458124451,,
2026-08-12 15:44:00+00:00,0.070898,0.070908,0.070831,0.070832,1864042.24911,,
2026-08-12 15:45:00+00:00,0.070832,0.070851,0.070815,0.070819,1851677.99837,,
2026-08-12 15:46:00+00:00,0.070819,0.070851,0.070809,0.070809,180589.08338,,
2026-08-12 15:47:00+00:00,0.070809,0.070825,0.07079,0.070798,1563782.3464774468,,
2026-08-12 15:48:00+00:00,0.070798,0.070808,0.070774,0.070798,4511504.75985,,
2026-08-12 15:49:00+00:00,0.070798,0.070841,0.070784,0.070831,32474224.45062,,
2026-08-12 15:50:00+00:00,0.070831,0.07084,0.0708,0.07084,5317862.76107,,
2026-08-12 15:51:00+00:00,0.07084,0.07084,0.070775,0.070775,10717916.86467,,
2026-08-12 15:52:00+00:00,0.070775,0.070788,0.070763,0.070774,142898.09176,,
2026-08-12 15:53:00+00:00,0.070774,0.070808,0.070763,0.070787,8392139.94066,,
2026-08-12 15:54:00+00:00,0.070787,0.070808,0.070759,0.070784,1561072.55343,,
2026-08-12 15:55:00+00:00,0.070784,0.070831,0.070783,0.07082,9142483.98551,,
2026-08-12 15:56:00+00:00,0.07082,0.07082,0.070798,0.070798,88588.08646,,
2026-08-12 15:57:00+00:00,0.070798,0.070847,0.070798,0.070801,5386060.22895,,
2026-08-12 15:58:00+00:00,0.070801,0.07081,0.070771,0.070774,10140147.84435,,
2026-08-12 15:59:00+00:00,0.070774,0.070808,0.070771,0.070801,2686088.01572,,
2026-08-12 16:00:00+00:00,0.070801,0.070837,0.070782,0.070837,11793831.61743,,
2026-08-12 16:01:00+00:00,0.070837,0.070847,0.070801,0.07084,14846879.11391,,
2026-08-12 16:02:00+00:00,0.07084,0.070847,0.070782,0.070798,4407854.1786,,
2026-08-12 16:03:00+00:00,0.070798,0.070798,0.0707,0.0707,3097885.8002749006,,
2026-08-12 16:04:00+00:00,0.0707,0.070801,0.070699,0.070801,4910930.52284,,
2026-08-12 16:05:00+00:00,0.070801,0.070825,0.070777,0.070812,9726214.1066,,
2026-08-12 16:06:00+00:00,0.070812,0.070847,0.070802,0.07083,4587478.21801,,
2026-08-12 16:07:00+00:00,0.07083,0.070847,0.070817,0.07082,193106.04913,,
2026-08-12 16:08:00+00:00,0.07082,0.070847,0.070798,0.070846,4244481.80523,,
2026-08-12 16:09:00+00:00,0.070846,0.070846,0.070819,0.07084,98025.88319,,
2026-08-12 16:10:00+00:00,0.07084,0.07084,0.070792,0.070815,1023992.15579,,
2026-08-12 16:11:00+00:00,0.070815,0.070818,0.070774,0.070812,13011043.8639,,
2026-08-12 16:12:00+00:00,0.070812,0.07084,0.0708,0.070825,2352698.243,,
2026-08-12 16:13:00+00:00,0.070825,0.070878,0.070822,0.070878,971201.8909,,
2026-08-12 16:14:00+00:00,0.070878,0.070901,0.070878,0.070901,120408.56846,,
2026-08-12 16:15:00+00:00,0.070901,0.070937,0.070874,0.070908,16131739.43214,,
2026-08-12 16:16:00+00:00,0.070908,0.07093,0.070884,0.070884,5258845.27512,,
2026-08-12 16:17:00+00:00,0.070884,0.070918,0.070863,0.070917,2994603.45518,,
2026-08-12 16:18:00+00:00,0.070917,0.070937,0.070902,0.070935,7827037.71009,,
2026-08-12 16:19:00+00:00,0.070935,0.070937,0.070853,0.070861,7098758.066393528,,
2026-08-12 16:20:00+00:00,0.070861,0.070888,0.070798,0.070798,379545.62558,,
2026-08-12 16:21:00+00:00,0.070798,0.07086,0.070797,0.070839,1589199.31424,,
2026-08-12 16:22:00+00:00,0.070839,0.070853,0.0708,0.070835,7117512.210434926,,
2026-08-12 16:23:00+00:00,0.070835,0.070846,0.070799,0.0708,6610221.81073,,
2026-08-12 16:24:00+00:00,0.0708,0.070848,0.0708,0.070848,6781972.553949455,,
2026-08-12 16:25:00+00:00,0.070848,0.070858,0.070799,0.070844,144616.4102660822,,
2026-08-12 16:26:00+00:00,0.070844,0.070891,0.070844,0.070891,126717.05507,,
2026-08-12 16:27:00+00:00,0.070891,0.070892,0.070847,0.070872,615127.74211,,
2026-08-12 16:28:00+00:00,0.070872,0.070889,0.070837,0.070882,116824.35930095737,,
2026-08-12 16:29:00+00:00,0.070882,0.0709,0.070863,0.070877,7820270.6964,,
2026-08-12 16:30:00+00:00,0.070877,0.070894,0.070817,0.070892,257406.11964,,
2026-08-12 16:31:00+00:00,0.070892,0.070892,0.070815,0.070818,272166.5052,,
2026-08-12 16:32:00+00:00,0.070818,0.070905,0.070818,0.070901,2702448.63269,,
2026-08-12 16:33:00+00:00,0.070901,0.070939,0.070892,0.070939,5314517.20059,,
2026-08-12 16:34:00+00:00,0.070939,0.070945,0.070855,0.070861,2678960.84447,,
2026-08-12 16:35:00+00:00,0.070861,0.070908,0.070858,0.070888,2938832.15669,,
2026-08-12 16:36:00+00:00,0.070888,0.0709,0.070862,0.070872,2284897.39207,,
2026-08-12 16:37:00+00:00,0.070872,0.0709,0.070869,0.0709,124814.774,,
2026-08-12 16:38:00+00:00,0.0709,0.0709,0.070863,0.070873,5324330.17248,,
2026-08-12 16:39:00+00:00,0.070873,0.0709,0.070873,0.0709,79198.53078961813,,
2026-08-12 16:40:00+00:00,0.0709,0.0709,0.070848,0.070875,234225.76553,,
2026-08-12 16:41:00+00:00,0.070875,0.070877,0.070832,0.070874,2146720.74912,,
2026-08-12 16:42:00+00:00,0.070874,0.0709,0.07085,0.070899,137939.46839,,
2026-08-12 16:43:00+00:00,0.070899,0.0709,0.070872,0.070872,7221384.32606,,
2026-08-12 16:44:00+00:00,0.070872,0.070877,0.070828,0.070841,1686473.77007,,
2026-08-12 16:45:00+00:00,0.070841,0.070841,0.070795,0.070812,4198569.01274,,
2026-08-12 16:46:00+00:00,0.070812,0.070851,0.070795,0.070795,6443517.57639,,
2026-08-12 16:47:00+00:00,0.070795,0.070812,0.070774,0.070779,12857757.22216,,
2026-08-12 16:48:00+00:00,0.070779,0.070779,0.070741,0.070743,199168.10173341783,,
2026-08-12 16:49:00+00:00,0.070743,0.070761,0.070712,0.070735,169848.60195,,
2026-08-12 16:50:00+00:00,0.070735,0.070801,0.070733,0.070799,98520.54669,,
2026-08-12 16:51:00+00:00,0.070799,0.070817,0.070799,0.070817,1473872.17995,,
2026-08-12 16:52:00+00:00,0.070817,0.070817,0.070763,0.070783,10877173.12209,,
2026-08-12 16:53:00+00:00,0.070783,0.070802,0.070783,0.070792,3019559.17716,,
2026-08-12 16:54:00+00:00,0.070792,0.0708,0.070764,0.070799,4970150.20576,,
2026-08-12 16:55:00+00:00,0.070799,0.070817,0.070796,0.070799,1553191.87771,,
2026-08-12 16:56:00+00:00,0.070799,0.070834,0.070799,0.0708,4864169.9032,,
2026-08-12 16:57:00+00:00,0.0708,0.070801,0.0708,0.0708,113859.97615,,
2026-08-12 16:58:00+00:00,0.0708,0.070829,0.0708,0.070819,8284041.23791,,
2026-08-12 16:59:00+00:00,0.070819,0.070837,0.070819,0.07083,71596.45358,,
2026-08-12 17:00:00+00:00,0.07083,0.070847,0.070807,0.070837,71231.30015,,
2026-08-12 17:01:00+00:00,0.070837,0.070837,0.070783,0.070788,4922203.428274702,,
2026-08-12 17:02:00+00:00,0.070788,0.070827,0.07078,0.070827,5374029.203182296,,
2026-08-12 17:03:00+00:00,0.070827,0.070835,0.070792,0.070798,6604702.16899776,,
2026-08-12 17:04:00+00:00,0.070798,0.070818,0.070798,0.070808,5836835.75028,,
2026-08-12 17:05:00+00:00,0.070808,0.070819,0.0708,0.070801,4382488.8725,,
2026-08-12 17:06:00+00:00,0.070801,0.070838,0.0708,0.070837,1514843.70946,,
2026-08-12 17:07:00+00:00,0.070837,0.070846,0.070814,0.070826,103873.94298,,
2026-08-12 17:08:00+00:00,0.070826,0.070826,0.070799,0.070808,2976402.69105,,
2026-08-12 17:09:00+00:00,0.070808,0.070808,0.070799,0.070799,139782.17059,,
2026-08-12 17:10:00+00:00,0.070799,0.0708,0.070751,0.07078,7332628.95474,,
2026-08-12 17:11:00+00:00,0.07078,0.070806,0.07078,0.070798,1501834.8467124645,,
2026-08-12 17:12:00+00:00,0.070798,0.07081,0.070788,0.070788,2324870.956518676,,
2026-08-12 17:13:00+00:00,0.070788,0.070808,0.070775,0.07079,4715825.50645,,
2026-08-12 17:14:00+00:00,0.07079,0.0708,0.070772,0.070788,1814502.3037,,
2026-08-12 17:15:00+00:00,0.070788,0.070808,0.070754,0.070754,13310055.65506,,
2026-08-12 17:16:00+00:00,0.070754,0.070754,0.0707,0.0707,4954731.018974451,,
2026-08-12 17:17:00+00:00,0.0707,0.070801,0.0707,0.070788,7375442.97066,,
2026-08-12 17:18:00+00:00,0.070788,0.070808,0.070768,0.070768,7701340.867,,
2026-08-12 17:19:00+00:00,0.070768,0.070774,0.070727,0.070727,129247.90211,,
2026-08-12 17:20:00+00:00,0.070727,0.070727,0.070645,0.070674,5084165.792911643,,
2026-08-12 17:21:00+00:00,0.070674,0.070674,0.070623,0.070645,1668630.044789548,,
2026-08-12 17:22:00+00:00,0.070645,0.070658,0.070598,0.070612,5598790.231299401,,
2026-08-12 17:23:00+00:00,0.070612,0.0707,0.070592,0.070675,12765651.96212,,
2026-08-12 17:24:00+00:00,0.070675,0.070688,0.070653,0.070663,150195.38469,,
2026-08-12 17:25:00+00:00,0.070663,0.070683,0.070624,0.070626,872540.9417475436,,
2026-08-12 17:26:00+00:00,0.070626,0.070676,0.070598,0.070665,4591336.72387,,
2026-08-12 17:27:00+00:00,0.070665,0.07067,0.070601,0.070626,4868586.096501807,,
2026-08-12 17:28:00+00:00,0.070626,0.070666,0.070618,0.070659,142771.75944,,
2026-08-12 17:29:00+00:00,0.070659,0.070677,0.070659,0.070677,111921.52179,,
2026-08-12 17:30:00+00:00,0.070677,0.070677,0.070618,0.070618,1910502.27585,,
2026-08-12 17:31:00+00:00,0.070618,0.070652,0.070592,0.070641,4726722.336861443,,
2026-08-12 17:32:00+00:00,0.070641,0.070717,0.070617,0.070702,1850820.87295,,
2026-08-12 17:33:00+00:00,0.070702,0.070715,0.070682,0.070684,1823569.7741574033,,
2026-08-12 17:34:00+00:00,0.070684,0.070717,0.070684,0.070702,1550958.20236,,
2026-08-12 17:35:00+00:00,0.070702,0.070764,0.070702,0.070762,6213077.62123,,
2026-08-12 17:36:00+00:00,0.070762,0.07081,0.070762,0.070801,129542.42172,,
2026-08-12 17:37:00+00:00,0.070801,0.070817,0.070788,0.070817,1549668.62563,,
2026-08-12 17:38:00+00:00,0.070817,0.070817,0.070788,0.0708,2415966.33603,,
2026-08-12 17:39:00+00:00,0.0708,0.070801,0.070745,0.070772,11032465.39181,,
2026-08-12 17:40:00+00:00,0.070772,0.070777,0.070751,0.070755,128669.87011,,
2026-08-12 17:41:00+00:00,0.070755,0.070792,0.070755,0.070778,140208.61891,,
2026-08-12 17:42:00+00:00,0.070778,0.070782,0.070747,0.070753,207256.12032,,
2026-08-12 17:43:00+00:00,0.070753,0.070777,0.070739,0.07076,308991.13162,,
2026-08-12 17:44:00+00:00,0.07076,0.070784,0.070743,0.070747,185808.17025,,
2026-08-12 17:45:00+00:00,0.070747,0.070789,0.07073,0.07073,164792.45597,,
2026-08-12 17:46:00+00:00,0.07073,0.070794,0.07073,0.070772,135590.00176,,
2026-08-12 17:47:00+00:00,0.070772,0.070794,0.070761,0.070763,177618.73128,,
2026-08-12 17:48:00+00:00,0.070763,0.0708,0.070763,0.070774,1014953.55895,,
2026-08-12 17:49:00+00:00,0.070774,0.0708,0.070774,0.070798,133154.93229180755,,
2026-08-12 17:50:00+00:00,0.070798,0.07083,0.070798,0.07083,6829333.71201,,
2026-08-12 17:51:00+00:00,0.07083,0.070837,0.070791,0.070821,12150155.76531,,
2026-08-12 17:52:00+00:00,0.070821,0.070841,0.070802,0.070802,118584.6881,,
2026-08-12 17:53:00+00:00,0.070802,0.070809,0.070774,0.070788,8325875.28646,,
2026-08-12 17:54:00+00:00,0.070788,0.070808,0.070763,0.070764,1613583.8916,,
2026-08-12 17:55:00+00:00,0.070764,0.070783,0.070762,0.07078,336735.28235,,
2026-08-12 17:56:00+00:00,0.07078,0.0708,0.070763,0.0708,132508.44227,,
2026-08-12 17:57:00+00:00,0.0708,0.0708,0.070799,0.0708,146537.76526,,
2026-08-12 17:58:00+00:00,0.0708,0.0708,0.070799,0.070799,109226.73972,,
2026-08-12 17:59:00+00:00,0.070799,0.0708,0.070761,0.070763,8293296.41027,,
2026-08-12 18:00:00+00:00,0.070763,0.070808,0.070762,0.070798,7555472.60586,,
2026-08-12 18:01:00+00:00,0.070798,0.070808,0.070761,0.070765,10034951.05951,,
2026-08-12 18:02:00+00:00,0.070765,0.070784,0.070685,0.070685,147475.4971,,
2026-08-12 18:03:00+00:00,0.070685,0.070761,0.070685,0.070743,8459723.74019,,
2026-08-12 18:04:00+00:00,0.070743,0.070765,0.070722,0.07076,91033.38249,,
2026-08-12 18:05:00+00:00,0.07076,0.0708,0.070734,0.070792,2022153.73628,,
2026-08-12 18:06:00+00:00,0.070792,0.070792,0.070763,0.070765,96001.18058,,
2026-08-12 18:07:00+00:00,0.070765,0.070781,0.07075,0.070758,173072.83803816876,,
2026-08-12 18:08:00+00:00,0.070758,0.070782,0.070758,0.070782,90156.64987,,
2026-08-12 18:09:00+00:00,0.070782,0.070782,0.070747,0.070747,195568.07018,,
2026-08-12 18:10:00+00:00,0.070747,0.070756,0.070709,0.07073,5133531.6434,,
2026-08-12 18:11:00+00:00,0.07073,0.0708,0.07073,0.070799,1798442.72985,,
2026-08-12 18:12:00+00:00,0.070799,0.070812,0.070792,0.070799,1631461.5770463797,,
2026-08-12 18:13:00+00:00,0.070799,0.070801,0.070796,0.070798,56705.1031,,
2026-08-12 18:14:00+00:00,0.070798,0.070798,0.070774,0.070774,7747850.47013,,
2026-08-12 18:15:00+00:00,0.070774,0.070782,0.070752,0.070773,152382.75612,,
2026-08-12 18:16:00+00:00,0.070773,0.070801,0.070773,0.070801,124178.6342,,
2026-08-12 18:17:00+00:00,0.070801,0.070801,0.070733,0.070733,14121172.65228,,
2026-08-12 18:18:00+00:00,0.070733,0.070769,0.070733,0.070768,137435.40753,,
2026-08-12 18:19:00+00:00,0.070768,0.07077,0.070738,0.070742,91300.84173,,
2026-08-12 18:20:00+00:00,0.070742,0.070787,0.0707,0.070701,2594629.4933863073,,
2026-08-12 18:21:00+00:00,0.070701,0.070726,0.070698,0.070702,9287538.35338,,
2026-08-12 18:22:00+00:00,0.070702,0.070717,0.070692,0.0707,1447106.81466,,
2026-08-12 18:23:00+00:00,0.0707,0.07071,0.070675,0.070698,11046830.936721684,,
2026-08-12 18:24:00+00:00,0.070698,0.07071,0.070676,0.0707,2115813.86665,,
2026-08-12 18:25:00+00:00,0.0707,0.07071,0.070672,0.070699,8054369.48016,,
2026-08-12 18:26:00+00:00,0.070699,0.070701,0.070699,0.070699,133528.61246,,
2026-08-12 18:27:00+00:00,0.070699,0.070702,0.070699,0.070702,46654.62873,,
2026-08-12 18:28:00+00:00,0.070702,0.07071,0.07069,0.070701,121758.92897,,
2026-08-12 18:29:00+00:00,0.070701,0.070771,0.070698,0.070745,3388491.20794,,
2026-08-12 18:30:00+00:00,0.070745,0.070808,0.070711,0.070808,1284151.40071,,
2026-08-12 18:31:00+00:00,0.070808,0.070808,0.07075,0.070772,3841854.30941,,
2026-08-12 18:32:00+00:00,0.070772,0.0708,0.070751,0.070788,1562715.01732,,
2026-08-12 18:33:00+00:00,0.070788,0.070804,0.07077,0.070779,16296921.13269,,
2026-08-12 18:34:00+00:00,0.070779,0.070804,0.070756,0.070762,1578544.63934,,
2026-08-12 18:35:00+00:00,0.070762,0.070801,0.070758,0.070774,166585.0539409909,,
2026-08-12 18:36:00+00:00,0.070774,0.070791,0.070747,0.070756,311839.58773,,
2026-08-12 18:37:00+00:00,0.070756,0.0708,0.070747,0.070799,161758.37451,,
2026-08-12 18:38:00+00:00,0.070799,0.0708,0.070758,0.070762,8699946.03136,,
2026-08-12 18:39:00+00:00,0.070762,0.07078,0.070734,0.070741,285272.12678,,
2026-08-12 18:40:00+00:00,0.070741,0.070767,0.07072,0.070737,1340697.68745,,
2026-08-12 18:41:00+00:00,0.070737,0.070758,0.070708,0.070721,138496.4665339693,,
2026-08-12 18:42:00+00:00,0.070721,0.070775,0.070721,0.070755,1081155.21908,,
2026-08-12 18:43:00+00:00,0.070755,0.070767,0.070692,0.070708,1524967.06191,,
2026-08-12 18:44:00+00:00,0.070708,0.070762,0.070708,0.070731,139571.5987,,
2026-08-12 18:45:00+00:00,0.070731,0.070756,0.070709,0.070749,109260.69795,,
2026-08-12 18:46:00+00:00,0.070749,0.07076,0.070717,0.070745,192205.50066,,
2026-08-12 18:47:00+00:00,0.070745,0.070746,0.070692,0.070702,2946779.89227,,
2026-08-12 18:48:00+00:00,0.070702,0.070717,0.0707,0.070711,2980542.47439,,
2026-08-12 18:49:00+00:00,0.070711,0.070719,0.07069,0.07069,5499537.56558,,
2026-08-12 18:50:00+00:00,0.07069,0.070712,0.07069,0.070705,158038.82929,,
2026-08-12 18:51:00+00:00,0.070705,0.070705,0.070662,0.070662,7469701.33164,,
2026-08-12 18:52:00+00:00,0.070662,0.070691,0.070654,0.070676,318796.16849,,
2026-08-12 18:53:00+00:00,0.070676,0.070676,0.070605,0.070634,130787.22587,,
2026-08-12 18:54:00+00:00,0.070634,0.070657,0.070603,0.07063,138077.23323,,
2026-08-12 18:55:00+00:00,0.07063,0.07065,0.070605,0.070635,146827.82592,,
2026-08-12 18:56:00+00:00,0.070635,0.070646,0.070614,0.070641,136965.74623,,
2026-08-12 18:57:00+00:00,0.070641,0.07066,0.070606,0.070628,227780.13406,,
2026-08-12 18:58:00+00:00,0.070628,0.070657,0.070615,0.070647,139859.95346,,
2026-08-12 18:59:00+00:00,0.070647,0.070661,0.07061,0.07063,169666.13421,,
2026-08-12 19:00:00+00:00,0.07063,0.070647,0.070612,0.070645,166916.74253775965,,
2026-08-12 19:01:00+00:00,0.070645,0.07066,0.07063,0.070638,190316.93075,,
2026-08-12 19:02:00+00:00,0.070638,0.070638,0.07059,0.070601,200123.51059,,
2026-08-12 19:03:00+00:00,0.070601,0.070636,0.070601,0.070614,4074583.09955,,
2026-08-12 19:04:00+00:00,0.070614,0.070647,0.070601,0.070647,4997596.47557,,
2026-08-12 19:05:00+00:00,0.070647,0.070647,0.0706,0.070601,189302.40845,,
2026-08-12 19:06:00+00:00,0.070601,0.070637,0.070592,0.070622,144666.95502,,
2026-08-12 19:07:00+00:00,0.070622,0.070629,0.070601,0.070627,3273306.47768,,
2026-08-12 19:08:00+00:00,0.070627,0.070639,0.070611,0.070637,140256.33353,,
2026-08-12 19:09:00+00:00,0.070637,0.070637,0.070609,0.070625,64597.90123,,
2026-08-12 19:10:00+00:00,0.070625,0.070671,0.07062,0.070671,1524887.4085671762,,
2026-08-12 19:11:00+00:00,0.070671,0.070671,0.070623,0.070655,116963.11196,,
2026-08-12 19:12:00+00:00,0.070655,0.070676,0.07063,0.070648,134834.4430402738,,
2026-08-12 19:13:00+00:00,0.070648,0.070652,0.070622,0.07064,107518.90199,,
2026-08-12 19:14:00+00:00,0.07064,0.07064,0.070575,0.0706,10124996.69017,,
2026-08-12 19:15:00+00:00,0.0706,0.0706,0.07048,0.070541,9674388.588638129,,
2026-08-12 19:16:00+00:00,0.070541,0.070608,0.070516,0.070589,1055100.98403,,
2026-08-12 19:17:00+00:00,0.070589,0.070641,0.070589,0.07062,2952122.39408,,
2026-08-12 19:18:00+00:00,0.07062,0.070678,0.07062,0.070645,131180.7333,,
2026-08-12 19:19:00+00:00,0.070645,0.070645,0.0706,0.0706,136629.1853,,
2026-08-12 19:20:00+00:00,0.0706,0.070612,0.070553,0.070581,6640784.43066,,
2026-08-12 19:21:00+00:00,0.070581,0.07059,0.070557,0.070561,128947.42330961813,,
2026-08-12 19:22:00+00:00,0.070561,0.070608,0.070561,0.070595,1498636.84347,,
2026-08-12 19:23:00+00:00,0.070595,0.070608,0.070526,0.070526,14557425.29643,,
2026-08-12 19:24:00+00:00,0.070526,0.070545,0.070475,0.070475,7109839.97845,,
2026-08-12 19:25:00+00:00,0.070475,0.070508,0.070455,0.070471,16571539.36213,,
2026-08-12 19:26:00+00:00,0.070471,0.070545,0.070471,0.070542,1755744.0368,,
2026-08-12 19:27:00+00:00,0.070542,0.070601,0.070542,0.070588,4301098.204691884,,
2026-08-12 19:28:00+00:00,0.070588,0.0706,0.070563,0.070598,1015159.63824,,
2026-08-12 19:29:00+00:00,0.070598,0.070602,0.07059,0.070591,200122.12632,,
2026-08-12 19:30:00+00:00,0.070591,0.070601,0.070528,0.070528,7442251.9069,,
2026-08-12 19:31:00+00:00,0.070528,0.070608,0.070527,0.070584,1529665.91319,,
2026-08-12 19:32:00+00:00,0.070584,0.070608,0.070572,0.070572,3030620.48176,,
2026-08-12 19:33:00+00:00,0.070572,0.070581,0.070547,0.070578,415225.6355,,
2026-08-12 19:34:00+00:00,0.070578,0.0706,0.070572,0.0706,106650.96068,,
2026-08-12 19:35:00+00:00,0.0706,0.0706,0.070547,0.070559,6754520.17821,,
2026-08-12 19:36:00+00:00,0.070559,0.070587,0.070551,0.07058,155819.52134,,
2026-08-12 19:37:00+00:00,0.07058,0.07059,0.070565,0.070582,111540.4185,,
2026-08-12 19:38:00+00:00,0.070582,0.070589,0.070529,0.070529,1066876.84449,,
2026-08-12 19:39:00+00:00,0.070529,0.070543,0.070529,0.070541,79835.22575,,
2026-08-12 19:40:00+00:00,0.070541,0.0706,0.070539,0.070539,4679159.363,,
2026-08-12 19:41:00+00:00,0.070539,0.070541,0.070492,0.070492,10213405.95127,,
2026-08-12 19:42:00+00:00,0.070492,0.07051,0.07049,0.07051,936393.06393,,
2026-08-12 19:43:00+00:00,0.07051,0.07053,0.070498,0.070508,4583823.35889,,
2026-08-12 19:44:00+00:00,0.070508,0.07053,0.070495,0.070498,1583819.17435,,
2026-08-12 19:45:00+00:00,0.070498,0.070515,0.070488,0.070491,1534996.41938,,
2026-08-12 19:46:00+00:00,0.070491,0.070501,0.070461,0.070481,3630800.48278,,
2026-08-12 19:47:00+00:00,0.070481,0.07053,0.070463,0.07052,4527849.37008,,
2026-08-12 19:48:00+00:00,0.07052,0.070545,0.070513,0.070531,111992.44108,,
2026-08-12 19:49:00+00:00,0.070531,0.070531,0.070492,0.070501,135161.72244,,
2026-08-12 19:50:00+00:00,0.070501,0.070512,0.070463,0.070484,10768255.55933,,
2026-08-12 19:51:00+00:00,0.070484,0.070508,0.070471,0.070488,3356067.81042,,
2026-08-12 19:52:00+00:00,0.070488,0.070508,0.070482,0.070483,8104429.0879,,
2026-08-12 19:53:00+00:00,0.070483,0.070508,0.070483,0.070484,5018891.75482,,
2026-08-12 19:54:00+00:00,0.070484,0.070508,0.070484,0.070502,119611.93517,,
2026-08-12 19:55:00+00:00,0.070502,0.070508,0.070481,0.07049,5520169.56899,,
2026-08-12 19:56:00+00:00,0.07049,0.07053,0.070488,0.070509,10348570.3244,,
2026-08-12 19:57:00+00:00,0.070509,0.070545,0.070501,0.070545,8658129.58817,,
2026-08-12 19:58:00+00:00,0.070545,0.07056,0.070529,0.070557,66861.41847,,
2026-08-12 19:59:00+00:00,0.070557,0.070565,0.070518,0.07056,201796.84255,,
2026-08-12 20:00:00+00:00,0.07056,0.0706,0.07055,0.070575,1902333.6381565933,,
2026-08-12 20:01:00+00:00,0.070575,0.070661,0.070569,0.07065,2164827.9241444585,,
2026-08-12 20:02:00+00:00,0.07065,0.070665,0.070617,0.070626,125068.17016,,
2026-08-12 20:03:00+00:00,0.070626,0.070636,0.070592,0.070607,6228036.23799,,
2026-08-12 20:04:00+00:00,0.070607,0.070661,0.070601,0.070624,5401790.42531,,
2026-08-12 20:05:00+00:00,0.070624,0.070661,0.070615,0.070615,150385.77866,,
2026-08-12 20:06:00+00:00,0.070615,0.070617,0.070592,0.070612,2997345.18592,,
2026-08-12 20:07:00+00:00,0.070612,0.070624,0.070592,0.0706,5969918.3716,,
2026-08-12 20:08:00+00:00,0.0706,0.070601,0.070599,0.0706,101495.77968,,
2026-08-12 20:09:00+00:00,0.0706,0.0706,0.070541,0.070572,7905359.48559,,
2026-08-12 20:10:00+00:00,0.070572,0.070591,0.07055,0.070553,315627.53883,,
2026-08-12 20:11:00+00:00,0.070553,0.0706,0.070553,0.070563,7821636.97951,,
2026-08-12 20:12:00+00:00,0.070563,0.0706,0.070517,0.070521,360719.08700144273,,
2026-08-12 20:13:00+00:00,0.070521,0.070558,0.070515,0.070558,123854.19607475249,,
2026-08-12 20:14:00+00:00,0.070558,0.070559,0.070524,0.070524,97131.03428,,
2026-08-12 20:15:00+00:00,0.070524,0.070556,0.0705,0.070502,1843320.9560663071,,
2026-08-12 20:16:00+00:00,0.070502,0.070502,0.070482,0.0705,2969314.99552,,
2026-08-12 20:17:00+00:00,0.0705,0.070518,0.070492,0.070503,2933692.3257,,
2026-08-12 20:18:00+00:00,0.070503,0.070503,0.07049,0.070499,121229.78265,,
2026-08-12 20:19:00+00:00,0.070499,0.0705,0.070461,0.07049,18897702.67033036,,
2026-08-12 20:20:00+00:00,0.07049,0.0705,0.070471,0.070499,156293.01659,,
2026-08-12 20:21:00+00:00,0.070499,0.0705,0.07046,0.070464,13667242.91481,,
2026-08-12 20:22:00+00:00,0.070464,0.0705,0.070374,0.0704,11275635.635058548,,
2026-08-12 20:23:00+00:00,0.0704,0.07043,0.070393,0.070413,3212823.43089,,
2026-08-12 20:24:00+00:00,0.070413,0.070457,0.070413,0.070457,156139.61883,,
2026-08-12 20:25:00+00:00,0.070457,0.070467,0.070455,0.070457,131151.77377,,
2026-08-12 20:26:00+00:00,0.070457,0.070469,0.070457,0.070467,62231.95087,,
2026-08-12 20:27:00+00:00,0.070467,0.070476,0.070417,0.070461,379685.29259,,
2026-08-12 20:28:00+00:00,0.070461,0.0705,0.070454,0.0705,225525.4788,,
2026-08-12 20:29:00+00:00,0.0705,0.070502,0.070499,0.070499,62620.76782,,
2026-08-12 20:30:00+00:00,0.070499,0.070539,0.070492,0.070522,4775423.6820119675,,
2026-08-12 20:31:00+00:00,0.070522,0.070548,0.0705,0.070501,121725.35552,,
2026-08-12 20:32:00+00:00,0.070501,0.070556,0.0705,0.070556,3510904.16793,,
2026-08-12 20:33:00+00:00,0.070556,0.0706,0.070556,0.070583,1825584.60455,,
2026-08-12 20:34:00+00:00,0.070583,0.070601,0.070561,0.070561,10365803.271,,
2026-08-12 20:35:00+00:00,0.070561,0.07061,0.070561,0.070598,472294.39066,,
2026-08-12 20:36:00+00:00,0.070598,0.070602,0.07059,0.070599,164223.889,,
2026-08-12 20:37:00+00:00,0.070599,0.070637,0.070599,0.070608,7194651.117007176,,
2026-08-12 20:38:00+00:00,0.070608,0.070617,0.070592,0.070612,2341395.78598,,
2026-08-12 20:39:00+00:00,0.070612,0.07064,0.070592,0.070629,5998257.18009,,
2026-08-12 20:40:00+00:00,0.070629,0.070636,0.070592,0.070608,4128552.99892,,
2026-08-12 20:41:00+00:00,0.070608,0.070659,0.070592,0.070657,6149609.75214,,
2026-08-12 20:42:00+00:00,0.070657,0.070657,0.070629,0.070654,133096.7944,,
2026-08-12 20:43:00+00:00,0.070654,0.07069,0.070653,0.070663,2679506.01133,,
2026-08-12 20:44:00+00:00,0.070663,0.070686,0.07065,0.070652,166326.41704,,
2026-08-12 20:45:00+00:00,0.070652,0.070676,0.070607,0.070654,717396.60926,,
2026-08-12 20:46:00+00:00,0.070654,0.070661,0.070618,0.070627,197556.74231,,
2026-08-12 20:47:00+00:00,0.070627,0.070627,0.0706,0.070605,139368.42801,,
2026-08-12 20:48:00+00:00,0.070605,0.07064,0.0706,0.070623,2161488.16472,,
2026-08-12 20:49:00+00:00,0.070623,0.070628,0.0706,0.070601,448078.39242,,
2026-08-12 20:50:00+00:00,0.070601,0.07064,0.070601,0.070621,4817790.8787,,
2026-08-12 20:51:00+00:00,0.070621,0.070637,0.070616,0.070637,93450.8052,,
2026-08-12 20:52:00+00:00,0.070637,0.070637,0.0706,0.070601,121081.14194,,
2026-08-12 20:53:00+00:00,0.070601,0.07061,0.070594,0.070601,6812674.53302,,
2026-08-12 20:54:00+00:00,0.070601,0.070601,0.070558,0.070571,12011191.45094,,
2026-08-12 20:55:00+00:00,0.070571,0.070578,0.070553,0.070573,157903.30417,,
2026-08-12 20:56:00+00:00,0.070573,0.070573,0.070528,0.070532,401006.57646,,
2026-08-12 20:57:00+00:00,0.070532,0.070577,0.070528,0.070572,217633.7721,,
2026-08-12 20:58:00+00:00,0.070572,0.070608,0.070548,0.070585,207302.7869,,
2026-08-12 20:59:00+00:00,0.070585,0.0706,0.070573,0.0706,113274.13527,,
2026-08-12 21:00:00+00:00,0.0706,0.07065,0.070599,0.070619,6656189.380595227,,
2026-08-12 21:01:00+00:00,0.070619,0.070664,0.070612,0.070636,156554.25721,,
2026-08-12 21:02:00+00:00,0.070636,0.070636,0.070574,0.0706,8073890.210127987,,
2026-08-12 21:03:00+00:00,0.0706,0.0706,0.070552,0.070572,6880106.534151136,,
2026-08-12 21:04:00+00:00,0.070572,0.070572,0.070527,0.070532,475710.32717,,
2026-08-12 21:05:00+00:00,0.070532,0.070549,0.070492,0.070501,3274311.08523,,
2026-08-12 21:06:00+00:00,0.070501,0.070507,0.07047,0.070472,7034055.1354,,
2026-08-12 21:07:00+00:00,0.070472,0.070508,0.070467,0.070493,1601942.0354635678,,
2026-08-12 21:08:00+00:00,0.070493,0.070495,0.070463,0.070472,6941904.78545,,
2026-08-12 21:09:00+00:00,0.070472,0.070493,0.070461,0.070472,118107.38422534,,
2026-08-12 21:10:00+00:00,0.070472,0.07051,0.070472,0.0705,1536998.58064,,
2026-08-12 21:11:00+00:00,0.0705,0.070512,0.070495,0.070499,186258.991,,
2026-08-12 21:12:00+00:00,0.070499,0.070522,0.070495,0.070522,1571378.76535,,
2026-08-12 21:13:00+00:00,0.070522,0.0706,0.070522,0.070599,8079324.06926,,
2026-08-12 21:14:00+00:00,0.070599,0.0706,0.070528,0.070528,11348304.14607,,
2026-08-12 21:15:00+00:00,0.070528,0.070568,0.070519,0.07054,2437978.22195,,
2026-08-12 21:16:00+00:00,0.07054,0.070552,0.070502,0.070521,4565352.011785226,,
2026-08-12 21:17:00+00:00,0.070521,0.070539,0.070497,0.070534,7873168.59462,,
2026-08-12 21:18:00+00:00,0.070534,0.070534,0.0705,0.070501,142637.24305,,
2026-08-12 21:19:00+00:00,0.070501,0.070501,0.0705,0.070501,94619.89857,,
2026-08-12 21:20:00+00:00,0.070501,0.070501,0.0705,0.0705,104530.87461,,
2026-08-12 21:21:00+00:00,0.0705,0.070501,0.0705,0.0705,97407.8284,,
2026-08-12 21:22:00+00:00,0.0705,0.070501,0.07047,0.070472,17818871.87537,,
2026-08-12 21:23:00+00:00,0.070472,0.070493,0.070464,0.070465,168824.15457,,
2026-08-12 21:24:00+00:00,0.070465,0.070488,0.07028,0.070349,6152719.7489891,,
2026-08-12 21:25:00+00:00,0.070349,0.070358,0.070298,0.070309,1588400.19402,,
2026-08-12 21:26:00+00:00,0.070309,0.070309,0.069495,0.069812,23337631.168035533,,
2026-08-12 21:27:00+00:00,0.069812,0.069878,0.069738,0.069805,52320235.391892046,,
2026-08-12 21:28:00+00:00,0.069805,0.069827,0.069725,0.069813,17031337.61582,,
2026-08-12 21:29:00+00:00,0.069813,0.069831,0.069788,0.069788,7155850.89078,,
2026-08-12 21:30:00+00:00,0.069788,0.069788,0.069498,0.069505,13758612.753940756,,
2026-08-12 21:31:00+00:00,0.069505,0.069657,0.069502,0.069647,25576546.00758,,
2026-08-12 21:32:00+00:00,0.069647,0.069708,0.069645,0.069645,12270930.38902,,
2026-08-12 21:33:00+00:00,0.069645,0.069676,0.069608,0.069675,907293.7978607232,,
2026-08-12 21:34:00+00:00,0.069675,0.069675,0.069537,0.069542,6474865.665489648,,
2026-08-12 21:35:00+00:00,0.069542,0.069566,0.069447,0.069447,5154061.8162,,
2026-08-12 21:36:00+00:00,0.069447,0.069602,0.06938,0.069498,19385416.87118912,,
2026-08-12 21:37:00+00:00,0.069498,0.069591,0.069498,0.069542,2822752.0037,,
2026-08-12 21:38:00+00:00,0.069542,0.069625,0.069505,0.069625,11463768.79293,,
2026-08-12 21:39:00+00:00,0.069625,0.069687,0.069601,0.069655,7963092.65429,,
2026-08-12 21:40:00+00:00,0.069655,0.069765,0.069625,0.069755,18764303.20237,,
2026-08-12 21:41:00+00:00,0.069755,0.069807,0.069745,0.069799,5279313.677554356,,
2026-08-12 21:42:00+00:00,0.069799,0.0698,0.069763,0.069789,6802671.9796,,
2026-08-12 21:43:00+00:00,0.069789,0.0698,0.069702,0.06975,13865059.85436,,
2026-08-12 21:44:00+00:00,0.06975,0.069772,0.069724,0.06973,809080.31471,,
2026-08-12 21:45:00+00:00,0.06973,0.069761,0.069701,0.069707,6302259.05728,,
2026-08-12 21:46:00+00:00,0.069707,0.069718,0.069674,0.069684,11329917.480772233,,
2026-08-12 21:47:00+00:00,0.069684,0.069718,0.069684,0.069688,7030819.977307768,,
2026-08-12 21:48:00+00:00,0.069688,0.069718,0.069675,0.069675,15426494.16512,,
2026-08-12 21:49:00+00:00,0.069675,0.069702,0.069671,0.069671,14317588.76383,,
2026-08-12 21:50:00+00:00,0.069671,0.06969,0.069654,0.06968,112987.28307,,
2026-08-12 21:51:00+00:00,0.06968,0.069705,0.069673,0.069683,11632853.09646,,
2026-08-12 21:52:00+00:00,0.069683,0.069745,0.069662,0.069712,19304645.67444,,
2026-08-12 21:53:00+00:00,0.069712,0.069776,0.0697,0.069703,12768998.9114,,
2026-08-12 21:54:00+00:00,0.069703,0.069759,0.069701,0.069725,7747971.82976,,
2026-08-12 21:55:00+00:00,0.069725,0.069741,0.069692,0.069716,6803969.33799,,
2026-08-12 21:56:00+00:00,0.069716,0.069716,0.069602,0.069625,18207313.01505,,
2026-08-12 21:57:00+00:00,0.069625,0.069625,0.069582,0.069619,2987953.94238,,
2026-08-12 21:58:00+00:00,0.069619,0.069619,0.069496,0.069496,11206561.010588828,,
2026-08-12 21:59:00+00:00,0.069496,0.069532,0.069118,0.069325,56329804.15617901,,
2026-08-12 22:00:00+00:00,0.069325,0.069377,0.069259,0.069259,16781956.90904822,,
2026-08-12 22:01:00+00:00,0.069259,0.0693,0.068845,0.069144,65875017.19177166,,
2026-08-12 22:02:00+00:00,0.069144,0.069149,0.068997,0.069071,25341951.37276,,
2026-08-12 22:03:00+00:00,0.069071,0.069106,0.069054,0.069099,31189956.2949,,
2026-08-12 22:04:00+00:00,0.069099,0.0691,0.068884,0.068922,23717551.17486,,
2026-08-12 22:05:00+00:00,0.068922,0.068977,0.068878,0.068942,5921025.4089518795,,
2026-08-12 22:06:00+00:00,0.068942,0.069208,0.068942,0.069188,15325764.35734,,
2026-08-12 22:07:00+00:00,0.069188,0.069217,0.069137,0.069182,10569617.85767,,
2026-08-12 22:08:00+00:00,0.069182,0.069299,0.069181,0.069283,5464234.31019,,
2026-08-12 22:09:00+00:00,0.069283,0.069308,0.06924,0.069284,2625906.9318,,
2026-08-12 22:10:00+00:00,0.069284,0.069298,0.069191,0.069205,9110974.536536444,,
2026-08-12 22:11:00+00:00,0.069205,0.069254,0.069201,0.069202,5141199.91136,,
2026-08-12 22:12:00+00:00,0.069202,0.0693,0.069192,0.069282,6813261.571527742,,
2026-08-12 22:13:00+00:00,0.069282,0.069301,0.069174,0.069174,18286820.22254,,
2026-08-12 22:14:00+00:00,0.069174,0.069199,0.069144,0.069173,6073751.63151,,
2026-08-12 22:15:00+00:00,0.069173,0.069217,0.069173,0.069188,3805337.29914,,
2026-08-12 22:16:00+00:00,0.069188,0.069188,0.069116,0.069116,3529414.97146,,
2026-08-12 22:17:00+00:00,0.069116,0.069212,0.069116,0.069205,2700062.60915,,
2026-08-12 22:18:00+00:00,0.069205,0.069291,0.069201,0.06927,18269970.20503,,
2026-08-12 22:19:00+00:00,0.06927,0.069299,0.069228,0.069255,9558745.67765,,
2026-08-12 22:20:00+00:00,0.069255,0.069275,0.069201,0.069275,1401654.64897,,
2026-08-12 22:21:00+00:00,0.069275,0.069288,0.069201,0.069261,5774143.83743,,
2026-08-12 22:22:00+00:00,0.069261,0.069289,0.069231,0.069243,500402.87906995375,,
2026-08-12 22:23:00+00:00,0.069243,0.069317,0.069241,0.069314,2366283.61985,,
2026-08-12 22:24:00+00:00,0.069314,0.069371,0.069293,0.069369,9835906.76605,,
2026-08-12 22:25:00+00:00,0.069369,0.069395,0.06934,0.069352,561088.13357,,
2026-08-12 22:26:00+00:00,0.069352,0.06939,0.069329,0.069355,405509.50753,,
2026-08-12 22:27:00+00:00,0.069355,0.069399,0.069325,0.069397,1946574.53328,,
2026-08-12 22:28:00+00:00,0.069397,0.069426,0.069392,0.069425,10067255.38226,,
2026-08-12 22:29:00+00:00,0.069425,0.069425,0.0694,0.0694,4534974.61489,,
2026-08-12 22:30:00+00:00,0.0694,0.0694,0.069333,0.069333,9168922.5694,,
2026-08-12 22:31:00+00:00,0.069333,0.069369,0.069325,0.069345,2957047.31795,,
2026-08-12 22:32:00+00:00,0.069345,0.069361,0.069324,0.069328,159089.71543409783,,
2026-08-12 22:33:00+00:00,0.069328,0.069328,0.06924,0.069271,70028014.3769,,
2026-08-12 22:34:00+00:00,0.069271,0.069318,0.069271,0.069303,6735097.9682718795,,
2026-08-12 22:35:00+00:00,0.069303,0.06934,0.069298,0.069298,4601127.46,,
2026-08-12 22:36:00+00:00,0.069298,0.069338,0.069298,0.06931,7559197.57356,,
2026-08-12 22:37:00+00:00,0.06931,0.069364,0.069301,0.069337,76717593.63184,,
2026-08-12 22:38:00+00:00,0.069337,0.069337,0.069301,0.069312,8824968.17212,,
2026-08-12 22:39:00+00:00,0.069312,0.06934,0.069301,0.069304,5500659.62517,,
2026-08-12 22:40:00+00:00,0.069304,0.069346,0.069301,0.069322,9432423.888649551,,
2026-08-12 22:41:00+00:00,0.069322,0.069322,0.069241,0.069241,15058364.87045,,
2026-08-12 22:42:00+00:00,0.069241,0.069315,0.069241,0.06928,13653590.04482,,
2026-08-12 22:43:00+00:00,0.06928,0.069326,0.06928,0.069298,13605099.74596,,
2026-08-12 22:44:00+00:00,0.069298,0.069357,0.069298,0.06931,12225506.25527,,
2026-08-12 22:45:00+00:00,0.06931,0.06936,0.069308,0.069338,273106.14327,,
2026-08-12 22:46:00+00:00,0.069338,0.069351,0.069312,0.069321,162054.02518,,
2026-08-12 22:47:00+00:00,0.069321,0.069321,0.069298,0.069298,3292400.67077,,
2026-08-12 22:48:00+00:00,0.069298,0.069366,0.06929,0.069365,10574501.350033185,,
2026-08-12 22:49:00+00:00,0.069365,0.069399,0.06934,0.069342,9643465.55678,,
2026-08-12 22:50:00+00:00,0.069342,0.069342,0.0693,0.069315,11225237.51368,,
2026-08-12 22:51:00+00:00,0.069315,0.06937,0.069315,0.069324,168571.49545,,
2026-08-12 22:52:00+00:00,0.069324,0.069391,0.069324,0.06936,252300.33778,,
2026-08-12 22:53:00+00:00,0.06936,0.069388,0.069355,0.069386,122305.7461,,
2026-08-12 22:54:00+00:00,0.069386,0.0694,0.069344,0.069365,6610764.74104,,
2026-08-12 22:55:00+00:00,0.069365,0.069399,0.069365,0.069384,10793026.66617,,
2026-08-12 22:56:00+00:00,0.069384,0.069399,0.069368,0.069389,10408030.53927,,
2026-08-12 22:57:00+00:00,0.069389,0.069419,0.069389,0.0694,5297758.01292,,
2026-08-12 22:58:00+00:00,0.0694,0.069426,0.0694,0.069423,6698807.51392,,
2026-08-12 22:59:00+00:00,0.069423,0.069434,0.069398,0.069405,7050370.90087,,
2026-08-12 23:00:00+00:00,0.069405,0.069405,0.069384,0.069398,3331916.15611,,
2026-08-12 23:01:00+00:00,0.069398,0.069449,0.069398,0.069449,6026037.14949,,
2026-08-12 23:02:00+00:00,0.069449,0.06947,0.0694,0.0694,233207.78767478577,,
2026-08-12 23:03:00+00:00,0.0694,0.069434,0.0694,0.069425,7199704.6102,,
2026-08-12 23:04:00+00:00,0.069425,0.069446,0.069405,0.069423,437705.24904,,
2026-08-12 23:05:00+00:00,0.069423,0.069431,0.069401,0.069429,7353782.39707,,
2026-08-12 23:06:00+00:00,0.069429,0.069434,0.069339,0.069339,7536473.00413,,
2026-08-12 23:07:00+00:00,0.069339,0.069395,0.069334,0.069364,552974.05114,,
2026-08-12 23:08:00+00:00,0.069364,0.069399,0.069308,0.06939,8108715.77332,,
2026-08-12 23:09:00+00:00,0.06939,0.0694,0.069371,0.069399,3018145.08331,,
2026-08-12 23:10:00+00:00,0.069399,0.0694,0.069353,0.069365,8474607.71636,,
2026-08-12 23:11:00+00:00,0.069365,0.069425,0.069362,0.069398,8451016.31485,,
2026-08-12 23:12:00+00:00,0.069398,0.069408,0.069353,0.069364,15277111.83593,,
2026-08-12 23:13:00+00:00,0.069364,0.069401,0.069362,0.069399,4462340.51397,,
2026-08-12 23:14:00+00:00,0.069399,0.069421,0.069388,0.069421,8018597.44121,,
2026-08-12 23:15:00+00:00,0.069421,0.069482,0.069421,0.069455,1133802.59368,,
2026-08-12 23:16:00+00:00,0.069455,0.069476,0.06943,0.06943,64716.80395,,
2026-08-12 23:17:00+00:00,0.06943,0.069437,0.069427,0.069434,78199.48972,,
2026-08-12 23:18:00+00:00,0.069434,0.069435,0.0694,0.069425,11363708.55811,,
2026-08-12 23:19:00+00:00,0.069425,0.069458,0.069418,0.069438,175170.61201,,
2026-08-12 23:20:00+00:00,0.069438,0.069467,0.069408,0.06946,176412.42067,,
2026-08-12 23:21:00+00:00,0.06946,0.069467,0.069404,0.069436,206988.87797,,
2026-08-12 23:22:00+00:00,0.069436,0.069447,0.069413,0.069447,161740.24663,,
2026-08-12 23:23:00+00:00,0.069447,0.069461,0.069388,0.069388,1874953.12143,,
2026-08-12 23:24:00+00:00,0.069388,0.069402,0.069361,0.069363,13319257.09111,,
2026-08-12 23:25:00+00:00,0.069363,0.069426,0.069363,0.069425,14736044.7156,,
2026-08-12 23:26:00+00:00,0.069425,0.069469,0.06941,0.06941,162547.86966,,
2026-08-12 23:27:00+00:00,0.06941,0.069451,0.069374,0.069415,13925243.20059,,
2026-08-12 23:28:00+00:00,0.069415,0.06945,0.069401,0.069427,9706532.86633,,
2026-08-12 23:29:00+00:00,0.069427,0.069476,0.069413,0.069476,1042705.30063,,
2026-08-12 23:30:00+00:00,0.069476,0.0695,0.069474,0.069498,7307125.51967,,
2026-08-12 23:31:00+00:00,0.069498,0.069524,0.069484,0.069502,8723601.46468,,
2026-08-12 23:32:00+00:00,0.069502,0.069526,0.06949,0.06949,5939320.65892,,
2026-08-12 23:33:00+00:00,0.06949,0.069526,0.06949,0.069517,6264402.62022,,
2026-08-12 23:34:00+00:00,0.069517,0.069517,0.06949,0.069502,1606265.4554214843,,
2026-08-12 23:35:00+00:00,0.069502,0.069558,0.069502,0.069528,7441105.463698515,,
2026-08-12 23:36:00+00:00,0.069528,0.069538,0.069501,0.069521,1528462.69491,,
2026-08-12 23:37:00+00:00,0.069521,0.069537,0.069503,0.069537,110600.99521,,
2026-08-12 23:38:00+00:00,0.069537,0.069568,0.069517,0.069567,147259.46898,,
2026-08-12 23:39:00+00:00,0.069567,0.069586,0.069549,0.069585,1770526.05006,,
2026-08-12 23:40:00+00:00,0.069585,0.069601,0.069582,0.069588,7642379.57987,,
2026-08-12 23:41:00+00:00,0.069588,0.069598,0.069555,0.069563,6943922.41704,,
2026-08-12 23:42:00+00:00,0.069563,0.069591,0.069538,0.069575,199713.61364,,
2026-08-12 23:43:00+00:00,0.069575,0.069578,0.069537,0.069538,112646.7477,,
2026-08-12 23:44:00+00:00,0.069538,0.069545,0.069538,0.069539,94764.75146,,
2026-08-12 23:45:00+00:00,0.069539,0.069543,0.069539,0.069541,59118.58267,,
2026-08-12 23:46:00+00:00,0.069541,0.069608,0.069541,0.069601,3548607.08425,,
2026-08-12 23:47:00+00:00,0.069601,0.069609,0.06959,0.069595,966951.95454,,
2026-08-12 23:48:00+00:00,0.069595,0.069602,0.069588,0.069588,1643713.81695,,
2026-08-12 23:49:00+00:00,0.069588,0.069605,0.069574,0.069589,10180390.34216,,
2026-08-12 23:50:00+00:00,0.069589,0.069608,0.069583,0.069598,5650192.95534,,
2026-08-12 23:51:00+00:00,0.069598,0.069635,0.069592,0.069625,15052990.07244,,
2026-08-12 23:52:00+00:00,0.069625,0.069637,0.069601,0.069615,3054677.30716,,
2026-08-12 23:53:00+00:00,0.069615,0.069619,0.069591,0.06961,2146692.307977241,,
2026-08-12 23:54:00+00:00,0.06961,0.069648,0.069601,0.069647,5832634.71566,,
2026-08-12 23:55:00+00:00,0.069647,0.069647,0.069601,0.069627,11821810.26094,,
2026-08-12 23:56:00+00:00,0.069627,0.06964,0.069611,0.069625,93722.57243,,
2026-08-12 23:57:00+00:00,0.069625,0.069636,0.069608,0.069628,121983.74817,,
2026-08-12 23:58:00+00:00,0.069628,0.069688,0.069618,0.069673,2837539.73817,,
2026-08-12 23:59:00+00:00,0.069673,0.069689,0.069639,0.069651,1699292.79538,,
2026-08-13 00:00:00+00:00,0.069651,0.069668,0.06958,0.069668,7301869.475714786,,
2026-08-13 00:01:00+00:00,0.069668,0.069682,0.069637,0.06964,178312.65403,,
2026-08-13 00:02:00+00:00,0.06964,0.069699,0.06964,0.069664,4729504.69059,,
2026-08-13 00:03:00+00:00,0.069664,0.069699,0.069664,0.069681,5377672.17245,,
2026-08-13 00:04:00+00:00,0.069681,0.069699,0.069673,0.069673,14250440.47933,,
2026-08-13 00:05:00+00:00,0.069673,0.069739,0.069672,0.069715,13130898.486595022,,
2026-08-13 00:06:00+00:00,0.069715,0.069739,0.069702,0.069725,3989567.19427,,
2026-08-13 00:07:00+00:00,0.069725,0.069756,0.069725,0.069738,1254025.21678,,
2026-08-13 00:08:00+00:00,0.069738,0.069767,0.06973,0.069767,135442.1188,,
2026-08-13 00:09:00+00:00,0.069767,0.069802,0.069761,0.069772,4599787.68597,,
2026-08-13 00:10:00+00:00,0.069772,0.069779,0.069724,0.069724,108836.94366,,
2026-08-13 00:11:00+00:00,0.069724,0.069737,0.069691,0.069701,1887617.4695,,
2026-08-13 00:12:00+00:00,0.069701,0.069748,0.069692,0.069711,10375209.33062,,
2026-08-13 00:13:00+00:00,0.069711,0.069778,0.069701,0.069776,8735920.30739,,
2026-08-13 00:14:00+00:00,0.069776,0.069801,0.069768,0.069801,1832084.75381,,
2026-08-13 00:15:00+00:00,0.069801,0.069841,0.069792,0.069841,5795279.17,,
2026-08-13 00:16:00+00:00,0.069841,0.069943,0.069835,0.06992,9813927.47933,,
2026-08-13 00:17:00+00:00,0.06992,0.06992,0.069847,0.069847,6911065.54186,,
2026-08-13 00:18:00+00:00,0.069847,0.069882,0.06984,0.069873,452178.3392,,
2026-08-13 00:19:00+00:00,0.069873,0.069882,0.069836,0.069882,118468.29919,,
2026-08-13 00:20:00+00:00,0.069882,0.069882,0.069838,0.069838,169342.84675,,
2026-08-13 00:21:00+00:00,0.069838,0.06987,0.069798,0.0698,550166.84544,,
2026-08-13 00:22:00+00:00,0.0698,0.069849,0.0698,0.069813,8903869.23266,,
2026-08-13 00:23:00+00:00,0.069813,0.069825,0.069801,0.069825,10162896.37768,,
2026-08-13 00:24:00+00:00,0.069825,0.069838,0.069801,0.069808,2938721.36267,,
2026-08-13 00:25:00+00:00,0.069808,0.069848,0.069802,0.069835,4548108.45435,,
2026-08-13 00:26:00+00:00,0.069835,0.069838,0.0698,0.0698,86420.71563,,
2026-08-13 00:27:00+00:00,0.0698,0.06985,0.0698,0.069829,5251877.57003,,
2026-08-13 00:28:00+00:00,0.069829,0.069882,0.069827,0.069882,120039.82708070868,,
2026-08-13 00:29:00+00:00,0.069882,0.069901,0.069873,0.069901,148168.36316,,
2026-08-13 00:30:00+00:00,0.069901,0.069908,0.069874,0.069881,470500.23382,,
2026-08-13 00:31:00+00:00,0.069881,0.069892,0.06983,0.069831,190305.25252,,
2026-08-13 00:32:00+00:00,0.069831,0.069882,0.069831,0.069838,134447.84103,,
2026-08-13 00:33:00+00:00,0.069838,0.069844,0.069837,0.069842,138084.72587,,
2026-08-13 00:34:00+00:00,0.069842,0.069888,0.069831,0.069831,118131.43933,,
2026-08-13 00:35:00+00:00,0.069831,0.069883,0.069831,0.069881,146970.19073,,
2026-08-13 00:36:00+00:00,0.069881,0.069882,0.069857,0.069857,119488.57599,,
2026-08-13 00:37:00+00:00,0.069857,0.069888,0.069846,0.069869,109671.34105,,
2026-08-13 00:38:00+00:00,0.069869,0.069882,0.069862,0.069862,133933.16771,,
2026-08-13 00:39:00+00:00,0.069862,0.0699,0.069857,0.069862,198564.5160978875,,
2026-08-13 00:40:00+00:00,0.069862,0.069887,0.069824,0.069855,15303488.85157,,
2026-08-13 00:41:00+00:00,0.069855,0.069895,0.069826,0.06988,7205681.28785,,
2026-08-13 00:42:00+00:00,0.06988,0.069892,0.06983,0.069841,472539.11114,,
2026-08-13 00:43:00+00:00,0.069841,0.069899,0.069824,0.069896,6054562.46987,,
2026-08-13 00:44:00+00:00,0.069896,0.069899,0.069821,0.069821,1946177.71411,,
2026-08-13 00:45:00+00:00,0.069821,0.069831,0.069801,0.069817,4992071.9159,,
2026-08-13 00:46:00+00:00,0.069817,0.069912,0.069801,0.069912,9104300.51944,,
2026-08-13 00:47:00+00:00,0.069912,0.069935,0.069901,0.069917,7736408.35976,,
2026-08-13 00:48:00+00:00,0.069917,0.069982,0.069901,0.069967,8156925.57645,,
2026-08-13 00:49:00+00:00,0.069967,0.069976,0.06993,0.069961,133769.47906,,
2026-08-13 00:50:00+00:00,0.069961,0.069966,0.069914,0.069947,2398490.11573,,
2026-08-13 00:51:00+00:00,0.069947,0.06996,0.069915,0.06996,121638.20167,,
2026-08-13 00:52:00+00:00,0.06996,0.06996,0.069901,0.069927,1568168.60925,,
2026-08-13 00:53:00+00:00,0.069927,0.069929,0.069921,0.069921,18452.6448,,
2026-08-13 00:54:00+00:00,0.069921,0.069927,0.069921,0.069925,102190.13109,,
2026-08-13 00:55:00+00:00,0.069925,0.069926,0.069901,0.069917,6120272.36186,,
2026-08-13 00:56:00+00:00,0.069917,0.069921,0.069901,0.069907,4089740.17175,,
2026-08-13 00:57:00+00:00,0.069907,0.069919,0.0699,0.069902,2457784.34885,,
2026-08-13 00:58:00+00:00,0.069902,0.069902,0.069878,0.069878,3829073.15728,,
2026-08-13 00:59:00+00:00,0.069878,0.069893,0.069841,0.069841,294590.35013,,
2026-08-13 01:00:00+00:00,0.069841,0.069863,0.069782,0.069798,4832442.599357887,,
2026-08-13 01:01:00+00:00,0.069798,0.069821,0.06979,0.069821,3101594.01736,,
2026-08-13 01:02:00+00:00,0.069821,0.069876,0.069807,0.069848,1708485.10078,,
2026-08-13 01:03:00+00:00,0.069848,0.069859,0.069818,0.06983,273907.8339,,
2026-08-13 01:04:00+00:00,0.06983,0.069908,0.069827,0.069882,7076306.20181,,
2026-08-13 01:05:00+00:00,0.069882,0.0699,0.069873,0.069884,3364967.35947,,
2026-08-13 01:06:00+00:00,0.069884,0.069905,0.069871,0.069873,8379909.77048,,
2026-08-13 01:07:00+00:00,0.069873,0.069892,0.069871,0.069885,100417.28865,,
2026-08-13 01:08:00+00:00,0.069885,0.069892,0.069871,0.069873,123115.06192,,
2026-08-13 01:09:00+00:00,0.069873,0.069899,0.069867,0.069899,93422.03201,,
2026-08-13 01:10:00+00:00,0.069899,0.069925,0.069898,0.069912,11012316.00685,,
2026-08-13 01:11:00+00:00,0.069912,0.069928,0.069901,0.069918,6280123.14035,,
2026-08-13 01:12:00+00:00,0.069918,0.069978,0.069901,0.06997,7115241.56505,,
2026-08-13 01:13:00+00:00,0.06997,0.069975,0.069921,0.069928,91619.27451,,
2026-08-13 01:14:00+00:00,0.069928,0.070018,0.069928,0.070018,3618783.56025,,
2026-08-13 01:15:00+00:00,0.070018,0.07002,0.069972,0.069972,18609726.52672,,
2026-08-13 01:16:00+00:00,0.069972,0.06999,0.069963,0.069975,86819.15294,,
2026-08-13 01:17:00+00:00,0.069975,0.069992,0.069954,0.069972,1255231.04972,,
2026-08-13 01:18:00+00:00,0.069972,0.069977,0.069931,0.069975,228813.1441,,
2026-08-13 01:19:00+00:00,0.069975,0.069975,0.06989,0.0699,10349605.62751,,
2026-08-13 01:20:00+00:00,0.0699,0.069906,0.069891,0.069899,993115.88074,,
2026-08-13 01:21:00+00:00,0.069899,0.069909,0.069891,0.069897,1808960.92969,,
2026-08-13 01:22:00+00:00,0.069897,0.069899,0.069865,0.06988,14074476.46884,,
2026-08-13 01:23:00+00:00,0.06988,0.069893,0.069835,0.069842,4084838.49793,,
2026-08-13 01:24:00+00:00,0.069842,0.069867,0.069813,0.069813,382560.56324,,
2026-08-13 01:25:00+00:00,0.069813,0.069819,0.069793,0.069808,9636086.38625,,
2026-08-13 01:26:00+00:00,0.069808,0.069808,0.069765,0.069799,12299796.15478,,
2026-08-13 01:27:00+00:00,0.069799,0.0698,0.069705,0.069705,5854429.444461484,,
2026-08-13 01:28:00+00:00,0.069705,0.069799,0.069705,0.069799,321927.05022,,
2026-08-13 01:29:00+00:00,0.069799,0.069804,0.069782,0.069798,445659.61609,,
2026-08-13 01:30:00+00:00,0.069798,0.069835,0.069788,0.06982,21870140.78977,,
2026-08-13 01:31:00+00:00,0.06982,0.06985,0.069816,0.069833,170546.94084,,
2026-08-13 01:32:00+00:00,0.069833,0.069879,0.069816,0.06983,158729.43868,,
2026-08-13 01:33:00+00:00,0.06983,0.069876,0.06983,0.069875,118948.31465,,
2026-08-13 01:34:00+00:00,0.069875,0.069905,0.069865,0.0699,1609579.86174,,
2026-08-13 01:35:00+00:00,0.0699,0.069936,0.069891,0.069901,3896550.52344,,
2026-08-13 01:36:00+00:00,0.069901,0.069938,0.069892,0.069914,9865945.848761426,,
2026-08-13 01:37:00+00:00,0.069914,0.06995,0.069901,0.06993,7698141.776968573,,
2026-08-13 01:38:00+00:00,0.06993,0.06995,0.069911,0.069946,127639.3351,,
2026-08-13 01:39:00+00:00,0.069946,0.069971,0.069922,0.069971,367166.95881,,
2026-08-13 01:40:00+00:00,0.069971,0.069972,0.06995,0.06995,87918.86648,,
2026-08-13 01:41:00+00:00,0.06995,0.069961,0.0699,0.0699,1661606.87475,,
2026-08-13 01:42:00+00:00,0.0699,0.069906,0.069891,0.069899,926131.12568,,
2026-08-13 01:43:00+00:00,0.069899,0.069909,0.069891,0.0699,1040413.00443,,
2026-08-13 01:44:00+00:00,0.0699,0.069902,0.069811,0.069823,9049991.97244,,
2026-08-13 01:45:00+00:00,0.069823,0.069823,0.069788,0.069798,2110092.22532,,
2026-08-13 01:46:00+00:00,0.069798,0.069848,0.069783,0.069848,14196002.86207,,
2026-08-13 01:47:00+00:00,0.069848,0.069908,0.069847,0.069882,4432407.43387,,
2026-08-13 01:48:00+00:00,0.069882,0.069905,0.069852,0.069873,12922526.41412,,
2026-08-13 01:49:00+00:00,0.069873,0.069892,0.069872,0.069872,102448.10349,,
2026-08-13 01:50:00+00:00,0.069872,0.0699,0.069861,0.069884,3329099.4878,,
2026-08-13 01:51:00+00:00,0.069884,0.069899,0.069862,0.069874,1866341.9517,,
2026-08-13 01:52:00+00:00,0.069874,0.069888,0.069861,0.069865,165322.45956,,
2026-08-13 01:53:00+00:00,0.069865,0.0699,0.069848,0.069888,2974335.32466,,
2026-08-13 01:54:00+00:00,0.069888,0.069908,0.069888,0.0699,1482872.99137,,
2026-08-13 01:55:00+00:00,0.0699,0.069926,0.069891,0.069898,7391892.72165,,
2026-08-13 01:56:00+00:00,0.069898,0.069912,0.069861,0.069865,8859034.7628,,
2026-08-13 01:57:00+00:00,0.069865,0.069892,0.069854,0.069872,147724.32253,,
2026-08-13 01:58:00+00:00,0.069872,0.069874,0.069833,0.069835,139034.04983664764,,
2026-08-13 01:59:00+00:00,0.069835,0.069837,0.069814,0.069835,119911.87119,,
2026-08-13 02:00:00+00:00,0.069835,0.069856,0.069808,0.06983,142603.56124,,
2026-08-13 02:01:00+00:00,0.06983,0.06984,0.069801,0.069834,9078960.96098,,
2026-08-13 02:02:00+00:00,0.069834,0.069877,0.069812,0.069855,170819.64051,,
2026-08-13 02:03:00+00:00,0.069855,0.069897,0.069848,0.069848,2715958.43393,,
2026-08-13 02:04:00+00:00,0.069848,0.069873,0.069838,0.069855,170503.21893,,
2026-08-13 02:05:00+00:00,0.069855,0.069877,0.069848,0.069848,161506.54758,,
2026-08-13 02:06:00+00:00,0.069848,0.069876,0.069844,0.069844,237158.37641,,
2026-08-13 02:07:00+00:00,0.069844,0.069877,0.069838,0.06984,137142.7961,,
2026-08-13 02:08:00+00:00,0.06984,0.069899,0.069839,0.069898,1612653.30971,,
2026-08-13 02:09:00+00:00,0.069898,0.069904,0.069884,0.069901,1497367.716557979,,
2026-08-13 02:10:00+00:00,0.069901,0.069904,0.069874,0.069882,11337311.52099,,
2026-08-13 02:11:00+00:00,0.069882,0.069904,0.069858,0.069888,6377202.55525,,
2026-08-13 02:12:00+00:00,0.069888,0.069904,0.069883,0.069901,6754124.22198,,
2026-08-13 02:13:00+00:00,0.069901,0.069905,0.069873,0.069888,9784217.01989,,
2026-08-13 02:14:00+00:00,0.069888,0.069899,0.069883,0.069888,13345770.46054,,
2026-08-13 02:15:00+00:00,0.069888,0.069901,0.069828,0.069828,11986431.76149,,
2026-08-13 02:16:00+00:00,0.069828,0.069848,0.069801,0.069848,10115750.5592,,
2026-08-13 02:17:00+00:00,0.069848,0.069891,0.069824,0.069863,339171.9522,,
2026-08-13 02:18:00+00:00,0.069863,0.0699,0.069858,0.069899,113973.17222,,
2026-08-13 02:19:00+00:00,0.069899,0.069926,0.069899,0.069912,10095910.17071,,
2026-08-13 02:20:00+00:00,0.069912,0.069927,0.069898,0.069926,7696031.52547,,
2026-08-13 02:21:00+00:00,0.069926,0.069949,0.069898,0.069899,1727891.92217,,
2026-08-13 02:22:00+00:00,0.069899,0.069902,0.069898,0.069901,70702.82125,,
2026-08-13 02:23:00+00:00,0.069901,0.069926,0.069884,0.069912,11323010.68325,,
2026-08-13 02:24:00+00:00,0.069912,0.069937,0.069901,0.069936,1568647.99518,,
2026-08-13 02:25:00+00:00,0.069936,0.069936,0.069892,0.069928,15629848.14418,,
2026-08-13 02:26:00+00:00,0.069928,0.069928,0.069901,0.069905,1853047.86008,,
2026-08-13 02:27:00+00:00,0.069905,0.069925,0.069901,0.069925,1531478.13196,,
2026-08-13 02:28:00+00:00,0.069925,0.069937,0.069919,0.069937,124964.79455,,
2026-08-13 02:29:00+00:00,0.069937,0.06995,0.069907,0.069929,365080.06114,,
2026-08-13 02:30:00+00:00,0.069929,0.069939,0.069862,0.069876,1882900.62496,,
2026-08-13 02:31:00+00:00,0.069876,0.069876,0.069823,0.069827,183910.75739,,
2026-08-13 02:32:00+00:00,0.069827,0.069859,0.06981,0.06982,161505.16651,,
2026-08-13 02:33:00+00:00,0.06982,0.069848,0.069802,0.069848,4530971.46445,,
2026-08-13 02:34:00+00:00,0.069848,0.069908,0.069848,0.069884,2766708.88214,,
2026-08-13 02:35:00+00:00,0.069884,0.069912,0.069882,0.069912,5951405.33803,,
2026-08-13 02:36:00+00:00,0.069912,0.069912,0.069884,0.069901,2677640.50566,,
2026-08-13 02:37:00+00:00,0.069901,0.069908,0.069862,0.069874,6775370.37007,,
2026-08-13 02:38:00+00:00,0.069874,0.069885,0.069863,0.069863,387511.4858,,
2026-08-13 02:39:00+00:00,0.069863,0.0699,0.069863,0.069885,3622818.45139,,
2026-08-13 02:40:00+00:00,0.069885,0.069892,0.069849,0.069882,874862.09691,,
2026-08-13 02:41:00+00:00,0.069882,0.069906,0.069873,0.069902,3265120.60129,,
2026-08-13 02:42:00+00:00,0.069902,0.069955,0.069902,0.069955,5596844.56064,,
2026-08-13 02:43:00+00:00,0.069955,0.069969,0.069955,0.069957,130454.32584,,
2026-08-13 02:44:00+00:00,0.069957,0.069976,0.069933,0.069975,158204.15377,,
2026-08-13 02:45:00+00:00,0.069975,0.070008,0.069975,0.069992,2734688.12407,,
2026-08-13 02:46:00+00:00,0.069992,0.07,0.06999,0.069997,105771.85413,,
2026-08-13 02:47:00+00:00,0.069997,0.070126,0.069996,0.070126,11812252.69321,,
2026-08-13 02:48:00+00:00,0.070126,0.070134,0.070105,0.070125,80563.55826,,
2026-08-13 02:49:00+00:00,0.070125,0.070137,0.0701,0.0701,6493979.48038,,
2026-08-13 02:50:00+00:00,0.0701,0.070137,0.0701,0.070135,7787629.17242,,
2026-08-13 02:51:00+00:00,0.070135,0.070147,0.070113,0.070143,49052.37436,,
2026-08-13 02:52:00+00:00,0.070143,0.070167,0.070125,0.07015,105683.73707,,
2026-08-13 02:53:00+00:00,0.07015,0.070174,0.070118,0.070174,278425.04881,,
2026-08-13 02:54:00+00:00,0.070174,0.070228,0.070171,0.070203,48047970.0930716,,
2026-08-13 02:55:00+00:00,0.070203,0.070257,0.070203,0.070224,3486935.53854,,
2026-08-13 02:56:00+00:00,0.070224,0.07024,0.070151,0.070151,7877336.63289,,
2026-08-13 02:57:00+00:00,0.070151,0.070272,0.070151,0.070239,5920966.37582,,
2026-08-13 02:58:00+00:00,0.070239,0.070282,0.070215,0.070255,1526259.56662,,
2026-08-13 02:59:00+00:00,0.070255,0.070276,0.070251,0.070255,153154.15285,,
2026-08-13 03:00:00+00:00,0.070255,0.070296,0.070252,0.07029,5229806.88637,,
2026-08-13 03:01:00+00:00,0.07029,0.0703,0.070265,0.070269,7147594.67019,,
2026-08-13 03:02:00+00:00,0.070269,0.070269,0.070255,0.070266,54178.05285,,
2026-08-13 03:03:00+00:00,0.070266,0.070275,0.070259,0.070261,110036.72179,,
2026-08-13 03:04:00+00:00,0.070261,0.070299,0.070257,0.070299,82264.13894,,
2026-08-13 03:05:00+00:00,0.070299,0.0703,0.070299,0.070299,129402.4132,,
2026-08-13 03:06:00+00:00,0.070299,0.0703,0.070299,0.0703,70194.0434,,
2026-08-13 03:07:00+00:00,0.0703,0.0703,0.070298,0.070298,54267.20111,,
2026-08-13 03:08:00+00:00,0.070298,0.070316,0.070298,0.070308,2800054.37874,,
2026-08-13 03:09:00+00:00,0.070308,0.070308,0.070249,0.070249,7443800.09555,,
2026-08-13 03:10:00+00:00,0.070249,0.070274,0.070241,0.070263,167871.2217,,
2026-08-13 03:11:00+00:00,0.070263,0.070281,0.070245,0.070245,181042.70513,,
2026-08-13 03:12:00+00:00,0.070245,0.070308,0.070245,0.070298,9282832.57492,,
2026-08-13 03:13:00+00:00,0.070298,0.070308,0.070284,0.070299,1614901.87874,,
2026-08-13 03:14:00+00:00,0.070299,0.070326,0.070291,0.070325,10216017.71679,,
2026-08-13 03:15:00+00:00,0.070325,0.070338,0.070307,0.070328,78727.76837,,
2026-08-13 03:16:00+00:00,0.070328,0.070351,0.070308,0.070315,149587.04331,,
2026-08-13 03:17:00+00:00,0.070315,0.07034,0.070313,0.070326,120515.19502,,
2026-08-13 03:18:00+00:00,0.070326,0.070326,0.0703,0.070321,6490580.65786,,
2026-08-13 03:19:00+00:00,0.070321,0.070338,0.0703,0.070323,4807819.42769,,
2026-08-13 03:20:00+00:00,0.070323,0.070369,0.0703,0.070358,836244.7088614702,,
2026-08-13 03:21:00+00:00,0.070358,0.070383,0.070323,0.070377,109789.12665,,
2026-08-13 03:22:00+00:00,0.070377,0.070391,0.070334,0.070341,186137.51005,,
2026-08-13 03:23:00+00:00,0.070341,0.070385,0.070337,0.07036,142924.86604,,
2026-08-13 03:24:00+00:00,0.07036,0.070388,0.070337,0.070339,147576.33694,,
2026-08-13 03:25:00+00:00,0.070339,0.070381,0.070334,0.070334,420265.38953,,
2026-08-13 03:26:00+00:00,0.070334,0.070366,0.070334,0.070366,1069496.1899,,
2026-08-13 03:27:00+00:00,0.070366,0.070376,0.070366,0.070369,114179.53087,,
2026-08-13 03:28:00+00:00,0.070369,0.070369,0.0703,0.070308,123676.91281,,
2026-08-13 03:29:00+00:00,0.070308,0.07032,0.07029,0.07032,696965.77938,,
2026-08-13 03:30:00+00:00,0.07032,0.07032,0.07027,0.070283,12252913.64039,,
2026-08-13 03:31:00+00:00,0.070283,0.070304,0.07025,0.070288,4305618.61408,,
2026-08-13 03:32:00+00:00,0.070288,0.0703,0.070241,0.070273,1559173.11272,,
2026-08-13 03:33:00+00:00,0.070273,0.070274,0.070207,0.070211,2810493.61764,,
2026-08-13 03:34:00+00:00,0.070211,0.070249,0.07021,0.070226,145172.55563,,
2026-08-13 03:35:00+00:00,0.070226,0.07025,0.0702,0.070243,168247.5180616028,,
2026-08-13 03:36:00+00:00,0.070243,0.070268,0.070199,0.070199,99033.14880098857,,
2026-08-13 03:37:00+00:00,0.070199,0.070228,0.070198,0.070226,108488.57056,,
2026-08-13 03:38:00+00:00,0.070226,0.070241,0.070214,0.070224,89115.64666,,
2026-08-13 03:39:00+00:00,0.070224,0.070239,0.0702,0.070239,3946658.09227,,
2026-08-13 03:40:00+00:00,0.070239,0.070245,0.070199,0.070199,1835212.38322,,
2026-08-13 03:41:00+00:00,0.070199,0.070208,0.070181,0.070187,2991548.634618702,,
2026-08-13 03:42:00+00:00,0.070187,0.070208,0.070146,0.070146,6220184.09104,,
2026-08-13 03:43:00+00:00,0.070146,0.070176,0.070141,0.070172,181545.13284,,
2026-08-13 03:44:00+00:00,0.070172,0.070183,0.070151,0.070155,139801.69274,,
2026-08-13 03:45:00+00:00,0.070155,0.07017,0.070124,0.070124,200624.6453,,
2026-08-13 03:46:00+00:00,0.070124,0.070124,0.070091,0.070097,975318.91099,,
2026-08-13 03:47:00+00:00,0.070097,0.070128,0.070097,0.070104,4536147.23143,,
2026-08-13 03:48:00+00:00,0.070104,0.07016,0.070092,0.070117,6512431.66008,,
2026-08-13 03:49:00+00:00,0.070117,0.07018,0.070117,0.070152,168268.2125,,
2026-08-13 03:50:00+00:00,0.070152,0.070191,0.070107,0.070173,112909.75929,,
2026-08-13 03:51:00+00:00,0.070173,0.07019,0.070137,0.070172,1051333.08793,,
2026-08-13 03:52:00+00:00,0.070172,0.070188,0.070145,0.070165,164709.49694,,
2026-08-13 03:53:00+00:00,0.070165,0.070191,0.070149,0.070149,114350.61223,,
2026-08-13 03:54:00+00:00,0.070149,0.070173,0.070134,0.070134,227091.15255,,
2026-08-13 03:55:00+00:00,0.070134,0.070134,0.070127,0.070132,94056.3151,,
2026-08-13 03:56:00+00:00,0.070132,0.070132,0.070108,0.070126,125621.68409,,
2026-08-13 03:57:00+00:00,0.070126,0.07016,0.070118,0.070159,114654.62998,,
2026-08-13 03:58:00+00:00,0.070159,0.070161,0.070115,0.070159,116300.10438,,
2026-08-13 03:59:00+00:00,0.070159,0.070163,0.070112,0.07016,202125.33221,,
2026-08-13 04:00:00+00:00,0.07016,0.070161,0.070156,0.070161,60684.19718,,
2026-08-13 04:01:00+00:00,0.070161,0.070205,0.0701,0.070189,3815444.4148226273,,
2026-08-13 04:02:00+00:00,0.070189,0.070208,0.070183,0.070198,4532564.77866,,
2026-08-13 04:03:00+00:00,0.070198,0.070198,0.070152,0.070152,5177360.68057,,
2026-08-13 04:04:00+00:00,0.070152,0.070184,0.070139,0.070159,176803.68093,,
2026-08-13 04:05:00+00:00,0.070159,0.070159,0.070137,0.070137,55450.7772,,
2026-08-13 04:06:00+00:00,0.070137,0.070144,0.070137,0.070141,104655.14338,,
2026-08-13 04:07:00+00:00,0.070141,0.070179,0.070137,0.07014,137661.04426,,
2026-08-13 04:08:00+00:00,0.07014,0.070167,0.070119,0.070119,3922031.05935,,
2026-08-13 04:09:00+00:00,0.070119,0.070119,0.07009,0.070099,167051.64834,,
2026-08-13 04:10:00+00:00,0.070099,0.070141,0.070098,0.070133,1631500.64174,,
2026-08-13 04:11:00+00:00,0.070133,0.070137,0.070082,0.070082,6416675.18682,,
2026-08-13 04:12:00+00:00,0.070082,0.070108,0.070071,0.070071,9160206.07537,,
2026-08-13 04:13:00+00:00,0.070071,0.0701,0.070071,0.070099,108221.05145,,
2026-08-13 04:14:00+00:00,0.070099,0.0701,0.070099,0.070099,71717.24122,,
2026-08-13 04:15:00+00:00,0.070099,0.070099,0.070052,0.070063,9188138.15255,,
2026-08-13 04:16:00+00:00,0.070063,0.070089,0.070061,0.070063,115677.38233,,
2026-08-13 04:17:00+00:00,0.070063,0.0701,0.070063,0.070075,6881766.03168,,
2026-08-13 04:18:00+00:00,0.070075,0.0701,0.07007,0.070099,7825940.18873,,
2026-08-13 04:19:00+00:00,0.070099,0.070128,0.070084,0.070125,7651570.58088,,
2026-08-13 04:20:00+00:00,0.070125,0.070163,0.070107,0.070137,107016.18145,,
2026-08-13 04:21:00+00:00,0.070137,0.070143,0.070092,0.070105,2127818.23531,,
2026-08-13 04:22:00+00:00,0.070105,0.07014,0.070092,0.070135,7785082.88087,,
2026-08-13 04:23:00+00:00,0.070135,0.070176,0.070117,0.070134,155766.25565,,
2026-08-13 04:24:00+00:00,0.070134,0.070161,0.070115,0.070145,213921.34693,,
2026-08-13 04:25:00+00:00,0.070145,0.07016,0.070118,0.070155,81356.74468,,
2026-08-13 04:26:00+00:00,0.070155,0.07016,0.070117,0.070143,127315.7801,,
2026-08-13 04:27:00+00:00,0.070143,0.070158,0.0701,0.0701,132507.69751,,
2026-08-13 04:28:00+00:00,0.0701,0.070166,0.0701,0.070165,636671.12484,,
2026-08-13 04:29:00+00:00,0.070165,0.070166,0.070158,0.070164,110595.57929,,
2026-08-13 04:30:00+00:00,0.070164,0.070185,0.070132,0.070185,1966854.40093,,
2026-08-13 04:31:00+00:00,0.070185,0.070205,0.070185,0.070199,1757755.4179,,
2026-08-13 04:32:00+00:00,0.070199,0.070202,0.070191,0.070198,42959.23324,,
2026-08-13 04:33:00+00:00,0.070198,0.070244,0.070192,0.070221,6281445.49692,,
2026-08-13 04:34:00+00:00,0.070221,0.07024,0.070221,0.070234,101317.69088,,
2026-08-13 04:35:00+00:00,0.070234,0.070262,0.070214,0.07026,130764.46387,,
2026-08-13 04:36:00+00:00,0.07026,0.070274,0.070217,0.070274,387491.05473,,
2026-08-13 04:37:00+00:00,0.070274,0.07029,0.070263,0.070285,90662.91315,,
2026-08-13 04:38:00+00:00,0.070285,0.0703,0.070263,0.070288,6019906.51359,,
2026-08-13 04:39:00+00:00,0.070288,0.070308,0.07028,0.070288,4722943.87306,,
2026-08-13 04:40:00+00:00,0.070288,0.070292,0.070245,0.070245,7645066.33603,,
2026-08-13 04:41:00+00:00,0.070245,0.070286,0.070239,0.070279,190516.80546,,
2026-08-13 04:42:00+00:00,0.070279,0.0703,0.070268,0.070299,131967.16756,,
2026-08-13 04:43:00+00:00,0.070299,0.0703,0.070288,0.070289,250341.53591,,
2026-08-13 04:44:00+00:00,0.070289,0.0703,0.070263,0.07028,4573450.377089177,,
2026-08-13 04:45:00+00:00,0.07028,0.070319,0.070268,0.070302,9144908.66103,,
2026-08-13 04:46:00+00:00,0.070302,0.070349,0.070291,0.070334,4625444.0267,,
2026-08-13 04:47:00+00:00,0.070334,0.07037,0.070306,0.07036,140524.03293,,
2026-08-13 04:48:00+00:00,0.07036,0.07036,0.070284,0.070285,2150023.9839,,
2026-08-13 04:49:00+00:00,0.070285,0.070308,0.070265,0.070282,5963816.29985,,
2026-08-13 04:50:00+00:00,0.070282,0.070295,0.070269,0.070273,132439.99383,,
2026-08-13 04:51:00+00:00,0.070273,0.070293,0.070272,0.070281,116727.81636,,
2026-08-13 04:52:00+00:00,0.070281,0.070291,0.070251,0.070251,302970.40618,,
2026-08-13 04:53:00+00:00,0.070251,0.070277,0.07024,0.070272,168295.1855,,
2026-08-13 04:54:00+00:00,0.070272,0.070276,0.070244,0.070244,149846.20386,,
2026-08-13 04:55:00+00:00,0.070244,0.070269,0.070239,0.070241,57145.27113,,
2026-08-13 04:56:00+00:00,0.070241,0.070267,0.070225,0.070225,3962174.67685,,
2026-08-13 04:57:00+00:00,0.070225,0.070264,0.070217,0.070245,603999.3803785391,,
2026-08-13 04:58:00+00:00,0.070245,0.070261,0.070222,0.07023,235373.0262,,
2026-08-13 04:59:00+00:00,0.07023,0.07026,0.0702,0.070234,79791.54552404271,,
2026-08-13 05:00:00+00:00,0.070234,0.070268,0.070205,0.07021,181003.25816,,
2026-08-13 05:01:00+00:00,0.07021,0.070229,0.070202,0.070202,62484.52421,,
2026-08-13 05:02:00+00:00,0.070202,0.070212,0.070198,0.070212,1520666.79024,,
2026-08-13 05:03:00+00:00,0.070212,0.070234,0.070198,0.07022,8855258.60488,,
2026-08-13 05:04:00+00:00,0.07022,0.070246,0.070217,0.070235,112295.72530294218,,
2026-08-13 05:05:00+00:00,0.070235,0.070248,0.070197,0.07021,237001.07606,,
2026-08-13 05:06:00+00:00,0.07021,0.070301,0.070201,0.070275,10427602.13956,,
2026-08-13 05:07:00+00:00,0.070275,0.07031,0.070269,0.070275,6831935.49826,,
2026-08-13 05:08:00+00:00,0.070275,0.0703,0.070271,0.070271,6526774.11494,,
2026-08-13 05:09:00+00:00,0.070271,0.070285,0.07022,0.070221,285019.1840313282,,
2026-08-13 05:10:00+00:00,0.070221,0.070258,0.070198,0.070257,4888782.93944,,
2026-08-13 05:11:00+00:00,0.070257,0.070261,0.070215,0.070216,132854.3835,,
2026-08-13 05:12:00+00:00,0.070216,0.070251,0.070214,0.070235,105568.03531,,
2026-08-13 05:13:00+00:00,0.070235,0.070292,0.070213,0.070273,2651704.39212,,
2026-08-13 05:14:00+00:00,0.070273,0.0703,0.070271,0.0703,126937.57146,,
2026-08-13 05:15:00+00:00,0.0703,0.070373,0.070299,0.070358,8149282.29055,,
2026-08-13 05:16:00+00:00,0.070358,0.070391,0.0703,0.07031,2078062.12954214,,
2026-08-13 05:17:00+00:00,0.07031,0.070358,0.070292,0.070336,1581914.07467,,
2026-08-13 05:18:00+00:00,0.070336,0.070357,0.070319,0.07034,76861.48176,,
2026-08-13 05:19:00+00:00,0.07034,0.070351,0.070298,0.070298,174614.47505,,
2026-08-13 05:20:00+00:00,0.070298,0.070312,0.070288,0.070288,4344208.261609397,,
2026-08-13 05:21:00+00:00,0.070288,0.070317,0.070288,0.070298,1582617.35589,,
2026-08-13 05:22:00+00:00,0.070298,0.070308,0.070275,0.070298,9127735.27995,,
2026-08-13 05:23:00+00:00,0.070298,0.070317,0.070285,0.0703,1557524.05324,,
2026-08-13 05:24:00+00:00,0.0703,0.070365,0.070292,0.070328,6884494.2371,,
2026-08-13 05:25:00+00:00,0.070328,0.070357,0.0703,0.0703,223980.85102774136,,
2026-08-13 05:26:00+00:00,0.0703,0.070329,0.070299,0.0703,158927.29226,,
2026-08-13 05:27:00+00:00,0.0703,0.0703,0.070299,0.0703,98999.49477,,
2026-08-13 05:28:00+00:00,0.0703,0.070312,0.070292,0.070312,1516742.89003,,
2026-08-13 05:29:00+00:00,0.070312,0.07033,0.070296,0.07033,4080270.58816,,
2026-08-13 05:30:00+00:00,0.07033,0.070346,0.070288,0.070298,122869.51994,,
2026-08-13 05:31:00+00:00,0.070298,0.070367,0.070298,0.070359,2193770.14084,,
2026-08-13 05:32:00+00:00,0.070359,0.070359,0.070298,0.070298,145073.19152,,
2026-08-13 05:33:00+00:00,0.070298,0.070321,0.070289,0.070297,4495531.20325,,
2026-08-13 05:34:00+00:00,0.070297,0.070301,0.070289,0.070299,107050.98702,,
2026-08-13 05:35:00+00:00,0.070299,0.070301,0.07029,0.070292,104290.60542878704,,
2026-08-13 05:36:00+00:00,0.070292,0.07031,0.070288,0.07029,2394079.69334,,
2026-08-13 05:37:00+00:00,0.07029,0.07031,0.07029,0.0703,94688.21092,,
2026-08-13 05:38:00+00:00,0.0703,0.070361,0.0703,0.070345,550551.46356,,
2026-08-13 05:39:00+00:00,0.070345,0.070367,0.07034,0.07036,104689.30207,,
2026-08-13 05:40:00+00:00,0.07036,0.07051,0.070355,0.070502,4024592.7666781335,,
2026-08-13 05:41:00+00:00,0.070502,0.070505,0.070499,0.070499,87953.48223,,
2026-08-13 05:42:00+00:00,0.070499,0.07051,0.070491,0.070497,1852472.75855,,
2026-08-13 05:43:00+00:00,0.070497,0.070528,0.070492,0.070528,6733153.75976,,
2026-08-13 05:44:00+00:00,0.070528,0.070571,0.070514,0.070571,171110.65061,,
2026-08-13 05:45:00+00:00,0.070571,0.070571,0.070524,0.070524,914571.06537,,
2026-08-13 05:46:00+00:00,0.070524,0.070548,0.07051,0.070547,120659.40549,,
2026-08-13 05:47:00+00:00,0.070547,0.070547,0.07051,0.070521,133103.2153,,
2026-08-13 05:48:00+00:00,0.070521,0.070529,0.0705,0.0705,146249.16517,,
2026-08-13 05:49:00+00:00,0.0705,0.070539,0.070492,0.070539,6530811.93517,,
2026-08-13 05:50:00+00:00,0.070539,0.070625,0.070538,0.070617,8293800.20737,,
2026-08-13 05:51:00+00:00,0.070617,0.070661,0.070617,0.070659,126894.76472,,
2026-08-13 05:52:00+00:00,0.070659,0.070659,0.070609,0.070609,115191.55322,,
2026-08-13 05:53:00+00:00,0.070609,0.070628,0.070592,0.070601,1491130.08842,,
2026-08-13 05:54:00+00:00,0.070601,0.070612,0.070598,0.070602,101330.71234755944,,
2026-08-13 05:55:00+00:00,0.070602,0.070618,0.070599,0.070599,23365820.66178,,
2026-08-13 05:56:00+00:00,0.070599,0.070602,0.070599,0.0706,27440.53243,,
2026-08-13 05:57:00+00:00,0.0706,0.070612,0.070599,0.070607,1814431.2504,,
2026-08-13 05:58:00+00:00,0.070607,0.070612,0.070598,0.070607,166670.23219,,
2026-08-13 05:59:00+00:00,0.070607,0.070608,0.070599,0.070607,88245.01324,,
2026-08-13 06:00:00+00:00,0.070607,0.070612,0.070598,0.070598,192917.51321142673,,
2026-08-13 06:01:00+00:00,0.070598,0.070608,0.070598,0.070607,186985.05814,,
2026-08-13 06:02:00+00:00,0.070607,0.070608,0.070561,0.070561,25973239.38845,,
2026-08-13 06:03:00+00:00,0.070561,0.070588,0.070545,0.070545,262609.37170502206,,
2026-08-13 06:04:00+00:00,0.070545,0.070566,0.070515,0.070566,113361.29344,,
2026-08-13 06:05:00+00:00,0.070566,0.070566,0.070499,0.070512,110331.04900223306,,
2026-08-13 06:06:00+00:00,0.070512,0.070566,0.070512,0.070566,77314.12244,,
2026-08-13 06:07:00+00:00,0.070566,0.070591,0.070566,0.070569,889933.2353,,
2026-08-13 06:08:00+00:00,0.070569,0.070603,0.070569,0.070572,4535748.46802,,
2026-08-13 06:09:00+00:00,0.070572,0.07059,0.070505,0.070521,6439448.628590045,,
2026-08-13 06:10:00+00:00,0.070521,0.070539,0.070507,0.070539,94330.94704,,
2026-08-13 06:11:00+00:00,0.070539,0.070539,0.0705,0.070528,7438613.181237014,,
2026-08-13 06:12:00+00:00,0.070528,0.070544,0.070513,0.070513,168778.12805,,
2026-08-13 06:13:00+00:00,0.070513,0.070513,0.070498,0.07051,130928.91147,,
2026-08-13 06:14:00+00:00,0.07051,0.070517,0.070488,0.070517,1519230.70444,,
2026-08-13 06:15:00+00:00,0.070517,0.070582,0.070492,0.070582,7186770.83575,,
2026-08-13 06:16:00+00:00,0.070582,0.070589,0.07054,0.070542,185238.46212,,
2026-08-13 06:17:00+00:00,0.070542,0.0706,0.070542,0.0706,185512.70938,,
2026-08-13 06:18:00+00:00,0.0706,0.070616,0.070592,0.070611,3178615.19659,,
2026-08-13 06:19:00+00:00,0.070611,0.070675,0.0706,0.070667,12456292.216,,
2026-08-13 06:20:00+00:00,0.070667,0.070677,0.0706,0.070627,4926745.14242,,
2026-08-13 06:21:00+00:00,0.070627,0.070649,0.070613,0.070648,189801.96629,,
2026-08-13 06:22:00+00:00,0.070648,0.070648,0.070608,0.070635,102974.35848,,
2026-08-13 06:23:00+00:00,0.070635,0.070638,0.070588,0.07059,167179.43396,,
2026-08-13 06:24:00+00:00,0.07059,0.070601,0.07059,0.070597,86449.15573,,
2026-08-13 06:25:00+00:00,0.070597,0.070608,0.070583,0.070598,3885994.11792,,
2026-08-13 06:26:00+00:00,0.070598,0.070608,0.070562,0.070565,3259407.75,,
2026-08-13 06:27:00+00:00,0.070565,0.0706,0.070561,0.070599,170381.14627,,
2026-08-13 06:28:00+00:00,0.070599,0.070608,0.070583,0.070592,3827574.18032,,
2026-08-13 06:29:00+00:00,0.070592,0.070602,0.07056,0.07056,899929.72919,,
2026-08-13 06:30:00+00:00,0.07056,0.070587,0.070559,0.070571,152990.0261,,
2026-08-13 06:31:00+00:00,0.070571,0.070573,0.070555,0.070572,85225.53149,,
2026-08-13 06:32:00+00:00,0.070572,0.070574,0.070502,0.070525,6505461.1643,,
2026-08-13 06:33:00+00:00,0.070525,0.07058,0.070521,0.070532,428977.19496,,
2026-08-13 06:34:00+00:00,0.070532,0.070564,0.070514,0.070564,86265.11917,,
2026-08-13 06:35:00+00:00,0.070564,0.070585,0.070564,0.070574,793658.27973,,
2026-08-13 06:36:00+00:00,0.070574,0.070581,0.070527,0.070542,2924319.00794,,
2026-08-13 06:37:00+00:00,0.070542,0.070543,0.070537,0.070543,79632.72994,,
2026-08-13 06:38:00+00:00,0.070543,0.070543,0.070473,0.0705,10757393.564730044,,
2026-08-13 06:39:00+00:00,0.0705,0.0705,0.070433,0.070453,5780162.812,,
2026-08-13 06:40:00+00:00,0.070453,0.070453,0.07036,0.07036,17568724.890117127,,
2026-08-13 06:41:00+00:00,0.07036,0.070408,0.07036,0.070399,7898507.909320544,,
2026-08-13 06:42:00+00:00,0.070399,0.070401,0.07039,0.070401,161854.04728,,
2026-08-13 06:43:00+00:00,0.070401,0.070402,0.070388,0.070388,1915840.85173092,,
2026-08-13 06:44:00+00:00,0.070388,0.070401,0.070388,0.070396,94075.3380850554,,
2026-08-13 06:45:00+00:00,0.070396,0.070429,0.07039,0.070429,8133127.77432,,
2026-08-13 06:46:00+00:00,0.070429,0.070441,0.070407,0.070434,108105.65631,,
2026-08-13 06:47:00+00:00,0.070434,0.070493,0.070434,0.070455,383032.38066,,
2026-08-13 06:48:00+00:00,0.070455,0.0706,0.070447,0.070586,10898789.479368702,,
2026-08-13 06:49:00+00:00,0.070586,0.070589,0.070548,0.070589,238213.63303,,
2026-08-13 06:50:00+00:00,0.070589,0.070601,0.070551,0.070578,158375.22080980535,,
2026-08-13 06:51:00+00:00,0.070578,0.070617,0.070577,0.070617,2993870.96236,,
2026-08-13 06:52:00+00:00,0.070617,0.070617,0.070592,0.070598,1466212.06685,,
2026-08-13 06:53:00+00:00,0.070598,0.070611,0.07059,0.070601,85825.15403,,
2026-08-13 06:54:00+00:00,0.070601,0.070601,0.070589,0.0706,106966.33447,,
2026-08-13 06:55:00+00:00,0.0706,0.070648,0.07059,0.070641,8136725.57337756,,
2026-08-13 06:56:00+00:00,0.070641,0.07066,0.070614,0.070638,154662.08151,,
2026-08-13 06:57:00+00:00,0.070638,0.070648,0.070601,0.070601,127777.55296,,
2026-08-13 06:58:00+00:00,0.070601,0.070633,0.0706,0.070616,10810628.24664,,
2026-08-13 06:59:00+00:00,0.070616,0.070651,0.070616,0.070635,74807.46734,,
2026-08-13 07:00:00+00:00,0.070635,0.070654,0.070614,0.070654,98840.95676,,
2026-08-13 07:01:00+00:00,0.070654,0.070654,0.0706,0.070628,5929211.81993,,
2026-08-13 07:02:00+00:00,0.070628,0.07066,0.070611,0.07066,114594.50645,,
2026-08-13 07:03:00+00:00,0.07066,0.070667,0.070618,0.070618,120339.84026,,
2026-08-13 07:04:00+00:00,0.070618,0.070671,0.070618,0.070645,138476.54436298637,,
2026-08-13 07:05:00+00:00,0.070645,0.070755,0.070642,0.070745,10894022.937141327,,
2026-08-13 07:06:00+00:00,0.070745,0.070796,0.070705,0.070705,8301982.759968672,,
2026-08-13 07:07:00+00:00,0.070705,0.07079,0.0707,0.07079,8797975.66427,,
2026-08-13 07:08:00+00:00,0.07079,0.07079,0.07075,0.070772,134961.58832807,,
2026-08-13 07:09:00+00:00,0.070772,0.070777,0.070752,0.070774,176127.74048,,
2026-08-13 07:10:00+00:00,0.070774,0.070776,0.070748,0.070771,211165.74513,,
2026-08-13 07:11:00+00:00,0.070771,0.070771,0.070737,0.070742,85790.01735,,
2026-08-13 07:12:00+00:00,0.070742,0.070783,0.070742,0.070755,137320.46467,,
2026-08-13 07:13:00+00:00,0.070755,0.070771,0.070742,0.070742,66041.49378,,
2026-08-13 07:14:00+00:00,0.070742,0.070745,0.070737,0.070737,88936.52259617695,,
2026-08-13 07:15:00+00:00,0.070737,0.070771,0.070727,0.070731,177340.28186,,
2026-08-13 07:16:00+00:00,0.070731,0.070732,0.070724,0.070724,138866.73346,,
2026-08-13 07:17:00+00:00,0.070724,0.070747,0.070714,0.070735,121396.64109945991,,
2026-08-13 07:18:00+00:00,0.070735,0.070751,0.070712,0.070712,144136.91704,,
2026-08-13 07:19:00+00:00,0.070712,0.07075,0.070693,0.070697,1920452.31253,,
2026-08-13 07:20:00+00:00,0.070697,0.070708,0.070672,0.070697,2207795.72123,,
2026-08-13 07:21:00+00:00,0.070697,0.070702,0.07069,0.070698,197540.9431343396,,
2026-08-13 07:22:00+00:00,0.070698,0.070742,0.070684,0.070721,7907727.242106426,,
2026-08-13 07:23:00+00:00,0.070721,0.070721,0.070698,0.070701,67975.57491,,
2026-08-13 07:24:00+00:00,0.070701,0.070745,0.07069,0.070715,5924440.710082206,,
2026-08-13 07:25:00+00:00,0.070715,0.070718,0.07069,0.07069,2074959.24815,,
2026-08-13 07:26:00+00:00,0.07069,0.070701,0.07069,0.07069,127232.70818390803,,
2026-08-13 07:27:00+00:00,0.07069,0.070701,0.07069,0.070696,152248.82286,,
2026-08-13 07:28:00+00:00,0.070696,0.070743,0.070696,0.070742,7642275.35342,,
2026-08-13 07:29:00+00:00,0.070742,0.07075,0.070721,0.070726,121710.68858,,
2026-08-13 07:30:00+00:00,0.070726,0.070759,0.070716,0.070759,174901.19689,,
2026-08-13 07:31:00+00:00,0.070759,0.07076,0.070718,0.070743,124995.3922,,
2026-08-13 07:32:00+00:00,0.070743,0.07076,0.070718,0.070722,81821.78537,,
2026-08-13 07:33:00+00:00,0.070722,0.070751,0.070712,0.070721,177820.24832,,
2026-08-13 07:34:00+00:00,0.070721,0.07074,0.070707,0.070722,185975.81517,,
2026-08-13 07:35:00+00:00,0.070722,0.070745,0.070691,0.070691,1563149.3745057436,,
2026-08-13 07:36:00+00:00,0.070691,0.070701,0.070691,0.070701,65418.52097,,
2026-08-13 07:37:00+00:00,0.070701,0.070701,0.070698,0.070698,35301.50077,,
2026-08-13 07:38:00+00:00,0.070698,0.07071,0.070692,0.070698,72078.40224,,
2026-08-13 07:39:00+00:00,0.070698,0.0707,0.070672,0.070672,12524097.99827822,,
2026-08-13 07:40:00+00:00,0.070672,0.070708,0.070655,0.070694,3372992.46302,,
2026-08-13 07:41:00+00:00,0.070694,0.0707,0.070665,0.070682,1362835.8142102647,,
2026-08-13 07:42:00+00:00,0.070682,0.070691,0.070632,0.070632,1580206.1001347248,,
2026-08-13 07:43:00+00:00,0.070632,0.070634,0.070627,0.070632,174547.76643,,
2026-08-13 07:44:00+00:00,0.070632,0.070632,0.07058,0.07058,150338.65912782567,,
2026-08-13 07:45:00+00:00,0.07058,0.070621,0.07058,0.07058,4539110.840503942,,
2026-08-13 07:46:00+00:00,0.07058,0.07061,0.07058,0.070598,106921.67959746555,,
2026-08-13 07:47:00+00:00,0.070598,0.070608,0.070557,0.070584,13183288.639012804,,
2026-08-13 07:48:00+00:00,0.070584,0.070608,0.07058,0.070583,5943183.362372687,,
2026-08-13 07:49:00+00:00,0.070583,0.070608,0.070572,0.070572,10311569.78865,,
2026-08-13 07:50:00+00:00,0.070572,0.07059,0.070547,0.070565,97212.0797920572,,
2026-08-13 07:51:00+00:00,0.070565,0.070592,0.070547,0.070572,958281.2171687376,,
2026-08-13 07:52:00+00:00,0.070572,0.070572,0.070534,0.070543,157680.51352356194,,
2026-08-13 07:53:00+00:00,0.070543,0.070544,0.070535,0.070535,97436.13895574892,,
2026-08-13 07:54:00+00:00,0.070535,0.070587,0.070535,0.070554,141732.3071904214,,
2026-08-13 07:55:00+00:00,0.070554,0.07059,0.070554,0.070558,337074.53594,,
2026-08-13 07:56:00+00:00,0.070558,0.07058,0.070555,0.070555,66072.79929,,
2026-08-13 07:57:00+00:00,0.070555,0.070587,0.070555,0.070565,96040.50389,,
2026-08-13 07:58:00+00:00,0.070565,0.070573,0.070535,0.070543,317279.71867261064,,
2026-08-13 07:59:00+00:00,0.070543,0.0706,0.070534,0.070535,189436.652447635,,
2026-08-13 08:00:00+00:00,0.070535,0.070591,0.070535,0.070591,313384.17213,,
2026-08-13 08:01:00+00:00,0.070591,0.070628,0.070574,0.070622,6821407.945711316,,
2026-08-13 08:02:00+00:00,0.070622,0.070635,0.070592,0.070602,922781.28372,,
2026-08-13 08:03:00+00:00,0.070602,0.070619,0.070592,0.070602,4348155.97536,,
2026-08-13 08:04:00+00:00,0.070602,0.070619,0.070592,0.070611,2946580.886606802,,
2026-08-13 08:05:00+00:00,0.070611,0.070618,0.07059,0.070598,1823358.8235844588,,
2026-08-13 08:06:00+00:00,0.070598,0.070606,0.07059,0.07059,1034418.692727247,,
2026-08-13 08:07:00+00:00,0.07059,0.070613,0.07059,0.070613,1473240.96606,,
2026-08-13 08:08:00+00:00,0.070613,0.070615,0.070599,0.070599,89082.041,,
2026-08-13 08:09:00+00:00,0.070599,0.0706,0.070575,0.070599,2935276.712512485,,
2026-08-13 08:10:00+00:00,0.070599,0.0706,0.070598,0.070598,148253.21226685977,,
2026-08-13 08:11:00+00:00,0.070598,0.070602,0.070572,0.0706,4671912.99305119,,
2026-08-13 08:12:00+00:00,0.0706,0.0706,0.070574,0.070575,7291024.322703824,,
2026-08-13 08:13:00+00:00,0.070575,0.070591,0.07055,0.070553,170821.05946530087,,
2026-08-13 08:14:00+00:00,0.070553,0.070574,0.070536,0.070537,190592.32589,,
2026-08-13 08:15:00+00:00,0.070537,0.070562,0.0705,0.07053,8216883.733498723,,
2026-08-13 08:16:00+00:00,0.07053,0.070568,0.070527,0.070568,96036.5462,,
2026-08-13 08:17:00+00:00,0.070568,0.070577,0.070518,0.070569,159536.93873134392,,
2026-08-13 08:18:00+00:00,0.070569,0.070571,0.070529,0.070568,121075.6383962768,,
2026-08-13 08:19:00+00:00,0.070568,0.07057,0.070514,0.070561,196085.80219,,
2026-08-13 08:20:00+00:00,0.070561,0.070566,0.070559,0.070562,75598.58342,,
2026-08-13 08:21:00+00:00,0.070562,0.070567,0.070561,0.070567,109075.63644,,
2026-08-13 08:22:00+00:00,0.070567,0.070577,0.070561,0.070566,117617.89821,,
2026-08-13 08:23:00+00:00,0.070566,0.070574,0.070525,0.070529,156116.8279,,
2026-08-13 08:24:00+00:00,0.070529,0.070565,0.07051,0.070555,163120.05139614927,,
2026-08-13 08:25:00+00:00,0.070555,0.070561,0.070495,0.070547,109665.42784326858,,
2026-08-13 08:26:00+00:00,0.070547,0.070556,0.070492,0.070529,5996547.203208195,,
2026-08-13 08:27:00+00:00,0.070529,0.070554,0.070516,0.070516,117900.9395070146,,
2026-08-13 08:28:00+00:00,0.070516,0.070549,0.070516,0.070534,86880.59373,,
2026-08-13 08:29:00+00:00,0.070534,0.070556,0.070499,0.070548,203292.18332173556,,
2026-08-13 08:30:00+00:00,0.070548,0.070548,0.07049,0.070508,1865367.55888,,
2026-08-13 08:31:00+00:00,0.070508,0.070508,0.07049,0.070499,185193.09934,,
2026-08-13 08:32:00+00:00,0.070499,0.070511,0.07049,0.070501,933027.66647,,
2026-08-13 08:33:00+00:00,0.070501,0.07052,0.07049,0.070501,368274.51295,,
2026-08-13 08:34:00+00:00,0.070501,0.070511,0.070491,0.070495,181045.46274417732,,
2026-08-13 08:35:00+00:00,0.070495,0.070518,0.070492,0.070508,5792931.10403,,
2026-08-13 08:36:00+00:00,0.070508,0.070531,0.070492,0.070526,1477002.09069,,
2026-08-13 08:37:00+00:00,0.070526,0.07055,0.0705,0.07055,132458.94603619454,,
2026-08-13 08:38:00+00:00,0.07055,0.070561,0.070518,0.070527,109562.252,,
2026-08-13 08:39:00+00:00,0.070527,0.07059,0.070517,0.070575,183036.29208,,
2026-08-13 08:40:00+00:00,0.070575,0.070592,0.070552,0.070573,188446.30818,,
2026-08-13 08:41:00+00:00,0.070573,0.070577,0.070555,0.070573,63833.55363,,
2026-08-13 08:42:00+00:00,0.070573,0.0706,0.070561,0.070575,102877.164791983,,
2026-08-13 08:43:00+00:00,0.070575,0.070594,0.070554,0.070554,1723925.6804873352,,
2026-08-13 08:44:00+00:00,0.070554,0.070573,0.070547,0.070555,160649.08212923,,
2026-08-13 08:45:00+00:00,0.070555,0.070555,0.070498,0.070498,2234942.1970511954,,
2026-08-13 08:46:00+00:00,0.070498,0.070512,0.07049,0.070502,2344502.6437124424,,
2026-08-13 08:47:00+00:00,0.070502,0.070515,0.070492,0.070502,116187.85751750438,,
2026-08-13 08:48:00+00:00,0.070502,0.070508,0.070484,0.070488,3817214.1881964505,,
2026-08-13 08:49:00+00:00,0.070488,0.070502,0.070454,0.070454,5765901.796247928,,
2026-08-13 08:50:00+00:00,0.070454,0.0705,0.070454,0.070475,7828499.513321286,,
2026-08-13 08:51:00+00:00,0.070475,0.070508,0.070472,0.070488,6185507.43233,,
2026-08-13 08:52:00+00:00,0.070488,0.070508,0.070455,0.070471,11456396.87999529,,
2026-08-13 08:53:00+00:00,0.070471,0.070471,0.070399,0.070447,635801.6639500215,,
2026-08-13 08:54:00+00:00,0.070447,0.070458,0.070399,0.0704,1583683.9808418695,,
2026-08-13 08:55:00+00:00,0.0704,0.070478,0.0704,0.070475,5145937.87281,,
2026-08-13 08:56:00+00:00,0.070475,0.070475,0.070427,0.070459,92015.46460791642,,
2026-08-13 08:57:00+00:00,0.070459,0.07047,0.070424,0.07047,117902.11376166056,,
2026-08-13 08:58:00+00:00,0.07047,0.070473,0.070454,0.070462,91233.79865935125,,
2026-08-13 08:59:00+00:00,0.070462,0.070473,0.070461,0.070473,106632.8937574548,,
2026-08-13 09:00:00+00:00,0.070473,0.070473,0.070451,0.070451,94992.57613,,
2026-08-13 09:01:00+00:00,0.070451,0.070471,0.070443,0.070446,161631.58083790253,,
2026-08-13 09:02:00+00:00,0.070446,0.07045,0.070383,0.070388,3545818.010598407,,
2026-08-13 09:03:00+00:00,0.070388,0.070391,0.070299,0.070317,910344.437167842,,
2026-08-13 09:04:00+00:00,0.070317,0.07036,0.070297,0.070355,167289.0346558836,,
2026-08-13 09:05:00+00:00,0.070355,0.070362,0.0703,0.070302,125206.61968411856,,
2026-08-13 09:06:00+00:00,0.070302,0.070308,0.070237,0.070257,8374538.485367981,,
2026-08-13 09:07:00+00:00,0.070257,0.07032,0.070257,0.070302,3603463.584626383,,
2026-08-13 09:08:00+00:00,0.070302,0.070302,0.07029,0.0703,203024.7735609346,,
2026-08-13 09:09:00+00:00,0.0703,0.070306,0.070274,0.070274,7911661.554492741,,
2026-08-13 09:10:00+00:00,0.070274,0.070308,0.070272,0.070289,5311355.263701618,,
2026-08-13 09:11:00+00:00,0.070289,0.070308,0.070265,0.070271,9582403.988241142,,
2026-08-13 09:12:00+00:00,0.070271,0.0703,0.070263,0.0703,179009.4762750554,,
2026-08-13 09:13:00+00:00,0.0703,0.07035,0.070282,0.070295,8327196.115217725,,
2026-08-13 09:14:00+00:00,0.070295,0.070301,0.070226,0.070263,14003462.812154789,,
2026-08-13 09:15:00+00:00,0.070263,0.070308,0.070255,0.070299,1545629.1551168277,,
2026-08-13 09:16:00+00:00,0.070299,0.07035,0.07028,0.07035,5005352.491134194,,
2026-08-13 09:17:00+00:00,0.07035,0.070388,0.070334,0.070357,136938.50379864284,,
2026-08-13 09:18:00+00:00,0.070357,0.070401,0.070357,0.070401,105023.07603514566,,
2026-08-13 09:19:00+00:00,0.070401,0.070409,0.070383,0.07039,4445668.39864,,
2026-08-13 09:20:00+00:00,0.07039,0.070408,0.070345,0.070364,8831516.029274339,,
2026-08-13 09:21:00+00:00,0.070364,0.070375,0.070349,0.070366,165563.17665,,
2026-08-13 09:22:00+00:00,0.070366,0.070408,0.07036,0.070365,6685097.76374,,
2026-08-13 09:23:00+00:00,0.070365,0.07039,0.070359,0.070372,126849.43758,,
2026-08-13 09:24:00+00:00,0.070372,0.070392,0.070372,0.070373,130926.07014,,
2026-08-13 09:25:00+00:00,0.070373,0.0704,0.070348,0.070373,976757.0015998912,,
2026-08-13 09:26:00+00:00,0.070373,0.070399,0.070347,0.070379,3490773.85399978,,
2026-08-13 09:27:00+00:00,0.070379,0.0704,0.070363,0.070366,6072480.8269795785,,
2026-08-13 09:28:00+00:00,0.070366,0.070388,0.070353,0.070363,161642.85553590202,,
2026-08-13 09:29:00+00:00,0.070363,0.07039,0.070363,0.070372,51309.78569,,
2026-08-13 09:30:00+00:00,0.070372,0.0704,0.070372,0.0704,45730.9506,,
2026-08-13 09:31:00+00:00,0.0704,0.070402,0.070391,0.0704,163140.71849,,
2026-08-13 09:32:00+00:00,0.0704,0.07041,0.07039,0.070401,920117.5178064504,,
2026-08-13 09:33:00+00:00,0.070401,0.070441,0.070401,0.070421,4548233.933345211,,
2026-08-13 09:34:00+00:00,0.070421,0.070427,0.070399,0.070399,118723.35352,,
2026-08-13 09:35:00+00:00,0.070399,0.070399,0.070372,0.070372,5510760.46904,,
2026-08-13 09:36:00+00:00,0.070372,0.0704,0.070372,0.070373,4220922.41867,,
2026-08-13 09:37:00+00:00,0.070373,0.070395,0.07037,0.070378,96605.56605,,
2026-08-13 09:38:00+00:00,0.070378,0.070408,0.070372,0.070402,1599890.96078,,
2026-08-13 09:39:00+00:00,0.070402,0.070402,0.07039,0.070398,222509.26843,,
2026-08-13 09:40:00+00:00,0.070398,0.070408,0.07037,0.070397,6110549.15585,,
2026-08-13 09:41:00+00:00,0.070397,0.070408,0.070383,0.070399,2993881.79427,,
2026-08-13 09:42:00+00:00,0.070399,0.070401,0.07039,0.070396,119510.52585,,
2026-08-13 09:43:00+00:00,0.070396,0.070402,0.07039,0.070399,165107.76216,,
2026-08-13 09:44:00+00:00,0.070399,0.070412,0.070392,0.070402,1502560.04286,,
2026-08-13 09:45:00+00:00,0.070402,0.07044,0.0704,0.0704,1528646.4841885392,,
2026-08-13 09:46:00+00:00,0.0704,0.070443,0.0704,0.070442,58051.89286,,
2026-08-13 09:47:00+00:00,0.070442,0.07045,0.0704,0.07045,56448.20294082038,,
2026-08-13 09:48:00+00:00,0.07045,0.070465,0.07045,0.070465,50079.35537802492,,
2026-08-13 09:49:00+00:00,0.070465,0.070466,0.070407,0.070421,156622.54348995813,,
2026-08-13 09:50:00+00:00,0.070421,0.070439,0.07041,0.070426,185085.54654964624,,
2026-08-13 09:51:00+00:00,0.070426,0.070459,0.070425,0.070459,340526.80492,,
2026-08-13 09:52:00+00:00,0.070459,0.07046,0.070424,0.07044,117260.77315,,
2026-08-13 09:53:00+00:00,0.07044,0.0705,0.07044,0.070499,2048579.6392774123,,
2026-08-13 09:54:00+00:00,0.070499,0.070512,0.070471,0.070499,1401981.208734695,,
2026-08-13 09:55:00+00:00,0.070499,0.0705,0.070499,0.070499,96399.4768,,
2026-08-13 09:56:00+00:00,0.070499,0.0705,0.070499,0.0705,95689.14626,,
2026-08-13 09:57:00+00:00,0.0705,0.070506,0.07049,0.070505,1847885.44033,,
2026-08-13 09:58:00+00:00,0.070505,0.070519,0.070492,0.07051,4362300.454012124,,
2026-08-13 09:59:00+00:00,0.07051,0.070518,0.070492,0.070501,1595599.2728700452,,
2026-08-13 10:00:00+00:00,0.070501,0.070526,0.070459,0.070463,7396753.165196763,,
2026-08-13 10:01:00+00:00,0.070463,0.0705,0.070425,0.07043,433854.3977248139,,
2026-08-13 10:02:00+00:00,0.07043,0.07043,0.070382,0.070384,7200772.926901942,,
2026-08-13 10:03:00+00:00,0.070384,0.070399,0.07034,0.070365,5602922.050260853,,
2026-08-13 10:04:00+00:00,0.070365,0.070402,0.070347,0.070347,6877410.709824229,,
2026-08-13 10:05:00+00:00,0.070347,0.0704,0.070181,0.070252,18348557.02983625,,
2026-08-13 10:06:00+00:00,0.070252,0.0703,0.070217,0.0703,1115452.18228,,
2026-08-13 10:07:00+00:00,0.0703,0.070345,0.0702,0.070229,15251919.600875735,,
2026-08-13 10:08:00+00:00,0.070229,0.070229,0.070163,0.070188,4274045.27023,,
2026-08-13 10:09:00+00:00,0.070188,0.070202,0.070174,0.070174,9204128.28567,,
2026-08-13 10:10:00+00:00,0.070174,0.070218,0.070169,0.070217,4946184.38299,,
2026-08-13 10:11:00+00:00,0.070217,0.070217,0.07016,0.070182,16587598.328896657,,
2026-08-13 10:12:00+00:00,0.070182,0.070189,0.070142,0.070142,327152.28613,,
2026-08-13 10:13:00+00:00,0.070142,0.0702,0.070139,0.070158,1702183.513793416,,
2026-08-13 10:14:00+00:00,0.070158,0.070161,0.07015,0.07016,123883.69388,,
2026-08-13 10:15:00+00:00,0.07016,0.07016,0.070098,0.070098,2913887.184213472,,
2026-08-13 10:16:00+00:00,0.070098,0.07011,0.07008,0.07009,167922.1094078131,,
2026-08-13 10:17:00+00:00,0.07009,0.070108,0.070072,0.070091,6932476.28907,,
2026-08-13 10:18:00+00:00,0.070091,0.070161,0.070089,0.070157,7737890.789958132,,
2026-08-13 10:19:00+00:00,0.070157,0.070157,0.0701,0.070109,3572348.61591,,
2026-08-13 10:20:00+00:00,0.070109,0.070109,0.07008,0.070092,134362.80625959372,,
2026-08-13 10:21:00+00:00,0.070092,0.070167,0.07009,0.07013,4613566.500462638,,
2026-08-13 10:22:00+00:00,0.07013,0.070167,0.07011,0.070167,161907.6197247882,,
2026-08-13 10:23:00+00:00,0.070167,0.070168,0.070124,0.070159,148876.05423869373,,
2026-08-13 10:24:00+00:00,0.070159,0.070162,0.070118,0.070155,188656.21531,,
2026-08-13 10:25:00+00:00,0.070155,0.070161,0.070129,0.070132,136306.27732,,
2026-08-13 10:26:00+00:00,0.070132,0.070136,0.070132,0.070136,4264.149870654121,,
2026-08-13 10:27:00+00:00,0.070136,0.070159,0.06988,0.069956,21657445.030802634,,
2026-08-13 10:28:00+00:00,0.069956,0.07,0.069955,0.069999,124432.63465213536,,
2026-08-13 10:29:00+00:00,0.069999,0.070012,0.069984,0.069995,2950227.04118,,
2026-08-13 10:30:00+00:00,0.069995,0.070035,0.069995,0.070001,123212.96194,,
2026-08-13 10:31:00+00:00,0.070001,0.070001,0.069901,0.069901,3640469.97131,,
2026-08-13 10:32:00+00:00,0.069901,0.069957,0.069901,0.069947,4308950.76216,,
2026-08-13 10:33:00+00:00,0.069947,0.069948,0.069945,0.069948,45905.74495,,
2026-08-13 10:34:00+00:00,0.069948,0.069949,0.0699,0.069915,3043117.17596,,
2026-08-13 10:35:00+00:00,0.069915,0.069956,0.0699,0.069955,4197485.298366434,,
2026-08-13 10:36:00+00:00,0.069955,0.069975,0.06993,0.069972,152307.89622,,
2026-08-13 10:37:00+00:00,0.069972,0.07,0.06997,0.06997,123472.15783614929,,
2026-08-13 10:38:00+00:00,0.06997,0.07,0.06997,0.07,3684831.01148,,
2026-08-13 10:39:00+00:00,0.07,0.070002,0.06998,0.06998,140758.14992305747,,
2026-08-13 10:40:00+00:00,0.06998,0.070027,0.06998,0.070007,4528102.32172,,
2026-08-13 10:41:00+00:00,0.070007,0.07005,0.070007,0.070047,86067.07992,,
2026-08-13 10:42:00+00:00,0.070047,0.070108,0.07004,0.07007,10456930.451552868,,
2026-08-13 10:43:00+00:00,0.07007,0.070108,0.070065,0.07009,1599443.93425,,
2026-08-13 10:44:00+00:00,0.07009,0.070101,0.070075,0.070081,6954261.03001,,
2026-08-13 10:45:00+00:00,0.070081,0.070092,0.070068,0.070079,167318.65833,,
2026-08-13 10:46:00+00:00,0.070079,0.070081,0.070039,0.070041,698403.57884,,
2026-08-13 10:47:00+00:00,0.070041,0.07009,0.070039,0.07009,121789.90774,,
2026-08-13 10:48:00+00:00,0.07009,0.070092,0.070062,0.070092,187795.76142,,
2026-08-13 10:49:00+00:00,0.070092,0.0701,0.070065,0.0701,120873.67099,,
2026-08-13 10:50:00+00:00,0.0701,0.0701,0.070075,0.0701,4682208.04206,,
2026-08-13 10:51:00+00:00,0.0701,0.070101,0.070099,0.0701,296945.04015470255,,
2026-08-13 10:52:00+00:00,0.0701,0.07016,0.0701,0.070139,9023506.978206389,,
2026-08-13 10:53:00+00:00,0.070139,0.070142,0.070092,0.070112,3552933.830637832,,
2026-08-13 10:54:00+00:00,0.070112,0.070134,0.0701,0.0701,3158282.62953,,
2026-08-13 10:55:00+00:00,0.0701,0.070127,0.0701,0.070107,4527765.97191,,
2026-08-13 10:56:00+00:00,0.070107,0.070144,0.070107,0.070125,206531.90382,,
2026-08-13 10:57:00+00:00,0.070125,0.070136,0.07012,0.070136,79863.71699,,
2026-08-13 10:58:00+00:00,0.070136,0.070137,0.070098,0.070098,86363.33792,,
2026-08-13 10:59:00+00:00,0.070098,0.070118,0.070092,0.070105,3001850.3129816125,,
2026-08-13 11:00:00+00:00,0.070105,0.070127,0.070092,0.070127,6856943.09948643,,
2026-08-13 11:01:00+00:00,0.070127,0.070137,0.070108,0.07012,66562.26379,,
2026-08-13 11:02:00+00:00,0.07012,0.070147,0.070107,0.07013,86147.17813,,
2026-08-13 11:03:00+00:00,0.07013,0.070164,0.07013,0.070164,47539.56749,,
2026-08-13 11:04:00+00:00,0.070164,0.070164,0.070109,0.070121,66022.19646,,
2026-08-13 11:05:00+00:00,0.070121,0.07014,0.070092,0.070121,4528947.60006,,
2026-08-13 11:06:00+00:00,0.070121,0.070145,0.070092,0.070117,10584566.98986,,
2026-08-13 11:07:00+00:00,0.070117,0.07015,0.070115,0.07015,132844.85258,,
2026-08-13 11:08:00+00:00,0.07015,0.070166,0.070114,0.070159,99962.39619,,
2026-08-13 11:09:00+00:00,0.070159,0.07016,0.070127,0.070145,114432.79342,,
2026-08-13 11:10:00+00:00,0.070145,0.070156,0.070112,0.070112,116928.57726,,
2026-08-13 11:11:00+00:00,0.070112,0.070148,0.0701,0.070148,5117814.776501827,,
2026-08-13 11:12:00+00:00,0.070148,0.070158,0.070114,0.070127,214820.16458065412,,
2026-08-13 11:13:00+00:00,0.070127,0.070154,0.070127,0.070144,67276.79883,,
2026-08-13 11:14:00+00:00,0.070144,0.070161,0.070144,0.070158,88208.05897,,
2026-08-13 11:15:00+00:00,0.070158,0.07016,0.070125,0.070125,101975.7789,,
2026-08-13 11:16:00+00:00,0.070125,0.070139,0.070113,0.070113,94905.67116,,
2026-08-13 11:17:00+00:00,0.070113,0.070151,0.070091,0.070101,2981276.36692,,
2026-08-13 11:18:00+00:00,0.070101,0.07011,0.07009,0.070101,960125.44196,,
2026-08-13 11:19:00+00:00,0.070101,0.070103,0.070098,0.070102,79466.12593,,
2026-08-13 11:20:00+00:00,0.070102,0.070113,0.070098,0.070098,47789.4846,,
2026-08-13 11:21:00+00:00,0.070098,0.070113,0.070071,0.070091,7529270.11615,,
2026-08-13 11:22:00+00:00,0.070091,0.070112,0.070057,0.070079,5928996.837660437,,
2026-08-13 11:23:00+00:00,0.070079,0.0701,0.070054,0.070099,5505319.886988173,,
2026-08-13 11:24:00+00:00,0.070099,0.070102,0.070098,0.070102,50818.78379,,
2026-08-13 11:25:00+00:00,0.070102,0.070125,0.070088,0.070109,13322400.41204,,
2026-08-13 11:26:00+00:00,0.070109,0.070109,0.070084,0.070091,1850685.96233,,
2026-08-13 11:27:00+00:00,0.070091,0.070105,0.070086,0.070097,1016033.51567,,
2026-08-13 11:28:00+00:00,0.070097,0.070108,0.070072,0.070092,2987391.42407,,
2026-08-13 11:29:00+00:00,0.070092,0.070109,0.070052,0.070071,4154300.1274,,
2026-08-13 11:30:00+00:00,0.070071,0.070073,0.070012,0.070058,2630532.17652,,
2026-08-13 11:31:00+00:00,0.070058,0.070058,0.069964,0.069964,12529779.39993,,
2026-08-13 11:32:00+00:00,0.069964,0.06999,0.069938,0.06996,151962.87349938488,,
2026-08-13 11:33:00+00:00,0.06996,0.069973,0.069939,0.06994,54976.79338442379,,
2026-08-13 11:34:00+00:00,0.06994,0.07,0.069936,0.07,106639.1232444238,,
2026-08-13 11:35:00+00:00,0.07,0.07,0.069904,0.069935,13676355.63332,,
2026-08-13 11:36:00+00:00,0.069935,0.069988,0.069919,0.069965,147514.65839,,
2026-08-13 11:37:00+00:00,0.069965,0.070025,0.069965,0.070025,9293128.96474,,
2026-08-13 11:38:00+00:00,0.070025,0.070037,0.070008,0.07002,76405.12768,,
2026-08-13 11:39:00+00:00,0.07002,0.070051,0.070019,0.070039,84174.43656,,
2026-08-13 11:40:00+00:00,0.070039,0.070062,0.07,0.070034,126153.84504883166,,
2026-08-13 11:41:00+00:00,0.070034,0.07004,0.06999,0.06999,146901.51087,,
2026-08-13 11:42:00+00:00,0.06999,0.069996,0.069938,0.069973,5101542.7575,,
2026-08-13 11:43:00+00:00,0.069973,0.069998,0.069948,0.069987,7595779.93349,,
2026-08-13 11:44:00+00:00,0.069987,0.069999,0.069961,0.069983,1596024.4794,,
2026-08-13 11:45:00+00:00,0.069983,0.070008,0.069983,0.069998,4372474.46839,,
2026-08-13 11:46:00+00:00,0.069998,0.070027,0.069992,0.070027,6234906.67398,,
2026-08-13 11:47:00+00:00,0.070027,0.07003,0.069992,0.070009,3227321.14491,,
2026-08-13 11:48:00+00:00,0.070009,0.070019,0.069998,0.070001,81567.62797,,
2026-08-13 11:49:00+00:00,0.070001,0.070017,0.069992,0.070008,2922925.88143,,
2026-08-13 11:50:00+00:00,0.070008,0.070012,0.06999,0.07,2359937.70816,,
2026-08-13 11:51:00+00:00,0.07,0.070001,0.069966,0.069988,15245313.7461,,
2026-08-13 11:52:00+00:00,0.069988,0.070018,0.069981,0.070017,11623679.66459,,
2026-08-13 11:53:00+00:00,0.070017,0.070017,0.07,0.070016,2706508.49731,,
2026-08-13 11:54:00+00:00,0.070016,0.070026,0.07,0.070026,7204495.80889,,
2026-08-13 11:55:00+00:00,0.070026,0.070026,0.069995,0.07002,159727.01637,,
2026-08-13 11:56:00+00:00,0.07002,0.07002,0.069995,0.069998,89949.7711,,
2026-08-13 11:57:00+00:00,0.069998,0.070054,0.069998,0.070017,4557711.653975075,,
2026-08-13 11:58:00+00:00,0.070017,0.070047,0.070002,0.070032,5146653.68,,
2026-08-13 11:59:00+00:00,0.070032,0.070047,0.070031,0.070037,243672.43584,,
2026-08-13 12:00:00+00:00,0.070037,0.070038,0.070001,0.070002,156473.44685,,
2026-08-13 12:01:00+00:00,0.070002,0.070039,0.07,0.070039,6807970.48955,,
2026-08-13 12:02:00+00:00,0.070039,0.070069,0.070021,0.070036,366771.74481,,
2026-08-13 12:03:00+00:00,0.070036,0.070059,0.070016,0.070018,95856.14675,,
2026-08-13 12:04:00+00:00,0.070018,0.07006,0.070018,0.070055,132472.89691,,
2026-08-13 12:05:00+00:00,0.070055,0.070105,0.070055,0.070101,1590250.7827058365,,
2026-08-13 12:06:00+00:00,0.070101,0.070148,0.070101,0.070127,4567744.02051,,
2026-08-13 12:07:00+00:00,0.070127,0.070158,0.0701,0.070119,142070.36983096527,,
2026-08-13 12:08:00+00:00,0.070119,0.07016,0.070115,0.07016,88411.51204,,
2026-08-13 12:09:00+00:00,0.07016,0.070167,0.070137,0.070161,65339.70381,,
2026-08-13 12:10:00+00:00,0.070161,0.070205,0.070159,0.070205,3018862.02591,,
2026-08-13 12:11:00+00:00,0.070205,0.070219,0.070183,0.070198,1850797.86573,,
2026-08-13 12:12:00+00:00,0.070198,0.0702,0.070134,0.070134,3909955.13087,,
2026-08-13 12:13:00+00:00,0.070134,0.070134,0.070125,0.070127,97285.66866,,
2026-08-13 12:14:00+00:00,0.070127,0.070176,0.070127,0.070176,110468.88151,,
2026-08-13 12:15:00+00:00,0.070176,0.070178,0.070132,0.070134,153246.29492,,
2026-08-13 12:16:00+00:00,0.070134,0.070145,0.07013,0.070133,138442.18374316324,,
2026-08-13 12:17:00+00:00,0.070133,0.070138,0.0701,0.0701,3271908.203828668,,
2026-08-13 12:18:00+00:00,0.0701,0.070118,0.070096,0.070105,5789969.529586307,,
2026-08-13 12:19:00+00:00,0.070105,0.070135,0.070092,0.070135,1548747.4977,,
2026-08-13 12:20:00+00:00,0.070135,0.070144,0.070121,0.070137,59828.37818,,
2026-08-13 12:21:00+00:00,0.070137,0.070142,0.0701,0.0701,208637.37873825763,,
2026-08-13 12:22:00+00:00,0.0701,0.070128,0.0701,0.0701,5718962.23107,,
2026-08-13 12:23:00+00:00,0.0701,0.070123,0.0701,0.070123,2073266.15274,,
2026-08-13 12:24:00+00:00,0.070123,0.070147,0.070113,0.070131,90553.38013,,
2026-08-13 12:25:00+00:00,0.070131,0.070149,0.070114,0.070117,47145.06105,,
2026-08-13 12:26:00+00:00,0.070117,0.0702,0.070117,0.070199,2744898.215151801,,
2026-08-13 12:27:00+00:00,0.070199,0.0702,0.070171,0.070192,5361142.253336288,,
2026-08-13 12:28:00+00:00,0.070192,0.070212,0.070172,0.070202,2137309.05057,,
2026-08-13 12:29:00+00:00,0.070202,0.070202,0.070149,0.070149,6883381.4534,,
2026-08-13 12:30:00+00:00,0.070149,0.07032,0.070133,0.070172,15219139.69385,,
2026-08-13 12:31:00+00:00,0.070172,0.070173,0.070036,0.070036,9396961.470543187,,
2026-08-13 12:32:00+00:00,0.070036,0.0701,0.070036,0.0701,168403.52158281495,,
2026-08-13 12:33:00+00:00,0.0701,0.070168,0.0701,0.070167,5729911.44993,,
2026-08-13 12:34:00+00:00,0.070167,0.070226,0.070161,0.070212,48324873.94243,,
2026-08-13 12:35:00+00:00,0.070212,0.070302,0.0702,0.070223,21685290.78909889,,
2026-08-13 12:36:00+00:00,0.070223,0.070288,0.070222,0.070255,148703.90162,,
2026-08-13 12:37:00+00:00,0.070255,0.070261,0.070208,0.070229,123067.66217,,
2026-08-13 12:38:00+00:00,0.070229,0.070229,0.0702,0.070203,2100283.59057,,
2026-08-13 12:39:00+00:00,0.070203,0.070217,0.070175,0.070175,61847271.85102759,,
2026-08-13 12:40:00+00:00,0.070175,0.070188,0.070098,0.07013,155480.07201088977,,
2026-08-13 12:41:00+00:00,0.07013,0.07019,0.070117,0.070168,145707.59735759583,,
2026-08-13 12:42:00+00:00,0.070168,0.07019,0.070161,0.070161,85944.08553,,
2026-08-13 12:43:00+00:00,0.070161,0.070188,0.070161,0.070163,62851.42309,,
2026-08-13 12:44:00+00:00,0.070163,0.070188,0.070121,0.070158,2126083.26825,,
2026-08-13 12:45:00+00:00,0.070158,0.070161,0.070156,0.070161,108524.70162,,
2026-08-13 12:46:00+00:00,0.070161,0.070161,0.0701,0.0701,158744.1415,,
2026-08-13 12:47:00+00:00,0.0701,0.070117,0.070092,0.070101,2128844.89361,,
2026-08-13 12:48:00+00:00,0.070101,0.070127,0.07009,0.0701,6260215.55283,,
2026-08-13 12:49:00+00:00,0.0701,0.070156,0.070099,0.070156,10737024.89467,,
2026-08-13 12:50:00+00:00,0.070156,0.070166,0.070121,0.070127,130055.89335,,
2026-08-13 12:51:00+00:00,0.070127,0.070154,0.070114,0.070135,105191.28777,,
2026-08-13 12:52:00+00:00,0.070135,0.070156,0.070112,0.070144,381485.53631,,
2026-08-13 12:53:00+00:00,0.070144,0.070151,0.070112,0.070119,249146.70897,,
2026-08-13 12:54:00+00:00,0.070119,0.07016,0.070119,0.070157,104049.89028,,
2026-08-13 12:55:00+00:00,0.070157,0.070165,0.070127,0.070159,129273.04163,,
2026-08-13 12:56:00+00:00,0.070159,0.070203,0.070155,0.070201,1830581.11914,,
2026-08-13 12:57:00+00:00,0.070201,0.070259,0.070201,0.070227,100885.69633,,
2026-08-13 12:58:00+00:00,0.070227,0.070245,0.070213,0.070222,100116.66914,,
2026-08-13 12:59:00+00:00,0.070222,0.07024,0.070209,0.070225,86925.83842,,
2026-08-13 13:00:00+00:00,0.070225,0.070245,0.0702,0.070239,4555836.64831,,
2026-08-13 13:01:00+00:00,0.070239,0.070251,0.070215,0.070243,125602.64888,,
2026-08-13 13:02:00+00:00,0.070243,0.07028,0.070243,0.070272,155884.4061,,
2026-08-13 13:03:00+00:00,0.070272,0.0703,0.070269,0.070299,7882869.85668,,
2026-08-13 13:04:00+00:00,0.070299,0.070299,0.07022,0.070223,7807445.32517,,
2026-08-13 13:05:00+00:00,0.070223,0.070231,0.070199,0.0702,189876.5902966216,,
2026-08-13 13:06:00+00:00,0.0702,0.070271,0.0702,0.070268,7135727.471783343,,
2026-08-13 13:07:00+00:00,0.070268,0.0703,0.07024,0.070287,5755277.53039,,
2026-08-13 13:08:00+00:00,0.070287,0.070287,0.07023,0.070239,183625.63206,,
2026-08-13 13:09:00+00:00,0.070239,0.070239,0.070195,0.070198,4415334.45634,,
2026-08-13 13:10:00+00:00,0.070198,0.070227,0.070191,0.0702,6974107.715299232,,
2026-08-13 13:11:00+00:00,0.0702,0.070217,0.070198,0.070198,1546798.7512692316,,
2026-08-13 13:12:00+00:00,0.070198,0.07021,0.070191,0.070198,131958.2241,,
2026-08-13 13:13:00+00:00,0.070198,0.07021,0.070163,0.070193,10407903.75326,,
2026-08-13 13:14:00+00:00,0.070193,0.0702,0.070142,0.070142,193461.9607009061,,
2026-08-13 13:15:00+00:00,0.070142,0.070143,0.07007,0.070096,10094798.126230888,,
2026-08-13 13:16:00+00:00,0.070096,0.07012,0.070075,0.07012,2183903.57476,,
2026-08-13 13:17:00+00:00,0.07012,0.070126,0.070092,0.070106,10265117.10428,,
2026-08-13 13:18:00+00:00,0.070106,0.070106,0.070075,0.070089,9300521.49739,,
2026-08-13 13:19:00+00:00,0.070089,0.070108,0.070083,0.070088,6977967.67752,,
2026-08-13 13:20:00+00:00,0.070088,0.070108,0.070049,0.070084,4764418.14255,,
2026-08-13 13:21:00+00:00,0.070084,0.070109,0.07006,0.070098,5820489.57925,,
2026-08-13 13:22:00+00:00,0.070098,0.070104,0.070088,0.070101,1552956.74691,,
2026-08-13 13:23:00+00:00,0.070101,0.070101,0.070045,0.070045,3681183.16764,,
2026-08-13 13:24:00+00:00,0.070045,0.070045,0.070033,0.070033,109101.13491,,
2026-08-13 13:25:00+00:00,0.070033,0.070033,0.069975,0.07,5060576.58606,,
2026-08-13 13:26:00+00:00,0.07,0.07004,0.07,0.070039,5367847.2672,,
2026-08-13 13:27:00+00:00,0.070039,0.070045,0.069984,0.06999,3065447.76436,,
2026-08-13 13:28:00+00:00,0.06999,0.070001,0.06999,0.07,118808.21018,,
2026-08-13 13:29:00+00:00,0.07,0.070037,0.069992,0.07003,2937009.50005,,
2026-08-13 13:30:00+00:00,0.07003,0.070037,0.069998,0.070025,9559796.32553,,
2026-08-13 13:31:00+00:00,0.070025,0.070091,0.07,0.070021,3940563.18895,,
2026-08-13 13:32:00+00:00,0.070021,0.070057,0.070002,0.070057,9486580.77901,,
2026-08-13 13:33:00+00:00,0.070057,0.070129,0.07004,0.070101,9729240.59972,,
2026-08-13 13:34:00+00:00,0.070101,0.070189,0.0701,0.070188,490825.509854612,,
2026-08-13 13:35:00+00:00,0.070188,0.070226,0.070178,0.070202,5766211.90543,,
2026-08-13 13:36:00+00:00,0.070202,0.07021,0.070165,0.070203,2380558.54493,,
2026-08-13 13:37:00+00:00,0.070203,0.070235,0.07019,0.070201,10566996.062021833,,
2026-08-13 13:38:00+00:00,0.070201,0.070225,0.070188,0.070197,8268547.80611,,
2026-08-13 13:39:00+00:00,0.070197,0.070201,0.070184,0.070191,1627495.48595,,
2026-08-13 13:40:00+00:00,0.070191,0.070239,0.070191,0.07022,11948854.6852,,
2026-08-13 13:41:00+00:00,0.07022,0.070301,0.07022,0.07029,8124882.901687221,,
2026-08-13 13:42:00+00:00,0.07029,0.0703,0.070265,0.0703,4504581.75379,,
2026-08-13 13:43:00+00:00,0.0703,0.070362,0.070296,0.0703,5906191.953665055,,
2026-08-13 13:44:00+00:00,0.0703,0.0703,0.070242,0.07027,3139105.60641,,
2026-08-13 13:45:00+00:00,0.07027,0.07027,0.0702,0.0702,2222596.45859,,
2026-08-13 13:46:00+00:00,0.0702,0.070235,0.070174,0.070235,33312907.04447,,
2026-08-13 13:47:00+00:00,0.070235,0.070241,0.0702,0.070221,24923350.15718,,
2026-08-13 13:48:00+00:00,0.070221,0.070287,0.070201,0.070219,18484268.15449,,
2026-08-13 13:49:00+00:00,0.070219,0.070294,0.070219,0.070294,97612.98098,,
2026-08-13 13:50:00+00:00,0.070294,0.070294,0.070234,0.07026,242704.39824,,
2026-08-13 13:51:00+00:00,0.07026,0.070268,0.070201,0.07023,4921119.75968,,
2026-08-13 13:52:00+00:00,0.07023,0.070251,0.070188,0.070188,8893247.97775,,
2026-08-13 13:53:00+00:00,0.070188,0.07021,0.070175,0.070198,4194041.35986,,
2026-08-13 13:54:00+00:00,0.070198,0.070205,0.07019,0.070201,1041911.43602,,
2026-08-13 13:55:00+00:00,0.070201,0.070208,0.070184,0.070188,2918653.46928,,
2026-08-13 13:56:00+00:00,0.070188,0.0702,0.070152,0.070164,603779.12785,,
2026-08-13 13:57:00+00:00,0.070164,0.070208,0.070161,0.070188,9295013.76174,,
2026-08-13 13:58:00+00:00,0.070188,0.070217,0.070162,0.070193,10058504.63797,,
2026-08-13 13:59:00+00:00,0.070193,0.070208,0.070172,0.070199,1077062.60006,,
2026-08-13 14:00:00+00:00,0.070199,0.070208,0.070141,0.07019,10077305.36864,,
2026-08-13 14:01:00+00:00,0.07019,0.070208,0.070172,0.070172,10611705.81492196,,
2026-08-13 14:02:00+00:00,0.070172,0.07021,0.070172,0.070198,994349.9664390306,,
2026-08-13 14:03:00+00:00,0.070198,0.070208,0.070163,0.070164,6769459.03563,,
2026-08-13 14:04:00+00:00,0.070164,0.070181,0.070145,0.070146,196157.7999,,
2026-08-13 14:05:00+00:00,0.070146,0.0702,0.070145,0.070171,3093145.36091,,
2026-08-13 14:06:00+00:00,0.070171,0.070171,0.070134,0.070134,220871.13523,,
2026-08-13 14:07:00+00:00,0.070134,0.070156,0.07009,0.070142,7072524.39614,,
2026-08-13 14:08:00+00:00,0.070142,0.070143,0.070063,0.070082,14385440.23198038,,
2026-08-13 14:09:00+00:00,0.070082,0.070112,0.070051,0.070112,4406417.083128243,,
2026-08-13 14:10:00+00:00,0.070112,0.070155,0.0701,0.07014,4774958.345510443,,
2026-08-13 14:11:00+00:00,0.07014,0.0702,0.070112,0.0702,1218328.932,,
2026-08-13 14:12:00+00:00,0.0702,0.070336,0.070184,0.070335,13011550.25834,,
2026-08-13 14:13:00+00:00,0.070335,0.070335,0.070198,0.070198,8379921.162825971,,
2026-08-13 14:14:00+00:00,0.070198,0.070203,0.070163,0.070163,2265410.78196,,
2026-08-13 14:15:00+00:00,0.070163,0.070225,0.070149,0.070205,6367414.89205,,
2026-08-13 14:16:00+00:00,0.070205,0.070205,0.070151,0.070155,9369465.30783,,
2026-08-13 14:17:00+00:00,0.070155,0.070201,0.070155,0.070197,7852515.02755,,
2026-08-13 14:18:00+00:00,0.070197,0.070208,0.070155,0.070155,15481965.60906,,
2026-08-13 14:19:00+00:00,0.070155,0.0702,0.070155,0.070163,5281752.8347,,
2026-08-13 14:20:00+00:00,0.070163,0.070195,0.07014,0.070164,7133366.49282,,
2026-08-13 14:21:00+00:00,0.070164,0.070201,0.07015,0.070199,6396692.99738,,
2026-08-13 14:22:00+00:00,0.070199,0.0702,0.070161,0.07018,7213900.26512,,
2026-08-13 14:23:00+00:00,0.07018,0.07018,0.070124,0.070124,917241.4080449004,,
2026-08-13 14:24:00+00:00,0.070124,0.070136,0.070113,0.070128,91650.2926019362,,
2026-08-13 14:25:00+00:00,0.070128,0.070131,0.0701,0.070101,145739.8675,,
2026-08-13 14:26:00+00:00,0.070101,0.070125,0.070075,0.070075,15531202.65981,,
2026-08-13 14:27:00+00:00,0.070075,0.070101,0.070017,0.070039,2264228.32152,,
2026-08-13 14:28:00+00:00,0.070039,0.070075,0.070014,0.070067,3104575.874299384,,
2026-08-13 14:29:00+00:00,0.070067,0.070102,0.070049,0.070088,150280.21792074965,,
2026-08-13 14:30:00+00:00,0.070088,0.070088,0.07,0.070021,7893974.4173306655,,
2026-08-13 14:31:00+00:00,0.070021,0.070101,0.070021,0.070101,201910.56781,,
2026-08-13 14:32:00+00:00,0.070101,0.070165,0.070101,0.070134,2160925.89301,,
2026-08-13 14:33:00+00:00,0.070134,0.070199,0.07012,0.070135,504566.37801,,
2026-08-13 14:34:00+00:00,0.070135,0.0702,0.07013,0.070164,6671199.54934,,
2026-08-13 14:35:00+00:00,0.070164,0.070226,0.07016,0.070197,12649794.38816,,
2026-08-13 14:36:00+00:00,0.070197,0.07021,0.070183,0.070194,3828010.58164,,
2026-08-13 14:37:00+00:00,0.070194,0.070219,0.070174,0.070219,8132812.56121,,
2026-08-13 14:38:00+00:00,0.070219,0.070219,0.070175,0.0702,9181089.184324484,,
2026-08-13 14:39:00+00:00,0.0702,0.070201,0.070165,0.070176,1860850.37261,,
2026-08-13 14:40:00+00:00,0.070176,0.070192,0.070145,0.070188,165651.40544,,
2026-08-13 14:41:00+00:00,0.070188,0.0702,0.070165,0.070199,118235.46267,,
2026-08-13 14:42:00+00:00,0.070199,0.070207,0.070171,0.070188,13857758.1894,,
2026-08-13 14:43:00+00:00,0.070188,0.070208,0.070163,0.0702,7873302.48783,,
2026-08-13 14:44:00+00:00,0.0702,0.070217,0.070183,0.070207,4661288.87829,,
2026-08-13 14:45:00+00:00,0.070207,0.070229,0.0702,0.070201,7558787.20475,,
2026-08-13 14:46:00+00:00,0.070201,0.070201,0.070142,0.070172,7147212.21266,,
2026-08-13 14:47:00+00:00,0.070172,0.0702,0.070154,0.070179,6269631.27724,,
2026-08-13 14:48:00+00:00,0.070179,0.070179,0.070128,0.070132,265186.53544,,
2026-08-13 14:49:00+00:00,0.070132,0.070164,0.070092,0.070099,1555577.8979858567,,
2026-08-13 14:50:00+00:00,0.070099,0.070101,0.070091,0.070098,138185.41746,,
2026-08-13 14:51:00+00:00,0.070098,0.070117,0.070098,0.070114,1504373.93259,,
2026-08-13 14:52:00+00:00,0.070114,0.070118,0.070084,0.070084,8094750.4421,,
2026-08-13 14:53:00+00:00,0.070084,0.070108,0.070084,0.070084,5905429.96935,,
2026-08-13 14:54:00+00:00,0.070084,0.070126,0.070084,0.070126,13885783.09522,,
2026-08-13 14:55:00+00:00,0.070126,0.070137,0.070101,0.070121,9220168.79459,,
2026-08-13 14:56:00+00:00,0.070121,0.070138,0.070092,0.070099,155680.82832,,
2026-08-13 14:57:00+00:00,0.070099,0.070108,0.070084,0.070092,1570493.86377,,
2026-08-13 14:58:00+00:00,0.070092,0.070126,0.070092,0.070101,7812916.50925,,
2026-08-13 14:59:00+00:00,0.070101,0.070101,0.070101,0.070101,0.0,,
2026-08-13 15:00:00+00:00,0.070101,0.070166,0.070101,0.070166,1870741.43674,,
2026-08-13 15:01:00+00:00,0.070166,0.070201,0.070166,0.070199,434001.27046,,
2026-08-13 15:02:00+00:00,0.070199,0.070226,0.070199,0.070221,11779229.99115,,
2026-08-13 15:03:00+00:00,0.070221,0.070225,0.070193,0.070212,10903839.65969,,
2026-08-13 15:04:00+00:00,0.070212,0.070226,0.070192,0.070212,5948028.92517,,
2026-08-13 15:05:00+00:00,0.070212,0.070212,0.070117,0.07013,9252970.58147,,
2026-08-13 15:06:00+00:00,0.07013,0.07013,0.070092,0.070117,3279523.51693,,
2026-08-13 15:07:00+00:00,0.070117,0.070117,0.07004,0.07004,6841787.98839,,
2026-08-13 15:08:00+00:00,0.07004,0.070082,0.070038,0.070038,243727.72398,,
2026-08-13 15:09:00+00:00,0.070038,0.070066,0.070031,0.07004,112471.46313,,
2026-08-13 15:10:00+00:00,0.07004,0.070088,0.070035,0.070064,148778.54796909433,,
2026-08-13 15:11:00+00:00,0.070064,0.070099,0.070064,0.070092,24724.16186,,
2026-08-13 15:12:00+00:00,0.070092,0.070132,0.070088,0.070088,3257984.6443806672,,
2026-08-13 15:13:00+00:00,0.070088,0.070099,0.07004,0.07004,8539677.784525823,,
2026-08-13 15:14:00+00:00,0.07004,0.070044,0.070038,0.070041,67619.47537,,
2026-08-13 15:15:00+00:00,0.070041,0.070069,0.070014,0.070045,232440.46732,,
2026-08-13 15:16:00+00:00,0.070045,0.070108,0.070044,0.070091,5883413.61851,,
2026-08-13 15:17:00+00:00,0.070091,0.070141,0.070083,0.070141,7176385.60118,,
2026-08-13 15:18:00+00:00,0.070141,0.070222,0.070114,0.070135,986816.7645804108,,
2026-08-13 15:19:00+00:00,0.070135,0.070186,0.070115,0.070172,2677850.01726,,
2026-08-13 15:20:00+00:00,0.070172,0.070192,0.070145,0.070173,1033888.80322,,
2026-08-13 15:21:00+00:00,0.070173,0.070208,0.070152,0.07019,1570827.25627,,
2026-08-13 15:22:00+00:00,0.07019,0.070216,0.070134,0.070134,8768294.14561,,
2026-08-13 15:23:00+00:00,0.070134,0.070162,0.070074,0.070099,13167442.206579473,,
2026-08-13 15:24:00+00:00,0.070099,0.07013,0.070099,0.0701,5616424.57035,,
2026-08-13 15:25:00+00:00,0.0701,0.0701,0.070069,0.070082,7062519.68749,,
2026-08-13 15:26:00+00:00,0.070082,0.070082,0.07004,0.070041,487940.35531,,
2026-08-13 15:27:00+00:00,0.070041,0.070068,0.069965,0.070011,10062860.23334,,
2026-08-13 15:28:00+00:00,0.070011,0.070011,0.069834,0.069834,4585500.803854495,,
2026-08-13 15:29:00+00:00,0.069834,0.069868,0.069782,0.069857,16161959.180355929,,
2026-08-13 15:30:00+00:00,0.069857,0.069857,0.069774,0.069805,5155800.52462,,
2026-08-13 15:31:00+00:00,0.069805,0.069845,0.069788,0.069833,8733112.23955,,
2026-08-13 15:32:00+00:00,0.069833,0.069854,0.069802,0.069854,3716826.36947,,
2026-08-13 15:33:00+00:00,0.069854,0.069917,0.069854,0.069888,12984404.38629,,
2026-08-13 15:34:00+00:00,0.069888,0.069899,0.069818,0.069866,2278809.78228,,
2026-08-13 15:35:00+00:00,0.069866,0.069901,0.069866,0.069899,2895393.78184,,
2026-08-13 15:36:00+00:00,0.069899,0.069947,0.069898,0.069947,3235059.10432,,
2026-08-13 15:37:00+00:00,0.069947,0.069947,0.069901,0.069938,1845966.95859,,
2026-08-13 15:38:00+00:00,0.069938,0.069946,0.069901,0.069946,10189922.17807,,
2026-08-13 15:39:00+00:00,0.069946,0.069964,0.069946,0.069963,127676.89146,,
2026-08-13 15:40:00+00:00,0.069963,0.07,0.069963,0.07,1332357.715089389,,
2026-08-13 15:41:00+00:00,0.07,0.07,0.069972,0.069972,8552227.11765,,
2026-08-13 15:42:00+00:00,0.069972,0.070006,0.069972,0.070003,967778.98541,,
2026-08-13 15:43:00+00:00,0.070003,0.07005,0.069992,0.070035,8104818.56143,,
2026-08-13 15:44:00+00:00,0.070035,0.070038,0.069989,0.070001,1022568.06303,,
2026-08-13 15:45:00+00:00,0.070001,0.070002,0.069962,0.069962,9845044.52274,,
2026-08-13 15:46:00+00:00,0.069962,0.069962,0.0699,0.0699,154884.92735,,
2026-08-13 15:47:00+00:00,0.0699,0.069932,0.069859,0.069912,19303176.04684,,
2026-08-13 15:48:00+00:00,0.069912,0.069919,0.069869,0.069888,12564437.60464,,
2026-08-13 15:49:00+00:00,0.069888,0.069902,0.069862,0.069901,713626.4429,,
2026-08-13 15:50:00+00:00,0.069901,0.069975,0.0699,0.06994,10656483.53573,,
2026-08-13 15:51:00+00:00,0.06994,0.06994,0.069884,0.069901,9738000.94403,,
2026-08-13 15:52:00+00:00,0.069901,0.069908,0.069867,0.069873,8146154.094242141,,
2026-08-13 15:53:00+00:00,0.069873,0.069873,0.069784,0.069803,6196782.57952,,
2026-08-13 15:54:00+00:00,0.069803,0.069819,0.069772,0.069815,16619707.18924,,
2026-08-13 15:55:00+00:00,0.069815,0.069815,0.06978,0.069802,4150572.5985122607,,
2026-08-13 15:56:00+00:00,0.069802,0.069841,0.069801,0.069812,21149422.15263,,
2026-08-13 15:57:00+00:00,0.069812,0.069827,0.069776,0.069776,16930843.22065,,
2026-08-13 15:58:00+00:00,0.069776,0.069807,0.069729,0.069775,6915475.113661748,,
2026-08-13 15:59:00+00:00,0.069775,0.069775,0.069675,0.069698,9881059.690376692,,
2026-08-13 16:00:00+00:00,0.069698,0.069703,0.06958,0.069675,5505874.517183494,,
2026-08-13 16:01:00+00:00,0.069675,0.069705,0.06962,0.06962,9456110.600352429,,
2026-08-13 16:02:00+00:00,0.06962,0.069668,0.069555,0.069668,30189848.549266413,,
2026-08-13 16:03:00+00:00,0.069668,0.069702,0.069668,0.069702,5597339.167797083,,
2026-08-13 16:04:00+00:00,0.069702,0.069709,0.069659,0.06969,16632558.647023182,,
2026-08-13 16:05:00+00:00,0.06969,0.069726,0.069673,0.069712,21986294.73564,,
2026-08-13 16:06:00+00:00,0.069712,0.069746,0.069673,0.069683,13618772.77116,,
2026-08-13 16:07:00+00:00,0.069683,0.069708,0.069608,0.069669,22501168.00468,,
2026-08-13 16:08:00+00:00,0.069669,0.069712,0.069594,0.069712,7504349.17587,,
2026-08-13 16:09:00+00:00,0.069712,0.069731,0.069652,0.069652,8508010.16636,,
2026-08-13 16:10:00+00:00,0.069652,0.069702,0.06964,0.069702,1932470.65597,,
2026-08-13 16:11:00+00:00,0.069702,0.069769,0.069701,0.069756,7511239.67563,,
2026-08-13 16:12:00+00:00,0.069756,0.069767,0.069718,0.069731,226969.24736789748,,
2026-08-13 16:13:00+00:00,0.069731,0.069733,0.069672,0.069699,6234071.450884097,,
2026-08-13 16:14:00+00:00,0.069699,0.069762,0.069699,0.069759,7821432.97669,,
2026-08-13 16:15:00+00:00,0.069759,0.06978,0.069747,0.069772,154112.75582,,
2026-08-13 16:16:00+00:00,0.069772,0.069799,0.069747,0.069773,1633013.00028,,
2026-08-13 16:17:00+00:00,0.069773,0.069799,0.069734,0.069774,7598691.841464424,,
2026-08-13 16:18:00+00:00,0.069774,0.069799,0.069769,0.069798,6027593.23127,,
2026-08-13 16:19:00+00:00,0.069798,0.0698,0.069773,0.0698,6903702.66617,,
2026-08-13 16:20:00+00:00,0.0698,0.0698,0.069713,0.069799,9465739.04894702,,
2026-08-13 16:21:00+00:00,0.069799,0.069893,0.069799,0.069891,17945273.79372298,,
2026-08-13 16:22:00+00:00,0.069891,0.069939,0.069879,0.069925,13448113.2522531,,
2026-08-13 16:23:00+00:00,0.069925,0.069928,0.069898,0.069898,141600.91834,,
2026-08-13 16:24:00+00:00,0.069898,0.069939,0.069898,0.069928,7682398.63902,,
2026-08-13 16:25:00+00:00,0.069928,0.06996,0.06992,0.069943,3585614.32595,,
2026-08-13 16:26:00+00:00,0.069943,0.069943,0.069918,0.069936,84667.61081,,
2026-08-13 16:27:00+00:00,0.069936,0.069936,0.069865,0.069865,23060747.68471,,
2026-08-13 16:28:00+00:00,0.069865,0.069872,0.069809,0.069812,4556965.80846,,
2026-08-13 16:29:00+00:00,0.069812,0.069817,0.069774,0.069817,6859740.27080476,,
2026-08-13 16:30:00+00:00,0.069817,0.06987,0.069792,0.06987,9489312.267528418,,
2026-08-13 16:31:00+00:00,0.06987,0.069875,0.069795,0.069871,6744183.99613,,
2026-08-13 16:32:00+00:00,0.069871,0.069888,0.069831,0.069877,151954.19511,,
2026-08-13 16:33:00+00:00,0.069877,0.069877,0.069831,0.069864,1635374.19082,,
2026-08-13 16:34:00+00:00,0.069864,0.069888,0.0698,0.069876,7161664.94485,,
2026-08-13 16:35:00+00:00,0.069876,0.069917,0.069865,0.069905,1574430.06112,,
2026-08-13 16:36:00+00:00,0.069905,0.069919,0.069883,0.069888,8805014.44294,,
2026-08-13 16:37:00+00:00,0.069888,0.069899,0.06984,0.06984,3391405.46208,,
2026-08-13 16:38:00+00:00,0.06984,0.06984,0.069798,0.069801,2992434.9169,,
2026-08-13 16:39:00+00:00,0.069801,0.069802,0.069588,0.069716,36774543.13856,,
2026-08-13 16:40:00+00:00,0.069716,0.069725,0.069654,0.069654,81026083.83024,,
2026-08-13 16:41:00+00:00,0.069654,0.069708,0.069423,0.069514,15768564.50941562,,
2026-08-13 16:42:00+00:00,0.069514,0.069586,0.0695,0.06953,1619789.45294,,
2026-08-13 16:43:00+00:00,0.06953,0.069626,0.06953,0.069626,23347465.429692283,,
2026-08-13 16:44:00+00:00,0.069626,0.069797,0.069609,0.069797,15668012.99516582,,
2026-08-13 16:45:00+00:00,0.069797,0.069797,0.069718,0.069733,284421.85299,,
2026-08-13 16:46:00+00:00,0.069733,0.069782,0.0697,0.069779,15780868.97066,,
2026-08-13 16:47:00+00:00,0.069779,0.069812,0.069732,0.069812,3887051.96138,,
2026-08-13 16:48:00+00:00,0.069812,0.069887,0.069801,0.069886,4810801.9151,,
2026-08-13 16:49:00+00:00,0.069886,0.069935,0.069884,0.069885,9153977.85971108,,
2026-08-13 16:50:00+00:00,0.069885,0.069967,0.069885,0.069967,4297196.30243,,
2026-08-13 16:51:00+00:00,0.069967,0.069999,0.06996,0.069965,3323813.03384,,
2026-08-13 16:52:00+00:00,0.069965,0.069989,0.069868,0.069868,10317292.51203,,
2026-08-13 16:53:00+00:00,0.069868,0.069868,0.0698,0.069861,796098.20077,,
2026-08-13 16:54:00+00:00,0.069861,0.069861,0.069752,0.069752,12270826.55019,,
2026-08-13 16:55:00+00:00,0.069752,0.069799,0.06973,0.06973,9003563.34007,,
2026-08-13 16:56:00+00:00,0.06973,0.069799,0.069701,0.069772,12336297.93734,,
2026-08-13 16:57:00+00:00,0.069772,0.069772,0.069737,0.06974,91941.8325,,
2026-08-13 16:58:00+00:00,0.06974,0.069771,0.069731,0.069731,149007.7254,,
2026-08-13 16:59:00+00:00,0.069731,0.069784,0.069731,0.06974,86598.97106,,
2026-08-13 17:00:00+00:00,0.06974,0.069799,0.069731,0.069788,9012935.96600703,,
2026-08-13 17:01:00+00:00,0.069788,0.0698,0.069755,0.0698,6114524.41438,,
2026-08-13 17:02:00+00:00,0.0698,0.069817,0.069729,0.069729,6585932.17939,,
2026-08-13 17:03:00+00:00,0.069729,0.0698,0.069729,0.069799,556572.86997,,
2026-08-13 17:04:00+00:00,0.069799,0.069842,0.06979,0.069817,10471575.95782,,
2026-08-13 17:05:00+00:00,0.069817,0.069861,0.06979,0.069798,7660906.29091,,
2026-08-13 17:06:00+00:00,0.069798,0.06987,0.069798,0.06984,2584445.51631,,
2026-08-13 17:07:00+00:00,0.06984,0.069861,0.069816,0.069855,160200.01187,,
2026-08-13 17:08:00+00:00,0.069855,0.069855,0.069783,0.069795,11066435.94736869,,
2026-08-13 17:09:00+00:00,0.069795,0.069856,0.069795,0.069812,7330360.37378,,
2026-08-13 17:10:00+00:00,0.069812,0.069876,0.069808,0.06984,2622839.87628,,
2026-08-13 17:11:00+00:00,0.06984,0.069872,0.069816,0.069865,3141229.55096,,
2026-08-13 17:12:00+00:00,0.069865,0.0699,0.069811,0.069822,4135927.114624026,,
2026-08-13 17:13:00+00:00,0.069822,0.06984,0.069792,0.069812,4422787.98419,,
2026-08-13 17:14:00+00:00,0.069812,0.069829,0.0698,0.069812,10091382.67425,,
2026-08-13 17:15:00+00:00,0.069812,0.069838,0.0698,0.069826,11321354.97955372,,
2026-08-13 17:16:00+00:00,0.069826,0.069884,0.069826,0.069855,776361.64458,,
2026-08-13 17:17:00+00:00,0.069855,0.069889,0.069801,0.069809,3121458.80366,,
2026-08-13 17:18:00+00:00,0.069809,0.069828,0.069801,0.069801,12923832.191592157,,
2026-08-13 17:19:00+00:00,0.069801,0.069801,0.06976,0.069781,8250217.77088,,
2026-08-13 17:20:00+00:00,0.069781,0.069827,0.069758,0.069827,5909415.90787,,
2026-08-13 17:21:00+00:00,0.069827,0.069897,0.069827,0.069882,5717796.36205,,
2026-08-13 17:22:00+00:00,0.069882,0.069892,0.06984,0.069865,189162.65631,,
2026-08-13 17:23:00+00:00,0.069865,0.069886,0.06984,0.06987,371346.47062,,
2026-08-13 17:24:00+00:00,0.06987,0.069891,0.069861,0.069869,112366.49906,,
2026-08-13 17:25:00+00:00,0.069869,0.069906,0.069861,0.069861,7150613.82813,,
2026-08-13 17:26:00+00:00,0.069861,0.069888,0.069845,0.069871,220369.93613,,
2026-08-13 17:27:00+00:00,0.069871,0.069871,0.069819,0.069835,147218.43018,,
2026-08-13 17:28:00+00:00,0.069835,0.069835,0.069805,0.069821,87211.60764,,
2026-08-13 17:29:00+00:00,0.069821,0.069858,0.069819,0.06985,133940.8921302877,,
2026-08-13 17:30:00+00:00,0.06985,0.069867,0.069816,0.069866,130629.35486,,
2026-08-13 17:31:00+00:00,0.069866,0.06987,0.069821,0.069826,185089.52819,,
2026-08-13 17:32:00+00:00,0.069826,0.069967,0.06981,0.069959,10338456.48571,,
2026-08-13 17:33:00+00:00,0.069959,0.069959,0.069901,0.069926,8891096.2904,,
2026-08-13 17:34:00+00:00,0.069926,0.069946,0.069901,0.069907,3202469.9889,,
2026-08-13 17:35:00+00:00,0.069907,0.069907,0.069872,0.069881,12542856.69851,,
2026-08-13 17:36:00+00:00,0.069881,0.069899,0.069863,0.069865,5458071.29723,,
2026-08-13 17:37:00+00:00,0.069865,0.069865,0.069801,0.069858,3122095.06883,,
2026-08-13 17:38:00+00:00,0.069858,0.069904,0.069858,0.069874,3126605.06297,,
2026-08-13 17:39:00+00:00,0.069874,0.069889,0.069843,0.069865,409738.1588,,
2026-08-13 17:40:00+00:00,0.069865,0.069908,0.069865,0.069891,4064433.51542,,
2026-08-13 17:41:00+00:00,0.069891,0.069901,0.06987,0.069901,5863502.56326,,
2026-08-13 17:42:00+00:00,0.069901,0.069902,0.069882,0.069888,2996161.50576,,
2026-08-13 17:43:00+00:00,0.069888,0.069908,0.069883,0.069888,7933807.76201,,
2026-08-13 17:44:00+00:00,0.069888,0.069923,0.069882,0.069912,16774262.26158,,
2026-08-13 17:45:00+00:00,0.069912,0.069944,0.069892,0.069944,6310741.76838,,
2026-08-13 17:46:00+00:00,0.069944,0.069955,0.069892,0.069908,1611278.6967004545,,
2026-08-13 17:47:00+00:00,0.069908,0.06992,0.069892,0.069899,7664150.649014288,,
2026-08-13 17:48:00+00:00,0.069899,0.069902,0.06989,0.069896,112184.84514321008,,
2026-08-13 17:49:00+00:00,0.069896,0.069902,0.069891,0.069902,172039.32881,,
2026-08-13 17:50:00+00:00,0.069902,0.069902,0.069874,0.069874,5883321.03919,,
2026-08-13 17:51:00+00:00,0.069874,0.0699,0.069865,0.069899,155356.59615,,
2026-08-13 17:52:00+00:00,0.069899,0.069901,0.069883,0.06989,9167332.32977,,
2026-08-13 17:53:00+00:00,0.06989,0.069899,0.069871,0.069874,3607691.92465,,
2026-08-13 17:54:00+00:00,0.069874,0.069893,0.069868,0.069891,158581.18168,,
2026-08-13 17:55:00+00:00,0.069891,0.069892,0.069872,0.069884,126384.18178,,
2026-08-13 17:56:00+00:00,0.069884,0.069906,0.069842,0.069855,7529972.96761,,
2026-08-13 17:57:00+00:00,0.069855,0.069873,0.069851,0.069873,87151.89023,,
2026-08-13 17:58:00+00:00,0.069873,0.069899,0.069863,0.069898,4972416.28693,,
2026-08-13 17:59:00+00:00,0.069898,0.069908,0.069848,0.069871,1625365.5009977235,,
2026-08-13 18:00:00+00:00,0.069871,0.069873,0.069834,0.069835,372679.53376768355,,
2026-08-13 18:01:00+00:00,0.069835,0.06989,0.069831,0.06989,178399.30728,,
2026-08-13 18:02:00+00:00,0.06989,0.069908,0.06987,0.069876,6651021.11813,,
2026-08-13 18:03:00+00:00,0.069876,0.069908,0.069876,0.069889,4457178.16724,,
2026-08-13 18:04:00+00:00,0.069889,0.069917,0.069884,0.069884,5569163.89993,,
2026-08-13 18:05:00+00:00,0.069884,0.069901,0.069865,0.069865,11375282.03151,,
2026-08-13 18:06:00+00:00,0.069865,0.069888,0.069831,0.069853,238187.82185,,
2026-08-13 18:07:00+00:00,0.069853,0.069891,0.069847,0.069857,201857.68099,,
2026-08-13 18:08:00+00:00,0.069857,0.069901,0.069837,0.069842,381271.1670026859,,
2026-08-13 18:09:00+00:00,0.069842,0.069888,0.069834,0.069834,138525.66714,,
2026-08-13 18:10:00+00:00,0.069834,0.069877,0.069834,0.06984,2563894.59051,,
2026-08-13 18:11:00+00:00,0.06984,0.069843,0.069837,0.06984,96162.98361,,
2026-08-13 18:12:00+00:00,0.06984,0.069875,0.069838,0.069875,106805.57047,,
2026-08-13 18:13:00+00:00,0.069875,0.0699,0.069847,0.069887,5021133.65564,,
2026-08-13 18:14:00+00:00,0.069887,0.069901,0.069884,0.069901,2151957.23023,,
2026-08-13 18:15:00+00:00,0.069901,0.069941,0.069891,0.069929,11290980.2966,,
2026-08-13 18:16:00+00:00,0.069929,0.069947,0.069923,0.069946,80002.61099,,
2026-08-13 18:17:00+00:00,0.069946,0.069965,0.069946,0.06996,106445.74996,,
2026-08-13 18:18:00+00:00,0.06996,0.07,0.069951,0.069963,105958.1488874144,,
2026-08-13 18:19:00+00:00,0.069963,0.069995,0.069955,0.069955,4036752.73675,,
2026-08-13 18:20:00+00:00,0.069955,0.069973,0.069883,0.069883,1902288.65521,,
2026-08-13 18:21:00+00:00,0.069883,0.069901,0.069883,0.069899,105131.15898,,
2026-08-13 18:22:00+00:00,0.069899,0.069899,0.069859,0.069859,10940043.87132,,
2026-08-13 18:23:00+00:00,0.069859,0.069889,0.069798,0.069798,343038.92498,,
2026-08-13 18:24:00+00:00,0.069798,0.069827,0.069791,0.069805,5577507.39665,,
2026-08-13 18:25:00+00:00,0.069805,0.069871,0.069805,0.069866,4517855.91683,,
2026-08-13 18:26:00+00:00,0.069866,0.069866,0.06981,0.069845,111336.91738,,
2026-08-13 18:27:00+00:00,0.069845,0.069845,0.069788,0.069788,2154135.63549048,,
2026-08-13 18:28:00+00:00,0.069788,0.069805,0.069783,0.069797,11669735.40590952,,
2026-08-13 18:29:00+00:00,0.069797,0.069808,0.069761,0.069785,3056816.43019,,
2026-08-13 18:30:00+00:00,0.069785,0.0698,0.069782,0.0698,7905745.68215,,
2026-08-13 18:31:00+00:00,0.0698,0.069806,0.069784,0.069788,10213101.21288,,
2026-08-13 18:32:00+00:00,0.069788,0.069817,0.069788,0.069817,3258793.33792,,
2026-08-13 18:33:00+00:00,0.069817,0.069859,0.069801,0.069844,7200452.0271,,
2026-08-13 18:34:00+00:00,0.069844,0.069855,0.069798,0.069802,2995630.92611,,
2026-08-13 18:35:00+00:00,0.069802,0.069802,0.069748,0.069773,14359367.97099,,
2026-08-13 18:36:00+00:00,0.069773,0.069808,0.069771,0.069786,12519455.71781,,
2026-08-13 18:37:00+00:00,0.069786,0.069802,0.069779,0.06979,1529483.24349,,
2026-08-13 18:38:00+00:00,0.06979,0.069808,0.069783,0.069784,13663165.447044097,,
2026-08-13 18:39:00+00:00,0.069784,0.069799,0.069755,0.069766,9098618.2365,,
2026-08-13 18:40:00+00:00,0.069766,0.069808,0.069766,0.069775,4132516.16614,,
2026-08-13 18:41:00+00:00,0.069775,0.069826,0.069774,0.069813,9598171.71353,,
2026-08-13 18:42:00+00:00,0.069813,0.069875,0.069813,0.069875,165380.86533,,
2026-08-13 18:43:00+00:00,0.069875,0.069899,0.069867,0.069898,4265032.80249,,
2026-08-13 18:44:00+00:00,0.069898,0.069937,0.069897,0.069937,8657520.68069,,
2026-08-13 18:45:00+00:00,0.069937,0.069948,0.069911,0.06993,101633.861,,
2026-08-13 18:46:00+00:00,0.06993,0.06993,0.06992,0.069923,116542.61514,,
2026-08-13 18:47:00+00:00,0.069923,0.069968,0.06992,0.069945,2737107.73216,,
2026-08-13 18:48:00+00:00,0.069945,0.069957,0.069931,0.069949,94862.63771190464,,
2026-08-13 18:49:00+00:00,0.069949,0.069957,0.069941,0.069941,133790.33616,,
2026-08-13 18:50:00+00:00,0.069941,0.069995,0.069941,0.069974,2826686.715297729,,
2026-08-13 18:51:00+00:00,0.069974,0.07,0.069973,0.07,3340394.01455,,
2026-08-13 18:52:00+00:00,0.07,0.070017,0.069972,0.069982,7830009.23352,,
2026-08-13 18:53:00+00:00,0.069982,0.070029,0.069968,0.07,12875638.37128,,
2026-08-13 18:54:00+00:00,0.07,0.070069,0.07,0.07004,13580679.734729216,,
2026-08-13 18:55:00+00:00,0.07004,0.07004,0.069982,0.069988,4406153.64497,,
2026-08-13 18:56:00+00:00,0.069988,0.07,0.069974,0.069995,6163856.51747,,
2026-08-13 18:57:00+00:00,0.069995,0.070036,0.069995,0.070008,5958654.25042,,
2026-08-13 18:58:00+00:00,0.070008,0.070008,0.069998,0.069999,52318.07701,,
2026-08-13 18:59:00+00:00,0.069999,0.070008,0.069999,0.07,124924.05567659027,,
2026-08-13 19:00:00+00:00,0.07,0.070043,0.07,0.070028,4845510.115993409,,
2026-08-13 19:01:00+00:00,0.070028,0.07005,0.070015,0.070031,137959.30201,,
2026-08-13 19:02:00+00:00,0.070031,0.070057,0.070018,0.070045,162844.97566,,
2026-08-13 19:03:00+00:00,0.070045,0.070052,0.07,0.070052,3378131.0277720825,,
2026-08-13 19:04:00+00:00,0.070052,0.070052,0.07,0.070024,3788480.649817142,,
2026-08-13 19:05:00+00:00,0.070024,0.070067,0.070024,0.070059,83798.91736,,
2026-08-13 19:06:00+00:00,0.070059,0.070115,0.070046,0.07011,1668253.8547502875,,
2026-08-13 19:07:00+00:00,0.07011,0.070172,0.0701,0.070172,6119766.428276664,,
2026-08-13 19:08:00+00:00,0.070172,0.070202,0.070134,0.070165,6655769.186633284,,
2026-08-13 19:09:00+00:00,0.070165,0.0702,0.070122,0.07017,4557161.311589472,,
2026-08-13 19:10:00+00:00,0.07017,0.0702,0.07014,0.070177,448254.70593155146,,
2026-08-13 19:11:00+00:00,0.070177,0.070195,0.070147,0.070165,151988.48372,,
2026-08-13 19:12:00+00:00,0.070165,0.0702,0.070124,0.070129,419085.18475239584,,
2026-08-13 19:13:00+00:00,0.070129,0.070137,0.07009,0.070098,177879.05095,,
2026-08-13 19:14:00+00:00,0.070098,0.070128,0.070092,0.070092,8763374.90681,,
2026-08-13 19:15:00+00:00,0.070092,0.070117,0.07009,0.070098,1569179.61354,,
2026-08-13 19:16:00+00:00,0.070098,0.070166,0.070098,0.070166,4568526.99148,,
2026-08-13 19:17:00+00:00,0.070166,0.070207,0.070161,0.070184,1852162.2363309208,,
2026-08-13 19:18:00+00:00,0.070184,0.070208,0.070172,0.070199,8936671.29124,,
2026-08-13 19:19:00+00:00,0.070199,0.070208,0.070183,0.070188,12105033.81258,,
2026-08-13 19:20:00+00:00,0.070188,0.070203,0.070164,0.0702,6231171.77932,,
2026-08-13 19:21:00+00:00,0.0702,0.070201,0.070125,0.070138,3286470.97352,,
2026-08-13 19:22:00+00:00,0.070138,0.070191,0.070138,0.070174,111505.55978,,
2026-08-13 19:23:00+00:00,0.070174,0.070208,0.07015,0.070199,240782.61358,,
2026-08-13 19:24:00+00:00,0.070199,0.070199,0.070152,0.070173,7565203.74212,,
2026-08-13 19:25:00+00:00,0.070173,0.070173,0.070105,0.070126,4347308.43696,,
2026-08-13 19:26:00+00:00,0.070126,0.0702,0.07012,0.070199,153277.30021,,
2026-08-13 19:27:00+00:00,0.070199,0.0702,0.07015,0.070199,9699179.37559,,
2026-08-13 19:28:00+00:00,0.070199,0.0702,0.070174,0.0702,5682097.06672,,
2026-08-13 19:29:00+00:00,0.0702,0.070206,0.07019,0.0702,998496.94163,,
2026-08-13 19:30:00+00:00,0.0702,0.070242,0.07019,0.070242,1535595.20294,,
2026-08-13 19:31:00+00:00,0.070242,0.070266,0.070192,0.070212,1616516.04411,,
2026-08-13 19:32:00+00:00,0.070212,0.070228,0.070199,0.0702,82334.50813,,
2026-08-13 19:33:00+00:00,0.0702,0.070261,0.0702,0.070245,5040684.95237,,
2026-08-13 19:34:00+00:00,0.070245,0.070258,0.070229,0.070241,107761.78001,,
2026-08-13 19:35:00+00:00,0.070241,0.070261,0.070218,0.070255,237808.11602,,
2026-08-13 19:36:00+00:00,0.070255,0.070287,0.070241,0.070286,3551193.22142,,
2026-08-13 19:37:00+00:00,0.070286,0.070308,0.070283,0.070283,4198301.14061,,
2026-08-13 19:38:00+00:00,0.070283,0.070308,0.070283,0.070308,29808.55699,,
2026-08-13 19:39:00+00:00,0.070308,0.070308,0.070261,0.070279,6118419.21367,,
2026-08-13 19:40:00+00:00,0.070279,0.070303,0.070239,0.070242,5140431.75301,,
2026-08-13 19:41:00+00:00,0.070242,0.070269,0.070209,0.07024,4151198.84075,,
2026-08-13 19:42:00+00:00,0.07024,0.070251,0.070201,0.070228,4866723.36575,,
2026-08-13 19:43:00+00:00,0.070228,0.070237,0.07019,0.070201,131712.17323,,
2026-08-13 19:44:00+00:00,0.070201,0.070245,0.070198,0.070245,1129287.5646,,
2026-08-13 19:45:00+00:00,0.070245,0.070308,0.070245,0.07027,6569474.55532,,
2026-08-13 19:46:00+00:00,0.07027,0.070281,0.070205,0.070209,1078086.43487,,
2026-08-13 19:47:00+00:00,0.070209,0.070231,0.07019,0.07021,8504682.79254,,
2026-08-13 19:48:00+00:00,0.07021,0.07027,0.070208,0.070221,3904334.71322,,
2026-08-13 19:49:00+00:00,0.070221,0.070308,0.070221,0.070295,12221037.66545,,
2026-08-13 19:50:00+00:00,0.070295,0.070295,0.070271,0.070292,152722.26254,,
2026-08-13 19:51:00+00:00,0.070292,0.070294,0.070261,0.070275,118414.31206,,
2026-08-13 19:52:00+00:00,0.070275,0.07029,0.070224,0.070231,5046443.22882,,
2026-08-13 19:53:00+00:00,0.070231,0.070245,0.070229,0.070245,129408.81397,,
2026-08-13 19:54:00+00:00,0.070245,0.070245,0.070229,0.070229,40574.5846,,
2026-08-13 19:55:00+00:00,0.070229,0.070272,0.070224,0.070225,226671.47376328384,,
2026-08-13 19:56:00+00:00,0.070225,0.07023,0.070225,0.070228,19041.53025,,
2026-08-13 19:57:00+00:00,0.070228,0.070248,0.070218,0.070246,60586.12297,,
2026-08-13 19:58:00+00:00,0.070246,0.070246,0.070246,0.070246,0.0,,
2026-08-13 19:59:00+00:00,0.070246,0.070289,0.070235,0.070278,183778.25484,,
2026-08-13 20:00:00+00:00,0.070278,0.070308,0.070278,0.070295,4098735.75303,,
2026-08-13 20:01:00+00:00,0.070295,0.070308,0.07025,0.07026,4857084.19758,,
2026-08-13 20:02:00+00:00,0.07026,0.0703,0.070254,0.070281,433234.16705,,
2026-08-13 20:03:00+00:00,0.070281,0.070308,0.070271,0.070271,8771911.9188,,
2026-08-13 20:04:00+00:00,0.070271,0.0703,0.070269,0.070282,6670094.5281673,,
2026-08-13 20:05:00+00:00,0.070282,0.070308,0.070272,0.070299,5001952.84995,,
2026-08-13 20:06:00+00:00,0.070299,0.0703,0.070299,0.0703,117640.58374,,
2026-08-13 20:07:00+00:00,0.0703,0.070312,0.070299,0.070299,1990120.38042,,
2026-08-13 20:08:00+00:00,0.070299,0.070347,0.070299,0.070309,10228466.26676,,
2026-08-13 20:09:00+00:00,0.070309,0.070309,0.070262,0.070265,4489207.43764,,
2026-08-13 20:10:00+00:00,0.070265,0.070281,0.070237,0.070237,1430582.28419,,
2026-08-13 20:11:00+00:00,0.070237,0.070237,0.070199,0.070199,4931938.38086,,
2026-08-13 20:12:00+00:00,0.070199,0.07021,0.070175,0.070196,11237050.4048,,
2026-08-13 20:13:00+00:00,0.070196,0.070201,0.070189,0.070199,119984.33328,,
2026-08-13 20:14:00+00:00,0.070199,0.070217,0.070191,0.070217,1507260.88309,,
2026-08-13 20:15:00+00:00,0.070217,0.070231,0.0702,0.0702,12224703.10611061,,
2026-08-13 20:16:00+00:00,0.0702,0.070256,0.0702,0.070232,104706.60115533404,,
2026-08-13 20:17:00+00:00,0.070232,0.070261,0.070217,0.07023,169486.72551,,
2026-08-13 20:18:00+00:00,0.07023,0.070245,0.070209,0.070235,117467.07425,,
2026-08-13 20:19:00+00:00,0.070235,0.07027,0.070222,0.070262,168191.4759,,
2026-08-13 20:20:00+00:00,0.070262,0.070274,0.070259,0.07027,62372.34345,,
2026-08-13 20:21:00+00:00,0.07027,0.07027,0.070234,0.070262,119004.67798,,
2026-08-13 20:22:00+00:00,0.070262,0.070262,0.070212,0.070215,128176.38722,,
2026-08-13 20:23:00+00:00,0.070215,0.070252,0.070198,0.070199,127697.46452,,
2026-08-13 20:24:00+00:00,0.070199,0.070206,0.07019,0.070206,357175.68826,,
2026-08-13 20:25:00+00:00,0.070206,0.070209,0.07019,0.070206,1229672.49291,,
2026-08-13 20:26:00+00:00,0.070206,0.070261,0.070202,0.070247,4632493.25609,,
2026-08-13 20:27:00+00:00,0.070247,0.07025,0.070212,0.070238,128686.43352,,
2026-08-13 20:28:00+00:00,0.070238,0.070248,0.070214,0.070238,116390.87078,,
2026-08-13 20:29:00+00:00,0.070238,0.070239,0.070192,0.070198,104322.93996,,
2026-08-13 20:30:00+00:00,0.070198,0.070202,0.070188,0.070198,118447.22913,,
2026-08-13 20:31:00+00:00,0.070198,0.07024,0.070188,0.070229,6297369.02135,,
2026-08-13 20:32:00+00:00,0.070229,0.070241,0.070198,0.070229,6504739.49944,,
2026-08-13 20:33:00+00:00,0.070229,0.070275,0.070221,0.070267,456202.6207,,
2026-08-13 20:34:00+00:00,0.070267,0.070267,0.070205,0.070226,944926.22413,,
2026-08-13 20:35:00+00:00,0.070226,0.07027,0.070219,0.07026,97600.95645,,
2026-08-13 20:36:00+00:00,0.07026,0.07026,0.070203,0.070212,94829.60105900052,,
2026-08-13 20:37:00+00:00,0.070212,0.070258,0.0702,0.070248,89043.09698919521,,
2026-08-13 20:38:00+00:00,0.070248,0.070257,0.070205,0.070246,146937.06725,,
2026-08-13 20:39:00+00:00,0.070246,0.070246,0.07022,0.070233,128881.51042,,
2026-08-13 20:40:00+00:00,0.070233,0.070239,0.070214,0.070228,129360.92001,,
2026-08-13 20:41:00+00:00,0.070228,0.070228,0.070182,0.070201,4434780.861590575,,
2026-08-13 20:42:00+00:00,0.070201,0.070202,0.07019,0.070202,173116.00796963376,,
2026-08-13 20:43:00+00:00,0.070202,0.070202,0.07019,0.070201,160556.4035299644,,
2026-08-13 20:44:00+00:00,0.070201,0.070208,0.07019,0.070206,917981.87676,,
2026-08-13 20:45:00+00:00,0.070206,0.07021,0.070188,0.070202,222454.42071772963,,
2026-08-13 20:46:00+00:00,0.070202,0.070202,0.070164,0.07017,7928850.34314,,
2026-08-13 20:47:00+00:00,0.07017,0.070188,0.070155,0.070155,124098.50151,,
2026-08-13 20:48:00+00:00,0.070155,0.070181,0.070152,0.070181,137770.02036,,
2026-08-13 20:49:00+00:00,0.070181,0.070189,0.070181,0.070189,9852.51498,,
2026-08-13 20:50:00+00:00,0.070189,0.070198,0.070154,0.070176,186556.32906,,
2026-08-13 20:51:00+00:00,0.070176,0.07019,0.070162,0.070179,124595.17887,,
2026-08-13 20:52:00+00:00,0.070179,0.07019,0.07016,0.07019,167855.75328,,
2026-08-13 20:53:00+00:00,0.07019,0.070208,0.070174,0.070188,7291585.05601,,
2026-08-13 20:54:00+00:00,0.070188,0.070208,0.070129,0.070129,7001319.2168,,
2026-08-13 20:55:00+00:00,0.070129,0.070153,0.070129,0.070129,111341.60448,,
2026-08-13 20:56:00+00:00,0.070129,0.070161,0.070117,0.070125,114772.18041,,
2026-08-13 20:57:00+00:00,0.070125,0.070149,0.070125,0.070143,70974.14429,,
2026-08-13 20:58:00+00:00,0.070143,0.070157,0.0701,0.070141,151180.74818285715,,
2026-08-13 20:59:00+00:00,0.070141,0.070141,0.070141,0.070141,0.0,,
2026-08-13 21:00:00+00:00,0.070141,0.070158,0.070121,0.070145,175220.4861773755,,
2026-08-13 21:01:00+00:00,0.070145,0.07016,0.070109,0.070145,195513.49422,,
2026-08-13 21:02:00+00:00,0.070145,0.07016,0.070109,0.070145,168133.85393,,
2026-08-13 21:03:00+00:00,0.070145,0.070203,0.070127,0.0702,1991910.87025,,
2026-08-13 21:04:00+00:00,0.0702,0.070201,0.070182,0.070191,1563823.90869,,
2026-08-13 21:05:00+00:00,0.070191,0.070202,0.07019,0.070202,211511.41417,,
2026-08-13 21:06:00+00:00,0.070202,0.070202,0.07019,0.070199,134491.45460446447,,
2026-08-13 21:07:00+00:00,0.070199,0.070207,0.07019,0.070201,912347.101068418,,
2026-08-13 21:08:00+00:00,0.070201,0.070218,0.070165,0.070188,8259901.5019,,
2026-08-13 21:09:00+00:00,0.070188,0.070202,0.070146,0.070175,249743.6794849888,,
2026-08-13 21:10:00+00:00,0.070175,0.0702,0.070171,0.070199,191865.45384,,
2026-08-13 21:11:00+00:00,0.070199,0.070201,0.070191,0.070198,139229.83168,,
2026-08-13 21:12:00+00:00,0.070198,0.07021,0.07019,0.07021,67788.27787,,
2026-08-13 21:13:00+00:00,0.07021,0.070211,0.070184,0.070188,3840089.04604,,
2026-08-13 21:14:00+00:00,0.070188,0.070208,0.070183,0.070199,6184031.8535,,
2026-08-13 21:15:00+00:00,0.070199,0.070201,0.070152,0.070152,7421705.79052,,
2026-08-13 21:16:00+00:00,0.070152,0.070183,0.070148,0.070164,121091.63753,,
2026-08-13 21:17:00+00:00,0.070164,0.070208,0.070164,0.070191,1569473.47918,,
2026-08-13 21:18:00+00:00,0.070191,0.070202,0.07019,0.070197,129012.0639,,
2026-08-13 21:19:00+00:00,0.070197,0.070215,0.070192,0.070215,1467561.02582,,
2026-08-13 21:20:00+00:00,0.070215,0.070218,0.070192,0.070202,2978288.09316,,
2026-08-13 21:21:00+00:00,0.070202,0.070202,0.070159,0.070159,7859536.94139,,
2026-08-13 21:22:00+00:00,0.070159,0.0702,0.070159,0.070199,121002.26368,,
2026-08-13 21:23:00+00:00,0.070199,0.0702,0.070199,0.0702,101390.6932,,
2026-08-13 21:24:00+00:00,0.0702,0.070217,0.070199,0.070217,3121986.79465,,
2026-08-13 21:25:00+00:00,0.070217,0.070217,0.070182,0.070182,5024291.58437,,
2026-08-13 21:26:00+00:00,0.070182,0.070208,0.070182,0.070183,5366752.88701,,
2026-08-13 21:27:00+00:00,0.070183,0.070208,0.070171,0.070171,8868670.24202,,
2026-08-13 21:28:00+00:00,0.070171,0.0702,0.070169,0.070198,1798640.29338,,
2026-08-13 21:29:00+00:00,0.070198,0.070238,0.070181,0.070238,8496489.92953,,
2026-08-13 21:30:00+00:00,0.070238,0.070238,0.0702,0.070228,104111.44828608083,,
2026-08-13 21:31:00+00:00,0.070228,0.070244,0.070192,0.070212,1527033.3834,,
2026-08-13 21:32:00+00:00,0.070212,0.070212,0.07019,0.070197,204604.62731857144,,
2026-08-13 21:33:00+00:00,0.070197,0.070207,0.070188,0.070201,99372.43388,,
2026-08-13 21:34:00+00:00,0.070201,0.070201,0.07019,0.07019,7875.0,,
2026-08-13 21:35:00+00:00,0.07019,0.070208,0.070172,0.070191,8283891.4026,,
2026-08-13 21:36:00+00:00,0.070191,0.0702,0.070167,0.07019,209910.04193877004,,
2026-08-13 21:37:00+00:00,0.07019,0.0702,0.070169,0.070198,3217386.07013,,
2026-08-13 21:38:00+00:00,0.070198,0.070208,0.070183,0.070199,4412198.67987,,
2026-08-13 21:39:00+00:00,0.070199,0.070208,0.070183,0.070201,5312758.53805,,
2026-08-13 21:40:00+00:00,0.070201,0.070201,0.07017,0.070184,4321278.0737,,
2026-08-13 21:41:00+00:00,0.070184,0.070192,0.070163,0.070168,181666.2166,,
2026-08-13 21:42:00+00:00,0.070168,0.070189,0.070148,0.070148,175197.56739,,
2026-08-13 21:43:00+00:00,0.070148,0.070174,0.070107,0.070135,4077645.33948,,
2026-08-13 21:44:00+00:00,0.070135,0.07015,0.070112,0.070138,108358.61522,,
2026-08-13 21:45:00+00:00,0.070138,0.070161,0.07011,0.070147,192492.21006,,
2026-08-13 21:46:00+00:00,0.070147,0.070162,0.070117,0.070159,89372.91359,,
2026-08-13 21:47:00+00:00,0.070159,0.070165,0.070157,0.070157,75192.79983,,
2026-08-13 21:48:00+00:00,0.070157,0.070166,0.070156,0.07016,71510.06862,,
2026-08-13 21:49:00+00:00,0.07016,0.070162,0.070155,0.070161,84253.52462,,
2026-08-13 21:50:00+00:00,0.070161,0.070177,0.07015,0.070158,59422.65182,,
2026-08-13 21:51:00+00:00,0.070158,0.070172,0.070158,0.070163,58766.89145,,
2026-08-13 21:52:00+00:00,0.070163,0.070212,0.07016,0.070205,2377817.83509,,
2026-08-13 21:53:00+00:00,0.070205,0.070209,0.07016,0.070182,6377692.41048,,
2026-08-13 21:54:00+00:00,0.070182,0.0702,0.070171,0.070199,114762.2478,,
2026-08-13 21:55:00+00:00,0.070199,0.070201,0.070172,0.070172,6725097.21547,,
2026-08-13 21:56:00+00:00,0.070172,0.070208,0.070172,0.070197,139429.22111,,
2026-08-13 21:57:00+00:00,0.070197,0.070198,0.070153,0.070171,5910529.47125,,
2026-08-13 21:58:00+00:00,0.070171,0.070177,0.070147,0.070174,162595.73102,,
2026-08-13 21:59:00+00:00,0.070174,0.070177,0.070148,0.070172,131375.35589,,
2026-08-13 22:00:00+00:00,0.070172,0.070173,0.07014,0.070161,631992.66965,,
2026-08-13 22:01:00+00:00,0.070161,0.070218,0.070161,0.070209,11337514.87344,,
2026-08-13 22:02:00+00:00,0.070209,0.070219,0.070184,0.0702,2972680.95366,,
2026-08-13 22:03:00+00:00,0.0702,0.070202,0.07015,0.070176,11739434.39784,,
2026-08-13 22:04:00+00:00,0.070176,0.070238,0.070156,0.070227,8019258.69515,,
2026-08-13 22:05:00+00:00,0.070227,0.07025,0.070212,0.070236,110370.24263,,
2026-08-13 22:06:00+00:00,0.070236,0.070256,0.0702,0.070208,1599904.18908,,
2026-08-13 22:07:00+00:00,0.070208,0.070221,0.070198,0.070221,5061876.85854,,
2026-08-13 22:08:00+00:00,0.070221,0.070275,0.0702,0.070245,7200786.57634,,
2026-08-13 22:09:00+00:00,0.070245,0.070245,0.070219,0.070229,100233.17572,,
2026-08-13 22:10:00+00:00,0.070229,0.070247,0.070215,0.070247,86058.02605,,
2026-08-13 22:11:00+00:00,0.070247,0.070251,0.070215,0.070239,147537.90299,,
2026-08-13 22:12:00+00:00,0.070239,0.070291,0.070214,0.070273,1377894.91093,,
2026-08-13 22:13:00+00:00,0.070273,0.0703,0.070248,0.070288,7987069.209512048,,
2026-08-13 22:14:00+00:00,0.070288,0.070288,0.070261,0.070263,170567.59302,,
2026-08-13 22:15:00+00:00,0.070263,0.070299,0.070262,0.070299,85556.3168,,
2026-08-13 22:16:00+00:00,0.070299,0.070308,0.070279,0.070279,8545540.92086,,
2026-08-13 22:17:00+00:00,0.070279,0.0703,0.070263,0.070271,7844838.55909,,
2026-08-13 22:18:00+00:00,0.070271,0.070291,0.070259,0.070261,155069.72601,,
2026-08-13 22:19:00+00:00,0.070261,0.070308,0.070261,0.070272,6319244.02761,,
2026-08-13 22:20:00+00:00,0.070272,0.070288,0.070244,0.070261,206199.18817,,
2026-08-13 22:21:00+00:00,0.070261,0.070287,0.070258,0.070264,178881.35777,,
2026-08-13 22:22:00+00:00,0.070264,0.0703,0.070259,0.070299,165326.87968,,
2026-08-13 22:23:00+00:00,0.070299,0.070301,0.070261,0.070272,4443640.04101,,
2026-08-13 22:24:00+00:00,0.070272,0.0703,0.070272,0.070298,145622.67558,,
2026-08-13 22:25:00+00:00,0.070298,0.070301,0.07029,0.070299,144453.22677,,
2026-08-13 22:26:00+00:00,0.070299,0.0703,0.07027,0.0703,7381262.93494,,
2026-08-13 22:27:00+00:00,0.0703,0.0703,0.070274,0.070274,5532387.3643,,
2026-08-13 22:28:00+00:00,0.070274,0.07032,0.070274,0.070319,3132453.50805,,
2026-08-13 22:29:00+00:00,0.070319,0.070319,0.070292,0.070303,1468273.66832,,
2026-08-13 22:30:00+00:00,0.070303,0.070322,0.070292,0.0703,1578354.3636137126,,
2026-08-13 22:31:00+00:00,0.0703,0.070301,0.070263,0.070267,5200860.573630936,,
2026-08-13 22:32:00+00:00,0.070267,0.070288,0.070238,0.070255,350761.33436,,
2026-08-13 22:33:00+00:00,0.070255,0.0703,0.070251,0.070265,181040.5697915803,,
2026-08-13 22:34:00+00:00,0.070265,0.070287,0.070248,0.070255,217181.88443,,
2026-08-13 22:35:00+00:00,0.070255,0.070286,0.070251,0.070271,179489.74734,,
2026-08-13 22:36:00+00:00,0.070271,0.070275,0.070237,0.070237,116748.11164,,
2026-08-13 22:37:00+00:00,0.070237,0.070271,0.070237,0.070264,120616.14401,,
2026-08-13 22:38:00+00:00,0.070264,0.070288,0.070242,0.070242,600948.19908,,
2026-08-13 22:39:00+00:00,0.070242,0.070288,0.07024,0.070244,174526.07132,,
2026-08-13 22:40:00+00:00,0.070244,0.070267,0.070213,0.070222,3708504.4968,,
2026-08-13 22:41:00+00:00,0.070222,0.070251,0.070212,0.070233,142260.21187,,
2026-08-13 22:42:00+00:00,0.070233,0.070258,0.070214,0.070229,164144.0754976151,,
2026-08-13 22:43:00+00:00,0.070229,0.070229,0.0702,0.070201,6414027.93717,,
2026-08-13 22:44:00+00:00,0.070201,0.070209,0.0702,0.070205,412380.55888,,
2026-08-13 22:45:00+00:00,0.070205,0.070215,0.0702,0.0702,93994.56405,,
2026-08-13 22:46:00+00:00,0.0702,0.07021,0.0702,0.070201,43891.71246,,
2026-08-13 22:47:00+00:00,0.070201,0.070212,0.0702,0.070201,100862.95283,,
2026-08-13 22:48:00+00:00,0.070201,0.07021,0.070194,0.070198,3370660.98197,,
2026-08-13 22:49:00+00:00,0.070198,0.070201,0.070196,0.070198,174060.04345,,
2026-08-13 22:50:00+00:00,0.070198,0.070203,0.070198,0.070199,133032.6406082423,,
2026-08-13 22:51:00+00:00,0.070199,0.07021,0.070195,0.070198,1008745.49019,,
2026-08-13 22:52:00+00:00,0.070198,0.070201,0.070197,0.070198,160478.50857,,
2026-08-13 22:53:00+00:00,0.070198,0.070208,0.070171,0.070192,4751525.82865,,
2026-08-13 22:54:00+00:00,0.070192,0.070192,0.070158,0.070158,145064.37116,,
2026-08-13 22:55:00+00:00,0.070158,0.070158,0.070149,0.070152,99753.1498,,
2026-08-13 22:56:00+00:00,0.070152,0.070157,0.070147,0.070154,127154.26337,,
2026-08-13 22:57:00+00:00,0.070154,0.070154,0.07009,0.07009,2794853.33265,,
2026-08-13 22:58:00+00:00,0.07009,0.07013,0.07009,0.070128,5007068.95682,,
2026-08-13 22:59:00+00:00,0.070128,0.070129,0.070106,0.070126,55783.5045,,
2026-08-13 23:00:00+00:00,0.070126,0.070126,0.070092,0.070101,1231872.9155,,
2026-08-13 23:01:00+00:00,0.070101,0.070129,0.07009,0.070129,5456778.44792,,
2026-08-13 23:02:00+00:00,0.070129,0.070137,0.070069,0.070069,1669724.10331,,
2026-08-13 23:03:00+00:00,0.070069,0.070108,0.070069,0.070097,1512239.51043,,
2026-08-13 23:04:00+00:00,0.070097,0.0701,0.07004,0.070041,7363666.63704,,
2026-08-13 23:05:00+00:00,0.070041,0.070043,0.070036,0.070036,106537.68567,,
2026-08-13 23:06:00+00:00,0.070036,0.070076,0.070032,0.070055,171995.8201,,
2026-08-13 23:07:00+00:00,0.070055,0.070071,0.070034,0.070039,280452.68495,,
2026-08-13 23:08:00+00:00,0.070039,0.07007,0.070026,0.070037,165146.12817,,
2026-08-13 23:09:00+00:00,0.070037,0.070071,0.070037,0.070047,134346.20504,,
2026-08-13 23:10:00+00:00,0.070047,0.070077,0.070029,0.070031,167595.46874,,
2026-08-13 23:11:00+00:00,0.070031,0.070031,0.069992,0.070009,4152623.12582,,
2026-08-13 23:12:00+00:00,0.070009,0.070031,0.069998,0.070027,5669452.96036,,
2026-08-13 23:13:00+00:00,0.070027,0.070027,0.07,0.07,77047.74702,,
2026-08-13 23:14:00+00:00,0.07,0.070001,0.07,0.07,116648.70394,,
2026-08-13 23:15:00+00:00,0.07,0.070001,0.07,0.07,102957.70293,,
2026-08-13 23:16:00+00:00,0.07,0.070001,0.07,0.070001,104254.93815,,
2026-08-13 23:17:00+00:00,0.070001,0.070002,0.069988,0.069998,1897492.23021,,
2026-08-13 23:18:00+00:00,0.069998,0.069999,0.069963,0.069992,6303769.03805,,
2026-08-13 23:19:00+00:00,0.069992,0.07,0.069972,0.07,1618750.30921,,
2026-08-13 23:20:00+00:00,0.07,0.07,0.069999,0.07,131560.22351,,
2026-08-13 23:21:00+00:00,0.07,0.070007,0.069998,0.069999,119925.2906,,
2026-08-13 23:22:00+00:00,0.069999,0.070018,0.069992,0.070009,1483300.7835,,
2026-08-13 23:23:00+00:00,0.070009,0.070021,0.069992,0.070001,7710592.39202,,
2026-08-13 23:24:00+00:00,0.070001,0.07001,0.069999,0.070002,98664.58644,,
2026-08-13 23:25:00+00:00,0.070002,0.070017,0.069992,0.070017,1495358.3745,,
2026-08-13 23:26:00+00:00,0.070017,0.070035,0.069992,0.070035,4282444.45822,,
2026-08-13 23:27:00+00:00,0.070035,0.070052,0.070015,0.070047,127297.73208,,
2026-08-13 23:28:00+00:00,0.070047,0.070052,0.070014,0.070052,78979.96392,,
2026-08-13 23:29:00+00:00,0.070052,0.070057,0.070042,0.070046,62471.78801,,
2026-08-13 23:30:00+00:00,0.070046,0.070059,0.070042,0.070059,60681.57064,,
2026-08-13 23:31:00+00:00,0.070059,0.070067,0.070055,0.070066,52994.22084,,
2026-08-13 23:32:00+00:00,0.070066,0.070103,0.070066,0.070098,177121.18059,,
2026-08-13 23:33:00+00:00,0.070098,0.070126,0.070071,0.070099,5846841.14723,,
2026-08-13 23:34:00+00:00,0.070099,0.0701,0.070099,0.070099,127724.96146,,
2026-08-13 23:35:00+00:00,0.070099,0.070108,0.070083,0.070098,3294838.63194,,
2026-08-13 23:36:00+00:00,0.070098,0.070098,0.070073,0.070088,4868706.9918,,
2026-08-13 23:37:00+00:00,0.070088,0.070107,0.070076,0.070083,2980388.71372,,
2026-08-13 23:38:00+00:00,0.070083,0.070108,0.070074,0.070077,7984189.2114,,
2026-08-13 23:39:00+00:00,0.070077,0.070092,0.070062,0.070063,231010.94572,,
2026-08-13 23:40:00+00:00,0.070063,0.070102,0.07006,0.070089,1574069.70746,,
2026-08-13 23:41:00+00:00,0.070089,0.070109,0.070083,0.07009,1327783.2089,,
2026-08-13 23:42:00+00:00,0.07009,0.0701,0.07009,0.070098,48605.07204,,
2026-08-13 23:43:00+00:00,0.070098,0.0701,0.07009,0.070097,97343.64701,,
2026-08-13 23:44:00+00:00,0.070097,0.070117,0.07009,0.070102,2451732.54006,,
2026-08-13 23:45:00+00:00,0.070102,0.070118,0.070092,0.070111,5835743.83194,,
2026-08-13 23:46:00+00:00,0.070111,0.070111,0.070099,0.0701,112235.32949,,
2026-08-13 23:47:00+00:00,0.0701,0.070152,0.0701,0.070124,4323647.17685,,
2026-08-13 23:48:00+00:00,0.070124,0.070146,0.07012,0.070126,103224.74516,,
2026-08-13 23:49:00+00:00,0.070126,0.070137,0.0701,0.0701,90375.36513,,
2026-08-13 23:50:00+00:00,0.0701,0.070101,0.0701,0.0701,120886.54725,,
2026-08-13 23:51:00+00:00,0.0701,0.070139,0.0701,0.070128,1832113.80744,,
2026-08-13 23:52:00+00:00,0.070128,0.070135,0.070102,0.070102,107224.16894,,
2026-08-13 23:53:00+00:00,0.070102,0.07011,0.07009,0.070101,971967.89346,,
2026-08-13 23:54:00+00:00,0.070101,0.07011,0.07009,0.0701,976736.85179,,
2026-08-13 23:55:00+00:00,0.0701,0.070102,0.070099,0.070102,39111.25362,,
2026-08-13 23:56:00+00:00,0.070102,0.070126,0.07009,0.070122,3268507.3834,,
2026-08-13 23:57:00+00:00,0.070122,0.070147,0.070115,0.070147,84053.94127,,
2026-08-13 23:58:00+00:00,0.070147,0.070157,0.07013,0.070148,75975.9284,,
2026-08-13 23:59:00+00:00,0.070148,0.070167,0.070117,0.070117,53515.18859,,
2026-08-14 00:00:00+00:00,0.070117,0.070162,0.070117,0.070146,185304.67103,,
2026-08-14 00:01:00+00:00,0.070146,0.07016,0.070116,0.070137,284243.46252,,
2026-08-14 00:02:00+00:00,0.070137,0.070147,0.070101,0.070101,163088.41126,,
2026-08-14 00:03:00+00:00,0.070101,0.07011,0.070093,0.070093,6350012.63829,,
2026-08-14 00:04:00+00:00,0.070093,0.070108,0.070083,0.070097,6404421.75356,,
2026-08-14 00:05:00+00:00,0.070097,0.070117,0.070092,0.070113,2930854.24128,,
2026-08-14 00:06:00+00:00,0.070113,0.070113,0.0701,0.070101,1521645.78242,,
2026-08-14 00:07:00+00:00,0.070101,0.070102,0.070098,0.070102,81989.60655,,
2026-08-14 00:08:00+00:00,0.070102,0.070102,0.070097,0.070099,168882.49625,,
2026-08-14 00:09:00+00:00,0.070099,0.070118,0.070097,0.070109,1535337.97967,,
2026-08-14 00:10:00+00:00,0.070109,0.07015,0.070107,0.070135,126126.13072,,
2026-08-14 00:11:00+00:00,0.070135,0.07015,0.070113,0.07012,147849.28972,,
2026-08-14 00:12:00+00:00,0.07012,0.070128,0.070119,0.07012,104153.76374,,
2026-08-14 00:13:00+00:00,0.07012,0.07012,0.070098,0.070117,6101862.27216,,
2026-08-14 00:14:00+00:00,0.070117,0.070117,0.070098,0.070101,1575524.69013,,
2026-08-14 00:15:00+00:00,0.070101,0.070126,0.070098,0.070126,5247604.8846,,
2026-08-14 00:16:00+00:00,0.070126,0.070138,0.070098,0.070098,3248866.81472,,
2026-08-14 00:17:00+00:00,0.070098,0.070118,0.070098,0.070112,5058938.90344,,
2026-08-14 00:18:00+00:00,0.070112,0.070117,0.070098,0.070098,1509907.13661,,
2026-08-14 00:19:00+00:00,0.070098,0.070143,0.070098,0.070127,2727769.38034,,
2026-08-14 00:20:00+00:00,0.070127,0.070161,0.070112,0.070161,164353.14856,,
2026-08-14 00:21:00+00:00,0.070161,0.070198,0.070132,0.070198,199563.24222,,
2026-08-14 00:22:00+00:00,0.070198,0.070199,0.070158,0.070158,5126917.79801,,
2026-08-14 00:23:00+00:00,0.070158,0.0702,0.070157,0.0702,130734.16414,,
2026-08-14 00:24:00+00:00,0.0702,0.070207,0.070183,0.070192,2984215.02342,,
2026-08-14 00:25:00+00:00,0.070192,0.070208,0.070171,0.070192,8919110.13481,,
2026-08-14 00:26:00+00:00,0.070192,0.070192,0.070149,0.070172,628288.4855,,
2026-08-14 00:27:00+00:00,0.070172,0.070172,0.070098,0.070099,4381937.52613,,
2026-08-14 00:28:00+00:00,0.070099,0.070129,0.070098,0.070128,1539612.2279,,
2026-08-14 00:29:00+00:00,0.070128,0.070137,0.070128,0.07013,117611.14753,,
2026-08-14 00:30:00+00:00,0.07013,0.07013,0.070084,0.070099,3307095.16762,,
2026-08-14 00:31:00+00:00,0.070099,0.070108,0.070073,0.070088,15967630.2513,,
2026-08-14 00:32:00+00:00,0.070088,0.070128,0.070084,0.070128,5105191.02938,,
2026-08-14 00:33:00+00:00,0.070128,0.070133,0.0701,0.0701,114269.28096,,
2026-08-14 00:34:00+00:00,0.0701,0.070101,0.0701,0.0701,123926.24292,,
2026-08-14 00:35:00+00:00,0.0701,0.070152,0.0701,0.070135,4755230.35945,,
2026-08-14 00:36:00+00:00,0.070135,0.07015,0.070115,0.070115,109529.33259,,
2026-08-14 00:37:00+00:00,0.070115,0.07015,0.070115,0.070143,64389.90461,,
2026-08-14 00:38:00+00:00,0.070143,0.070151,0.070116,0.070142,91053.92216,,
2026-08-14 00:39:00+00:00,0.070142,0.070152,0.070113,0.070129,157523.43273,,
2026-08-14 00:40:00+00:00,0.070129,0.070146,0.070125,0.07013,143611.21782,,
2026-08-14 00:41:00+00:00,0.07013,0.070147,0.07013,0.070147,42297.63699,,
2026-08-14 00:42:00+00:00,0.070147,0.070163,0.070141,0.070162,109589.55818,,
2026-08-14 00:43:00+00:00,0.070162,0.070176,0.070161,0.070171,126257.27153,,
2026-08-14 00:44:00+00:00,0.070171,0.070205,0.07017,0.070182,2943667.45938,,
2026-08-14 00:45:00+00:00,0.070182,0.070208,0.070136,0.070136,1063131.00566,,
2026-08-14 00:46:00+00:00,0.070136,0.070166,0.070119,0.070138,147452.32437,,
2026-08-14 00:47:00+00:00,0.070138,0.070177,0.070116,0.070173,116843.89436,,
2026-08-14 00:48:00+00:00,0.070173,0.070192,0.070163,0.07019,59766.93942,,
2026-08-14 00:49:00+00:00,0.07019,0.07019,0.070153,0.070172,141291.88598,,
2026-08-14 00:50:00+00:00,0.070172,0.070201,0.070142,0.070184,1893775.368647224,,
2026-08-14 00:51:00+00:00,0.070184,0.0702,0.070161,0.070164,5534288.72279,,
2026-08-14 00:52:00+00:00,0.070164,0.070205,0.070162,0.070198,124206.70119,,
2026-08-14 00:53:00+00:00,0.070198,0.070208,0.070182,0.070191,3587109.56229,,
2026-08-14 00:54:00+00:00,0.070191,0.070202,0.070184,0.070202,1492792.7812591144,,
2026-08-14 00:55:00+00:00,0.070202,0.07021,0.070189,0.0702,1011163.99938,,
2026-08-14 00:56:00+00:00,0.0702,0.070245,0.070184,0.07023,10252095.77432,,
2026-08-14 00:57:00+00:00,0.07023,0.070271,0.070222,0.07026,142121.19496,,
2026-08-14 00:58:00+00:00,0.07026,0.070267,0.07026,0.070267,55960.14136,,
2026-08-14 00:59:00+00:00,0.070267,0.070267,0.070229,0.07026,116154.93129,,
2026-08-14 01:00:00+00:00,0.07026,0.07026,0.070207,0.070221,103426.48163,,
2026-08-14 01:01:00+00:00,0.070221,0.070235,0.070209,0.070235,101991.95813,,
2026-08-14 01:02:00+00:00,0.070235,0.070241,0.070205,0.070205,123074.10269,,
2026-08-14 01:03:00+00:00,0.070205,0.070205,0.070183,0.070183,3528745.2947,,
2026-08-14 01:04:00+00:00,0.070183,0.070223,0.070183,0.070223,4407608.46132,,
2026-08-14 01:05:00+00:00,0.070223,0.070249,0.070223,0.070241,216822.03683,,
2026-08-14 01:06:00+00:00,0.070241,0.07026,0.070217,0.070221,108809.7559,,
2026-08-14 01:07:00+00:00,0.070221,0.070231,0.070201,0.070202,150839.27922,,
2026-08-14 01:08:00+00:00,0.070202,0.07021,0.070194,0.070201,986583.36101,,
2026-08-14 01:09:00+00:00,0.070201,0.070201,0.070192,0.070199,35370.33861,,
2026-08-14 01:10:00+00:00,0.070199,0.070202,0.070134,0.070145,4908692.08884,,
2026-08-14 01:11:00+00:00,0.070145,0.070145,0.0701,0.070129,5202704.71155,,
2026-08-14 01:12:00+00:00,0.070129,0.070168,0.070119,0.070168,101182.69854,,
2026-08-14 01:13:00+00:00,0.070168,0.070171,0.070159,0.070168,107738.0191,,
2026-08-14 01:14:00+00:00,0.070168,0.070168,0.070118,0.07016,123845.5201,,
2026-08-14 01:15:00+00:00,0.07016,0.070167,0.070115,0.070167,265021.82014,,
2026-08-14 01:16:00+00:00,0.070167,0.070167,0.070114,0.070163,142439.14705,,
2026-08-14 01:17:00+00:00,0.070163,0.070229,0.070158,0.070202,7529092.62267,,
2026-08-14 01:18:00+00:00,0.070202,0.070235,0.0702,0.0702,8975956.50646,,
2026-08-14 01:19:00+00:00,0.0702,0.070201,0.070172,0.0702,9598930.50116,,
2026-08-14 01:20:00+00:00,0.0702,0.070226,0.070173,0.070221,9382895.82919,,
2026-08-14 01:21:00+00:00,0.070221,0.07023,0.070202,0.07023,4502637.70426,,
2026-08-14 01:22:00+00:00,0.07023,0.070258,0.0702,0.070257,4938520.68245,,
2026-08-14 01:23:00+00:00,0.070257,0.070258,0.070214,0.070215,186561.65405,,
2026-08-14 01:24:00+00:00,0.070215,0.070248,0.070214,0.070235,94903.79542,,
2026-08-14 01:25:00+00:00,0.070235,0.070252,0.070209,0.070209,209754.67526,,
2026-08-14 01:26:00+00:00,0.070209,0.070235,0.070198,0.070212,1605371.75941,,
2026-08-14 01:27:00+00:00,0.070212,0.070241,0.070206,0.070206,111112.31239,,
2026-08-14 01:28:00+00:00,0.070206,0.070206,0.070188,0.0702,6663571.17412,,
2026-08-14 01:29:00+00:00,0.0702,0.0702,0.070162,0.070164,7408779.22245,,
2026-08-14 01:30:00+00:00,0.070164,0.070187,0.070129,0.07017,696324.22553,,
2026-08-14 01:31:00+00:00,0.07017,0.070188,0.070161,0.070183,96223.86233,,
2026-08-14 01:32:00+00:00,0.070183,0.070201,0.070173,0.070173,6396875.13976,,
2026-08-14 01:33:00+00:00,0.070173,0.070202,0.070173,0.070198,400790.7748,,
2026-08-14 01:34:00+00:00,0.070198,0.07021,0.070188,0.070201,1585547.62869,,
2026-08-14 01:35:00+00:00,0.070201,0.070227,0.070192,0.070227,5854927.78907,,
2026-08-14 01:36:00+00:00,0.070227,0.070251,0.070224,0.07024,102813.41846,,
2026-08-14 01:37:00+00:00,0.07024,0.070251,0.070216,0.070239,160216.078919835,,
2026-08-14 01:38:00+00:00,0.070239,0.070239,0.070188,0.070188,2718247.05931,,
2026-08-14 01:39:00+00:00,0.070188,0.070202,0.070184,0.070201,4406425.78242,,
2026-08-14 01:40:00+00:00,0.070201,0.070266,0.070201,0.070261,4804655.3193,,
2026-08-14 01:41:00+00:00,0.070261,0.070267,0.070257,0.07026,76986.89258,,
2026-08-14 01:42:00+00:00,0.07026,0.070266,0.070258,0.070261,111752.13504,,
2026-08-14 01:43:00+00:00,0.070261,0.070261,0.070259,0.070259,14623.12302,,
2026-08-14 01:44:00+00:00,0.070259,0.07026,0.07023,0.070248,118448.80517,,
2026-08-14 01:45:00+00:00,0.070248,0.070258,0.070199,0.070199,68942.65977,,
2026-08-14 01:46:00+00:00,0.070199,0.070202,0.070138,0.070143,18867544.01244,,
2026-08-14 01:47:00+00:00,0.070143,0.07018,0.070116,0.070176,2937631.05978,,
2026-08-14 01:48:00+00:00,0.070176,0.070194,0.070118,0.070192,1407969.13207,,
2026-08-14 01:49:00+00:00,0.070192,0.070221,0.070192,0.070212,14493999.38696,,
2026-08-14 01:50:00+00:00,0.070212,0.07025,0.070212,0.070225,3544721.93309,,
2026-08-14 01:51:00+00:00,0.070225,0.070231,0.0702,0.070201,187298.83687246992,,
2026-08-14 01:52:00+00:00,0.070201,0.070201,0.0702,0.0702,57364.58397,,
2026-08-14 01:53:00+00:00,0.0702,0.070201,0.0702,0.0702,95890.87408,,
2026-08-14 01:54:00+00:00,0.0702,0.070201,0.070171,0.070171,9558234.44899,,
2026-08-14 01:55:00+00:00,0.070171,0.07019,0.07016,0.070164,115660.42161,,
2026-08-14 01:56:00+00:00,0.070164,0.070188,0.070161,0.070176,136239.54266,,
2026-08-14 01:57:00+00:00,0.070176,0.070187,0.07016,0.070164,84648.6294,,
2026-08-14 01:58:00+00:00,0.070164,0.070208,0.070163,0.070188,5613104.00551,,
2026-08-14 01:59:00+00:00,0.070188,0.07021,0.070182,0.070193,1033007.81598,,
2026-08-14 02:00:00+00:00,0.070193,0.070202,0.07019,0.070202,194839.68633,,
2026-08-14 02:01:00+00:00,0.070202,0.070253,0.07019,0.070232,7708504.054387946,,
2026-08-14 02:02:00+00:00,0.070232,0.070326,0.070232,0.070292,5700495.88915,,
2026-08-14 02:03:00+00:00,0.070292,0.070301,0.07029,0.070297,88219.30774,,
2026-08-14 02:04:00+00:00,0.070297,0.0703,0.070261,0.070288,7641028.92269,,
2026-08-14 02:05:00+00:00,0.070288,0.070291,0.070262,0.070274,80804.10878,,
2026-08-14 02:06:00+00:00,0.070274,0.070327,0.070269,0.070322,6219673.03078,,
2026-08-14 02:07:00+00:00,0.070322,0.070337,0.070322,0.070337,58052.30244,,
2026-08-14 02:08:00+00:00,0.070337,0.070339,0.070314,0.070314,19077.34474,,
2026-08-14 02:09:00+00:00,0.070314,0.070314,0.070299,0.070299,46339.47986,,
2026-08-14 02:10:00+00:00,0.070299,0.070311,0.070299,0.070299,46980.66976,,
2026-08-14 02:11:00+00:00,0.070299,0.070312,0.070292,0.070299,1516455.23421,,
2026-08-14 02:12:00+00:00,0.070299,0.0703,0.070215,0.070235,8649495.81926,,
2026-08-14 02:13:00+00:00,0.070235,0.07025,0.0702,0.0702,136858.9543,,
2026-08-14 02:14:00+00:00,0.0702,0.070228,0.070192,0.070228,5923861.41922,,
2026-08-14 02:15:00+00:00,0.070228,0.070277,0.070214,0.070259,163909.17895,,
2026-08-14 02:16:00+00:00,0.070259,0.070261,0.070217,0.070241,63133.18309,,
2026-08-14 02:17:00+00:00,0.070241,0.070248,0.070218,0.070218,30421.87159,,
2026-08-14 02:18:00+00:00,0.070218,0.070245,0.0702,0.0702,179174.8735,,
2026-08-14 02:19:00+00:00,0.0702,0.07021,0.070198,0.070202,127833.48305,,
2026-08-14 02:20:00+00:00,0.070202,0.07025,0.070198,0.070234,9109088.56883,,
2026-08-14 02:21:00+00:00,0.070234,0.070249,0.070214,0.070214,126953.84562,,
2026-08-14 02:22:00+00:00,0.070214,0.070247,0.070192,0.070198,1590732.80562,,
2026-08-14 02:23:00+00:00,0.070198,0.070218,0.070192,0.070213,2999626.56475,,
2026-08-14 02:24:00+00:00,0.070213,0.070217,0.070184,0.070189,2955061.74508,,
2026-08-14 02:25:00+00:00,0.070189,0.070198,0.070156,0.070161,7476057.208,,
2026-08-14 02:26:00+00:00,0.070161,0.070194,0.070161,0.070171,89170.94945,,
2026-08-14 02:27:00+00:00,0.070171,0.070192,0.070163,0.070163,154417.52471,,
2026-08-14 02:28:00+00:00,0.070163,0.070183,0.070149,0.070151,2411867.70835,,
2026-08-14 02:29:00+00:00,0.070151,0.070178,0.070138,0.070171,182669.31585,,
2026-08-14 02:30:00+00:00,0.070171,0.070192,0.070155,0.070173,153411.15504,,
2026-08-14 02:31:00+00:00,0.070173,0.070236,0.070171,0.070236,5986302.64721,,
2026-08-14 02:32:00+00:00,0.070236,0.070261,0.07021,0.070254,254188.39418,,
2026-08-14 02:33:00+00:00,0.070254,0.070256,0.0702,0.070201,163710.11344,,
2026-08-14 02:34:00+00:00,0.070201,0.070226,0.0702,0.070225,6537669.48446,,
2026-08-14 02:35:00+00:00,0.070225,0.070239,0.0702,0.070238,7833200.12336,,
2026-08-14 02:36:00+00:00,0.070238,0.07026,0.070213,0.07023,97943.0109,,
2026-08-14 02:37:00+00:00,0.07023,0.070256,0.070209,0.070216,4566381.23614,,
2026-08-14 02:38:00+00:00,0.070216,0.070224,0.070192,0.0702,177900.60187,,
2026-08-14 02:39:00+00:00,0.0702,0.070204,0.070199,0.070204,44525.76532,,
2026-08-14 02:40:00+00:00,0.070204,0.07021,0.070169,0.070181,7952073.67846,,
2026-08-14 02:41:00+00:00,0.070181,0.0702,0.070172,0.0702,112750.31344,,
2026-08-14 02:42:00+00:00,0.0702,0.070208,0.070199,0.070201,93436.9729,,
2026-08-14 02:43:00+00:00,0.070201,0.070208,0.07019,0.070201,967463.88974,,
2026-08-14 02:44:00+00:00,0.070201,0.070206,0.07019,0.0702,1862383.45421,,
2026-08-14 02:45:00+00:00,0.0702,0.070202,0.07019,0.070201,51833.78256,,
2026-08-14 02:46:00+00:00,0.070201,0.070217,0.07019,0.07019,1520661.19902,,
2026-08-14 02:47:00+00:00,0.07019,0.070204,0.07019,0.070202,120389.74821,,
2026-08-14 02:48:00+00:00,0.070202,0.070212,0.070198,0.070212,66215.51707,,
2026-08-14 02:49:00+00:00,0.070212,0.070218,0.070192,0.070212,5791386.05209,,
2026-08-14 02:50:00+00:00,0.070212,0.070218,0.070192,0.070202,1538975.28825,,
2026-08-14 02:51:00+00:00,0.070202,0.070202,0.070198,0.070199,56783.26072,,
2026-08-14 02:52:00+00:00,0.070199,0.070208,0.070198,0.070199,47387.53173,,
2026-08-14 02:53:00+00:00,0.070199,0.070219,0.070192,0.070198,5840160.546,,
2026-08-14 02:54:00+00:00,0.070198,0.070218,0.070175,0.070175,10789852.41683,,
2026-08-14 02:55:00+00:00,0.070175,0.070192,0.070138,0.070138,410775.1647,,
2026-08-14 02:56:00+00:00,0.070138,0.070145,0.070091,0.070098,2014700.05739,,
2026-08-14 02:57:00+00:00,0.070098,0.070106,0.07009,0.070101,1035859.60418,,
2026-08-14 02:58:00+00:00,0.070101,0.070101,0.070098,0.070099,56912.23387,,
2026-08-14 02:59:00+00:00,0.070099,0.07011,0.070084,0.070084,1556452.28937,,
2026-08-14 03:00:00+00:00,0.070084,0.0701,0.070073,0.070074,7454990.94102,,
2026-08-14 03:01:00+00:00,0.070074,0.07008,0.070058,0.070078,126626.52374,,
2026-08-14 03:02:00+00:00,0.070078,0.070078,0.070036,0.070036,132056.06228,,
2026-08-14 03:03:00+00:00,0.070036,0.07004,0.069999,0.070023,113482.47375,,
2026-08-14 03:04:00+00:00,0.070023,0.07005,0.070002,0.070047,19795015.68223,,
2026-08-14 03:05:00+00:00,0.070047,0.070047,0.070006,0.070024,47303.78722,,
2026-08-14 03:06:00+00:00,0.070024,0.070036,0.07,0.070035,8003237.996,,
2026-08-14 03:07:00+00:00,0.070035,0.070043,0.07,0.07,206441.49879,,
2026-08-14 03:08:00+00:00,0.07,0.070002,0.069974,0.069987,19113080.31072,,
2026-08-14 03:09:00+00:00,0.069987,0.07,0.069974,0.069999,10364795.48839,,
2026-08-14 03:10:00+00:00,0.069999,0.069999,0.06988,0.069971,10660648.97474,,
2026-08-14 03:11:00+00:00,0.069971,0.069987,0.069935,0.069968,104863.56973,,
2026-08-14 03:12:00+00:00,0.069968,0.070002,0.069945,0.06997,7416698.69635,,
2026-08-14 03:13:00+00:00,0.06997,0.070008,0.069958,0.069998,5962144.68564,,
2026-08-14 03:14:00+00:00,0.069998,0.070008,0.069973,0.069988,12903087.27806,,
2026-08-14 03:15:00+00:00,0.069988,0.070012,0.069981,0.070012,3793499.1721,,
2026-08-14 03:16:00+00:00,0.070012,0.070067,0.07001,0.07006,1218237.81732,,
2026-08-14 03:17:00+00:00,0.07006,0.07006,0.070028,0.070029,162755.10805,,
2026-08-14 03:18:00+00:00,0.070029,0.070047,0.070009,0.070047,160690.41301,,
2026-08-14 03:19:00+00:00,0.070047,0.0701,0.070047,0.070088,7509954.98912,,
2026-08-14 03:20:00+00:00,0.070088,0.070108,0.070027,0.070045,6109118.55287,,
2026-08-14 03:21:00+00:00,0.070045,0.070073,0.070038,0.070043,134205.937,,
2026-08-14 03:22:00+00:00,0.070043,0.07008,0.070023,0.070023,353007.31478,,
2026-08-14 03:23:00+00:00,0.070023,0.070034,0.070023,0.070031,139097.10384,,
2026-08-14 03:24:00+00:00,0.070031,0.070034,0.070027,0.070027,85598.7448,,
2026-08-14 03:25:00+00:00,0.070027,0.070078,0.070027,0.070049,2459123.13902,,
2026-08-14 03:26:00+00:00,0.070049,0.070061,0.07,0.070001,4209923.07872,,
2026-08-14 03:27:00+00:00,0.070001,0.070025,0.07,0.070025,6876171.68681,,
2026-08-14 03:28:00+00:00,0.070025,0.070029,0.070023,0.070029,20193.67698,,
2026-08-14 03:29:00+00:00,0.070029,0.07004,0.069998,0.070003,2143432.36719,,
2026-08-14 03:30:00+00:00,0.070003,0.070019,0.06999,0.07,1649680.73635,,
2026-08-14 03:31:00+00:00,0.07,0.07001,0.069982,0.069988,5902066.93601,,
2026-08-14 03:32:00+00:00,0.069988,0.070011,0.069985,0.070011,4389801.24561,,
2026-08-14 03:33:00+00:00,0.070011,0.070011,0.069981,0.070002,7574878.21268,,
2026-08-14 03:34:00+00:00,0.070002,0.070002,0.069982,0.069988,3907465.25597,,
2026-08-14 03:35:00+00:00,0.069988,0.069999,0.069963,0.069988,17280370.22233,,
2026-08-14 03:36:00+00:00,0.069988,0.069988,0.069947,0.069971,174012.01527,,
2026-08-14 03:37:00+00:00,0.069971,0.069973,0.069935,0.069945,292037.59465,,
2026-08-14 03:38:00+00:00,0.069945,0.069945,0.069912,0.069912,2750589.61144,,
2026-08-14 03:39:00+00:00,0.069912,0.069918,0.069901,0.069911,4401755.61538,,
2026-08-14 03:40:00+00:00,0.069911,0.069939,0.069901,0.069939,1595173.6883528284,,
2026-08-14 03:41:00+00:00,0.069939,0.069939,0.069894,0.069898,1033258.7085215326,,
2026-08-14 03:42:00+00:00,0.069898,0.069939,0.069898,0.069927,1532540.96374,,
2026-08-14 03:43:00+00:00,0.069927,0.069928,0.069911,0.06992,122528.88616,,
2026-08-14 03:44:00+00:00,0.06992,0.069948,0.069919,0.069948,97217.10012,,
2026-08-14 03:45:00+00:00,0.069948,0.069961,0.069919,0.069945,105656.31766,,
2026-08-14 03:46:00+00:00,0.069945,0.069945,0.0699,0.069902,4445734.07066,,
2026-08-14 03:47:00+00:00,0.069902,0.069916,0.0699,0.069902,3047699.62383,,
2026-08-14 03:48:00+00:00,0.069902,0.069902,0.0699,0.069901,75089.92234,,
2026-08-14 03:49:00+00:00,0.069901,0.069909,0.069894,0.069899,2325119.21953,,
2026-08-14 03:50:00+00:00,0.069899,0.069901,0.069895,0.069899,172707.43978,,
2026-08-14 03:51:00+00:00,0.069899,0.069901,0.069896,0.0699,134708.61932,,
2026-08-14 03:52:00+00:00,0.0699,0.0699,0.069882,0.069888,12600785.90284,,
2026-08-14 03:53:00+00:00,0.069888,0.069904,0.06988,0.069883,10241055.19124,,
2026-08-14 03:54:00+00:00,0.069883,0.069908,0.069881,0.069901,1636583.19853,,
2026-08-14 03:55:00+00:00,0.069901,0.069919,0.069892,0.069904,7299295.15621,,
2026-08-14 03:56:00+00:00,0.069904,0.069939,0.069902,0.069928,4827626.01719,,
2026-08-14 03:57:00+00:00,0.069928,0.069948,0.069908,0.069947,143012.8118,,
2026-08-14 03:58:00+00:00,0.069947,0.069947,0.069908,0.069929,80225.41772,,
2026-08-14 03:59:00+00:00,0.069929,0.069929,0.069921,0.069925,35305.01195,,
2026-08-14 04:00:00+00:00,0.069925,0.069934,0.069891,0.069902,695470.31159,,
2026-08-14 04:01:00+00:00,0.069902,0.069937,0.069899,0.069934,4632396.49408,,
2026-08-14 04:02:00+00:00,0.069934,0.069998,0.069927,0.069997,2967482.65693,,
2026-08-14 04:03:00+00:00,0.069997,0.070048,0.069989,0.070035,5086369.29514,,
2026-08-14 04:04:00+00:00,0.070035,0.070076,0.070018,0.070035,166342.80915061093,,
2026-08-14 04:05:00+00:00,0.070035,0.070065,0.070016,0.070061,136003.13991,,
2026-08-14 04:06:00+00:00,0.070061,0.070067,0.070017,0.070031,2382209.9644,,
2026-08-14 04:07:00+00:00,0.070031,0.070038,0.070014,0.070037,52256.62936,,
2026-08-14 04:08:00+00:00,0.070037,0.070059,0.070017,0.070059,166718.55127,,
2026-08-14 04:09:00+00:00,0.070059,0.07006,0.070018,0.07003,67210.80381,,
2026-08-14 04:10:00+00:00,0.07003,0.070069,0.07003,0.070045,85273.18492,,
2026-08-14 04:11:00+00:00,0.070045,0.070061,0.070014,0.070054,193187.79991,,
2026-08-14 04:12:00+00:00,0.070054,0.070061,0.070054,0.070058,35798.39654,,
2026-08-14 04:13:00+00:00,0.070058,0.070063,0.070024,0.070059,76545.97642,,
2026-08-14 04:14:00+00:00,0.070059,0.070062,0.070056,0.070056,63575.01932,,
2026-08-14 04:15:00+00:00,0.070056,0.070058,0.070056,0.070058,7354.63506,,
2026-08-14 04:16:00+00:00,0.070058,0.07011,0.070058,0.070103,4181744.81094,,
2026-08-14 04:17:00+00:00,0.070103,0.07011,0.070074,0.070091,5677496.2888,,
2026-08-14 04:18:00+00:00,0.070091,0.070098,0.070049,0.070072,5054990.66987,,
2026-08-14 04:19:00+00:00,0.070072,0.070077,0.070038,0.070038,173430.99754,,
2026-08-14 04:20:00+00:00,0.070038,0.070041,0.070037,0.070039,70984.56462,,
2026-08-14 04:21:00+00:00,0.070039,0.070073,0.070039,0.070051,126971.74467,,
2026-08-14 04:22:00+00:00,0.070051,0.070051,0.070039,0.070039,37062.5971,,
2026-08-14 04:23:00+00:00,0.070039,0.070042,0.069992,0.069998,3899766.19098,,
2026-08-14 04:24:00+00:00,0.069998,0.070019,0.06999,0.069991,2434350.87467,,
2026-08-14 04:25:00+00:00,0.069991,0.070002,0.069991,0.069998,154146.62937,,
2026-08-14 04:26:00+00:00,0.069998,0.070002,0.069992,0.070002,95440.42507,,
2026-08-14 04:27:00+00:00,0.070002,0.070023,0.069992,0.07,2985881.67024,,
2026-08-14 04:28:00+00:00,0.07,0.070037,0.07,0.070025,2588792.99858,,
2026-08-14 04:29:00+00:00,0.070025,0.070038,0.069992,0.070002,104771.40634,,
2026-08-14 04:30:00+00:00,0.070002,0.07001,0.069998,0.069998,93543.44852,,
2026-08-14 04:31:00+00:00,0.069998,0.070015,0.069992,0.070012,2935079.29527,,
2026-08-14 04:32:00+00:00,0.070012,0.070017,0.069998,0.069998,119724.51712,,
2026-08-14 04:33:00+00:00,0.069998,0.07001,0.06999,0.06999,136691.51828,,
2026-08-14 04:34:00+00:00,0.06999,0.070001,0.069989,0.069998,145981.78375,,
2026-08-14 04:35:00+00:00,0.069998,0.069999,0.069983,0.069983,10214249.03054,,
2026-08-14 04:36:00+00:00,0.069983,0.070008,0.069974,0.069983,14823626.45027,,
2026-08-14 04:37:00+00:00,0.069983,0.069999,0.06997,0.069989,12807335.16374,,
2026-08-14 04:38:00+00:00,0.069989,0.069999,0.069982,0.069998,9665470.66888,,
2026-08-14 04:39:00+00:00,0.069998,0.069999,0.069959,0.069959,11636514.35026,,
2026-08-14 04:40:00+00:00,0.069959,0.069999,0.069959,0.069985,5275085.79016,,
2026-08-14 04:41:00+00:00,0.069985,0.070005,0.069983,0.069989,9334210.99811,,
2026-08-14 04:42:00+00:00,0.069989,0.070005,0.069963,0.069963,4774718.8298,,
2026-08-14 04:43:00+00:00,0.069963,0.069992,0.069961,0.069972,155546.86082,,
2026-08-14 04:44:00+00:00,0.069972,0.069992,0.069969,0.069972,194834.9009,,
2026-08-14 04:45:00+00:00,0.069972,0.069974,0.06994,0.06994,984595.35008,,
2026-08-14 04:46:00+00:00,0.06994,0.069942,0.069937,0.069941,124619.62002,,
2026-08-14 04:47:00+00:00,0.069941,0.069945,0.069937,0.069945,87639.68766,,
2026-08-14 04:48:00+00:00,0.069945,0.069959,0.069941,0.069956,124656.85386,,
2026-08-14 04:49:00+00:00,0.069956,0.06997,0.069906,0.069935,3949937.11565,,
2026-08-14 04:50:00+00:00,0.069935,0.069959,0.069921,0.06994,107352.44564,,
2026-08-14 04:51:00+00:00,0.06994,0.069947,0.06993,0.069946,134854.95717,,
2026-08-14 04:52:00+00:00,0.069946,0.069959,0.069928,0.069948,180473.27915,,
2026-08-14 04:53:00+00:00,0.069948,0.069968,0.069937,0.069959,57405.49204,,
2026-08-14 04:54:00+00:00,0.069959,0.069963,0.069957,0.069957,94642.4804,,
2026-08-14 04:55:00+00:00,0.069957,0.069961,0.069957,0.069961,17848.01174,,
2026-08-14 04:56:00+00:00,0.069961,0.069961,0.069902,0.069925,15036364.27302,,
2026-08-14 04:57:00+00:00,0.069925,0.069939,0.069909,0.069922,201093.93214,,
2026-08-14 04:58:00+00:00,0.069922,0.069928,0.069907,0.069921,66517.26019,,
2026-08-14 04:59:00+00:00,0.069921,0.069921,0.069894,0.069898,11641009.24631,,
2026-08-14 05:00:00+00:00,0.069898,0.069902,0.069882,0.069895,11755427.21943,,
2026-08-14 05:01:00+00:00,0.069895,0.069926,0.069895,0.069921,6374307.69331,,
2026-08-14 05:02:00+00:00,0.069921,0.069937,0.069921,0.069921,103113.89599,,
2026-08-14 05:03:00+00:00,0.069921,0.069949,0.069914,0.069925,115329.50944,,
2026-08-14 05:04:00+00:00,0.069925,0.069949,0.069914,0.069947,131087.80929,,
2026-08-14 05:05:00+00:00,0.069947,0.069947,0.069915,0.069933,112600.30513,,
2026-08-14 05:06:00+00:00,0.069933,0.069944,0.069906,0.06992,165872.90759,,
2026-08-14 05:07:00+00:00,0.06992,0.069939,0.06992,0.069933,41815.33186,,
2026-08-14 05:08:00+00:00,0.069933,0.069949,0.069901,0.069904,1613718.22326,,
2026-08-14 05:09:00+00:00,0.069904,0.069919,0.069892,0.069915,7327516.81871,,
2026-08-14 05:10:00+00:00,0.069915,0.069921,0.069892,0.069921,9404328.83483,,
2026-08-14 05:11:00+00:00,0.069921,0.069937,0.06991,0.069927,108799.16889,,
2026-08-14 05:12:00+00:00,0.069927,0.069939,0.06992,0.069927,92340.35804,,
2026-08-14 05:13:00+00:00,0.069927,0.069927,0.069898,0.0699,103106.98825,,
2026-08-14 05:14:00+00:00,0.0699,0.069905,0.069891,0.069905,1744232.94569,,
2026-08-14 05:15:00+00:00,0.069905,0.069912,0.06985,0.06985,11422645.9456,,
2026-08-14 05:16:00+00:00,0.06985,0.069915,0.06985,0.069914,4693280.02114,,
2026-08-14 05:17:00+00:00,0.069914,0.069952,0.069901,0.069931,5293275.254259101,,
2026-08-14 05:18:00+00:00,0.069931,0.069947,0.069918,0.069918,81345.26118923514,,
2026-08-14 05:19:00+00:00,0.069918,0.069927,0.069882,0.069901,2760191.8696072805,,
2026-08-14 05:20:00+00:00,0.069901,0.069901,0.069884,0.0699,1639095.1327785335,,
2026-08-14 05:21:00+00:00,0.0699,0.069922,0.069898,0.069922,2998382.51265,,
2026-08-14 05:22:00+00:00,0.069922,0.069946,0.069922,0.069924,38617.42693,,
2026-08-14 05:23:00+00:00,0.069924,0.069924,0.069892,0.069896,136858.35634252083,,
2026-08-14 05:24:00+00:00,0.069896,0.069899,0.06989,0.069891,169737.07432,,
2026-08-14 05:25:00+00:00,0.069891,0.069951,0.06989,0.069951,4649503.41831,,
2026-08-14 05:26:00+00:00,0.069951,0.069951,0.069914,0.069937,141678.81837600606,,
2026-08-14 05:27:00+00:00,0.069937,0.069966,0.06992,0.069956,179692.3078862043,,
2026-08-14 05:28:00+00:00,0.069956,0.07,0.069956,0.069988,4248944.09075089,,
2026-08-14 05:29:00+00:00,0.069988,0.070008,0.069982,0.069984,7327996.15297,,
2026-08-14 05:30:00+00:00,0.069984,0.070008,0.069953,0.069988,7332651.62374,,
2026-08-14 05:31:00+00:00,0.069988,0.069998,0.069958,0.069978,4864519.77449,,
2026-08-14 05:32:00+00:00,0.069978,0.069999,0.069968,0.069991,3540398.00686,,
2026-08-14 05:33:00+00:00,0.069991,0.070007,0.069965,0.069982,3007443.21613,,
2026-08-14 05:34:00+00:00,0.069982,0.069988,0.069962,0.069975,79741.06952,,
2026-08-14 05:35:00+00:00,0.069975,0.069975,0.06994,0.069942,122592.27852,,
2026-08-14 05:36:00+00:00,0.069942,0.069978,0.069942,0.069955,149846.06492,,
2026-08-14 05:37:00+00:00,0.069955,0.069977,0.069955,0.069967,93767.48349,,
2026-08-14 05:38:00+00:00,0.069967,0.06999,0.069964,0.069973,97962.71294,,
2026-08-14 05:39:00+00:00,0.069973,0.06999,0.069968,0.069971,81960.9529,,
2026-08-14 05:40:00+00:00,0.069971,0.070002,0.069959,0.069975,122489.72863322428,,
2026-08-14 05:41:00+00:00,0.069975,0.069992,0.069969,0.069969,142076.49972,,
2026-08-14 05:42:00+00:00,0.069969,0.07,0.069968,0.069998,133816.71473,,
2026-08-14 05:43:00+00:00,0.069998,0.070001,0.069973,0.069973,3721570.38794,,
2026-08-14 05:44:00+00:00,0.069973,0.069991,0.069961,0.069963,116522.88032,,
2026-08-14 05:45:00+00:00,0.069963,0.069982,0.069951,0.069958,211362.36424,,
2026-08-14 05:46:00+00:00,0.069958,0.069981,0.069951,0.069963,143812.7009,,
2026-08-14 05:47:00+00:00,0.069963,0.069988,0.06994,0.069945,453864.73761,,
2026-08-14 05:48:00+00:00,0.069945,0.06995,0.069937,0.06995,159774.84639,,
2026-08-14 05:49:00+00:00,0.06995,0.069968,0.069901,0.069921,2184750.57872,,
2026-08-14 05:50:00+00:00,0.069921,0.069937,0.069899,0.069899,108083.4377722596,,
2026-08-14 05:51:00+00:00,0.069899,0.069902,0.069899,0.069902,77066.64833,,
2026-08-14 05:52:00+00:00,0.069902,0.069937,0.069902,0.069908,4257818.40598,,
2026-08-14 05:53:00+00:00,0.069908,0.069943,0.069908,0.069925,225020.5156950548,,
2026-08-14 05:54:00+00:00,0.069925,0.069939,0.069914,0.069923,119399.01759,,
2026-08-14 05:55:00+00:00,0.069923,0.069946,0.069912,0.069945,151333.35816,,
2026-08-14 05:56:00+00:00,0.069945,0.069971,0.069924,0.069971,601310.1874,,
2026-08-14 05:57:00+00:00,0.069971,0.069971,0.069924,0.069945,121042.51751,,
2026-08-14 05:58:00+00:00,0.069945,0.069961,0.069918,0.069924,278764.57272,,
2026-08-14 05:59:00+00:00,0.069924,0.069963,0.069918,0.069956,148538.21053,,
2026-08-14 06:00:00+00:00,0.069956,0.069963,0.069897,0.069924,179883.79689169943,,
2026-08-14 06:01:00+00:00,0.069924,0.069928,0.0699,0.069926,5401207.02638,,
2026-08-14 06:02:00+00:00,0.069926,0.069939,0.069908,0.069925,154591.32688,,
2026-08-14 06:03:00+00:00,0.069925,0.069925,0.069883,0.069888,4448137.72454,,
2026-08-14 06:04:00+00:00,0.069888,0.069905,0.069882,0.069888,7337190.27,,
2026-08-14 06:05:00+00:00,0.069888,0.069918,0.069888,0.069907,1806518.41005,,
2026-08-14 06:06:00+00:00,0.069907,0.069917,0.06989,0.069899,1046739.48062,,
2026-08-14 06:07:00+00:00,0.069899,0.069902,0.06989,0.069895,182947.51073,,
2026-08-14 06:08:00+00:00,0.069895,0.069901,0.06989,0.06989,165935.14278,,
2026-08-14 06:09:00+00:00,0.06989,0.0699,0.06989,0.069891,120966.4901348406,,
2026-08-14 06:10:00+00:00,0.069891,0.069901,0.069837,0.06984,9133514.99259,,
2026-08-14 06:11:00+00:00,0.06984,0.069855,0.069837,0.069854,145878.90308,,
2026-08-14 06:12:00+00:00,0.069854,0.069888,0.069851,0.069878,139957.1159,,
2026-08-14 06:13:00+00:00,0.069878,0.069888,0.069853,0.069855,198923.25415,,
2026-08-14 06:14:00+00:00,0.069855,0.06989,0.069852,0.069879,132935.53207,,
2026-08-14 06:15:00+00:00,0.069879,0.06992,0.069854,0.069854,10545064.526014332,,
2026-08-14 06:16:00+00:00,0.069854,0.069871,0.069809,0.069831,3420902.26652,,
2026-08-14 06:17:00+00:00,0.069831,0.069861,0.069799,0.069816,159224.6454685391,,
2026-08-14 06:18:00+00:00,0.069816,0.069837,0.069792,0.069812,2442383.4844266665,,
2026-08-14 06:19:00+00:00,0.069812,0.069839,0.069801,0.069833,4833269.458732521,,
2026-08-14 06:20:00+00:00,0.069833,0.069837,0.0698,0.0698,126914.73212,,
2026-08-14 06:21:00+00:00,0.0698,0.069817,0.0698,0.0698,5555825.78215,,
2026-08-14 06:22:00+00:00,0.0698,0.069801,0.0698,0.0698,105037.70911,,
2026-08-14 06:23:00+00:00,0.0698,0.069801,0.0698,0.069801,98214.07922,,
2026-08-14 06:24:00+00:00,0.069801,0.069835,0.069791,0.069795,8138880.29629,,
2026-08-14 06:25:00+00:00,0.069795,0.0698,0.069755,0.069799,10436674.022693364,,
2026-08-14 06:26:00+00:00,0.069799,0.069803,0.069775,0.069801,19026526.42724,,
2026-08-14 06:27:00+00:00,0.069801,0.069806,0.069749,0.069771,3392418.0685998076,,
2026-08-14 06:28:00+00:00,0.069771,0.069777,0.069739,0.069739,101571.69375,,
2026-08-14 06:29:00+00:00,0.069739,0.0698,0.06958,0.069666,2643738.5686916537,,
2026-08-14 06:30:00+00:00,0.069666,0.06971,0.069654,0.069701,140339.99584,,
2026-08-14 06:31:00+00:00,0.069701,0.069728,0.06969,0.069728,5710248.32208,,
2026-08-14 06:32:00+00:00,0.069728,0.069731,0.069699,0.0697,145167.02580550616,,
2026-08-14 06:33:00+00:00,0.0697,0.069734,0.0697,0.069729,9415400.77488,,
2026-08-14 06:34:00+00:00,0.069729,0.069734,0.069698,0.069699,6228854.9218,,
2026-08-14 06:35:00+00:00,0.069699,0.069717,0.069698,0.069701,4708935.70103,,
2026-08-14 06:36:00+00:00,0.069701,0.06971,0.069684,0.069684,1864754.06745,,
2026-08-14 06:37:00+00:00,0.069684,0.069715,0.069674,0.069674,14714613.78595,,
2026-08-14 06:38:00+00:00,0.069674,0.069708,0.069663,0.069699,11689761.46455,,
2026-08-14 06:39:00+00:00,0.069699,0.069718,0.069692,0.069717,1639162.53244378,,
2026-08-14 06:40:00+00:00,0.069717,0.069739,0.069701,0.069735,6650096.89453,,
2026-08-14 06:41:00+00:00,0.069735,0.069743,0.069701,0.069717,6169633.22268,,
2026-08-14 06:42:00+00:00,0.069717,0.069718,0.069684,0.069712,7351983.1577,,
2026-08-14 06:43:00+00:00,0.069712,0.069717,0.069694,0.069702,4082002.75097,,
2026-08-14 06:44:00+00:00,0.069702,0.069719,0.069698,0.069702,4440999.15364,,
2026-08-14 06:45:00+00:00,0.069702,0.069737,0.0697,0.069736,4567135.533065677,,
2026-08-14 06:46:00+00:00,0.069736,0.069826,0.069731,0.069825,60684248.35527583,,
2026-08-14 06:47:00+00:00,0.069825,0.069835,0.06974,0.069742,37939087.57358417,,
2026-08-14 06:48:00+00:00,0.069742,0.069744,0.0697,0.069701,2266350.48741,,
2026-08-14 06:49:00+00:00,0.069701,0.069726,0.069693,0.069726,18428754.24497,,
2026-08-14 06:50:00+00:00,0.069726,0.069782,0.06971,0.069776,163200.22263,,
2026-08-14 06:51:00+00:00,0.069776,0.069791,0.069736,0.069736,237688.87642,,
2026-08-14 06:52:00+00:00,0.069736,0.069736,0.06962,0.069654,14821136.91229,,
2026-08-14 06:53:00+00:00,0.069654,0.06971,0.069654,0.069702,19148531.19917,,
2026-08-14 06:54:00+00:00,0.069702,0.069703,0.069639,0.069655,34109927.08533,,
2026-08-14 06:55:00+00:00,0.069655,0.0697,0.069655,0.0697,142231.62196,,
2026-08-14 06:56:00+00:00,0.0697,0.069712,0.069674,0.069685,9566481.1189,,
2026-08-14 06:57:00+00:00,0.069685,0.069702,0.069643,0.069643,29956211.89807,,
2026-08-14 06:58:00+00:00,0.069643,0.069643,0.069605,0.069626,9391953.685242465,,
2026-08-14 06:59:00+00:00,0.069626,0.069637,0.069602,0.069616,4499448.79219,,
2026-08-14 07:00:00+00:00,0.069616,0.069617,0.069574,0.069583,24711057.88307,,
2026-08-14 07:01:00+00:00,0.069583,0.069608,0.069581,0.069592,8550370.10996,,
2026-08-14 07:02:00+00:00,0.069592,0.06966,0.06959,0.069624,6350514.780770562,,
2026-08-14 07:03:00+00:00,0.069624,0.069658,0.069621,0.069642,408421.3390332242,,
2026-08-14 07:04:00+00:00,0.069642,0.069657,0.06963,0.069656,117324.59989,,
2026-08-14 07:05:00+00:00,0.069656,0.069689,0.06964,0.069679,229742.4298025905,,
2026-08-14 07:06:00+00:00,0.069679,0.069701,0.069668,0.0697,1897455.8652,,
2026-08-14 07:07:00+00:00,0.0697,0.069708,0.069663,0.069665,7624348.47202,,
2026-08-14 07:08:00+00:00,0.069665,0.069677,0.06964,0.069644,108429.35911,,
2026-08-14 07:09:00+00:00,0.069644,0.069682,0.069644,0.069665,95010.57172,,
2026-08-14 07:10:00+00:00,0.069665,0.069686,0.069641,0.06966,165623.0094,,
2026-08-14 07:11:00+00:00,0.06966,0.069675,0.069648,0.069671,169413.4585,,
2026-08-14 07:12:00+00:00,0.069671,0.069691,0.069656,0.069673,86544.27808,,
2026-08-14 07:13:00+00:00,0.069673,0.069699,0.069647,0.069682,1936661.78764,,
2026-08-14 07:14:00+00:00,0.069682,0.069708,0.06967,0.069684,7677080.28586,,
2026-08-14 07:15:00+00:00,0.069684,0.069699,0.069648,0.069658,6647833.096270019,,
2026-08-14 07:16:00+00:00,0.069658,0.0697,0.069658,0.069688,8139231.940130646,,
2026-08-14 07:17:00+00:00,0.069688,0.069699,0.069682,0.069699,6764453.83807,,
2026-08-14 07:18:00+00:00,0.069699,0.069727,0.069698,0.069727,7247383.08481,,
2026-08-14 07:19:00+00:00,0.069727,0.069765,0.069717,0.069765,1018256.67456,,
2026-08-14 07:20:00+00:00,0.069765,0.069771,0.069723,0.069766,109005.92262,,
2026-08-14 07:21:00+00:00,0.069766,0.069791,0.06976,0.069771,818692.70936,,
2026-08-14 07:22:00+00:00,0.069771,0.069783,0.06974,0.06974,215123.62537,,
2026-08-14 07:23:00+00:00,0.06974,0.069774,0.069739,0.069745,109022.2915,,
2026-08-14 07:24:00+00:00,0.069745,0.069772,0.06974,0.069755,140056.10299,,
2026-08-14 07:25:00+00:00,0.069755,0.0698,0.069749,0.069771,150125.60284,,
2026-08-14 07:26:00+00:00,0.069771,0.069792,0.069771,0.06979,112732.09976,,
2026-08-14 07:27:00+00:00,0.06979,0.069791,0.069771,0.06979,159063.95721,,
2026-08-14 07:28:00+00:00,0.06979,0.06979,0.069753,0.069772,107748.80571,,
2026-08-14 07:29:00+00:00,0.069772,0.069773,0.069749,0.069771,111358.55241,,
2026-08-14 07:30:00+00:00,0.069771,0.069773,0.069744,0.069771,133329.71955,,
2026-08-14 07:31:00+00:00,0.069771,0.069776,0.069737,0.06974,115507.42984,,
2026-08-14 07:32:00+00:00,0.06974,0.06974,0.069689,0.069701,999623.4881,,
2026-08-14 07:33:00+00:00,0.069701,0.069708,0.069684,0.069684,1497367.32354,,
2026-08-14 07:34:00+00:00,0.069684,0.069708,0.069674,0.069702,6762148.54897,,
2026-08-14 07:35:00+00:00,0.069702,0.069708,0.069685,0.069685,92926.90678,,
2026-08-14 07:36:00+00:00,0.069685,0.069718,0.069685,0.069717,9128763.42408,,
2026-08-14 07:37:00+00:00,0.069717,0.069717,0.069683,0.069683,8577239.32594,,
2026-08-14 07:38:00+00:00,0.069683,0.069708,0.069636,0.069637,10036215.334494548,,
2026-08-14 07:39:00+00:00,0.069637,0.069668,0.0696,0.069602,4795260.704623846,,
2026-08-14 07:40:00+00:00,0.069602,0.069649,0.069601,0.069645,98250.84338,,
2026-08-14 07:41:00+00:00,0.069645,0.069657,0.069622,0.069624,142898.44206,,
2026-08-14 07:42:00+00:00,0.069624,0.06967,0.069617,0.06967,258575.2977,,
2026-08-14 07:43:00+00:00,0.06967,0.069671,0.069655,0.069659,179577.71256,,
2026-08-14 07:44:00+00:00,0.069659,0.069661,0.069655,0.069661,74250.62194,,
2026-08-14 07:45:00+00:00,0.069661,0.069665,0.069659,0.069664,74641.79368,,
2026-08-14 07:46:00+00:00,0.069664,0.069699,0.069664,0.069673,10231176.88866,,
2026-08-14 07:47:00+00:00,0.069673,0.06969,0.069632,0.069642,155474.75692,,
2026-08-14 07:48:00+00:00,0.069642,0.06969,0.069642,0.069675,171770.35013,,
2026-08-14 07:49:00+00:00,0.069675,0.069717,0.069675,0.069698,2364751.32105,,
2026-08-14 07:50:00+00:00,0.069698,0.069717,0.069684,0.069699,4444338.72555,,
2026-08-14 07:51:00+00:00,0.069699,0.069708,0.069662,0.069662,5487634.215309851,,
2026-08-14 07:52:00+00:00,0.069662,0.069702,0.069662,0.069682,6866432.79958241,,
2026-08-14 07:53:00+00:00,0.069682,0.069708,0.069682,0.069683,8771241.952856887,,
2026-08-14 07:54:00+00:00,0.069683,0.069698,0.069654,0.069672,5651304.61781,,
2026-08-14 07:55:00+00:00,0.069672,0.069688,0.069649,0.069675,130515.56241,,
2026-08-14 07:56:00+00:00,0.069675,0.069699,0.069661,0.069665,5300913.17225,,
2026-08-14 07:57:00+00:00,0.069665,0.069686,0.069652,0.069652,86302.89354,,
2026-08-14 07:58:00+00:00,0.069652,0.069677,0.069648,0.069673,180033.74701,,
2026-08-14 07:59:00+00:00,0.069673,0.069673,0.069618,0.069648,407168.71812,,
2026-08-14 08:00:00+00:00,0.069648,0.069675,0.069618,0.069665,1251622.59052,,
2026-08-14 08:01:00+00:00,0.069665,0.06967,0.069655,0.069657,154902.5482,,
2026-08-14 08:02:00+00:00,0.069657,0.069673,0.069618,0.069673,1216735.03123,,
2026-08-14 08:03:00+00:00,0.069673,0.069699,0.069659,0.069698,189653.7961,,
2026-08-14 08:04:00+00:00,0.069698,0.069699,0.069669,0.069674,4964367.86627,,
2026-08-14 08:05:00+00:00,0.069674,0.069699,0.069663,0.069663,6321927.32345,,
2026-08-14 08:06:00+00:00,0.069663,0.069699,0.069663,0.069699,196961.23154,,
2026-08-14 08:07:00+00:00,0.069699,0.069699,0.069683,0.069688,6477093.1065,,
2026-08-14 08:08:00+00:00,0.069688,0.069699,0.069669,0.069671,1607025.06457,,
2026-08-14 08:09:00+00:00,0.069671,0.069699,0.069671,0.069688,10826328.82117,,
2026-08-14 08:10:00+00:00,0.069688,0.0697,0.069674,0.069674,15888770.09187,,
2026-08-14 08:11:00+00:00,0.069674,0.06969,0.069632,0.069632,260134.58165,,
2026-08-14 08:12:00+00:00,0.069632,0.069662,0.069608,0.069629,272355.00424,,
2026-08-14 08:13:00+00:00,0.069629,0.069651,0.069611,0.069635,144600.52214,,
2026-08-14 08:14:00+00:00,0.069635,0.069635,0.06962,0.069625,38078.32554,,
2026-08-14 08:15:00+00:00,0.069625,0.069678,0.069613,0.06967,468920.19353,,
2026-08-14 08:16:00+00:00,0.06967,0.069705,0.069657,0.069699,2680263.35806,,
2026-08-14 08:17:00+00:00,0.069699,0.069702,0.06965,0.06965,1352447.95146,,
2026-08-14 08:18:00+00:00,0.06965,0.069674,0.069625,0.069625,704022.5393,,
2026-08-14 08:19:00+00:00,0.069625,0.069629,0.069584,0.069584,5364927.324280672,,
2026-08-14 08:20:00+00:00,0.069584,0.069601,0.069584,0.069591,120067.66586,,
2026-08-14 08:21:00+00:00,0.069591,0.0697,0.069575,0.069699,13999960.250811446,,
2026-08-14 08:22:00+00:00,0.069699,0.069699,0.069601,0.069612,4082370.80004,,
2026-08-14 08:23:00+00:00,0.069612,0.069618,0.069601,0.069617,7311165.26587,,
2026-08-14 08:24:00+00:00,0.069617,0.069618,0.069563,0.069581,14657676.15975,,
2026-08-14 08:25:00+00:00,0.069581,0.0696,0.069564,0.06959,7059219.39226,,
2026-08-14 08:26:00+00:00,0.06959,0.0696,0.069555,0.069574,17975256.433866423,,
2026-08-14 08:27:00+00:00,0.069574,0.069599,0.06956,0.069592,1614670.3320449537,,
2026-08-14 08:28:00+00:00,0.069592,0.069607,0.069583,0.069605,14544729.78258,,
2026-08-14 08:29:00+00:00,0.069605,0.069639,0.069602,0.069627,4542278.40705,,
2026-08-14 08:30:00+00:00,0.069627,0.069679,0.069621,0.069639,153428.25189,,
2026-08-14 08:31:00+00:00,0.069639,0.069639,0.0696,0.0696,126054.00046,,
2026-08-14 08:32:00+00:00,0.0696,0.069692,0.0696,0.069669,10315086.65427,,
2026-08-14 08:33:00+00:00,0.069669,0.069705,0.069665,0.069705,5013644.93135,,
2026-08-14 08:34:00+00:00,0.069705,0.06977,0.069692,0.06977,7218487.527048553,,
2026-08-14 08:35:00+00:00,0.06977,0.069807,0.06977,0.069807,10318988.355732068,,
2026-08-14 08:36:00+00:00,0.069807,0.069807,0.069782,0.069791,8798951.9294,,
2026-08-14 08:37:00+00:00,0.069791,0.069802,0.069784,0.069802,2717246.0194,,
2026-08-14 08:38:00+00:00,0.069802,0.069829,0.069801,0.069817,7996305.82209,,
2026-08-14 08:39:00+00:00,0.069817,0.069817,0.069772,0.069791,6527368.59471,,
2026-08-14 08:40:00+00:00,0.069791,0.069793,0.06976,0.069773,140311.55453,,
2026-08-14 08:41:00+00:00,0.069773,0.0698,0.069749,0.0698,665357.2973790582,,
2026-08-14 08:42:00+00:00,0.0698,0.06982,0.069734,0.069745,421750.76225227385,,
2026-08-14 08:43:00+00:00,0.069745,0.069803,0.069734,0.0698,242121.2958644287,,
2026-08-14 08:44:00+00:00,0.0698,0.0698,0.069734,0.069754,298958.26690780267,,
2026-08-14 08:45:00+00:00,0.069754,0.0698,0.069741,0.069764,153647.0995272887,,
2026-08-14 08:46:00+00:00,0.069764,0.0698,0.069764,0.069799,7320142.567161216,,
2026-08-14 08:47:00+00:00,0.069799,0.069812,0.069799,0.0698,1799613.8593615436,,
2026-08-14 08:48:00+00:00,0.0698,0.069867,0.0698,0.069843,4381499.571690091,,
2026-08-14 08:49:00+00:00,0.069843,0.069857,0.06983,0.069846,183894.61876947444,,
2026-08-14 08:50:00+00:00,0.069846,0.069856,0.069832,0.069856,112495.311,,
2026-08-14 08:51:00+00:00,0.069856,0.069873,0.069832,0.06987,598132.9201982118,,
2026-08-14 08:52:00+00:00,0.06987,0.0699,0.069869,0.0699,151404.72508196128,,
2026-08-14 08:53:00+00:00,0.0699,0.0699,0.069864,0.069883,119756.00623164725,,
2026-08-14 08:54:00+00:00,0.069883,0.069892,0.069843,0.069845,595035.5134024661,,
2026-08-14 08:55:00+00:00,0.069845,0.069908,0.069837,0.069841,117184.51412555671,,
2026-08-14 08:56:00+00:00,0.069841,0.0699,0.069837,0.069863,2428193.4766565035,,
2026-08-14 08:57:00+00:00,0.069863,0.069881,0.069863,0.069871,121278.15008,,
2026-08-14 08:58:00+00:00,0.069871,0.06994,0.069871,0.069925,11999498.62773,,
2026-08-14 08:59:00+00:00,0.069925,0.069948,0.069916,0.069948,113122.49307,,
2026-08-14 09:00:00+00:00,0.069948,0.069948,0.069914,0.069934,82033.37871,,
2026-08-14 09:01:00+00:00,0.069934,0.069947,0.069898,0.069898,4788817.639886952,,
2026-08-14 09:02:00+00:00,0.069898,0.069902,0.069852,0.069852,6869545.779566228,,
2026-08-14 09:03:00+00:00,0.069852,0.0699,0.069842,0.069864,124437.32966184575,,
2026-08-14 09:04:00+00:00,0.069864,0.06989,0.069857,0.069857,133239.45220516864,,
2026-08-14 09:05:00+00:00,0.069857,0.069892,0.069857,0.069869,143523.61057,,
2026-08-14 09:06:00+00:00,0.069869,0.069891,0.069869,0.06989,75898.64383,,
2026-08-14 09:07:00+00:00,0.06989,0.069891,0.06987,0.06989,106161.45312,,
2026-08-14 09:08:00+00:00,0.06989,0.069893,0.069872,0.069893,119504.92205,,
2026-08-14 09:09:00+00:00,0.069893,0.069893,0.069861,0.069861,107600.67075377265,,
2026-08-14 09:10:00+00:00,0.069861,0.069881,0.069861,0.069862,136322.0231,,
2026-08-14 09:11:00+00:00,0.069862,0.069959,0.069862,0.069948,133068.16653628496,,
2026-08-14 09:12:00+00:00,0.069948,0.069948,0.069925,0.06994,95268.9704,,
2026-08-14 09:13:00+00:00,0.06994,0.069957,0.06994,0.069957,79264.33265866303,,
2026-08-14 09:14:00+00:00,0.069957,0.069957,0.069941,0.069947,134668.44273626118,,
2026-08-14 09:15:00+00:00,0.069947,0.069957,0.069941,0.069941,144661.94665478755,,
2026-08-14 09:16:00+00:00,0.069941,0.069959,0.069941,0.069949,167312.89933455113,,
2026-08-14 09:17:00+00:00,0.069949,0.069954,0.06994,0.069949,87116.04474,,
2026-08-14 09:18:00+00:00,0.069949,0.06995,0.069924,0.069924,76236.12819,,
2026-08-14 09:19:00+00:00,0.069924,0.069931,0.069901,0.069912,1521019.58586,,
2026-08-14 09:20:00+00:00,0.069912,0.069918,0.069854,0.069863,6455736.04032,,
2026-08-14 09:21:00+00:00,0.069863,0.069889,0.069808,0.069825,4280742.534929781,,
2026-08-14 09:22:00+00:00,0.069825,0.069854,0.069812,0.069825,121384.67150997852,,
2026-08-14 09:23:00+00:00,0.069825,0.069839,0.069805,0.069821,116691.3798,,
2026-08-14 09:24:00+00:00,0.069821,0.069831,0.06982,0.069827,75793.07017,,
2026-08-14 09:25:00+00:00,0.069827,0.069837,0.0698,0.0698,102618.92199,,
2026-08-14 09:26:00+00:00,0.0698,0.069848,0.0698,0.069836,13393473.969226032,,
2026-08-14 09:27:00+00:00,0.069836,0.069849,0.06975,0.06975,13600252.141149068,,
2026-08-14 09:28:00+00:00,0.06975,0.069776,0.069627,0.069627,5976239.2445299,,
2026-08-14 09:29:00+00:00,0.069627,0.069645,0.069623,0.069635,139626.150085094,,
2026-08-14 09:30:00+00:00,0.069635,0.069645,0.069574,0.069581,20227078.569786698,,
2026-08-14 09:31:00+00:00,0.069581,0.069605,0.069581,0.069588,2409710.07508,,
2026-08-14 09:32:00+00:00,0.069588,0.069602,0.06956,0.069602,5226580.870957926,,
2026-08-14 09:33:00+00:00,0.069602,0.069641,0.0696,0.069641,5216052.73854,,
2026-08-14 09:34:00+00:00,0.069641,0.069662,0.069608,0.069649,125053.42153,,
2026-08-14 09:35:00+00:00,0.069649,0.069682,0.069617,0.06963,129921.51867,,
2026-08-14 09:36:00+00:00,0.06963,0.06963,0.069598,0.069612,1536691.03457,,
2026-08-14 09:37:00+00:00,0.069612,0.069617,0.06959,0.069617,3284538.27996,,
2026-08-14 09:38:00+00:00,0.069617,0.06962,0.069564,0.069564,2425782.1405938114,,
2026-08-14 09:39:00+00:00,0.069564,0.0696,0.069465,0.0695,8935384.633640388,,
2026-08-14 09:40:00+00:00,0.0695,0.0695,0.069461,0.069483,4745187.814315594,,
2026-08-14 09:41:00+00:00,0.069483,0.0695,0.069395,0.069414,766430.4458978703,,
2026-08-14 09:42:00+00:00,0.069414,0.069469,0.069413,0.069413,205087.0162490096,,
2026-08-14 09:43:00+00:00,0.069413,0.069461,0.069413,0.069445,167074.30047,,
2026-08-14 09:44:00+00:00,0.069445,0.069455,0.069401,0.069414,6944041.58376,,
2026-08-14 09:45:00+00:00,0.069414,0.069499,0.069413,0.069452,9874825.61483,,
2026-08-14 09:46:00+00:00,0.069452,0.06948,0.069452,0.069455,62496.60862334783,,
2026-08-14 09:47:00+00:00,0.069455,0.069488,0.069445,0.069454,286805.3920690918,,
2026-08-14 09:48:00+00:00,0.069454,0.0695,0.069454,0.069499,3657589.636195416,,
2026-08-14 09:49:00+00:00,0.069499,0.069508,0.069482,0.069497,7343163.43685,,
2026-08-14 09:50:00+00:00,0.069497,0.069582,0.069497,0.06953,9261863.24114,,
2026-08-14 09:51:00+00:00,0.06953,0.06955,0.06948,0.069498,3362232.827779311,,
2026-08-14 09:52:00+00:00,0.069498,0.069558,0.069498,0.069522,2974648.39564543,,
2026-08-14 09:53:00+00:00,0.069522,0.069553,0.0695,0.069512,1606685.1608301743,,
2026-08-14 09:54:00+00:00,0.069512,0.06954,0.0695,0.069521,2220867.4025711487,,
2026-08-14 09:55:00+00:00,0.069521,0.069525,0.069484,0.069485,2996975.95732,,
2026-08-14 09:56:00+00:00,0.069485,0.069508,0.069469,0.06948,9681685.999784224,,
2026-08-14 09:57:00+00:00,0.06948,0.069499,0.069462,0.069462,17460110.43321712,,
2026-08-14 09:58:00+00:00,0.069462,0.069492,0.069462,0.069484,125844.48864,,
2026-08-14 09:59:00+00:00,0.069484,0.069484,0.069454,0.069454,253216.2147328793,,
2026-08-14 10:00:00+00:00,0.069454,0.069472,0.069411,0.069467,4191643.503439246,,
2026-08-14 10:01:00+00:00,0.069467,0.069508,0.069433,0.069503,1644390.76573,,
2026-08-14 10:02:00+00:00,0.069503,0.069508,0.069483,0.069501,3641389.135801116,,
2026-08-14 10:03:00+00:00,0.069501,0.06955,0.069498,0.069536,4557949.38251,,
2026-08-14 10:04:00+00:00,0.069536,0.069557,0.069536,0.069549,87455.34176,,
2026-08-14 10:05:00+00:00,0.069549,0.0696,0.069523,0.069541,593133.2539741166,,
2026-08-14 10:06:00+00:00,0.069541,0.069564,0.069519,0.069535,2042609.08403,,
2026-08-14 10:07:00+00:00,0.069535,0.069546,0.069515,0.069545,94541.09405,,
2026-08-14 10:08:00+00:00,0.069545,0.069557,0.069521,0.069521,99070.87091294584,,
2026-08-14 10:09:00+00:00,0.069521,0.069551,0.069501,0.069545,5179785.30951,,
2026-08-14 10:10:00+00:00,0.069545,0.06956,0.069519,0.069559,139804.60983,,
2026-08-14 10:11:00+00:00,0.069559,0.069566,0.069512,0.069558,131751.38576434384,,
2026-08-14 10:12:00+00:00,0.069558,0.069568,0.069557,0.069559,109421.91444,,
2026-08-14 10:13:00+00:00,0.069559,0.069561,0.06951,0.06956,165862.59034,,
2026-08-14 10:14:00+00:00,0.06956,0.069599,0.069518,0.069598,1240478.02078,,
2026-08-14 10:15:00+00:00,0.069598,0.069599,0.069583,0.069599,4772231.43462,,
2026-08-14 10:16:00+00:00,0.069599,0.069662,0.069584,0.06963,7531892.657029808,,
2026-08-14 10:17:00+00:00,0.06963,0.06963,0.069598,0.069612,7452230.903408647,,
2026-08-14 10:18:00+00:00,0.069612,0.069618,0.069573,0.069573,15303238.41125,,
2026-08-14 10:19:00+00:00,0.069573,0.06959,0.069539,0.069539,133165.75998,,
2026-08-14 10:20:00+00:00,0.069539,0.069558,0.069498,0.069515,1903452.40267,,
2026-08-14 10:21:00+00:00,0.069515,0.069518,0.06949,0.06949,5965079.69049,,
2026-08-14 10:22:00+00:00,0.06949,0.069505,0.06949,0.069499,1009116.7090202424,,
2026-08-14 10:23:00+00:00,0.069499,0.069515,0.06949,0.069512,6770686.02844,,
2026-08-14 10:24:00+00:00,0.069512,0.069535,0.069498,0.069502,3076903.8622674104,,
2026-08-14 10:25:00+00:00,0.069502,0.069502,0.069463,0.069483,8958869.247298488,,
2026-08-14 10:26:00+00:00,0.069483,0.069508,0.069458,0.069477,8689284.7714,,
2026-08-14 10:27:00+00:00,0.069477,0.069491,0.069459,0.069491,158413.9197,,
2026-08-14 10:28:00+00:00,0.069491,0.069491,0.06945,0.069472,930092.9350281636,,
2026-08-14 10:29:00+00:00,0.069472,0.069499,0.069449,0.069483,6794821.87866,,
2026-08-14 10:30:00+00:00,0.069483,0.069502,0.069474,0.069496,6757648.52763,,
2026-08-14 10:31:00+00:00,0.069496,0.069508,0.069481,0.069481,5850680.32728,,
2026-08-14 10:32:00+00:00,0.069481,0.069508,0.069481,0.069488,7397763.1134,,
2026-08-14 10:33:00+00:00,0.069488,0.069499,0.069462,0.069488,5484881.00769,,
2026-08-14 10:34:00+00:00,0.069488,0.0695,0.069471,0.069471,6761083.16215,,
2026-08-14 10:35:00+00:00,0.069471,0.069501,0.06946,0.069477,215503.80933356617,,
2026-08-14 10:36:00+00:00,0.069477,0.069508,0.069457,0.069481,6773129.306739639,,
2026-08-14 10:37:00+00:00,0.069481,0.069488,0.069395,0.069395,1991330.87747,,
2026-08-14 10:38:00+00:00,0.069395,0.069437,0.069389,0.069425,6087799.01896,,
2026-08-14 10:39:00+00:00,0.069425,0.069427,0.0694,0.069425,4257888.603261033,,
2026-08-14 10:40:00+00:00,0.069425,0.069439,0.069409,0.069438,77837.58428,,
2026-08-14 10:41:00+00:00,0.069438,0.069439,0.06939,0.069399,165928.59622,,
2026-08-14 10:42:00+00:00,0.069399,0.069408,0.069351,0.069384,9822611.797240892,,
2026-08-14 10:43:00+00:00,0.069384,0.069408,0.069382,0.069388,9712776.16476518,,
2026-08-14 10:44:00+00:00,0.069388,0.069399,0.069388,0.069399,267997.59096,,
2026-08-14 10:45:00+00:00,0.069399,0.069399,0.069367,0.069367,8738732.03742,,
2026-08-14 10:46:00+00:00,0.069367,0.06939,0.069367,0.069373,55721.65862,,
2026-08-14 10:47:00+00:00,0.069373,0.069373,0.0693,0.069319,11699978.88284048,,
2026-08-14 10:48:00+00:00,0.069319,0.0694,0.0693,0.069389,395749.7303360244,,
2026-08-14 10:49:00+00:00,0.069389,0.0694,0.069355,0.0694,5695792.699856882,,
2026-08-14 10:50:00+00:00,0.0694,0.069417,0.069382,0.069412,10472735.15217,,
2026-08-14 10:51:00+00:00,0.069412,0.069418,0.069401,0.069415,5016502.09892,,
2026-08-14 10:52:00+00:00,0.069415,0.069429,0.069402,0.069423,4875321.24554,,
2026-08-14 10:53:00+00:00,0.069423,0.069439,0.069399,0.069399,93529.31531,,
2026-08-14 10:54:00+00:00,0.069399,0.069399,0.069372,0.069389,11062952.01309,,
2026-08-14 10:55:00+00:00,0.069389,0.069399,0.069359,0.069372,9715310.86473,,
2026-08-14 10:56:00+00:00,0.069372,0.069376,0.069329,0.069329,180835.7568679656,,
2026-08-14 10:57:00+00:00,0.069329,0.069335,0.069327,0.069332,159658.0573879656,,
2026-08-14 10:58:00+00:00,0.069332,0.069383,0.069324,0.069337,153247.6327,,
2026-08-14 10:59:00+00:00,0.069337,0.069351,0.0693,0.069346,140468.7278479965,,
2026-08-14 11:00:00+00:00,0.069346,0.0694,0.069324,0.06937,7009918.18359,,
2026-08-14 11:01:00+00:00,0.06937,0.069401,0.069363,0.069383,3355710.51468,,
2026-08-14 11:02:00+00:00,0.069383,0.069417,0.069372,0.069401,3962140.24907,,
2026-08-14 11:03:00+00:00,0.069401,0.069467,0.069372,0.069445,9048081.936807567,,
2026-08-14 11:04:00+00:00,0.069445,0.069472,0.069418,0.069455,1617102.68201,,
2026-08-14 11:05:00+00:00,0.069455,0.069455,0.06939,0.069401,6881576.794273076,,
2026-08-14 11:06:00+00:00,0.069401,0.069401,0.069363,0.069363,7302827.761883075,,
2026-08-14 11:07:00+00:00,0.069363,0.069382,0.069363,0.069381,39666.57668,,
2026-08-14 11:08:00+00:00,0.069381,0.06943,0.069369,0.06943,13708877.04288,,
2026-08-14 11:09:00+00:00,0.06943,0.06943,0.069383,0.069388,5363556.59404,,
2026-08-14 11:10:00+00:00,0.069388,0.069408,0.069383,0.069399,6790189.12737,,
2026-08-14 11:11:00+00:00,0.069399,0.069408,0.069388,0.069398,5914352.07607,,
2026-08-14 11:12:00+00:00,0.069398,0.069446,0.069398,0.069445,15524969.25998,,
2026-08-14 11:13:00+00:00,0.069445,0.06945,0.069418,0.069435,1016595.62233,,
2026-08-14 11:14:00+00:00,0.069435,0.069448,0.069394,0.069402,1945644.811,,
2026-08-14 11:15:00+00:00,0.069402,0.069412,0.069384,0.069412,5325320.38055,,
2026-08-14 11:16:00+00:00,0.069412,0.069448,0.069408,0.06944,5972465.26795,,
2026-08-14 11:17:00+00:00,0.06944,0.06947,0.069417,0.069445,111619.99058,,
2026-08-14 11:18:00+00:00,0.069445,0.069466,0.069418,0.069464,223997.02777855867,,
2026-08-14 11:19:00+00:00,0.069464,0.069499,0.069461,0.06948,5380964.54873,,
2026-08-14 11:20:00+00:00,0.06948,0.069508,0.069463,0.069478,4594363.09739,,
2026-08-14 11:21:00+00:00,0.069478,0.0695,0.069459,0.069472,4417573.8554,,
2026-08-14 11:22:00+00:00,0.069472,0.069474,0.069437,0.069441,194895.55148,,
2026-08-14 11:23:00+00:00,0.069441,0.069444,0.069435,0.069435,130415.16371,,
2026-08-14 11:24:00+00:00,0.069435,0.069437,0.069414,0.069427,70774.03305,,
2026-08-14 11:25:00+00:00,0.069427,0.069427,0.0694,0.069425,6068968.3529,,
2026-08-14 11:26:00+00:00,0.069425,0.06947,0.069412,0.069465,460750.05111,,
2026-08-14 11:27:00+00:00,0.069465,0.06947,0.069419,0.069422,1646329.77885,,
2026-08-14 11:28:00+00:00,0.069422,0.069422,0.069376,0.069386,14206324.47727,,
2026-08-14 11:29:00+00:00,0.069386,0.069409,0.069374,0.069399,183264.71615,,
2026-08-14 11:30:00+00:00,0.069399,0.069408,0.069391,0.069408,981087.664110844,,
2026-08-14 11:31:00+00:00,0.069408,0.069409,0.069381,0.069382,12864479.11047,,
2026-08-14 11:32:00+00:00,0.069382,0.069408,0.069382,0.069392,7443705.07791,,
2026-08-14 11:33:00+00:00,0.069392,0.069408,0.069382,0.069388,7945617.67739,,
2026-08-14 11:34:00+00:00,0.069388,0.069405,0.069388,0.069404,1281659.80609,,
2026-08-14 11:35:00+00:00,0.069404,0.069438,0.069399,0.069422,5204766.56208,,
2026-08-14 11:36:00+00:00,0.069422,0.069451,0.069407,0.069435,109091.80071,,
2026-08-14 11:37:00+00:00,0.069435,0.069459,0.069414,0.069457,111682.08689,,
2026-08-14 11:38:00+00:00,0.069457,0.069491,0.069457,0.069472,2222057.6328,,
2026-08-14 11:39:00+00:00,0.069472,0.069486,0.069442,0.069442,120308.28717,,
2026-08-14 11:40:00+00:00,0.069442,0.069442,0.069402,0.069426,8354283.84985,,
2026-08-14 11:41:00+00:00,0.069426,0.069439,0.0694,0.069411,147583.75105537695,,
2026-08-14 11:42:00+00:00,0.069411,0.069459,0.069411,0.06944,348571.65394,,
2026-08-14 11:43:00+00:00,0.06944,0.06945,0.069412,0.06942,109498.35047,,
2026-08-14 11:44:00+00:00,0.06942,0.069461,0.06942,0.069459,172997.62237,,
2026-08-14 11:45:00+00:00,0.069459,0.069508,0.069459,0.069508,3839134.7637,,
2026-08-14 11:46:00+00:00,0.069508,0.069508,0.069459,0.069459,4495503.91579,,
2026-08-14 11:47:00+00:00,0.069459,0.069487,0.069459,0.069464,87696.84663,,
2026-08-14 11:48:00+00:00,0.069464,0.069467,0.069411,0.069429,3281420.5481,,
2026-08-14 11:49:00+00:00,0.069429,0.069451,0.069409,0.069431,126982.22611,,
2026-08-14 11:50:00+00:00,0.069431,0.069477,0.069415,0.069471,124408.68915,,
2026-08-14 11:51:00+00:00,0.069471,0.069471,0.069459,0.069463,64182.15725,,
2026-08-14 11:52:00+00:00,0.069463,0.069469,0.069455,0.069469,153711.50202,,
2026-08-14 11:53:00+00:00,0.069469,0.06947,0.069455,0.06946,109729.18074,,
2026-08-14 11:54:00+00:00,0.06946,0.069465,0.069457,0.069465,103861.33779342356,,
2026-08-14 11:55:00+00:00,0.069465,0.069476,0.069465,0.069467,45014.96657342355,,
2026-08-14 11:56:00+00:00,0.069467,0.069499,0.069467,0.069488,3519567.407187755,,
2026-08-14 11:57:00+00:00,0.069488,0.069508,0.069436,0.069437,5263263.402626718,,
2026-08-14 11:58:00+00:00,0.069437,0.069441,0.06942,0.06943,105755.89629,,
2026-08-14 11:59:00+00:00,0.06943,0.069462,0.069404,0.069404,180350.14224,,
2026-08-14 12:00:00+00:00,0.069404,0.069449,0.069403,0.069423,5443155.67208,,
2026-08-14 12:01:00+00:00,0.069423,0.069449,0.069399,0.069399,136181.71762,,
2026-08-14 12:02:00+00:00,0.069399,0.069432,0.069391,0.069414,9242003.55427,,
2026-08-14 12:03:00+00:00,0.069414,0.069467,0.069414,0.069466,225807.97713,,
2026-08-14 12:04:00+00:00,0.069466,0.069475,0.069432,0.069458,103288.7894649982,,
2026-08-14 12:05:00+00:00,0.069458,0.0695,0.069458,0.069499,64614.61065,,
2026-08-14 12:06:00+00:00,0.069499,0.0695,0.069471,0.069471,5105745.39525,,
2026-08-14 12:07:00+00:00,0.069471,0.069506,0.069471,0.069502,989640.73858,,
2026-08-14 12:08:00+00:00,0.069502,0.069506,0.069484,0.069485,9104733.589,,
2026-08-14 12:09:00+00:00,0.069485,0.069505,0.069431,0.06944,7633808.5338,,
2026-08-14 12:10:00+00:00,0.06944,0.069452,0.069391,0.069398,9658906.01727,,
2026-08-14 12:11:00+00:00,0.069398,0.069411,0.069354,0.069365,7681044.64759,,
2026-08-14 12:12:00+00:00,0.069365,0.069387,0.069352,0.069373,137419.24413,,
2026-08-14 12:13:00+00:00,0.069373,0.0694,0.06935,0.069384,1894065.5856211788,,
2026-08-14 12:14:00+00:00,0.069384,0.069412,0.069375,0.069412,1810282.96666,,
2026-08-14 12:15:00+00:00,0.069412,0.069478,0.069412,0.069471,106783.73903,,
2026-08-14 12:16:00+00:00,0.069471,0.069471,0.069455,0.06946,131654.97873,,
2026-08-14 12:17:00+00:00,0.06946,0.06946,0.069392,0.069402,8823657.68255,,
2026-08-14 12:18:00+00:00,0.069402,0.069402,0.069353,0.069353,4980597.22301,,
2026-08-14 12:19:00+00:00,0.069353,0.069408,0.069351,0.069355,3928504.4047,,
2026-08-14 12:20:00+00:00,0.069355,0.0694,0.069353,0.069399,3643306.29398,,
2026-08-14 12:21:00+00:00,0.069399,0.0694,0.069355,0.069381,11055538.155666675,,
2026-08-14 12:22:00+00:00,0.069381,0.069404,0.069362,0.069383,8816536.24328,,
2026-08-14 12:23:00+00:00,0.069383,0.069426,0.069383,0.069425,10755142.82192,,
2026-08-14 12:24:00+00:00,0.069425,0.069477,0.0694,0.069473,190399.77220301685,,
2026-08-14 12:25:00+00:00,0.069473,0.069499,0.069447,0.069487,14112722.393723425,,
2026-08-14 12:26:00+00:00,0.069487,0.0695,0.069439,0.0695,571605.1339418272,,
2026-08-14 12:27:00+00:00,0.0695,0.0695,0.069399,0.069433,241336.99125342356,,
2026-08-14 12:28:00+00:00,0.069433,0.069445,0.069432,0.069445,49932.41006,,
2026-08-14 12:29:00+00:00,0.069445,0.069471,0.069445,0.069469,102603.64911,,
2026-08-14 12:30:00+00:00,0.069469,0.069499,0.06943,0.069474,7821545.46616,,
2026-08-14 12:31:00+00:00,0.069474,0.069547,0.06947,0.06953,5401885.274488037,,
2026-08-14 12:32:00+00:00,0.06953,0.069553,0.069491,0.069501,14903111.557385392,,
2026-08-14 12:33:00+00:00,0.069501,0.069517,0.069454,0.069502,10547770.128895173,,
2026-08-14 12:34:00+00:00,0.069502,0.069518,0.06948,0.069501,2982639.3503884883,,
2026-08-14 12:35:00+00:00,0.069501,0.069501,0.069444,0.069444,6895694.32096,,
2026-08-14 12:36:00+00:00,0.069444,0.0695,0.069427,0.069445,247586.96312377727,,
2026-08-14 12:37:00+00:00,0.069445,0.069445,0.069429,0.069429,63909.19993,,
2026-08-14 12:38:00+00:00,0.069429,0.069433,0.069384,0.069388,5506725.47555,,
2026-08-14 12:39:00+00:00,0.069388,0.069406,0.069382,0.0694,7683587.2269,,
2026-08-14 12:40:00+00:00,0.0694,0.069408,0.06939,0.069395,106828.64884,,
2026-08-14 12:41:00+00:00,0.069395,0.069403,0.069383,0.069388,12901607.17827,,
2026-08-14 12:42:00+00:00,0.069388,0.069405,0.069355,0.06936,16672602.70477,,
2026-08-14 12:43:00+00:00,0.06936,0.069408,0.069351,0.069372,26468440.66358,,
2026-08-14 12:44:00+00:00,0.069372,0.069372,0.069301,0.069319,4302177.54459,,
2026-08-14 12:45:00+00:00,0.069319,0.069356,0.0693,0.069346,4041084.7296304135,,
2026-08-14 12:46:00+00:00,0.069346,0.069346,0.069321,0.069327,56910.48457,,
2026-08-14 12:47:00+00:00,0.069327,0.069327,0.069276,0.069276,12697001.357186817,,
2026-08-14 12:48:00+00:00,0.069276,0.069318,0.06918,0.069298,8424808.974878047,,
2026-08-14 12:49:00+00:00,0.069298,0.069317,0.069291,0.069317,3835919.77703,,
2026-08-14 12:50:00+00:00,0.069317,0.06937,0.069312,0.06936,175001.01494011123,,
2026-08-14 12:51:00+00:00,0.06936,0.06936,0.069275,0.069275,4970027.093888797,,
2026-08-14 12:52:00+00:00,0.069275,0.069287,0.069254,0.069279,1796676.35646,,
2026-08-14 12:53:00+00:00,0.069279,0.069279,0.069202,0.069221,1608127.04787,,
2026-08-14 12:54:00+00:00,0.069221,0.069261,0.069202,0.069245,4689056.59672,,
2026-08-14 12:55:00+00:00,0.069245,0.069265,0.069224,0.069261,108540.568,,
2026-08-14 12:56:00+00:00,0.069261,0.069264,0.069218,0.06923,181086.97897,,
2026-08-14 12:57:00+00:00,0.06923,0.069237,0.069175,0.069237,18277282.29323638,,
2026-08-14 12:58:00+00:00,0.069237,0.069246,0.069191,0.069205,3025847.82833,,
2026-08-14 12:59:00+00:00,0.069205,0.069257,0.069198,0.06925,4962126.05371,,
2026-08-14 13:00:00+00:00,0.06925,0.069257,0.069217,0.069235,106606.10881,,
2026-08-14 13:01:00+00:00,0.069235,0.069299,0.06922,0.069285,2665837.29199,,
2026-08-14 13:02:00+00:00,0.069285,0.0693,0.069283,0.069299,4166210.22703,,
2026-08-14 13:03:00+00:00,0.069299,0.0693,0.069282,0.069299,3308344.58594,,
2026-08-14 13:04:00+00:00,0.069299,0.069308,0.069265,0.069288,23622733.25026,,
2026-08-14 13:05:00+00:00,0.069288,0.069328,0.069288,0.069317,9547807.86758,,
2026-08-14 13:06:00+00:00,0.069317,0.069317,0.069263,0.069291,159264.4665,,
2026-08-14 13:07:00+00:00,0.069291,0.069309,0.069273,0.0693,2252223.4988717437,,
2026-08-14 13:08:00+00:00,0.0693,0.069319,0.069284,0.069312,7644312.28768,,
2026-08-14 13:09:00+00:00,0.069312,0.069345,0.069296,0.069331,1891082.77381,,
2026-08-14 13:10:00+00:00,0.069331,0.069358,0.069322,0.069322,131183.44382,,
2026-08-14 13:11:00+00:00,0.069322,0.069322,0.069273,0.069302,12269568.890985748,,
2026-08-14 13:12:00+00:00,0.069302,0.06936,0.0693,0.06932,6281615.901613314,,
2026-08-14 13:13:00+00:00,0.06932,0.069335,0.069314,0.069323,50439.9925,,
2026-08-14 13:14:00+00:00,0.069323,0.069337,0.069301,0.069319,1579279.885561868,,
2026-08-14 13:15:00+00:00,0.069319,0.069366,0.069301,0.069363,461525.24322,,
2026-08-14 13:16:00+00:00,0.069363,0.069363,0.069297,0.069297,6504790.20293,,
2026-08-14 13:17:00+00:00,0.069297,0.06935,0.069274,0.069332,14327054.90431,,
2026-08-14 13:18:00+00:00,0.069332,0.069344,0.06931,0.069327,169225.90599,,
2026-08-14 13:19:00+00:00,0.069327,0.069346,0.069298,0.069338,132448.61715150083,,
2026-08-14 13:20:00+00:00,0.069338,0.069366,0.06933,0.069361,135213.08984,,
2026-08-14 13:21:00+00:00,0.069361,0.069361,0.069314,0.069349,149229.29911,,
2026-08-14 13:22:00+00:00,0.069349,0.069366,0.069349,0.069365,160574.87977,,
2026-08-14 13:23:00+00:00,0.069365,0.0694,0.069357,0.069385,1632233.6854694956,,
2026-08-14 13:24:00+00:00,0.069385,0.069407,0.069385,0.069402,3353623.7775694956,,
2026-08-14 13:25:00+00:00,0.069402,0.069402,0.069373,0.069402,10071653.74124,,
2026-08-14 13:26:00+00:00,0.069402,0.069425,0.069391,0.069425,9534917.825377893,,
2026-08-14 13:27:00+00:00,0.069425,0.06944,0.069393,0.069398,3548530.60608,,
2026-08-14 13:28:00+00:00,0.069398,0.069428,0.069392,0.069417,9171419.86739,,
2026-08-14 13:29:00+00:00,0.069417,0.069419,0.069366,0.06939,7908643.09275,,
2026-08-14 13:30:00+00:00,0.06939,0.069408,0.069345,0.069345,6897736.905386648,,
2026-08-14 13:31:00+00:00,0.069345,0.06936,0.0693,0.069312,17609925.70628,,
2026-08-14 13:32:00+00:00,0.069312,0.069368,0.069301,0.06936,11973246.21675,,
2026-08-14 13:33:00+00:00,0.06936,0.069378,0.069295,0.069295,3347784.35096,,
2026-08-14 13:34:00+00:00,0.069295,0.069368,0.069295,0.069345,5324318.79702,,
2026-08-14 13:35:00+00:00,0.069345,0.069377,0.069299,0.069299,6967527.18871,,
2026-08-14 13:36:00+00:00,0.069299,0.069354,0.069285,0.069285,6040319.00125,,
2026-08-14 13:37:00+00:00,0.069285,0.069329,0.069285,0.069327,5919690.37952,,
2026-08-14 13:38:00+00:00,0.069327,0.0694,0.069311,0.069399,13909750.78709,,
2026-08-14 13:39:00+00:00,0.069399,0.069399,0.069301,0.069369,11942552.00757,,
2026-08-14 13:40:00+00:00,0.069369,0.069408,0.069357,0.069391,4462181.35081,,
2026-08-14 13:41:00+00:00,0.069391,0.069409,0.069384,0.069384,4133513.2386,,
2026-08-14 13:42:00+00:00,0.069384,0.069417,0.069382,0.069403,7408024.63232,,
2026-08-14 13:43:00+00:00,0.069403,0.069419,0.069382,0.069388,4495759.53871,,
2026-08-14 13:44:00+00:00,0.069388,0.069449,0.069384,0.069406,10110952.541749386,,
2026-08-14 13:45:00+00:00,0.069406,0.069454,0.0694,0.069448,6737165.73324,,
2026-08-14 13:46:00+00:00,0.069448,0.069448,0.069401,0.069422,1843120.6798,,
2026-08-14 13:47:00+00:00,0.069422,0.069439,0.069401,0.069437,7130265.38224,,
2026-08-14 13:48:00+00:00,0.069437,0.069469,0.069418,0.069469,131138.85993,,
2026-08-14 13:49:00+00:00,0.069469,0.069469,0.069392,0.0694,7143782.78081,,
2026-08-14 13:50:00+00:00,0.0694,0.069401,0.069383,0.069383,3014303.91798,,
2026-08-14 13:51:00+00:00,0.069383,0.069425,0.069375,0.069382,11492684.37998,,
2026-08-14 13:52:00+00:00,0.069382,0.069393,0.069361,0.069365,537139.88562,,
2026-08-14 13:53:00+00:00,0.069365,0.069401,0.069344,0.069372,3984197.24996,,
2026-08-14 13:54:00+00:00,0.069372,0.069372,0.06931,0.069338,148732.27924,,
2026-08-14 13:55:00+00:00,0.069338,0.069377,0.069318,0.069365,489465.72138,,
2026-08-14 13:56:00+00:00,0.069365,0.069399,0.069361,0.069391,11583261.94994,,
2026-08-14 13:57:00+00:00,0.069391,0.069391,0.06935,0.069359,184102.9037,,
2026-08-14 13:58:00+00:00,0.069359,0.069362,0.069356,0.069362,116945.37117,,
2026-08-14 13:59:00+00:00,0.069362,0.069412,0.069351,0.069412,4995973.76726,,
2026-08-14 14:00:00+00:00,0.069412,0.069442,0.069355,0.069405,15497491.11704,,
2026-08-14 14:01:00+00:00,0.069405,0.06942,0.069355,0.069373,7736877.123556419,,
2026-08-14 14:02:00+00:00,0.069373,0.069374,0.069324,0.069357,351686.22313,,
2026-08-14 14:03:00+00:00,0.069357,0.06938,0.069342,0.069373,2718028.41772,,
2026-08-14 14:04:00+00:00,0.069373,0.069417,0.069373,0.069387,12323483.43341,,
2026-08-14 14:05:00+00:00,0.069387,0.069398,0.069362,0.069375,457512.00333,,
2026-08-14 14:06:00+00:00,0.069375,0.0694,0.069375,0.069399,734714.52944,,
2026-08-14 14:07:00+00:00,0.069399,0.0694,0.069379,0.069379,9823469.31336,,
2026-08-14 14:08:00+00:00,0.069379,0.0694,0.069364,0.069393,3316063.90329,,
2026-08-14 14:09:00+00:00,0.069393,0.0694,0.069362,0.069362,15729635.764380684,,
2026-08-14 14:10:00+00:00,0.069362,0.069422,0.069362,0.06942,8189870.772199313,,
2026-08-14 14:11:00+00:00,0.06942,0.069484,0.06942,0.069459,3704165.16698,,
2026-08-14 14:12:00+00:00,0.069459,0.069465,0.069401,0.069402,7927840.11895,,
2026-08-14 14:13:00+00:00,0.069402,0.069402,0.06937,0.069371,111823.41788,,
2026-08-14 14:14:00+00:00,0.069371,0.0694,0.069315,0.069315,730355.308825578,,
2026-08-14 14:15:00+00:00,0.069315,0.069359,0.0693,0.069355,4580561.64405259,,
2026-08-14 14:16:00+00:00,0.069355,0.069366,0.069314,0.069314,108191.82735,,
2026-08-14 14:17:00+00:00,0.069314,0.069398,0.069314,0.069377,6222673.09079,,
2026-08-14 14:18:00+00:00,0.069377,0.069399,0.069301,0.069319,19829174.11104,,
2026-08-14 14:19:00+00:00,0.069319,0.069339,0.0693,0.069312,13571469.41475,,
2026-08-14 14:20:00+00:00,0.069312,0.069363,0.069301,0.069312,6966397.29202,,
2026-08-14 14:21:00+00:00,0.069312,0.069336,0.069292,0.069336,7158797.074283711,,
2026-08-14 14:22:00+00:00,0.069336,0.069377,0.069325,0.069366,417233.36570741027,,
2026-08-14 14:23:00+00:00,0.069366,0.069408,0.069363,0.069379,5463690.69757,,
2026-08-14 14:24:00+00:00,0.069379,0.069382,0.069301,0.069307,3815644.53231,,
2026-08-14 14:25:00+00:00,0.069307,0.069364,0.069307,0.069355,387865.78081,,
2026-08-14 14:26:00+00:00,0.069355,0.069412,0.069355,0.069412,4067611.97211,,
2026-08-14 14:27:00+00:00,0.069412,0.069499,0.069412,0.069485,8660660.29318,,
2026-08-14 14:28:00+00:00,0.069485,0.069499,0.069449,0.069472,5019370.51594,,
2026-08-14 14:29:00+00:00,0.069472,0.0695,0.06945,0.069455,163880.5443513639,,
2026-08-14 14:30:00+00:00,0.069455,0.069476,0.069435,0.069439,191454.97005,,
2026-08-14 14:31:00+00:00,0.069439,0.069484,0.069429,0.069461,132222.90434,,
2026-08-14 14:32:00+00:00,0.069461,0.06949,0.069436,0.069473,200899.34878710037,,
2026-08-14 14:33:00+00:00,0.069473,0.0695,0.069431,0.06946,3677552.24395,,
2026-08-14 14:34:00+00:00,0.06946,0.0695,0.069437,0.069463,6776204.51373,,
2026-08-14 14:35:00+00:00,0.069463,0.069501,0.069463,0.0695,1880489.43416,,
2026-08-14 14:36:00+00:00,0.0695,0.069525,0.06948,0.069525,8137198.506578357,,
2026-08-14 14:37:00+00:00,0.069525,0.069538,0.069501,0.069501,1529142.8019278096,,
2026-08-14 14:38:00+00:00,0.069501,0.069501,0.06949,0.069498,102437.84729,,
2026-08-14 14:39:00+00:00,0.069498,0.069575,0.069498,0.069562,5108259.749151532,,
2026-08-14 14:40:00+00:00,0.069562,0.069577,0.069544,0.069544,240442.56676,,
2026-08-14 14:41:00+00:00,0.069544,0.069592,0.069539,0.069592,146196.76461,,
2026-08-14 14:42:00+00:00,0.069592,0.069603,0.069545,0.069573,139387.14387061683,,
2026-08-14 14:43:00+00:00,0.069573,0.069573,0.069515,0.069515,205825.63102,,
2026-08-14 14:44:00+00:00,0.069515,0.069551,0.0695,0.0695,113673.13121,,
2026-08-14 14:45:00+00:00,0.0695,0.069555,0.0695,0.069555,2145554.03924,,
2026-08-14 14:46:00+00:00,0.069555,0.06956,0.069515,0.069519,184187.81174,,
2026-08-14 14:47:00+00:00,0.069519,0.069528,0.0695,0.069512,12675147.78676,,
2026-08-14 14:48:00+00:00,0.069512,0.06957,0.069501,0.06957,2815120.63444,,
2026-08-14 14:49:00+00:00,0.06957,0.069573,0.069516,0.069516,444570.31643,,
2026-08-14 14:50:00+00:00,0.069516,0.06956,0.06951,0.069535,136658.86972,,
2026-08-14 14:51:00+00:00,0.069535,0.069535,0.069484,0.069499,14281257.37034,,
2026-08-14 14:52:00+00:00,0.069499,0.069517,0.069465,0.069475,11185031.624106444,,
2026-08-14 14:53:00+00:00,0.069475,0.0695,0.069457,0.069462,207926.64541077623,,
2026-08-14 14:54:00+00:00,0.069462,0.0695,0.069462,0.069483,4709940.058523017,,
2026-08-14 14:55:00+00:00,0.069483,0.069499,0.069462,0.06948,12120573.21137,,
2026-08-14 14:56:00+00:00,0.06948,0.06948,0.069388,0.069435,6505497.67812,,
2026-08-14 14:57:00+00:00,0.069435,0.069435,0.069374,0.069426,20019341.656777944,,
2026-08-14 14:58:00+00:00,0.069426,0.069427,0.0694,0.0694,71961.97627562724,,
2026-08-14 14:59:00+00:00,0.0694,0.069465,0.0694,0.069457,115197.90983,,
2026-08-14 15:00:00+00:00,0.069457,0.0695,0.069416,0.069499,451030.50215,,
2026-08-14 15:01:00+00:00,0.069499,0.0695,0.069455,0.069455,7639580.4612,,
2026-08-14 15:02:00+00:00,0.069455,0.069467,0.0694,0.069456,218400.45642079032,,
2026-08-14 15:03:00+00:00,0.069456,0.069459,0.069418,0.069456,160021.18587,,
2026-08-14 15:04:00+00:00,0.069456,0.069468,0.069429,0.069465,112025.01532,,
2026-08-14 15:05:00+00:00,0.069465,0.0695,0.069465,0.069499,3873959.71341,,
2026-08-14 15:06:00+00:00,0.069499,0.069525,0.069499,0.069525,8439626.61606,,
2026-08-14 15:07:00+00:00,0.069525,0.069588,0.069525,0.069585,628567.19741,,
2026-08-14 15:08:00+00:00,0.069585,0.069612,0.069548,0.069572,11443972.925645042,,
2026-08-14 15:09:00+00:00,0.069572,0.069608,0.069551,0.069584,1880496.91231,,
2026-08-14 15:10:00+00:00,0.069584,0.069628,0.069584,0.069621,5977669.86851,,
2026-08-14 15:11:00+00:00,0.069621,0.069636,0.0696,0.0696,97366.81584,,
2026-08-14 15:12:00+00:00,0.0696,0.069601,0.06959,0.069601,135428.0056,,
2026-08-14 15:13:00+00:00,0.069601,0.069608,0.069584,0.069584,5877895.00893,,
2026-08-14 15:14:00+00:00,0.069584,0.069608,0.069583,0.069584,3553504.13925,,
2026-08-14 15:15:00+00:00,0.069584,0.069608,0.069583,0.069585,8814978.20691,,
2026-08-14 15:16:00+00:00,0.069585,0.069599,0.069552,0.069584,8135062.30647,,
2026-08-14 15:17:00+00:00,0.069584,0.069601,0.069555,0.069598,11759965.95435,,
2026-08-14 15:18:00+00:00,0.069598,0.069599,0.069564,0.069584,6440347.47851,,
2026-08-14 15:19:00+00:00,0.069584,0.069603,0.06957,0.069591,7183947.186022355,,
2026-08-14 15:20:00+00:00,0.069591,0.069624,0.06959,0.069599,8935646.60624,,
2026-08-14 15:21:00+00:00,0.069599,0.069763,0.069599,0.069692,5264919.791112854,,
2026-08-14 15:22:00+00:00,0.069692,0.069708,0.069682,0.069684,12209969.73823,,
2026-08-14 15:23:00+00:00,0.069684,0.069738,0.06968,0.0697,15081410.78467728,,
2026-08-14 15:24:00+00:00,0.0697,0.069738,0.069688,0.069738,12336218.5689,,
2026-08-14 15:25:00+00:00,0.069738,0.069747,0.069718,0.069747,229390.31864,,
2026-08-14 15:26:00+00:00,0.069747,0.069747,0.069733,0.069736,43954.20312,,
2026-08-14 15:27:00+00:00,0.069736,0.069773,0.069716,0.069773,347291.84353364864,,
2026-08-14 15:28:00+00:00,0.069773,0.0698,0.069749,0.069774,177646.7566124974,,
2026-08-14 15:29:00+00:00,0.069774,0.069902,0.069774,0.069885,10135148.506550808,,
2026-08-14 15:30:00+00:00,0.069885,0.069926,0.069811,0.069825,21001872.341247726,,
2026-08-14 15:31:00+00:00,0.069825,0.069829,0.069781,0.069792,5937617.23168687,,
2026-08-14 15:32:00+00:00,0.069792,0.069805,0.069783,0.069797,4769336.5666,,
2026-08-14 15:33:00+00:00,0.069797,0.069819,0.069791,0.0698,2441768.69238,,
2026-08-14 15:34:00+00:00,0.0698,0.069809,0.069781,0.0698,2439465.19504,,
2026-08-14 15:35:00+00:00,0.0698,0.069885,0.0698,0.06981,7581296.67851,,
2026-08-14 15:36:00+00:00,0.06981,0.069842,0.069807,0.069807,82597.85331,,
2026-08-14 15:37:00+00:00,0.069807,0.06987,0.0698,0.069845,11328451.1839,,
2026-08-14 15:38:00+00:00,0.069845,0.069899,0.069818,0.069885,210562.63506,,
2026-08-14 15:39:00+00:00,0.069885,0.069912,0.069875,0.069882,13859669.64029,,
2026-08-14 15:40:00+00:00,0.069882,0.069902,0.069872,0.069902,434059.0783940954,,
2026-08-14 15:41:00+00:00,0.069902,0.069902,0.069883,0.069897,1624866.05623,,
2026-08-14 15:42:00+00:00,0.069897,0.0699,0.069875,0.069899,10412148.770583447,,
2026-08-14 15:43:00+00:00,0.069899,0.069918,0.069892,0.069917,3179593.117615904,,
2026-08-14 15:44:00+00:00,0.069917,0.069926,0.069901,0.069926,15568732.45211,,
2026-08-14 15:45:00+00:00,0.069926,0.069948,0.069899,0.069948,4604666.149896363,,
2026-08-14 15:46:00+00:00,0.069948,0.069962,0.0699,0.0699,140584.8335163626,,
2026-08-14 15:47:00+00:00,0.0699,0.069939,0.0699,0.069925,61455.33541,,
2026-08-14 15:48:00+00:00,0.069925,0.069925,0.069854,0.069854,13976318.77426,,
2026-08-14 15:49:00+00:00,0.069854,0.069887,0.069837,0.069838,142594.82633,,
2026-08-14 15:50:00+00:00,0.069838,0.069879,0.069823,0.069842,131007.68304653968,,
2026-08-14 15:51:00+00:00,0.069842,0.069867,0.0698,0.069838,2149937.88441,,
2026-08-14 15:52:00+00:00,0.069838,0.06985,0.069811,0.069825,132645.79654,,
2026-08-14 15:53:00+00:00,0.069825,0.069869,0.069822,0.069859,110135.5079673048,,
2026-08-14 15:54:00+00:00,0.069859,0.069866,0.069857,0.069865,86593.80951085365,,
2026-08-14 15:55:00+00:00,0.069865,0.069917,0.069865,0.069901,1548232.16119,,
2026-08-14 15:56:00+00:00,0.069901,0.069901,0.069863,0.069872,6441940.644,,
2026-08-14 15:57:00+00:00,0.069872,0.069908,0.069872,0.069885,8234146.5441,,
2026-08-14 15:58:00+00:00,0.069885,0.069891,0.069867,0.069867,123118.80143,,
2026-08-14 15:59:00+00:00,0.069867,0.0699,0.069861,0.069863,1549757.51852,,
2026-08-14 16:00:00+00:00,0.069863,0.069899,0.06986,0.069884,8837152.12906,,
2026-08-14 16:01:00+00:00,0.069884,0.069903,0.069874,0.069888,19186888.30849357,,
2026-08-14 16:02:00+00:00,0.069888,0.069961,0.069888,0.069959,7080471.891119354,,
2026-08-14 16:03:00+00:00,0.069959,0.06996,0.069901,0.069912,1798258.45046,,
2026-08-14 16:04:00+00:00,0.069912,0.069938,0.069874,0.06988,11903921.53244,,
2026-08-14 16:05:00+00:00,0.06988,0.069883,0.06983,0.06984,344037.44893,,
2026-08-14 16:06:00+00:00,0.06984,0.06986,0.069818,0.069845,103797.36289,,
2026-08-14 16:07:00+00:00,0.069845,0.069862,0.069817,0.069854,151255.91455,,
2026-08-14 16:08:00+00:00,0.069854,0.06986,0.06981,0.06981,131858.76046,,
2026-08-14 16:09:00+00:00,0.06981,0.069859,0.069802,0.069855,4463906.89151,,
2026-08-14 16:10:00+00:00,0.069855,0.0699,0.069855,0.069899,1866376.7053,,
2026-08-14 16:11:00+00:00,0.069899,0.0699,0.06985,0.069871,10934115.29413,,
2026-08-14 16:12:00+00:00,0.069871,0.069908,0.069846,0.069897,1574923.19768,,
2026-08-14 16:13:00+00:00,0.069897,0.069897,0.069849,0.069873,5367057.66412,,
2026-08-14 16:14:00+00:00,0.069873,0.069902,0.069851,0.069888,1571296.851547687,,
2026-08-14 16:15:00+00:00,0.069888,0.069899,0.06985,0.069888,5351485.026673567,,
2026-08-14 16:16:00+00:00,0.069888,0.069892,0.069861,0.06987,123664.21928,,
2026-08-14 16:17:00+00:00,0.06987,0.069908,0.06987,0.069902,1545965.22076,,
2026-08-14 16:18:00+00:00,0.069902,0.069902,0.069864,0.069864,7957745.990699987,,
2026-08-14 16:19:00+00:00,0.069864,0.069891,0.069863,0.069872,128046.33453,,
2026-08-14 16:20:00+00:00,0.069872,0.069881,0.069853,0.069853,103349.14912,,
2026-08-14 16:21:00+00:00,0.069853,0.069873,0.069827,0.06983,6139701.83917,,
2026-08-14 16:22:00+00:00,0.06983,0.069887,0.06983,0.069833,120696.13433,,
2026-08-14 16:23:00+00:00,0.069833,0.0699,0.069818,0.069899,1843450.11891,,
2026-08-14 16:24:00+00:00,0.069899,0.069919,0.069883,0.069883,3815768.45229,,
2026-08-14 16:25:00+00:00,0.069883,0.069888,0.069862,0.069888,146943.47207,,
2026-08-14 16:26:00+00:00,0.069888,0.069889,0.06986,0.06986,60030.98557,,
2026-08-14 16:27:00+00:00,0.06986,0.069899,0.06986,0.069888,7351559.61514,,
2026-08-14 16:28:00+00:00,0.069888,0.069899,0.069845,0.069877,2418517.75195,,
2026-08-14 16:29:00+00:00,0.069877,0.069899,0.069874,0.069891,4704521.55383,,
2026-08-14 16:30:00+00:00,0.069891,0.069901,0.069873,0.069884,8010491.38581,,
2026-08-14 16:31:00+00:00,0.069884,0.069908,0.069879,0.069899,8337087.22043,,
2026-08-14 16:32:00+00:00,0.069899,0.06994,0.069892,0.069925,6809503.9161,,
2026-08-14 16:33:00+00:00,0.069925,0.069937,0.069921,0.069921,55067.45495,,
2026-08-14 16:34:00+00:00,0.069921,0.069936,0.069921,0.069936,28674.81516,,
2026-08-14 16:35:00+00:00,0.069936,0.069958,0.069923,0.069958,106302.21919,,
2026-08-14 16:36:00+00:00,0.069958,0.069969,0.069916,0.069962,139114.22477265005,,
2026-08-14 16:37:00+00:00,0.069962,0.07,0.069933,0.069975,962426.4472591056,,
2026-08-14 16:38:00+00:00,0.069975,0.07,0.069948,0.069978,220815.65106190817,,
2026-08-14 16:39:00+00:00,0.069978,0.069992,0.069963,0.069985,124942.36215,,
2026-08-14 16:40:00+00:00,0.069985,0.069992,0.069958,0.069983,86908.89345,,
2026-08-14 16:41:00+00:00,0.069983,0.070061,0.06998,0.069999,6661521.544767663,,
2026-08-14 16:42:00+00:00,0.069999,0.069999,0.069949,0.069966,5947586.173900114,,
2026-08-14 16:43:00+00:00,0.069966,0.069988,0.069945,0.069945,123853.35411,,
2026-08-14 16:44:00+00:00,0.069945,0.07,0.069934,0.069941,134226.59797770198,,
2026-08-14 16:45:00+00:00,0.069941,0.069945,0.069939,0.069939,56235.16597,,
2026-08-14 16:46:00+00:00,0.069939,0.069949,0.0699,0.069902,3845499.4734803615,,
2026-08-14 16:47:00+00:00,0.069902,0.069902,0.069848,0.069887,5776656.50376,,
2026-08-14 16:48:00+00:00,0.069887,0.0699,0.069851,0.069899,1863078.77112,,
2026-08-14 16:49:00+00:00,0.069899,0.069924,0.069882,0.069905,12619783.53151,,
2026-08-14 16:50:00+00:00,0.069905,0.069917,0.069884,0.069888,10481473.96018,,
2026-08-14 16:51:00+00:00,0.069888,0.069908,0.069883,0.06989,6236051.72285,,
2026-08-14 16:52:00+00:00,0.06989,0.069928,0.06989,0.06992,6384739.77866,,
2026-08-14 16:53:00+00:00,0.06992,0.069935,0.069899,0.069899,1577348.35377,,
2026-08-14 16:54:00+00:00,0.069899,0.0699,0.069859,0.069883,14141091.29207,,
2026-08-14 16:55:00+00:00,0.069883,0.069899,0.069872,0.06989,14929854.41264,,
2026-08-14 16:56:00+00:00,0.06989,0.069899,0.06987,0.069892,1871206.93482,,
2026-08-14 16:57:00+00:00,0.069892,0.069902,0.06989,0.069901,101422.14281,,
2026-08-14 16:58:00+00:00,0.069901,0.069907,0.069884,0.069898,2134404.30774,,
2026-08-14 16:59:00+00:00,0.069898,0.069901,0.069872,0.069872,5114398.43091,,
2026-08-14 17:00:00+00:00,0.069872,0.069892,0.069863,0.069871,106743.8095309447,,
2026-08-14 17:01:00+00:00,0.069871,0.069902,0.069871,0.069884,2106138.91544,,
2026-08-14 17:02:00+00:00,0.069884,0.069902,0.06988,0.069902,4452240.76704,,
2026-08-14 17:03:00+00:00,0.069902,0.069918,0.069901,0.069902,5863856.38159,,
2026-08-14 17:04:00+00:00,0.069902,0.069911,0.069888,0.069888,2433855.24751,,
2026-08-14 17:05:00+00:00,0.069888,0.069908,0.069882,0.069882,8244754.008207568,,
2026-08-14 17:06:00+00:00,0.069882,0.069902,0.069862,0.069865,6498033.29658,,
2026-08-14 17:07:00+00:00,0.069865,0.069873,0.069836,0.069845,112340.70008,,
2026-08-14 17:08:00+00:00,0.069845,0.069865,0.069837,0.069861,137950.37051,,
2026-08-14 17:09:00+00:00,0.069861,0.069876,0.069848,0.069872,143861.73536,,
2026-08-14 17:10:00+00:00,0.069872,0.069899,0.069863,0.069881,7021331.48214,,
2026-08-14 17:11:00+00:00,0.069881,0.069888,0.069862,0.069863,71024.30387,,
2026-08-14 17:12:00+00:00,0.069863,0.069888,0.069839,0.069841,108846.2552,,
2026-08-14 17:13:00+00:00,0.069841,0.069888,0.069839,0.069865,120352.88996,,
2026-08-14 17:14:00+00:00,0.069865,0.069917,0.069865,0.069917,8732454.63296,,
2026-08-14 17:15:00+00:00,0.069917,0.069919,0.069901,0.069902,6790427.40776,,
2026-08-14 17:16:00+00:00,0.069902,0.06995,0.069891,0.069919,6653087.47587,,
2026-08-14 17:17:00+00:00,0.069919,0.069962,0.069919,0.069926,100164.0782,,
2026-08-14 17:18:00+00:00,0.069926,0.069961,0.069926,0.069961,116017.87589,,
2026-08-14 17:19:00+00:00,0.069961,0.069964,0.069961,0.069964,47690.9354,,
2026-08-14 17:20:00+00:00,0.069964,0.06999,0.069948,0.06999,162284.60259,,
2026-08-14 17:21:00+00:00,0.06999,0.069993,0.069954,0.069976,165729.32287,,
2026-08-14 17:22:00+00:00,0.069976,0.069999,0.069954,0.069998,3607646.64096,,
2026-08-14 17:23:00+00:00,0.069998,0.070012,0.069971,0.070012,8851162.39696322,,
2026-08-14 17:24:00+00:00,0.070012,0.070356,0.069998,0.070051,12419637.67727592,,
2026-08-14 17:25:00+00:00,0.070051,0.0701,0.070026,0.070091,5724875.54135,,
2026-08-14 17:26:00+00:00,0.070091,0.070091,0.07001,0.070036,414584.46090286947,,
2026-08-14 17:27:00+00:00,0.070036,0.070048,0.069999,0.069999,86999.22665,,
2026-08-14 17:28:00+00:00,0.069999,0.070031,0.069992,0.07003,2950037.79173,,
2026-08-14 17:29:00+00:00,0.07003,0.07003,0.07001,0.070026,63508.45244,,
2026-08-14 17:30:00+00:00,0.070026,0.07003,0.07,0.07,134790.2387,,
2026-08-14 17:31:00+00:00,0.07,0.070039,0.07,0.070039,5739181.93365,,
2026-08-14 17:32:00+00:00,0.070039,0.07006,0.07,0.07,183928.26353209256,,
2026-08-14 17:33:00+00:00,0.07,0.070044,0.07,0.070022,73144.31484653968,,
2026-08-14 17:34:00+00:00,0.070022,0.070039,0.07,0.070037,115295.32992624342,,
2026-08-14 17:35:00+00:00,0.070037,0.07006,0.070017,0.070037,214291.35759,,
2026-08-14 17:36:00+00:00,0.070037,0.070039,0.069994,0.069997,2395497.01623,,
2026-08-14 17:37:00+00:00,0.069997,0.070001,0.06999,0.069992,81284.33405,,
2026-08-14 17:38:00+00:00,0.069992,0.070012,0.069981,0.069988,10226189.81829,,
2026-08-14 17:39:00+00:00,0.069988,0.070005,0.069983,0.069988,6442395.25694,,
2026-08-14 17:40:00+00:00,0.069988,0.069999,0.069984,0.069998,1576885.2026,,
2026-08-14 17:41:00+00:00,0.069998,0.070002,0.06998,0.069991,139754.9812927118,,
2026-08-14 17:42:00+00:00,0.069991,0.069999,0.069963,0.069963,10190676.09777642,,
2026-08-14 17:43:00+00:00,0.069963,0.069978,0.069936,0.069937,185963.99673,,
2026-08-14 17:44:00+00:00,0.069937,0.069971,0.069929,0.069948,94606.99238,,
2026-08-14 17:45:00+00:00,0.069948,0.070008,0.069948,0.069994,1544607.71055,,
2026-08-14 17:46:00+00:00,0.069994,0.070017,0.069988,0.070017,3500405.65487,,
2026-08-14 17:47:00+00:00,0.070017,0.070017,0.070004,0.07001,25381.41642,,
2026-08-14 17:48:00+00:00,0.07001,0.070025,0.069984,0.069984,12119856.12703,,
2026-08-14 17:49:00+00:00,0.069984,0.07001,0.069983,0.069989,7916491.53915,,
2026-08-14 17:50:00+00:00,0.069989,0.069999,0.069901,0.069912,9202295.40437,,
2026-08-14 17:51:00+00:00,0.069912,0.069942,0.069901,0.069917,8438252.21094,,
2026-08-14 17:52:00+00:00,0.069917,0.069919,0.069882,0.069901,3016795.51285,,
2026-08-14 17:53:00+00:00,0.069901,0.069917,0.06988,0.069898,3065784.5258884695,,
2026-08-14 17:54:00+00:00,0.069898,0.069906,0.06989,0.069901,967672.00208,,
2026-08-14 17:55:00+00:00,0.069901,0.069901,0.069834,0.069838,8506373.25443,,
2026-08-14 17:56:00+00:00,0.069838,0.069887,0.069816,0.06983,533074.8215,,
2026-08-14 17:57:00+00:00,0.06983,0.069841,0.069829,0.069837,110452.3998,,
2026-08-14 17:58:00+00:00,0.069837,0.069873,0.069834,0.069863,127989.89447,,
2026-08-14 17:59:00+00:00,0.069863,0.069888,0.069862,0.069864,66647.70652,,
2026-08-14 18:00:00+00:00,0.069864,0.069879,0.069834,0.069834,90686.761971062,,
2026-08-14 18:01:00+00:00,0.069834,0.069845,0.06978,0.069812,8736198.008901061,,
2026-08-14 18:02:00+00:00,0.069812,0.069828,0.069791,0.069807,9879779.193889372,,
2026-08-14 18:03:00+00:00,0.069807,0.069871,0.069807,0.06987,152896.524095286,,
2026-08-14 18:04:00+00:00,0.06987,0.069872,0.069865,0.069865,2512250.442974714,,
2026-08-14 18:05:00+00:00,0.069865,0.069865,0.069774,0.06979,10045729.421,,
2026-08-14 18:06:00+00:00,0.06979,0.069827,0.069772,0.069801,10307120.40807,,
2026-08-14 18:07:00+00:00,0.069801,0.069801,0.06979,0.069799,104682.62811,,
2026-08-14 18:08:00+00:00,0.069799,0.069801,0.069784,0.069784,1562287.28643,,
2026-08-14 18:09:00+00:00,0.069784,0.069799,0.069737,0.069741,8427480.67957,,
2026-08-14 18:10:00+00:00,0.069741,0.069791,0.069741,0.069771,80042.94499,,
2026-08-14 18:11:00+00:00,0.069771,0.069815,0.069771,0.069797,9349549.47438,,
2026-08-14 18:12:00+00:00,0.069797,0.0698,0.069772,0.069772,7227707.62979,,
2026-08-14 18:13:00+00:00,0.069772,0.069772,0.069701,0.069717,3586097.96904,,
2026-08-14 18:14:00+00:00,0.069717,0.069745,0.069698,0.069705,12033071.30898,,
2026-08-14 18:15:00+00:00,0.069705,0.069758,0.069705,0.069723,143044.17687,,
2026-08-14 18:16:00+00:00,0.069723,0.069761,0.069714,0.069761,168915.31281,,
2026-08-14 18:17:00+00:00,0.069761,0.069808,0.069758,0.069791,9728193.23617,,
2026-08-14 18:18:00+00:00,0.069791,0.069821,0.069783,0.06982,7899916.89105,,
2026-08-14 18:19:00+00:00,0.06982,0.069837,0.069811,0.069829,1883229.27512,,
2026-08-14 18:20:00+00:00,0.069829,0.069838,0.069822,0.069829,97675.14798,,
2026-08-14 18:21:00+00:00,0.069829,0.069829,0.0698,0.0698,105510.39379,,
2026-08-14 18:22:00+00:00,0.0698,0.069826,0.069795,0.069825,2066880.49501,,
2026-08-14 18:23:00+00:00,0.069825,0.069869,0.069815,0.069845,1915311.54732,,
2026-08-14 18:24:00+00:00,0.069845,0.069855,0.069808,0.069835,161373.37613,,
2026-08-14 18:25:00+00:00,0.069835,0.06986,0.069818,0.069855,196018.9711013059,,
2026-08-14 18:26:00+00:00,0.069855,0.06987,0.069824,0.069867,138127.93197,,
2026-08-14 18:27:00+00:00,0.069867,0.069871,0.069851,0.069851,66220.97294,,
2026-08-14 18:28:00+00:00,0.069851,0.069864,0.069828,0.069832,259250.40526,,
2026-08-14 18:29:00+00:00,0.069832,0.069836,0.06982,0.069825,126163.84326,,
2026-08-14 18:30:00+00:00,0.069825,0.069861,0.0698,0.06982,1836384.11322,,
2026-08-14 18:31:00+00:00,0.06982,0.069874,0.069799,0.069828,6938113.23944,,
2026-08-14 18:32:00+00:00,0.069828,0.069837,0.069799,0.069835,11509132.48308,,
2026-08-14 18:33:00+00:00,0.069835,0.069837,0.0698,0.0698,132530.24079,,
2026-08-14 18:34:00+00:00,0.0698,0.069802,0.069783,0.069788,7398663.944609466,,
2026-08-14 18:35:00+00:00,0.069788,0.069801,0.069785,0.069798,140601.92899283153,,
2026-08-14 18:36:00+00:00,0.069798,0.069826,0.069788,0.06981,5018437.15231,,
2026-08-14 18:37:00+00:00,0.06981,0.069826,0.069808,0.069825,156850.91045,,
2026-08-14 18:38:00+00:00,0.069825,0.069849,0.069799,0.069849,863869.8859081555,,
2026-08-14 18:39:00+00:00,0.069849,0.06988,0.069826,0.069866,201839.60397,,
2026-08-14 18:40:00+00:00,0.069866,0.069876,0.069833,0.069873,140912.56586,,
2026-08-14 18:41:00+00:00,0.069873,0.069875,0.069873,0.069874,38516.72278,,
2026-08-14 18:42:00+00:00,0.069874,0.069883,0.069847,0.069883,151902.7657207699,,
2026-08-14 18:43:00+00:00,0.069883,0.069901,0.069798,0.069837,1312805.2974708525,,
2026-08-14 18:44:00+00:00,0.069837,0.069851,0.0698,0.069849,357450.241116306,,
2026-08-14 18:45:00+00:00,0.069849,0.069879,0.069843,0.069864,291530.2491466377,,
2026-08-14 18:46:00+00:00,0.069864,0.069864,0.06982,0.069824,180193.27993407115,,
2026-08-14 18:47:00+00:00,0.069824,0.069843,0.069733,0.069738,14963907.82487328,,
2026-08-14 18:48:00+00:00,0.069738,0.0698,0.069654,0.069681,787295.4102480272,,
2026-08-14 18:49:00+00:00,0.069681,0.069719,0.06968,0.069714,3058221.9334687884,,
2026-08-14 18:50:00+00:00,0.069714,0.06972,0.069691,0.069698,5532449.077392879,,
2026-08-14 18:51:00+00:00,0.069698,0.069713,0.06969,0.069702,1603015.7263025923,,
2026-08-14 18:52:00+00:00,0.069702,0.069742,0.069701,0.069729,6213106.130146459,,
2026-08-14 18:53:00+00:00,0.069729,0.069753,0.069721,0.069747,79124.38596144598,,
2026-08-14 18:54:00+00:00,0.069747,0.069758,0.069725,0.069747,72362.21483482208,,
2026-08-14 18:55:00+00:00,0.069747,0.06975,0.069701,0.069748,7589436.648594792,,
2026-08-14 18:56:00+00:00,0.069748,0.069765,0.069737,0.069765,39094.85646338308,,
2026-08-14 18:57:00+00:00,0.069765,0.069765,0.0697,0.06972,145211.02589874517,,
2026-08-14 18:58:00+00:00,0.06972,0.069753,0.06971,0.069717,146675.60758,,
2026-08-14 18:59:00+00:00,0.069717,0.069747,0.069712,0.069745,127355.56128525184,,
2026-08-14 19:00:00+00:00,0.069745,0.069745,0.069639,0.069639,12112604.21095314,,
2026-08-14 19:01:00+00:00,0.069639,0.069678,0.069599,0.069671,408839.06484189176,,
2026-08-14 19:02:00+00:00,0.069671,0.069671,0.0696,0.069664,240775.78547790737,,
2026-08-14 19:03:00+00:00,0.069664,0.069703,0.069623,0.069623,412484.73278782394,,
2026-08-14 19:04:00+00:00,0.069623,0.069647,0.0696,0.069644,6083444.303974208,,
2026-08-14 19:05:00+00:00,0.069644,0.069644,0.069574,0.069599,16624495.742572676,,
2026-08-14 19:06:00+00:00,0.069599,0.0696,0.06958,0.0696,7032833.417954387,,
2026-08-14 19:07:00+00:00,0.0696,0.0696,0.06953,0.069575,8536467.96127806,,
2026-08-14 19:08:00+00:00,0.069575,0.069605,0.069548,0.069602,2511144.098111342,,
2026-08-14 19:09:00+00:00,0.069602,0.069667,0.069591,0.069661,8632998.727225982,,
2026-08-14 19:10:00+00:00,0.069661,0.069665,0.069618,0.069629,122291.339071062,,
2026-08-14 19:11:00+00:00,0.069629,0.069643,0.069609,0.069639,167169.71325934303,,
2026-08-14 19:12:00+00:00,0.069639,0.069657,0.0696,0.069635,218901.2947997636,,
2026-08-14 19:13:00+00:00,0.069635,0.069663,0.069608,0.069647,263639.1162948505,,
2026-08-14 19:14:00+00:00,0.069647,0.06966,0.069614,0.069614,144746.37667721792,,
2026-08-14 19:15:00+00:00,0.069614,0.069691,0.069583,0.069683,15561629.732269768,,
2026-08-14 19:16:00+00:00,0.069683,0.069683,0.069601,0.06966,1692158.29531,,
2026-08-14 19:17:00+00:00,0.06966,0.069671,0.069629,0.069671,87256.45893544651,,
2026-08-14 19:18:00+00:00,0.069671,0.069701,0.069671,0.069701,77987.76401,,
2026-08-14 19:19:00+00:00,0.069701,0.069701,0.069637,0.069672,5317635.196580052,,
2026-08-14 19:20:00+00:00,0.069672,0.0697,0.069655,0.06967,111644.18678830905,,
2026-08-14 19:21:00+00:00,0.06967,0.069727,0.06967,0.069724,7795160.757751216,,
2026-08-14 19:22:00+00:00,0.069724,0.069739,0.06971,0.069738,114667.22265578738,,
2026-08-14 19:23:00+00:00,0.069738,0.069738,0.069701,0.069717,3589106.60964,,
2026-08-14 19:24:00+00:00,0.069717,0.069717,0.069674,0.069674,2380996.66841,,
2026-08-14 19:25:00+00:00,0.069674,0.0697,0.069667,0.0697,143082.94738028967,,
2026-08-14 19:26:00+00:00,0.0697,0.069701,0.069638,0.069663,1766518.71692,,
2026-08-14 19:27:00+00:00,0.069663,0.069699,0.06966,0.069672,5759026.953625443,,
2026-08-14 19:28:00+00:00,0.069672,0.06972,0.069668,0.069684,8137719.796419406,,
2026-08-14 19:29:00+00:00,0.069684,0.069708,0.069676,0.069691,7488301.12228,,
2026-08-14 19:30:00+00:00,0.069691,0.069708,0.069653,0.069653,2177088.2884213617,,
2026-08-14 19:31:00+00:00,0.069653,0.069676,0.069623,0.069644,731244.65109,,
2026-08-14 19:32:00+00:00,0.069644,0.069698,0.069637,0.069696,116344.90997,,
2026-08-14 19:33:00+00:00,0.069696,0.069701,0.069674,0.069674,5786688.96443,,
2026-08-14 19:34:00+00:00,0.069674,0.069708,0.069673,0.069688,7629216.52326,,
2026-08-14 19:35:00+00:00,0.069688,0.069708,0.069674,0.0697,13234598.41937,,
2026-08-14 19:36:00+00:00,0.0697,0.0697,0.069681,0.069688,10266724.155097172,,
2026-08-14 19:37:00+00:00,0.069688,0.0697,0.069674,0.069678,4863038.967830099,,
2026-08-14 19:38:00+00:00,0.069678,0.06969,0.069663,0.069681,114294.33832,,
2026-08-14 19:39:00+00:00,0.069681,0.069699,0.069662,0.069677,9931844.58392,,
2026-08-14 19:40:00+00:00,0.069677,0.069708,0.069674,0.069698,11376417.357905004,,
2026-08-14 19:41:00+00:00,0.069698,0.069708,0.069684,0.069701,2451111.29984,,
2026-08-14 19:42:00+00:00,0.069701,0.069735,0.069701,0.069734,5769489.635812462,,
2026-08-14 19:43:00+00:00,0.069734,0.069749,0.069725,0.069745,101389.4314,,
2026-08-14 19:44:00+00:00,0.069745,0.069768,0.069711,0.069768,1138020.81694,,
2026-08-14 19:45:00+00:00,0.069768,0.069796,0.069768,0.069772,3131022.177,,
2026-08-14 19:46:00+00:00,0.069772,0.0698,0.069759,0.069759,17282878.23400779,,
2026-08-14 19:47:00+00:00,0.069759,0.069808,0.069759,0.069788,3297068.20135,,
2026-08-14 19:48:00+00:00,0.069788,0.069808,0.069781,0.069803,3587352.4612,,
2026-08-14 19:49:00+00:00,0.069803,0.069803,0.069788,0.069788,94349.08583402206,,
2026-08-14 19:50:00+00:00,0.069788,0.069818,0.069788,0.069816,3022691.8045635647,,
2026-08-14 19:51:00+00:00,0.069816,0.069838,0.0698,0.069812,12331126.22493,,
2026-08-14 19:52:00+00:00,0.069812,0.069859,0.069801,0.069804,6349888.28499,,
2026-08-14 19:53:00+00:00,0.069804,0.069847,0.069802,0.06983,4539121.796567108,,
2026-08-14 19:54:00+00:00,0.06983,0.06986,0.0698,0.0698,179161.74219697478,,
2026-08-14 19:55:00+00:00,0.0698,0.069866,0.0698,0.069859,143469.2997190205,,
2026-08-14 19:56:00+00:00,0.069859,0.069862,0.069855,0.069855,95804.52334456504,,
2026-08-14 19:57:00+00:00,0.069855,0.069866,0.0698,0.0698,196970.4331138255,,
2026-08-14 19:58:00+00:00,0.0698,0.069859,0.0698,0.069836,127844.17605924216,,
2026-08-14 19:59:00+00:00,0.069836,0.069837,0.0698,0.069823,7624972.938347799,,
2026-08-14 20:00:00+00:00,0.069823,0.069859,0.069809,0.069809,93338.82249,,
2026-08-14 20:01:00+00:00,0.069809,0.069863,0.069809,0.069855,173753.38691,,
2026-08-14 20:02:00+00:00,0.069855,0.069885,0.069831,0.069867,1202415.3877494896,,
2026-08-14 20:03:00+00:00,0.069867,0.069867,0.0698,0.069829,3633109.435393077,,
2026-08-14 20:04:00+00:00,0.069829,0.06987,0.069816,0.069843,194622.3052346978,,
2026-08-14 20:05:00+00:00,0.069843,0.06987,0.0698,0.069868,225161.34063131537,,
2026-08-14 20:06:00+00:00,0.069868,0.069874,0.069829,0.069867,162934.32265,,
2026-08-14 20:07:00+00:00,0.069867,0.069878,0.069833,0.069867,168296.98780845493,,
2026-08-14 20:08:00+00:00,0.069867,0.069871,0.069833,0.069855,148227.8223881373,,
2026-08-14 20:09:00+00:00,0.069855,0.069892,0.069833,0.069874,141095.88346,,
2026-08-14 20:10:00+00:00,0.069874,0.069893,0.069822,0.069827,1112248.21198,,
2026-08-14 20:11:00+00:00,0.069827,0.069842,0.069819,0.069829,106396.14312675032,,
2026-08-14 20:12:00+00:00,0.069829,0.069838,0.069818,0.069827,88698.48139096258,,
2026-08-14 20:13:00+00:00,0.069827,0.069827,0.069774,0.069774,13336780.116202936,,
2026-08-14 20:14:00+00:00,0.069774,0.069799,0.069772,0.069788,3317786.1814,,
2026-08-14 20:15:00+00:00,0.069788,0.06981,0.069788,0.069803,1211761.20402,,
2026-08-14 20:16:00+00:00,0.069803,0.069819,0.069798,0.069798,7524166.016930151,,
2026-08-14 20:17:00+00:00,0.069798,0.069802,0.06978,0.069788,5865391.283567599,,
2026-08-14 20:18:00+00:00,0.069788,0.069817,0.069782,0.069801,7049177.173744168,,
2026-08-14 20:19:00+00:00,0.069801,0.069818,0.0698,0.069812,10176281.83349,,
2026-08-14 20:20:00+00:00,0.069812,0.06982,0.069791,0.069805,3868055.131827109,,
2026-08-14 20:21:00+00:00,0.069805,0.06981,0.069791,0.069801,940133.0974,,
2026-08-14 20:22:00+00:00,0.069801,0.069818,0.069801,0.069817,8768462.49371,,
2026-08-14 20:23:00+00:00,0.069817,0.069821,0.069801,0.069821,7303062.5167,,
2026-08-14 20:24:00+00:00,0.069821,0.069835,0.069819,0.069819,92660.14271,,
2026-08-14 20:25:00+00:00,0.069819,0.069819,0.069791,0.069801,2652838.12084,,
2026-08-14 20:26:00+00:00,0.069801,0.069801,0.069782,0.069798,9945380.11381,,
2026-08-14 20:27:00+00:00,0.069798,0.069826,0.069783,0.069811,11693868.67954312,,
2026-08-14 20:28:00+00:00,0.069811,0.069866,0.069808,0.069866,171736.50998,,
2026-08-14 20:29:00+00:00,0.069866,0.069866,0.069858,0.069859,33857.49579,,
2026-08-14 20:30:00+00:00,0.069859,0.069877,0.069811,0.069862,413154.6564705177,,
2026-08-14 20:31:00+00:00,0.069862,0.069877,0.069861,0.069863,92165.44922175352,,
2026-08-14 20:32:00+00:00,0.069863,0.069867,0.069861,0.069866,71446.21562,,
2026-08-14 20:33:00+00:00,0.069866,0.069866,0.069818,0.069827,203864.55233,,
2026-08-14 20:34:00+00:00,0.069827,0.06986,0.069824,0.069857,180194.58153,,
2026-08-14 20:35:00+00:00,0.069857,0.069857,0.069814,0.069814,21269.29396,,
2026-08-14 20:36:00+00:00,0.069814,0.069851,0.069812,0.069847,79939.90508,,
2026-08-14 20:37:00+00:00,0.069847,0.069861,0.069818,0.069857,97649.23371,,
2026-08-14 20:38:00+00:00,0.069857,0.069859,0.0698,0.069814,147356.4506316443,,
2026-08-14 20:39:00+00:00,0.069814,0.069851,0.069814,0.069848,90155.28811804455,,
2026-08-14 20:40:00+00:00,0.069848,0.069861,0.069817,0.069859,194194.98415139748,,
2026-08-14 20:41:00+00:00,0.069859,0.069861,0.069856,0.069859,79696.92622,,
2026-08-14 20:42:00+00:00,0.069859,0.069864,0.069857,0.069864,107078.24002,,
2026-08-14 20:43:00+00:00,0.069864,0.069864,0.069855,0.069856,183554.05893879116,,
2026-08-14 20:44:00+00:00,0.069856,0.06986,0.0698,0.069856,205531.97350710793,,
2026-08-14 20:45:00+00:00,0.069856,0.069856,0.069782,0.069788,6800472.30715,,
2026-08-14 20:46:00+00:00,0.069788,0.069799,0.069759,0.069761,4246746.20131,,
2026-08-14 20:47:00+00:00,0.069761,0.069769,0.069697,0.069702,184590.07706484976,,
2026-08-14 20:48:00+00:00,0.069702,0.06976,0.069702,0.069755,146937.32707656012,,
2026-08-14 20:49:00+00:00,0.069755,0.069767,0.069722,0.069767,141764.94813,,
2026-08-14 20:50:00+00:00,0.069767,0.069793,0.0697,0.069738,373222.80019377114,,
2026-08-14 20:51:00+00:00,0.069738,0.069742,0.069737,0.069739,76958.56664,,
2026-08-14 20:52:00+00:00,0.069739,0.069788,0.069739,0.069762,68591.34473,,
2026-08-14 20:53:00+00:00,0.069762,0.069788,0.069758,0.069781,144563.10895,,
2026-08-14 20:54:00+00:00,0.069781,0.069788,0.069763,0.069769,116805.00162,,
2026-08-14 20:55:00+00:00,0.069769,0.069788,0.069761,0.069765,126751.27814,,
2026-08-14 20:56:00+00:00,0.069765,0.069787,0.069757,0.069768,155336.75645,,
2026-08-14 20:57:00+00:00,0.069768,0.069788,0.069758,0.069764,158052.32302,,
2026-08-14 20:58:00+00:00,0.069764,0.06979,0.069763,0.069769,85401.86595,,
2026-08-14 20:59:00+00:00,0.069769,0.069793,0.069769,0.069773,109294.64071,,
2026-08-14 21:00:00+00:00,0.069773,0.069801,0.069773,0.069801,167645.44826,,
2026-08-14 21:01:00+00:00,0.069801,0.069801,0.069789,0.069799,194167.88698,,
2026-08-14 21:02:00+00:00,0.069799,0.069799,0.069702,0.069728,14557398.57946,,
2026-08-14 21:03:00+00:00,0.069728,0.069767,0.069712,0.069765,164149.60548,,
2026-08-14 21:04:00+00:00,0.069765,0.069802,0.069759,0.069802,110478.59047,,
2026-08-14 21:05:00+00:00,0.069802,0.069808,0.069768,0.069788,18111292.57374,,
2026-08-14 21:06:00+00:00,0.069788,0.069805,0.069783,0.0698,8197905.99868,,
2026-08-14 21:07:00+00:00,0.0698,0.069819,0.069798,0.069812,8728163.92079,,
2026-08-14 21:08:00+00:00,0.069812,0.069819,0.069762,0.069788,9064199.47475,,
2026-08-14 21:09:00+00:00,0.069788,0.069788,0.069765,0.069779,81988.05523,,
2026-08-14 21:10:00+00:00,0.069779,0.069779,0.069713,0.069733,2495024.61435,,
2026-08-14 21:11:00+00:00,0.069733,0.069743,0.069728,0.069737,97849.84063,,
2026-08-14 21:12:00+00:00,0.069737,0.069774,0.069737,0.069774,84119.33586,,
2026-08-14 21:13:00+00:00,0.069774,0.069774,0.069701,0.069733,20494574.40175,,
2026-08-14 21:14:00+00:00,0.069733,0.06975,0.069707,0.06975,101949.19244,,
2026-08-14 21:15:00+00:00,0.06975,0.069768,0.069718,0.069764,198888.75468,,
2026-08-14 21:16:00+00:00,0.069764,0.069776,0.06975,0.069776,54409.30786,,
2026-08-14 21:17:00+00:00,0.069776,0.069792,0.069772,0.069775,109166.1936,,
2026-08-14 21:18:00+00:00,0.069775,0.069782,0.069739,0.069739,568753.1446,,
2026-08-14 21:19:00+00:00,0.069739,0.069739,0.0697,0.069701,2189351.794017931,,
2026-08-14 21:20:00+00:00,0.069701,0.069701,0.06968,0.069683,10518361.405629916,,
2026-08-14 21:21:00+00:00,0.069683,0.069706,0.069682,0.069701,9389561.29645,,
2026-08-14 21:22:00+00:00,0.069701,0.069718,0.069698,0.069717,2933577.20505,,
2026-08-14 21:23:00+00:00,0.069717,0.069717,0.0697,0.069709,1513888.52431,,
2026-08-14 21:24:00+00:00,0.069709,0.069747,0.069701,0.069711,6769275.34034,,
2026-08-14 21:25:00+00:00,0.069711,0.069751,0.069711,0.069736,231709.25021,,
2026-08-14 21:26:00+00:00,0.069736,0.06976,0.069715,0.069755,85677.06547,,
2026-08-14 21:27:00+00:00,0.069755,0.069791,0.069718,0.069769,156611.3673928162,,
2026-08-14 21:28:00+00:00,0.069769,0.069802,0.069761,0.069766,103604.31496129515,,
2026-08-14 21:29:00+00:00,0.069766,0.069788,0.069756,0.069765,162269.77386,,
2026-08-14 21:30:00+00:00,0.069765,0.069799,0.069765,0.069782,1278636.19447,,
2026-08-14 21:31:00+00:00,0.069782,0.069798,0.069772,0.069784,5158705.76993,,
2026-08-14 21:32:00+00:00,0.069784,0.069788,0.069757,0.069779,151942.06092,,
2026-08-14 21:33:00+00:00,0.069779,0.069789,0.069741,0.069741,98998.73906,,
2026-08-14 21:34:00+00:00,0.069741,0.069777,0.069707,0.069707,2502147.42021,,
2026-08-14 21:35:00+00:00,0.069707,0.069719,0.069692,0.069712,6704941.9451,,
2026-08-14 21:36:00+00:00,0.069712,0.069719,0.06969,0.069702,5898021.55604,,
2026-08-14 21:37:00+00:00,0.069702,0.06973,0.06969,0.06973,3004265.49461,,
2026-08-14 21:38:00+00:00,0.06973,0.069742,0.069701,0.06972,8908461.82703,,
2026-08-14 21:39:00+00:00,0.06972,0.069726,0.0697,0.0697,78959.13817,,
2026-08-14 21:40:00+00:00,0.0697,0.069749,0.0697,0.069713,7745252.02014,,
2026-08-14 21:41:00+00:00,0.069713,0.069744,0.069701,0.069721,5725443.80209,,
2026-08-14 21:42:00+00:00,0.069721,0.069738,0.069701,0.069718,1823504.69334,,
2026-08-14 21:43:00+00:00,0.069718,0.069726,0.069675,0.069698,17821264.816693105,,
2026-08-14 21:44:00+00:00,0.069698,0.069726,0.069698,0.06971,6525944.776698639,,
2026-08-14 21:45:00+00:00,0.06971,0.06971,0.069682,0.069701,3889483.20989,,
2026-08-14 21:46:00+00:00,0.069701,0.069712,0.069699,0.069712,1525016.4972722188,,
2026-08-14 21:47:00+00:00,0.069712,0.069751,0.069707,0.069733,178484.75936675165,,
2026-08-14 21:48:00+00:00,0.069733,0.069761,0.06972,0.069745,140525.70321,,
2026-08-14 21:49:00+00:00,0.069745,0.069756,0.069718,0.069723,105126.50184,,
2026-08-14 21:50:00+00:00,0.069723,0.06976,0.069717,0.069726,174342.85557,,
2026-08-14 21:51:00+00:00,0.069726,0.06977,0.069716,0.069769,181032.70251,,
2026-08-14 21:52:00+00:00,0.069769,0.06977,0.069708,0.069725,114330.865,,
2026-08-14 21:53:00+00:00,0.069725,0.06975,0.069713,0.069713,86703.82671,,
2026-08-14 21:54:00+00:00,0.069713,0.069751,0.069713,0.069715,170314.06606,,
2026-08-14 21:55:00+00:00,0.069715,0.069749,0.069713,0.069735,172685.64018,,
2026-08-14 21:56:00+00:00,0.069735,0.069751,0.069711,0.069746,107971.71959,,
2026-08-14 21:57:00+00:00,0.069746,0.06976,0.069714,0.069745,153553.82947,,
2026-08-14 21:58:00+00:00,0.069745,0.069819,0.069714,0.069799,5362675.78495,,
2026-08-14 21:59:00+00:00,0.069799,0.069806,0.069791,0.069801,941603.64458,,
2026-08-14 22:00:00+00:00,0.069801,0.069805,0.069727,0.069784,11437518.49569,,
2026-08-14 22:01:00+00:00,0.069784,0.069828,0.069784,0.069817,10500746.49458,,
2026-08-14 22:02:00+00:00,0.069817,0.06984,0.069801,0.069812,13534405.53652,,
2026-08-14 22:03:00+00:00,0.069812,0.069885,0.069802,0.069851,11993136.84798,,
2026-08-14 22:04:00+00:00,0.069851,0.069877,0.069827,0.069843,803190.95519,,
2026-08-14 22:05:00+00:00,0.069843,0.069899,0.069843,0.069888,1850216.84908,,
2026-08-14 22:06:00+00:00,0.069888,0.0699,0.069872,0.069875,3818214.40726,,
2026-08-14 22:07:00+00:00,0.069875,0.069884,0.069825,0.069831,80119.02937,,
2026-08-14 22:08:00+00:00,0.069831,0.069844,0.069828,0.069841,101849.47469,,
2026-08-14 22:09:00+00:00,0.069841,0.069841,0.069836,0.069841,60216.83418,,
2026-08-14 22:10:00+00:00,0.069841,0.069841,0.069841,0.069841,0.0,,
2026-08-14 22:11:00+00:00,0.069841,0.069877,0.069782,0.069782,11366963.54557,,
2026-08-14 22:12:00+00:00,0.069782,0.06981,0.069782,0.069798,199161.95255182817,,
2026-08-14 22:13:00+00:00,0.069798,0.069817,0.069798,0.069802,4416683.80250113,,
2026-08-14 22:14:00+00:00,0.069802,0.069819,0.069791,0.069801,2974859.60132,,
2026-08-14 22:15:00+00:00,0.069801,0.069801,0.069775,0.069782,2950777.70875,,
2026-08-14 22:16:00+00:00,0.069782,0.069782,0.06973,0.069773,442699.27585,,
2026-08-14 22:17:00+00:00,0.069773,0.069773,0.069721,0.069721,3036757.29555,,
2026-08-14 22:18:00+00:00,0.069721,0.069789,0.069717,0.069772,197135.91465,,
2026-08-14 22:19:00+00:00,0.069772,0.0698,0.069761,0.069771,175950.899076095,,
2026-08-14 22:20:00+00:00,0.069771,0.069788,0.069757,0.069776,124723.7693256646,,
2026-08-14 22:21:00+00:00,0.069776,0.069802,0.069756,0.069784,4440927.42461,,
2026-08-14 22:22:00+00:00,0.069784,0.069805,0.069782,0.069783,5682996.50248,,
2026-08-14 22:23:00+00:00,0.069783,0.069788,0.069735,0.069777,3919828.32365,,
2026-08-14 22:24:00+00:00,0.069777,0.069788,0.06968,0.069735,9786872.35486,,
2026-08-14 22:25:00+00:00,0.069735,0.069735,0.069689,0.069697,2752750.01578,,
2026-08-14 22:26:00+00:00,0.069697,0.069702,0.069691,0.069701,125719.63658,,
2026-08-14 22:27:00+00:00,0.069701,0.069708,0.069662,0.069688,9483155.41425,,
2026-08-14 22:28:00+00:00,0.069688,0.069698,0.069661,0.069664,3038609.95143,,
2026-08-14 22:29:00+00:00,0.069664,0.069687,0.069631,0.069633,154910.19228709553,,
2026-08-14 22:30:00+00:00,0.069633,0.069699,0.06963,0.069688,1816146.4430785412,,
2026-08-14 22:31:00+00:00,0.069688,0.069701,0.069675,0.069696,169566.07873214697,,
2026-08-14 22:32:00+00:00,0.069696,0.069702,0.069675,0.069675,13663583.817649556,,
2026-08-14 22:33:00+00:00,0.069675,0.069718,0.069674,0.06971,3303790.779929555,,
2026-08-14 22:34:00+00:00,0.06971,0.069739,0.069691,0.06973,8311121.78237,,
2026-08-14 22:35:00+00:00,0.06973,0.06973,0.069702,0.069728,4513801.79516,,
2026-08-14 22:36:00+00:00,0.069728,0.06973,0.069721,0.069721,86321.45951,,
2026-08-14 22:37:00+00:00,0.069721,0.069736,0.069721,0.069721,69187.70638,,
2026-08-14 22:38:00+00:00,0.069721,0.069729,0.069708,0.069721,102494.54083,,
2026-08-14 22:39:00+00:00,0.069721,0.069739,0.069719,0.069736,106592.36796,,
2026-08-14 22:40:00+00:00,0.069736,0.069746,0.069721,0.069737,96444.57783,,
2026-08-14 22:41:00+00:00,0.069737,0.069738,0.069714,0.069737,52288.43016,,
2026-08-14 22:42:00+00:00,0.069737,0.069738,0.069712,0.069736,76218.6878,,
2026-08-14 22:43:00+00:00,0.069736,0.069751,0.069714,0.069719,111744.42255,,
2026-08-14 22:44:00+00:00,0.069719,0.06975,0.069712,0.06973,223295.28332,,
2026-08-14 22:45:00+00:00,0.06973,0.069792,0.069707,0.069773,1955080.0983,,
2026-08-14 22:46:00+00:00,0.069773,0.069791,0.069759,0.069761,188004.1083,,
2026-08-14 22:47:00+00:00,0.069761,0.069765,0.069757,0.069761,95450.79397,,
2026-08-14 22:48:00+00:00,0.069761,0.069788,0.069761,0.06978,204855.65458,,
2026-08-14 22:49:00+00:00,0.06978,0.069791,0.069758,0.069772,90728.27281,,
2026-08-14 22:50:00+00:00,0.069772,0.069799,0.069771,0.069788,9558259.91139,,
2026-08-14 22:51:00+00:00,0.069788,0.069799,0.069782,0.069788,15034685.27329,,
2026-08-14 22:52:00+00:00,0.069788,0.069799,0.069757,0.069757,25865320.81576,,
2026-08-14 22:53:00+00:00,0.069757,0.069784,0.069754,0.069761,142959.01402,,
2026-08-14 22:54:00+00:00,0.069761,0.069788,0.069759,0.069764,61637.33522,,
2026-08-14 22:55:00+00:00,0.069764,0.069774,0.069741,0.069741,219663.71301,,
2026-08-14 22:56:00+00:00,0.069741,0.069777,0.069737,0.069748,79975.02602,,
2026-08-14 22:57:00+00:00,0.069748,0.069793,0.069748,0.069769,151134.69778,,
2026-08-14 22:58:00+00:00,0.069769,0.069817,0.069768,0.069817,6147123.04226,,
2026-08-14 22:59:00+00:00,0.069817,0.069819,0.069792,0.069817,10202507.62034,,
2026-08-14 23:00:00+00:00,0.069817,0.069825,0.06979,0.06982,6568480.54587,,
2026-08-14 23:01:00+00:00,0.06982,0.069837,0.06982,0.069837,59235.25759,,
2026-08-14 23:02:00+00:00,0.069837,0.069843,0.069821,0.069822,110517.78723,,
2026-08-14 23:03:00+00:00,0.069822,0.069837,0.069821,0.069827,96686.67693,,
2026-08-14 23:04:00+00:00,0.069827,0.06985,0.069813,0.069849,184864.12673,,
2026-08-14 23:05:00+00:00,0.069849,0.069849,0.069818,0.069818,72049.24599,,
2026-08-14 23:06:00+00:00,0.069818,0.06986,0.069818,0.069845,184651.26677,,
2026-08-14 23:07:00+00:00,0.069845,0.069858,0.069818,0.069858,58518.24449,,
2026-08-14 23:08:00+00:00,0.069858,0.069858,0.069831,0.069841,27856.67968,,
2026-08-14 23:09:00+00:00,0.069841,0.069845,0.069841,0.069845,17038.88011,,
2026-08-14 23:10:00+00:00,0.069845,0.06986,0.069843,0.069858,123734.75646,,
2026-08-14 23:11:00+00:00,0.069858,0.069899,0.069847,0.069884,1865404.10165,,
2026-08-14 23:12:00+00:00,0.069884,0.069919,0.069882,0.069912,8739910.636710998,,
2026-08-14 23:13:00+00:00,0.069912,0.069912,0.069881,0.069895,7637243.17651,,
2026-08-14 23:14:00+00:00,0.069895,0.069937,0.069891,0.069928,7218569.4978,,
2026-08-14 23:15:00+00:00,0.069928,0.069937,0.06992,0.069937,41415.55493,,
2026-08-14 23:16:00+00:00,0.069937,0.069937,0.069891,0.069925,2370042.1229653335,,
2026-08-14 23:17:00+00:00,0.069925,0.069934,0.069891,0.069898,209671.68469,,
2026-08-14 23:18:00+00:00,0.069898,0.069899,0.06989,0.069898,90535.6163,,
2026-08-14 23:19:00+00:00,0.069898,0.0699,0.069863,0.069873,11783227.50159,,
2026-08-14 23:20:00+00:00,0.069873,0.069908,0.069873,0.06989,5907035.43495,,
2026-08-14 23:21:00+00:00,0.06989,0.069906,0.069883,0.069901,3290879.42598,,
2026-08-14 23:22:00+00:00,0.069901,0.069948,0.069891,0.069924,7660242.01845,,
2026-08-14 23:23:00+00:00,0.069924,0.069958,0.069924,0.069945,101090.35276,,
2026-08-14 23:24:00+00:00,0.069945,0.070002,0.069945,0.069992,191707.9611540055,,
2026-08-14 23:25:00+00:00,0.069992,0.069992,0.069962,0.069962,80201.38918,,
2026-08-14 23:26:00+00:00,0.069962,0.069988,0.069938,0.069983,382789.80562,,
2026-08-14 23:27:00+00:00,0.069983,0.069983,0.069939,0.069941,576655.61971,,
2026-08-14 23:28:00+00:00,0.069941,0.069978,0.069941,0.069972,2347220.0597,,
2026-08-14 23:29:00+00:00,0.069972,0.069991,0.069969,0.069991,100799.73267,,
2026-08-14 23:30:00+00:00,0.069991,0.069999,0.069973,0.069982,1790801.14264,,
2026-08-14 23:31:00+00:00,0.069982,0.070003,0.069981,0.069983,4784940.83151,,
2026-08-14 23:32:00+00:00,0.069983,0.070003,0.069983,0.069983,2908230.9654,,
2026-08-14 23:33:00+00:00,0.069983,0.070003,0.069983,0.069988,4745835.879060399,,
2026-08-14 23:34:00+00:00,0.069988,0.069999,0.069951,0.069975,3048646.79173,,
2026-08-14 23:35:00+00:00,0.069975,0.070003,0.069955,0.069982,5598056.39391,,
2026-08-14 23:36:00+00:00,0.069982,0.070003,0.069964,0.069999,7731471.04775,,
2026-08-14 23:37:00+00:00,0.069999,0.070039,0.069999,0.07003,7959928.2613291,,
2026-08-14 23:38:00+00:00,0.07003,0.07006,0.07,0.070045,2171498.10381,,
2026-08-14 23:39:00+00:00,0.070045,0.07006,0.069998,0.07003,558397.64431,,
2026-08-14 23:40:00+00:00,0.07003,0.070041,0.069992,0.070019,6000706.12922,,
2026-08-14 23:41:00+00:00,0.070019,0.070046,0.07001,0.070035,122812.56592,,
2026-08-14 23:42:00+00:00,0.070035,0.070079,0.070035,0.070074,127125.02906,,
2026-08-14 23:43:00+00:00,0.070074,0.070092,0.070062,0.070062,119272.40599,,
2026-08-14 23:44:00+00:00,0.070062,0.070083,0.070049,0.070055,98284.67761,,
2026-08-14 23:45:00+00:00,0.070055,0.070093,0.070055,0.07009,122746.76044,,
2026-08-14 23:46:00+00:00,0.07009,0.070101,0.07009,0.070095,201628.58813,,
2026-08-14 23:47:00+00:00,0.070095,0.070101,0.070061,0.07008,7101809.89349,,
2026-08-14 23:48:00+00:00,0.07008,0.07008,0.070061,0.070063,39143.97171,,
2026-08-14 23:49:00+00:00,0.070063,0.070089,0.07006,0.070079,125397.80647061091,,
2026-08-14 23:50:00+00:00,0.070079,0.0701,0.070053,0.070072,170246.08981071037,,
2026-08-14 23:51:00+00:00,0.070072,0.070072,0.070037,0.070041,145324.83503,,
2026-08-14 23:52:00+00:00,0.070041,0.070075,0.070019,0.07007,216835.06404,,
2026-08-14 23:53:00+00:00,0.07007,0.0701,0.070068,0.070068,6211484.22573,,
2026-08-14 23:54:00+00:00,0.070068,0.070087,0.07002,0.07002,3311902.41637,,
2026-08-14 23:55:00+00:00,0.07002,0.07004,0.07,0.070012,1533589.53129,,
2026-08-14 23:56:00+00:00,0.070012,0.070041,0.06999,0.070037,4877106.7527,,
2026-08-14 23:57:00+00:00,0.070037,0.070051,0.07001,0.070035,275318.05208,,
2026-08-14 23:58:00+00:00,0.070035,0.070057,0.070022,0.070028,87840.69885,,
2026-08-14 23:59:00+00:00,0.070028,0.070039,0.070018,0.070018,101408.59339,,
2026-08-15 00:00:00+00:00,0.070018,0.070039,0.07,0.07,144806.70761,,
2026-08-15 00:01:00+00:00,0.07,0.070038,0.07,0.070037,6870224.66185,,
2026-08-15 00:02:00+00:00,0.070037,0.07005,0.070015,0.070025,120416.63602,,
2026-08-15 00:03:00+00:00,0.070025,0.070037,0.069992,0.070037,7645955.57413,,
2026-08-15 00:04:00+00:00,0.070037,0.070087,0.070028,0.07006,150278.80208,,
2026-08-15 00:05:00+00:00,0.07006,0.070077,0.070053,0.070062,106487.75754,,
2026-08-15 00:06:00+00:00,0.070062,0.070081,0.07003,0.070043,143836.23953,,
2026-08-15 00:07:00+00:00,0.070043,0.070071,0.070008,0.070046,375351.20172,,
2026-08-15 00:08:00+00:00,0.070046,0.070068,0.07,0.070068,96800.3959833152,,
2026-08-15 00:09:00+00:00,0.070068,0.070074,0.070017,0.070024,110000.63161,,
2026-08-15 00:10:00+00:00,0.070024,0.070074,0.070024,0.070074,134778.47402,,
2026-08-15 00:11:00+00:00,0.070074,0.070108,0.070072,0.070083,2162561.5834220867,,
2026-08-15 00:12:00+00:00,0.070083,0.070108,0.070073,0.070086,7482374.26755,,
2026-08-15 00:13:00+00:00,0.070086,0.070089,0.06999,0.070029,2488981.92195,,
2026-08-15 00:14:00+00:00,0.070029,0.070051,0.070013,0.070015,105016.66315,,
2026-08-15 00:15:00+00:00,0.070015,0.070057,0.070014,0.070057,79888.28725,,
2026-08-15 00:16:00+00:00,0.070057,0.070061,0.070019,0.070057,78843.49752,,
2026-08-15 00:17:00+00:00,0.070057,0.070057,0.070057,0.070057,0.0,,
2026-08-15 00:18:00+00:00,0.070057,0.070057,0.070014,0.070019,157032.4775,,
2026-08-15 00:19:00+00:00,0.070019,0.070052,0.070014,0.070035,198958.9117,,
2026-08-15 00:20:00+00:00,0.070035,0.07005,0.07,0.070031,9018460.98319,,
2026-08-15 00:21:00+00:00,0.070031,0.070033,0.07,0.07,92406.23671,,
2026-08-15 00:22:00+00:00,0.07,0.070001,0.07,0.07,125149.14068304955,,
2026-08-15 00:23:00+00:00,0.07,0.070001,0.069955,0.069964,3574322.0524764294,,
2026-08-15 00:24:00+00:00,0.069964,0.070001,0.069964,0.069998,5931047.30363,,
2026-08-15 00:25:00+00:00,0.069998,0.07001,0.069993,0.070004,88886.26389,,
2026-08-15 00:26:00+00:00,0.070004,0.070017,0.069983,0.069988,7337985.829914225,,
2026-08-15 00:27:00+00:00,0.069988,0.070008,0.069983,0.069984,11347550.43579,,
2026-08-15 00:28:00+00:00,0.069984,0.070019,0.069984,0.070002,2142229.48008,,
2026-08-15 00:29:00+00:00,0.070002,0.070009,0.069999,0.070003,70004.99881,,
2026-08-15 00:30:00+00:00,0.070003,0.07001,0.069998,0.069999,107304.50883,,
2026-08-15 00:31:00+00:00,0.069999,0.070015,0.069992,0.070015,71746.65155,,
2026-08-15 00:32:00+00:00,0.070015,0.070042,0.069998,0.070021,4600691.45495,,
2026-08-15 00:33:00+00:00,0.070021,0.070039,0.070011,0.070035,110156.96795,,
2026-08-15 00:34:00+00:00,0.070035,0.070037,0.070001,0.070013,4577955.89056,,
2026-08-15 00:35:00+00:00,0.070013,0.070047,0.070013,0.070037,55511.69605,,
2026-08-15 00:36:00+00:00,0.070037,0.07005,0.070014,0.070014,111938.21115,,
2026-08-15 00:37:00+00:00,0.070014,0.070044,0.07,0.07,131164.28963,,
2026-08-15 00:38:00+00:00,0.07,0.070009,0.07,0.070002,397808.23095,,
2026-08-15 00:39:00+00:00,0.070002,0.07004,0.07,0.07004,496665.04954,,
2026-08-15 00:40:00+00:00,0.07004,0.07004,0.070015,0.070035,43806.74918,,
2026-08-15 00:41:00+00:00,0.070035,0.070035,0.07,0.07,134081.80687,,
2026-08-15 00:42:00+00:00,0.07,0.070026,0.07,0.070026,3924794.02303,,
2026-08-15 00:43:00+00:00,0.070026,0.07004,0.07001,0.070026,65343.99486,,
2026-08-15 00:44:00+00:00,0.070026,0.070048,0.070022,0.070026,406896.70005,,
2026-08-15 00:45:00+00:00,0.070026,0.070076,0.07002,0.070065,195394.74482,,
2026-08-15 00:46:00+00:00,0.070065,0.070066,0.070063,0.070066,22851.75421,,
2026-08-15 00:47:00+00:00,0.070066,0.070077,0.070061,0.070077,72356.68593,,
2026-08-15 00:48:00+00:00,0.070077,0.070077,0.070033,0.070042,2318578.88297,,
2026-08-15 00:49:00+00:00,0.070042,0.070044,0.070042,0.070043,17308.56019,,
2026-08-15 00:50:00+00:00,0.070043,0.070045,0.070039,0.070043,130930.17272,,
2026-08-15 00:51:00+00:00,0.070043,0.070058,0.070034,0.070034,94035.17801,,
2026-08-15 00:52:00+00:00,0.070034,0.070077,0.070031,0.070053,168821.6563529093,,
2026-08-15 00:53:00+00:00,0.070053,0.070078,0.070036,0.070051,161779.54724514732,,
2026-08-15 00:54:00+00:00,0.070051,0.070078,0.070051,0.070059,103191.13156169283,,
2026-08-15 00:55:00+00:00,0.070059,0.0701,0.070059,0.070099,190984.33185789257,,
2026-08-15 00:56:00+00:00,0.070099,0.0701,0.070099,0.070099,118166.48469714283,,
2026-08-15 00:57:00+00:00,0.070099,0.070102,0.070099,0.0701,116273.52042,,
2026-08-15 00:58:00+00:00,0.0701,0.070102,0.07009,0.070096,127662.94559,,
2026-08-15 00:59:00+00:00,0.070096,0.070101,0.070089,0.070097,158591.68428,,
2026-08-15 01:00:00+00:00,0.070097,0.070102,0.070097,0.070102,192465.83404591103,,
2026-08-15 01:01:00+00:00,0.070102,0.070102,0.070057,0.070088,7766111.87947,,
2026-08-15 01:02:00+00:00,0.070088,0.070088,0.070026,0.070028,199334.21580221888,,
2026-08-15 01:03:00+00:00,0.070028,0.070063,0.070024,0.070024,192075.2246620868,,
2026-08-15 01:04:00+00:00,0.070024,0.070044,0.07,0.070027,112329.42392644144,,
2026-08-15 01:05:00+00:00,0.070027,0.070032,0.07,0.070004,423621.65845,,
2026-08-15 01:06:00+00:00,0.070004,0.070012,0.07,0.07,245894.74014,,
2026-08-15 01:07:00+00:00,0.07,0.070002,0.07,0.070002,175759.50797,,
2026-08-15 01:08:00+00:00,0.070002,0.070026,0.07,0.070026,6926109.08352,,
2026-08-15 01:09:00+00:00,0.070026,0.070037,0.070019,0.070037,169484.37255,,
2026-08-15 01:10:00+00:00,0.070037,0.070118,0.070019,0.070064,8049871.58042,,
2026-08-15 01:11:00+00:00,0.070064,0.070108,0.070064,0.070083,2188470.65456,,
2026-08-15 01:12:00+00:00,0.070083,0.070103,0.070083,0.070098,5881750.03541,,
2026-08-15 01:13:00+00:00,0.070098,0.070103,0.070065,0.070065,10580440.16016,,
2026-08-15 01:14:00+00:00,0.070065,0.070088,0.070055,0.070073,154456.67276,,
2026-08-15 01:15:00+00:00,0.070073,0.07009,0.070037,0.070045,150262.56388,,
2026-08-15 01:16:00+00:00,0.070045,0.070045,0.070022,0.070027,135320.92778,,
2026-08-15 01:17:00+00:00,0.070027,0.070029,0.070024,0.070024,45636.14134,,
2026-08-15 01:18:00+00:00,0.070024,0.070024,0.070024,0.070024,0.0,,
2026-08-15 01:19:00+00:00,0.070024,0.070024,0.070024,0.070024,0.0,,
2026-08-15 01:20:00+00:00,0.070024,0.070029,0.070013,0.070028,98756.31474,,
2026-08-15 01:21:00+00:00,0.070028,0.070028,0.06999,0.069999,1021625.12073,,
2026-08-15 01:22:00+00:00,0.069999,0.070012,0.069998,0.070001,81663.13509,,
2026-08-15 01:23:00+00:00,0.070001,0.070003,0.06999,0.069998,144580.98046,,
2026-08-15 01:24:00+00:00,0.069998,0.070055,0.069992,0.070039,3281648.11581,,
2026-08-15 01:25:00+00:00,0.070039,0.070048,0.070013,0.070016,111112.69909,,
2026-08-15 01:26:00+00:00,0.070016,0.07005,0.069999,0.07,120010.40879,,
2026-08-15 01:27:00+00:00,0.07,0.070001,0.069982,0.069998,5330134.82757,,
2026-08-15 01:28:00+00:00,0.069998,0.070001,0.069974,0.069988,4961851.28811,,
2026-08-15 01:29:00+00:00,0.069988,0.070008,0.06998,0.069998,10181664.06078,,
2026-08-15 01:30:00+00:00,0.069998,0.069999,0.069971,0.069971,6285966.8204,,
2026-08-15 01:31:00+00:00,0.069971,0.069971,0.069939,0.069955,105797.04545,,
2026-08-15 01:32:00+00:00,0.069955,0.069975,0.069951,0.069961,116834.45433,,
2026-08-15 01:33:00+00:00,0.069961,0.070008,0.069961,0.069997,2998746.21071,,
2026-08-15 01:34:00+00:00,0.069997,0.070026,0.06999,0.070023,5071260.25607,,
2026-08-15 01:35:00+00:00,0.070023,0.070035,0.07,0.07,117913.35307,,
2026-08-15 01:36:00+00:00,0.07,0.070018,0.069992,0.070004,1512477.69605,,
2026-08-15 01:37:00+00:00,0.070004,0.070013,0.069995,0.070002,960872.55761,,
2026-08-15 01:38:00+00:00,0.070002,0.070002,0.06999,0.070001,194546.21752034087,,
2026-08-15 01:39:00+00:00,0.070001,0.070015,0.069989,0.070001,1016254.39832,,
2026-08-15 01:40:00+00:00,0.070001,0.070009,0.06999,0.069995,913612.25416,,
2026-08-15 01:41:00+00:00,0.069995,0.070008,0.069982,0.069997,5896793.39998,,
2026-08-15 01:42:00+00:00,0.069997,0.070008,0.069982,0.069988,9615233.80909,,
2026-08-15 01:43:00+00:00,0.069988,0.07,0.069984,0.069998,33897.71557,,
2026-08-15 01:44:00+00:00,0.069998,0.070017,0.069992,0.07,1554322.88514,,
2026-08-15 01:45:00+00:00,0.07,0.070002,0.07,0.070001,176408.41151,,
2026-08-15 01:46:00+00:00,0.070001,0.070017,0.069992,0.070017,95620.50165,,
2026-08-15 01:47:00+00:00,0.070017,0.070017,0.069998,0.070008,47506.27663,,
2026-08-15 01:48:00+00:00,0.070008,0.07002,0.070001,0.070011,90496.63029,,
2026-08-15 01:49:00+00:00,0.070011,0.070011,0.069999,0.069999,69940.21327,,
2026-08-15 01:50:00+00:00,0.069999,0.070013,0.069998,0.070013,32076.67473,,
2026-08-15 01:51:00+00:00,0.070013,0.070066,0.070002,0.070059,6219572.39493,,
2026-08-15 01:52:00+00:00,0.070059,0.070059,0.070007,0.070022,72384.39497,,
2026-08-15 01:53:00+00:00,0.070022,0.070022,0.06999,0.070001,2446887.8078988595,,
2026-08-15 01:54:00+00:00,0.070001,0.070041,0.069991,0.07003,5662456.22757,,
2026-08-15 01:55:00+00:00,0.07003,0.070047,0.070024,0.070047,82932.61523,,
2026-08-15 01:56:00+00:00,0.070047,0.070058,0.07003,0.07003,41282.89391,,
2026-08-15 01:57:00+00:00,0.07003,0.070066,0.070025,0.070061,62611.81853,,
2026-08-15 01:58:00+00:00,0.070061,0.070082,0.070059,0.070075,50608.74407,,
2026-08-15 01:59:00+00:00,0.070075,0.070094,0.070048,0.070074,309428.73449,,
2026-08-15 02:00:00+00:00,0.070074,0.070089,0.070059,0.070087,74471.27953,,
2026-08-15 02:01:00+00:00,0.070087,0.070108,0.070063,0.07008,1704286.1068785517,,
2026-08-15 02:02:00+00:00,0.07008,0.070108,0.07006,0.070074,5442273.62502036,,
2026-08-15 02:03:00+00:00,0.070074,0.070102,0.070019,0.0701,8278757.755995746,,
2026-08-15 02:04:00+00:00,0.0701,0.070136,0.070099,0.070119,6540040.98872,,
2026-08-15 02:05:00+00:00,0.070119,0.07019,0.070119,0.07016,120114.84101,,
2026-08-15 02:06:00+00:00,0.07016,0.07019,0.070135,0.070135,121325.62572,,
2026-08-15 02:07:00+00:00,0.070135,0.070139,0.070126,0.070128,2333819.10149,,
2026-08-15 02:08:00+00:00,0.070128,0.070166,0.070124,0.070125,141794.13408,,
2026-08-15 02:09:00+00:00,0.070125,0.070126,0.070092,0.070117,1536175.70806,,
2026-08-15 02:10:00+00:00,0.070117,0.07014,0.0701,0.07014,97543.91812,,
2026-08-15 02:11:00+00:00,0.07014,0.070168,0.070115,0.070161,109992.38395,,
2026-08-15 02:12:00+00:00,0.070161,0.070163,0.070157,0.070163,60306.40122,,
2026-08-15 02:13:00+00:00,0.070163,0.0702,0.070162,0.070198,142293.02755139073,,
2026-08-15 02:14:00+00:00,0.070198,0.070205,0.07019,0.070202,1236532.95689,,
2026-08-15 02:15:00+00:00,0.070202,0.070228,0.070202,0.070225,4775986.020571192,,
2026-08-15 02:16:00+00:00,0.070225,0.070268,0.07018,0.07018,2270020.1239784965,,
2026-08-15 02:17:00+00:00,0.07018,0.070288,0.07018,0.070288,6732153.54165,,
2026-08-15 02:18:00+00:00,0.070288,0.07032,0.070281,0.070298,3299257.72238,,
2026-08-15 02:19:00+00:00,0.070298,0.070305,0.070238,0.070255,4753749.92145,,
2026-08-15 02:20:00+00:00,0.070255,0.070258,0.070225,0.070244,407868.11451,,
2026-08-15 02:21:00+00:00,0.070244,0.07026,0.070215,0.070245,116591.31421,,
2026-08-15 02:22:00+00:00,0.070245,0.070278,0.070216,0.070278,1198967.93576,,
2026-08-15 02:23:00+00:00,0.070278,0.07033,0.070272,0.07031,10755719.280138653,,
2026-08-15 02:24:00+00:00,0.07031,0.070315,0.070292,0.070312,2951499.03435,,
2026-08-15 02:25:00+00:00,0.070312,0.070338,0.070308,0.070326,70931.17877,,
2026-08-15 02:26:00+00:00,0.070326,0.070338,0.07031,0.070322,103678.17673,,
2026-08-15 02:27:00+00:00,0.070322,0.070322,0.070294,0.070301,948099.34501,,
2026-08-15 02:28:00+00:00,0.070301,0.070302,0.070262,0.07028,14446565.37318,,
2026-08-15 02:29:00+00:00,0.07028,0.070291,0.070268,0.070283,81751.75946,,
2026-08-15 02:30:00+00:00,0.070283,0.070305,0.070283,0.070301,371169.27562800446,,
2026-08-15 02:31:00+00:00,0.070301,0.070317,0.07028,0.070298,5550639.48289694,,
2026-08-15 02:32:00+00:00,0.070298,0.070308,0.070283,0.070297,8178596.59344,,
2026-08-15 02:33:00+00:00,0.070297,0.070326,0.070292,0.0703,5293768.52267,,
2026-08-15 02:34:00+00:00,0.0703,0.070301,0.070284,0.070285,3201009.49527,,
2026-08-15 02:35:00+00:00,0.070285,0.070298,0.070253,0.070253,6149467.61992,,
2026-08-15 02:36:00+00:00,0.070253,0.070272,0.070212,0.070221,122659.75036,,
2026-08-15 02:37:00+00:00,0.070221,0.07024,0.07021,0.070232,69254.07751,,
2026-08-15 02:38:00+00:00,0.070232,0.070299,0.070217,0.070237,5564569.75944,,
2026-08-15 02:39:00+00:00,0.070237,0.070243,0.0702,0.070243,7166610.04642,,
2026-08-15 02:40:00+00:00,0.070243,0.070247,0.070205,0.070247,5013186.87041,,
2026-08-15 02:41:00+00:00,0.070247,0.070297,0.070234,0.070267,528658.17796,,
2026-08-15 02:42:00+00:00,0.070267,0.070277,0.070224,0.070227,135419.41783,,
2026-08-15 02:43:00+00:00,0.070227,0.070258,0.070221,0.070221,167520.13858,,
2026-08-15 02:44:00+00:00,0.070221,0.070241,0.070207,0.070227,125563.14762,,
2026-08-15 02:45:00+00:00,0.070227,0.070227,0.070209,0.070224,48000.8292,,
2026-08-15 02:46:00+00:00,0.070224,0.070256,0.070219,0.070256,962014.19929,,
2026-08-15 02:47:00+00:00,0.070256,0.070268,0.070217,0.070268,110131.62350467977,,
2026-08-15 02:48:00+00:00,0.070268,0.070268,0.070213,0.070216,177442.71685,,
2026-08-15 02:49:00+00:00,0.070216,0.070251,0.070216,0.070233,115560.71654,,
2026-08-15 02:50:00+00:00,0.070233,0.07026,0.070212,0.070259,123327.94781,,
2026-08-15 02:51:00+00:00,0.070259,0.070308,0.070259,0.070288,4054742.1711670016,,
2026-08-15 02:52:00+00:00,0.070288,0.070308,0.070282,0.070284,7231064.69626,,
2026-08-15 02:53:00+00:00,0.070284,0.070304,0.070272,0.070304,4505345.029,,
2026-08-15 02:54:00+00:00,0.070304,0.070367,0.070292,0.070324,7784695.598969754,,
2026-08-15 02:55:00+00:00,0.070324,0.07035,0.0703,0.070337,139632.03027211,,
2026-08-15 02:56:00+00:00,0.070337,0.070351,0.070314,0.070328,92948.4949525788,,
2026-08-15 02:57:00+00:00,0.070328,0.070339,0.070321,0.070327,59648.00863,,
2026-08-15 02:58:00+00:00,0.070327,0.070328,0.070308,0.070321,44166.13632,,
2026-08-15 02:59:00+00:00,0.070321,0.07034,0.0703,0.070307,101427.12070409198,,
2026-08-15 03:00:00+00:00,0.070307,0.070346,0.070292,0.070302,3654210.61526,,
2026-08-15 03:01:00+00:00,0.070302,0.070309,0.070301,0.070307,38738.31491,,
2026-08-15 03:02:00+00:00,0.070307,0.070318,0.070298,0.070301,95853.79216,,
2026-08-15 03:03:00+00:00,0.070301,0.07032,0.07028,0.070319,110032.87503341284,,
2026-08-15 03:04:00+00:00,0.070319,0.070319,0.07028,0.070312,2944670.38936,,
2026-08-15 03:05:00+00:00,0.070312,0.070348,0.070299,0.070332,4915844.833432061,,
2026-08-15 03:06:00+00:00,0.070332,0.07036,0.07033,0.070358,101304.75628,,
2026-08-15 03:07:00+00:00,0.070358,0.07036,0.070315,0.070338,131845.09548,,
2026-08-15 03:08:00+00:00,0.070338,0.070351,0.070314,0.070332,135285.60267,,
2026-08-15 03:09:00+00:00,0.070332,0.07037,0.070317,0.07037,2614044.66514,,
2026-08-15 03:10:00+00:00,0.07037,0.070425,0.07037,0.070425,5020788.815037456,,
2026-08-15 03:11:00+00:00,0.070425,0.070425,0.070375,0.070399,184311.4344284546,,
2026-08-15 03:12:00+00:00,0.070399,0.070425,0.07039,0.070425,5961222.27292,,
2026-08-15 03:13:00+00:00,0.070425,0.070468,0.070417,0.070468,102494.4707184208,,
2026-08-15 03:14:00+00:00,0.070468,0.070468,0.070398,0.070421,4517597.949098353,,
2026-08-15 03:15:00+00:00,0.070421,0.070437,0.0704,0.070426,7838846.889601997,,
2026-08-15 03:16:00+00:00,0.070426,0.070464,0.070407,0.070464,655428.63473,,
2026-08-15 03:17:00+00:00,0.070464,0.070503,0.070464,0.070503,439254.2727661977,,
2026-08-15 03:18:00+00:00,0.070503,0.070506,0.07048,0.070502,1024473.6442741734,,
2026-08-15 03:19:00+00:00,0.070502,0.07051,0.070462,0.070462,6720521.26027,,
2026-08-15 03:20:00+00:00,0.070462,0.070475,0.070427,0.070435,173403.54854,,
2026-08-15 03:21:00+00:00,0.070435,0.070439,0.0704,0.070419,3022798.17422,,
2026-08-15 03:22:00+00:00,0.070419,0.070438,0.070402,0.070424,4565773.26765,,
2026-08-15 03:23:00+00:00,0.070424,0.070429,0.0704,0.070409,4435847.37844,,
2026-08-15 03:24:00+00:00,0.070409,0.070417,0.070392,0.070407,2922035.19434,,
2026-08-15 03:25:00+00:00,0.070407,0.070412,0.070384,0.0704,3787275.4065,,
2026-08-15 03:26:00+00:00,0.0704,0.070419,0.070373,0.070398,5371567.735474989,,
2026-08-15 03:27:00+00:00,0.070398,0.070402,0.070389,0.070401,63243.75588,,
2026-08-15 03:28:00+00:00,0.070401,0.070417,0.070392,0.070401,2949824.06283,,
2026-08-15 03:29:00+00:00,0.070401,0.070401,0.07039,0.070395,162840.03575,,
2026-08-15 03:30:00+00:00,0.070395,0.070395,0.070395,0.070395,0.0,,
2026-08-15 03:31:00+00:00,0.070395,0.070415,0.070392,0.070392,1483395.126842464,,
2026-08-15 03:32:00+00:00,0.070392,0.070417,0.070392,0.070399,1518723.641763004,,
2026-08-15 03:33:00+00:00,0.070399,0.07042,0.070367,0.070372,5395571.56481,,
2026-08-15 03:34:00+00:00,0.070372,0.070391,0.070332,0.070333,938007.69102,,
2026-08-15 03:35:00+00:00,0.070333,0.070333,0.070298,0.070298,4545105.229967202,,
2026-08-15 03:36:00+00:00,0.070298,0.07031,0.07028,0.070298,939542.89182,,
2026-08-15 03:37:00+00:00,0.070298,0.070338,0.070298,0.070308,4553052.4309,,
2026-08-15 03:38:00+00:00,0.070308,0.070308,0.070262,0.070284,4657946.03182,,
2026-08-15 03:39:00+00:00,0.070284,0.070325,0.070264,0.070302,8246222.54044,,
2026-08-15 03:40:00+00:00,0.070302,0.070328,0.070298,0.0703,4562124.33007,,
2026-08-15 03:41:00+00:00,0.0703,0.070308,0.07028,0.070296,999713.6084967516,,
2026-08-15 03:42:00+00:00,0.070296,0.070308,0.070273,0.070273,8964442.95518,,
2026-08-15 03:43:00+00:00,0.070273,0.070289,0.070244,0.070245,1336790.01868,,
2026-08-15 03:44:00+00:00,0.070245,0.070292,0.070244,0.070272,232283.93047,,
2026-08-15 03:45:00+00:00,0.070272,0.07029,0.070268,0.070273,51960.50518,,
2026-08-15 03:46:00+00:00,0.070273,0.070292,0.070271,0.070273,128252.34769,,
2026-08-15 03:47:00+00:00,0.070273,0.070292,0.070272,0.070285,26643.94487,,
2026-08-15 03:48:00+00:00,0.070285,0.070285,0.070285,0.070285,0.0,,
2026-08-15 03:49:00+00:00,0.070285,0.070291,0.070272,0.070272,70382.00271,,
2026-08-15 03:50:00+00:00,0.070272,0.070346,0.070272,0.070336,9223526.114986217,,
2026-08-15 03:51:00+00:00,0.070336,0.070339,0.07029,0.07029,968443.219342464,,
2026-08-15 03:52:00+00:00,0.07029,0.070302,0.07029,0.070301,141231.64707688993,,
2026-08-15 03:53:00+00:00,0.070301,0.070301,0.07029,0.070299,138675.20449,,
2026-08-15 03:54:00+00:00,0.070299,0.070302,0.07029,0.0703,132395.16934,,
2026-08-15 03:55:00+00:00,0.0703,0.070301,0.07029,0.070296,103547.89107,,
2026-08-15 03:56:00+00:00,0.070296,0.0703,0.07029,0.070297,110249.44041,,
2026-08-15 03:57:00+00:00,0.070297,0.070301,0.07029,0.0703,104452.00088,,
2026-08-15 03:58:00+00:00,0.0703,0.070308,0.070282,0.070298,4112499.7986,,
2026-08-15 03:59:00+00:00,0.070298,0.070308,0.070254,0.070299,6641796.5918,,
2026-08-15 04:00:00+00:00,0.070299,0.070328,0.070284,0.070317,11638672.64345,,
2026-08-15 04:01:00+00:00,0.070317,0.07033,0.070292,0.07033,8806678.4532,,
2026-08-15 04:02:00+00:00,0.07033,0.070349,0.07032,0.070344,98247.75243,,
2026-08-15 04:03:00+00:00,0.070344,0.070361,0.070318,0.070347,161296.17347,,
2026-08-15 04:04:00+00:00,0.070347,0.070351,0.070301,0.070302,126597.83643,,
2026-08-15 04:05:00+00:00,0.070302,0.070317,0.070297,0.070297,1463997.26214,,
2026-08-15 04:06:00+00:00,0.070297,0.07031,0.070297,0.070298,132968.42518,,
2026-08-15 04:07:00+00:00,0.070298,0.070318,0.070294,0.070297,2489229.75522,,
2026-08-15 04:08:00+00:00,0.070297,0.070301,0.070297,0.070298,67743.01146,,
2026-08-15 04:09:00+00:00,0.070298,0.070298,0.070298,0.070298,0.0,,
2026-08-15 04:10:00+00:00,0.070298,0.0703,0.070265,0.070283,3252416.985088427,,
2026-08-15 04:11:00+00:00,0.070283,0.0703,0.07024,0.070273,257758.13458612328,,
2026-08-15 04:12:00+00:00,0.070273,0.0703,0.070257,0.070297,126402.49592,,
2026-08-15 04:13:00+00:00,0.070297,0.070303,0.070292,0.070303,28314.11752,,
2026-08-15 04:14:00+00:00,0.070303,0.07032,0.070292,0.070314,1477534.77161,,
2026-08-15 04:15:00+00:00,0.070314,0.070318,0.070292,0.070308,4395190.71553,,
2026-08-15 04:16:00+00:00,0.070308,0.070336,0.070292,0.070336,3272972.48336,,
2026-08-15 04:17:00+00:00,0.070336,0.070347,0.070311,0.070336,127722.24712,,
2026-08-15 04:18:00+00:00,0.070336,0.070373,0.070334,0.070373,432347.01662,,
2026-08-15 04:19:00+00:00,0.070373,0.070408,0.070373,0.070398,1554201.32888,,
2026-08-15 04:20:00+00:00,0.070398,0.070408,0.070382,0.070398,7521947.03767,,
2026-08-15 04:21:00+00:00,0.070398,0.070419,0.070392,0.070401,1544241.31694,,
2026-08-15 04:22:00+00:00,0.070401,0.070413,0.07039,0.070397,1037551.3046701282,,
2026-08-15 04:23:00+00:00,0.070397,0.070402,0.07039,0.070398,221252.5473403024,,
2026-08-15 04:24:00+00:00,0.070398,0.070402,0.070386,0.070389,93163.26773408709,,
2026-08-15 04:25:00+00:00,0.070389,0.070408,0.070384,0.070402,1520887.4395916755,,
2026-08-15 04:26:00+00:00,0.070402,0.070408,0.070382,0.070401,6393564.33694,,
2026-08-15 04:27:00+00:00,0.070401,0.070409,0.070399,0.070402,54275.1163,,
2026-08-15 04:28:00+00:00,0.070402,0.07042,0.070398,0.07042,58034.16961,,
2026-08-15 04:29:00+00:00,0.07042,0.07042,0.070372,0.070375,4574933.93146,,
2026-08-15 04:30:00+00:00,0.070375,0.070376,0.070351,0.070372,710169.03007,,
2026-08-15 04:31:00+00:00,0.070372,0.070372,0.070329,0.070329,45371.35264,,
2026-08-15 04:32:00+00:00,0.070329,0.070331,0.070329,0.070331,16924.94579,,
2026-08-15 04:33:00+00:00,0.070331,0.070353,0.070331,0.070344,90440.40211,,
2026-08-15 04:34:00+00:00,0.070344,0.070344,0.070341,0.070341,70189.47649,,
2026-08-15 04:35:00+00:00,0.070341,0.070378,0.070338,0.070373,83736.83139,,
2026-08-15 04:36:00+00:00,0.070373,0.070392,0.070341,0.070342,161323.99914,,
2026-08-15 04:37:00+00:00,0.070342,0.070342,0.070327,0.070327,76243.5694,,
2026-08-15 04:38:00+00:00,0.070327,0.070358,0.070309,0.070317,165396.37637,,
2026-08-15 04:39:00+00:00,0.070317,0.070361,0.070317,0.070358,75775.02174,,
2026-08-15 04:40:00+00:00,0.070358,0.070372,0.070358,0.070368,115383.1417,,
2026-08-15 04:41:00+00:00,0.070368,0.070371,0.070368,0.070371,18651.88561,,
2026-08-15 04:42:00+00:00,0.070371,0.070372,0.070366,0.07037,87506.14068,,
2026-08-15 04:43:00+00:00,0.07037,0.07037,0.07037,0.07037,0.0,,
2026-08-15 04:44:00+00:00,0.07037,0.07037,0.07037,0.07037,0.0,,
2026-08-15 04:45:00+00:00,0.07037,0.07037,0.07034,0.070347,27831.4796,,
2026-08-15 04:46:00+00:00,0.070347,0.070349,0.07032,0.070331,113446.55359,,
2026-08-15 04:47:00+00:00,0.070331,0.070331,0.07028,0.070288,5360191.497058565,,
2026-08-15 04:48:00+00:00,0.070288,0.07031,0.070288,0.070298,2956987.83185,,
2026-08-15 04:49:00+00:00,0.070298,0.070298,0.070298,0.070298,0.0,,
2026-08-15 04:50:00+00:00,0.070298,0.070301,0.07029,0.070296,92902.25091,,
2026-08-15 04:51:00+00:00,0.070296,0.070311,0.07028,0.070301,146806.3776689607,,
2026-08-15 04:52:00+00:00,0.070301,0.070301,0.070274,0.070274,7619346.65538,,
2026-08-15 04:53:00+00:00,0.070274,0.0703,0.070225,0.0703,663463.67861,,
2026-08-15 04:54:00+00:00,0.0703,0.07031,0.070288,0.070306,1837823.4347,,
2026-08-15 04:55:00+00:00,0.070306,0.070306,0.070298,0.070302,104936.94136,,
2026-08-15 04:56:00+00:00,0.070302,0.070328,0.070287,0.070298,6044865.78987,,
2026-08-15 04:57:00+00:00,0.070298,0.070305,0.07029,0.0703,153587.7607,,
2026-08-15 04:58:00+00:00,0.0703,0.0703,0.07029,0.07029,110054.24887,,
2026-08-15 04:59:00+00:00,0.07029,0.070302,0.07029,0.070302,163994.7662,,
2026-08-15 05:00:00+00:00,0.070302,0.070302,0.07029,0.070296,216534.62479,,
2026-08-15 05:01:00+00:00,0.070296,0.070302,0.07029,0.070291,113237.77713,,
2026-08-15 05:02:00+00:00,0.070291,0.07031,0.070288,0.070298,115240.82233,,
2026-08-15 05:03:00+00:00,0.070298,0.070312,0.070293,0.070296,2395823.33618,,
2026-08-15 05:04:00+00:00,0.070296,0.070301,0.07029,0.070296,174561.18047,,
2026-08-15 05:05:00+00:00,0.070296,0.07031,0.070284,0.0703,5555477.93774,,
2026-08-15 05:06:00+00:00,0.0703,0.0703,0.070296,0.070299,14291.905910784944,,
2026-08-15 05:07:00+00:00,0.070299,0.070356,0.070299,0.070356,4015173.99723,,
2026-08-15 05:08:00+00:00,0.070356,0.0704,0.070333,0.070333,10930497.31044,,
2026-08-15 05:09:00+00:00,0.070333,0.070338,0.070292,0.070337,9389026.37923,,
2026-08-15 05:10:00+00:00,0.070337,0.070342,0.070298,0.070299,108197.47017,,
2026-08-15 05:11:00+00:00,0.070299,0.070301,0.070299,0.070301,9355.26787,,
2026-08-15 05:12:00+00:00,0.070301,0.070312,0.070298,0.070298,111234.18537,,
2026-08-15 05:13:00+00:00,0.070298,0.07031,0.07029,0.070302,218748.82957,,
2026-08-15 05:14:00+00:00,0.070302,0.070308,0.070283,0.070298,5847428.67641,,
2026-08-15 05:15:00+00:00,0.070298,0.070308,0.070282,0.070288,11028048.53237,,
2026-08-15 05:16:00+00:00,0.070288,0.070308,0.070261,0.070265,14137030.06764,,
2026-08-15 05:17:00+00:00,0.070265,0.070278,0.07024,0.07024,93696.093,,
2026-08-15 05:18:00+00:00,0.07024,0.07024,0.07024,0.07024,0.0,,
2026-08-15 05:19:00+00:00,0.07024,0.070244,0.070237,0.070244,66110.15981,,
2026-08-15 05:20:00+00:00,0.070244,0.070244,0.070244,0.070244,0.0,,
2026-08-15 05:21:00+00:00,0.070244,0.070267,0.070231,0.070231,143914.52145,,
2026-08-15 05:22:00+00:00,0.070231,0.070263,0.070224,0.070225,348218.55368,,
2026-08-15 05:23:00+00:00,0.070225,0.070225,0.070192,0.070192,995840.45206,,
2026-08-15 05:24:00+00:00,0.070192,0.070218,0.070191,0.070191,162480.49226,,
2026-08-15 05:25:00+00:00,0.070191,0.070217,0.070184,0.070199,3549614.14323,,
2026-08-15 05:26:00+00:00,0.070199,0.070219,0.070192,0.070198,4376281.01844,,
2026-08-15 05:27:00+00:00,0.070198,0.070218,0.070192,0.070192,1511126.73249,,
2026-08-15 05:28:00+00:00,0.070192,0.070234,0.070192,0.070217,1538000.09816,,
2026-08-15 05:29:00+00:00,0.070217,0.070218,0.070151,0.070172,18013774.71124,,
2026-08-15 05:30:00+00:00,0.070172,0.070198,0.070169,0.070174,4529603.41449,,
2026-08-15 05:31:00+00:00,0.070174,0.070191,0.070162,0.070187,135975.28755,,
2026-08-15 05:32:00+00:00,0.070187,0.070189,0.070157,0.07017,126308.1913,,
2026-08-15 05:33:00+00:00,0.07017,0.070201,0.070159,0.070201,52569.86909,,
2026-08-15 05:34:00+00:00,0.070201,0.070202,0.070189,0.070191,130021.7112417823,,
2026-08-15 05:35:00+00:00,0.070191,0.070191,0.070134,0.070134,8730390.994885443,,
2026-08-15 05:36:00+00:00,0.070134,0.07014,0.070127,0.070131,125395.59823,,
2026-08-15 05:37:00+00:00,0.070131,0.070164,0.07007,0.07007,2975792.8655250496,,
2026-08-15 05:38:00+00:00,0.07007,0.0701,0.070045,0.070056,3936418.16213513,,
2026-08-15 05:39:00+00:00,0.070056,0.070077,0.070017,0.070034,309127.12412727607,,
2026-08-15 05:40:00+00:00,0.070034,0.070066,0.069992,0.070018,9228120.51446,,
2026-08-15 05:41:00+00:00,0.070018,0.070039,0.070001,0.070027,5097111.4534,,
2026-08-15 05:42:00+00:00,0.070027,0.070027,0.069998,0.069998,2109615.56246,,
2026-08-15 05:43:00+00:00,0.069998,0.070017,0.069992,0.070013,2981894.04844,,
2026-08-15 05:44:00+00:00,0.070013,0.07016,0.069989,0.070128,14266069.18369,,
2026-08-15 05:45:00+00:00,0.070128,0.070207,0.070128,0.070184,9266880.58825,,
2026-08-15 05:46:00+00:00,0.070184,0.070191,0.070168,0.070172,189626.39724,,
2026-08-15 05:47:00+00:00,0.070172,0.070182,0.070149,0.070172,398212.56438,,
2026-08-15 05:48:00+00:00,0.070172,0.070172,0.070127,0.070141,154214.37117,,
2026-08-15 05:49:00+00:00,0.070141,0.070161,0.070112,0.070121,139651.06926,,
2026-08-15 05:50:00+00:00,0.070121,0.07016,0.070092,0.070098,3616542.00529,,
2026-08-15 05:51:00+00:00,0.070098,0.070113,0.070092,0.070112,2986446.363,,
2026-08-15 05:52:00+00:00,0.070112,0.070119,0.070073,0.070085,11946086.9237,,
2026-08-15 05:53:00+00:00,0.070085,0.070119,0.070085,0.070098,1555725.4869,,
2026-08-15 05:54:00+00:00,0.070098,0.070118,0.070092,0.070112,6094655.14603,,
2026-08-15 05:55:00+00:00,0.070112,0.070117,0.070074,0.070085,7403318.61711,,
2026-08-15 05:56:00+00:00,0.070085,0.0701,0.070066,0.070066,8436982.30253,,
2026-08-15 05:57:00+00:00,0.070066,0.070108,0.070059,0.070103,2133194.80541,,
2026-08-15 05:58:00+00:00,0.070103,0.07011,0.07009,0.070101,81164.79999,,
2026-08-15 05:59:00+00:00,0.070101,0.070105,0.070099,0.0701,94425.6557,,
2026-08-15 06:00:00+00:00,0.0701,0.070106,0.07009,0.070106,910786.18012,,
2026-08-15 06:01:00+00:00,0.070106,0.07011,0.07009,0.070106,397173.87439,,
2026-08-15 06:02:00+00:00,0.070106,0.070108,0.070098,0.070101,140651.08326,,
2026-08-15 06:03:00+00:00,0.070101,0.07011,0.070099,0.070101,96984.93126226126,,
2026-08-15 06:04:00+00:00,0.070101,0.070101,0.070098,0.070098,19907.43057,,
2026-08-15 06:05:00+00:00,0.070098,0.070099,0.070062,0.070062,161248.3982,,
2026-08-15 06:06:00+00:00,0.070062,0.0701,0.070062,0.070073,3720963.83859,,
2026-08-15 06:07:00+00:00,0.070073,0.07009,0.070073,0.070073,27986.10213,,
2026-08-15 06:08:00+00:00,0.070073,0.070093,0.070069,0.070075,181386.79906,,
2026-08-15 06:09:00+00:00,0.070075,0.070092,0.070069,0.070086,144322.75541,,
2026-08-15 06:10:00+00:00,0.070086,0.070092,0.070068,0.070086,133729.66164,,
2026-08-15 06:11:00+00:00,0.070086,0.070093,0.070063,0.070081,376550.29163,,
2026-08-15 06:12:00+00:00,0.070081,0.070081,0.070029,0.070031,436752.22749,,
2026-08-15 06:13:00+00:00,0.070031,0.070077,0.070028,0.070073,163003.78628,,
2026-08-15 06:14:00+00:00,0.070073,0.070077,0.06999,0.070002,2646397.80955,,
2026-08-15 06:15:00+00:00,0.070002,0.070062,0.070002,0.070055,5049187.634414222,,
2026-08-15 06:16:00+00:00,0.070055,0.07006,0.070015,0.070045,158321.3931,,
2026-08-15 06:17:00+00:00,0.070045,0.070061,0.070018,0.070029,130117.12058,,
2026-08-15 06:18:00+00:00,0.070029,0.070056,0.070017,0.070048,138172.86324,,
2026-08-15 06:19:00+00:00,0.070048,0.07006,0.070017,0.070055,171765.04909,,
2026-08-15 06:20:00+00:00,0.070055,0.07006,0.070015,0.070041,93696.82448,,
2026-08-15 06:21:00+00:00,0.070041,0.07006,0.070017,0.070047,208307.62383,,
2026-08-15 06:22:00+00:00,0.070047,0.070063,0.070018,0.070058,91536.96018,,
2026-08-15 06:23:00+00:00,0.070058,0.070065,0.070056,0.070061,106000.77355,,
2026-08-15 06:24:00+00:00,0.070061,0.070063,0.070024,0.07003,181139.12429,,
2026-08-15 06:25:00+00:00,0.07003,0.070063,0.070012,0.070063,178078.56002576527,,
2026-08-15 06:26:00+00:00,0.070063,0.070063,0.069999,0.070023,198131.39780268335,,
2026-08-15 06:27:00+00:00,0.070023,0.07006,0.070011,0.070056,163917.47362,,
2026-08-15 06:28:00+00:00,0.070056,0.070066,0.070008,0.070009,159183.87692,,
2026-08-15 06:29:00+00:00,0.070009,0.070051,0.070009,0.070046,153613.21217,,
2026-08-15 06:30:00+00:00,0.070046,0.070077,0.069992,0.069992,58219.74865521755,,
2026-08-15 06:31:00+00:00,0.069992,0.070076,0.069992,0.07007,109002.68837576528,,
2026-08-15 06:32:00+00:00,0.07007,0.07009,0.07006,0.07009,78741.87157791825,,
2026-08-15 06:33:00+00:00,0.07009,0.070108,0.070067,0.070088,12213552.30138,,
2026-08-15 06:34:00+00:00,0.070088,0.070108,0.07008,0.070088,6747384.0149157345,,
2026-08-15 06:35:00+00:00,0.070088,0.070108,0.070069,0.070074,6262632.35809,,
2026-08-15 06:36:00+00:00,0.070074,0.070086,0.070035,0.070041,757712.20457,,
2026-08-15 06:37:00+00:00,0.070041,0.070045,0.070039,0.07004,115707.6571383122,,
2026-08-15 06:38:00+00:00,0.07004,0.0701,0.070038,0.070039,168757.99727447782,,
2026-08-15 06:39:00+00:00,0.070039,0.070088,0.070039,0.070065,113931.51866,,
2026-08-15 06:40:00+00:00,0.070065,0.070088,0.070041,0.070042,907188.30575,,
2026-08-15 06:41:00+00:00,0.070042,0.070091,0.070042,0.070091,147281.63484,,
2026-08-15 06:42:00+00:00,0.070091,0.070109,0.07007,0.070088,5019891.26275,,
2026-08-15 06:43:00+00:00,0.070088,0.070108,0.070082,0.070098,4745633.00342,,
2026-08-15 06:44:00+00:00,0.070098,0.070108,0.070061,0.070065,8164063.39554,,
2026-08-15 06:45:00+00:00,0.070065,0.070076,0.070039,0.070043,436783.00532,,
2026-08-15 06:46:00+00:00,0.070043,0.070045,0.070037,0.070043,96678.13573189752,,
2026-08-15 06:47:00+00:00,0.070043,0.0701,0.070039,0.070053,84600.46915,,
2026-08-15 06:48:00+00:00,0.070053,0.07008,0.070053,0.070062,129974.02732,,
2026-08-15 06:49:00+00:00,0.070062,0.0701,0.070062,0.070091,116031.55226,,
2026-08-15 06:50:00+00:00,0.070091,0.070102,0.070091,0.070102,82588.9048048009,,
2026-08-15 06:51:00+00:00,0.070102,0.07011,0.070091,0.070101,94100.6328,,
2026-08-15 06:52:00+00:00,0.070101,0.070151,0.070087,0.070143,5412144.42588,,
2026-08-15 06:53:00+00:00,0.070143,0.070158,0.070143,0.070155,124569.58958,,
2026-08-15 06:54:00+00:00,0.070155,0.070159,0.070151,0.070151,117744.04472,,
2026-08-15 06:55:00+00:00,0.070151,0.070176,0.070151,0.070169,165636.8283,,
2026-08-15 06:56:00+00:00,0.070169,0.07017,0.070167,0.070167,83038.52014,,
2026-08-15 06:57:00+00:00,0.070167,0.070171,0.070114,0.070144,114520.74302,,
2026-08-15 06:58:00+00:00,0.070144,0.070151,0.070113,0.070131,115733.20404,,
2026-08-15 06:59:00+00:00,0.070131,0.070145,0.070113,0.070135,111301.2741,,
2026-08-15 07:00:00+00:00,0.070135,0.070151,0.070101,0.070101,143802.79846,,
2026-08-15 07:01:00+00:00,0.070101,0.07013,0.070101,0.070121,7499158.88242,,
2026-08-15 07:02:00+00:00,0.070121,0.070124,0.070121,0.070121,34895.58563,,
2026-08-15 07:03:00+00:00,0.070121,0.07016,0.070107,0.070127,653751.6691790846,,
2026-08-15 07:04:00+00:00,0.070127,0.070127,0.070092,0.070117,405607.64118,,
2026-08-15 07:05:00+00:00,0.070117,0.070137,0.0701,0.070121,7834455.7392,,
2026-08-15 07:06:00+00:00,0.070121,0.07014,0.07011,0.070125,97308.70868,,
2026-08-15 07:07:00+00:00,0.070125,0.070129,0.070092,0.070113,3230174.03446,,
2026-08-15 07:08:00+00:00,0.070113,0.070113,0.070098,0.070099,116998.62143,,
2026-08-15 07:09:00+00:00,0.070099,0.070101,0.07009,0.070101,93371.21427,,
2026-08-15 07:10:00+00:00,0.070101,0.070136,0.0701,0.0701,4538611.39331,,
2026-08-15 07:11:00+00:00,0.0701,0.070101,0.0701,0.070101,94624.58488,,
2026-08-15 07:12:00+00:00,0.070101,0.070125,0.07006,0.070065,7097822.19792,,
2026-08-15 07:13:00+00:00,0.070065,0.070107,0.070065,0.070101,1635971.80954,,
2026-08-15 07:14:00+00:00,0.070101,0.07011,0.070084,0.070102,1538428.23138,,
2026-08-15 07:15:00+00:00,0.070102,0.070106,0.070083,0.070083,3814105.04347,,
2026-08-15 07:16:00+00:00,0.070083,0.070108,0.070071,0.070072,8102281.69768,,
2026-08-15 07:17:00+00:00,0.070072,0.07009,0.070063,0.070065,114610.39958,,
2026-08-15 07:18:00+00:00,0.070065,0.070088,0.070063,0.070088,66910.51763,,
2026-08-15 07:19:00+00:00,0.070088,0.070088,0.070088,0.070088,0.0,,
2026-08-15 07:20:00+00:00,0.070088,0.07009,0.070063,0.070063,57744.38662,,
2026-08-15 07:21:00+00:00,0.070063,0.070088,0.070048,0.070054,240920.73342,,
2026-08-15 07:22:00+00:00,0.070054,0.070073,0.070028,0.070029,239664.16754,,
2026-08-15 07:23:00+00:00,0.070029,0.070043,0.070029,0.070041,167596.45519,,
2026-08-15 07:24:00+00:00,0.070041,0.070076,0.070037,0.070041,167317.28899,,
2026-08-15 07:25:00+00:00,0.070041,0.070084,0.070039,0.070061,153403.41054,,
2026-08-15 07:26:00+00:00,0.070061,0.07009,0.070061,0.070061,74963.02088,,
2026-08-15 07:27:00+00:00,0.070061,0.070077,0.070051,0.070077,127206.29282,,
2026-08-15 07:28:00+00:00,0.070077,0.070077,0.070042,0.070042,118024.62551,,
2026-08-15 07:29:00+00:00,0.070042,0.070077,0.070037,0.070045,140801.67812,,
2026-08-15 07:30:00+00:00,0.070045,0.070076,0.070037,0.070071,149484.05209063363,,
2026-08-15 07:31:00+00:00,0.070071,0.0701,0.070053,0.070055,135371.11887063365,,
2026-08-15 07:32:00+00:00,0.070055,0.070077,0.070048,0.070054,99738.97437,,
2026-08-15 07:33:00+00:00,0.070054,0.070077,0.070027,0.07003,457190.92112,,
2026-08-15 07:34:00+00:00,0.07003,0.070035,0.069995,0.069998,4734874.948691918,,
2026-08-15 07:35:00+00:00,0.069998,0.070021,0.069997,0.070021,6238631.79798,,
2026-08-15 07:36:00+00:00,0.070021,0.070058,0.070009,0.070009,122527.94952,,
2026-08-15 07:37:00+00:00,0.070009,0.070018,0.069998,0.070008,4389641.84351,,
2026-08-15 07:38:00+00:00,0.070008,0.070017,0.06999,0.070003,1517278.9295262154,,
2026-08-15 07:39:00+00:00,0.070003,0.070026,0.070001,0.070026,1190835.23431,,
2026-08-15 07:40:00+00:00,0.070026,0.070026,0.070026,0.070026,0.0,,
2026-08-15 07:41:00+00:00,0.070026,0.070028,0.070008,0.070027,65626.92061,,
2026-08-15 07:42:00+00:00,0.070027,0.070045,0.070015,0.070026,91336.04063,,
2026-08-15 07:43:00+00:00,0.070026,0.070026,0.070023,0.070023,8866.0,,
2026-08-15 07:44:00+00:00,0.070023,0.070038,0.069992,0.070028,9445276.3583,,
2026-08-15 07:45:00+00:00,0.070028,0.070028,0.069997,0.070004,1823173.53615,,
2026-08-15 07:46:00+00:00,0.070004,0.070005,0.069998,0.069998,51533.44023,,
2026-08-15 07:47:00+00:00,0.069998,0.070008,0.069998,0.070002,107074.9271,,
2026-08-15 07:48:00+00:00,0.070002,0.07001,0.069998,0.070008,84761.29052,,
2026-08-15 07:49:00+00:00,0.070008,0.070008,0.069998,0.070002,61204.76057,,
2026-08-15 07:50:00+00:00,0.070002,0.070018,0.069997,0.070005,2925995.8707,,
2026-08-15 07:51:00+00:00,0.070005,0.070037,0.070002,0.070036,4508244.05083,,
2026-08-15 07:52:00+00:00,0.070036,0.070036,0.070021,0.070021,39596.80519,,
2026-08-15 07:53:00+00:00,0.070021,0.07004,0.07001,0.070038,139242.51759,,
2026-08-15 07:54:00+00:00,0.070038,0.070046,0.069999,0.069999,86108.60843,,
2026-08-15 07:55:00+00:00,0.069999,0.070037,0.069999,0.070029,11683992.35283,,
2026-08-15 07:56:00+00:00,0.070029,0.07004,0.07,0.070008,18449026.06671,,
2026-08-15 07:57:00+00:00,0.070008,0.070027,0.07,0.070027,7433942.17193,,
2026-08-15 07:58:00+00:00,0.070027,0.070037,0.07,0.070009,1558209.83279,,
2026-08-15 07:59:00+00:00,0.070009,0.070026,0.069997,0.070026,8310894.687313639,,
2026-08-15 08:00:00+00:00,0.070026,0.070056,0.070008,0.070047,204650.59153,,
2026-08-15 08:01:00+00:00,0.070047,0.070047,0.07,0.070022,7284472.35075,,
2026-08-15 08:02:00+00:00,0.070022,0.070025,0.069998,0.070011,83332.95937,,
2026-08-15 08:03:00+00:00,0.070011,0.070017,0.07,0.070009,1556878.33032,,
2026-08-15 08:04:00+00:00,0.070009,0.070048,0.070008,0.070045,5179172.39956,,
2026-08-15 08:05:00+00:00,0.070045,0.070057,0.070016,0.070019,155369.56991,,
2026-08-15 08:06:00+00:00,0.070019,0.070057,0.070015,0.070057,122269.15593,,
2026-08-15 08:07:00+00:00,0.070057,0.070077,0.070057,0.070066,34266.68521,,
2026-08-15 08:08:00+00:00,0.070066,0.070075,0.070048,0.070075,150117.6258,,
2026-08-15 08:09:00+00:00,0.070075,0.070075,0.070034,0.070039,65173.87807,,
2026-08-15 08:10:00+00:00,0.070039,0.070066,0.07,0.07,3372367.48794,,
2026-08-15 08:11:00+00:00,0.07,0.070018,0.07,0.070001,4398629.59087,,
2026-08-15 08:12:00+00:00,0.070001,0.070019,0.07,0.07001,4432738.03882,,
2026-08-15 08:13:00+00:00,0.07001,0.070019,0.07,0.070003,2975513.43608,,
2026-08-15 08:14:00+00:00,0.070003,0.070018,0.07,0.070017,4408517.18311,,
2026-08-15 08:15:00+00:00,0.070017,0.070018,0.069999,0.070009,1567302.12422,,
2026-08-15 08:16:00+00:00,0.070009,0.070013,0.069998,0.069999,115318.0973,,
2026-08-15 08:17:00+00:00,0.069999,0.070002,0.069998,0.069998,114469.35145,,
2026-08-15 08:18:00+00:00,0.069998,0.070002,0.069998,0.070002,35434.9287,,
2026-08-15 08:19:00+00:00,0.070002,0.070047,0.070002,0.070032,8010006.02329,,
2026-08-15 08:20:00+00:00,0.070032,0.070032,0.069994,0.070009,1864508.5992793664,,
2026-08-15 08:21:00+00:00,0.070009,0.070009,0.069997,0.069998,143165.15217,,
2026-08-15 08:22:00+00:00,0.069998,0.070036,0.069998,0.070036,1525656.27265,,
2026-08-15 08:23:00+00:00,0.070036,0.070047,0.070016,0.070038,102907.62821,,
2026-08-15 08:24:00+00:00,0.070038,0.070038,0.070017,0.070017,48966.98289,,
2026-08-15 08:25:00+00:00,0.070017,0.070048,0.070017,0.070034,115121.99464,,
2026-08-15 08:26:00+00:00,0.070034,0.070067,0.069998,0.069998,2708091.97437,,
2026-08-15 08:27:00+00:00,0.069998,0.069998,0.069998,0.069998,30650.85931,,
2026-08-15 08:28:00+00:00,0.069998,0.069998,0.069998,0.069998,0.0,,
2026-08-15 08:29:00+00:00,0.069998,0.070017,0.069998,0.070017,2912368.8558,,
2026-08-15 08:30:00+00:00,0.070017,0.070017,0.07,0.070003,2928843.4559,,
2026-08-15 08:31:00+00:00,0.070003,0.070013,0.07,0.070013,1506109.8978234108,,
2026-08-15 08:32:00+00:00,0.070013,0.070018,0.07,0.070005,4454107.28713,,
2026-08-15 08:33:00+00:00,0.070005,0.07002,0.069998,0.069998,129130.36711,,
2026-08-15 08:34:00+00:00,0.069998,0.069999,0.069892,0.069959,5793047.75901665,,
2026-08-15 08:35:00+00:00,0.069959,0.069959,0.069899,0.069949,147954.93659521753,,
2026-08-15 08:36:00+00:00,0.069949,0.069959,0.069907,0.069947,4354241.4346,,
2026-08-15 08:37:00+00:00,0.069947,0.069961,0.069929,0.06994,101345.79798,,
2026-08-15 08:38:00+00:00,0.06994,0.06996,0.06994,0.069959,84812.29575,,
2026-08-15 08:39:00+00:00,0.069959,0.069961,0.069956,0.069959,64765.24176,,
2026-08-15 08:40:00+00:00,0.069959,0.06996,0.069914,0.069922,180974.888,,
2026-08-15 08:41:00+00:00,0.069922,0.06996,0.069917,0.069955,278571.88868,,
2026-08-15 08:42:00+00:00,0.069955,0.069961,0.06992,0.069961,69286.117,,
2026-08-15 08:43:00+00:00,0.069961,0.069966,0.069921,0.069945,161700.43773,,
2026-08-15 08:44:00+00:00,0.069945,0.069959,0.069922,0.069928,126261.12112,,
2026-08-15 08:45:00+00:00,0.069928,0.069951,0.069928,0.069945,119953.27292,,
2026-08-15 08:46:00+00:00,0.069945,0.069949,0.06993,0.069945,103613.76456,,
2026-08-15 08:47:00+00:00,0.069945,0.069959,0.069927,0.069947,167950.22589,,
2026-08-15 08:48:00+00:00,0.069947,0.069972,0.069927,0.069967,2941579.33502,,
2026-08-15 08:49:00+00:00,0.069967,0.070005,0.069959,0.069965,3224917.11024,,
2026-08-15 08:50:00+00:00,0.069965,0.069987,0.069963,0.069971,147228.71199,,
2026-08-15 08:51:00+00:00,0.069971,0.069992,0.069953,0.069992,149399.26002,,
2026-08-15 08:52:00+00:00,0.069992,0.069992,0.069972,0.069972,19382.91711,,
2026-08-15 08:53:00+00:00,0.069972,0.06999,0.069951,0.069951,1055849.38455,,
2026-08-15 08:54:00+00:00,0.069951,0.069976,0.069901,0.069905,5608497.568554726,,
2026-08-15 08:55:00+00:00,0.069905,0.069918,0.0699,0.069908,10471354.89836,,
2026-08-15 08:56:00+00:00,0.069908,0.069919,0.069898,0.069918,7290269.62579,,
2026-08-15 08:57:00+00:00,0.069918,0.069939,0.069909,0.069938,120131.89048,,
2026-08-15 08:58:00+00:00,0.069938,0.069951,0.069898,0.069919,115475.11586739308,,
2026-08-15 08:59:00+00:00,0.069919,0.069935,0.069898,0.069905,5866798.79598,,
2026-08-15 09:00:00+00:00,0.069905,0.069937,0.06989,0.069897,6286484.946610211,,
2026-08-15 09:01:00+00:00,0.069897,0.0699,0.069882,0.069896,1567930.728622259,,
2026-08-15 09:02:00+00:00,0.069896,0.069908,0.069882,0.069888,8788596.811818045,,
2026-08-15 09:03:00+00:00,0.069888,0.069908,0.069883,0.069883,9643035.42389,,
2026-08-15 09:04:00+00:00,0.069883,0.069908,0.069855,0.069877,5805144.627287231,,
2026-08-15 09:05:00+00:00,0.069877,0.069908,0.069875,0.069888,7409794.43497,,
2026-08-15 09:06:00+00:00,0.069888,0.069908,0.069882,0.069898,7897216.52034,,
2026-08-15 09:07:00+00:00,0.069898,0.069917,0.069882,0.069902,5558891.86543,,
2026-08-15 09:08:00+00:00,0.069902,0.06992,0.069901,0.069913,8172513.2556,,
2026-08-15 09:09:00+00:00,0.069913,0.06994,0.069909,0.069919,83037.2866,,
2026-08-15 09:10:00+00:00,0.069919,0.069949,0.069919,0.069928,80984.66481,,
2026-08-15 09:11:00+00:00,0.069928,0.069959,0.069923,0.069927,152574.94792,,
2026-08-15 09:12:00+00:00,0.069927,0.06996,0.069918,0.069943,105684.85013,,
2026-08-15 09:13:00+00:00,0.069943,0.06996,0.069943,0.06996,18210.74954,,
2026-08-15 09:14:00+00:00,0.06996,0.069961,0.069945,0.069956,2355407.66018,,
2026-08-15 09:15:00+00:00,0.069956,0.06996,0.069918,0.069924,152714.17985,,
2026-08-15 09:16:00+00:00,0.069924,0.069924,0.069918,0.069918,10560.95557,,
2026-08-15 09:17:00+00:00,0.069918,0.069966,0.069914,0.069957,210632.3582,,
2026-08-15 09:18:00+00:00,0.069957,0.069993,0.069956,0.069993,3489773.87562,,
2026-08-15 09:19:00+00:00,0.069993,0.070005,0.06997,0.069999,2195962.52702,,
2026-08-15 09:20:00+00:00,0.069999,0.07,0.069985,0.069991,3305155.52348,,
2026-08-15 09:21:00+00:00,0.069991,0.070002,0.069991,0.070002,122504.302,,
2026-08-15 09:22:00+00:00,0.070002,0.070008,0.069982,0.069984,9047661.46572,,
2026-08-15 09:23:00+00:00,0.069984,0.070008,0.069983,0.069983,10208612.54893,,
2026-08-15 09:24:00+00:00,0.069983,0.070009,0.069974,0.069974,12976932.77987,,
2026-08-15 09:25:00+00:00,0.069974,0.06999,0.069972,0.06998,110336.87069,,
2026-08-15 09:26:00+00:00,0.06998,0.07,0.06998,0.069999,3251663.72553,,
2026-08-15 09:27:00+00:00,0.069999,0.07,0.069999,0.069999,112756.26236,,
2026-08-15 09:28:00+00:00,0.069999,0.07,0.069999,0.069999,116084.77421,,
2026-08-15 09:29:00+00:00,0.069999,0.070008,0.069983,0.069983,17925766.74606,,
2026-08-15 09:30:00+00:00,0.069983,0.07,0.069982,0.069998,3620781.95243,,
2026-08-15 09:31:00+00:00,0.069998,0.070001,0.069974,0.069998,11368713.24114,,
2026-08-15 09:32:00+00:00,0.069998,0.070001,0.06999,0.069999,220613.94999,,
2026-08-15 09:33:00+00:00,0.069999,0.070026,0.069999,0.070025,3950185.07835,,
2026-08-15 09:34:00+00:00,0.070025,0.070025,0.070023,0.070023,7743.88427,,
2026-08-15 09:35:00+00:00,0.070023,0.070038,0.070014,0.07002,410321.70714,,
2026-08-15 09:36:00+00:00,0.07002,0.070038,0.069992,0.069998,3558793.72175,,
2026-08-15 09:37:00+00:00,0.069998,0.070012,0.06999,0.070002,2405972.18201,,
2026-08-15 09:38:00+00:00,0.070002,0.070038,0.069998,0.070007,1642212.21729,,
2026-08-15 09:39:00+00:00,0.070007,0.070027,0.070007,0.070021,81723.99569,,
2026-08-15 09:40:00+00:00,0.070021,0.070022,0.069998,0.069998,99251.06261,,
2026-08-15 09:41:00+00:00,0.069998,0.070006,0.069989,0.070001,965940.93086,,
2026-08-15 09:42:00+00:00,0.070001,0.070048,0.070001,0.070024,5104634.20548,,
2026-08-15 09:43:00+00:00,0.070024,0.07005,0.070014,0.070026,143237.97719,,
2026-08-15 09:44:00+00:00,0.070026,0.070035,0.07,0.070015,3581527.40949,,
2026-08-15 09:45:00+00:00,0.070015,0.07004,0.069992,0.070024,6350215.18753,,
2026-08-15 09:46:00+00:00,0.070024,0.07004,0.070021,0.070037,91307.26798,,
2026-08-15 09:47:00+00:00,0.070037,0.070037,0.070007,0.070028,111903.86316846604,,
2026-08-15 09:48:00+00:00,0.070028,0.070056,0.070025,0.070045,93870.21907,,
2026-08-15 09:49:00+00:00,0.070045,0.070061,0.070017,0.070047,145892.71302,,
2026-08-15 09:50:00+00:00,0.070047,0.07006,0.070021,0.07004,160800.65421,,
2026-08-15 09:51:00+00:00,0.07004,0.07006,0.070015,0.07003,141560.45634,,
2026-08-15 09:52:00+00:00,0.07003,0.070065,0.070018,0.070061,131659.1676179575,,
2026-08-15 09:53:00+00:00,0.070061,0.070066,0.070055,0.070056,163465.96000424,,
2026-08-15 09:54:00+00:00,0.070056,0.07009,0.070056,0.07009,1452221.41383,,
2026-08-15 09:55:00+00:00,0.07009,0.070108,0.070074,0.070088,7582883.95419,,
2026-08-15 09:56:00+00:00,0.070088,0.070108,0.070083,0.070088,7316035.495596038,,
2026-08-15 09:57:00+00:00,0.070088,0.070105,0.070083,0.070083,2040400.84367,,
2026-08-15 09:58:00+00:00,0.070083,0.070108,0.070082,0.070098,2785115.979666038,,
2026-08-15 09:59:00+00:00,0.070098,0.070108,0.070071,0.070071,7450002.05665,,
2026-08-15 10:00:00+00:00,0.070071,0.07009,0.070061,0.070061,139080.84132,,
2026-08-15 10:01:00+00:00,0.070061,0.070092,0.070061,0.070063,116653.58938,,
2026-08-15 10:02:00+00:00,0.070063,0.070081,0.069995,0.069995,3924808.82397,,
2026-08-15 10:03:00+00:00,0.069995,0.070017,0.06999,0.070017,1881070.17515,,
2026-08-15 10:04:00+00:00,0.070017,0.070018,0.069992,0.069998,2982767.60864,,
2026-08-15 10:05:00+00:00,0.069998,0.070018,0.069998,0.070002,3008783.41292,,
2026-08-15 10:06:00+00:00,0.070002,0.070021,0.07,0.070021,6544289.91774,,
2026-08-15 10:07:00+00:00,0.070021,0.07006,0.070017,0.070056,219738.81123,,
2026-08-15 10:08:00+00:00,0.070056,0.070061,0.070014,0.070014,164424.22944,,
2026-08-15 10:09:00+00:00,0.070014,0.07005,0.070013,0.070019,154342.51342,,
2026-08-15 10:10:00+00:00,0.070019,0.070051,0.070014,0.070045,173665.9127,,
2026-08-15 10:11:00+00:00,0.070045,0.070045,0.070012,0.070037,160613.06986,,
2026-08-15 10:12:00+00:00,0.070037,0.070043,0.07,0.07,123258.03639,,
2026-08-15 10:13:00+00:00,0.07,0.070041,0.07,0.070025,5143037.8671,,
2026-08-15 10:14:00+00:00,0.070025,0.070036,0.070007,0.070007,109620.65424,,
2026-08-15 10:15:00+00:00,0.070007,0.070039,0.07,0.070025,6311918.70125,,
2026-08-15 10:16:00+00:00,0.070025,0.070025,0.07,0.070008,130531.74474,,
2026-08-15 10:17:00+00:00,0.070008,0.070017,0.069992,0.070005,1896764.9006502908,,
2026-08-15 10:18:00+00:00,0.070005,0.070019,0.069992,0.070009,4419598.12809,,
2026-08-15 10:19:00+00:00,0.070009,0.070018,0.069998,0.069998,1544278.56861,,
2026-08-15 10:20:00+00:00,0.069998,0.070017,0.069998,0.069998,1529485.40614,,
2026-08-15 10:21:00+00:00,0.069998,0.070018,0.069992,0.07,3001318.18806,,
2026-08-15 10:22:00+00:00,0.07,0.070017,0.069992,0.069998,2967256.51232,,
2026-08-15 10:23:00+00:00,0.069998,0.070014,0.069998,0.069998,111671.12955,,
2026-08-15 10:24:00+00:00,0.069998,0.07001,0.069998,0.070002,118013.65073,,
2026-08-15 10:25:00+00:00,0.070002,0.070028,0.070001,0.070022,5588140.58647,,
2026-08-15 10:26:00+00:00,0.070022,0.070028,0.070013,0.070021,28972.86686,,
2026-08-15 10:27:00+00:00,0.070021,0.070021,0.070008,0.070008,7124.91827,,
2026-08-15 10:28:00+00:00,0.070008,0.070027,0.07,0.070001,119929.77156,,
2026-08-15 10:29:00+00:00,0.070001,0.07001,0.069995,0.070001,89936.55013,,
2026-08-15 10:30:00+00:00,0.070001,0.070012,0.069985,0.069988,6142076.01585,,
2026-08-15 10:31:00+00:00,0.069988,0.070012,0.069982,0.070012,8469983.18182,,
2026-08-15 10:32:00+00:00,0.070012,0.07004,0.06999,0.06999,4162531.68849,,
2026-08-15 10:33:00+00:00,0.06999,0.070001,0.06999,0.069997,150181.11628,,
2026-08-15 10:34:00+00:00,0.069997,0.070001,0.069989,0.069997,138645.47477,,
2026-08-15 10:35:00+00:00,0.069997,0.069999,0.069974,0.069974,17899791.42948,,
2026-08-15 10:36:00+00:00,0.069974,0.069992,0.069966,0.069975,122601.24186585203,,
2026-08-15 10:37:00+00:00,0.069975,0.070008,0.069975,0.069986,11088628.739845378,,
2026-08-15 10:38:00+00:00,0.069986,0.070008,0.069983,0.069988,8452254.9415,,
2026-08-15 10:39:00+00:00,0.069988,0.070008,0.069982,0.069998,7366049.46456,,
2026-08-15 10:40:00+00:00,0.069998,0.070008,0.069967,0.069991,3850087.28966,,
2026-08-15 10:41:00+00:00,0.069991,0.069992,0.069972,0.069972,66665.97424,,
2026-08-15 10:42:00+00:00,0.069972,0.07,0.069943,0.069949,1604171.848093652,,
2026-08-15 10:43:00+00:00,0.069949,0.069987,0.069944,0.069951,721460.49,,
2026-08-15 10:44:00+00:00,0.069951,0.069976,0.069948,0.069955,154631.66751,,
2026-08-15 10:45:00+00:00,0.069955,0.069992,0.069948,0.069972,142977.80264,,
2026-08-15 10:46:00+00:00,0.069972,0.069998,0.06997,0.069998,161601.18608,,
2026-08-15 10:47:00+00:00,0.069998,0.070003,0.06999,0.069998,175053.11366,,
2026-08-15 10:48:00+00:00,0.069998,0.070001,0.069989,0.069995,168027.66796,,
2026-08-15 10:49:00+00:00,0.069995,0.070002,0.06999,0.07,231302.67208,,
2026-08-15 10:50:00+00:00,0.07,0.070001,0.069991,0.070001,162823.37616,,
2026-08-15 10:51:00+00:00,0.070001,0.070002,0.06999,0.069999,129847.93221,,
2026-08-15 10:52:00+00:00,0.069999,0.070002,0.06999,0.07,184079.84218,,
2026-08-15 10:53:00+00:00,0.07,0.07,0.069989,0.069998,87075.39204,,
2026-08-15 10:54:00+00:00,0.069998,0.07,0.069974,0.069974,11980135.08214,,
2026-08-15 10:55:00+00:00,0.069974,0.069991,0.069972,0.06998,104669.87998,,
2026-08-15 10:56:00+00:00,0.06998,0.070008,0.069972,0.069983,10769093.77473,,
2026-08-15 10:57:00+00:00,0.069983,0.070008,0.069983,0.069989,10252098.97042,,
2026-08-15 10:58:00+00:00,0.069989,0.070001,0.069989,0.069999,194761.37136,,
2026-08-15 10:59:00+00:00,0.069999,0.07001,0.069991,0.070002,128970.81489285716,,
2026-08-15 11:00:00+00:00,0.070002,0.070013,0.069983,0.069998,5306181.25754,,
2026-08-15 11:01:00+00:00,0.069998,0.07,0.06999,0.069996,108450.77317,,
2026-08-15 11:02:00+00:00,0.069996,0.070001,0.06999,0.069991,82419.81962,,
2026-08-15 11:03:00+00:00,0.069991,0.070001,0.069991,0.069995,76517.67839,,
2026-08-15 11:04:00+00:00,0.069995,0.070001,0.069972,0.069975,5187571.55749,,
2026-08-15 11:05:00+00:00,0.069975,0.070003,0.069972,0.069984,1891442.4023,,
2026-08-15 11:06:00+00:00,0.069984,0.070008,0.069983,0.069984,5842886.93957,,
2026-08-15 11:07:00+00:00,0.069984,0.070008,0.069983,0.069998,3876944.80151,,
2026-08-15 11:08:00+00:00,0.069998,0.070004,0.069998,0.070001,66472.96812,,
2026-08-15 11:09:00+00:00,0.070001,0.070006,0.06999,0.069997,1010049.13479,,
2026-08-15 11:10:00+00:00,0.069997,0.070002,0.069997,0.070002,20304.73633,,
2026-08-15 11:11:00+00:00,0.070002,0.070002,0.06999,0.069999,120769.75208,,
2026-08-15 11:12:00+00:00,0.069999,0.070002,0.069992,0.069999,74224.27185,,
2026-08-15 11:13:00+00:00,0.069999,0.07,0.069998,0.069999,44393.59532,,
2026-08-15 11:14:00+00:00,0.069999,0.070001,0.069998,0.069998,16224.26771,,
2026-08-15 11:15:00+00:00,0.069998,0.070018,0.069998,0.070009,5544677.81349,,
2026-08-15 11:16:00+00:00,0.070009,0.070017,0.07,0.070017,5850554.07167,,
2026-08-15 11:17:00+00:00,0.070017,0.070018,0.07,0.070012,5946343.06628,,
2026-08-15 11:18:00+00:00,0.070012,0.070017,0.07,0.070009,1503352.31535,,
2026-08-15 11:19:00+00:00,0.070009,0.070026,0.069995,0.069995,8968303.32512,,
2026-08-15 11:20:00+00:00,0.069995,0.070001,0.069995,0.069998,108033.35459,,
2026-08-15 11:21:00+00:00,0.069998,0.069999,0.069973,0.069973,15215597.8215,,
2026-08-15 11:22:00+00:00,0.069973,0.069996,0.069973,0.069973,184217.11198,,
2026-08-15 11:23:00+00:00,0.069973,0.069992,0.069972,0.069972,156814.67675,,
2026-08-15 11:24:00+00:00,0.069972,0.069993,0.069963,0.069963,195329.47621,,
2026-08-15 11:25:00+00:00,0.069963,0.07,0.069954,0.069977,204694.3100957143,,
2026-08-15 11:26:00+00:00,0.069977,0.069988,0.069949,0.069972,144791.80381,,
2026-08-15 11:27:00+00:00,0.069972,0.069999,0.069949,0.06999,7875793.05679,,
2026-08-15 11:28:00+00:00,0.06999,0.07001,0.069982,0.069988,5261038.2834,,
2026-08-15 11:29:00+00:00,0.069988,0.070008,0.069972,0.069983,10606638.25935,,
2026-08-15 11:30:00+00:00,0.069983,0.069993,0.069969,0.069972,161710.03761,,
2026-08-15 11:31:00+00:00,0.069972,0.069993,0.069967,0.069993,196523.80967,,
2026-08-15 11:32:00+00:00,0.069993,0.069993,0.069971,0.069986,167980.7732,,
2026-08-15 11:33:00+00:00,0.069986,0.069992,0.069967,0.069972,114228.58795,,
2026-08-15 11:34:00+00:00,0.069972,0.069992,0.069966,0.069972,224642.21508039816,,
2026-08-15 11:35:00+00:00,0.069972,0.069992,0.069954,0.069962,208159.54334194184,,
2026-08-15 11:36:00+00:00,0.069962,0.06999,0.069957,0.06999,157813.66538,,
2026-08-15 11:37:00+00:00,0.06999,0.06999,0.069961,0.069981,79395.18934,,
2026-08-15 11:38:00+00:00,0.069981,0.069999,0.069975,0.069998,1733868.09466,,
2026-08-15 11:39:00+00:00,0.069998,0.070008,0.069983,0.069988,3842586.55807,,
2026-08-15 11:40:00+00:00,0.069988,0.069989,0.069958,0.069963,164476.39625,,
2026-08-15 11:41:00+00:00,0.069963,0.070002,0.069951,0.070002,3622727.8698,,
2026-08-15 11:42:00+00:00,0.070002,0.070002,0.070002,0.070002,0.0,,
2026-08-15 11:43:00+00:00,0.070002,0.07002,0.069999,0.07002,31175.52492,,
2026-08-15 11:44:00+00:00,0.07002,0.070036,0.069992,0.070035,5128564.96673,,
2026-08-15 11:45:00+00:00,0.070035,0.070062,0.070016,0.07006,147592.08149,,
2026-08-15 11:46:00+00:00,0.07006,0.070062,0.070021,0.070021,161858.71483,,
2026-08-15 11:47:00+00:00,0.070021,0.070026,0.069998,0.07,1813107.78853,,
2026-08-15 11:48:00+00:00,0.07,0.07001,0.07,0.07001,149865.79093,,
2026-08-15 11:49:00+00:00,0.07001,0.07001,0.069999,0.069999,54545.90677,,
2026-08-15 11:50:00+00:00,0.069999,0.070001,0.069989,0.069998,212326.48826,,
2026-08-15 11:51:00+00:00,0.069998,0.070001,0.069995,0.069995,41705.05137,,
2026-08-15 11:52:00+00:00,0.069995,0.070029,0.06999,0.070022,4550581.87183,,
2026-08-15 11:53:00+00:00,0.070022,0.07003,0.070021,0.070022,45335.27137,,
2026-08-15 11:54:00+00:00,0.070022,0.070028,0.070022,0.070028,88350.92628,,
2026-08-15 11:55:00+00:00,0.070028,0.070028,0.070021,0.070021,102090.53127,,
2026-08-15 11:56:00+00:00,0.070021,0.070027,0.070021,0.070026,33305.94002,,
2026-08-15 11:57:00+00:00,0.070026,0.070027,0.069999,0.070001,178457.19214,,
2026-08-15 11:58:00+00:00,0.070001,0.07002,0.069999,0.070005,194059.16106,,
2026-08-15 11:59:00+00:00,0.070005,0.07001,0.069993,0.069996,1608794.81761,,
2026-08-15 12:00:00+00:00,0.069996,0.070001,0.069996,0.069997,177420.89433,,
2026-08-15 12:01:00+00:00,0.069997,0.070002,0.069996,0.07,148781.62903,,
2026-08-15 12:02:00+00:00,0.07,0.070009,0.069993,0.069998,1049833.4862,,
2026-08-15 12:03:00+00:00,0.069998,0.070009,0.069995,0.069998,974951.36142,,
2026-08-15 12:04:00+00:00,0.069998,0.070002,0.069992,0.070002,175168.81641381167,,
2026-08-15 12:05:00+00:00,0.070002,0.070009,0.069994,0.07,1020878.84364,,
2026-08-15 12:06:00+00:00,0.07,0.070017,0.069997,0.070017,2967101.21726,,
2026-08-15 12:07:00+00:00,0.070017,0.070055,0.070007,0.070035,160718.22620763932,,
2026-08-15 12:08:00+00:00,0.070035,0.070046,0.07,0.070001,170131.20007285714,,
2026-08-15 12:09:00+00:00,0.070001,0.070002,0.069997,0.069997,161823.85695133696,,
2026-08-15 12:10:00+00:00,0.069997,0.070002,0.069997,0.069998,139193.9833,,
2026-08-15 12:11:00+00:00,0.069998,0.07,0.069995,0.07,54160.41781,,
2026-08-15 12:12:00+00:00,0.07,0.07,0.06999,0.06999,50236.87435,,
2026-08-15 12:13:00+00:00,0.06999,0.070001,0.06999,0.069998,93954.10029,,
2026-08-15 12:14:00+00:00,0.069998,0.070001,0.069991,0.07,101553.84266,,
2026-08-15 12:15:00+00:00,0.07,0.070001,0.06999,0.070001,119286.98871,,
2026-08-15 12:16:00+00:00,0.070001,0.070001,0.06999,0.070001,35020.01391,,
2026-08-15 12:17:00+00:00,0.070001,0.07002,0.069995,0.07001,100343.11287,,
2026-08-15 12:18:00+00:00,0.07001,0.07001,0.069974,0.069974,1290484.29279,,
2026-08-15 12:19:00+00:00,0.069974,0.069991,0.069969,0.069973,87170.61708,,
2026-08-15 12:20:00+00:00,0.069973,0.069993,0.069969,0.069972,164745.70514,,
2026-08-15 12:21:00+00:00,0.069972,0.069992,0.069969,0.069972,88297.69776,,
2026-08-15 12:22:00+00:00,0.069972,0.069991,0.069958,0.069958,166814.51946,,
2026-08-15 12:23:00+00:00,0.069958,0.069977,0.069941,0.069941,150473.81699,,
2026-08-15 12:24:00+00:00,0.069941,0.069971,0.069937,0.069971,149426.31675,,
2026-08-15 12:25:00+00:00,0.069971,0.069972,0.069934,0.069941,332612.86887,,
2026-08-15 12:26:00+00:00,0.069941,0.069944,0.069936,0.069938,222930.59591,,
2026-08-15 12:27:00+00:00,0.069938,0.069939,0.069938,0.069939,30032.76278,,
2026-08-15 12:28:00+00:00,0.069939,0.069943,0.069938,0.069943,119503.47663,,
2026-08-15 12:29:00+00:00,0.069943,0.069943,0.069934,0.069934,65174.22084,,
2026-08-15 12:30:00+00:00,0.069934,0.069935,0.069929,0.069929,96002.86393,,
2026-08-15 12:31:00+00:00,0.069929,0.069933,0.069928,0.069928,64240.39731,,
2026-08-15 12:32:00+00:00,0.069928,0.069933,0.069927,0.069933,132183.45427,,
2026-08-15 12:33:00+00:00,0.069933,0.069934,0.069929,0.069931,135043.94476,,
2026-08-15 12:34:00+00:00,0.069931,0.069977,0.069931,0.069972,1609253.09856,,
2026-08-15 12:35:00+00:00,0.069972,0.069976,0.069948,0.069955,229807.7769,,
2026-08-15 12:36:00+00:00,0.069955,0.069973,0.069948,0.069972,139722.50271,,
2026-08-15 12:37:00+00:00,0.069972,0.069983,0.069948,0.069969,106948.55046,,
2026-08-15 12:38:00+00:00,0.069969,0.069991,0.069969,0.069974,125945.63971,,
2026-08-15 12:39:00+00:00,0.069974,0.069988,0.069961,0.069965,150895.8746,,
2026-08-15 12:40:00+00:00,0.069965,0.069983,0.069946,0.069977,217471.1185,,
2026-08-15 12:41:00+00:00,0.069977,0.069988,0.069948,0.069988,148468.34557,,
2026-08-15 12:42:00+00:00,0.069988,0.069991,0.06996,0.069964,152983.5945,,
2026-08-15 12:43:00+00:00,0.069964,0.069988,0.069949,0.069972,151406.73771,,
2026-08-15 12:44:00+00:00,0.069972,0.06999,0.069937,0.06999,210294.51393591624,,
2026-08-15 12:45:00+00:00,0.06999,0.06999,0.069955,0.06998,129914.14016,,
2026-08-15 12:46:00+00:00,0.06998,0.069982,0.069958,0.069979,186764.87953,,
2026-08-15 12:47:00+00:00,0.069979,0.069982,0.069958,0.069964,176653.3894,,
2026-08-15 12:48:00+00:00,0.069964,0.069982,0.069956,0.069958,187824.69699,,
2026-08-15 12:49:00+00:00,0.069958,0.069979,0.069928,0.069931,599381.1017,,
2026-08-15 12:50:00+00:00,0.069931,0.069935,0.069927,0.069932,192552.65269929968,,
2026-08-15 12:51:00+00:00,0.069932,0.069958,0.069924,0.069957,188806.9863162612,,
2026-08-15 12:52:00+00:00,0.069957,0.069957,0.06989,0.069898,5668890.67931,,
2026-08-15 12:53:00+00:00,0.069898,0.069901,0.069891,0.069901,229035.15087,,
2026-08-15 12:54:00+00:00,0.069901,0.069939,0.0699,0.069925,1562653.85033,,
2026-08-15 12:55:00+00:00,0.069925,0.06995,0.069906,0.069936,150966.29137,,
2026-08-15 12:56:00+00:00,0.069936,0.069964,0.069927,0.06996,159790.03875,,
2026-08-15 12:57:00+00:00,0.06996,0.07,0.06996,0.069999,4773705.7082336275,,
2026-08-15 12:58:00+00:00,0.069999,0.070025,0.06999,0.070012,7228946.87646,,
2026-08-15 12:59:00+00:00,0.070012,0.070057,0.070012,0.070057,721290.64326,,
2026-08-15 13:00:00+00:00,0.070057,0.070067,0.070017,0.070063,136035.85110131197,,
2026-08-15 13:01:00+00:00,0.070063,0.070063,0.070013,0.070031,110108.58983,,
2026-08-15 13:02:00+00:00,0.070031,0.070037,0.070015,0.070036,89226.57357,,
2026-08-15 13:03:00+00:00,0.070036,0.070037,0.069998,0.070037,101039.6058730412,,
2026-08-15 13:04:00+00:00,0.070037,0.070066,0.070034,0.070065,142212.85547,,
2026-08-15 13:05:00+00:00,0.070065,0.070065,0.070017,0.070057,159694.91643,,
2026-08-15 13:06:00+00:00,0.070057,0.07006,0.070018,0.070045,94526.16435,,
2026-08-15 13:07:00+00:00,0.070045,0.07006,0.070018,0.070059,190497.15246,,
2026-08-15 13:08:00+00:00,0.070059,0.07009,0.070059,0.070079,132995.01415,,
2026-08-15 13:09:00+00:00,0.070079,0.070082,0.070039,0.070039,512905.1388,,
2026-08-15 13:10:00+00:00,0.070039,0.070044,0.070039,0.070041,92362.97047,,
2026-08-15 13:11:00+00:00,0.070041,0.070077,0.070041,0.070055,128904.50288,,
2026-08-15 13:12:00+00:00,0.070055,0.070073,0.070038,0.070038,139692.77542,,
2026-08-15 13:13:00+00:00,0.070038,0.070044,0.070038,0.070038,61869.04949,,
2026-08-15 13:14:00+00:00,0.070038,0.07007,0.070037,0.070064,99020.51118,,
2026-08-15 13:15:00+00:00,0.070064,0.070089,0.070049,0.070071,151751.11329,,
2026-08-15 13:16:00+00:00,0.070071,0.070081,0.070048,0.070081,258700.92065,,
2026-08-15 13:17:00+00:00,0.070081,0.070081,0.070041,0.070043,65206.78631,,
2026-08-15 13:18:00+00:00,0.070043,0.070044,0.070038,0.070039,72170.39794,,
2026-08-15 13:19:00+00:00,0.070039,0.070076,0.070038,0.070038,171818.45002,,
2026-08-15 13:20:00+00:00,0.070038,0.070045,0.070037,0.070042,176792.02095,,
2026-08-15 13:21:00+00:00,0.070042,0.070075,0.070041,0.070055,155858.21116,,
2026-08-15 13:22:00+00:00,0.070055,0.070077,0.070052,0.070055,101323.10469,,
2026-08-15 13:23:00+00:00,0.070055,0.070071,0.070053,0.070055,91133.60719,,
2026-08-15 13:24:00+00:00,0.070055,0.070076,0.070051,0.070055,129982.11717,,
2026-08-15 13:25:00+00:00,0.070055,0.070077,0.070049,0.070077,136525.51033,,
2026-08-15 13:26:00+00:00,0.070077,0.070077,0.070047,0.07007,160932.31723,,
2026-08-15 13:27:00+00:00,0.07007,0.0701,0.070051,0.070073,158756.59386644137,,
2026-08-15 13:28:00+00:00,0.070073,0.0701,0.070048,0.070049,178973.90701367264,,
2026-08-15 13:29:00+00:00,0.070049,0.0701,0.070049,0.070053,178898.3248590822,,
2026-08-15 13:30:00+00:00,0.070053,0.070053,0.070037,0.070041,59416.1652,,
2026-08-15 13:31:00+00:00,0.070041,0.070075,0.070038,0.070075,106108.16961,,
2026-08-15 13:32:00+00:00,0.070075,0.070075,0.070047,0.070073,202294.36593,,
2026-08-15 13:33:00+00:00,0.070073,0.070088,0.070053,0.070063,169368.59792,,
2026-08-15 13:34:00+00:00,0.070063,0.070088,0.070061,0.07007,129100.85561,,
2026-08-15 13:35:00+00:00,0.07007,0.070089,0.070054,0.070062,172446.84427,,
2026-08-15 13:36:00+00:00,0.070062,0.070087,0.070057,0.070067,134331.58087,,
2026-08-15 13:37:00+00:00,0.070067,0.0701,0.070067,0.070094,8454787.818810964,,
2026-08-15 13:38:00+00:00,0.070094,0.0701,0.070071,0.070099,146877.49933861085,,
2026-08-15 13:39:00+00:00,0.070099,0.070108,0.070084,0.070098,1827624.37492,,
2026-08-15 13:40:00+00:00,0.070098,0.070108,0.070083,0.070098,4477323.89776,,
2026-08-15 13:41:00+00:00,0.070098,0.070108,0.070083,0.070083,4455203.87531,,
2026-08-15 13:42:00+00:00,0.070083,0.070108,0.070083,0.070083,4736625.3094,,
2026-08-15 13:43:00+00:00,0.070083,0.070108,0.070072,0.070087,1587457.0658,,
2026-08-15 13:44:00+00:00,0.070087,0.070102,0.070087,0.0701,143545.33917,,
2026-08-15 13:45:00+00:00,0.0701,0.070102,0.070092,0.070102,60702.61947472618,,
2026-08-15 13:46:00+00:00,0.070102,0.070109,0.070093,0.0701,133305.96267,,
2026-08-15 13:47:00+00:00,0.0701,0.070101,0.070083,0.070093,52509.36675,,
2026-08-15 13:48:00+00:00,0.070093,0.070108,0.070082,0.070085,7322610.53216,,
2026-08-15 13:49:00+00:00,0.070085,0.070107,0.070071,0.070071,17288959.0724,,
2026-08-15 13:50:00+00:00,0.070071,0.070093,0.070071,0.070078,133433.29525,,
2026-08-15 13:51:00+00:00,0.070078,0.070108,0.070072,0.070092,6399375.28518,,
2026-08-15 13:52:00+00:00,0.070092,0.070094,0.070071,0.070076,148887.49158,,
2026-08-15 13:53:00+00:00,0.070076,0.070108,0.070073,0.070088,1625582.98398,,
2026-08-15 13:54:00+00:00,0.070088,0.07009,0.070073,0.070073,3507350.22198,,
2026-08-15 13:55:00+00:00,0.070073,0.070092,0.070073,0.070073,127012.39208,,
2026-08-15 13:56:00+00:00,0.070073,0.070091,0.07007,0.070075,104809.14778,,
2026-08-15 13:57:00+00:00,0.070075,0.070077,0.07007,0.070077,129742.09726,,
2026-08-15 13:58:00+00:00,0.070077,0.07008,0.070076,0.070077,59976.14526,,
2026-08-15 13:59:00+00:00,0.070077,0.070093,0.070049,0.070072,1087971.88061,,
2026-08-15 14:00:00+00:00,0.070072,0.07008,0.070051,0.07008,118529.2322,,
2026-08-15 14:01:00+00:00,0.07008,0.070085,0.070059,0.070059,108282.17345,,
2026-08-15 14:02:00+00:00,0.070059,0.070083,0.070059,0.070064,207960.46589,,
2026-08-15 14:03:00+00:00,0.070064,0.070064,0.070038,0.070038,1444346.78702,,
2026-08-15 14:04:00+00:00,0.070038,0.070044,0.070031,0.070036,157236.63333,,
2026-08-15 14:05:00+00:00,0.070036,0.070045,0.070031,0.070034,193435.57508,,
2026-08-15 14:06:00+00:00,0.070034,0.070057,0.070034,0.070056,145752.72249,,
2026-08-15 14:07:00+00:00,0.070056,0.07006,0.070048,0.070054,177969.89333,,
2026-08-15 14:08:00+00:00,0.070054,0.070062,0.070053,0.07006,117967.11724,,
2026-08-15 14:09:00+00:00,0.07006,0.07006,0.070047,0.070055,124308.71947,,
2026-08-15 14:10:00+00:00,0.070055,0.070062,0.070033,0.070033,2923333.95533,,
2026-08-15 14:11:00+00:00,0.070033,0.070034,0.070031,0.070032,43886.30492,,
2026-08-15 14:12:00+00:00,0.070032,0.070035,0.07003,0.070031,123178.79928,,
2026-08-15 14:13:00+00:00,0.070031,0.070051,0.07001,0.070031,3120976.17049,,
2026-08-15 14:14:00+00:00,0.070031,0.070052,0.070012,0.070012,93988.85986,,
2026-08-15 14:15:00+00:00,0.070012,0.070039,0.069992,0.070015,1566234.07283,,
2026-08-15 14:16:00+00:00,0.070015,0.070018,0.06999,0.070003,4464287.56185,,
2026-08-15 14:17:00+00:00,0.070003,0.070011,0.06999,0.069999,959006.24292,,
2026-08-15 14:18:00+00:00,0.069999,0.07001,0.069976,0.069976,5432565.3102,,
2026-08-15 14:19:00+00:00,0.069976,0.069999,0.069961,0.069999,1849018.404424144,,
2026-08-15 14:20:00+00:00,0.069999,0.069999,0.069962,0.069969,150099.66673,,
2026-08-15 14:21:00+00:00,0.069969,0.069988,0.069938,0.069939,261414.29553,,
2026-08-15 14:22:00+00:00,0.069939,0.069943,0.069937,0.069941,119913.33965,,
2026-08-15 14:23:00+00:00,0.069941,0.069942,0.0699,0.0699,10470394.76732,,
2026-08-15 14:24:00+00:00,0.0699,0.069938,0.0699,0.069928,5675151.25305,,
2026-08-15 14:25:00+00:00,0.069928,0.069938,0.069911,0.069938,97262.81231,,
2026-08-15 14:26:00+00:00,0.069938,0.069947,0.0699,0.069931,103811.27199711736,,
2026-08-15 14:27:00+00:00,0.069931,0.069937,0.069901,0.069908,5841594.95595,,
2026-08-15 14:28:00+00:00,0.069908,0.069918,0.069901,0.069917,5882702.86698,,
2026-08-15 14:29:00+00:00,0.069917,0.069939,0.069907,0.069921,423987.09016,,
2026-08-15 14:30:00+00:00,0.069921,0.069937,0.069919,0.069924,75645.31944,,
2026-08-15 14:31:00+00:00,0.069924,0.069937,0.06992,0.069921,206069.16306,,
2026-08-15 14:32:00+00:00,0.069921,0.069929,0.06992,0.069928,155310.751,,
2026-08-15 14:33:00+00:00,0.069928,0.069929,0.069922,0.069929,121639.45771,,
2026-08-15 14:34:00+00:00,0.069929,0.069937,0.069923,0.069933,76398.77093,,
2026-08-15 14:35:00+00:00,0.069933,0.069957,0.069932,0.069941,1352954.72133,,
2026-08-15 14:36:00+00:00,0.069941,0.069961,0.069941,0.069941,114582.65459,,
2026-08-15 14:37:00+00:00,0.069941,0.069959,0.069927,0.069947,65876.91709,,
2026-08-15 14:38:00+00:00,0.069947,0.069947,0.069931,0.069931,93141.9809,,
2026-08-15 14:39:00+00:00,0.069931,0.069969,0.069922,0.069962,90674.96536,,
2026-08-15 14:40:00+00:00,0.069962,0.069976,0.069957,0.069969,66204.005,,
2026-08-15 14:41:00+00:00,0.069969,0.069972,0.069938,0.069961,133083.11938,,
2026-08-15 14:42:00+00:00,0.069961,0.069962,0.069957,0.069961,116467.61404,,
2026-08-15 14:43:00+00:00,0.069961,0.069966,0.069942,0.069965,178522.58508,,
2026-08-15 14:44:00+00:00,0.069965,0.06997,0.069955,0.069959,168110.57719,,
2026-08-15 14:45:00+00:00,0.069959,0.07,0.069959,0.069999,3361598.19993,,
2026-08-15 14:46:00+00:00,0.069999,0.070006,0.06999,0.070006,973253.35364,,
2026-08-15 14:47:00+00:00,0.070006,0.070006,0.069973,0.069984,8239134.18784,,
2026-08-15 14:48:00+00:00,0.069984,0.070008,0.069982,0.070001,2083526.44787,,
2026-08-15 14:49:00+00:00,0.070001,0.070018,0.06999,0.070001,2452802.54701,,
2026-08-15 14:50:00+00:00,0.070001,0.070018,0.069992,0.070014,5795670.63053,,
2026-08-15 14:51:00+00:00,0.070014,0.070029,0.069992,0.070024,6198663.52757,,
2026-08-15 14:52:00+00:00,0.070024,0.070059,0.070013,0.070051,99175.59173,,
2026-08-15 14:53:00+00:00,0.070051,0.070077,0.070051,0.070059,119110.67001066847,,
2026-08-15 14:54:00+00:00,0.070059,0.070061,0.070059,0.070061,9596.0,,
2026-08-15 14:55:00+00:00,0.070061,0.070094,0.070061,0.070091,123479.05815232571,,
2026-08-15 14:56:00+00:00,0.070091,0.070091,0.070072,0.070074,106414.12653,,
2026-08-15 14:57:00+00:00,0.070074,0.070089,0.070053,0.070053,181563.66531,,
2026-08-15 14:58:00+00:00,0.070053,0.070053,0.070037,0.070037,111062.95711,,
2026-08-15 14:59:00+00:00,0.070037,0.070045,0.070033,0.070035,176052.40119,,
2026-08-15 15:00:00+00:00,0.070035,0.070045,0.070031,0.070036,88207.07216714864,,
2026-08-15 15:01:00+00:00,0.070036,0.070045,0.070033,0.070035,103776.79365,,
2026-08-15 15:02:00+00:00,0.070035,0.070039,0.070029,0.070031,148069.32839,,
2026-08-15 15:03:00+00:00,0.070031,0.070076,0.070031,0.070072,189359.18939,,
2026-08-15 15:04:00+00:00,0.070072,0.070072,0.070037,0.070037,187662.39296,,
2026-08-15 15:05:00+00:00,0.070037,0.07004,0.070019,0.070024,161176.18076,,
2026-08-15 15:06:00+00:00,0.070024,0.070035,0.070021,0.070021,67792.25581,,
2026-08-15 15:07:00+00:00,0.070021,0.070036,0.069988,0.069988,4718169.77416,,
2026-08-15 15:08:00+00:00,0.069988,0.070008,0.069981,0.069985,9972089.45453,,
2026-08-15 15:09:00+00:00,0.069985,0.070008,0.069982,0.069998,5586574.4092,,
2026-08-15 15:10:00+00:00,0.069998,0.070008,0.069982,0.069984,6482481.93738,,
2026-08-15 15:11:00+00:00,0.069984,0.070018,0.069984,0.070017,11318412.13529,,
2026-08-15 15:12:00+00:00,0.070017,0.070017,0.070001,0.070001,8336.66925,,
2026-08-15 15:13:00+00:00,0.070001,0.070018,0.069998,0.069998,1493690.85655,,
2026-08-15 15:14:00+00:00,0.069998,0.070003,0.069984,0.069988,2976143.28334,,
2026-08-15 15:15:00+00:00,0.069988,0.070008,0.069984,0.069992,15194305.66307,,
2026-08-15 15:16:00+00:00,0.069992,0.070006,0.069984,0.069997,1511441.01041,,
2026-08-15 15:17:00+00:00,0.069997,0.070002,0.069997,0.070001,85182.69311,,
2026-08-15 15:18:00+00:00,0.070001,0.070017,0.07,0.070009,2884913.68591,,
2026-08-15 15:19:00+00:00,0.070009,0.070034,0.070008,0.070025,268963.7397,,
2026-08-15 15:20:00+00:00,0.070025,0.07003,0.069999,0.070001,248055.62496,,
2026-08-15 15:21:00+00:00,0.070001,0.070001,0.06992,0.06992,9561093.79285,,
2026-08-15 15:22:00+00:00,0.06992,0.069961,0.06992,0.069939,153298.38094552315,,
2026-08-15 15:23:00+00:00,0.069939,0.06995,0.069929,0.069947,96989.13202747508,,
2026-08-15 15:24:00+00:00,0.069947,0.069957,0.069931,0.069943,129186.85562,,
2026-08-15 15:25:00+00:00,0.069943,0.069949,0.069941,0.069943,89335.76765,,
2026-08-15 15:26:00+00:00,0.069943,0.069999,0.069943,0.069998,930909.2627242348,,
2026-08-15 15:27:00+00:00,0.069998,0.070001,0.06999,0.069992,184229.4537,,
2026-08-15 15:28:00+00:00,0.069992,0.070001,0.069989,0.069995,163060.3595,,
2026-08-15 15:29:00+00:00,0.069995,0.070017,0.069991,0.070017,1517732.53402,,
2026-08-15 15:30:00+00:00,0.070017,0.070018,0.069992,0.070001,4432646.86467,,
2026-08-15 15:31:00+00:00,0.070001,0.070002,0.07,0.070002,37973.24413,,
2026-08-15 15:32:00+00:00,0.070002,0.070002,0.069999,0.070002,137058.3446135646,,
2026-08-15 15:33:00+00:00,0.070002,0.070039,0.07,0.070039,8034258.191598218,,
2026-08-15 15:34:00+00:00,0.070039,0.070039,0.069998,0.070026,11155811.9473139,,
2026-08-15 15:35:00+00:00,0.070026,0.070047,0.07002,0.070042,122589.98684,,
2026-08-15 15:36:00+00:00,0.070042,0.070061,0.070042,0.070061,89409.86802,,
2026-08-15 15:37:00+00:00,0.070061,0.070061,0.070058,0.070059,79036.23863,,
2026-08-15 15:38:00+00:00,0.070059,0.070061,0.070057,0.070059,58029.93707,,
2026-08-15 15:39:00+00:00,0.070059,0.070061,0.070057,0.070059,37542.9831,,
2026-08-15 15:40:00+00:00,0.070059,0.070061,0.070059,0.070059,60582.67083,,
2026-08-15 15:41:00+00:00,0.070059,0.070063,0.070056,0.070056,123899.38389,,
2026-08-15 15:42:00+00:00,0.070056,0.070061,0.070055,0.07006,40480.5934,,
2026-08-15 15:43:00+00:00,0.07006,0.070063,0.070056,0.07006,120366.46240763777,,
2026-08-15 15:44:00+00:00,0.07006,0.07006,0.070057,0.070059,76574.84902,,
2026-08-15 15:45:00+00:00,0.070059,0.070059,0.07003,0.070035,2417034.46452,,
2026-08-15 15:46:00+00:00,0.070035,0.070039,0.070029,0.070035,158862.76642,,
2026-08-15 15:47:00+00:00,0.070035,0.070049,0.070035,0.070049,146311.42116,,
2026-08-15 15:48:00+00:00,0.070049,0.070049,0.07003,0.070033,101051.9915,,
2026-08-15 15:49:00+00:00,0.070033,0.070066,0.07,0.070059,141954.39819270783,,
2026-08-15 15:50:00+00:00,0.070059,0.07006,0.070057,0.07006,115456.38394,,
2026-08-15 15:51:00+00:00,0.07006,0.07006,0.07,0.070022,6022542.72406,,
2026-08-15 15:52:00+00:00,0.070022,0.070041,0.070019,0.070035,139797.39556,,
2026-08-15 15:53:00+00:00,0.070035,0.07005,0.070014,0.070033,91058.65631,,
2026-08-15 15:54:00+00:00,0.070033,0.070051,0.070013,0.070038,167439.42944,,
2026-08-15 15:55:00+00:00,0.070038,0.070039,0.070015,0.070021,79543.13555,,
2026-08-15 15:56:00+00:00,0.070021,0.070048,0.070019,0.070019,110350.0466,,
2026-08-15 15:57:00+00:00,0.070019,0.070019,0.07,0.070001,1530397.80522,,
2026-08-15 15:58:00+00:00,0.070001,0.070047,0.07,0.070035,6562338.3372,,
2026-08-15 15:59:00+00:00,0.070035,0.07005,0.070013,0.07003,127920.47988,,
2026-08-15 16:00:00+00:00,0.07003,0.07006,0.070014,0.070045,230255.59647,,
2026-08-15 16:01:00+00:00,0.070045,0.070058,0.070008,0.070012,172706.0008326985,,
2026-08-15 16:02:00+00:00,0.070012,0.070031,0.070001,0.070023,3389222.07005,,
2026-08-15 16:03:00+00:00,0.070023,0.070027,0.07,0.07,85563.04586,,
2026-08-15 16:04:00+00:00,0.07,0.070018,0.07,0.070017,2121739.87957,,
2026-08-15 16:05:00+00:00,0.070017,0.070018,0.07,0.070002,4428183.64096,,
2026-08-15 16:06:00+00:00,0.070002,0.070009,0.069995,0.069999,5015261.67792039,,
2026-08-15 16:07:00+00:00,0.069999,0.070008,0.069984,0.069988,12783022.66775,,
2026-08-15 16:08:00+00:00,0.069988,0.070008,0.069982,0.069999,4446705.73955,,
2026-08-15 16:09:00+00:00,0.069999,0.07001,0.069989,0.070001,90281.00914334756,,
2026-08-15 16:10:00+00:00,0.070001,0.070029,0.070001,0.070029,4494979.26986,,
2026-08-15 16:11:00+00:00,0.070029,0.070031,0.070008,0.070031,88921.24358,,
2026-08-15 16:12:00+00:00,0.070031,0.070034,0.07,0.07,133059.13239,,
2026-08-15 16:13:00+00:00,0.07,0.070001,0.07,0.07,126447.06152,,
2026-08-15 16:14:00+00:00,0.07,0.070001,0.07,0.070001,105176.82973,,
2026-08-15 16:15:00+00:00,0.070001,0.070002,0.069984,0.069984,1556899.73183,,
2026-08-15 16:16:00+00:00,0.069984,0.070008,0.069982,0.069998,6164614.19072,,
2026-08-15 16:17:00+00:00,0.069998,0.070008,0.069973,0.069973,8361032.59642,,
2026-08-15 16:18:00+00:00,0.069973,0.069999,0.069973,0.069988,1513540.30437,,
2026-08-15 16:19:00+00:00,0.069988,0.069999,0.069982,0.069988,8499179.08849,,
2026-08-15 16:20:00+00:00,0.069988,0.070008,0.069983,0.069998,10185664.20486,,
2026-08-15 16:21:00+00:00,0.069998,0.070008,0.069983,0.070001,1663801.25753,,
2026-08-15 16:22:00+00:00,0.070001,0.070026,0.069991,0.070026,2553554.23622,,
2026-08-15 16:23:00+00:00,0.070026,0.07004,0.07,0.070021,114093.7347967467,,
2026-08-15 16:24:00+00:00,0.070021,0.070045,0.070013,0.070016,92074.86908,,
2026-08-15 16:25:00+00:00,0.070016,0.070052,0.07,0.070037,161905.3852208387,,
2026-08-15 16:26:00+00:00,0.070037,0.070051,0.070012,0.070035,154023.09151,,
2026-08-15 16:27:00+00:00,0.070035,0.07005,0.070013,0.070023,122921.49638,,
2026-08-15 16:28:00+00:00,0.070023,0.070033,0.07,0.070004,4760479.6311,,
2026-08-15 16:29:00+00:00,0.070004,0.070017,0.069992,0.070001,4655950.58327,,
2026-08-15 16:30:00+00:00,0.070001,0.070018,0.069992,0.070017,3847212.93059,,
2026-08-15 16:31:00+00:00,0.070017,0.070017,0.070001,0.070001,56652.22773,,
2026-08-15 16:32:00+00:00,0.070001,0.070002,0.069999,0.070002,153730.09457,,
2026-08-15 16:33:00+00:00,0.070002,0.070002,0.069971,0.069973,10156493.79732,,
2026-08-15 16:34:00+00:00,0.069973,0.069992,0.06997,0.06997,153194.65122,,
2026-08-15 16:35:00+00:00,0.06997,0.069999,0.069967,0.069988,7309003.39033,,
2026-08-15 16:36:00+00:00,0.069988,0.069999,0.069959,0.069959,22860340.60268,None,None
