timestamp,open,high,low,close,volume,final_signal,entry
2026-08-12 05:19:00+00:00,1890.02,1890.02,1889.67,1889.81,172.04899,,
2026-08-12 05:20:00+00:00,1889.81,1889.98,1889.59,1889.67,805.8183,,
2026-08-12 05:21:00+00:00,1889.67,1890.02,1889.67,1890.02,1.24256,,
2026-08-12 05:22:00+00:00,1890.02,1890.02,1889.94,1889.99,1.53325,,
2026-08-12 05:23:00+00:00,1889.99,1890.03,1888.99,1889.02,87.15781107336856,,
2026-08-12 05:24:00+00:00,1889.02,1889.02,1888.99,1889.01,1.47495,,
2026-08-12 05:25:00+00:00,1889.01,1889.98,1888.99,1889.52,206.06449892663144,,
2026-08-12 05:26:00+00:00,1889.52,1889.98,1889.48,1889.49,767.20927,,
2026-08-12 05:27:00+00:00,1889.49,1889.98,1889.21,1889.33,133.66915,,
2026-08-12 05:28:00+00:00,1889.33,1889.33,1889.33,1889.33,0.0,,
2026-08-12 05:29:00+00:00,1889.33,1889.33,1888.88,1888.88,0.42690675502365,,
2026-08-12 05:30:00+00:00,1888.88,1890.01,1888.88,1889.96,121.3097163035385,,
2026-08-12 05:31:00+00:00,1889.96,1890.02,1889.96,1889.98,1.886542179151388,,
2026-08-12 05:32:00+00:00,1889.98,1890.54,1889.98,1890.54,2042.28908,,
2026-08-12 05:33:00+00:00,1890.54,1890.54,1889.99,1890.01,0.57855,,
2026-08-12 05:34:00+00:00,1890.01,1890.63,1890.01,1890.63,156.74085,,
2026-08-12 05:35:00+00:00,1890.63,1890.66,1889.99,1889.99,0.8867,,
2026-08-12 05:36:00+00:00,1889.99,1890.99,1889.99,1890.42,360.18902,,
2026-08-12 05:37:00+00:00,1890.42,1891.04,1890.42,1890.98,1.0092037331263837,,
2026-08-12 05:38:00+00:00,1890.98,1891.17,1890.98,1890.99,1.13026,,
2026-08-12 05:39:00+00:00,1890.99,1890.99,1890.41,1890.99,125.8499822731311,,
2026-08-12 05:40:00+00:00,1890.99,1890.99,1890.02,1890.02,258.55443,,
2026-08-12 05:41:00+00:00,1890.02,1890.02,1889.98,1889.98,1.084049318892493,,
2026-08-12 05:42:00+00:00,1889.98,1890.02,1889.98,1890.0,0.68142,,
2026-08-12 05:43:00+00:00,1890.0,1890.53,1889.99,1890.43,157.64481282555556,,
2026-08-12 05:44:00+00:00,1890.43,1891.01,1890.02,1890.98,119.81035,,
2026-08-12 05:45:00+00:00,1890.98,1891.02,1890.47,1890.98,7.769487193968646,,
2026-08-12 05:46:00+00:00,1890.98,1891.02,1890.98,1891.01,0.60357,,
2026-08-12 05:47:00+00:00,1891.01,1891.02,1890.98,1891.01,1.0298057774387637,,
2026-08-12 05:48:00+00:00,1891.01,1891.48,1891.0,1891.45,597.20521,,
2026-08-12 05:49:00+00:00,1891.45,1891.45,1891.45,1891.45,0.0,,
2026-08-12 05:50:00+00:00,1891.45,1891.45,1891.45,1891.45,0.0,,
2026-08-12 05:51:00+00:00,1891.45,1891.45,1891.45,1891.45,0.0,,
2026-08-12 05:52:00+00:00,1891.45,1891.45,1891.26,1891.3,0.6943856828566592,,
2026-08-12 05:53:00+00:00,1891.3,1891.3,1891.3,1891.3,0.0,,
2026-08-12 05:54:00+00:00,1891.3,1891.36,1889.78,1889.78,3.561236699949444,,
2026-08-12 05:55:00+00:00,1889.78,1891.36,1889.74,1891.36,0.5479056207916503,,
2026-08-12 05:56:00+00:00,1891.36,1891.36,1891.36,1891.36,0.0,,
2026-08-12 05:57:00+00:00,1891.36,1891.36,1889.82,1891.36,5.495120411813113,,
2026-08-12 05:58:00+00:00,1891.36,1891.36,1889.64,1891.36,4.78998937322555,,
2026-08-12 05:59:00+00:00,1891.36,1891.36,1891.29,1891.29,0.049120243624863,,
2026-08-12 06:00:00+00:00,1891.29,1891.36,1889.64,1889.64,2.934416353989396,,
2026-08-12 06:01:00+00:00,1889.64,1889.98,1888.65,1888.98,110.41605723105047,,
2026-08-12 06:02:00+00:00,1888.98,1889.61,1888.98,1889.53,148.9337250730222,,
2026-08-12 06:03:00+00:00,1889.53,1889.53,1888.96,1889.02,0.5201171591123698,,
2026-08-12 06:04:00+00:00,1889.02,1889.02,1888.44,1889.02,1072.12449,,
2026-08-12 06:05:00+00:00,1889.02,1889.03,1889.02,1889.02,0.1955,,
2026-08-12 06:06:00+00:00,1889.02,1889.02,1889.02,1889.02,0.0,,
2026-08-12 06:07:00+00:00,1889.02,1889.02,1888.54,1888.67,187.69477,,
2026-08-12 06:08:00+00:00,1888.67,1888.98,1888.36,1888.36,340.76468,,
2026-08-12 06:09:00+00:00,1888.36,1888.36,1887.99,1888.02,0.5660041459545214,,
2026-08-12 06:10:00+00:00,1888.02,1888.02,1887.56,1887.56,57.3058312759784,,
2026-08-12 06:11:00+00:00,1887.56,1887.98,1887.25,1887.47,203.48162170806395,,
2026-08-12 06:12:00+00:00,1887.47,1887.47,1886.99,1886.99,1.2567644081058855,,
2026-08-12 06:13:00+00:00,1886.99,1887.02,1886.99,1887.02,0.24375,,
2026-08-12 06:14:00+00:00,1887.02,1887.02,1887.01,1887.02,0.33711,,
2026-08-12 06:15:00+00:00,1887.02,1887.02,1885.65,1885.67,132.24209801165122,,
2026-08-12 06:16:00+00:00,1885.67,1887.52,1885.67,1887.51,3137.016535822884,,
2026-08-12 06:17:00+00:00,1887.51,1888.6,1887.51,1888.15,3369.24957,,
2026-08-12 06:18:00+00:00,1888.15,1888.15,1888.15,1888.15,0.0,,
2026-08-12 06:19:00+00:00,1888.15,1888.15,1887.63,1887.64,2061.69575,,
2026-08-12 06:20:00+00:00,1887.64,1888.02,1887.49,1887.98,111.24352577054104,,
2026-08-12 06:21:00+00:00,1887.98,1887.98,1887.51,1887.51,190.47781,,
2026-08-12 06:22:00+00:00,1887.51,1887.98,1887.16,1887.16,106.43496,,
2026-08-12 06:23:00+00:00,1887.16,1887.16,1885.65,1886.01,2136.512893388748,,
2026-08-12 06:24:00+00:00,1886.01,1886.01,1885.49,1886.0,95.19103407577109,,
2026-08-12 06:25:00+00:00,1886.0,1886.02,1884.64,1885.98,67.55329478005615,,
2026-08-12 06:26:00+00:00,1885.98,1886.02,1885.44,1885.98,257.962807664483,,
2026-08-12 06:27:00+00:00,1885.98,1886.45,1885.98,1885.98,3213.5387449474265,,
2026-08-12 06:28:00+00:00,1885.98,1885.99,1885.19,1885.19,188.54438,,
2026-08-12 06:29:00+00:00,1885.19,1885.65,1885.02,1885.64,349.81441,,
2026-08-12 06:30:00+00:00,1885.64,1885.65,1884.45,1884.96,4097.0542,,
2026-08-12 06:31:00+00:00,1884.96,1885.02,1884.96,1885.01,0.86994,,
2026-08-12 06:32:00+00:00,1885.01,1885.01,1884.41,1884.98,205.32425,,
2026-08-12 06:33:00+00:00,1884.98,1885.33,1884.98,1885.01,31.91565,,
2026-08-12 06:34:00+00:00,1885.01,1885.51,1885.01,1885.51,26.00977,,
2026-08-12 06:35:00+00:00,1885.51,1885.63,1885.02,1885.09,70.75382,,
2026-08-12 06:36:00+00:00,1885.09,1885.09,1884.48,1885.0,0.75503,,
2026-08-12 06:37:00+00:00,1885.0,1885.95,1885.0,1885.95,165.96399,,
2026-08-12 06:38:00+00:00,1885.95,1886.04,1885.28,1886.0,1501.83233,,
2026-08-12 06:39:00+00:00,1886.0,1886.01,1885.98,1885.98,0.70716,,
2026-08-12 06:40:00+00:00,1885.98,1886.01,1885.98,1885.98,0.49016,,
2026-08-12 06:41:00+00:00,1885.98,1886.02,1885.56,1885.67,295.18403,,
2026-08-12 06:42:00+00:00,1885.67,1886.35,1884.98,1885.93,216.91005515397504,,
2026-08-12 06:43:00+00:00,1885.93,1885.99,1885.02,1885.33,592.61849,,
2026-08-12 06:44:00+00:00,1885.33,1885.52,1884.74,1885.02,0.85172,,
2026-08-12 06:45:00+00:00,1885.02,1886.04,1884.99,1886.01,62.07175,,
2026-08-12 06:46:00+00:00,1886.01,1886.37,1885.99,1886.37,2032.24217,,
2026-08-12 06:47:00+00:00,1886.37,1886.71,1886.01,1886.56,266.9454,,
2026-08-12 06:48:00+00:00,1886.56,1886.56,1885.99,1886.02,0.91397,,
2026-08-12 06:49:00+00:00,1886.02,1886.02,1886.02,1886.02,0.0,,
2026-08-12 06:50:00+00:00,1886.02,1886.02,1886.02,1886.02,0.0,,
2026-08-12 06:51:00+00:00,1886.02,1887.36,1885.96,1887.36,1.9914140909005111,,
2026-08-12 06:52:00+00:00,1887.36,1887.36,1886.42,1886.42,94.93671,,
2026-08-12 06:53:00+00:00,1886.42,1886.42,1885.0,1885.01,88.58125719155244,,
2026-08-12 06:54:00+00:00,1885.01,1885.53,1884.99,1885.4,123.89239,,
2026-08-12 06:55:00+00:00,1885.4,1885.84,1884.99,1885.84,68.00538743821677,,
2026-08-12 06:56:00+00:00,1885.84,1885.99,1885.49,1885.98,269.27477,,
2026-08-12 06:57:00+00:00,1885.98,1886.53,1885.67,1886.5,59.87434,,
2026-08-12 06:58:00+00:00,1886.5,1886.53,1886.5,1886.52,0.19254,,
2026-08-12 06:59:00+00:00,1886.52,1886.52,1886.2,1886.33,8.878,,
2026-08-12 07:00:00+00:00,1886.33,1887.12,1886.33,1887.0,110.00292,,
2026-08-12 07:01:00+00:00,1887.0,1887.52,1886.99,1887.51,57.36351,,
2026-08-12 07:02:00+00:00,1887.51,1887.53,1887.51,1887.53,1.25437,,
2026-08-12 07:03:00+00:00,1887.53,1888.56,1887.53,1888.56,105.41269,,
2026-08-12 07:04:00+00:00,1888.56,1889.02,1888.56,1889.02,2083.32632,,
2026-08-12 07:05:00+00:00,1889.02,1889.86,1889.02,1889.02,2.96826,,
2026-08-12 07:06:00+00:00,1889.02,1889.02,1888.97,1888.97,0.07109,,
2026-08-12 07:07:00+00:00,1888.97,1890.33,1888.97,1890.26,114.95271,,
2026-08-12 07:08:00+00:00,1890.26,1890.27,1889.02,1889.02,27.303919032436603,,
2026-08-12 07:09:00+00:00,1889.02,1889.02,1888.67,1888.67,63.5833,,
2026-08-12 07:10:00+00:00,1888.67,1888.98,1888.54,1888.67,938.67527,,
2026-08-12 07:11:00+00:00,1888.67,1889.02,1888.67,1889.0,0.55285,,
2026-08-12 07:12:00+00:00,1889.0,1889.01,1888.98,1888.98,0.69187,,
2026-08-12 07:13:00+00:00,1888.98,1889.02,1888.98,1889.02,0.67159,,
2026-08-12 07:14:00+00:00,1889.02,1889.02,1888.98,1888.98,1.1161692172042117,,
2026-08-12 07:15:00+00:00,1888.98,1889.45,1888.59,1889.44,152.64580039139787,,
2026-08-12 07:16:00+00:00,1889.44,1889.63,1889.02,1889.62,36.6858,,
2026-08-12 07:17:00+00:00,1889.62,1889.62,1889.01,1889.02,0.71047,,
2026-08-12 07:18:00+00:00,1889.02,1889.02,1888.96,1889.01,0.72694,,
2026-08-12 07:19:00+00:00,1889.01,1889.02,1888.99,1889.0,0.71953,,
2026-08-12 07:20:00+00:00,1889.0,1889.02,1889.0,1889.01,0.36582,,
2026-08-12 07:21:00+00:00,1889.01,1889.53,1889.01,1889.41,58.97333,,
2026-08-12 07:22:00+00:00,1889.41,1889.52,1888.98,1888.98,68.85505024473503,,
2026-08-12 07:23:00+00:00,1888.98,1888.98,1888.88,1888.88,0.527052313919941,,
2026-08-12 07:24:00+00:00,1888.88,1889.02,1888.88,1889.02,0.3511100029647198,,
2026-08-12 07:25:00+00:00,1889.02,1889.03,1889.0,1889.02,0.86455,,
2026-08-12 07:26:00+00:00,1889.02,1889.45,1889.02,1889.33,25.17561,,
2026-08-12 07:27:00+00:00,1889.33,1889.61,1889.04,1889.61,67.12527,,
2026-08-12 07:28:00+00:00,1889.61,1889.69,1889.01,1889.01,145.77412,,
2026-08-12 07:29:00+00:00,1889.01,1889.01,1888.16,1888.67,197.02058000296472,,
2026-08-12 07:30:00+00:00,1888.67,1888.98,1888.31,1888.53,1604.37496,,
2026-08-12 07:31:00+00:00,1888.53,1889.53,1888.53,1889.53,36.3751,,
2026-08-12 07:32:00+00:00,1889.53,1890.41,1889.53,1890.41,0.4099102200183216,,
2026-08-12 07:33:00+00:00,1890.41,1890.85,1889.47,1889.67,116.87046511351792,,
2026-08-12 07:34:00+00:00,1889.67,1890.0,1889.67,1890.0,0.1936,,
2026-08-12 07:35:00+00:00,1890.0,1890.0,1889.57,1889.67,31.599220337346207,,
2026-08-12 07:36:00+00:00,1889.67,1889.98,1888.15,1888.4,42.729728640942206,,
2026-08-12 07:37:00+00:00,1888.4,1888.65,1888.02,1888.65,67.66394499619003,,
2026-08-12 07:38:00+00:00,1888.65,1888.66,1887.86,1887.98,32.80419,,
2026-08-12 07:39:00+00:00,1887.98,1888.02,1887.97,1887.98,0.69298,,
2026-08-12 07:40:00+00:00,1887.98,1887.98,1887.98,1887.98,0.0,,
2026-08-12 07:41:00+00:00,1887.98,1888.0,1887.59,1887.59,26.08534,,
2026-08-12 07:42:00+00:00,1887.59,1887.84,1887.59,1887.63,1.065244886482082,,
2026-08-12 07:43:00+00:00,1887.63,1887.99,1887.63,1887.98,0.53913,,
2026-08-12 07:44:00+00:00,1887.98,1887.98,1887.98,1887.98,0.0,,
2026-08-12 07:45:00+00:00,1887.98,1887.98,1885.7,1885.7,23992.12012,,
2026-08-12 07:46:00+00:00,1885.7,1886.01,1885.7,1885.99,11182.45647,,
2026-08-12 07:47:00+00:00,1885.99,1886.53,1885.93,1886.53,42.55726392193555,,
2026-08-12 07:48:00+00:00,1886.53,1887.36,1884.64,1887.36,32.770115119269605,,
2026-08-12 07:49:00+00:00,1887.36,1887.36,1886.54,1886.65,31.68741,,
2026-08-12 07:50:00+00:00,1886.65,1886.65,1886.65,1886.65,0.0,,
2026-08-12 07:51:00+00:00,1886.65,1887.85,1886.65,1887.85,35.92724,,
2026-08-12 07:52:00+00:00,1887.85,1888.01,1887.84,1887.99,1.41624,,
2026-08-12 07:53:00+00:00,1887.99,1888.61,1887.98,1888.6,2080.35654,,
2026-08-12 07:54:00+00:00,1888.6,1889.02,1888.02,1889.02,36.48063,,
2026-08-12 07:55:00+00:00,1889.02,1890.02,1889.0,1890.02,95.99767358512936,,
2026-08-12 07:56:00+00:00,1890.02,1890.4,1889.98,1889.98,12.07515,,
2026-08-12 07:57:00+00:00,1889.98,1890.39,1889.98,1889.99,32.76834886482082,,
2026-08-12 07:58:00+00:00,1889.99,1891.0,1889.98,1890.99,64.78687687918433,,
2026-08-12 07:59:00+00:00,1890.99,1891.02,1890.96,1890.99,1.4915579738432487,,
2026-08-12 08:00:00+00:00,1890.99,1891.12,1889.98,1890.67,293.78398737434816,,
2026-08-12 08:01:00+00:00,1890.67,1890.67,1889.66,1890.53,135.69075199200927,,
2026-08-12 08:02:00+00:00,1890.53,1891.02,1890.51,1891.02,1.78864,,
2026-08-12 08:03:00+00:00,1891.02,1892.46,1891.02,1891.98,2459.830703076668,,
2026-08-12 08:04:00+00:00,1891.98,1892.02,1891.37,1891.99,86.52887,,
2026-08-12 08:05:00+00:00,1891.99,1893.33,1891.99,1893.02,17.64587480720705,,
2026-08-12 08:06:00+00:00,1893.02,1895.36,1893.0,1895.36,4711.46844327052,,
2026-08-12 08:07:00+00:00,1895.36,1895.44,1892.64,1892.64,4099.962134221106,,
2026-08-12 08:08:00+00:00,1892.64,1895.36,1892.64,1895.36,2.027061379677198,,
2026-08-12 08:09:00+00:00,1895.36,1895.36,1893.99,1893.99,0.9779035718546908,,
2026-08-12 08:10:00+00:00,1893.99,1894.02,1892.98,1893.38,145.30046450264632,,
2026-08-12 08:11:00+00:00,1893.38,1893.38,1893.01,1893.02,0.50844,,
2026-08-12 08:12:00+00:00,1893.02,1893.02,1892.45,1892.98,2217.013059118258,,
2026-08-12 08:13:00+00:00,1892.98,1892.99,1891.93,1891.95,824.7942229693468,,
2026-08-12 08:14:00+00:00,1891.95,1891.99,1891.48,1891.49,270.89178703065306,,
2026-08-12 08:15:00+00:00,1891.49,1892.0,1891.49,1891.99,0.793634049013596,,
2026-08-12 08:16:00+00:00,1891.99,1892.64,1891.98,1892.63,161.43511457675538,,
2026-08-12 08:17:00+00:00,1892.63,1893.01,1892.63,1892.99,3.3706914972131967,,
2026-08-12 08:18:00+00:00,1892.99,1893.02,1892.99,1893.02,1.75134,,
2026-08-12 08:19:00+00:00,1893.02,1893.33,1893.0,1893.01,31.62626,,
2026-08-12 08:20:00+00:00,1893.01,1893.99,1893.0,1893.98,68.30174751463522,,
2026-08-12 08:21:00+00:00,1893.98,1894.01,1891.96,1892.33,188.3862977049137,,
2026-08-12 08:22:00+00:00,1892.33,1892.33,1892.28,1892.3,1.78451,,
2026-08-12 08:23:00+00:00,1892.3,1893.02,1891.98,1893.0,129.84408,,
2026-08-12 08:24:00+00:00,1893.0,1893.02,1892.99,1893.02,0.78223,,
2026-08-12 08:25:00+00:00,1893.02,1893.02,1892.47,1892.47,316.74339,,
2026-08-12 08:26:00+00:00,1892.47,1893.36,1891.6,1893.36,1080.943201472703,,
2026-08-12 08:27:00+00:00,1893.36,1893.36,1891.93,1892.02,120.89085239228078,,
2026-08-12 08:28:00+00:00,1892.02,1892.98,1891.98,1891.98,70.67087,,
2026-08-12 08:29:00+00:00,1891.98,1892.02,1891.97,1891.97,0.74676,,
2026-08-12 08:30:00+00:00,1891.97,1891.99,1891.02,1891.33,171.66616,,
2026-08-12 08:31:00+00:00,1891.33,1891.5,1890.63,1891.4,2175.19189,,
2026-08-12 08:32:00+00:00,1891.4,1891.4,1890.67,1890.67,58.91207,,
2026-08-12 08:33:00+00:00,1890.67,1891.85,1890.55,1891.85,37.01660872414704,,
2026-08-12 08:34:00+00:00,1891.85,1891.85,1890.64,1890.98,5.930975735228823,,
2026-08-12 08:35:00+00:00,1890.98,1892.02,1890.64,1892.02,310.6681475320298,,
2026-08-12 08:36:00+00:00,1892.02,1892.02,1890.88,1890.99,145.281541655745,,
2026-08-12 08:37:00+00:00,1890.99,1891.49,1890.64,1890.98,283.5264418050865,,
2026-08-12 08:38:00+00:00,1890.98,1892.0,1890.98,1891.04,6.131438490578152,,
2026-08-12 08:39:00+00:00,1891.04,1891.21,1890.98,1891.02,1.0715415605437055,,
2026-08-12 08:40:00+00:00,1891.02,1891.02,1890.93,1890.98,0.7824836007208382,,
2026-08-12 08:41:00+00:00,1890.98,1891.03,1890.88,1890.88,1.321334279835737,,
2026-08-12 08:42:00+00:00,1890.88,1890.99,1890.15,1890.23,1185.452410442157,,
2026-08-12 08:43:00+00:00,1890.23,1890.4,1890.15,1890.15,2.6756431299090786,,
2026-08-12 08:44:00+00:00,1890.15,1890.34,1889.64,1889.98,7.059368948469141,,
2026-08-12 08:45:00+00:00,1889.98,1890.33,1889.67,1889.98,33.78406285828429,,
2026-08-12 08:46:00+00:00,1889.98,1891.02,1889.98,1891.02,271.17414060558474,,
2026-08-12 08:47:00+00:00,1891.02,1891.53,1890.98,1891.44,2032.82766650225,,
2026-08-12 08:48:00+00:00,1891.44,1891.53,1891.43,1891.44,1.16522,,
2026-08-12 08:49:00+00:00,1891.44,1891.76,1889.64,1891.76,3.166000681387809,,
2026-08-12 08:50:00+00:00,1891.76,1891.76,1889.64,1889.64,0.3173308301798478,,
2026-08-12 08:51:00+00:00,1889.64,1891.37,1889.64,1889.64,6.346299325074102,,
2026-08-12 08:52:00+00:00,1889.64,1890.47,1889.64,1889.64,0.2562045138979608,,
2026-08-12 08:53:00+00:00,1889.64,1890.47,1889.64,1890.47,7.005034141975503,,
2026-08-12 08:54:00+00:00,1890.47,1890.47,1890.47,1890.47,0.0,,
2026-08-12 08:55:00+00:00,1890.47,1890.47,1889.64,1890.46,0.3376882921328848,,
2026-08-12 08:56:00+00:00,1890.46,1890.46,1889.64,1889.64,0.6471795285887187,,
2026-08-12 08:57:00+00:00,1889.64,1889.64,1889.64,1889.64,0.0,,
2026-08-12 08:58:00+00:00,1889.64,1890.01,1889.64,1889.99,6.022885140492458,,
2026-08-12 08:59:00+00:00,1889.99,1890.02,1889.96,1889.96,1.9788485732722596,,
2026-08-12 09:00:00+00:00,1889.96,1890.02,1889.96,1889.99,0.66318,,
2026-08-12 09:01:00+00:00,1889.99,1890.01,1889.55,1889.55,2057.397729242294,,
2026-08-12 09:02:00+00:00,1889.55,1890.02,1889.25,1889.96,41.1925589903198,,
2026-08-12 09:03:00+00:00,1889.96,1890.49,1889.96,1890.45,3130.3161510175673,,
2026-08-12 09:04:00+00:00,1890.45,1890.84,1890.44,1890.84,0.45763,,
2026-08-12 09:05:00+00:00,1890.84,1891.02,1890.84,1891.02,1.6222256463635445,,
2026-08-12 09:06:00+00:00,1891.02,1891.69,1890.98,1890.98,2501.7352001672225,,
2026-08-12 09:07:00+00:00,1890.98,1891.94,1890.96,1891.47,118.73442735425928,,
2026-08-12 09:08:00+00:00,1891.47,1892.0,1891.47,1891.98,102.33171028702117,,
2026-08-12 09:09:00+00:00,1891.98,1892.0,1891.93,1891.98,2.620502365843209,,
2026-08-12 09:10:00+00:00,1891.98,1892.49,1891.98,1892.48,1075.82704,,
2026-08-12 09:11:00+00:00,1892.48,1892.49,1892.02,1892.33,536.7272,,
2026-08-12 09:12:00+00:00,1892.33,1892.85,1892.02,1892.85,678.3811962236333,,
2026-08-12 09:13:00+00:00,1892.85,1892.85,1890.64,1892.12,124.62906635521956,,
2026-08-12 09:14:00+00:00,1892.12,1892.12,1891.98,1892.0,1.61651,,
2026-08-12 09:15:00+00:00,1892.0,1892.84,1892.0,1892.83,110.42697,,
2026-08-12 09:16:00+00:00,1892.83,1893.02,1892.83,1893.02,1.40659,,
2026-08-12 09:17:00+00:00,1893.02,1893.77,1893.02,1893.47,35.41864334952738,,
2026-08-12 09:18:00+00:00,1893.47,1894.02,1893.02,1894.02,199.9642706360412,,
2026-08-12 09:19:00+00:00,1894.02,1896.33,1894.0,1896.33,6668.922852357203,,
2026-08-12 09:20:00+00:00,1896.33,1896.85,1894.65,1895.0,10.367714155990653,,
2026-08-12 09:21:00+00:00,1895.0,1895.09,1893.64,1894.15,4083.9233080273407,,
2026-08-12 09:22:00+00:00,1894.15,1894.56,1893.42,1894.56,48.38819680299752,,
2026-08-12 09:23:00+00:00,1894.56,1895.84,1894.56,1895.83,3080.8058426634966,,
2026-08-12 09:24:00+00:00,1895.83,1899.36,1895.83,1897.64,9663.010841299158,,
2026-08-12 09:25:00+00:00,1897.64,1904.72,1897.64,1900.74,11661.14245806578,,
2026-08-12 09:26:00+00:00,1900.74,1902.04,1900.07,1901.98,9350.164290147985,,
2026-08-12 09:27:00+00:00,1901.98,1903.6,1900.64,1901.49,37028.57968839341,,
2026-08-12 09:28:00+00:00,1901.49,1903.0,1901.49,1902.63,78.71689975702202,,
2026-08-12 09:29:00+00:00,1902.63,1903.78,1902.63,1903.01,4096.050810242978,,
2026-08-12 09:30:00+00:00,1903.01,1905.36,1903.01,1904.17,3134.1949295998793,,
2026-08-12 09:31:00+00:00,1904.17,1905.36,1903.15,1905.11,6276.575684080357,,
2026-08-12 09:32:00+00:00,1905.11,1908.38,1905.02,1908.38,12226.499972673157,,
2026-08-12 09:33:00+00:00,1908.38,1909.37,1906.75,1907.53,68.16016370869589,,
2026-08-12 09:34:00+00:00,1907.53,1907.53,1903.72,1903.72,2627.738880643433,,
2026-08-12 09:35:00+00:00,1903.72,1906.39,1903.64,1906.02,2002.2183895148737,,
2026-08-12 09:36:00+00:00,1906.02,1907.36,1905.01,1906.02,83.45912816561597,,
2026-08-12 09:37:00+00:00,1906.02,1906.71,1905.01,1906.01,9776.816541638216,,
2026-08-12 09:38:00+00:00,1906.01,1906.02,1904.96,1904.96,21.55550472856834,,
2026-08-12 09:39:00+00:00,1904.96,1906.36,1904.15,1904.15,1156.5538709469265,,
2026-08-12 09:40:00+00:00,1904.15,1904.15,1902.66,1902.98,2019.9312057448392,,
2026-08-12 09:41:00+00:00,1902.98,1903.07,1901.75,1901.75,2039.464512713008,,
2026-08-12 09:42:00+00:00,1901.75,1902.49,1901.75,1902.03,1.1200172042711851,,
2026-08-12 09:43:00+00:00,1902.03,1904.37,1902.02,1904.33,2713.5447505752054,,
2026-08-12 09:44:00+00:00,1904.33,1905.36,1903.98,1904.02,34.873109365801554,,
2026-08-12 09:45:00+00:00,1904.02,1904.53,1904.01,1904.53,287.4927315966752,,
2026-08-12 09:46:00+00:00,1904.53,1905.33,1904.01,1904.53,240.14562880871537,,
2026-08-12 09:47:00+00:00,1904.53,1905.02,1904.0,1904.46,229.27737566713344,,
2026-08-12 09:48:00+00:00,1904.46,1905.36,1904.0,1905.35,102.58235868405752,,
2026-08-12 09:49:00+00:00,1905.35,1905.35,1902.64,1902.64,0.805654507636761,,
2026-08-12 09:50:00+00:00,1902.64,1905.31,1902.64,1903.92,1.3413257894736843,,
2026-08-12 09:51:00+00:00,1903.92,1904.02,1903.3,1903.3,2088.693647484179,,
2026-08-12 09:52:00+00:00,1903.3,1903.3,1902.15,1902.41,2194.3893788999626,,
2026-08-12 09:53:00+00:00,1902.41,1903.02,1902.41,1902.99,157.32996788801822,,
2026-08-12 09:54:00+00:00,1902.99,1903.02,1902.88,1902.99,1.48415,,
2026-08-12 09:55:00+00:00,1902.99,1903.02,1902.96,1903.02,1.0614024589061253,,
2026-08-12 09:56:00+00:00,1903.02,1903.82,1903.01,1903.75,31045.65294,,
2026-08-12 09:57:00+00:00,1903.75,1904.11,1902.99,1904.11,0.9492472346817652,,
2026-08-12 09:58:00+00:00,1904.11,1905.0,1903.93,1904.99,1496.7350012605043,,
2026-08-12 09:59:00+00:00,1904.99,1905.02,1904.98,1904.98,2.6085782821494075,,
2026-08-12 10:00:00+00:00,1904.98,1906.67,1904.98,1906.15,4837.463478689068,,
2026-08-12 10:01:00+00:00,1906.15,1907.52,1906.01,1907.52,1677.0333937252724,,
2026-08-12 10:02:00+00:00,1907.52,1913.36,1907.52,1911.64,10472.769613191338,,
2026-08-12 10:03:00+00:00,1911.64,1912.12,1909.88,1909.95,2408.6764820165445,,
2026-08-12 10:04:00+00:00,1909.95,1911.7,1909.93,1910.12,553.6658018108379,,
2026-08-12 10:05:00+00:00,1910.12,1910.12,1908.67,1908.98,119.5306553108475,,
2026-08-12 10:06:00+00:00,1908.98,1909.02,1908.39,1908.39,2015.2637037286504,,
2026-08-12 10:07:00+00:00,1908.39,1909.53,1908.39,1909.48,34.519599884891285,,
2026-08-12 10:08:00+00:00,1909.48,1911.0,1909.47,1910.33,168.46255365882772,,
2026-08-12 10:09:00+00:00,1910.33,1910.53,1908.64,1910.07,54.98115555105827,,
2026-08-12 10:10:00+00:00,1910.07,1910.07,1909.16,1910.02,78.41608858859546,,
2026-08-12 10:11:00+00:00,1910.02,1910.48,1909.98,1910.47,31.56914,,
2026-08-12 10:12:00+00:00,1910.47,1911.53,1910.02,1911.53,98.33181951347795,,
2026-08-12 10:13:00+00:00,1911.53,1912.04,1911.01,1912.0,35.83405,,
2026-08-12 10:14:00+00:00,1912.0,1912.02,1910.99,1910.99,66.80622,,
2026-08-12 10:15:00+00:00,1910.99,1913.53,1910.99,1913.53,4326.80855,,
2026-08-12 10:16:00+00:00,1913.53,1913.53,1912.15,1912.15,4115.71967,,
2026-08-12 10:17:00+00:00,1912.15,1912.15,1910.64,1911.33,78.62349098738652,,
2026-08-12 10:18:00+00:00,1911.33,1911.99,1910.98,1911.49,152.8689567078405,,
2026-08-12 10:19:00+00:00,1911.49,1911.98,1910.93,1911.07,94.27276423200745,,
2026-08-12 10:20:00+00:00,1911.07,1913.48,1911.02,1913.48,6656.487736924749,,
2026-08-12 10:21:00+00:00,1913.48,1914.17,1912.64,1913.28,169.99119621034308,,
2026-08-12 10:22:00+00:00,1913.28,1913.28,1911.91,1912.02,47.5192222161485,,
2026-08-12 10:23:00+00:00,1912.02,1912.99,1911.93,1912.61,264.5828246087136,,
2026-08-12 10:24:00+00:00,1912.61,1913.36,1911.99,1911.99,57.25482589936034,,
2026-08-12 10:25:00+00:00,1911.99,1912.04,1910.99,1910.99,2030.93554,,
2026-08-12 10:26:00+00:00,1910.99,1911.02,1910.93,1911.01,2.4270440510700646,,
2026-08-12 10:27:00+00:00,1911.01,1911.98,1911.01,1911.68,57.71492,,
2026-08-12 10:28:00+00:00,1911.68,1911.68,1910.47,1910.47,2230.4572745224236,,
2026-08-12 10:29:00+00:00,1910.47,1910.98,1910.24,1910.24,971.72622,,
2026-08-12 10:30:00+00:00,1910.24,1910.5,1909.69,1910.0,548.9203589718239,,
2026-08-12 10:31:00+00:00,1910.0,1910.99,1909.96,1910.99,100.8303619700106,,
2026-08-12 10:32:00+00:00,1910.99,1911.82,1910.98,1911.7,2189.674341924686,,
2026-08-12 10:33:00+00:00,1911.7,1912.45,1911.41,1912.2,1633.67152,,
2026-08-12 10:34:00+00:00,1912.2,1912.53,1910.64,1911.2,38.56931612854788,,
2026-08-12 10:35:00+00:00,1911.2,1911.96,1911.0,1911.47,160.55441007887336,,
2026-08-12 10:36:00+00:00,1911.47,1911.72,1910.0,1910.05,2047.1470727230203,,
2026-08-12 10:37:00+00:00,1910.05,1910.16,1908.71,1908.71,2007.0056601329024,,
2026-08-12 10:38:00+00:00,1908.71,1910.02,1908.71,1909.47,488.8312,,
2026-08-12 10:39:00+00:00,1909.47,1910.41,1909.47,1910.33,155.01761,,
2026-08-12 10:40:00+00:00,1910.33,1910.99,1910.02,1910.98,198.22894,,
2026-08-12 10:41:00+00:00,1910.98,1911.53,1910.98,1911.52,1963.2803,,
2026-08-12 10:42:00+00:00,1911.52,1911.52,1910.93,1910.98,1.6079774468085106,,
2026-08-12 10:43:00+00:00,1910.98,1912.11,1910.98,1911.16,1072.46587,,
2026-08-12 10:44:00+00:00,1911.16,1911.37,1910.98,1910.98,5.156862382821076,,
2026-08-12 10:45:00+00:00,1910.98,1911.07,1910.98,1910.98,1.3977911864540171,,
2026-08-12 10:46:00+00:00,1910.98,1911.02,1910.48,1910.53,113.49704323315903,,
2026-08-12 10:47:00+00:00,1910.53,1910.53,1908.64,1908.64,2026.4402774435605,,
2026-08-12 10:48:00+00:00,1908.64,1910.51,1908.64,1908.64,2086.1524272103675,,
2026-08-12 10:49:00+00:00,1908.64,1908.64,1907.12,1907.98,9.122040122090912,,
2026-08-12 10:50:00+00:00,1907.98,1908.98,1907.98,1908.15,195.21441319213952,,
2026-08-12 10:51:00+00:00,1908.15,1908.88,1908.15,1908.31,2.936245432922459,,
2026-08-12 10:52:00+00:00,1908.31,1909.4,1908.31,1909.3,2010.0144162294528,,
2026-08-12 10:53:00+00:00,1909.3,1909.3,1908.98,1908.98,5.146608325239126,,
2026-08-12 10:54:00+00:00,1908.98,1908.98,1908.98,1908.98,0.0,,
2026-08-12 10:55:00+00:00,1908.98,1909.46,1908.98,1909.36,62.12066,,
2026-08-12 10:56:00+00:00,1909.36,1909.36,1908.5,1908.5,142.27782675426505,,
2026-08-12 10:57:00+00:00,1908.5,1908.98,1908.01,1908.01,248.36904,,
2026-08-12 10:58:00+00:00,1908.01,1908.5,1907.98,1908.33,211.94756645332865,,
2026-08-12 10:59:00+00:00,1908.33,1908.5,1907.98,1907.98,0.46916,,
2026-08-12 11:00:00+00:00,1907.98,1910.39,1907.98,1910.38,2840.1118836125656,,
2026-08-12 11:01:00+00:00,1910.38,1910.51,1909.6,1909.8,140.78437361256545,,
2026-08-12 11:02:00+00:00,1909.8,1910.0,1908.01,1908.01,2072.0463,,
2026-08-12 11:03:00+00:00,1908.01,1908.01,1907.47,1907.47,31.519983124210583,,
2026-08-12 11:04:00+00:00,1907.47,1907.98,1906.98,1906.98,233.86569,,
2026-08-12 11:05:00+00:00,1906.98,1907.33,1906.55,1906.99,2089.06898,,
2026-08-12 11:06:00+00:00,1906.99,1907.57,1906.48,1907.33,354.74066,,
2026-08-12 11:07:00+00:00,1907.33,1907.98,1906.98,1907.49,372.02068375341526,,
2026-08-12 11:08:00+00:00,1907.49,1909.36,1906.61,1909.36,590.4755182607295,,
2026-08-12 11:09:00+00:00,1909.36,1909.36,1906.64,1906.64,1977.985541589302,,
2026-08-12 11:10:00+00:00,1906.64,1909.36,1906.63,1907.98,289.4863246527353,,
2026-08-12 11:11:00+00:00,1907.98,1909.31,1907.98,1909.31,199.15824264357244,,
2026-08-12 11:12:00+00:00,1909.31,1910.36,1908.96,1908.96,23943.96885,,
2026-08-12 11:13:00+00:00,1908.96,1909.02,1908.5,1908.5,1327.797047537978,,
2026-08-12 11:14:00+00:00,1908.5,1908.98,1907.98,1907.98,164.34082140837097,,
2026-08-12 11:15:00+00:00,1907.98,1908.98,1907.98,1908.67,216.87402,,
2026-08-12 11:16:00+00:00,1908.67,1908.98,1907.98,1907.98,213.5693022000976,,
2026-08-12 11:17:00+00:00,1907.98,1910.0,1907.98,1910.0,2085.7068264335912,,
2026-08-12 11:18:00+00:00,1910.0,1910.09,1909.01,1909.4,110.3966575889528,,
2026-08-12 11:19:00+00:00,1909.4,1910.02,1909.4,1910.0,1.62751,,
2026-08-12 11:20:00+00:00,1910.0,1910.47,1909.98,1910.0,61.72494,,
2026-08-12 11:21:00+00:00,1910.0,1910.46,1910.0,1910.46,0.8149782044113566,,
2026-08-12 11:22:00+00:00,1910.46,1910.46,1909.98,1909.98,119.05399,,
2026-08-12 11:23:00+00:00,1909.98,1911.61,1909.98,1911.04,1074.1064636665965,,
2026-08-12 11:24:00+00:00,1911.04,1911.04,1910.99,1910.99,0.28107,,
2026-08-12 11:25:00+00:00,1910.99,1911.47,1910.98,1910.98,31.48184,,
2026-08-12 11:26:00+00:00,1910.98,1911.49,1910.98,1911.47,153.55551,,
2026-08-12 11:27:00+00:00,1911.47,1912.18,1911.02,1912.02,245.64777,,
2026-08-12 11:28:00+00:00,1912.02,1912.02,1911.48,1911.48,25.55893,,
2026-08-12 11:29:00+00:00,1911.48,1913.01,1911.48,1913.01,132.88245,,
2026-08-12 11:30:00+00:00,1913.01,1914.62,1913.01,1913.99,8422.557571924406,,
2026-08-12 11:31:00+00:00,1913.99,1914.33,1913.8,1914.33,94.86441,,
2026-08-12 11:32:00+00:00,1914.33,1914.53,1913.99,1914.02,2835.63963,,
2026-08-12 11:33:00+00:00,1914.02,1914.02,1913.25,1913.25,4713.892572302137,,
2026-08-12 11:34:00+00:00,1913.25,1913.28,1911.87,1911.88,6811.09871062629,,
2026-08-12 11:35:00+00:00,1911.88,1912.07,1911.48,1911.48,1.00537,,
2026-08-12 11:36:00+00:00,1911.48,1911.49,1910.98,1911.01,0.8752468169236645,,
2026-08-12 11:37:00+00:00,1911.01,1911.01,1910.98,1910.99,0.39256,,
2026-08-12 11:38:00+00:00,1910.99,1910.99,1910.98,1910.99,0.2840693542090748,,
2026-08-12 11:39:00+00:00,1910.99,1912.79,1910.99,1912.16,13393.704622556786,,
2026-08-12 11:40:00+00:00,1912.16,1913.34,1912.16,1913.0,2011.1547,,
2026-08-12 11:41:00+00:00,1913.0,1913.02,1912.99,1912.99,0.19851,,
2026-08-12 11:42:00+00:00,1912.99,1913.37,1912.67,1913.37,4064.56228,,
2026-08-12 11:43:00+00:00,1913.37,1913.37,1912.16,1912.16,83.28726176349524,,
2026-08-12 11:44:00+00:00,1912.16,1913.02,1912.16,1912.98,104.10313,,
2026-08-12 11:45:00+00:00,1912.98,1913.02,1912.43,1912.67,387.643546820095,,
2026-08-12 11:46:00+00:00,1912.67,1913.01,1912.48,1912.99,526.19766,,
2026-08-12 11:47:00+00:00,1912.99,1913.02,1912.98,1913.01,0.71451,,
2026-08-12 11:48:00+00:00,1913.01,1913.84,1912.99,1913.84,67.28544,,
2026-08-12 11:49:00+00:00,1913.84,1913.85,1911.64,1913.46,22.69466602250139,,
2026-08-12 11:50:00+00:00,1913.46,1915.2,1913.29,1915.14,5325.814077969627,,
2026-08-12 11:51:00+00:00,1915.14,1915.14,1913.8,1914.33,145.052207772648,,
2026-08-12 11:52:00+00:00,1914.33,1914.85,1914.01,1914.01,96.24797,,
2026-08-12 11:53:00+00:00,1914.01,1914.01,1913.98,1913.99,0.3653,,
2026-08-12 11:54:00+00:00,1913.99,1914.01,1913.57,1914.01,86.69106,,
2026-08-12 11:55:00+00:00,1914.01,1914.02,1913.99,1914.02,0.8632404811755917,,
2026-08-12 11:56:00+00:00,1914.02,1914.6,1913.98,1913.98,74.03834951882442,,
2026-08-12 11:57:00+00:00,1913.98,1914.02,1913.98,1913.98,0.18473,,
2026-08-12 11:58:00+00:00,1913.98,1915.33,1913.98,1915.33,44.42619506527415,,
2026-08-12 11:59:00+00:00,1915.33,1915.33,1914.82,1914.83,3.34082,,
2026-08-12 12:00:00+00:00,1914.83,1917.02,1914.83,1916.67,10088.102828186058,,
2026-08-12 12:01:00+00:00,1916.67,1916.67,1914.64,1915.42,3535.9606,,
2026-08-12 12:02:00+00:00,1915.42,1915.42,1914.98,1914.98,0.07851,,
2026-08-12 12:03:00+00:00,1914.98,1915.98,1914.98,1915.18,9953.02117,,
2026-08-12 12:04:00+00:00,1915.18,1916.67,1915.0,1916.02,134.2435834606554,,
2026-08-12 12:05:00+00:00,1916.02,1916.02,1915.49,1915.5,108.67527435934906,,
2026-08-12 12:06:00+00:00,1915.5,1915.5,1914.38,1915.0,1205.491529480665,,
2026-08-12 12:07:00+00:00,1915.0,1915.33,1914.49,1915.33,414.48956,,
2026-08-12 12:08:00+00:00,1915.33,1916.55,1914.98,1916.49,2602.0041720411914,,
2026-08-12 12:09:00+00:00,1916.49,1916.49,1915.98,1915.98,0.66341,,
2026-08-12 12:10:00+00:00,1915.98,1915.99,1914.36,1914.36,2610.091588094142,,
2026-08-12 12:11:00+00:00,1914.36,1914.63,1913.86,1914.12,123.23990233006354,,
2026-08-12 12:12:00+00:00,1914.12,1914.92,1913.98,1914.92,369.28641558493047,,
2026-08-12 12:13:00+00:00,1914.92,1915.12,1914.92,1914.98,0.8547,,
2026-08-12 12:14:00+00:00,1914.98,1914.98,1913.58,1913.58,2099.35285,,
2026-08-12 12:15:00+00:00,1913.58,1915.55,1913.58,1915.53,79967.70887,,
2026-08-12 12:16:00+00:00,1915.53,1916.69,1915.02,1915.99,2471.4173255849305,,
2026-08-12 12:17:00+00:00,1915.99,1918.36,1915.63,1917.51,9084.10269628462,,
2026-08-12 12:18:00+00:00,1917.51,1917.51,1917.51,1917.51,0.0,,
2026-08-12 12:19:00+00:00,1917.51,1917.51,1914.7,1915.2,144.91447,,
2026-08-12 12:20:00+00:00,1915.2,1916.51,1914.66,1916.42,2082.37725,,
2026-08-12 12:21:00+00:00,1916.42,1916.73,1915.0,1915.02,2230.83778,,
2026-08-12 12:22:00+00:00,1915.02,1915.4,1914.96,1914.96,93.90204,,
2026-08-12 12:23:00+00:00,1914.96,1915.02,1913.51,1913.67,159.16944,,
2026-08-12 12:24:00+00:00,1913.67,1914.02,1913.51,1914.01,12.567892527732113,,
2026-08-12 12:25:00+00:00,1914.01,1914.01,1913.21,1913.27,56.41671,,
2026-08-12 12:26:00+00:00,1913.27,1914.0,1913.26,1914.0,43.06767,,
2026-08-12 12:27:00+00:00,1914.0,1915.53,1914.0,1915.53,2202.9719,,
2026-08-12 12:28:00+00:00,1915.53,1919.04,1914.99,1919.04,3107.6822303798012,,
2026-08-12 12:29:00+00:00,1919.04,1922.48,1919.01,1921.23,29293.053767454945,,
2026-08-12 12:30:00+00:00,1921.23,1925.36,1908.64,1911.53,14080.88385068068,,
2026-08-12 12:31:00+00:00,1911.53,1912.13,1907.12,1910.65,38022.11836,,
2026-08-12 12:32:00+00:00,1910.65,1913.36,1910.0,1913.36,3390.21548,,
2026-08-12 12:33:00+00:00,1913.36,1916.35,1913.36,1916.35,51738.357505139335,,
2026-08-12 12:34:00+00:00,1916.35,1917.33,1913.36,1913.36,4366.28141,,
2026-08-12 12:35:00+00:00,1913.36,1914.53,1910.12,1910.53,25008.5233,,
2026-08-12 12:36:00+00:00,1910.53,1912.39,1910.52,1912.33,17601.625342376363,,
2026-08-12 12:37:00+00:00,1912.33,1913.2,1911.34,1911.39,2111.60306,,
2026-08-12 12:38:00+00:00,1911.39,1911.98,1910.27,1910.89,9128.90615,,
2026-08-12 12:39:00+00:00,1910.89,1910.89,1907.63,1909.06,14640.289154485488,,
2026-08-12 12:40:00+00:00,1909.06,1910.19,1909.02,1909.15,2099.48884,,
2026-08-12 12:41:00+00:00,1909.15,1910.02,1908.47,1909.02,2150.0421820127,,
2026-08-12 12:42:00+00:00,1909.02,1909.02,1905.64,1906.99,4547.836175906976,,
2026-08-12 12:43:00+00:00,1906.99,1909.36,1906.99,1909.02,2049.5959787306406,,
2026-08-12 12:44:00+00:00,1909.02,1909.56,1907.65,1907.65,2217.7272653204286,,
2026-08-12 12:45:00+00:00,1907.65,1909.06,1907.64,1907.91,182.0943871307632,,
2026-08-12 12:46:00+00:00,1907.91,1907.91,1904.64,1906.0,6080.395847502221,,
2026-08-12 12:47:00+00:00,1906.0,1907.32,1905.04,1907.02,5617.75424,,
2026-08-12 12:48:00+00:00,1907.02,1907.02,1905.63,1907.02,2081.49977,,
2026-08-12 12:49:00+00:00,1907.02,1907.02,1904.86,1904.86,1055.6425871548856,,
2026-08-12 12:50:00+00:00,1904.86,1907.65,1904.8,1907.65,2170.006135899553,,
2026-08-12 12:51:00+00:00,1907.65,1908.65,1907.39,1908.65,2204.997821200654,,
2026-08-12 12:52:00+00:00,1908.65,1910.0,1908.01,1910.0,2897.3235540837695,,
2026-08-12 12:53:00+00:00,1910.0,1912.38,1910.0,1912.15,5467.309155610412,,
2026-08-12 12:54:00+00:00,1912.15,1912.15,1910.65,1911.27,10705.90293,,
2026-08-12 12:55:00+00:00,1911.27,1911.53,1910.44,1910.45,86.02933937370982,,
2026-08-12 12:56:00+00:00,1910.45,1910.45,1909.24,1909.25,2609.66462,,
2026-08-12 12:57:00+00:00,1909.25,1910.41,1908.66,1910.33,2155.72634,,
2026-08-12 12:58:00+00:00,1910.33,1910.53,1908.64,1908.64,156.431,,
2026-08-12 12:59:00+00:00,1908.64,1910.62,1908.64,1910.58,416.46523,,
2026-08-12 13:00:00+00:00,1910.58,1911.71,1909.01,1909.01,7062.491072158499,,
2026-08-12 13:01:00+00:00,1909.01,1909.7,1908.29,1908.29,220.86975,,
2026-08-12 13:02:00+00:00,1908.29,1908.53,1907.47,1907.67,2137.262912271059,,
2026-08-12 13:03:00+00:00,1907.67,1908.53,1907.53,1908.01,7225.80289,,
2026-08-12 13:04:00+00:00,1908.01,1909.01,1907.15,1909.0,5189.801443346984,,
2026-08-12 13:05:00+00:00,1909.0,1909.01,1906.93,1907.03,2059.67486,,
2026-08-12 13:06:00+00:00,1907.03,1908.33,1907.0,1908.33,150.50083,,
2026-08-12 13:07:00+00:00,1908.33,1909.52,1908.33,1909.52,2045.3783,,
2026-08-12 13:08:00+00:00,1909.52,1909.52,1908.36,1909.0,2035.89323,,
2026-08-12 13:09:00+00:00,1909.0,1909.85,1908.96,1909.85,170.42476486367693,,
2026-08-12 13:10:00+00:00,1909.85,1910.29,1908.18,1908.19,136.64956968586387,,
2026-08-12 13:11:00+00:00,1908.19,1908.21,1906.67,1906.67,2079.14562,,
2026-08-12 13:12:00+00:00,1906.67,1907.06,1906.67,1906.99,31.824110961844976,,
2026-08-12 13:13:00+00:00,1906.99,1907.02,1904.65,1905.04,2096.41197,,
2026-08-12 13:14:00+00:00,1905.04,1907.87,1904.65,1907.87,207.40610282455424,,
2026-08-12 13:15:00+00:00,1907.87,1910.36,1907.87,1909.47,30746.728423428503,,
2026-08-12 13:16:00+00:00,1909.47,1909.99,1907.96,1907.96,110.80841,,
2026-08-12 13:17:00+00:00,1907.96,1908.53,1907.83,1907.83,97.62747,,
2026-08-12 13:18:00+00:00,1907.83,1907.99,1907.57,1907.99,41.66864,,
2026-08-12 13:19:00+00:00,1907.99,1908.54,1907.98,1907.98,200.16956179909383,,
2026-08-12 13:20:00+00:00,1907.98,1908.47,1907.98,1908.33,155.63475,,
2026-08-12 13:21:00+00:00,1908.33,1908.33,1907.56,1907.57,12.67439,,
2026-08-12 13:22:00+00:00,1907.57,1908.02,1907.33,1907.33,32.50654,,
2026-08-12 13:23:00+00:00,1907.33,1908.62,1907.32,1907.93,3201.18443,,
2026-08-12 13:24:00+00:00,1907.93,1908.41,1907.46,1907.67,10118.51755,,
2026-08-12 13:25:00+00:00,1907.67,1907.67,1905.08,1906.02,11619.5327,,
2026-08-12 13:26:00+00:00,1906.02,1906.14,1905.67,1906.02,22.07334,,
2026-08-12 13:27:00+00:00,1906.02,1906.02,1906.02,1906.02,0.12854,,
2026-08-12 13:28:00+00:00,1906.02,1906.02,1904.9,1905.53,602.15482,,
2026-08-12 13:29:00+00:00,1905.53,1906.02,1905.53,1905.99,0.6051,,
2026-08-12 13:30:00+00:00,1905.99,1908.32,1905.68,1905.99,12.324308680738786,,
2026-08-12 13:31:00+00:00,1905.99,1905.99,1901.64,1903.35,16129.465547736943,,
2026-08-12 13:32:00+00:00,1903.35,1906.65,1903.01,1906.65,46381.38216,,
2026-08-12 13:33:00+00:00,1906.65,1907.38,1905.79,1905.98,6521.230566741265,,
2026-08-12 13:34:00+00:00,1905.98,1906.02,1903.67,1903.67,2177.908,,
2026-08-12 13:35:00+00:00,1903.67,1904.49,1903.06,1904.49,22990.18405,,
2026-08-12 13:36:00+00:00,1904.49,1906.19,1904.12,1904.47,3051.05733,,
2026-08-12 13:37:00+00:00,1904.47,1905.12,1902.8,1902.8,606.44937,,
2026-08-12 13:38:00+00:00,1902.8,1903.76,1902.15,1903.76,14309.738119060425,,
2026-08-12 13:39:00+00:00,1903.76,1904.35,1901.65,1904.2,2140.6146,,
2026-08-12 13:40:00+00:00,1904.2,1904.2,1901.19,1901.96,481.8923889125556,,
2026-08-12 13:41:00+00:00,1901.96,1903.83,1900.03,1903.01,4090.9839602240554,,
2026-08-12 13:42:00+00:00,1903.01,1904.5,1902.48,1904.02,16467.18818,,
2026-08-12 13:43:00+00:00,1904.02,1904.9,1903.91,1903.91,227.70682,,
2026-08-12 13:44:00+00:00,1903.91,1903.98,1902.51,1903.85,4095.71721,,
2026-08-12 13:45:00+00:00,1903.85,1906.28,1903.85,1905.16,2170.13171,,
2026-08-12 13:46:00+00:00,1905.16,1905.48,1902.65,1905.07,78.40338,,
2026-08-12 13:47:00+00:00,1905.07,1905.12,1903.64,1903.64,1.3974260296433143,,
2026-08-12 13:48:00+00:00,1903.64,1906.94,1903.64,1906.19,2953.26293,,
2026-08-12 13:49:00+00:00,1906.19,1907.34,1904.0,1904.2,3215.35385,,
2026-08-12 13:50:00+00:00,1904.2,1904.85,1902.51,1902.51,16116.353223242191,,
2026-08-12 13:51:00+00:00,1902.51,1904.56,1902.51,1902.98,5176.52325,,
2026-08-12 13:52:00+00:00,1902.98,1903.01,1901.47,1901.47,2162.81229,,
2026-08-12 13:53:00+00:00,1901.47,1902.36,1900.37,1901.85,5146.5816802694935,,
2026-08-12 13:54:00+00:00,1901.85,1902.94,1900.65,1902.2,4314.72962,,
2026-08-12 13:55:00+00:00,1902.2,1902.3,1899.38,1901.52,21045.72826173572,,
2026-08-12 13:56:00+00:00,1901.52,1901.52,1898.65,1899.66,4115.249979354209,,
2026-08-12 13:57:00+00:00,1899.66,1903.0,1899.66,1902.99,4150.83565,,
2026-08-12 13:58:00+00:00,1902.99,1903.45,1902.8,1903.02,2094.348855677785,,
2026-08-12 13:59:00+00:00,1903.02,1903.52,1900.47,1900.47,3020.4721580911214,,
2026-08-12 14:00:00+00:00,1900.47,1900.63,1897.48,1897.48,2234.38469,,
2026-08-12 14:01:00+00:00,1897.48,1898.08,1895.64,1895.87,292.1511274439056,,
2026-08-12 14:02:00+00:00,1895.87,1896.36,1893.64,1896.36,30.788221062124208,,
2026-08-12 14:03:00+00:00,1896.36,1896.36,1891.47,1893.53,11247.44231,,
2026-08-12 14:04:00+00:00,1893.53,1893.84,1891.63,1891.8,4477.241831113009,,
2026-08-12 14:05:00+00:00,1891.8,1892.02,1887.64,1888.65,47906.94688862542,,
2026-08-12 14:06:00+00:00,1888.65,1890.98,1888.65,1889.02,14331.595187983305,,
2026-08-12 14:07:00+00:00,1889.02,1891.42,1889.02,1891.33,13383.051579639356,,
2026-08-12 14:08:00+00:00,1891.33,1892.85,1889.65,1892.84,37091.45538,,
2026-08-12 14:09:00+00:00,1892.84,1894.2,1892.35,1893.33,140.09994,,
2026-08-12 14:10:00+00:00,1893.33,1898.76,1893.33,1898.76,175.323140269494,,
2026-08-12 14:11:00+00:00,1898.76,1902.36,1898.76,1901.32,34.161344659248535,,
2026-08-12 14:12:00+00:00,1901.32,1902.63,1901.12,1902.33,4760.97747,,
2026-08-12 14:13:00+00:00,1902.33,1902.49,1900.15,1900.15,129.326,,
2026-08-12 14:14:00+00:00,1900.15,1900.15,1898.21,1898.82,2403.349212297097,,
2026-08-12 14:15:00+00:00,1898.82,1899.36,1896.86,1899.36,186.97361018064888,,
2026-08-12 14:16:00+00:00,1899.36,1899.36,1895.64,1896.67,4209.978086287154,,
2026-08-12 14:17:00+00:00,1896.67,1897.04,1895.65,1896.43,1177.8031526972168,,
2026-08-12 14:18:00+00:00,1896.43,1897.94,1895.66,1897.94,8140.203268473384,,
2026-08-12 14:19:00+00:00,1897.94,1897.94,1895.58,1895.58,4081.1123157058455,,
2026-08-12 14:20:00+00:00,1895.58,1896.62,1892.65,1893.56,8297.814193903847,,
2026-08-12 14:21:00+00:00,1893.56,1895.36,1893.56,1895.34,4038.9619558617665,,
2026-08-12 14:22:00+00:00,1895.34,1895.34,1892.61,1892.61,1239.789985516364,,
2026-08-12 14:23:00+00:00,1892.61,1894.42,1892.23,1893.98,10506.296649685864,,
2026-08-12 14:24:00+00:00,1893.98,1894.43,1892.63,1892.63,2153.03086664169,,
2026-08-12 14:25:00+00:00,1892.63,1894.12,1892.63,1892.63,4157.2572561327925,,
2026-08-12 14:26:00+00:00,1892.63,1895.1,1892.49,1895.09,399.0051516366084,,
2026-08-12 14:27:00+00:00,1895.09,1895.09,1894.49,1895.02,17.826857226677923,,
2026-08-12 14:28:00+00:00,1895.02,1896.51,1894.37,1894.38,12913.527188733508,,
2026-08-12 14:29:00+00:00,1894.38,1894.38,1890.64,1891.33,1426.5311861944135,,
2026-08-12 14:30:00+00:00,1891.33,1892.55,1890.77,1892.48,1614.4071411855343,,
2026-08-12 14:31:00+00:00,1892.48,1892.48,1886.85,1891.44,30904.773392988223,,
2026-08-12 14:32:00+00:00,1891.44,1893.36,1891.01,1891.77,10.35616428288221,,
2026-08-12 14:33:00+00:00,1891.77,1893.1,1890.65,1891.6,1.64364,,
2026-08-12 14:34:00+00:00,1891.6,1891.6,1888.13,1889.03,36647.919100921754,,
2026-08-12 14:35:00+00:00,1889.03,1890.01,1886.64,1889.57,34308.88752883194,,
2026-08-12 14:36:00+00:00,1889.57,1890.36,1888.63,1889.5,2128.206612823156,,
2026-08-12 14:37:00+00:00,1889.5,1890.85,1888.64,1890.85,5286.88371798211,,
2026-08-12 14:38:00+00:00,1890.85,1890.85,1888.81,1889.8,2212.90937,,
2026-08-12 14:39:00+00:00,1889.8,1889.98,1889.02,1889.98,428.1773,,
2026-08-12 14:40:00+00:00,1889.98,1890.46,1889.8,1890.0,4147.6532,,
2026-08-12 14:41:00+00:00,1890.0,1890.53,1889.46,1889.98,4067.4666802535135,,
2026-08-12 14:42:00+00:00,1889.98,1889.99,1888.12,1888.48,687.14107,,
2026-08-12 14:43:00+00:00,1888.48,1889.99,1888.01,1889.98,261.7057,,
2026-08-12 14:44:00+00:00,1889.98,1892.33,1889.98,1892.33,5753.085962223039,,
2026-08-12 14:45:00+00:00,1892.33,1892.33,1890.62,1891.5,136.13105,,
2026-08-12 14:46:00+00:00,1891.5,1894.36,1891.49,1893.33,1201.476467608466,,
2026-08-12 14:47:00+00:00,1893.33,1894.36,1891.65,1891.65,6.137065287251297,,
2026-08-12 14:48:00+00:00,1891.65,1893.53,1891.65,1893.5,3092.27211,,
2026-08-12 14:49:00+00:00,1893.5,1894.2,1893.02,1894.2,156.93688589955323,,
2026-08-12 14:50:00+00:00,1894.2,1895.36,1892.57,1892.99,2200.9175373531743,,
2026-08-12 14:51:00+00:00,1892.99,1892.99,1889.64,1890.16,4970.946559776207,,
2026-08-12 14:52:00+00:00,1890.16,1890.99,1889.02,1889.99,10756.90961424209,,
2026-08-12 14:53:00+00:00,1889.99,1890.82,1889.55,1890.15,58.01567,,
2026-08-12 14:54:00+00:00,1890.15,1890.2,1888.43,1888.43,16342.563195398649,,
2026-08-12 14:55:00+00:00,1888.43,1888.43,1885.63,1886.9,26116.193598905815,,
2026-08-12 14:56:00+00:00,1886.9,1888.12,1885.54,1885.54,52.843821816848966,,
2026-08-12 14:57:00+00:00,1885.54,1887.36,1884.64,1886.97,4104.724375429927,,
2026-08-12 14:58:00+00:00,1886.97,1886.97,1884.63,1885.41,2101.3287798627243,,
2026-08-12 14:59:00+00:00,1885.41,1886.37,1884.48,1886.37,4147.7190331931415,,
2026-08-12 15:00:00+00:00,1886.37,1886.81,1883.58,1883.58,10174.815341681931,,
2026-08-12 15:01:00+00:00,1883.58,1887.96,1883.58,1887.93,18563.10205,,
2026-08-12 15:02:00+00:00,1887.93,1888.37,1886.8,1887.96,16651.92211,,
2026-08-12 15:03:00+00:00,1887.96,1890.0,1887.96,1889.48,474.8956680334306,,
2026-08-12 15:04:00+00:00,1889.48,1890.57,1888.99,1890.56,2288.30614,,
2026-08-12 15:05:00+00:00,1890.56,1890.56,1889.32,1890.37,27677.445466350633,,
2026-08-12 15:06:00+00:00,1890.37,1891.04,1889.77,1890.98,91.53740230346769,,
2026-08-12 15:07:00+00:00,1890.98,1891.35,1890.01,1890.01,1547.43128,,
2026-08-12 15:08:00+00:00,1890.01,1890.01,1888.99,1889.91,5088.80946,,
2026-08-12 15:09:00+00:00,1889.91,1890.84,1889.33,1889.53,60.38164,,
2026-08-12 15:10:00+00:00,1889.53,1891.37,1889.53,1891.37,12502.02117,,
2026-08-12 15:11:00+00:00,1891.37,1892.85,1891.12,1892.85,557.56258,,
2026-08-12 15:12:00+00:00,1892.85,1893.03,1892.0,1892.16,207.5885443665921,,
2026-08-12 15:13:00+00:00,1892.16,1892.43,1891.8,1892.02,98.58329390384704,,
2026-08-12 15:14:00+00:00,1892.02,1892.02,1891.47,1891.47,119.32707,,
2026-08-12 15:15:00+00:00,1891.47,1893.33,1891.47,1893.33,294.9963735092318,,
2026-08-12 15:16:00+00:00,1893.33,1894.12,1892.99,1893.99,3376.84545,,
2026-08-12 15:17:00+00:00,1893.99,1894.37,1892.64,1894.37,637.39707,,
2026-08-12 15:18:00+00:00,1894.37,1894.85,1894.04,1894.85,25.52356,,
2026-08-12 15:19:00+00:00,1894.85,1894.88,1892.66,1893.8,1062.1122745658722,,
2026-08-12 15:20:00+00:00,1893.8,1894.39,1893.47,1893.47,2067.308006629391,,
2026-08-12 15:21:00+00:00,1893.47,1893.47,1892.02,1892.33,2169.003495437201,,
2026-08-12 15:22:00+00:00,1892.33,1892.98,1891.56,1891.8,1181.2808490572636,,
2026-08-12 15:23:00+00:00,1891.8,1892.02,1890.66,1892.0,143.84838019840683,,
2026-08-12 15:24:00+00:00,1892.0,1893.01,1891.99,1893.01,2044.3624,,
2026-08-12 15:25:00+00:00,1893.01,1893.02,1891.47,1891.81,2151.1576033992897,,
2026-08-12 15:26:00+00:00,1891.81,1891.98,1891.19,1891.28,39.47771,,
2026-08-12 15:27:00+00:00,1891.28,1891.28,1890.02,1890.99,322.6271025697014,,
2026-08-12 15:28:00+00:00,1890.99,1892.53,1890.99,1892.46,2149.727687269541,,
2026-08-12 15:29:00+00:00,1892.46,1893.01,1890.64,1892.98,64.18373788231051,,
2026-08-12 15:30:00+00:00,1892.98,1895.05,1892.98,1894.58,1542.9114589119918,,
2026-08-12 15:31:00+00:00,1894.58,1894.58,1893.71,1894.34,0.1738424610879074,,
2026-08-12 15:32:00+00:00,1894.34,1894.34,1890.96,1891.26,26.275020884857057,,
2026-08-12 15:33:00+00:00,1891.26,1891.98,1890.41,1890.41,270.90515383153166,,
2026-08-12 15:34:00+00:00,1890.41,1892.66,1890.07,1892.65,6969.32867,,
2026-08-12 15:35:00+00:00,1892.65,1895.36,1892.65,1894.57,55352.323506311055,,
2026-08-12 15:36:00+00:00,1894.57,1895.5,1894.4,1895.01,1108.5185215079962,,
2026-08-12 15:37:00+00:00,1895.01,1895.01,1893.65,1894.02,152.33754,,
2026-08-12 15:38:00+00:00,1894.02,1894.85,1893.98,1894.85,29.62755,,
2026-08-12 15:39:00+00:00,1894.85,1894.98,1893.0,1893.02,124.37031,,
2026-08-12 15:40:00+00:00,1893.02,1893.02,1892.15,1892.15,2224.3980683889954,,
2026-08-12 15:41:00+00:00,1892.15,1892.91,1891.64,1892.76,1084.5380103353395,,
2026-08-12 15:42:00+00:00,1892.76,1894.02,1892.76,1894.02,2093.9782025554473,,
2026-08-12 15:43:00+00:00,1894.02,1896.36,1894.02,1894.99,2045.1181731813087,,
2026-08-12 15:44:00+00:00,1894.99,1894.99,1894.02,1894.02,19.632286865370908,,
2026-08-12 15:45:00+00:00,1894.02,1895.0,1893.16,1893.84,2265.3070931346288,,
2026-08-12 15:46:00+00:00,1893.84,1894.02,1893.0,1893.46,339.08853620908127,,
2026-08-12 15:47:00+00:00,1893.46,1893.48,1893.0,1893.01,126.26387684059868,,
2026-08-12 15:48:00+00:00,1893.01,1893.01,1892.24,1892.3,2550.2673530269412,,
2026-08-12 15:49:00+00:00,1892.3,1893.02,1892.3,1892.67,379.34684654573,,
2026-08-12 15:50:00+00:00,1892.67,1893.02,1892.15,1892.99,286.3583906565953,,
2026-08-12 15:51:00+00:00,1892.99,1892.99,1891.98,1891.98,260.8045577392243,,
2026-08-12 15:52:00+00:00,1891.98,1892.59,1891.98,1892.53,149.8313,,
2026-08-12 15:53:00+00:00,1892.53,1893.02,1891.98,1891.98,48.74684,,
2026-08-12 15:54:00+00:00,1891.98,1892.98,1891.98,1892.02,129.93325,,
2026-08-12 15:55:00+00:00,1892.02,1893.02,1892.01,1893.01,1416.60934761078,,
2026-08-12 15:56:00+00:00,1893.01,1893.63,1892.99,1892.99,189.6775556353093,,
2026-08-12 15:57:00+00:00,1892.99,1893.43,1892.98,1892.98,63.488670845940135,,
2026-08-12 15:58:00+00:00,1892.98,1893.02,1891.51,1891.98,2096.848192422766,,
2026-08-12 15:59:00+00:00,1891.98,1892.07,1891.54,1891.98,94.58218140837096,,
2026-08-12 16:00:00+00:00,1891.98,1892.53,1891.67,1892.0,162.98181729772608,,
2026-08-12 16:01:00+00:00,1892.0,1892.0,1890.96,1891.52,74.9206772598922,,
2026-08-12 16:02:00+00:00,1891.52,1892.01,1889.64,1890.04,87.64282733493745,,
2026-08-12 16:03:00+00:00,1890.04,1890.04,1888.81,1889.16,11.691,,
2026-08-12 16:04:00+00:00,1889.16,1891.73,1888.64,1891.68,4142.326469666619,,
2026-08-12 16:05:00+00:00,1891.68,1891.94,1890.72,1890.99,77.00152,,
2026-08-12 16:06:00+00:00,1890.99,1891.44,1890.47,1890.48,2064.25596,,
2026-08-12 16:07:00+00:00,1890.48,1891.02,1889.8,1889.99,228.5413161997197,,
2026-08-12 16:08:00+00:00,1889.99,1889.99,1889.0,1889.47,2038.48669,,
2026-08-12 16:09:00+00:00,1889.47,1889.64,1888.65,1889.64,98.55844,,
2026-08-12 16:10:00+00:00,1889.64,1889.87,1888.96,1888.99,200.99833279114637,,
2026-08-12 16:11:00+00:00,1888.99,1889.85,1888.2,1889.85,7209.6586367484,,
2026-08-12 16:12:00+00:00,1889.85,1889.85,1888.51,1889.53,4302.87992,,
2026-08-12 16:13:00+00:00,1889.53,1891.23,1889.53,1891.02,3633.711903323878,,
2026-08-12 16:14:00+00:00,1891.02,1892.33,1890.97,1892.33,2117.254264979596,,
2026-08-12 16:15:00+00:00,1892.33,1893.35,1891.5,1891.96,32.21172593207013,,
2026-08-12 16:16:00+00:00,1891.96,1893.23,1891.96,1892.16,111.05122046444303,,
2026-08-12 16:17:00+00:00,1892.16,1893.01,1891.84,1893.01,47.87214,,
2026-08-12 16:18:00+00:00,1893.01,1894.9,1893.01,1894.9,1518.65618,,
2026-08-12 16:19:00+00:00,1894.9,1894.96,1893.03,1893.04,45.5854,,
2026-08-12 16:20:00+00:00,1893.04,1893.63,1892.98,1893.02,98.88906556185744,,
2026-08-12 16:21:00+00:00,1893.02,1893.04,1892.54,1893.02,2143.095483891959,,
2026-08-12 16:22:00+00:00,1893.02,1893.02,1892.43,1893.02,215.83406,,
2026-08-12 16:23:00+00:00,1893.02,1894.06,1892.98,1893.47,468.5374975693504,,
2026-08-12 16:24:00+00:00,1893.47,1893.84,1893.02,1893.83,429.02290043405833,,
2026-08-12 16:25:00+00:00,1893.83,1893.85,1893.02,1893.72,135.18387339887923,,
2026-08-12 16:26:00+00:00,1893.72,1894.02,1893.48,1893.99,78.11168,,
2026-08-12 16:27:00+00:00,1893.99,1893.99,1893.02,1893.98,114.79804,,
2026-08-12 16:28:00+00:00,1893.98,1894.02,1893.53,1893.99,47.28993644303282,,
2026-08-12 16:29:00+00:00,1893.99,1894.36,1893.98,1894.36,3.1750165397102745,,
2026-08-12 16:30:00+00:00,1894.36,1894.36,1894.36,1894.36,0.0,,
2026-08-12 16:31:00+00:00,1894.36,1894.36,1892.7,1892.7,0.20134,,
2026-08-12 16:32:00+00:00,1892.7,1894.01,1892.7,1894.01,63.19994653746989,,
2026-08-12 16:33:00+00:00,1894.01,1894.01,1892.68,1892.68,1340.59289,,
2026-08-12 16:34:00+00:00,1892.68,1893.53,1892.47,1892.47,331.33204,,
2026-08-12 16:35:00+00:00,1892.47,1893.02,1891.67,1892.67,63.80287757695377,,
2026-08-12 16:36:00+00:00,1892.67,1893.02,1892.15,1892.15,247.22715,,
2026-08-12 16:37:00+00:00,1892.15,1893.23,1891.98,1893.02,220.48462162728808,,
2026-08-12 16:38:00+00:00,1893.02,1893.02,1892.48,1892.98,160.9615,,
2026-08-12 16:39:00+00:00,1892.98,1893.02,1892.98,1893.02,2.009668998087671,,
2026-08-12 16:40:00+00:00,1893.02,1893.02,1893.0,1893.0,0.09722,,
2026-08-12 16:41:00+00:00,1893.0,1893.0,1891.38,1891.99,2415.00217,,
2026-08-12 16:42:00+00:00,1891.99,1892.02,1891.93,1892.02,0.66778,,
2026-08-12 16:43:00+00:00,1892.02,1893.02,1892.02,1892.31,106.91531,,
2026-08-12 16:44:00+00:00,1892.31,1892.31,1891.67,1891.67,31.72146,,
2026-08-12 16:45:00+00:00,1891.67,1891.98,1890.02,1891.02,2822.6149004884087,,
2026-08-12 16:46:00+00:00,1891.02,1891.7,1890.99,1891.17,3305.11474,,
2026-08-12 16:47:00+00:00,1891.17,1891.17,1890.0,1890.0,4032.114418601741,,
2026-08-12 16:48:00+00:00,1890.0,1890.48,1889.96,1890.0,106.4404636148486,,
2026-08-12 16:49:00+00:00,1890.0,1890.02,1889.97,1890.0,1.4689340824316817,,
2026-08-12 16:50:00+00:00,1890.0,1890.7,1889.25,1890.67,2212.894151007482,,
2026-08-12 16:51:00+00:00,1890.67,1891.01,1889.98,1891.01,84.32392,,
2026-08-12 16:52:00+00:00,1891.01,1891.01,1889.98,1889.98,35.70031931889249,,
2026-08-12 16:53:00+00:00,1889.98,1891.02,1889.98,1890.67,200.01352,,
2026-08-12 16:54:00+00:00,1890.67,1890.98,1889.98,1890.01,94.3945668199595,,
2026-08-12 16:55:00+00:00,1890.01,1891.01,1890.0,1890.93,66.81471,,
2026-08-12 16:56:00+00:00,1890.93,1891.04,1889.52,1889.93,2125.04576,,
2026-08-12 16:57:00+00:00,1889.93,1890.02,1889.5,1889.98,51.02611,,
2026-08-12 16:58:00+00:00,1889.98,1889.98,1889.47,1889.98,35.41813,,
2026-08-12 16:59:00+00:00,1889.98,1889.99,1889.98,1889.98,0.59068,,
2026-08-12 17:00:00+00:00,1889.98,1890.01,1889.47,1889.53,143.11766,,
2026-08-12 17:01:00+00:00,1889.53,1890.02,1889.53,1889.98,32.21897283770698,,
2026-08-12 17:02:00+00:00,1889.98,1890.04,1889.98,1890.02,1.3281858471239276,,
2026-08-12 17:03:00+00:00,1890.02,1890.02,1889.36,1889.67,316.75188,,
2026-08-12 17:04:00+00:00,1889.67,1889.98,1889.47,1889.58,157.38372,,
2026-08-12 17:05:00+00:00,1889.58,1890.01,1889.58,1889.98,32.07096,,
2026-08-12 17:06:00+00:00,1889.98,1890.02,1889.98,1889.99,0.42081,,
2026-08-12 17:07:00+00:00,1889.99,1890.85,1889.98,1890.85,30.82057,,
2026-08-12 17:08:00+00:00,1890.85,1891.36,1889.69,1889.8,24.0406936148486,,
2026-08-12 17:09:00+00:00,1889.8,1890.02,1889.53,1889.53,0.38339,,
2026-08-12 17:10:00+00:00,1889.53,1889.59,1888.48,1889.59,9713.15122,,
2026-08-12 17:11:00+00:00,1889.59,1889.59,1889.02,1889.5,276.585548259474,,
2026-08-12 17:12:00+00:00,1889.5,1889.5,1888.93,1889.0,1.0318924859902925,,
2026-08-12 17:13:00+00:00,1889.0,1889.62,1888.93,1889.02,67.28553,,
2026-08-12 17:14:00+00:00,1889.02,1889.02,1888.98,1888.98,1.1167876043694684,,
2026-08-12 17:15:00+00:00,1888.98,1889.02,1888.94,1889.02,13.225112946201396,,
2026-08-12 17:16:00+00:00,1889.02,1889.02,1887.46,1887.99,4482.823931960391,,
2026-08-12 17:17:00+00:00,1887.99,1888.99,1887.39,1888.98,175.97038,,
2026-08-12 17:18:00+00:00,1888.98,1889.0,1888.98,1889.0,1.7092271502985643,,
2026-08-12 17:19:00+00:00,1889.0,1889.0,1888.98,1888.98,0.75945,,
2026-08-12 17:20:00+00:00,1888.98,1888.99,1886.62,1886.65,7334.136639804862,,
2026-08-12 17:21:00+00:00,1886.65,1887.02,1886.07,1886.07,432.9656101951369,,
2026-08-12 17:22:00+00:00,1886.07,1886.53,1885.89,1885.89,322.10268,,
2026-08-12 17:23:00+00:00,1885.89,1888.36,1885.89,1888.36,2133.37334,,
2026-08-12 17:24:00+00:00,1888.36,1888.36,1886.5,1886.98,64.2004,,
2026-08-12 17:25:00+00:00,1886.98,1886.98,1885.15,1885.47,277.32283389195874,,
2026-08-12 17:26:00+00:00,1885.47,1886.53,1885.47,1886.53,29.57235,,
2026-08-12 17:27:00+00:00,1886.53,1886.84,1884.64,1885.02,203.29078684059868,,
2026-08-12 17:28:00+00:00,1885.02,1886.07,1884.93,1886.07,2113.216657876024,,
2026-08-12 17:29:00+00:00,1886.07,1886.46,1886.01,1886.46,2005.84279,,
2026-08-12 17:30:00+00:00,1886.46,1886.46,1884.55,1884.88,103.60443,,
2026-08-12 17:31:00+00:00,1884.88,1885.64,1884.55,1885.63,1673.72112,,
2026-08-12 17:32:00+00:00,1885.63,1887.56,1885.63,1887.23,130.13291383153165,,
2026-08-12 17:33:00+00:00,1887.23,1887.23,1886.98,1887.02,1.6495814990353297,,
2026-08-12 17:34:00+00:00,1887.02,1887.84,1887.02,1887.83,125.2660559618014,,
2026-08-12 17:35:00+00:00,1887.83,1888.02,1887.55,1887.99,95.02626,,
2026-08-12 17:36:00+00:00,1887.99,1889.72,1887.99,1889.72,261.3374372955769,,
2026-08-12 17:37:00+00:00,1889.72,1889.72,1888.98,1888.99,20.53966,,
2026-08-12 17:38:00+00:00,1888.99,1889.02,1888.99,1889.02,0.97203,,
2026-08-12 17:39:00+00:00,1889.02,1889.02,1887.92,1887.99,1106.48722,,
2026-08-12 17:40:00+00:00,1887.99,1888.09,1887.63,1887.96,2038.2465108710712,,
2026-08-12 17:41:00+00:00,1887.96,1889.04,1887.96,1888.98,80.83767454300919,,
2026-08-12 17:42:00+00:00,1888.98,1888.98,1887.98,1887.99,36.33354,,
2026-08-12 17:43:00+00:00,1887.99,1887.99,1887.48,1887.53,226.1935425967077,,
2026-08-12 17:44:00+00:00,1887.53,1887.53,1887.52,1887.52,1.31599,,
2026-08-12 17:45:00+00:00,1887.52,1887.53,1886.15,1886.15,4458.005029819948,,
2026-08-12 17:46:00+00:00,1886.15,1887.47,1886.15,1887.33,88.13683945801739,,
2026-08-12 17:47:00+00:00,1887.33,1887.47,1887.02,1887.23,179.80746,,
2026-08-12 17:48:00+00:00,1887.23,1887.51,1886.99,1887.01,359.05972,,
2026-08-12 17:49:00+00:00,1887.01,1888.01,1887.01,1888.01,88.04141091695402,,
2026-08-12 17:50:00+00:00,1888.01,1889.15,1888.0,1888.6,254.12978689762403,,
2026-08-12 17:51:00+00:00,1888.6,1889.02,1887.99,1889.02,56.82594,,
2026-08-12 17:52:00+00:00,1889.02,1889.52,1888.47,1888.47,280.96122,,
2026-08-12 17:53:00+00:00,1888.47,1888.47,1887.47,1887.47,68.5357351878856,,
2026-08-12 17:54:00+00:00,1887.47,1887.47,1886.88,1886.88,1.05411,,
2026-08-12 17:55:00+00:00,1886.88,1887.02,1886.88,1887.02,0.69773,,
2026-08-12 17:56:00+00:00,1887.02,1888.0,1887.02,1887.98,120.23276,,
2026-08-12 17:57:00+00:00,1887.98,1888.02,1887.98,1888.01,0.16016,,
2026-08-12 17:58:00+00:00,1888.01,1888.02,1887.98,1888.02,0.7179442019518129,,
2026-08-12 17:59:00+00:00,1888.02,1888.02,1887.28,1887.28,87.8286,,
2026-08-12 18:00:00+00:00,1887.28,1887.5,1886.55,1887.33,4213.68945,,
2026-08-12 18:01:00+00:00,1887.33,1887.84,1887.0,1887.47,1978.26244,,
2026-08-12 18:02:00+00:00,1887.47,1887.47,1886.36,1886.47,2142.9103,,
2026-08-12 18:03:00+00:00,1886.47,1887.77,1886.31,1887.77,11693.93801785632,,
2026-08-12 18:04:00+00:00,1887.77,1888.72,1887.77,1888.69,2468.47243,,
2026-08-12 18:05:00+00:00,1888.69,1888.72,1888.19,1888.72,30.32414,,
2026-08-12 18:06:00+00:00,1888.72,1889.01,1887.87,1887.98,40.041616401912385,,
2026-08-12 18:07:00+00:00,1887.98,1888.02,1887.46,1887.47,4746.67557,,
2026-08-12 18:08:00+00:00,1887.47,1888.02,1887.47,1888.02,1.043660958875286,,
2026-08-12 18:09:00+00:00,1888.02,1888.02,1887.47,1887.49,49.22476,,
2026-08-12 18:10:00+00:00,1887.49,1887.98,1887.09,1887.57,160.68852,,
2026-08-12 18:11:00+00:00,1887.57,1889.47,1887.57,1889.47,26480.77466,,
2026-08-12 18:12:00+00:00,1889.47,1889.53,1888.98,1889.12,126.3495,,
2026-08-12 18:13:00+00:00,1889.12,1889.12,1888.98,1888.99,0.28585,,
2026-08-12 18:14:00+00:00,1888.99,1889.02,1888.98,1889.0,0.54736,,
2026-08-12 18:15:00+00:00,1889.0,1889.0,1887.96,1888.02,2036.8002613343504,,
2026-08-12 18:16:00+00:00,1888.02,1888.02,1887.19,1887.32,4438.472743070896,,
2026-08-12 18:17:00+00:00,1887.32,1887.33,1886.3,1886.32,3444.411840209424,,
2026-08-12 18:18:00+00:00,1886.32,1886.33,1886.0,1886.0,1.31969,,
2026-08-12 18:19:00+00:00,1886.0,1886.5,1886.0,1886.49,264.52611,,
2026-08-12 18:20:00+00:00,1886.49,1886.59,1885.47,1885.47,2155.01474,,
2026-08-12 18:21:00+00:00,1885.47,1886.03,1885.26,1885.67,133.04237,,
2026-08-12 18:22:00+00:00,1885.67,1886.84,1885.67,1886.84,247.23765639814837,,
2026-08-12 18:23:00+00:00,1886.84,1886.98,1885.98,1885.98,11.13836,,
2026-08-12 18:24:00+00:00,1885.98,1886.02,1885.47,1885.99,2071.3207681113095,,
2026-08-12 18:25:00+00:00,1885.99,1886.02,1885.67,1885.99,49.48123,,
2026-08-12 18:26:00+00:00,1885.99,1886.01,1885.0,1885.98,32.14317813734534,,
2026-08-12 18:27:00+00:00,1885.98,1886.02,1885.41,1885.47,292.1533533500718,,
2026-08-12 18:28:00+00:00,1885.47,1885.99,1885.47,1885.67,267.90194,,
2026-08-12 18:29:00+00:00,1885.67,1886.65,1885.47,1885.64,65.05524352787073,,
2026-08-12 18:30:00+00:00,1885.64,1887.62,1885.64,1887.33,63.219789713473894,,
2026-08-12 18:31:00+00:00,1887.33,1887.51,1886.97,1887.01,63.78167,,
2026-08-12 18:32:00+00:00,1887.01,1889.02,1887.01,1889.02,2646.9510226390166,,
2026-08-12 18:33:00+00:00,1889.02,1890.57,1888.67,1888.67,4164.429373154357,,
2026-08-12 18:34:00+00:00,1888.67,1889.44,1888.67,1888.98,32.53017,,
2026-08-12 18:35:00+00:00,1888.98,1889.02,1888.98,1889.02,0.31319,,
2026-08-12 18:36:00+00:00,1889.02,1889.02,1887.99,1887.99,39.83779877485319,,
2026-08-12 18:37:00+00:00,1887.99,1888.98,1887.99,1888.47,66.68821,,
2026-08-12 18:38:00+00:00,1888.47,1889.01,1887.8,1887.93,1369.80303,,
2026-08-12 18:39:00+00:00,1887.93,1888.01,1887.51,1887.52,2063.8733,,
2026-08-12 18:40:00+00:00,1887.52,1887.52,1887.51,1887.51,1.027038554472234,,
2026-08-12 18:41:00+00:00,1887.51,1887.54,1886.91,1886.91,167.63107923102572,,
2026-08-12 18:42:00+00:00,1886.91,1887.47,1886.91,1887.02,51.03501778549794,,
2026-08-12 18:43:00+00:00,1887.02,1887.02,1885.99,1885.99,39.87749,,
2026-08-12 18:44:00+00:00,1885.99,1887.04,1885.97,1886.99,61.14313,,
2026-08-12 18:45:00+00:00,1886.99,1887.0,1886.3,1886.96,63.68277,,
2026-08-12 18:46:00+00:00,1886.96,1887.01,1886.15,1886.15,39.6237,,
2026-08-12 18:47:00+00:00,1886.15,1886.15,1885.98,1885.98,1.30183,,
2026-08-12 18:48:00+00:00,1885.98,1886.04,1885.7,1885.7,2.2724718838947493,,
2026-08-12 18:49:00+00:00,1885.7,1886.54,1885.7,1886.54,173.39612284970144,,
2026-08-12 18:50:00+00:00,1886.54,1887.35,1885.98,1886.01,36.8656,,
2026-08-12 18:51:00+00:00,1886.01,1887.36,1885.33,1885.36,2131.3179075881526,,
2026-08-12 18:52:00+00:00,1885.36,1886.46,1885.33,1886.02,144.19696746083673,,
2026-08-12 18:53:00+00:00,1886.02,1886.02,1885.01,1885.01,69.63078,,
2026-08-12 18:54:00+00:00,1885.01,1885.56,1884.94,1885.42,1247.0642488667445,,
2026-08-12 18:55:00+00:00,1885.42,1885.42,1884.98,1885.33,58.604667242167565,,
2026-08-12 18:56:00+00:00,1885.33,1885.82,1885.02,1885.53,246.8045448027716,,
2026-08-12 18:57:00+00:00,1885.53,1885.61,1884.98,1884.99,77.43640739702725,,
2026-08-12 18:58:00+00:00,1884.99,1885.98,1884.99,1885.67,143.21571,,
2026-08-12 18:59:00+00:00,1885.67,1885.67,1884.63,1884.99,2031.94811,,
2026-08-12 19:00:00+00:00,1884.99,1885.63,1884.23,1885.61,108.15492,,
2026-08-12 19:01:00+00:00,1885.61,1886.02,1885.15,1885.15,2323.37914,,
2026-08-12 19:02:00+00:00,1885.15,1885.15,1884.67,1884.67,63.10458,,
2026-08-12 19:03:00+00:00,1884.67,1885.02,1884.67,1885.01,60.00203,,
2026-08-12 19:04:00+00:00,1885.01,1885.53,1885.0,1885.52,31.73191,,
2026-08-12 19:05:00+00:00,1885.52,1885.53,1884.99,1885.02,1.01253,,
2026-08-12 19:06:00+00:00,1885.02,1885.68,1884.98,1885.02,146.96280486451136,,
2026-08-12 19:07:00+00:00,1885.02,1885.5,1885.0,1885.33,403.7650796176858,,
2026-08-12 19:08:00+00:00,1885.33,1885.76,1885.02,1885.76,123.59959,,
2026-08-12 19:09:00+00:00,1885.76,1885.76,1885.02,1885.56,189.58011,,
2026-08-12 19:10:00+00:00,1885.56,1886.01,1885.02,1885.99,36.28139,,
2026-08-12 19:11:00+00:00,1885.99,1886.02,1884.64,1885.93,82.40680350996,,
2026-08-12 19:12:00+00:00,1885.93,1885.98,1884.96,1885.01,130.27627906555475,,
2026-08-12 19:13:00+00:00,1885.01,1885.01,1884.22,1884.22,1161.19021,,
2026-08-12 19:14:00+00:00,1884.22,1884.29,1883.13,1883.2,2124.747258580048,,
2026-08-12 19:15:00+00:00,1883.2,1883.6,1882.98,1883.26,88.33468043323957,,
2026-08-12 19:16:00+00:00,1883.26,1884.02,1882.91,1884.02,62.30332,,
2026-08-12 19:17:00+00:00,1884.02,1884.98,1883.99,1884.98,1106.44362,,
2026-08-12 19:18:00+00:00,1884.98,1886.03,1884.98,1885.15,2090.814,,
2026-08-12 19:19:00+00:00,1885.15,1885.15,1884.18,1884.19,2124.94822,,
2026-08-12 19:20:00+00:00,1884.19,1884.98,1883.45,1883.46,397.48345,,
2026-08-12 19:21:00+00:00,1883.46,1884.0,1883.46,1883.56,31.8567,,
2026-08-12 19:22:00+00:00,1883.56,1884.01,1883.56,1884.0,0.98601,,
2026-08-12 19:23:00+00:00,1884.0,1884.02,1882.64,1883.32,91.90558200939424,,
2026-08-12 19:24:00+00:00,1883.32,1883.32,1881.88,1881.88,5253.743973845024,,
2026-08-12 19:25:00+00:00,1881.88,1882.98,1881.65,1881.65,908.807918176216,,
2026-08-12 19:26:00+00:00,1881.65,1883.34,1881.48,1883.1,124.51540396519476,,
2026-08-12 19:27:00+00:00,1883.1,1883.99,1882.64,1883.02,58.413800442702815,,
2026-08-12 19:28:00+00:00,1883.02,1883.5,1883.01,1883.5,63.36058,,
2026-08-12 19:29:00+00:00,1883.5,1883.61,1883.5,1883.61,0.0991,,
2026-08-12 19:30:00+00:00,1883.61,1883.61,1883.61,1883.61,0.0,,
2026-08-12 19:31:00+00:00,1883.61,1884.47,1883.61,1883.64,31.87458676344012,,
2026-08-12 19:32:00+00:00,1883.64,1884.98,1883.56,1883.56,76.05346,,
2026-08-12 19:33:00+00:00,1883.56,1884.05,1882.98,1884.0,158.89331205377553,,
2026-08-12 19:34:00+00:00,1884.0,1884.4,1884.0,1884.02,31.89122,,
2026-08-12 19:35:00+00:00,1884.02,1884.02,1882.99,1882.99,157.84499,,
2026-08-12 19:36:00+00:00,1882.99,1882.99,1882.98,1882.98,0.1747,,
2026-08-12 19:37:00+00:00,1882.98,1883.33,1882.98,1883.04,63.21367,,
2026-08-12 19:38:00+00:00,1883.04,1883.98,1882.63,1882.63,2142.4013645267487,,
2026-08-12 19:39:00+00:00,1882.63,1882.63,1881.54,1881.54,1058.32922,,
2026-08-12 19:40:00+00:00,1881.54,1882.59,1881.54,1882.38,155.71859,,
2026-08-12 19:41:00+00:00,1882.38,1882.53,1881.56,1881.57,339.39865,,
2026-08-12 19:42:00+00:00,1881.57,1881.98,1879.64,1880.52,6234.219060814049,,
2026-08-12 19:43:00+00:00,1880.52,1881.02,1880.52,1880.99,0.6941268312592535,,
2026-08-12 19:44:00+00:00,1880.99,1880.99,1878.63,1879.01,3926.24054,,
2026-08-12 19:45:00+00:00,1879.01,1879.46,1878.17,1878.17,198.93339,,
2026-08-12 19:46:00+00:00,1878.17,1879.0,1876.64,1876.65,3766.237388775761,,
2026-08-12 19:47:00+00:00,1876.65,1879.98,1876.65,1879.67,4166.628402747572,,
2026-08-12 19:48:00+00:00,1879.67,1880.36,1879.67,1879.67,23.401052759988225,,
2026-08-12 19:49:00+00:00,1879.67,1879.67,1878.37,1878.38,72.20203,,
2026-08-12 19:50:00+00:00,1878.38,1878.38,1876.65,1877.58,1849.42312,,
2026-08-12 19:51:00+00:00,1877.58,1877.98,1876.97,1877.19,128.18408760345787,,
2026-08-12 19:52:00+00:00,1877.19,1878.02,1876.99,1877.97,1580.998872468856,,
2026-08-12 19:53:00+00:00,1877.97,1878.0,1876.96,1877.33,147.0119583548322,,
2026-08-12 19:54:00+00:00,1877.33,1878.02,1877.33,1877.99,111.57047717947624,,
2026-08-12 19:55:00+00:00,1877.99,1877.99,1877.41,1877.99,304.61568,,
2026-08-12 19:56:00+00:00,1877.99,1878.51,1877.88,1878.5,2103.453157145283,,
2026-08-12 19:57:00+00:00,1878.5,1879.23,1878.01,1879.02,2083.19744,,
2026-08-12 19:58:00+00:00,1879.02,1879.47,1878.99,1879.02,95.10398,,
2026-08-12 19:59:00+00:00,1879.02,1879.02,1877.8,1878.57,651.49788,,
2026-08-12 20:00:00+00:00,1878.57,1879.02,1878.18,1878.84,372.60851,,
2026-08-12 20:01:00+00:00,1878.84,1880.98,1878.81,1880.53,6700.26364,,
2026-08-12 20:02:00+00:00,1880.53,1880.99,1879.99,1880.47,295.02485996229785,,
2026-08-12 20:03:00+00:00,1880.47,1881.76,1880.47,1881.2,2210.954983204517,,
2026-08-12 20:04:00+00:00,1881.2,1881.2,1880.36,1880.36,84.84749577121832,,
2026-08-12 20:05:00+00:00,1880.36,1880.98,1880.15,1880.16,116.64383,,
2026-08-12 20:06:00+00:00,1880.16,1880.16,1879.49,1879.49,32.58618,,
2026-08-12 20:07:00+00:00,1879.49,1879.55,1878.64,1878.64,94.373458884325,,
2026-08-12 20:08:00+00:00,1878.64,1878.98,1877.94,1877.95,2082.63795,,
2026-08-12 20:09:00+00:00,1877.95,1878.01,1877.15,1877.64,2165.67938,,
2026-08-12 20:10:00+00:00,1877.64,1878.37,1877.64,1878.37,27912.29887301012,,
2026-08-12 20:11:00+00:00,1878.37,1879.85,1878.36,1879.85,2088.49408,,
2026-08-12 20:12:00+00:00,1879.85,1880.36,1878.64,1878.64,0.4175618536719411,,
2026-08-12 20:13:00+00:00,1878.64,1879.81,1878.64,1879.8,30.0888885023057,,
2026-08-12 20:14:00+00:00,1879.8,1880.02,1879.8,1880.02,0.62979,,
2026-08-12 20:15:00+00:00,1880.02,1880.02,1878.99,1879.38,95.33628,,
2026-08-12 20:16:00+00:00,1879.38,1879.38,1878.52,1878.98,2342.03301,,
2026-08-12 20:17:00+00:00,1878.98,1880.02,1878.98,1880.0,32.35147,,
2026-08-12 20:18:00+00:00,1880.0,1881.12,1879.99,1881.12,71.32196,,
2026-08-12 20:19:00+00:00,1881.12,1881.12,1881.01,1881.01,1.4966908100371448,,
2026-08-12 20:20:00+00:00,1881.01,1881.67,1880.99,1881.22,2570.85703,,
2026-08-12 20:21:00+00:00,1881.22,1881.22,1880.47,1880.99,2058.6690806006472,,
2026-08-12 20:22:00+00:00,1880.99,1881.02,1880.67,1880.67,183.4521078514374,,
2026-08-12 20:23:00+00:00,1880.67,1881.81,1880.67,1881.8,184.99329,,
2026-08-12 20:24:00+00:00,1881.8,1882.01,1881.8,1882.01,1.3212888181779534,,
2026-08-12 20:25:00+00:00,1882.01,1882.41,1881.8,1882.41,40.09365792157375,,
2026-08-12 20:26:00+00:00,1882.41,1883.06,1882.02,1883.04,90.27928,,
2026-08-12 20:27:00+00:00,1883.04,1883.04,1882.98,1883.0,0.36764,,
2026-08-12 20:28:00+00:00,1883.0,1883.52,1882.99,1883.52,31.761590481762543,,
2026-08-12 20:29:00+00:00,1883.52,1883.53,1883.51,1883.52,0.67281,,
2026-08-12 20:30:00+00:00,1883.52,1884.35,1883.52,1884.35,0.0793646594462463,,
2026-08-12 20:31:00+00:00,1884.35,1884.36,1882.64,1883.67,280.7319267428244,,
2026-08-12 20:32:00+00:00,1883.67,1884.18,1883.39,1884.18,173.81934,,
2026-08-12 20:33:00+00:00,1884.18,1884.85,1884.0,1884.83,62.90187754284901,,
2026-08-12 20:34:00+00:00,1884.83,1885.01,1883.71,1884.02,134.81360512472963,,
2026-08-12 20:35:00+00:00,1884.02,1885.43,1883.99,1885.02,2197.18679,,
2026-08-12 20:36:00+00:00,1885.02,1885.68,1885.0,1885.68,339.76881,,
2026-08-12 20:37:00+00:00,1885.68,1886.48,1885.68,1886.01,2719.8303027118436,,
2026-08-12 20:38:00+00:00,1886.01,1886.01,1885.99,1885.99,0.052843509231761,,
2026-08-12 20:39:00+00:00,1885.99,1886.85,1885.99,1886.42,53.98425998208928,,
2026-08-12 20:40:00+00:00,1886.42,1886.42,1885.63,1885.98,4041.9904232937415,,
2026-08-12 20:41:00+00:00,1885.98,1886.53,1885.89,1886.52,158.8780153320474,,
2026-08-12 20:42:00+00:00,1886.52,1886.53,1886.02,1886.52,242.93867,,
2026-08-12 20:43:00+00:00,1886.52,1886.52,1885.67,1885.67,31.70437888510044,,
2026-08-12 20:44:00+00:00,1885.67,1886.01,1885.44,1885.67,63.49031,,
2026-08-12 20:45:00+00:00,1885.67,1886.0,1885.44,1886.0,35.44749,,
2026-08-12 20:46:00+00:00,1886.0,1886.01,1885.16,1885.99,0.73769,,
2026-08-12 20:47:00+00:00,1885.99,1886.01,1885.98,1886.0,0.65035,,
2026-08-12 20:48:00+00:00,1886.0,1887.0,1885.99,1887.0,64.62553020086992,,
2026-08-12 20:49:00+00:00,1887.0,1887.0,1885.98,1886.02,92.32451164733862,,
2026-08-12 20:50:00+00:00,1886.02,1886.02,1885.98,1886.02,1.7241698357909023,,
2026-08-12 20:51:00+00:00,1886.02,1886.02,1885.99,1886.0,2.116857245921079,,
2026-08-12 20:52:00+00:00,1886.0,1886.33,1885.98,1885.98,54.620987410130176,,
2026-08-12 20:53:00+00:00,1885.98,1886.02,1885.53,1886.01,94.57662275407893,,
2026-08-12 20:54:00+00:00,1886.01,1886.01,1884.72,1884.72,89.01047,,
2026-08-12 20:55:00+00:00,1884.72,1885.02,1884.71,1885.02,1.7519154091518598,,
2026-08-12 20:56:00+00:00,1885.02,1885.02,1884.99,1885.02,1.45082,,
2026-08-12 20:57:00+00:00,1885.02,1885.49,1885.02,1885.36,82.73651,,
2026-08-12 20:58:00+00:00,1885.36,1885.85,1885.01,1885.85,67.32234,,
2026-08-12 20:59:00+00:00,1885.85,1886.02,1885.01,1886.02,184.35400968239324,,
2026-08-12 21:00:00+00:00,1886.02,1887.02,1885.98,1887.02,2064.823077959014,,
2026-08-12 21:01:00+00:00,1887.02,1892.72,1886.98,1888.07,12906.358955340793,,
2026-08-12 21:02:00+00:00,1888.07,1888.07,1887.52,1888.02,1096.0890719443028,,
2026-08-12 21:03:00+00:00,1888.02,1888.02,1887.42,1887.43,40.63172,,
2026-08-12 21:04:00+00:00,1887.43,1887.43,1886.99,1887.02,23.92031,,
2026-08-12 21:05:00+00:00,1887.02,1887.02,1885.88,1885.88,523.55865,,
2026-08-12 21:06:00+00:00,1885.88,1886.02,1885.55,1885.55,15.96383,,
2026-08-12 21:07:00+00:00,1885.55,1886.02,1885.28,1885.29,225.59828078215935,,
2026-08-12 21:08:00+00:00,1885.29,1885.47,1884.98,1885.47,126.8088437277496,,
2026-08-12 21:09:00+00:00,1885.47,1886.53,1885.02,1886.52,411.57752,,
2026-08-12 21:10:00+00:00,1886.52,1887.44,1886.51,1887.44,287.381962595768,,
2026-08-12 21:11:00+00:00,1887.44,1887.5,1886.98,1886.98,94.79737,,
2026-08-12 21:12:00+00:00,1886.98,1887.78,1886.98,1887.77,73.91672,,
2026-08-12 21:13:00+00:00,1887.77,1888.26,1886.15,1886.15,2760.21635,,
2026-08-12 21:14:00+00:00,1886.15,1886.15,1885.15,1885.15,2227.67044,,
2026-08-12 21:15:00+00:00,1885.15,1886.0,1884.93,1885.99,17.360072673669134,,
2026-08-12 21:16:00+00:00,1885.99,1886.02,1885.47,1885.67,72.97728127524536,,
2026-08-12 21:17:00+00:00,1885.67,1886.02,1885.55,1885.99,357.1724028874333,,
2026-08-12 21:18:00+00:00,1885.99,1885.99,1885.01,1885.01,73.50541,,
2026-08-12 21:19:00+00:00,1885.01,1885.01,1884.99,1885.0,0.2886,,
2026-08-12 21:20:00+00:00,1885.0,1885.01,1884.52,1884.53,62.96425,,
2026-08-12 21:21:00+00:00,1884.53,1885.02,1884.53,1884.93,64.75368847249185,,
2026-08-12 21:22:00+00:00,1884.93,1884.98,1884.52,1884.52,23.92464,,
2026-08-12 21:23:00+00:00,1884.52,1884.54,1883.96,1884.44,398.2601844223557,,
2026-08-12 21:24:00+00:00,1884.44,1884.73,1880.64,1881.62,20986.04583302652,,
2026-08-12 21:25:00+00:00,1881.62,1881.62,1881.0,1881.01,0.94729,,
2026-08-12 21:26:00+00:00,1881.01,1881.01,1879.06,1879.64,6542.393217862985,,
2026-08-12 21:27:00+00:00,1879.64,1879.73,1879.02,1879.02,0.75175,,
2026-08-12 21:28:00+00:00,1879.02,1879.02,1873.02,1878.56,20620.02192465763,,
2026-08-12 21:29:00+00:00,1878.56,1878.56,1877.16,1877.4,4035.06984,,
2026-08-12 21:30:00+00:00,1877.4,1877.4,1874.56,1876.33,2252.4845467319656,,
2026-08-12 21:31:00+00:00,1876.33,1876.67,1874.63,1876.67,4212.902600961744,,
2026-08-12 21:32:00+00:00,1876.67,1877.48,1876.67,1877.47,186.48305283770696,,
2026-08-12 21:33:00+00:00,1877.47,1877.53,1876.93,1877.52,115.2287269252505,,
2026-08-12 21:34:00+00:00,1877.52,1878.42,1877.02,1877.98,2154.60823,,
2026-08-12 21:35:00+00:00,1877.98,1878.75,1877.98,1878.01,192.39942,,
2026-08-12 21:36:00+00:00,1878.01,1878.56,1877.39,1877.39,2179.52981,,
2026-08-12 21:37:00+00:00,1877.39,1879.24,1876.81,1878.85,7287.95256,,
2026-08-12 21:38:00+00:00,1878.85,1879.35,1877.98,1879.01,169.01086,,
2026-08-12 21:39:00+00:00,1879.01,1879.01,1878.98,1879.0,0.83773,,
2026-08-12 21:40:00+00:00,1879.0,1880.02,1878.93,1880.02,2072.36928,,
2026-08-12 21:41:00+00:00,1880.02,1880.44,1880.02,1880.44,31.89678,,
2026-08-12 21:42:00+00:00,1880.44,1880.47,1879.99,1880.33,530.85907,,
2026-08-12 21:43:00+00:00,1880.33,1881.62,1880.33,1880.98,2783.42037,,
2026-08-12 21:44:00+00:00,1880.98,1882.37,1880.98,1882.37,2192.88042,,
2026-08-12 21:45:00+00:00,1882.37,1882.75,1881.53,1882.23,2166.133871430872,,
2026-08-12 21:46:00+00:00,1882.23,1882.63,1881.53,1882.63,374.0658,,
2026-08-12 21:47:00+00:00,1882.63,1882.98,1882.17,1882.85,170.86242,,
2026-08-12 21:48:00+00:00,1882.85,1883.85,1882.85,1882.98,2076.16239,,
2026-08-12 21:49:00+00:00,1882.98,1883.46,1882.47,1882.96,75.98493,,
2026-08-12 21:50:00+00:00,1882.96,1882.98,1882.15,1882.47,749.75072,,
2026-08-12 21:51:00+00:00,1882.47,1882.54,1882.0,1882.0,40.7389,,
2026-08-12 21:52:00+00:00,1882.0,1882.53,1881.98,1882.53,59.5036,,
2026-08-12 21:53:00+00:00,1882.53,1882.98,1881.98,1882.47,200.52847,,
2026-08-12 21:54:00+00:00,1882.47,1882.98,1882.02,1882.02,1543.57907,,
2026-08-12 21:55:00+00:00,1882.02,1882.02,1881.07,1881.11,4723.15139,,
2026-08-12 21:56:00+00:00,1881.11,1881.11,1879.98,1880.02,129.19082311060163,,
2026-08-12 21:57:00+00:00,1880.02,1880.02,1879.5,1879.96,91.80467311060164,,
2026-08-12 21:58:00+00:00,1879.96,1880.02,1878.54,1878.54,2070.9499816436382,,
2026-08-12 21:59:00+00:00,1878.54,1878.57,1875.64,1877.27,3534.699218898904,,
2026-08-12 22:00:00+00:00,1877.27,1877.38,1876.47,1876.77,6.38612,,
2026-08-12 22:01:00+00:00,1876.77,1877.02,1874.66,1876.0,8416.60834347694,,
2026-08-12 22:02:00+00:00,1876.0,1879.36,1875.99,1879.36,6439.581407242167,,
2026-08-12 22:03:00+00:00,1879.36,1879.36,1878.02,1879.17,141.28492965766645,,
2026-08-12 22:04:00+00:00,1879.17,1879.17,1877.64,1878.33,210.87526,,
2026-08-12 22:05:00+00:00,1878.33,1878.98,1878.02,1878.93,319.64994,,
2026-08-12 22:06:00+00:00,1878.93,1879.69,1878.93,1879.69,2061.5172171622926,,
2026-08-12 22:07:00+00:00,1879.69,1879.98,1878.51,1878.51,1639.75969,,
2026-08-12 22:08:00+00:00,1878.51,1878.51,1877.97,1878.02,1.07194,,
2026-08-12 22:09:00+00:00,1878.02,1879.02,1878.02,1879.01,3072.04518,,
2026-08-12 22:10:00+00:00,1879.01,1879.2,1879.0,1879.01,16.81821,,
2026-08-12 22:11:00+00:00,1879.01,1880.02,1879.01,1880.02,2068.410781567037,,
2026-08-12 22:12:00+00:00,1880.02,1880.42,1879.55,1880.26,141.27106,,
2026-08-12 22:13:00+00:00,1880.26,1880.26,1878.38,1878.38,975.4567,,
2026-08-12 22:14:00+00:00,1878.38,1878.61,1877.88,1877.88,875.22239,,
2026-08-12 22:15:00+00:00,1877.88,1878.98,1877.88,1878.47,196.75914,,
2026-08-12 22:16:00+00:00,1878.47,1878.83,1877.98,1878.52,209.4709,,
2026-08-12 22:17:00+00:00,1878.52,1879.56,1878.52,1878.67,311.68407,,
2026-08-12 22:18:00+00:00,1878.67,1879.02,1878.52,1878.99,53.37592,,
2026-08-12 22:19:00+00:00,1878.99,1878.99,1878.36,1878.58,113.96719,,
2026-08-12 22:20:00+00:00,1878.58,1879.53,1878.58,1879.53,99.94182,,
2026-08-12 22:21:00+00:00,1879.53,1879.53,1877.93,1877.93,156.88883,,
2026-08-12 22:22:00+00:00,1877.93,1878.85,1877.93,1878.39,174.96424441868396,,
2026-08-12 22:23:00+00:00,1878.39,1879.39,1877.64,1879.39,385.71014,,
2026-08-12 22:24:00+00:00,1879.39,1879.85,1878.99,1879.83,35.98483,,
2026-08-12 22:25:00+00:00,1879.83,1880.05,1879.82,1880.02,1.835596102742306,,
2026-08-12 22:26:00+00:00,1880.02,1880.02,1878.56,1878.99,147.8719,,
2026-08-12 22:27:00+00:00,1878.99,1879.5,1878.99,1879.49,115.71602,,
2026-08-12 22:28:00+00:00,1879.49,1880.01,1879.04,1879.98,30.54311,,
2026-08-12 22:29:00+00:00,1879.98,1880.02,1878.64,1878.64,39.29571674282438,,
2026-08-12 22:30:00+00:00,1878.64,1879.35,1877.64,1878.63,194.0949098466976,,
2026-08-12 22:31:00+00:00,1878.63,1879.02,1878.62,1878.98,79.04976,,
2026-08-12 22:32:00+00:00,1878.98,1879.01,1878.15,1878.51,536.60932,,
2026-08-12 22:33:00+00:00,1878.51,1878.98,1876.63,1876.63,1177.07901,,
2026-08-12 22:34:00+00:00,1876.63,1877.85,1876.63,1877.85,146.46922,,
2026-08-12 22:35:00+00:00,1877.85,1878.47,1877.81,1877.81,2152.186,,
2026-08-12 22:36:00+00:00,1877.81,1877.81,1876.98,1877.56,337.28374005291005,,
2026-08-12 22:37:00+00:00,1877.56,1878.53,1877.49,1877.5,301.75118,,
2026-08-12 22:38:00+00:00,1877.5,1877.99,1877.5,1877.67,235.50928,,
2026-08-12 22:39:00+00:00,1877.67,1878.01,1877.42,1877.47,357.79309,,
2026-08-12 22:40:00+00:00,1877.47,1878.02,1877.47,1877.99,1.06298,,
2026-08-12 22:41:00+00:00,1877.99,1877.99,1876.67,1877.0,109.93999589455194,,
2026-08-12 22:42:00+00:00,1877.0,1877.0,1875.74,1875.74,228.51846994708993,,
2026-08-12 22:43:00+00:00,1875.74,1877.37,1875.74,1877.02,60309.23759,,
2026-08-12 22:44:00+00:00,1877.02,1877.04,1876.99,1877.0,1.54736,,
2026-08-12 22:45:00+00:00,1877.0,1878.34,1876.99,1877.15,72.68318,,
2026-08-12 22:46:00+00:00,1877.15,1877.59,1876.98,1877.44,179.98958,,
2026-08-12 22:47:00+00:00,1877.44,1877.44,1876.43,1876.47,3181.35624,,
2026-08-12 22:48:00+00:00,1876.47,1877.03,1876.43,1877.03,32.48271,,
2026-08-12 22:49:00+00:00,1877.03,1877.03,1876.16,1876.55,149.622294721966,,
2026-08-12 22:50:00+00:00,1876.55,1876.99,1876.54,1876.99,0.5408,,
2026-08-12 22:51:00+00:00,1876.99,1877.02,1876.98,1877.01,1.07562,,
2026-08-12 22:52:00+00:00,1877.01,1877.03,1876.18,1876.53,116.30661,,
2026-08-12 22:53:00+00:00,1876.53,1877.0,1876.02,1876.67,429.52184,,
2026-08-12 22:54:00+00:00,1876.67,1877.0,1876.16,1877.0,80.56008,,
2026-08-12 22:55:00+00:00,1877.0,1877.03,1876.99,1877.03,0.14651,,
2026-08-12 22:56:00+00:00,1877.03,1877.03,1875.98,1875.98,36.10996,,
2026-08-12 22:57:00+00:00,1875.98,1877.02,1875.98,1876.98,32.56072,,
2026-08-12 22:58:00+00:00,1876.98,1877.77,1876.98,1877.75,67.99392,,
2026-08-12 22:59:00+00:00,1877.75,1877.99,1877.46,1877.98,189.49335,,
2026-08-12 23:00:00+00:00,1877.98,1877.98,1877.44,1877.47,293.51261,,
2026-08-12 23:01:00+00:00,1877.47,1878.01,1877.47,1877.98,248.68122,,
2026-08-12 23:02:00+00:00,1877.98,1878.01,1877.3,1877.31,126.38391,,
2026-08-12 23:03:00+00:00,1877.31,1877.98,1877.02,1877.85,233.68088,,
2026-08-12 23:04:00+00:00,1877.85,1878.01,1876.93,1877.03,111.20172,,
2026-08-12 23:05:00+00:00,1877.03,1877.04,1876.98,1877.0,1.1826273589115368,,
2026-08-12 23:06:00+00:00,1877.0,1877.02,1874.7,1874.84,2800.636110373772,,
2026-08-12 23:07:00+00:00,1874.84,1875.02,1874.43,1874.48,2041.2971718549927,,
2026-08-12 23:08:00+00:00,1874.48,1875.79,1874.48,1875.79,158.31618,,
2026-08-12 23:09:00+00:00,1875.79,1876.01,1875.79,1875.99,0.48369,,
2026-08-12 23:10:00+00:00,1875.99,1875.99,1874.8,1875.02,67.63863,,
2026-08-12 23:11:00+00:00,1875.02,1876.43,1875.02,1875.99,1272.08611,,
2026-08-12 23:12:00+00:00,1875.99,1875.99,1874.81,1874.96,40.36405,,
2026-08-12 23:13:00+00:00,1874.96,1875.0,1874.96,1874.99,0.46012,,
2026-08-12 23:14:00+00:00,1874.99,1875.63,1874.98,1875.53,225.53229,,
2026-08-12 23:15:00+00:00,1875.53,1876.63,1875.02,1876.62,2995.16223,,
2026-08-12 23:16:00+00:00,1876.62,1876.62,1875.98,1875.98,0.27678,,
2026-08-12 23:17:00+00:00,1875.98,1876.02,1875.98,1876.02,0.4027,,
2026-08-12 23:18:00+00:00,1876.02,1876.02,1875.99,1876.0,0.60122,,
2026-08-12 23:19:00+00:00,1876.0,1876.82,1876.0,1876.82,56.42223,,
2026-08-12 23:20:00+00:00,1876.82,1877.61,1876.82,1877.6,1019.23152,,
2026-08-12 23:21:00+00:00,1877.6,1877.61,1876.16,1876.16,826.48166,,
2026-08-12 23:22:00+00:00,1876.16,1876.29,1875.96,1875.96,14.8035,,
2026-08-12 23:23:00+00:00,1875.96,1876.56,1875.47,1875.47,3919.93534,,
2026-08-12 23:24:00+00:00,1875.47,1875.99,1873.64,1873.99,4064.5112422536745,,
2026-08-12 23:25:00+00:00,1873.99,1875.47,1873.99,1875.47,214.59784,,
2026-08-12 23:26:00+00:00,1875.47,1875.85,1875.0,1875.33,203.22432,,
2026-08-12 23:27:00+00:00,1875.33,1875.48,1874.88,1875.02,182.82411,,
2026-08-12 23:28:00+00:00,1875.02,1875.43,1875.01,1875.33,114.1283,,
2026-08-12 23:29:00+00:00,1875.33,1876.29,1874.98,1876.29,0.34849,,
2026-08-12 23:30:00+00:00,1876.29,1876.54,1874.66,1876.53,174.23652,,
2026-08-12 23:31:00+00:00,1876.53,1877.02,1876.53,1877.01,54.33534,,
2026-08-12 23:32:00+00:00,1877.01,1877.01,1876.16,1876.36,272.67242,,
2026-08-12 23:33:00+00:00,1876.36,1877.01,1876.01,1877.0,96.37295,,
2026-08-12 23:34:00+00:00,1877.0,1877.02,1876.98,1877.01,0.7941098401180601,,
2026-08-12 23:35:00+00:00,1877.01,1877.85,1877.0,1877.84,2126.50003,,
2026-08-12 23:36:00+00:00,1877.84,1877.85,1877.02,1877.82,9455.42660799786,,
2026-08-12 23:37:00+00:00,1877.82,1878.01,1877.82,1878.0,0.42354,,
2026-08-12 23:38:00+00:00,1878.0,1878.0,1878.0,1878.0,0.0,,
2026-08-12 23:39:00+00:00,1878.0,1878.33,1878.0,1878.33,20.98599,,
2026-08-12 23:40:00+00:00,1878.33,1878.33,1877.98,1877.99,0.49041,,
2026-08-12 23:41:00+00:00,1877.99,1878.02,1877.8,1878.02,77.41304,,
2026-08-12 23:42:00+00:00,1878.02,1878.02,1877.48,1877.98,36.13487440929475,,
2026-08-12 23:43:00+00:00,1877.98,1877.98,1877.22,1877.3,94.0374885591692,,
2026-08-12 23:44:00+00:00,1877.3,1877.52,1876.98,1877.47,116.49017,,
2026-08-12 23:45:00+00:00,1877.47,1877.47,1876.98,1877.33,126.48598,,
2026-08-12 23:46:00+00:00,1877.33,1878.02,1877.02,1878.02,340.84672,,
2026-08-12 23:47:00+00:00,1878.02,1878.02,1877.57,1877.98,63.64502,,
2026-08-12 23:48:00+00:00,1877.98,1878.46,1877.93,1878.01,0.8399,,
2026-08-12 23:49:00+00:00,1878.01,1878.02,1877.98,1877.98,0.39686,,
2026-08-12 23:50:00+00:00,1877.98,1878.01,1877.98,1877.98,0.44553,,
2026-08-12 23:51:00+00:00,1877.98,1878.46,1877.98,1878.46,28.29397,,
2026-08-12 23:52:00+00:00,1878.46,1878.46,1877.94,1877.94,0.42136,,
2026-08-12 23:53:00+00:00,1877.94,1878.02,1877.94,1878.01,0.613454024892432,,
2026-08-12 23:54:00+00:00,1878.01,1878.03,1878.01,1878.03,0.39584,,
2026-08-12 23:55:00+00:00,1878.03,1878.03,1877.99,1878.02,0.80041,,
2026-08-12 23:56:00+00:00,1878.02,1878.79,1878.01,1878.79,9.98527,,
2026-08-12 23:57:00+00:00,1878.79,1878.79,1878.02,1878.03,5.89559,,
2026-08-12 23:58:00+00:00,1878.03,1879.29,1878.02,1879.0,71.31609,,
2026-08-12 23:59:00+00:00,1879.0,1879.02,1879.0,1879.01,0.58079,,
2026-08-13 00:00:00+00:00,1879.01,1879.44,1878.47,1879.43,1401.07934,,
2026-08-13 00:01:00+00:00,1879.43,1879.76,1878.98,1879.02,3483.89717,,
2026-08-13 00:02:00+00:00,1879.02,1879.02,1878.47,1878.49,4039.0495,,
2026-08-13 00:03:00+00:00,1878.49,1879.01,1878.4,1878.47,124.59813,,
2026-08-13 00:04:00+00:00,1878.47,1878.98,1878.47,1878.47,35.73865,,
2026-08-13 00:05:00+00:00,1878.47,1879.99,1878.16,1879.51,13568.38863,,
2026-08-13 00:06:00+00:00,1879.51,1880.5,1879.51,1880.5,2032.07953,,
2026-08-13 00:07:00+00:00,1880.5,1880.75,1879.98,1879.98,46.03684,,
2026-08-13 00:08:00+00:00,1879.98,1881.02,1879.98,1881.02,102.74525320112024,,
2026-08-13 00:09:00+00:00,1881.02,1882.84,1880.99,1882.83,3606.07466,,
2026-08-13 00:10:00+00:00,1882.83,1882.84,1882.0,1882.0,13.60549,,
2026-08-13 00:11:00+00:00,1882.0,1882.02,1882.0,1882.02,0.1229,,
2026-08-13 00:12:00+00:00,1882.02,1882.02,1882.0,1882.02,0.46414,,
2026-08-13 00:13:00+00:00,1882.02,1882.02,1881.97,1881.99,0.61743,,
2026-08-13 00:14:00+00:00,1881.99,1881.99,1881.98,1881.98,0.2889,,
2026-08-13 00:15:00+00:00,1881.98,1882.54,1881.98,1882.54,192.52609,,
2026-08-13 00:16:00+00:00,1882.54,1884.84,1882.53,1884.84,5911.29535,,
2026-08-13 00:17:00+00:00,1884.84,1884.84,1882.92,1882.92,67.56482,,
2026-08-13 00:18:00+00:00,1882.92,1884.0,1882.68,1882.68,202.04357,,
2026-08-13 00:19:00+00:00,1882.68,1883.37,1881.99,1883.37,3271.20715,,
2026-08-13 00:20:00+00:00,1883.37,1883.37,1882.36,1882.51,20.39471,,
2026-08-13 00:21:00+00:00,1882.51,1882.99,1881.98,1882.02,1715.31442,,
2026-08-13 00:22:00+00:00,1882.02,1882.99,1882.02,1882.53,221.18453,,
2026-08-13 00:23:00+00:00,1882.53,1882.72,1882.52,1882.72,0.25799,,
2026-08-13 00:24:00+00:00,1882.72,1882.98,1881.98,1881.98,52.39544,,
2026-08-13 00:25:00+00:00,1881.98,1882.02,1881.63,1881.63,11.520815863448252,,
2026-08-13 00:26:00+00:00,1881.63,1882.01,1880.81,1881.01,58.08539,,
2026-08-13 00:27:00+00:00,1881.01,1881.15,1880.8,1881.08,6.5641,,
2026-08-13 00:28:00+00:00,1881.08,1881.54,1880.99,1881.2,2227.53131,,
2026-08-13 00:29:00+00:00,1881.2,1881.85,1881.02,1881.85,27.11,,
2026-08-13 00:30:00+00:00,1881.85,1881.85,1880.67,1880.68,0.32035,,
2026-08-13 00:31:00+00:00,1880.68,1880.96,1878.32,1878.84,3217.70398,,
2026-08-13 00:32:00+00:00,1878.84,1879.0,1877.76,1877.98,143.46302,,
2026-08-13 00:33:00+00:00,1877.98,1879.01,1877.98,1878.99,127.99982,,
2026-08-13 00:34:00+00:00,1878.99,1880.6,1878.02,1880.6,7916.36196,,
2026-08-13 00:35:00+00:00,1880.6,1881.07,1880.54,1880.55,87.41096,,
2026-08-13 00:36:00+00:00,1880.55,1881.0,1880.48,1881.0,498.96837,,
2026-08-13 00:37:00+00:00,1881.0,1881.0,1879.99,1879.99,31.25088,,
2026-08-13 00:38:00+00:00,1879.99,1880.0,1879.98,1879.98,0.54938,,
2026-08-13 00:39:00+00:00,1879.98,1879.98,1879.98,1879.98,0.1062,,
2026-08-13 00:40:00+00:00,1879.98,1879.98,1878.55,1878.73,4244.86386,,
2026-08-13 00:41:00+00:00,1878.73,1879.02,1877.69,1877.76,2980.18317,,
2026-08-13 00:42:00+00:00,1877.76,1877.97,1876.68,1877.52,45.92506598817171,,
2026-08-13 00:43:00+00:00,1877.52,1880.36,1876.48,1879.57,16644.98065,,
2026-08-13 00:44:00+00:00,1879.57,1879.57,1878.02,1878.12,32.72044,,
2026-08-13 00:45:00+00:00,1878.12,1878.12,1877.59,1877.93,2082.13092,,
2026-08-13 00:46:00+00:00,1877.93,1879.53,1877.37,1879.53,2220.27768,,
2026-08-13 00:47:00+00:00,1879.53,1881.36,1879.02,1881.36,2911.06432,,
2026-08-13 00:48:00+00:00,1881.36,1882.07,1881.02,1882.02,54.72925,,
2026-08-13 00:49:00+00:00,1882.02,1882.02,1881.01,1881.47,211.37336,,
2026-08-13 00:50:00+00:00,1881.47,1882.04,1881.02,1882.04,87.02837,,
2026-08-13 00:51:00+00:00,1882.04,1882.52,1881.69,1882.49,232.33899705671743,,
2026-08-13 00:52:00+00:00,1882.49,1882.92,1881.15,1881.18,4250.069721643638,,
2026-08-13 00:53:00+00:00,1881.18,1882.01,1881.18,1881.96,10289.07034,,
2026-08-13 00:54:00+00:00,1881.96,1881.98,1881.02,1881.84,273.24738,,
2026-08-13 00:55:00+00:00,1881.84,1881.98,1880.63,1880.99,2077.23795,,
2026-08-13 00:56:00+00:00,1880.99,1881.56,1880.98,1880.98,50.53812,,
2026-08-13 00:57:00+00:00,1880.98,1881.02,1880.49,1880.99,63.92011,,
2026-08-13 00:58:00+00:00,1880.99,1881.33,1880.99,1881.0,125.80419,,
2026-08-13 00:59:00+00:00,1881.0,1881.02,1879.92,1879.92,8052.10517,,
2026-08-13 01:00:00+00:00,1879.92,1879.92,1878.02,1878.02,11012.94738,,
2026-08-13 01:01:00+00:00,1878.02,1879.36,1877.99,1878.99,96.07768503541936,,
2026-08-13 01:02:00+00:00,1878.99,1880.2,1878.99,1879.99,1014.35957,,
2026-08-13 01:03:00+00:00,1879.99,1880.6,1879.64,1879.99,3082.95081,,
2026-08-13 01:04:00+00:00,1879.99,1880.57,1879.99,1880.47,212.56125,,
2026-08-13 01:05:00+00:00,1880.47,1880.48,1880.04,1880.47,25.26937,,
2026-08-13 01:06:00+00:00,1880.47,1880.47,1879.49,1879.67,172.96578500616255,,
2026-08-13 01:07:00+00:00,1879.67,1879.98,1879.47,1879.67,358.5082,,
2026-08-13 01:08:00+00:00,1879.67,1880.0,1879.67,1879.99,377.18916,,
2026-08-13 01:09:00+00:00,1879.99,1879.99,1879.48,1879.48,876.85338,,
2026-08-13 01:10:00+00:00,1879.48,1880.47,1879.48,1880.02,239.86678,,
2026-08-13 01:11:00+00:00,1880.02,1880.53,1879.99,1880.39,33.33459,,
2026-08-13 01:12:00+00:00,1880.39,1881.02,1880.36,1880.47,35.8483493876116,,
2026-08-13 01:13:00+00:00,1880.47,1880.98,1880.16,1880.48,407.98853,,
2026-08-13 01:14:00+00:00,1880.48,1882.13,1880.48,1882.12,2771.19792,,
2026-08-13 01:15:00+00:00,1882.12,1882.13,1881.37,1881.37,151.20971,,
2026-08-13 01:16:00+00:00,1881.37,1881.98,1881.0,1881.02,93.8324855432593,,
2026-08-13 01:17:00+00:00,1881.02,1881.02,1880.98,1880.98,0.09683,,
2026-08-13 01:18:00+00:00,1880.98,1881.62,1880.07,1880.07,80.01366222837035,,
2026-08-13 01:19:00+00:00,1880.07,1880.07,1879.15,1879.43,18740.54424823787,,
2026-08-13 01:20:00+00:00,1879.43,1880.02,1879.02,1879.98,95.98382,,
2026-08-13 01:21:00+00:00,1879.98,1879.98,1878.98,1878.98,113.21648,,
2026-08-13 01:22:00+00:00,1878.98,1878.98,1877.99,1878.61,1277.78853,,
2026-08-13 01:23:00+00:00,1878.61,1878.99,1877.43,1877.47,1554.23224,,
2026-08-13 01:24:00+00:00,1877.47,1877.47,1876.77,1877.01,64.47223,,
2026-08-13 01:25:00+00:00,1877.01,1877.01,1875.21,1875.46,2397.78323,,
2026-08-13 01:26:00+00:00,1875.46,1875.85,1874.57,1875.85,89.00685,,
2026-08-13 01:27:00+00:00,1875.85,1876.73,1875.15,1875.15,7637.18669,,
2026-08-13 01:28:00+00:00,1875.15,1876.0,1874.63,1875.99,2138.70504,,
2026-08-13 01:29:00+00:00,1875.99,1876.0,1875.98,1876.0,0.28212,,
2026-08-13 01:30:00+00:00,1876.0,1876.85,1874.66,1876.85,82.07869,,
2026-08-13 01:31:00+00:00,1876.85,1877.02,1876.85,1876.99,0.53495,,
2026-08-13 01:32:00+00:00,1876.99,1877.33,1876.01,1877.02,194.94827,,
2026-08-13 01:33:00+00:00,1877.02,1878.3,1877.02,1878.3,29130.71493,,
2026-08-13 01:34:00+00:00,1878.3,1878.31,1878.29,1878.31,1.73591,,
2026-08-13 01:35:00+00:00,1878.31,1878.78,1878.3,1878.33,2556.24985,,
2026-08-13 01:36:00+00:00,1878.33,1879.01,1878.19,1878.19,10.49807,,
2026-08-13 01:37:00+00:00,1878.19,1879.01,1878.19,1878.98,164.62505,,
2026-08-13 01:38:00+00:00,1878.98,1879.01,1878.51,1878.8,189.75695,,
2026-08-13 01:39:00+00:00,1878.8,1879.53,1878.8,1879.52,32.23723,,
2026-08-13 01:40:00+00:00,1879.52,1879.53,1878.51,1878.67,96.86491,,
2026-08-13 01:41:00+00:00,1878.67,1878.98,1877.58,1877.58,340.07468,,
2026-08-13 01:42:00+00:00,1877.58,1877.99,1877.36,1877.43,471.34769,,
2026-08-13 01:43:00+00:00,1877.43,1877.98,1876.67,1876.67,72.48393,,
2026-08-13 01:44:00+00:00,1876.67,1877.0,1875.63,1876.02,1140.10561,,
2026-08-13 01:45:00+00:00,1876.02,1876.02,1874.47,1874.47,2088.99539,,
2026-08-13 01:46:00+00:00,1874.47,1876.3,1873.64,1876.3,2420.45337,,
2026-08-13 01:47:00+00:00,1876.3,1878.28,1875.98,1878.28,205.99014,,
2026-08-13 01:48:00+00:00,1878.28,1878.28,1876.8,1876.99,12.95813,,
2026-08-13 01:49:00+00:00,1876.99,1877.0,1876.54,1876.67,84.64377,,
2026-08-13 01:50:00+00:00,1876.67,1877.53,1876.09,1877.53,169.60355,,
2026-08-13 01:51:00+00:00,1877.53,1878.03,1877.53,1878.02,64.59883,,
2026-08-13 01:52:00+00:00,1878.02,1878.02,1877.52,1877.55,626.68143,,
2026-08-13 01:53:00+00:00,1877.55,1878.36,1877.55,1878.0,1025.39625,,
2026-08-13 01:54:00+00:00,1878.0,1878.53,1878.0,1878.53,563.20837,,
2026-08-13 01:55:00+00:00,1878.53,1879.33,1878.35,1878.98,40.89577,,
2026-08-13 01:56:00+00:00,1878.98,1879.01,1878.52,1878.52,32.67597,,
2026-08-13 01:57:00+00:00,1878.52,1878.98,1878.47,1878.89,230.07125,,
2026-08-13 01:58:00+00:00,1878.89,1878.89,1877.2,1877.43,120.87948764221947,,
2026-08-13 01:59:00+00:00,1877.43,1877.98,1877.4,1877.42,72.42651,,
2026-08-13 02:00:00+00:00,1877.42,1877.98,1877.42,1877.67,210.00968,,
2026-08-13 02:01:00+00:00,1877.67,1877.67,1877.15,1877.19,15.36839,,
2026-08-13 02:02:00+00:00,1877.19,1877.98,1876.66,1877.98,13.02698,,
2026-08-13 02:03:00+00:00,1877.98,1878.04,1877.59,1877.59,48.096112278184954,,
2026-08-13 02:04:00+00:00,1877.59,1877.98,1876.96,1877.01,39.09258008111722,,
2026-08-13 02:05:00+00:00,1877.01,1877.01,1877.01,1877.01,0.0,,
2026-08-13 02:06:00+00:00,1877.01,1877.01,1876.32,1876.32,172.14812,,
2026-08-13 02:07:00+00:00,1876.32,1877.01,1876.32,1876.5,167.81596,,
2026-08-13 02:08:00+00:00,1876.5,1877.02,1876.5,1876.98,1.2229,,
2026-08-13 02:09:00+00:00,1876.98,1877.99,1876.98,1877.99,117.16101,,
2026-08-13 02:10:00+00:00,1877.99,1878.01,1877.02,1877.41,144.1341,,
2026-08-13 02:11:00+00:00,1877.41,1877.41,1876.96,1877.01,1.10164,,
2026-08-13 02:12:00+00:00,1877.01,1877.98,1877.01,1877.92,223.08885,,
2026-08-13 02:13:00+00:00,1877.92,1877.92,1876.36,1877.02,631.24808,,
2026-08-13 02:14:00+00:00,1877.02,1877.02,1876.98,1877.0,0.54791,,
2026-08-13 02:15:00+00:00,1877.0,1877.0,1876.47,1876.47,41.92846,,
2026-08-13 02:16:00+00:00,1876.47,1876.98,1876.4,1876.67,155.2606,,
2026-08-13 02:17:00+00:00,1876.67,1877.02,1876.67,1877.02,126.48557,,
2026-08-13 02:18:00+00:00,1877.02,1877.03,1877.02,1877.03,0.09571,,
2026-08-13 02:19:00+00:00,1877.03,1877.64,1876.98,1877.01,3081.4451,,
2026-08-13 02:20:00+00:00,1877.01,1877.01,1877.0,1877.0,0.0818,,
2026-08-13 02:21:00+00:00,1877.0,1877.42,1875.98,1875.98,68.1142,,
2026-08-13 02:22:00+00:00,1875.98,1876.02,1875.51,1875.52,2189.79603,,
2026-08-13 02:23:00+00:00,1875.52,1875.99,1875.51,1875.67,516.92721,,
2026-08-13 02:24:00+00:00,1875.67,1876.0,1875.47,1875.98,221.878252298898,,
2026-08-13 02:25:00+00:00,1875.98,1876.0,1875.98,1875.99,0.36851,,
2026-08-13 02:26:00+00:00,1875.99,1876.98,1875.99,1876.47,378.14466,,
2026-08-13 02:27:00+00:00,1876.47,1877.01,1876.47,1876.98,126.65258,,
2026-08-13 02:28:00+00:00,1876.98,1877.59,1876.98,1877.48,85.70043,,
2026-08-13 02:29:00+00:00,1877.48,1877.48,1876.67,1876.67,31.91866,,
2026-08-13 02:30:00+00:00,1876.67,1876.67,1873.65,1873.65,10844.23938,,
2026-08-13 02:31:00+00:00,1873.65,1875.32,1872.57,1872.57,2052.5473555687367,,
2026-08-13 02:32:00+00:00,1872.57,1874.07,1872.57,1872.72,1039.4991366666666,,
2026-08-13 02:33:00+00:00,1872.72,1873.84,1872.15,1873.73,1107.4869785854112,,
2026-08-13 02:34:00+00:00,1873.73,1874.61,1873.47,1874.6,126.01528,,
2026-08-13 02:35:00+00:00,1874.6,1875.0,1874.48,1874.99,409.68209,,
2026-08-13 02:36:00+00:00,1874.99,1874.99,1873.68,1874.6,272.88035,,
2026-08-13 02:37:00+00:00,1874.6,1874.98,1872.98,1873.52,4272.47271,,
2026-08-13 02:38:00+00:00,1873.52,1873.99,1873.33,1873.33,152.70734,,
2026-08-13 02:39:00+00:00,1873.33,1874.01,1872.96,1873.47,91.75196,,
2026-08-13 02:40:00+00:00,1873.47,1873.48,1872.52,1873.47,17645.48963,,
2026-08-13 02:41:00+00:00,1873.47,1874.51,1873.02,1874.51,2228.34344,,
2026-08-13 02:42:00+00:00,1874.51,1874.85,1874.02,1874.85,39.44013,,
2026-08-13 02:43:00+00:00,1874.85,1874.85,1874.85,1874.85,0.0,,
2026-08-13 02:44:00+00:00,1874.85,1876.37,1874.85,1876.36,17648.80231,,
2026-08-13 02:45:00+00:00,1876.36,1876.64,1875.79,1875.79,477.56521,,
2026-08-13 02:46:00+00:00,1875.79,1876.01,1875.31,1875.31,4057.07041,,
2026-08-13 02:47:00+00:00,1875.31,1877.49,1875.02,1877.48,11187.21855,,
2026-08-13 02:48:00+00:00,1877.48,1877.48,1876.99,1877.46,246.79885,,
2026-08-13 02:49:00+00:00,1877.46,1877.83,1876.89,1877.48,117.95155,,
2026-08-13 02:50:00+00:00,1877.48,1878.0,1877.02,1878.0,132.33909,,
2026-08-13 02:51:00+00:00,1878.0,1878.53,1877.98,1878.33,152.07189490260947,,
2026-08-13 02:52:00+00:00,1878.33,1878.51,1877.98,1877.98,108.53643584164188,,
2026-08-13 02:53:00+00:00,1877.98,1880.36,1877.98,1880.28,4457.920408119125,,
2026-08-13 02:54:00+00:00,1880.28,1880.5,1879.82,1880.49,40141.01949603923,,
2026-08-13 02:55:00+00:00,1880.49,1881.69,1880.49,1881.67,170.0368,,
2026-08-13 02:56:00+00:00,1881.67,1882.74,1881.67,1882.74,14021.49227,,
2026-08-13 02:57:00+00:00,1882.74,1882.74,1881.15,1881.19,244.60260960074396,,
2026-08-13 02:58:00+00:00,1881.19,1881.2,1881.19,1881.2,1.02042,,
2026-08-13 02:59:00+00:00,1881.2,1881.33,1881.15,1881.19,1.8436192387730992,,
2026-08-13 03:00:00+00:00,1881.19,1882.56,1881.02,1882.55,3239.2767858261013,,
2026-08-13 03:01:00+00:00,1882.55,1882.55,1881.99,1882.01,132.33622,,
2026-08-13 03:02:00+00:00,1882.01,1882.01,1882.0,1882.0,1.84248,,
2026-08-13 03:03:00+00:00,1882.0,1882.01,1881.0,1881.01,257.503,,
2026-08-13 03:04:00+00:00,1881.01,1882.5,1880.99,1882.49,2060.83733,,
2026-08-13 03:05:00+00:00,1882.49,1882.98,1881.93,1881.93,156.26424632234088,,
2026-08-13 03:06:00+00:00,1881.93,1882.02,1881.93,1881.98,0.5568220093942406,,
2026-08-13 03:07:00+00:00,1881.98,1883.2,1881.98,1883.02,45.296485963553984,,
2026-08-13 03:08:00+00:00,1883.02,1883.85,1882.99,1883.82,2043.648337525559,,
2026-08-13 03:09:00+00:00,1883.82,1883.82,1881.45,1881.47,4388.543230465047,,
2026-08-13 03:10:00+00:00,1881.47,1882.04,1881.35,1882.02,89.81008,,
2026-08-13 03:11:00+00:00,1882.02,1882.02,1881.47,1881.47,134.84738,,
2026-08-13 03:12:00+00:00,1881.47,1882.0,1881.44,1881.98,181.96507,,
2026-08-13 03:13:00+00:00,1881.98,1883.04,1881.98,1883.02,70.7985245678725,,
2026-08-13 03:14:00+00:00,1883.02,1883.02,1882.51,1882.98,206.47552348911313,,
2026-08-13 03:15:00+00:00,1882.98,1883.37,1882.98,1883.02,2062.97656,,
2026-08-13 03:16:00+00:00,1883.02,1883.02,1882.67,1882.67,0.97958,,
2026-08-13 03:17:00+00:00,1882.67,1882.98,1881.98,1881.98,67.50815,,
2026-08-13 03:18:00+00:00,1881.98,1883.62,1881.98,1883.62,2089.00773,,
2026-08-13 03:19:00+00:00,1883.62,1883.62,1883.01,1883.02,35.97505,,
2026-08-13 03:20:00+00:00,1883.02,1884.18,1883.02,1883.64,71.25178,,
2026-08-13 03:21:00+00:00,1883.64,1883.64,1882.23,1883.02,1727.4435,,
2026-08-13 03:22:00+00:00,1883.02,1883.02,1881.97,1882.52,268.59233,,
2026-08-13 03:23:00+00:00,1882.52,1882.98,1882.02,1882.67,314.20894,,
2026-08-13 03:24:00+00:00,1882.67,1882.98,1882.67,1882.67,564.93768,,
2026-08-13 03:25:00+00:00,1882.67,1883.02,1882.47,1882.47,172.29699,,
2026-08-13 03:26:00+00:00,1882.47,1883.0,1882.47,1882.99,15.5596,,
2026-08-13 03:27:00+00:00,1882.99,1883.01,1882.97,1883.0,1.36397,,
2026-08-13 03:28:00+00:00,1883.0,1883.01,1882.39,1882.39,4.42674,,
2026-08-13 03:29:00+00:00,1882.39,1882.39,1882.33,1882.35,0.26319,,
2026-08-13 03:30:00+00:00,1882.35,1882.7,1882.32,1882.7,0.66254,,
2026-08-13 03:31:00+00:00,1882.7,1883.35,1882.7,1882.7,0.54053,,
2026-08-13 03:32:00+00:00,1882.7,1887.36,1882.7,1885.3,7842.053378644312,,
2026-08-13 03:33:00+00:00,1885.3,1885.35,1883.97,1884.72,1.03519,,
2026-08-13 03:34:00+00:00,1884.72,1885.3,1884.72,1885.3,0.0795836185079663,,
2026-08-13 03:35:00+00:00,1885.3,1885.3,1883.98,1884.04,1774.7052014236967,,
2026-08-13 03:36:00+00:00,1884.04,1884.53,1883.99,1884.38,177.54932,,
2026-08-13 03:37:00+00:00,1884.38,1884.38,1883.99,1883.99,1.00442,,
2026-08-13 03:38:00+00:00,1883.99,1883.99,1883.99,1883.99,0.0,,
2026-08-13 03:39:00+00:00,1883.99,1884.01,1883.63,1883.99,74.75024,,
2026-08-13 03:40:00+00:00,1883.99,1884.02,1883.49,1883.67,1237.87879,,
2026-08-13 03:41:00+00:00,1883.67,1883.98,1883.02,1883.02,18.1491,,
2026-08-13 03:42:00+00:00,1883.02,1883.02,1882.99,1882.99,0.17206,,
2026-08-13 03:43:00+00:00,1882.99,1883.04,1882.99,1883.04,0.5925723167077573,,
2026-08-13 03:44:00+00:00,1883.04,1883.04,1883.04,1883.04,0.0,,
2026-08-13 03:45:00+00:00,1883.04,1883.98,1883.02,1883.98,66.60523384164613,,
2026-08-13 03:46:00+00:00,1883.98,1883.99,1883.98,1883.98,0.39429,,
2026-08-13 03:47:00+00:00,1883.98,1884.01,1883.98,1884.0,1.28933,,
2026-08-13 03:48:00+00:00,1884.0,1884.85,1883.99,1884.85,2203.69942,,
2026-08-13 03:49:00+00:00,1884.85,1886.98,1884.85,1886.43,7568.86198,,
2026-08-13 03:50:00+00:00,1886.43,1887.39,1885.65,1887.01,1737.91575,,
2026-08-13 03:51:00+00:00,1887.01,1887.63,1886.54,1887.63,143.12206,,
2026-08-13 03:52:00+00:00,1887.63,1887.85,1886.99,1887.02,13.928923500614214,,
2026-08-13 03:53:00+00:00,1887.02,1888.02,1886.65,1886.65,111.100180467433,,
2026-08-13 03:54:00+00:00,1886.65,1887.02,1886.48,1886.49,55.68913127524536,,
2026-08-13 03:55:00+00:00,1886.49,1886.49,1886.01,1886.43,31.61733,,
2026-08-13 03:56:00+00:00,1886.43,1886.43,1886.43,1886.43,0.0,,
2026-08-13 03:57:00+00:00,1886.43,1886.98,1886.02,1886.47,106.91995,,
2026-08-13 03:58:00+00:00,1886.47,1887.02,1886.43,1887.02,161.9342963738089,,
2026-08-13 03:59:00+00:00,1887.02,1887.02,1886.29,1886.93,126.3101,,
2026-08-13 04:00:00+00:00,1886.93,1886.99,1885.99,1886.67,558.12625,,
2026-08-13 04:01:00+00:00,1886.67,1887.0,1886.55,1887.0,94.36578,,
2026-08-13 04:02:00+00:00,1887.0,1887.0,1887.0,1887.0,0.0,,
2026-08-13 04:03:00+00:00,1887.0,1887.0,1887.0,1887.0,0.0,,
2026-08-13 04:04:00+00:00,1887.0,1887.0,1885.99,1885.99,36.1742305659612,,
2026-08-13 04:05:00+00:00,1885.99,1886.41,1885.98,1886.4,31.74087,,
2026-08-13 04:06:00+00:00,1886.4,1886.44,1886.02,1886.33,151.7113,,
2026-08-13 04:07:00+00:00,1886.33,1887.02,1886.02,1886.98,198.1138991944886,,
2026-08-13 04:08:00+00:00,1886.98,1887.02,1886.67,1886.67,9.610248432106353,,
2026-08-13 04:09:00+00:00,1886.67,1886.67,1885.99,1886.33,30.9133,,
2026-08-13 04:10:00+00:00,1886.33,1887.03,1886.02,1886.98,86.32371666666667,,
2026-08-13 04:11:00+00:00,1886.98,1886.98,1885.41,1885.69,271.44627425518576,,
2026-08-13 04:12:00+00:00,1885.69,1886.01,1885.64,1886.01,0.25854,,
2026-08-13 04:13:00+00:00,1886.01,1887.02,1886.0,1886.98,886.81089,,
2026-08-13 04:14:00+00:00,1886.98,1887.02,1886.47,1886.47,36.17144,,
2026-08-13 04:15:00+00:00,1886.47,1886.47,1885.55,1886.0,1139.96571,,
2026-08-13 04:16:00+00:00,1886.0,1886.0,1885.98,1885.98,0.62347,,
2026-08-13 04:17:00+00:00,1885.98,1886.02,1885.67,1885.67,63.04799,,
2026-08-13 04:18:00+00:00,1885.67,1886.03,1885.52,1886.03,0.19738,,
2026-08-13 04:19:00+00:00,1886.03,1886.03,1885.47,1885.98,186.88095,,
2026-08-13 04:20:00+00:00,1885.98,1885.99,1885.67,1885.67,62.637,,
2026-08-13 04:21:00+00:00,1885.67,1885.98,1885.25,1885.26,67.2709,,
2026-08-13 04:22:00+00:00,1885.26,1885.26,1885.02,1885.02,0.07074,,
2026-08-13 04:23:00+00:00,1885.02,1885.07,1885.0,1885.07,23.9728,,
2026-08-13 04:24:00+00:00,1885.07,1885.4,1884.99,1885.12,54.5503,,
2026-08-13 04:25:00+00:00,1885.12,1885.53,1885.01,1885.53,513.45445,,
2026-08-13 04:26:00+00:00,1885.53,1885.98,1885.53,1885.98,0.96586,,
2026-08-13 04:27:00+00:00,1885.98,1885.98,1884.98,1885.02,30.59149,,
2026-08-13 04:28:00+00:00,1885.02,1885.5,1884.99,1885.48,262.93566,,
2026-08-13 04:29:00+00:00,1885.48,1885.48,1885.01,1885.01,0.21335,,
2026-08-13 04:30:00+00:00,1885.01,1885.01,1885.01,1885.01,0.0,,
2026-08-13 04:31:00+00:00,1885.01,1885.01,1885.01,1885.01,0.0,,
2026-08-13 04:32:00+00:00,1885.01,1885.01,1885.01,1885.01,0.0,,
2026-08-13 04:33:00+00:00,1885.01,1887.19,1884.79,1887.19,1.54638,,
2026-08-13 04:34:00+00:00,1887.19,1887.53,1887.02,1887.53,35.2475,,
2026-08-13 04:35:00+00:00,1887.53,1889.0,1887.53,1889.0,39.06933,,
2026-08-13 04:36:00+00:00,1889.0,1889.53,1888.5,1889.33,2085.28886,,
2026-08-13 04:37:00+00:00,1889.33,1889.98,1889.02,1889.52,90.7818,,
2026-08-13 04:38:00+00:00,1889.52,1891.36,1888.98,1889.1,96.86854757695376,,
2026-08-13 04:39:00+00:00,1889.1,1889.46,1888.4,1888.4,2253.16398,,
2026-08-13 04:40:00+00:00,1888.4,1889.0,1888.16,1888.99,92.98766,,
2026-08-13 04:41:00+00:00,1888.99,1889.4,1888.98,1889.39,105.06466940908896,,
2026-08-13 04:42:00+00:00,1889.39,1890.01,1889.01,1890.0,31.21673,,
2026-08-13 04:43:00+00:00,1890.0,1890.53,1889.98,1890.52,2010.91777,,
2026-08-13 04:44:00+00:00,1890.52,1890.53,1889.98,1890.21,32.40777,,
2026-08-13 04:45:00+00:00,1890.21,1892.16,1890.02,1892.01,5320.65538534411,,
2026-08-13 04:46:00+00:00,1892.01,1893.2,1891.18,1892.9,4211.59673556008,,
2026-08-13 04:47:00+00:00,1892.9,1894.36,1892.07,1894.11,2130.9017146533843,,
2026-08-13 04:48:00+00:00,1894.11,1894.21,1891.5,1892.0,6152.750796936044,,
2026-08-13 04:49:00+00:00,1892.0,1892.0,1890.64,1890.93,60.80334626362574,,
2026-08-13 04:50:00+00:00,1890.93,1892.12,1890.93,1892.02,196.90768624959648,,
2026-08-13 04:51:00+00:00,1892.02,1892.02,1891.97,1892.02,0.85903,,
2026-08-13 04:52:00+00:00,1892.02,1892.49,1891.19,1891.19,107.9621,,
2026-08-13 04:53:00+00:00,1891.19,1891.48,1890.99,1891.47,183.58854,,
2026-08-13 04:54:00+00:00,1891.47,1892.37,1891.47,1892.37,2031.31952,,
2026-08-13 04:55:00+00:00,1892.37,1892.37,1891.99,1891.99,0.1713,,
2026-08-13 04:56:00+00:00,1891.99,1892.02,1891.99,1892.02,1.1680522753056983,,
2026-08-13 04:57:00+00:00,1892.02,1892.02,1891.99,1892.0,0.8768594923334689,,
2026-08-13 04:58:00+00:00,1892.0,1892.01,1891.67,1892.01,85.47568,,
2026-08-13 04:59:00+00:00,1892.01,1892.01,1891.16,1891.67,131.77347,,
2026-08-13 05:00:00+00:00,1891.67,1892.63,1890.99,1890.99,91.87842,,
2026-08-13 05:01:00+00:00,1890.99,1891.51,1890.98,1891.33,3986.134635070752,,
2026-08-13 05:02:00+00:00,1891.33,1892.02,1891.02,1892.02,31.83506,,
2026-08-13 05:03:00+00:00,1892.02,1892.52,1891.99,1892.52,2022.97941,,
2026-08-13 05:04:00+00:00,1892.52,1893.11,1892.02,1893.01,57.20924063026397,,
2026-08-13 05:05:00+00:00,1893.01,1893.01,1891.96,1892.02,92.93305,,
2026-08-13 05:06:00+00:00,1892.02,1897.36,1892.0,1896.47,20189.198258456487,,
2026-08-13 05:07:00+00:00,1896.47,1897.36,1896.47,1897.36,1501.0584453723332,,
2026-08-13 05:08:00+00:00,1897.36,1898.0,1896.47,1896.67,63496.578243101096,,
2026-08-13 05:09:00+00:00,1896.67,1897.01,1895.47,1895.54,2493.07466,,
2026-08-13 05:10:00+00:00,1895.54,1896.37,1895.07,1896.33,4241.612618712808,,
2026-08-13 05:11:00+00:00,1896.33,1897.02,1896.33,1896.43,236.68108,,
2026-08-13 05:12:00+00:00,1896.43,1896.98,1895.98,1896.33,590.2816317519196,,
2026-08-13 05:13:00+00:00,1896.33,1897.45,1896.02,1897.33,3075.23355,,
2026-08-13 05:14:00+00:00,1897.33,1897.77,1896.78,1897.77,11142.42452,,
2026-08-13 05:15:00+00:00,1897.77,1899.48,1897.56,1899.47,5077.81898,,
2026-08-13 05:16:00+00:00,1899.47,1899.47,1896.47,1896.47,4249.95754,,
2026-08-13 05:17:00+00:00,1896.47,1897.15,1896.19,1897.15,12.42508,,
2026-08-13 05:18:00+00:00,1897.15,1897.69,1896.59,1896.99,34132.31746,,
2026-08-13 05:19:00+00:00,1896.99,1896.99,1895.91,1896.53,181.12132,,
2026-08-13 05:20:00+00:00,1896.53,1897.02,1896.02,1896.34,71.91674410980984,,
2026-08-13 05:21:00+00:00,1896.34,1897.01,1896.02,1896.02,223.90578723972789,,
2026-08-13 05:22:00+00:00,1896.02,1896.51,1895.96,1896.33,157.31043,,
2026-08-13 05:23:00+00:00,1896.33,1898.2,1896.02,1897.47,5400.06208,,
2026-08-13 05:24:00+00:00,1897.47,1899.03,1897.02,1897.68,2459.89502,,
2026-08-13 05:25:00+00:00,1897.68,1899.02,1897.68,1898.15,231.6020942457857,,
2026-08-13 05:26:00+00:00,1898.15,1898.2,1896.64,1897.19,2194.2109778416648,,
2026-08-13 05:27:00+00:00,1897.19,1898.01,1897.19,1898.01,1013.093119607934,,
2026-08-13 05:28:00+00:00,1898.01,1898.6,1897.67,1897.99,164.91938,,
2026-08-13 05:29:00+00:00,1897.99,1899.35,1897.52,1899.35,784.93253,,
2026-08-13 05:30:00+00:00,1899.35,1899.35,1896.64,1897.02,1.1798514883599267,,
2026-08-13 05:31:00+00:00,1897.02,1897.63,1896.94,1897.53,2563.141265284054,,
2026-08-13 05:32:00+00:00,1897.53,1898.36,1895.82,1895.83,70.92743481005945,,
2026-08-13 05:33:00+00:00,1895.83,1896.53,1895.83,1895.98,51.00666,,
2026-08-13 05:34:00+00:00,1895.98,1896.58,1895.98,1896.53,636.34544,,
2026-08-13 05:35:00+00:00,1896.53,1897.45,1896.53,1897.01,3587.28805,,
2026-08-13 05:36:00+00:00,1897.01,1897.01,1896.47,1896.47,188.98637,,
2026-08-13 05:37:00+00:00,1896.47,1897.19,1896.02,1897.02,61.61645318428241,,
2026-08-13 05:38:00+00:00,1897.02,1897.58,1897.02,1897.53,262.49483927680546,,
2026-08-13 05:39:00+00:00,1897.53,1898.01,1897.52,1897.99,2573.1821,,
2026-08-13 05:40:00+00:00,1897.99,1898.53,1897.99,1897.99,2020.34628,,
2026-08-13 05:41:00+00:00,1897.99,1898.01,1896.98,1896.98,15.02363,,
2026-08-13 05:42:00+00:00,1896.98,1896.99,1896.98,1896.99,0.274519451839401,,
2026-08-13 05:43:00+00:00,1896.99,1897.02,1896.98,1896.99,1.12994,,
2026-08-13 05:44:00+00:00,1896.99,1897.02,1896.99,1897.01,0.33337,,
2026-08-13 05:45:00+00:00,1897.01,1897.01,1896.47,1896.98,2438.76631,,
2026-08-13 05:46:00+00:00,1896.98,1897.49,1896.98,1897.33,303.91828,,
2026-08-13 05:47:00+00:00,1897.33,1897.33,1897.02,1897.02,219.13239,,
2026-08-13 05:48:00+00:00,1897.02,1897.36,1896.15,1896.27,2102.7513998901736,,
2026-08-13 05:49:00+00:00,1896.27,1896.42,1896.0,1896.0,11.7103,,
2026-08-13 05:50:00+00:00,1896.0,1896.01,1895.96,1895.96,1.50136,,
2026-08-13 05:51:00+00:00,1895.96,1896.02,1895.59,1896.02,2023.65572,,
2026-08-13 05:52:00+00:00,1896.02,1896.02,1895.98,1896.02,0.90316,,
2026-08-13 05:53:00+00:00,1896.02,1896.02,1895.98,1895.98,1.35488,,
2026-08-13 05:54:00+00:00,1895.98,1896.04,1895.59,1896.04,1.0569385323034184,,
2026-08-13 05:55:00+00:00,1896.04,1896.04,1895.99,1896.0,1.68479,,
2026-08-13 05:56:00+00:00,1896.0,1896.01,1895.99,1895.99,0.31024,,
2026-08-13 05:57:00+00:00,1895.99,1896.02,1895.99,1895.99,0.4249378099295633,,
2026-08-13 05:58:00+00:00,1895.99,1896.01,1895.54,1895.54,478.48549321961616,,
2026-08-13 05:59:00+00:00,1895.54,1895.98,1894.98,1894.98,167.15745244087995,,
2026-08-13 06:00:00+00:00,1894.98,1895.02,1894.97,1894.97,0.70456,,
2026-08-13 06:01:00+00:00,1894.97,1895.33,1894.47,1894.47,2379.65019,,
2026-08-13 06:02:00+00:00,1894.47,1894.48,1893.83,1893.88,94.61449,,
2026-08-13 06:03:00+00:00,1893.88,1894.02,1893.15,1893.2,2171.272785776573,,
2026-08-13 06:04:00+00:00,1893.2,1893.2,1892.99,1892.99,1.76532,,
2026-08-13 06:05:00+00:00,1892.99,1892.99,1892.17,1892.17,98.96826,,
2026-08-13 06:06:00+00:00,1892.17,1892.62,1891.98,1892.62,188.1616459633608,,
2026-08-13 06:07:00+00:00,1892.62,1893.0,1892.12,1892.98,41.588609318892495,,
2026-08-13 06:08:00+00:00,1892.98,1893.01,1892.49,1892.67,253.3828906565953,,
2026-08-13 06:09:00+00:00,1892.67,1893.01,1892.67,1892.99,0.51376,,
2026-08-13 06:10:00+00:00,1892.99,1893.02,1892.96,1892.98,0.3505078762352632,,
2026-08-13 06:11:00+00:00,1892.98,1893.02,1892.98,1892.99,0.60477,,
2026-08-13 06:12:00+00:00,1892.99,1893.02,1892.99,1892.99,0.3843,,
2026-08-13 06:13:00+00:00,1892.99,1893.04,1892.99,1893.01,0.65938,,
2026-08-13 06:14:00+00:00,1893.01,1893.02,1892.99,1893.01,1.44333,,
2026-08-13 06:15:00+00:00,1893.01,1894.36,1893.01,1894.36,62.14491,,
2026-08-13 06:16:00+00:00,1894.36,1894.36,1893.01,1893.01,3.589570675593996,,
2026-08-13 06:17:00+00:00,1893.01,1893.53,1893.01,1893.52,285.32263,,
2026-08-13 06:18:00+00:00,1893.52,1894.05,1893.52,1893.55,83.21807,,
2026-08-13 06:19:00+00:00,1893.55,1894.42,1893.55,1894.42,2578.355463450958,,
2026-08-13 06:20:00+00:00,1894.42,1894.82,1894.02,1894.59,382.38244511373654,,
2026-08-13 06:21:00+00:00,1894.59,1895.01,1893.99,1895.01,97.24004,,
2026-08-13 06:22:00+00:00,1895.01,1895.02,1894.48,1894.93,94.3836953653565,,
2026-08-13 06:23:00+00:00,1894.93,1894.98,1893.99,1894.02,133.66709,,
2026-08-13 06:24:00+00:00,1894.02,1894.02,1893.98,1893.98,0.5636583824103095,,
2026-08-13 06:25:00+00:00,1893.98,1894.02,1893.98,1893.99,0.8420195012720046,,
2026-08-13 06:26:00+00:00,1893.99,1894.01,1892.99,1892.99,157.06253,,
2026-08-13 06:27:00+00:00,1892.99,1893.4,1892.96,1892.98,33.68898331310442,,
2026-08-13 06:28:00+00:00,1892.98,1894.02,1892.98,1894.02,0.7848114776798552,,
2026-08-13 06:29:00+00:00,1894.02,1894.02,1893.99,1893.99,0.08372,,
2026-08-13 06:30:00+00:00,1893.99,1893.99,1892.64,1892.65,0.5150703070076607,,
2026-08-13 06:31:00+00:00,1892.65,1892.65,1892.65,1892.65,0.0,,
2026-08-13 06:32:00+00:00,1892.65,1892.65,1892.65,1892.65,0.0,,
2026-08-13 06:33:00+00:00,1892.65,1892.66,1891.63,1891.63,5543.08713593741,,
2026-08-13 06:34:00+00:00,1891.63,1891.85,1890.65,1891.85,267.1891133131044,,
2026-08-13 06:35:00+00:00,1891.85,1892.41,1891.84,1892.41,2063.85703,,
2026-08-13 06:36:00+00:00,1892.41,1892.41,1891.4,1891.62,1656.01889,,
2026-08-13 06:37:00+00:00,1891.62,1892.02,1891.62,1892.02,0.307228530671336,,
2026-08-13 06:38:00+00:00,1892.02,1892.02,1891.98,1892.02,0.32691,,
2026-08-13 06:39:00+00:00,1892.02,1892.02,1891.98,1892.02,0.6497,,
2026-08-13 06:40:00+00:00,1892.02,1892.03,1891.98,1891.99,0.8053,,
2026-08-13 06:41:00+00:00,1891.99,1892.04,1891.6,1892.01,32.51231860200886,,
2026-08-13 06:42:00+00:00,1892.01,1892.02,1891.99,1892.0,0.56617,,
2026-08-13 06:43:00+00:00,1892.0,1892.0,1891.98,1891.98,0.31529,,
2026-08-13 06:44:00+00:00,1891.98,1892.03,1891.98,1892.01,1.43542,,
2026-08-13 06:45:00+00:00,1892.01,1892.69,1891.98,1892.69,23.04768,,
2026-08-13 06:46:00+00:00,1892.69,1893.48,1892.69,1893.44,2095.09524,,
2026-08-13 06:47:00+00:00,1893.44,1894.85,1893.02,1894.85,22742.69886,,
2026-08-13 06:48:00+00:00,1894.85,1895.79,1894.85,1895.0,29103.06265,,
2026-08-13 06:49:00+00:00,1895.0,1895.02,1895.0,1895.02,0.10535,,
2026-08-13 06:50:00+00:00,1895.02,1895.8,1895.02,1895.8,128.94424,,
2026-08-13 06:51:00+00:00,1895.8,1896.19,1895.01,1896.19,85.54274279149736,,
2026-08-13 06:52:00+00:00,1896.19,1896.62,1896.0,1896.33,350.0371778099296,,
2026-08-13 06:53:00+00:00,1896.33,1896.85,1896.0,1896.02,26.97445,,
2026-08-13 06:54:00+00:00,1896.02,1897.01,1896.01,1897.0,102.63985,,
2026-08-13 06:55:00+00:00,1897.0,1897.02,1896.99,1897.02,0.57221,,
2026-08-13 06:56:00+00:00,1897.02,1897.07,1896.99,1896.99,0.4705267819579074,,
2026-08-13 06:57:00+00:00,1896.99,1897.57,1896.58,1896.98,100.61796080879871,,
2026-08-13 06:58:00+00:00,1896.98,1897.02,1896.96,1896.99,0.75514,,
2026-08-13 06:59:00+00:00,1896.99,1898.02,1896.99,1897.98,53.39126767175161,,
2026-08-13 07:00:00+00:00,1897.98,1897.99,1896.96,1896.98,84.85318918068893,,
2026-08-13 07:01:00+00:00,1896.98,1897.0,1895.68,1895.68,120.0244767819579,,
2026-08-13 07:02:00+00:00,1895.68,1896.25,1895.68,1896.22,0.19586,,
2026-08-13 07:03:00+00:00,1896.22,1896.24,1896.0,1896.01,2.04836,,
2026-08-13 07:04:00+00:00,1896.01,1896.01,1895.38,1895.38,2035.75159,,
2026-08-13 07:05:00+00:00,1895.38,1896.01,1895.02,1895.99,63.13375,,
2026-08-13 07:06:00+00:00,1895.99,1896.53,1895.96,1895.98,1044.2665440834487,,
2026-08-13 07:07:00+00:00,1895.98,1896.43,1895.98,1896.4,322.65692,,
2026-08-13 07:08:00+00:00,1896.4,1896.4,1895.98,1895.98,0.8432,,
2026-08-13 07:09:00+00:00,1895.98,1896.53,1895.98,1896.53,222.60681,,
2026-08-13 07:10:00+00:00,1896.53,1896.96,1896.01,1896.12,107.73177,,
2026-08-13 07:11:00+00:00,1896.12,1897.36,1895.98,1897.36,62.76521488914547,,
2026-08-13 07:12:00+00:00,1897.36,1897.36,1897.0,1897.04,3.7300781715715665,,
2026-08-13 07:13:00+00:00,1897.04,1897.04,1896.02,1896.02,153.4251,,
2026-08-13 07:14:00+00:00,1896.02,1896.02,1895.98,1895.99,0.7703640824316818,,
2026-08-13 07:15:00+00:00,1895.99,1896.52,1895.99,1896.33,960.93667,,
2026-08-13 07:16:00+00:00,1896.33,1896.51,1896.02,1896.33,1203.26467,,
2026-08-13 07:17:00+00:00,1896.33,1896.48,1895.98,1896.01,374.73851,,
2026-08-13 07:18:00+00:00,1896.01,1896.02,1895.98,1895.98,0.7284007652837164,,
2026-08-13 07:19:00+00:00,1895.98,1896.02,1895.98,1896.01,0.7430231931085569,,
2026-08-13 07:20:00+00:00,1896.01,1896.02,1895.99,1896.0,0.36186,,
2026-08-13 07:21:00+00:00,1896.0,1896.0,1895.47,1896.0,68.03218282366184,,
2026-08-13 07:22:00+00:00,1896.0,1896.88,1895.99,1896.88,31.55972,,
2026-08-13 07:23:00+00:00,1896.88,1896.88,1896.02,1896.53,160.24731,,
2026-08-13 07:24:00+00:00,1896.53,1896.99,1896.53,1896.98,0.8999009939699945,,
2026-08-13 07:25:00+00:00,1896.98,1897.0,1895.98,1896.0,102.73638,,
2026-08-13 07:26:00+00:00,1896.0,1896.01,1895.98,1895.99,0.63947,,
2026-08-13 07:27:00+00:00,1895.99,1896.44,1895.99,1896.33,498.92877,,
2026-08-13 07:28:00+00:00,1896.33,1896.6,1896.02,1896.43,404.38769,,
2026-08-13 07:29:00+00:00,1896.43,1896.97,1896.02,1896.97,20.55328,,
2026-08-13 07:30:00+00:00,1896.97,1896.97,1896.97,1896.97,0.0,,
2026-08-13 07:31:00+00:00,1896.97,1896.97,1896.97,1896.97,0.0,,
2026-08-13 07:32:00+00:00,1896.97,1897.26,1896.72,1896.72,0.1375534844810194,,
2026-08-13 07:33:00+00:00,1896.72,1897.29,1896.68,1897.29,1.2518210627313555,,
2026-08-13 07:34:00+00:00,1897.29,1897.31,1895.64,1897.31,1.8697728529771875,,
2026-08-13 07:35:00+00:00,1897.31,1897.31,1897.31,1897.31,0.0,,
2026-08-13 07:36:00+00:00,1897.31,1897.31,1895.64,1897.28,0.6978988479708566,,
2026-08-13 07:37:00+00:00,1897.28,1897.31,1897.24,1897.31,0.7907263612354308,,
2026-08-13 07:38:00+00:00,1897.31,1897.31,1897.3,1897.31,0.3329520066173847,,
2026-08-13 07:39:00+00:00,1897.31,1897.31,1897.31,1897.31,0.0,,
2026-08-13 07:40:00+00:00,1897.31,1897.31,1897.31,1897.31,0.0,,
2026-08-13 07:41:00+00:00,1897.31,1897.31,1897.31,1897.31,0.0,,
2026-08-13 07:42:00+00:00,1897.31,1897.31,1897.31,1897.31,0.0,,
2026-08-13 07:43:00+00:00,1897.31,1897.31,1895.83,1897.23,0.2335409075007877,,
2026-08-13 07:44:00+00:00,1897.23,1897.23,1897.23,1897.23,0.0,,
2026-08-13 07:45:00+00:00,1897.23,1897.23,1895.92,1895.92,0.4925428350925233,,
2026-08-13 07:46:00+00:00,1895.92,1895.93,1895.92,1895.93,0.12067,,
2026-08-13 07:47:00+00:00,1895.93,1895.98,1895.62,1895.62,6.053567034354068,,
2026-08-13 07:48:00+00:00,1895.62,1895.62,1895.29,1895.29,0.20537,,
2026-08-13 07:49:00+00:00,1895.29,1895.29,1895.29,1895.29,0.0,,
2026-08-13 07:50:00+00:00,1895.29,1895.29,1894.98,1894.98,0.4969022472055684,,
2026-08-13 07:51:00+00:00,1894.98,1894.98,1894.98,1894.98,0.0,,
2026-08-13 07:52:00+00:00,1894.98,1894.98,1894.98,1894.98,0.0,,
2026-08-13 07:53:00+00:00,1894.98,1895.0,1894.57,1894.99,237.30315,,
2026-08-13 07:54:00+00:00,1894.99,1895.01,1894.96,1895.0,1.2730494923334688,,
2026-08-13 07:55:00+00:00,1895.0,1895.0,1894.98,1894.99,2.627750257732231,,
2026-08-13 07:56:00+00:00,1894.99,1894.99,1894.98,1894.98,0.0628634105185039,,
2026-08-13 07:57:00+00:00,1894.98,1894.98,1894.53,1894.54,126.34454,,
2026-08-13 07:58:00+00:00,1894.54,1894.99,1894.36,1894.38,261.58462,,
2026-08-13 07:59:00+00:00,1894.38,1894.98,1894.38,1894.67,201.4243,,
2026-08-13 08:00:00+00:00,1894.67,1895.02,1894.67,1895.02,0.28731,,
2026-08-13 08:01:00+00:00,1895.02,1896.07,1895.01,1895.98,20.15359,,
2026-08-13 08:02:00+00:00,1895.98,1895.98,1895.98,1895.98,0.0,,
2026-08-13 08:03:00+00:00,1895.98,1896.01,1895.62,1895.62,37.85131,,
2026-08-13 08:04:00+00:00,1895.62,1896.02,1895.62,1895.67,31.730554365422066,,
2026-08-13 08:05:00+00:00,1895.67,1895.67,1894.98,1894.98,4.24539,,
2026-08-13 08:06:00+00:00,1894.98,1895.98,1894.98,1895.2,235.30976,,
2026-08-13 08:07:00+00:00,1895.2,1895.59,1895.02,1895.53,289.08032,,
2026-08-13 08:08:00+00:00,1895.53,1895.53,1894.25,1894.25,88.48084,,
2026-08-13 08:09:00+00:00,1894.25,1894.47,1893.68,1893.98,1265.55836,,
2026-08-13 08:10:00+00:00,1893.98,1894.02,1893.98,1894.01,0.4947,,
2026-08-13 08:11:00+00:00,1894.01,1894.02,1893.19,1893.19,10.93352,,
2026-08-13 08:12:00+00:00,1893.19,1893.19,1892.47,1892.48,1102.1316819494918,,
2026-08-13 08:13:00+00:00,1892.48,1893.01,1892.47,1892.67,60.12142,,
2026-08-13 08:14:00+00:00,1892.67,1892.98,1891.64,1891.84,1578.247236322535,,
2026-08-13 08:15:00+00:00,1891.84,1891.98,1891.48,1891.53,193.25586,,
2026-08-13 08:16:00+00:00,1891.53,1892.0,1891.02,1891.96,48.5017071035776,,
2026-08-13 08:17:00+00:00,1891.96,1892.02,1891.96,1892.0,1.05754,,
2026-08-13 08:18:00+00:00,1892.0,1892.02,1891.98,1891.98,0.88156,,
2026-08-13 08:19:00+00:00,1891.98,1892.0,1891.47,1891.98,621.1098474569745,,
2026-08-13 08:20:00+00:00,1891.98,1891.98,1891.5,1891.5,50.9881,,
2026-08-13 08:21:00+00:00,1891.5,1892.02,1891.47,1892.02,1.8612191803538671,,
2026-08-13 08:22:00+00:00,1892.02,1892.03,1891.98,1892.02,1.6284504917376197,,
2026-08-13 08:23:00+00:00,1892.02,1892.02,1891.44,1891.67,36.25915,,
2026-08-13 08:24:00+00:00,1891.67,1892.03,1891.67,1892.03,0.4599,,
2026-08-13 08:25:00+00:00,1892.03,1892.03,1892.0,1892.03,0.36946,,
2026-08-13 08:26:00+00:00,1892.03,1892.03,1891.01,1892.0,65.85871,,
2026-08-13 08:27:00+00:00,1892.0,1892.0,1891.98,1891.98,0.32401,,
2026-08-13 08:28:00+00:00,1891.98,1891.98,1891.98,1891.98,0.0,,
2026-08-13 08:29:00+00:00,1891.98,1892.06,1891.68,1891.68,0.21829,,
2026-08-13 08:30:00+00:00,1891.68,1891.68,1891.68,1891.68,0.0,,
2026-08-13 08:31:00+00:00,1891.68,1891.68,1890.64,1890.64,0.1747208151016093,,
2026-08-13 08:32:00+00:00,1890.64,1892.35,1890.64,1892.35,0.5903311459691472,,
2026-08-13 08:33:00+00:00,1892.35,1892.35,1892.35,1892.35,0.0,,
2026-08-13 08:34:00+00:00,1892.35,1892.35,1892.35,1892.35,0.0,,
2026-08-13 08:35:00+00:00,1892.35,1892.35,1892.35,1892.35,0.0,,
2026-08-13 08:36:00+00:00,1892.35,1892.35,1892.35,1892.35,0.0,,
2026-08-13 08:37:00+00:00,1892.35,1892.35,1892.35,1892.35,0.0,,
2026-08-13 08:38:00+00:00,1892.35,1892.35,1892.35,1892.35,0.0,,
2026-08-13 08:39:00+00:00,1892.35,1892.35,1890.72,1890.72,0.15941,,
2026-08-13 08:40:00+00:00,1890.72,1892.36,1890.64,1890.64,9.833081569769051,,
2026-08-13 08:41:00+00:00,1890.64,1890.64,1890.64,1890.64,0.0,,
2026-08-13 08:42:00+00:00,1890.64,1892.34,1890.64,1892.34,0.28176,,
2026-08-13 08:43:00+00:00,1892.34,1892.34,1892.34,1892.34,0.0,,
2026-08-13 08:44:00+00:00,1892.34,1892.34,1892.34,1892.34,0.0,,
2026-08-13 08:45:00+00:00,1892.34,1892.34,1890.24,1890.25,106.34983,,
2026-08-13 08:46:00+00:00,1890.25,1890.25,1889.93,1889.98,0.8934716951378391,,
2026-08-13 08:47:00+00:00,1889.98,1890.02,1889.56,1889.98,9061.85526,,
2026-08-13 08:48:00+00:00,1889.98,1889.99,1889.53,1889.8,104.94007,,
2026-08-13 08:49:00+00:00,1889.8,1889.98,1889.05,1889.2,193.76255318804095,,
2026-08-13 08:50:00+00:00,1889.2,1889.51,1888.64,1889.02,506.1180364957344,,
2026-08-13 08:51:00+00:00,1889.02,1889.02,1888.99,1888.99,0.16438,,
2026-08-13 08:52:00+00:00,1888.99,1888.99,1888.58,1888.67,648.07944,,
2026-08-13 08:53:00+00:00,1888.67,1888.98,1888.3,1888.3,36.1647,,
2026-08-13 08:54:00+00:00,1888.3,1888.31,1887.63,1888.02,2034.060523157745,,
2026-08-13 08:55:00+00:00,1888.02,1889.02,1888.02,1889.02,158.10811150075156,,
2026-08-13 08:56:00+00:00,1889.02,1889.02,1887.8,1887.81,1539.22961,,
2026-08-13 08:57:00+00:00,1887.81,1888.99,1887.81,1888.99,281.36888,,
2026-08-13 08:58:00+00:00,1888.99,1889.01,1888.98,1889.0,0.74374,,
2026-08-13 08:59:00+00:00,1889.0,1889.02,1888.98,1889.0,1.03031,,
2026-08-13 09:00:00+00:00,1889.0,1889.0,1889.0,1889.0,0.0,,
2026-08-13 09:01:00+00:00,1889.0,1889.02,1888.47,1888.47,1614.38996,,
2026-08-13 09:02:00+00:00,1888.47,1888.53,1887.98,1887.98,29.72577,,
2026-08-13 09:03:00+00:00,1887.98,1888.01,1887.41,1887.67,2268.05569,,
2026-08-13 09:04:00+00:00,1887.67,1887.99,1886.94,1886.95,23.41485,,
2026-08-13 09:05:00+00:00,1886.95,1887.0,1885.85,1885.86,6297.300962411102,,
2026-08-13 09:06:00+00:00,1885.86,1885.95,1883.64,1884.42,24.46217506026393,,
2026-08-13 09:07:00+00:00,1884.42,1885.04,1884.41,1884.99,5.946730719327002,,
2026-08-13 09:08:00+00:00,1884.99,1885.02,1884.99,1885.01,0.7589509630449633,,
2026-08-13 09:09:00+00:00,1885.01,1885.02,1884.67,1884.67,313.568035959544,,
2026-08-13 09:10:00+00:00,1884.67,1885.0,1884.67,1884.99,82.36115,,
2026-08-13 09:11:00+00:00,1884.99,1885.02,1883.99,1884.02,35.66960686316482,,
2026-08-13 09:12:00+00:00,1884.02,1884.45,1883.51,1884.0,103.53135,,
2026-08-13 09:13:00+00:00,1884.0,1884.01,1883.5,1884.0,63.74363,,
2026-08-13 09:14:00+00:00,1884.0,1884.0,1880.64,1881.69,8036.96170796528,,
2026-08-13 09:15:00+00:00,1881.69,1881.69,1880.64,1880.64,1521.3585552165143,,
2026-08-13 09:16:00+00:00,1880.64,1882.9,1880.64,1882.47,3018.5598,,
2026-08-13 09:17:00+00:00,1882.47,1884.95,1882.47,1884.15,4128.81086,,
2026-08-13 09:18:00+00:00,1884.15,1884.99,1883.98,1884.98,181.86799,,
2026-08-13 09:19:00+00:00,1884.98,1884.98,1884.95,1884.98,0.24273,,
2026-08-13 09:20:00+00:00,1884.98,1885.43,1884.98,1885.43,31.41,,
2026-08-13 09:21:00+00:00,1885.43,1885.43,1884.99,1885.0,50.36103,,
2026-08-13 09:22:00+00:00,1885.0,1885.99,1885.0,1885.1,165.29792,,
2026-08-13 09:23:00+00:00,1885.1,1885.98,1885.02,1885.67,200.11264,,
2026-08-13 09:24:00+00:00,1885.67,1885.98,1885.02,1885.58,548.20194,,
2026-08-13 09:25:00+00:00,1885.58,1885.99,1885.02,1885.33,406.38743943578993,,
2026-08-13 09:26:00+00:00,1885.33,1885.98,1885.02,1885.47,425.04025,,
2026-08-13 09:27:00+00:00,1885.47,1885.85,1885.0,1885.02,171.94461334487195,,
2026-08-13 09:28:00+00:00,1885.02,1885.03,1884.98,1885.03,0.33063,,
2026-08-13 09:29:00+00:00,1885.03,1885.03,1884.65,1884.65,0.25175,,
2026-08-13 09:30:00+00:00,1884.65,1884.65,1884.65,1884.65,0.0,,
2026-08-13 09:31:00+00:00,1884.65,1884.65,1884.65,1884.65,0.0,,
2026-08-13 09:32:00+00:00,1884.65,1886.84,1884.65,1886.38,283.7921906366778,,
2026-08-13 09:33:00+00:00,1886.38,1887.02,1886.0,1887.01,83.13693,,
2026-08-13 09:34:00+00:00,1887.01,1887.02,1886.98,1886.98,0.41478,,
2026-08-13 09:35:00+00:00,1886.98,1887.01,1886.47,1886.47,757.4420842984371,,
2026-08-13 09:36:00+00:00,1886.47,1886.47,1886.0,1886.01,1.20356,,
2026-08-13 09:37:00+00:00,1886.01,1886.04,1886.0,1886.01,0.85012,,
2026-08-13 09:38:00+00:00,1886.01,1886.03,1886.01,1886.02,1.29632,,
2026-08-13 09:39:00+00:00,1886.02,1886.02,1885.98,1886.02,0.7607,,
2026-08-13 09:40:00+00:00,1886.02,1886.52,1885.98,1886.52,70.13999,,
2026-08-13 09:41:00+00:00,1886.52,1887.01,1885.98,1885.98,82.5322,,
2026-08-13 09:42:00+00:00,1885.98,1887.01,1885.98,1887.01,32.14384,,
2026-08-13 09:43:00+00:00,1887.01,1887.02,1886.62,1887.02,31.86307,,
2026-08-13 09:44:00+00:00,1887.02,1887.02,1886.67,1886.67,63.10569,,
2026-08-13 09:45:00+00:00,1886.67,1887.02,1886.67,1886.98,2.3865199192019113,,
2026-08-13 09:46:00+00:00,1886.98,1887.2,1886.98,1887.01,1.1883011386296416,,
2026-08-13 09:47:00+00:00,1887.01,1887.04,1886.99,1886.99,0.8278120287562947,,
2026-08-13 09:48:00+00:00,1886.99,1887.04,1886.99,1887.01,0.48538,,
2026-08-13 09:49:00+00:00,1887.01,1887.12,1886.98,1887.01,2.000963202664211,,
2026-08-13 09:50:00+00:00,1887.01,1887.53,1886.99,1887.53,97.40209327248448,,
2026-08-13 09:51:00+00:00,1887.53,1887.75,1887.02,1887.75,96.29187191996596,,
2026-08-13 09:52:00+00:00,1887.75,1887.75,1887.73,1887.74,1.29136,,
2026-08-13 09:53:00+00:00,1887.74,1888.58,1887.74,1888.57,788.47869,,
2026-08-13 09:54:00+00:00,1888.57,1888.96,1888.49,1888.49,87.08181,,
2026-08-13 09:55:00+00:00,1888.49,1888.98,1888.01,1888.43,278.34226,,
2026-08-13 09:56:00+00:00,1888.43,1889.02,1888.01,1889.02,161.25533,,
2026-08-13 09:57:00+00:00,1889.02,1889.85,1888.98,1889.85,2427.5896503552067,,
2026-08-13 09:58:00+00:00,1889.85,1890.0,1889.84,1889.99,2.0631569069862854,,
2026-08-13 09:59:00+00:00,1889.99,1890.0,1888.98,1889.02,40.3614287406563,,
2026-08-13 10:00:00+00:00,1889.02,1889.33,1886.67,1886.7,10083.319845148828,,
2026-08-13 10:01:00+00:00,1886.7,1887.12,1885.64,1886.02,2012.4349689697792,,
2026-08-13 10:02:00+00:00,1886.02,1886.03,1884.15,1884.53,2999.4478,,
2026-08-13 10:03:00+00:00,1884.53,1884.53,1881.64,1881.67,4615.345497593949,,
2026-08-13 10:04:00+00:00,1881.67,1883.97,1881.67,1883.97,387.3590721866419,,
2026-08-13 10:05:00+00:00,1883.97,1885.01,1882.74,1885.01,17720.5920863119,,
2026-08-13 10:06:00+00:00,1885.01,1886.06,1884.96,1886.02,2040.3467118333024,,
2026-08-13 10:07:00+00:00,1886.02,1886.82,1883.71,1883.71,2178.3227181666975,,
2026-08-13 10:08:00+00:00,1883.71,1884.01,1883.44,1883.98,113.15307,,
2026-08-13 10:09:00+00:00,1883.98,1884.01,1883.15,1883.15,221.14989,,
2026-08-13 10:10:00+00:00,1883.15,1885.02,1883.15,1884.99,139.30902056672468,,
2026-08-13 10:11:00+00:00,1884.99,1885.44,1884.96,1885.0,2043.68723,,
2026-08-13 10:12:00+00:00,1885.0,1885.0,1884.02,1884.02,113.28921,,
2026-08-13 10:13:00+00:00,1884.02,1885.01,1883.54,1883.54,2312.57291,,
2026-08-13 10:14:00+00:00,1883.54,1884.01,1883.45,1884.0,71.99516,,
2026-08-13 10:15:00+00:00,1884.0,1885.0,1883.98,1885.0,68.79585,,
2026-08-13 10:16:00+00:00,1885.0,1885.0,1884.98,1885.0,0.16224,,
2026-08-13 10:17:00+00:00,1885.0,1885.85,1885.0,1885.85,116.81443314134792,,
2026-08-13 10:18:00+00:00,1885.85,1886.36,1885.02,1885.99,53.60912888510044,,
2026-08-13 10:19:00+00:00,1885.99,1886.02,1885.01,1885.02,1343.0963695029382,,
2026-08-13 10:20:00+00:00,1885.02,1885.02,1883.99,1883.99,32.8539,,
2026-08-13 10:21:00+00:00,1883.99,1884.5,1883.98,1884.33,313.94302,,
2026-08-13 10:22:00+00:00,1884.33,1885.02,1884.33,1885.02,0.98154,,
2026-08-13 10:23:00+00:00,1885.02,1885.02,1884.15,1884.15,35.50522,,
2026-08-13 10:24:00+00:00,1884.15,1884.6,1884.02,1884.02,208.44478,,
2026-08-13 10:25:00+00:00,1884.02,1885.01,1884.02,1885.01,282.53355,,
2026-08-13 10:26:00+00:00,1885.01,1885.02,1884.99,1885.01,0.73896,,
2026-08-13 10:27:00+00:00,1885.01,1885.02,1884.35,1884.47,100.58594,,
2026-08-13 10:28:00+00:00,1884.47,1884.47,1883.98,1884.02,0.91255,,
2026-08-13 10:29:00+00:00,1884.02,1884.02,1884.0,1884.01,0.313,,
2026-08-13 10:30:00+00:00,1884.01,1884.01,1882.64,1882.64,52.48781667191142,,
2026-08-13 10:31:00+00:00,1882.64,1882.98,1881.64,1882.84,563.5753617464404,,
2026-08-13 10:32:00+00:00,1882.84,1883.02,1882.84,1882.99,1.7483165431390668,,
2026-08-13 10:33:00+00:00,1882.99,1883.0,1882.98,1882.98,1.0298997497810167,,
2026-08-13 10:34:00+00:00,1882.98,1882.98,1881.35,1881.36,2962.5044671088713,,
2026-08-13 10:35:00+00:00,1881.36,1882.61,1881.02,1882.53,1202.50101,,
2026-08-13 10:36:00+00:00,1882.53,1882.61,1881.98,1882.33,208.61579,,
2026-08-13 10:37:00+00:00,1882.33,1882.62,1882.02,1882.61,287.80966,,
2026-08-13 10:38:00+00:00,1882.61,1883.07,1882.61,1883.07,0.65503,,
2026-08-13 10:39:00+00:00,1883.07,1883.07,1882.98,1882.98,1.101204721520212,,
2026-08-13 10:40:00+00:00,1882.98,1883.02,1881.99,1882.02,1039.07092,,
2026-08-13 10:41:00+00:00,1882.02,1882.02,1881.02,1882.02,2171.29602,,
2026-08-13 10:42:00+00:00,1882.02,1882.56,1881.97,1882.53,103.70438,,
2026-08-13 10:43:00+00:00,1882.53,1882.99,1882.45,1882.99,350.13471,,
2026-08-13 10:44:00+00:00,1882.99,1883.01,1882.99,1883.0,0.36679,,
2026-08-13 10:45:00+00:00,1883.0,1883.02,1883.0,1883.01,0.35813,,
2026-08-13 10:46:00+00:00,1883.01,1883.01,1883.0,1883.0,0.00191,,
2026-08-13 10:47:00+00:00,1883.0,1883.02,1882.98,1883.02,1.19906,,
2026-08-13 10:48:00+00:00,1883.02,1883.02,1883.01,1883.01,0.23143,,
2026-08-13 10:49:00+00:00,1883.01,1883.02,1882.98,1882.99,1.0836729250508494,,
2026-08-13 10:50:00+00:00,1882.99,1883.02,1882.37,1882.38,85.70551827156953,,
2026-08-13 10:51:00+00:00,1882.38,1882.38,1881.98,1881.98,1.06744,,
2026-08-13 10:52:00+00:00,1881.98,1883.0,1881.98,1881.98,2177.053258337927,,
2026-08-13 10:53:00+00:00,1881.98,1882.44,1881.98,1882.02,57.27654,,
2026-08-13 10:54:00+00:00,1882.02,1882.02,1881.99,1882.02,1.49386,,
2026-08-13 10:55:00+00:00,1882.02,1882.03,1881.99,1882.03,0.55836,,
2026-08-13 10:56:00+00:00,1882.03,1882.53,1881.98,1882.33,386.75435,,
2026-08-13 10:57:00+00:00,1882.33,1882.48,1881.99,1882.47,157.55728,,
2026-08-13 10:58:00+00:00,1882.47,1882.48,1881.99,1881.99,31.95945,,
2026-08-13 10:59:00+00:00,1881.99,1882.0,1881.98,1882.0,0.18681,,
2026-08-13 11:00:00+00:00,1882.0,1882.43,1882.0,1882.02,150.02050061290808,,
2026-08-13 11:01:00+00:00,1882.02,1882.98,1881.99,1882.48,492.94417938709194,,
2026-08-13 11:02:00+00:00,1882.48,1883.02,1882.34,1883.02,126.0184,,
2026-08-13 11:03:00+00:00,1883.02,1883.02,1881.98,1881.98,47.16678303001198,,
2026-08-13 11:04:00+00:00,1881.98,1882.02,1881.98,1882.0,1.02012,,
2026-08-13 11:05:00+00:00,1882.0,1882.04,1881.52,1881.53,2027.95965,,
2026-08-13 11:06:00+00:00,1881.53,1881.55,1881.06,1881.52,77.22394,,
2026-08-13 11:07:00+00:00,1881.52,1882.0,1881.47,1881.47,35.71741,,
2026-08-13 11:08:00+00:00,1881.47,1881.99,1881.27,1881.47,142.55192,,
2026-08-13 11:09:00+00:00,1881.47,1881.98,1881.15,1881.2,187.920132102916,,
2026-08-13 11:10:00+00:00,1881.2,1881.63,1881.02,1881.38,1651.1953985495418,,
2026-08-13 11:11:00+00:00,1881.38,1881.38,1880.02,1880.41,2114.10978,,
2026-08-13 11:12:00+00:00,1880.41,1880.48,1879.97,1880.02,65.73502367353787,,
2026-08-13 11:13:00+00:00,1880.02,1880.55,1879.98,1880.53,297.07129424297557,,
2026-08-13 11:14:00+00:00,1880.53,1880.84,1880.01,1880.59,620.4397820312653,,
2026-08-13 11:15:00+00:00,1880.59,1880.59,1880.0,1880.0,212.39214,,
2026-08-13 11:16:00+00:00,1880.0,1880.59,1879.98,1880.53,102.75651,,
2026-08-13 11:17:00+00:00,1880.53,1880.53,1880.53,1880.53,0.0,,
2026-08-13 11:18:00+00:00,1880.53,1880.53,1879.97,1880.33,85.11796981435873,,
2026-08-13 11:19:00+00:00,1880.33,1880.4,1879.47,1879.98,2354.84358,,
2026-08-13 11:20:00+00:00,1879.98,1879.98,1878.41,1878.58,5000.54811,,
2026-08-13 11:21:00+00:00,1878.58,1878.98,1878.15,1878.18,4040.82855,,
2026-08-13 11:22:00+00:00,1878.18,1878.98,1876.64,1877.01,3165.531231466843,,
2026-08-13 11:23:00+00:00,1877.01,1877.53,1876.2,1877.52,15838.809718533155,,
2026-08-13 11:24:00+00:00,1877.52,1877.52,1876.89,1876.99,5.706407526523532,,
2026-08-13 11:25:00+00:00,1876.99,1877.02,1876.47,1876.47,15.31851,,
2026-08-13 11:26:00+00:00,1876.47,1876.47,1875.98,1875.99,0.27464,,
2026-08-13 11:27:00+00:00,1875.99,1877.29,1875.99,1876.98,201.43016361650936,,
2026-08-13 11:28:00+00:00,1876.98,1876.99,1875.98,1876.02,67.39312770363097,,
2026-08-13 11:29:00+00:00,1876.02,1876.02,1876.01,1876.01,0.09902,,
2026-08-13 11:30:00+00:00,1876.01,1876.49,1875.27,1876.49,32.14128,,
2026-08-13 11:31:00+00:00,1876.49,1876.49,1875.19,1875.73,32.7763,,
2026-08-13 11:32:00+00:00,1875.73,1875.82,1875.73,1875.73,1.0012,,
2026-08-13 11:33:00+00:00,1875.73,1875.74,1875.73,1875.73,0.08904,,
2026-08-13 11:34:00+00:00,1875.73,1875.73,1875.73,1875.73,0.0,,
2026-08-13 11:35:00+00:00,1875.73,1876.06,1874.45,1875.04,4238.30679,,
2026-08-13 11:36:00+00:00,1875.04,1876.55,1875.02,1876.55,2210.96945,,
2026-08-13 11:37:00+00:00,1876.55,1878.35,1876.55,1878.13,671.55884,,
2026-08-13 11:38:00+00:00,1878.13,1878.6,1878.0,1878.33,230.95007,,
2026-08-13 11:39:00+00:00,1878.33,1878.85,1878.02,1878.85,331.7245,,
2026-08-13 11:40:00+00:00,1878.85,1879.01,1877.99,1877.99,6.30342,,
2026-08-13 11:41:00+00:00,1877.99,1877.99,1877.42,1877.47,6034.36844,,
2026-08-13 11:42:00+00:00,1877.47,1878.0,1876.98,1876.98,103.83318,,
2026-08-13 11:43:00+00:00,1876.98,1878.46,1876.98,1878.01,162.52956,,
2026-08-13 11:44:00+00:00,1878.01,1878.6,1877.97,1878.53,236.1276,,
2026-08-13 11:45:00+00:00,1878.53,1878.53,1878.53,1878.53,0.0,,
2026-08-13 11:46:00+00:00,1878.53,1880.02,1878.53,1879.98,2565.309364737405,,
2026-08-13 11:47:00+00:00,1879.98,1880.41,1879.07,1879.33,92091.79033991936,,
2026-08-13 11:48:00+00:00,1879.33,1879.45,1879.01,1879.44,346.81889,,
2026-08-13 11:49:00+00:00,1879.44,1879.5,1878.99,1878.99,315.59302,,
2026-08-13 11:50:00+00:00,1878.99,1879.02,1878.99,1879.02,0.2469,,
2026-08-13 11:51:00+00:00,1879.02,1879.02,1878.02,1878.33,3409.651999351348,,
2026-08-13 11:52:00+00:00,1878.33,1878.33,1877.93,1878.0,1.97624,,
2026-08-13 11:53:00+00:00,1878.0,1878.02,1878.0,1878.02,0.74818,,
2026-08-13 11:54:00+00:00,1878.02,1878.72,1878.01,1878.72,41.67721,,
2026-08-13 11:55:00+00:00,1878.72,1878.98,1878.01,1878.01,32.04047,,
2026-08-13 11:56:00+00:00,1878.01,1878.01,1878.01,1878.01,0.61637,,
2026-08-13 11:57:00+00:00,1878.01,1878.82,1878.0,1878.82,67.31042,,
2026-08-13 11:58:00+00:00,1878.82,1879.02,1877.99,1877.99,0.90933,,
2026-08-13 11:59:00+00:00,1877.99,1879.52,1877.99,1879.49,96.53778553485895,,
2026-08-13 12:00:00+00:00,1879.49,1879.49,1878.56,1878.67,355.71092446514103,,
2026-08-13 12:01:00+00:00,1878.67,1879.02,1878.0,1878.98,196.0974557925912,,
2026-08-13 12:02:00+00:00,1878.98,1879.2,1878.47,1878.47,180.1399268176559,,
2026-08-13 12:03:00+00:00,1878.47,1879.02,1878.18,1878.47,225.27228,,
2026-08-13 12:04:00+00:00,1878.47,1878.98,1878.46,1878.47,35.51516,,
2026-08-13 12:05:00+00:00,1878.47,1879.52,1878.47,1879.49,31.97198,,
2026-08-13 12:06:00+00:00,1879.49,1881.07,1879.49,1881.02,2882.70298471358,,
2026-08-13 12:07:00+00:00,1881.02,1882.02,1880.99,1882.02,213.96008,,
2026-08-13 12:08:00+00:00,1882.02,1882.02,1881.98,1881.99,1.5147,,
2026-08-13 12:09:00+00:00,1881.99,1882.51,1881.67,1882.49,2189.47311,,
2026-08-13 12:10:00+00:00,1882.49,1883.0,1882.01,1882.4,1732.5753178152993,,
2026-08-13 12:11:00+00:00,1882.4,1882.4,1881.98,1881.98,38.241202929740915,,
2026-08-13 12:12:00+00:00,1881.98,1882.62,1881.98,1881.98,156.84931707025908,,
2026-08-13 12:13:00+00:00,1881.98,1882.0,1881.98,1881.99,1.35144,,
2026-08-13 12:14:00+00:00,1881.99,1882.6,1881.99,1882.59,134.52225,,
2026-08-13 12:15:00+00:00,1882.59,1882.99,1882.43,1882.98,98.13205,,
2026-08-13 12:16:00+00:00,1882.98,1883.52,1882.98,1883.48,2014.1957,,
2026-08-13 12:17:00+00:00,1883.48,1883.48,1882.0,1882.0,188.923332124834,,
2026-08-13 12:18:00+00:00,1882.0,1882.02,1881.98,1881.98,1.9891524838101808,,
2026-08-13 12:19:00+00:00,1881.98,1882.98,1881.98,1882.47,71.26602,,
2026-08-13 12:20:00+00:00,1882.47,1883.02,1882.41,1882.88,170.31819349487432,,
2026-08-13 12:21:00+00:00,1882.88,1882.88,1882.02,1882.33,126.04508,,
2026-08-13 12:22:00+00:00,1882.33,1883.02,1882.02,1882.67,333.0869865542446,,
2026-08-13 12:23:00+00:00,1882.67,1883.02,1882.47,1882.99,126.74334,,
2026-08-13 12:24:00+00:00,1882.99,1883.01,1882.96,1882.98,1.24909,,
2026-08-13 12:25:00+00:00,1882.98,1883.02,1882.98,1883.01,0.58943,,
2026-08-13 12:26:00+00:00,1883.01,1883.01,1882.98,1882.99,0.18268,,
2026-08-13 12:27:00+00:00,1882.99,1883.75,1882.99,1883.75,2036.23224,,
2026-08-13 12:28:00+00:00,1883.75,1884.43,1883.75,1884.42,1224.15786,,
2026-08-13 12:29:00+00:00,1884.42,1884.42,1884.42,1884.42,0.0,,
2026-08-13 12:30:00+00:00,1884.42,1888.85,1883.29,1883.99,10761.644669189172,,
2026-08-13 12:31:00+00:00,1883.99,1884.33,1881.8,1881.8,247.75985630157868,,
2026-08-13 12:32:00+00:00,1881.8,1882.94,1881.8,1882.73,219.77586,,
2026-08-13 12:33:00+00:00,1882.73,1884.52,1882.73,1884.52,3651.00479,,
2026-08-13 12:34:00+00:00,1884.52,1887.2,1884.52,1887.2,14737.20509,,
2026-08-13 12:35:00+00:00,1887.2,1888.36,1886.49,1886.49,29256.031128677376,,
2026-08-13 12:36:00+00:00,1886.49,1887.33,1886.49,1886.99,21.60992,,
2026-08-13 12:37:00+00:00,1886.99,1886.99,1885.88,1886.01,291.1888116781919,,
2026-08-13 12:38:00+00:00,1886.01,1886.02,1885.63,1885.63,14041.99349,,
2026-08-13 12:39:00+00:00,1885.63,1887.31,1885.16,1885.16,283.43749,,
2026-08-13 12:40:00+00:00,1885.16,1885.28,1884.44,1884.78,4842.107846505357,,
2026-08-13 12:41:00+00:00,1884.78,1885.84,1884.78,1885.84,2046.4386624254512,,
2026-08-13 12:42:00+00:00,1885.84,1886.42,1885.84,1885.93,53.973459063607095,,
2026-08-13 12:43:00+00:00,1885.93,1886.02,1885.93,1886.01,2.973104712919282,,
2026-08-13 12:44:00+00:00,1886.01,1886.5,1886.0,1886.33,231.80031,,
2026-08-13 12:45:00+00:00,1886.33,1886.53,1886.01,1886.02,349.58497,,
2026-08-13 12:46:00+00:00,1886.02,1886.02,1885.98,1886.02,0.8211058469336896,,
2026-08-13 12:47:00+00:00,1886.02,1886.51,1886.01,1886.51,85.55019,,
2026-08-13 12:48:00+00:00,1886.51,1887.02,1886.01,1886.85,268.4176128061778,,
2026-08-13 12:49:00+00:00,1886.85,1887.85,1886.02,1887.82,4487.106409104378,,
2026-08-13 12:50:00+00:00,1887.82,1888.48,1887.82,1888.02,16925.293651919965,,
2026-08-13 12:51:00+00:00,1888.02,1888.02,1887.15,1887.15,2095.96821,,
2026-08-13 12:52:00+00:00,1887.15,1887.98,1887.01,1887.2,142.72041,,
2026-08-13 12:53:00+00:00,1887.2,1887.49,1886.7,1887.49,32.61885,,
2026-08-13 12:54:00+00:00,1887.49,1888.29,1886.98,1888.29,303.586157693157,,
2026-08-13 12:55:00+00:00,1888.29,1888.29,1887.0,1887.0,424.37626283163127,,
2026-08-13 12:56:00+00:00,1887.0,1888.0,1886.98,1887.53,398.96399,,
2026-08-13 12:57:00+00:00,1887.53,1888.02,1887.53,1887.98,0.86804,,
2026-08-13 12:58:00+00:00,1887.98,1888.83,1887.98,1888.23,2101.9979721950767,,
2026-08-13 12:59:00+00:00,1888.23,1888.23,1887.99,1888.02,0.600502027364606,,
2026-08-13 13:00:00+00:00,1888.02,1889.0,1888.02,1888.55,281.51547226453147,,
2026-08-13 13:01:00+00:00,1888.55,1889.54,1888.54,1889.47,2255.54684,,
2026-08-13 13:02:00+00:00,1889.47,1890.54,1888.82,1890.54,2260.2424324111016,,
2026-08-13 13:03:00+00:00,1890.54,1890.59,1889.98,1890.15,245.26648277497335,,
2026-08-13 13:04:00+00:00,1890.15,1890.15,1888.69,1888.98,1128.0951788186107,,
2026-08-13 13:05:00+00:00,1888.98,1889.99,1888.98,1889.98,36.45635,,
2026-08-13 13:06:00+00:00,1889.98,1894.36,1889.97,1892.92,6218.264541873922,,
2026-08-13 13:07:00+00:00,1892.92,1894.38,1892.91,1893.98,4195.703012600962,,
2026-08-13 13:08:00+00:00,1893.98,1894.36,1892.48,1892.93,3124.44444,,
2026-08-13 13:09:00+00:00,1892.93,1892.98,1891.64,1891.64,125.2622606711676,,
2026-08-13 13:10:00+00:00,1891.64,1892.47,1891.64,1892.0,282.05218,,
2026-08-13 13:11:00+00:00,1892.0,1892.0,1891.47,1891.47,191.21558,,
2026-08-13 13:12:00+00:00,1891.47,1891.65,1890.99,1891.64,149.66214,,
2026-08-13 13:13:00+00:00,1891.64,1891.98,1891.02,1891.5,66.99740598110483,,
2026-08-13 13:14:00+00:00,1891.5,1892.02,1891.31,1891.31,255.10773,,
2026-08-13 13:15:00+00:00,1891.31,1891.31,1890.47,1890.67,2077.59319,,
2026-08-13 13:16:00+00:00,1890.67,1891.01,1889.66,1890.98,3445.870045981105,,
2026-08-13 13:17:00+00:00,1890.98,1890.98,1890.47,1890.47,63.24398,,
2026-08-13 13:18:00+00:00,1890.47,1890.47,1889.02,1889.53,46117.41603,,
2026-08-13 13:19:00+00:00,1889.53,1889.64,1888.67,1889.53,146.49189994719563,,
2026-08-13 13:20:00+00:00,1889.53,1889.53,1888.99,1888.99,0.64267,,
2026-08-13 13:21:00+00:00,1888.99,1889.85,1888.47,1889.84,1143.5614250291137,,
2026-08-13 13:22:00+00:00,1889.84,1890.0,1889.84,1889.98,0.93897,,
2026-08-13 13:23:00+00:00,1889.98,1889.98,1888.49,1888.49,160.84707,,
2026-08-13 13:24:00+00:00,1888.49,1888.53,1886.65,1887.48,2103.3360099635984,,
2026-08-13 13:25:00+00:00,1887.48,1887.48,1886.2,1887.45,9286.83426,,
2026-08-13 13:26:00+00:00,1887.45,1888.02,1887.02,1888.02,67.6327,,
2026-08-13 13:27:00+00:00,1888.02,1888.03,1887.01,1887.01,39.36633,,
2026-08-13 13:28:00+00:00,1887.01,1887.42,1886.98,1886.98,126.82694673749477,,
2026-08-13 13:29:00+00:00,1886.98,1887.02,1886.98,1887.02,0.07186,,
2026-08-13 13:30:00+00:00,1887.02,1888.0,1886.15,1887.15,2450.88938,,
2026-08-13 13:31:00+00:00,1887.15,1888.35,1886.09,1886.6,2044.99317,,
2026-08-13 13:32:00+00:00,1886.6,1888.62,1886.6,1888.37,2128.8175,,
2026-08-13 13:33:00+00:00,1888.37,1890.37,1888.37,1889.33,2146.0118922272777,,
2026-08-13 13:34:00+00:00,1889.33,1891.57,1889.33,1891.57,108.18913765268002,,
2026-08-13 13:35:00+00:00,1891.57,1892.7,1891.25,1891.47,3699.13259,,
2026-08-13 13:36:00+00:00,1891.47,1892.58,1891.01,1892.33,7338.375324931361,,
2026-08-13 13:37:00+00:00,1892.33,1893.16,1891.02,1891.91,4406.416271755187,,
2026-08-13 13:38:00+00:00,1891.91,1892.98,1891.47,1892.53,7263.79276,,
2026-08-13 13:39:00+00:00,1892.53,1893.35,1892.0,1893.02,83.39558,,
2026-08-13 13:40:00+00:00,1893.02,1894.33,1893.02,1893.67,2768.073238474185,,
2026-08-13 13:41:00+00:00,1893.67,1894.04,1892.37,1892.37,2180.70609,,
2026-08-13 13:42:00+00:00,1892.37,1894.01,1891.66,1894.01,2068.0987306299317,,
2026-08-13 13:43:00+00:00,1894.01,1895.36,1892.64,1893.63,5109.10139772587,,
2026-08-13 13:44:00+00:00,1893.63,1893.63,1891.66,1892.53,2181.285662583222,,
2026-08-13 13:45:00+00:00,1892.53,1892.81,1890.41,1890.45,4357.058568365863,,
2026-08-13 13:46:00+00:00,1890.45,1890.99,1889.42,1890.99,2195.16979,,
2026-08-13 13:47:00+00:00,1890.99,1891.35,1890.01,1890.96,250.00283168896692,,
2026-08-13 13:48:00+00:00,1890.96,1892.36,1890.96,1891.47,19.86847,,
2026-08-13 13:49:00+00:00,1891.47,1893.37,1890.96,1893.37,72075.06454,,
2026-08-13 13:50:00+00:00,1893.37,1893.61,1891.31,1891.31,161.24802,,
2026-08-13 13:51:00+00:00,1891.31,1891.98,1890.15,1890.29,10444.24897,,
2026-08-13 13:52:00+00:00,1890.29,1891.83,1890.02,1890.47,5212.53533,,
2026-08-13 13:53:00+00:00,1890.47,1890.66,1889.64,1889.98,970.9151249844904,,
2026-08-13 13:54:00+00:00,1889.98,1890.61,1889.75,1890.04,315.95541,,
2026-08-13 13:55:00+00:00,1890.04,1890.04,1889.63,1889.98,4033.12643,,
2026-08-13 13:56:00+00:00,1889.98,1889.98,1888.72,1889.33,113.77296,,
2026-08-13 13:57:00+00:00,1889.33,1889.58,1888.93,1888.98,67.66098,,
2026-08-13 13:58:00+00:00,1888.98,1889.99,1888.98,1889.01,234.75753,,
2026-08-13 13:59:00+00:00,1889.01,1889.07,1888.98,1889.07,0.6240184188875862,,
2026-08-13 14:00:00+00:00,1889.07,1890.02,1888.99,1890.02,103.85632,,
2026-08-13 14:01:00+00:00,1890.02,1890.02,1889.01,1889.56,395.78373,,
2026-08-13 14:02:00+00:00,1889.56,1891.07,1889.56,1891.07,2053.81164,,
2026-08-13 14:03:00+00:00,1891.07,1891.07,1889.98,1889.98,36.31597,,
2026-08-13 14:04:00+00:00,1889.98,1889.98,1888.21,1888.93,3450.03307,,
2026-08-13 14:05:00+00:00,1888.93,1889.44,1888.85,1889.02,1127.32115,,
2026-08-13 14:06:00+00:00,1889.02,1889.03,1887.89,1888.02,233.76371,,
2026-08-13 14:07:00+00:00,1888.02,1890.32,1887.98,1890.31,2090.32962,,
2026-08-13 14:08:00+00:00,1890.31,1890.33,1888.63,1888.96,2124.99928,,
2026-08-13 14:09:00+00:00,1888.96,1889.02,1887.64,1889.02,159.32051802960217,,
2026-08-13 14:10:00+00:00,1889.02,1889.84,1888.99,1889.33,2173.163800723585,,
2026-08-13 14:11:00+00:00,1889.33,1891.95,1889.01,1891.47,19620.49201,,
2026-08-13 14:12:00+00:00,1891.47,1894.36,1891.22,1894.35,2196.094314714978,,
2026-08-13 14:13:00+00:00,1894.35,1894.35,1891.53,1892.25,121.55170390384704,,
2026-08-13 14:14:00+00:00,1892.25,1893.01,1891.98,1891.98,81.54572,,
2026-08-13 14:15:00+00:00,1891.98,1893.27,1891.63,1892.8,1121.33344,,
2026-08-13 14:16:00+00:00,1892.8,1892.98,1891.63,1892.02,2198.90512,,
2026-08-13 14:17:00+00:00,1892.02,1893.02,1891.98,1892.47,130.21131664315806,,
2026-08-13 14:18:00+00:00,1892.47,1892.5,1891.48,1891.48,2135.431275847124,,
2026-08-13 14:19:00+00:00,1891.48,1892.52,1891.48,1891.99,204.56109707778305,,
2026-08-13 14:20:00+00:00,1891.99,1892.02,1890.8,1891.32,1.2017198308979469,,
2026-08-13 14:21:00+00:00,1891.32,1893.42,1890.43,1893.37,14924.975542184167,,
2026-08-13 14:22:00+00:00,1893.37,1893.37,1892.01,1892.02,91.57611,,
2026-08-13 14:23:00+00:00,1892.02,1892.02,1891.17,1891.2,2161.740397155213,,
2026-08-13 14:24:00+00:00,1891.2,1891.72,1890.97,1891.33,140.06036476531642,,
2026-08-13 14:25:00+00:00,1891.33,1891.46,1890.97,1891.01,1.6243371422460684,,
2026-08-13 14:26:00+00:00,1891.01,1891.84,1890.24,1890.25,1203.68559,,
2026-08-13 14:27:00+00:00,1890.25,1890.26,1889.02,1889.41,2134.63015,,
2026-08-13 14:28:00+00:00,1889.41,1890.01,1888.97,1889.98,1245.88607,,
2026-08-13 14:29:00+00:00,1889.98,1891.36,1889.98,1891.36,1.4608767464517132,,
2026-08-13 14:30:00+00:00,1891.36,1891.36,1888.64,1890.17,134.06172776283313,,
2026-08-13 14:31:00+00:00,1890.17,1892.39,1890.17,1892.39,38248.14720409715,,
2026-08-13 14:32:00+00:00,1892.39,1894.37,1892.39,1893.98,33748.42754251158,,
2026-08-13 14:33:00+00:00,1893.98,1896.36,1892.64,1893.05,10274.612259333608,,
2026-08-13 14:34:00+00:00,1893.05,1895.15,1892.64,1894.53,4191.922994434999,,
2026-08-13 14:35:00+00:00,1894.53,1896.0,1894.53,1895.33,81.65033,,
2026-08-13 14:36:00+00:00,1895.33,1896.01,1894.76,1895.53,748.72513,,
2026-08-13 14:37:00+00:00,1895.53,1896.66,1894.89,1896.66,2248.09701,,
2026-08-13 14:38:00+00:00,1896.66,1896.81,1894.65,1895.0,5465.83327,,
2026-08-13 14:39:00+00:00,1895.0,1896.36,1893.64,1894.59,30101.287690520778,,
2026-08-13 14:40:00+00:00,1894.59,1895.02,1894.3,1895.02,62.71852,,
2026-08-13 14:41:00+00:00,1895.02,1895.67,1894.98,1895.51,39441.3925288546,,
2026-08-13 14:42:00+00:00,1895.51,1895.53,1894.94,1895.33,86.29162,,
2026-08-13 14:43:00+00:00,1895.33,1895.53,1894.97,1894.99,26.62106,,
2026-08-13 14:44:00+00:00,1894.99,1895.51,1894.99,1895.49,63.64052,,
2026-08-13 14:45:00+00:00,1895.49,1895.85,1894.45,1894.98,6090.640198854599,,
2026-08-13 14:46:00+00:00,1894.98,1894.99,1893.64,1893.64,127.32946057026048,,
2026-08-13 14:47:00+00:00,1893.64,1894.59,1893.64,1894.04,182.43410483621344,,
2026-08-13 14:48:00+00:00,1894.04,1894.74,1893.99,1894.4,238.43439352073153,,
2026-08-13 14:49:00+00:00,1894.4,1894.4,1893.28,1893.67,2203.4189361612857,,
2026-08-13 14:50:00+00:00,1893.67,1894.02,1893.43,1893.53,293.13773,,
2026-08-13 14:51:00+00:00,1893.53,1894.45,1893.2,1894.45,2153.19451,,
2026-08-13 14:52:00+00:00,1894.45,1894.45,1893.36,1893.36,4046.940876544969,,
2026-08-13 14:53:00+00:00,1893.36,1893.53,1893.0,1893.01,7602.46232,,
2026-08-13 14:54:00+00:00,1893.01,1893.53,1892.99,1893.53,45.90531,,
2026-08-13 14:55:00+00:00,1893.53,1893.98,1892.98,1892.98,36.14293,,
2026-08-13 14:56:00+00:00,1892.98,1893.02,1892.47,1892.47,73.37626227694311,,
2026-08-13 14:57:00+00:00,1892.47,1893.0,1892.25,1892.98,111.97098741677804,,
2026-08-13 14:58:00+00:00,1892.98,1892.99,1892.29,1892.37,116.50436,,
2026-08-13 14:59:00+00:00,1892.37,1893.04,1892.37,1893.02,0.81975,,
2026-08-13 15:00:00+00:00,1893.02,1894.0,1892.98,1893.58,20420.02096,,
2026-08-13 15:01:00+00:00,1893.58,1895.33,1893.58,1894.58,1755.89666,,
2026-08-13 15:02:00+00:00,1894.58,1895.02,1894.47,1894.98,82.59558,,
2026-08-13 15:03:00+00:00,1894.98,1894.98,1894.05,1894.33,120.7415622520792,,
2026-08-13 15:04:00+00:00,1894.33,1894.33,1893.5,1893.67,11863.59866982046,,
2026-08-13 15:05:00+00:00,1893.67,1893.67,1891.64,1892.01,2383.5381490671048,,
2026-08-13 15:06:00+00:00,1892.01,1892.01,1890.65,1891.43,2124.9931507533543,,
2026-08-13 15:07:00+00:00,1891.43,1891.45,1890.96,1891.02,125.94241,,
2026-08-13 15:08:00+00:00,1891.02,1891.02,1890.43,1890.67,1355.62655,,
2026-08-13 15:09:00+00:00,1890.67,1891.01,1890.2,1890.85,139.30001,,
2026-08-13 15:10:00+00:00,1890.85,1891.02,1890.85,1890.99,0.938,,
2026-08-13 15:11:00+00:00,1890.99,1892.0,1890.99,1891.99,31.99803,,
2026-08-13 15:12:00+00:00,1891.99,1892.6,1891.98,1891.99,1088.657722876146,,
2026-08-13 15:13:00+00:00,1891.99,1892.01,1891.67,1891.67,309.49758,,
2026-08-13 15:14:00+00:00,1891.67,1891.98,1890.8,1891.2,94.6650873604768,,
2026-08-13 15:15:00+00:00,1891.2,1891.2,1889.25,1889.47,2108.00983,,
2026-08-13 15:16:00+00:00,1889.47,1890.53,1889.02,1890.53,1125.06953,,
2026-08-13 15:17:00+00:00,1890.53,1890.67,1890.0,1890.53,97.10826,,
2026-08-13 15:18:00+00:00,1890.53,1890.53,1889.98,1890.01,0.73943,,
2026-08-13 15:19:00+00:00,1890.01,1892.18,1890.01,1892.11,10978.46616,,
2026-08-13 15:20:00+00:00,1892.11,1892.11,1891.0,1891.3,193.2629,,
2026-08-13 15:21:00+00:00,1891.3,1892.62,1891.02,1892.61,2308.62064,,
2026-08-13 15:22:00+00:00,1892.61,1893.62,1891.64,1892.99,2501.9044052346835,,
2026-08-13 15:23:00+00:00,1892.99,1892.99,1890.02,1890.5,155.50647586870713,,
2026-08-13 15:24:00+00:00,1890.5,1891.01,1890.01,1890.53,280.32722,,
2026-08-13 15:25:00+00:00,1890.53,1890.53,1889.43,1889.44,2281.04554,,
2026-08-13 15:26:00+00:00,1889.44,1889.58,1888.89,1889.07,124.08056,,
2026-08-13 15:27:00+00:00,1889.07,1889.07,1887.64,1888.32,2287.7152721931207,,
2026-08-13 15:28:00+00:00,1888.32,1888.32,1883.65,1883.76,2148.375976349092,,
2026-08-13 15:29:00+00:00,1883.76,1885.23,1883.34,1884.74,1.491488962310071,,
2026-08-13 15:30:00+00:00,1884.74,1885.42,1883.61,1884.97,6188.958153134509,,
2026-08-13 15:31:00+00:00,1884.97,1887.35,1884.44,1886.4,4132.51253,,
2026-08-13 15:32:00+00:00,1886.4,1886.83,1885.64,1886.81,71.58389,,
2026-08-13 15:33:00+00:00,1886.81,1888.2,1886.81,1887.99,2518.55166504382,,
2026-08-13 15:34:00+00:00,1887.99,1887.99,1885.65,1887.02,171.30519903707474,,
2026-08-13 15:35:00+00:00,1887.02,1888.02,1887.02,1888.02,60.281828546608665,,
2026-08-13 15:36:00+00:00,1888.02,1889.55,1888.02,1888.99,725.4090685466086,,
2026-08-13 15:37:00+00:00,1888.99,1889.52,1887.33,1887.44,280.99934,,
2026-08-13 15:38:00+00:00,1887.44,1888.45,1887.44,1888.45,259.08668,,
2026-08-13 15:39:00+00:00,1888.45,1888.85,1888.02,1888.85,192.13392,,
2026-08-13 15:40:00+00:00,1888.85,1889.72,1888.82,1889.03,1724.5130160437832,,
2026-08-13 15:41:00+00:00,1889.03,1889.75,1888.98,1888.98,178.27931328615472,,
2026-08-13 15:42:00+00:00,1888.98,1890.2,1888.98,1890.02,95.89064,,
2026-08-13 15:43:00+00:00,1890.02,1891.36,1890.01,1890.96,2067.3092492615688,,
2026-08-13 15:44:00+00:00,1890.96,1890.99,1889.99,1890.02,102.5879614548366,,
2026-08-13 15:45:00+00:00,1890.02,1890.02,1889.15,1889.15,39.21736,,
2026-08-13 15:46:00+00:00,1889.15,1889.15,1888.17,1888.17,2557.816081313419,,
2026-08-13 15:47:00+00:00,1888.17,1888.65,1887.65,1888.65,423.93727,,
2026-08-13 15:48:00+00:00,1888.65,1888.65,1886.64,1887.01,2398.148309219619,,
2026-08-13 15:49:00+00:00,1887.01,1887.44,1886.48,1887.02,2160.72843,,
2026-08-13 15:50:00+00:00,1887.02,1888.53,1887.02,1888.53,1475.73548533186,,
2026-08-13 15:51:00+00:00,1888.53,1888.55,1887.47,1887.96,5530.089144383347,,
2026-08-13 15:52:00+00:00,1887.96,1887.98,1886.8,1886.8,124.79019,,
2026-08-13 15:53:00+00:00,1886.8,1886.8,1885.68,1885.7,669.9443086773781,,
2026-08-13 15:54:00+00:00,1885.7,1887.0,1885.7,1886.3,79.85394132262185,,
2026-08-13 15:55:00+00:00,1886.3,1886.99,1885.79,1886.99,201.48893323540793,,
2026-08-13 15:56:00+00:00,1886.99,1887.02,1885.47,1885.47,2099.28889,,
2026-08-13 15:57:00+00:00,1885.47,1885.47,1883.38,1883.39,2569.93813,,
2026-08-13 15:58:00+00:00,1883.39,1883.99,1881.64,1881.98,2136.136447159099,,
2026-08-13 15:59:00+00:00,1881.98,1881.99,1879.63,1879.83,6046.6490178751665,,
2026-08-13 16:00:00+00:00,1879.83,1880.36,1877.66,1878.64,2032.7080946823312,,
2026-08-13 16:01:00+00:00,1878.64,1880.01,1878.64,1879.51,181.2858526028346,,
2026-08-13 16:02:00+00:00,1879.51,1880.02,1878.34,1879.79,3412.0211360607054,,
2026-08-13 16:03:00+00:00,1879.79,1881.36,1879.76,1880.53,99.58388654389948,,
2026-08-13 16:04:00+00:00,1880.53,1880.62,1880.02,1880.52,217.45444,,
2026-08-13 16:05:00+00:00,1880.52,1882.14,1880.52,1882.13,2321.19785,,
2026-08-13 16:06:00+00:00,1882.13,1883.01,1880.88,1880.88,433.9547096954933,,
2026-08-13 16:07:00+00:00,1880.88,1880.91,1879.15,1879.15,4093.56263,,
2026-08-13 16:08:00+00:00,1879.15,1880.2,1877.65,1880.2,44010.32347,,
2026-08-13 16:09:00+00:00,1880.2,1881.2,1879.2,1879.2,3899.41399,,
2026-08-13 16:10:00+00:00,1879.2,1880.35,1878.51,1879.53,2218.55796,,
2026-08-13 16:11:00+00:00,1879.53,1880.65,1879.53,1880.51,1369.94539,,
2026-08-13 16:12:00+00:00,1880.51,1880.51,1880.01,1880.02,253.11157853684392,,
2026-08-13 16:13:00+00:00,1880.02,1880.02,1878.8,1879.53,1721.1644860025542,,
2026-08-13 16:14:00+00:00,1879.53,1880.02,1879.2,1879.98,30.62697413160538,,
2026-08-13 16:15:00+00:00,1879.98,1880.53,1879.93,1880.0,2117.56286,,
2026-08-13 16:16:00+00:00,1880.0,1881.33,1879.98,1880.02,66.34235556878987,,
2026-08-13 16:17:00+00:00,1880.02,1881.47,1879.98,1881.12,2071.083430659148,,
2026-08-13 16:18:00+00:00,1881.12,1881.33,1880.99,1880.99,51.81208,,
2026-08-13 16:19:00+00:00,1880.99,1881.01,1880.99,1881.01,0.48148,,
2026-08-13 16:20:00+00:00,1881.01,1881.45,1879.63,1881.45,23711.08249,,
2026-08-13 16:21:00+00:00,1881.45,1883.33,1881.02,1883.33,37983.5054,,
2026-08-13 16:22:00+00:00,1883.33,1884.0,1883.01,1883.02,64.85148,,
2026-08-13 16:23:00+00:00,1883.02,1884.34,1882.99,1883.0,73.32377,,
2026-08-13 16:24:00+00:00,1883.0,1883.01,1882.98,1882.98,0.85009,,
2026-08-13 16:25:00+00:00,1882.98,1883.0,1882.98,1882.98,0.63184,,
2026-08-13 16:26:00+00:00,1882.98,1883.02,1882.98,1883.0,1.12053,,
2026-08-13 16:27:00+00:00,1883.0,1883.02,1881.23,1881.23,4829.329852377116,,
2026-08-13 16:28:00+00:00,1881.23,1881.23,1879.63,1879.84,7781.691209340853,,
2026-08-13 16:29:00+00:00,1879.84,1879.97,1877.65,1878.28,1.7219604193198033,,
2026-08-13 16:30:00+00:00,1878.28,1880.36,1878.28,1880.03,2.5068785368439466,,
2026-08-13 16:31:00+00:00,1880.03,1880.36,1878.28,1880.36,1613.8259552724828,,
2026-08-13 16:32:00+00:00,1880.36,1880.36,1879.01,1879.67,3608.53609,,
2026-08-13 16:33:00+00:00,1879.67,1879.98,1879.47,1879.47,35.51398,,
2026-08-13 16:34:00+00:00,1879.47,1880.52,1879.0,1879.67,4127.95044,,
2026-08-13 16:35:00+00:00,1879.67,1880.43,1879.32,1880.33,2285.35145,,
2026-08-13 16:36:00+00:00,1880.33,1880.52,1878.49,1878.67,183.40901,,
2026-08-13 16:37:00+00:00,1878.67,1878.98,1875.89,1875.89,1737.1596928118547,,
2026-08-13 16:38:00+00:00,1875.89,1876.04,1875.01,1875.6,4827.342925206391,,
2026-08-13 16:39:00+00:00,1875.6,1875.85,1866.0,1869.06,15320.579551007047,,
2026-08-13 16:40:00+00:00,1869.06,1869.17,1866.64,1867.67,3955.6258537317544,,
2026-08-13 16:41:00+00:00,1867.67,1867.67,1862.68,1862.69,5187.84626266956,,
2026-08-13 16:42:00+00:00,1862.69,1863.98,1862.64,1863.49,2050.8733275832783,,
2026-08-13 16:43:00+00:00,1863.49,1865.43,1862.63,1863.53,2232.581501244635,,
2026-08-13 16:44:00+00:00,1863.53,1870.38,1862.96,1870.38,14272.520415821717,,
2026-08-13 16:45:00+00:00,1870.38,1870.38,1868.62,1868.96,1633.582442562548,,
2026-08-13 16:46:00+00:00,1868.96,1871.12,1868.2,1871.02,75405.54641083335,,
2026-08-13 16:47:00+00:00,1871.02,1873.36,1871.01,1872.88,2117.408721473817,,
2026-08-13 16:48:00+00:00,1872.88,1874.33,1872.02,1874.33,2272.025761050037,,
2026-08-13 16:49:00+00:00,1874.33,1876.36,1874.16,1874.66,8702.322403141472,,
2026-08-13 16:50:00+00:00,1874.66,1875.53,1874.64,1874.65,158.99456998389735,,
2026-08-13 16:51:00+00:00,1874.65,1876.45,1874.65,1874.96,2141.368475825912,,
2026-08-13 16:52:00+00:00,1874.96,1874.99,1872.64,1872.81,4184.0254768196455,,
2026-08-13 16:53:00+00:00,1872.81,1874.11,1871.65,1874.11,2095.975776975867,,
2026-08-13 16:54:00+00:00,1874.11,1874.11,1871.9,1871.97,3168.5587000893047,,
2026-08-13 16:55:00+00:00,1871.97,1873.04,1871.97,1873.04,11417.63357,,
2026-08-13 16:56:00+00:00,1873.04,1874.12,1872.58,1874.12,126.36314,,
2026-08-13 16:57:00+00:00,1874.12,1874.12,1873.03,1873.03,30.7905,,
2026-08-13 16:58:00+00:00,1873.03,1873.53,1872.98,1873.43,156.5369859352317,,
2026-08-13 16:59:00+00:00,1873.43,1874.01,1873.02,1873.96,68.17859,,
2026-08-13 17:00:00+00:00,1873.96,1874.02,1873.32,1874.02,55.129099159329726,,
2026-08-13 17:01:00+00:00,1874.02,1874.02,1873.33,1873.98,164.96806031342658,,
2026-08-13 17:02:00+00:00,1873.98,1874.75,1873.19,1873.53,6305.2120349239585,,
2026-08-13 17:03:00+00:00,1873.53,1874.07,1873.2,1874.02,42.76328649843994,,
2026-08-13 17:04:00+00:00,1874.02,1875.44,1874.02,1874.88,8299.633262468233,,
2026-08-13 17:05:00+00:00,1874.88,1875.33,1874.88,1874.93,32.595502603992585,,
2026-08-13 17:06:00+00:00,1874.93,1876.53,1874.93,1876.0,4195.407619686562,,
2026-08-13 17:07:00+00:00,1876.0,1876.04,1874.5,1874.67,2186.3106407742753,,
2026-08-13 17:08:00+00:00,1874.67,1875.37,1873.98,1875.33,2019.7896533356045,,
2026-08-13 17:09:00+00:00,1875.33,1875.96,1874.65,1875.53,65.45489666439566,,
2026-08-13 17:10:00+00:00,1875.53,1875.67,1874.98,1874.98,812.8202,,
2026-08-13 17:11:00+00:00,1874.98,1875.51,1874.98,1875.48,855.7843,,
2026-08-13 17:12:00+00:00,1875.48,1876.0,1875.16,1875.83,134.5104,,
2026-08-13 17:13:00+00:00,1875.83,1875.99,1875.02,1875.55,311.36685,,
2026-08-13 17:14:00+00:00,1875.55,1875.99,1874.98,1874.98,93.47524,,
2026-08-13 17:15:00+00:00,1874.98,1876.02,1874.98,1875.99,225.55503,,
2026-08-13 17:16:00+00:00,1875.99,1877.4,1875.96,1877.04,14944.55391,,
2026-08-13 17:17:00+00:00,1877.04,1877.69,1876.4,1876.4,4148.93375,,
2026-08-13 17:18:00+00:00,1876.4,1876.98,1875.8,1875.8,5063.86365,,
2026-08-13 17:19:00+00:00,1875.8,1875.81,1873.98,1873.98,2103.033267564684,,
2026-08-13 17:20:00+00:00,1873.98,1874.53,1873.98,1874.45,1120.6185,,
2026-08-13 17:21:00+00:00,1874.45,1876.85,1874.02,1876.67,5223.867534973872,,
2026-08-13 17:22:00+00:00,1876.67,1877.25,1876.44,1877.01,52.305769114471346,,
2026-08-13 17:23:00+00:00,1877.01,1878.02,1876.63,1877.12,4107.011652927013,,
2026-08-13 17:24:00+00:00,1877.12,1877.64,1877.02,1877.63,172.78595,,
2026-08-13 17:25:00+00:00,1877.63,1878.97,1877.63,1877.98,2131.9686897586967,,
2026-08-13 17:26:00+00:00,1877.98,1877.99,1876.89,1876.91,1140.14426,,
2026-08-13 17:27:00+00:00,1876.91,1877.01,1876.91,1876.99,1.33272,,
2026-08-13 17:28:00+00:00,1876.99,1876.99,1876.02,1876.33,2120.55866,,
2026-08-13 17:29:00+00:00,1876.33,1876.53,1876.01,1876.01,39.8512,,
2026-08-13 17:30:00+00:00,1876.01,1877.48,1876.01,1877.48,63.88592,,
2026-08-13 17:31:00+00:00,1877.48,1877.48,1875.67,1875.67,0.46576,,
2026-08-13 17:32:00+00:00,1875.67,1879.36,1875.66,1879.17,4125.27545,,
2026-08-13 17:33:00+00:00,1879.17,1879.17,1877.86,1877.99,92.50656,,
2026-08-13 17:34:00+00:00,1877.99,1878.0,1877.34,1877.35,2036.47875,,
2026-08-13 17:35:00+00:00,1877.35,1877.35,1876.01,1876.02,2121.97032,,
2026-08-13 17:36:00+00:00,1876.02,1876.98,1875.98,1876.46,157.8281444863006,,
2026-08-13 17:37:00+00:00,1876.46,1877.36,1874.99,1877.36,1209.44601,,
2026-08-13 17:38:00+00:00,1877.36,1877.53,1876.47,1877.08,2122.76998,,
2026-08-13 17:39:00+00:00,1877.08,1877.33,1876.51,1877.02,117.89086124868142,,
2026-08-13 17:40:00+00:00,1877.02,1877.85,1877.02,1877.85,98.93153875131856,,
2026-08-13 17:41:00+00:00,1877.85,1878.41,1877.8,1878.4,2158.59853,,
2026-08-13 17:42:00+00:00,1878.4,1878.44,1877.34,1877.34,238.98866,,
2026-08-13 17:43:00+00:00,1877.34,1877.99,1877.34,1877.42,157.30157,,
2026-08-13 17:44:00+00:00,1877.42,1878.81,1877.42,1878.8,35.75375,,
2026-08-13 17:45:00+00:00,1878.8,1879.74,1878.77,1879.74,4328.1452920496995,,
2026-08-13 17:46:00+00:00,1879.74,1880.16,1878.96,1879.52,1780.4938630710333,,
2026-08-13 17:47:00+00:00,1879.52,1879.54,1877.67,1878.02,108.96096,,
2026-08-13 17:48:00+00:00,1878.02,1878.33,1877.18,1877.2,38.54912,,
2026-08-13 17:49:00+00:00,1877.2,1878.02,1877.2,1878.02,14.501483113469424,,
2026-08-13 17:50:00+00:00,1878.02,1878.02,1877.55,1877.67,173.41829,,
2026-08-13 17:51:00+00:00,1877.67,1878.0,1876.99,1877.98,122.76091,,
2026-08-13 17:52:00+00:00,1877.98,1878.02,1877.47,1877.98,16.97597,,
2026-08-13 17:53:00+00:00,1877.98,1877.98,1876.96,1876.96,93.33641,,
2026-08-13 17:54:00+00:00,1876.96,1877.0,1876.63,1876.99,6016.294962594312,,
2026-08-13 17:55:00+00:00,1876.99,1877.55,1876.97,1876.99,97.0749,,
2026-08-13 17:56:00+00:00,1876.99,1877.0,1876.35,1876.35,67.68041,,
2026-08-13 17:57:00+00:00,1876.35,1877.03,1876.35,1876.98,1.61931,,
2026-08-13 17:58:00+00:00,1876.98,1877.53,1876.98,1877.33,4434.14965,,
2026-08-13 17:59:00+00:00,1877.33,1877.33,1876.0,1876.02,8406.15479,,
2026-08-13 18:00:00+00:00,1876.02,1876.62,1875.99,1875.99,103.39026,,
2026-08-13 18:01:00+00:00,1875.99,1877.62,1875.98,1877.61,520.5849389582066,,
2026-08-13 18:02:00+00:00,1877.61,1878.04,1877.48,1877.94,568.3046029298525,,
2026-08-13 18:03:00+00:00,1877.94,1880.42,1877.94,1880.42,6267.90127,,
2026-08-13 18:04:00+00:00,1880.42,1881.36,1878.65,1879.89,573.42155,,
2026-08-13 18:05:00+00:00,1879.89,1879.89,1879.29,1879.31,36.30611,,
2026-08-13 18:06:00+00:00,1879.31,1879.32,1878.98,1879.02,0.91416,,
2026-08-13 18:07:00+00:00,1879.02,1879.02,1878.47,1879.01,2067.86195,,
2026-08-13 18:08:00+00:00,1879.01,1879.01,1878.43,1878.67,734.25971,,
2026-08-13 18:09:00+00:00,1878.67,1879.02,1878.52,1878.52,20.58397,,
2026-08-13 18:10:00+00:00,1878.52,1878.98,1877.68,1877.68,102.67678,,
2026-08-13 18:11:00+00:00,1877.68,1877.98,1877.68,1877.98,0.12463,,
2026-08-13 18:12:00+00:00,1877.98,1878.02,1877.98,1877.99,0.57447,,
2026-08-13 18:13:00+00:00,1877.99,1878.58,1877.99,1878.58,183.09315,,
2026-08-13 18:14:00+00:00,1878.58,1878.62,1878.02,1878.53,362.3326,,
2026-08-13 18:15:00+00:00,1878.53,1879.02,1878.01,1879.02,85.48376,,
2026-08-13 18:16:00+00:00,1879.02,1879.02,1878.98,1878.98,0.70027,,
2026-08-13 18:17:00+00:00,1878.98,1879.02,1878.98,1879.0,0.36064,,
2026-08-13 18:18:00+00:00,1879.0,1879.7,1878.98,1879.7,25319.21132,,
2026-08-13 18:19:00+00:00,1879.7,1880.04,1879.7,1879.98,0.66678,,
2026-08-13 18:20:00+00:00,1879.98,1880.0,1879.67,1879.67,48.61945,,
2026-08-13 18:21:00+00:00,1879.67,1880.45,1879.67,1879.99,6245.77452,,
2026-08-13 18:22:00+00:00,1879.99,1879.99,1878.98,1878.98,162.73565,,
2026-08-13 18:23:00+00:00,1878.98,1879.01,1878.98,1879.0,0.80404,,
2026-08-13 18:24:00+00:00,1879.0,1879.0,1877.69,1877.69,4925.910157851845,,
2026-08-13 18:25:00+00:00,1877.69,1878.53,1877.69,1878.53,91.44886,,
2026-08-13 18:26:00+00:00,1878.53,1878.83,1877.98,1877.98,13.53173,,
2026-08-13 18:27:00+00:00,1877.98,1877.99,1875.98,1876.49,55880.576954392054,,
2026-08-13 18:28:00+00:00,1876.49,1876.98,1875.98,1876.67,209.706853194833,,
2026-08-13 18:29:00+00:00,1876.67,1876.98,1875.64,1875.64,67.36039524499824,,
2026-08-13 18:30:00+00:00,1875.64,1877.36,1875.64,1875.64,2.4599740806749977,,
2026-08-13 18:31:00+00:00,1875.64,1875.65,1875.64,1875.64,0.3878772695488917,,
2026-08-13 18:32:00+00:00,1875.64,1877.26,1875.64,1877.26,0.1062962530070062,,
2026-08-13 18:33:00+00:00,1877.26,1878.37,1877.26,1877.97,20.84746632234089,,
2026-08-13 18:34:00+00:00,1877.97,1877.99,1876.47,1876.47,126.80871,,
2026-08-13 18:35:00+00:00,1876.47,1876.47,1875.93,1875.93,514.9339,,
2026-08-13 18:36:00+00:00,1875.93,1877.04,1875.93,1875.99,2193.64253,,
2026-08-13 18:37:00+00:00,1875.99,1877.2,1875.99,1876.98,80.61602,,
2026-08-13 18:38:00+00:00,1876.98,1877.51,1876.98,1876.99,38.94405,,
2026-08-13 18:39:00+00:00,1876.99,1876.99,1876.36,1876.36,121.94871,,
2026-08-13 18:40:00+00:00,1876.36,1876.36,1876.36,1876.36,0.0,,
2026-08-13 18:41:00+00:00,1876.36,1877.63,1876.36,1877.63,59.89156,,
2026-08-13 18:42:00+00:00,1877.63,1878.49,1876.65,1877.98,2119.54761,,
2026-08-13 18:43:00+00:00,1877.98,1878.02,1877.98,1878.0,0.8321,,
2026-08-13 18:44:00+00:00,1878.0,1879.33,1877.99,1879.03,62.28229126007512,,
2026-08-13 18:45:00+00:00,1879.03,1879.48,1879.03,1879.48,2071.115138739925,,
2026-08-13 18:46:00+00:00,1879.48,1879.48,1878.5,1879.33,2098.62106,,
2026-08-13 18:47:00+00:00,1879.33,1879.78,1879.02,1879.02,865.4155210761464,,
2026-08-13 18:48:00+00:00,1879.02,1879.61,1879.02,1879.6,51.14436,,
2026-08-13 18:49:00+00:00,1879.6,1880.0,1879.02,1879.96,36.53955,,
2026-08-13 18:50:00+00:00,1879.96,1880.46,1879.96,1880.01,83.98647,,
2026-08-13 18:51:00+00:00,1880.01,1881.35,1880.01,1881.02,111.36726,,
2026-08-13 18:52:00+00:00,1881.02,1883.35,1880.65,1882.85,6150.21038,,
2026-08-13 18:53:00+00:00,1882.85,1883.85,1882.85,1883.53,2101.1093588393105,,
2026-08-13 18:54:00+00:00,1883.53,1886.36,1883.53,1884.64,6234.0471716447,,
2026-08-13 18:55:00+00:00,1884.64,1884.99,1883.47,1884.01,10192.51554,,
2026-08-13 18:56:00+00:00,1884.01,1885.27,1883.99,1885.27,556.91712,,
2026-08-13 18:57:00+00:00,1885.27,1886.36,1884.64,1885.19,8991.228617595369,,
2026-08-13 18:58:00+00:00,1885.19,1886.02,1883.64,1883.64,156.9056301268478,,
2026-08-13 18:59:00+00:00,1883.64,1885.01,1883.64,1884.8,73.7462,,
2026-08-13 19:00:00+00:00,1884.8,1886.34,1884.8,1885.53,163.79451,,
2026-08-13 19:01:00+00:00,1885.53,1886.02,1885.36,1886.02,116.43682036194352,,
2026-08-13 19:02:00+00:00,1886.02,1886.02,1885.02,1885.53,336.7486,,
2026-08-13 19:03:00+00:00,1885.53,1885.81,1884.33,1885.01,2079.69287,,
2026-08-13 19:04:00+00:00,1885.01,1885.02,1884.52,1884.55,249.4823811588666,,
2026-08-13 19:05:00+00:00,1884.55,1885.07,1884.51,1885.01,32.50013,,
2026-08-13 19:06:00+00:00,1885.01,1888.02,1885.0,1887.59,49953.195026491034,,
2026-08-13 19:07:00+00:00,1887.59,1889.47,1886.64,1889.47,2261.2494702696104,,
2026-08-13 19:08:00+00:00,1889.47,1892.36,1889.47,1890.8,136.5646030542672,,
2026-08-13 19:09:00+00:00,1890.8,1891.15,1888.83,1890.2,253.86563,,
2026-08-13 19:10:00+00:00,1890.2,1890.2,1888.97,1889.29,217.70083,,
2026-08-13 19:11:00+00:00,1889.29,1889.85,1888.98,1889.85,93.7931631885255,,
2026-08-13 19:12:00+00:00,1889.85,1889.93,1888.33,1888.33,2056.796120442703,,
2026-08-13 19:13:00+00:00,1888.33,1888.64,1887.96,1887.98,36.54514,,
2026-08-13 19:14:00+00:00,1887.98,1887.98,1887.39,1887.39,2146.22982,,
2026-08-13 19:15:00+00:00,1887.39,1887.98,1886.86,1887.33,1843.4276,,
2026-08-13 19:16:00+00:00,1887.33,1888.01,1886.96,1887.53,230.1909,,
2026-08-13 19:17:00+00:00,1887.53,1888.83,1887.53,1888.81,36.20275,,
2026-08-13 19:18:00+00:00,1888.81,1889.0,1888.37,1888.47,239.31618,,
2026-08-13 19:19:00+00:00,1888.47,1888.56,1888.02,1888.33,135.0978,,
2026-08-13 19:20:00+00:00,1888.33,1889.02,1887.98,1888.48,1387.59058,,
2026-08-13 19:21:00+00:00,1888.48,1888.98,1886.44,1886.44,5214.42698,,
2026-08-13 19:22:00+00:00,1886.44,1888.84,1886.44,1888.02,2277.80618,,
2026-08-13 19:23:00+00:00,1888.02,1888.02,1887.67,1887.99,47.33329612234662,,
2026-08-13 19:24:00+00:00,1887.99,1887.99,1887.98,1887.99,0.24174,,
2026-08-13 19:25:00+00:00,1887.99,1887.99,1886.8,1886.98,62.37431,,
2026-08-13 19:26:00+00:00,1886.98,1887.02,1886.02,1887.02,1798.41744,,
2026-08-13 19:27:00+00:00,1887.02,1887.02,1886.47,1886.48,42.3454,,
2026-08-13 19:28:00+00:00,1886.48,1887.01,1886.48,1886.99,0.84798,,
2026-08-13 19:29:00+00:00,1886.99,1887.22,1886.99,1887.22,0.34641,,
2026-08-13 19:30:00+00:00,1887.22,1887.52,1887.02,1887.51,188.45752,,
2026-08-13 19:31:00+00:00,1887.51,1887.99,1886.4,1886.98,2428.06633,,
2026-08-13 19:32:00+00:00,1886.98,1887.0,1886.47,1886.47,70.60329,,
2026-08-13 19:33:00+00:00,1886.47,1886.98,1885.99,1886.02,296.04193,,
2026-08-13 19:34:00+00:00,1886.02,1886.02,1885.99,1885.99,0.86279,,
2026-08-13 19:35:00+00:00,1885.99,1886.0,1885.16,1885.19,84.46187,,
2026-08-13 19:36:00+00:00,1885.19,1886.92,1885.17,1886.92,2070.87127,,
2026-08-13 19:37:00+00:00,1886.92,1887.02,1886.47,1886.47,30.64592,,
2026-08-13 19:38:00+00:00,1886.47,1886.47,1885.99,1885.99,32.40339,,
2026-08-13 19:39:00+00:00,1885.99,1886.33,1885.98,1886.33,31.340719854807833,,
2026-08-13 19:40:00+00:00,1886.33,1887.16,1886.01,1887.02,161.37400942415624,,
2026-08-13 19:41:00+00:00,1887.02,1887.02,1886.47,1886.48,335.43911132069894,,
2026-08-13 19:42:00+00:00,1886.48,1886.98,1885.93,1886.02,36.70215,,
2026-08-13 19:43:00+00:00,1886.02,1886.02,1885.15,1885.67,625.01801,,
2026-08-13 19:44:00+00:00,1885.67,1886.98,1885.45,1886.48,2294.23757,,
2026-08-13 19:45:00+00:00,1886.48,1888.56,1886.48,1888.01,4917.254057738901,,
2026-08-13 19:46:00+00:00,1888.01,1888.07,1887.46,1887.55,273.6997246691545,,
2026-08-13 19:47:00+00:00,1887.55,1888.02,1887.55,1887.98,23.025431060524415,,
2026-08-13 19:48:00+00:00,1887.98,1888.02,1886.67,1886.7,16.51577508474051,,
2026-08-13 19:49:00+00:00,1886.7,1887.85,1886.7,1887.59,36.62678508720496,,
2026-08-13 19:50:00+00:00,1887.59,1887.98,1886.88,1886.98,98.78357967883244,,
2026-08-13 19:51:00+00:00,1886.98,1887.02,1886.63,1887.02,1056.5864429352025,,
2026-08-13 19:52:00+00:00,1887.02,1887.02,1886.47,1886.47,35.254,,
2026-08-13 19:53:00+00:00,1886.47,1886.47,1886.0,1886.0,0.37423,,
2026-08-13 19:54:00+00:00,1886.0,1886.33,1886.0,1886.33,125.06836,,
2026-08-13 19:55:00+00:00,1886.33,1887.02,1886.02,1886.67,160.9856481818182,,
2026-08-13 19:56:00+00:00,1886.67,1886.98,1885.98,1886.33,133.65843975771818,,
2026-08-13 19:57:00+00:00,1886.33,1886.33,1886.02,1886.02,0.3333107049608355,,
2026-08-13 19:58:00+00:00,1886.02,1886.02,1885.99,1885.99,6.6820792950391645,,
2026-08-13 19:59:00+00:00,1885.99,1886.33,1885.98,1886.33,89.9613033647001,,
2026-08-13 20:00:00+00:00,1886.33,1887.33,1886.02,1887.33,50.531121783901874,,
2026-08-13 20:01:00+00:00,1887.33,1887.33,1885.67,1885.67,63.33210853684395,,
2026-08-13 20:02:00+00:00,1885.67,1886.53,1885.67,1886.53,101.8465,,
2026-08-13 20:03:00+00:00,1886.53,1886.62,1885.98,1886.53,117.72702844196732,,
2026-08-13 20:04:00+00:00,1886.53,1887.02,1886.12,1886.99,32.6047395425758,,
2026-08-13 20:05:00+00:00,1886.99,1887.02,1886.02,1886.2,84.1704428632838,,
2026-08-13 20:06:00+00:00,1886.2,1887.02,1886.2,1887.01,0.87468,,
2026-08-13 20:07:00+00:00,1887.01,1887.53,1886.99,1887.53,2040.49004,,
2026-08-13 20:08:00+00:00,1887.53,1888.33,1886.97,1888.02,2687.5320544067795,,
2026-08-13 20:09:00+00:00,1888.02,1888.02,1887.51,1888.01,21.93263,,
2026-08-13 20:10:00+00:00,1888.01,1888.01,1886.63,1886.63,133.50600779661016,,
2026-08-13 20:11:00+00:00,1886.63,1886.63,1885.98,1885.98,8.990679085968774,,
2026-08-13 20:12:00+00:00,1885.98,1886.02,1885.28,1885.67,4052.54379,,
2026-08-13 20:13:00+00:00,1885.67,1885.98,1885.49,1885.5,240.55563,,
2026-08-13 20:14:00+00:00,1885.5,1886.33,1885.5,1886.33,125.8752,,
2026-08-13 20:15:00+00:00,1886.33,1886.84,1886.02,1886.02,284.15126,,
2026-08-13 20:16:00+00:00,1886.02,1887.08,1886.02,1886.7,98.44392,,
2026-08-13 20:17:00+00:00,1886.7,1887.02,1886.7,1887.01,0.80545,,
2026-08-13 20:18:00+00:00,1887.01,1887.01,1886.39,1886.67,177.41206,,
2026-08-13 20:19:00+00:00,1886.67,1887.02,1886.48,1887.01,1.16587,,
2026-08-13 20:20:00+00:00,1887.01,1887.46,1886.59,1887.33,2278.4818,,
2026-08-13 20:21:00+00:00,1887.33,1887.75,1886.99,1887.0,46.42266464647214,,
2026-08-13 20:22:00+00:00,1887.0,1887.0,1886.51,1886.98,2053.01758049813,,
2026-08-13 20:23:00+00:00,1886.98,1887.02,1886.38,1886.41,127.14805,,
2026-08-13 20:24:00+00:00,1886.41,1886.99,1886.2,1886.2,199.98428,,
2026-08-13 20:25:00+00:00,1886.2,1886.2,1886.02,1886.02,1.13461,,
2026-08-13 20:26:00+00:00,1886.02,1886.57,1886.02,1886.57,2044.41174,,
2026-08-13 20:27:00+00:00,1886.57,1887.0,1886.02,1887.0,106.97934545293266,,
2026-08-13 20:28:00+00:00,1887.0,1887.0,1886.98,1886.99,2.7698655801778314,,
2026-08-13 20:29:00+00:00,1886.99,1887.01,1886.56,1886.91,370.75507,,
2026-08-13 20:30:00+00:00,1886.91,1886.91,1886.91,1886.91,0.0,,
2026-08-13 20:31:00+00:00,1886.91,1887.35,1886.59,1887.35,0.27716,,
2026-08-13 20:32:00+00:00,1887.35,1887.35,1887.35,1887.35,0.0,,
2026-08-13 20:33:00+00:00,1887.35,1888.98,1887.34,1888.67,332.18298,,
2026-08-13 20:34:00+00:00,1888.67,1888.99,1887.98,1888.0,67.91114,,
2026-08-13 20:35:00+00:00,1888.0,1888.01,1888.0,1888.01,0.08557,,
2026-08-13 20:36:00+00:00,1888.01,1888.01,1887.98,1887.99,0.59897,,
2026-08-13 20:37:00+00:00,1887.99,1888.01,1887.59,1888.01,32.09356,,
2026-08-13 20:38:00+00:00,1888.01,1888.01,1887.17,1887.39,59.80041,,
2026-08-13 20:39:00+00:00,1887.39,1887.39,1886.98,1887.0,1.3410275203549364,,
2026-08-13 20:40:00+00:00,1887.0,1887.01,1886.47,1886.47,2071.68439,,
2026-08-13 20:41:00+00:00,1886.47,1886.98,1885.91,1885.91,51.75637,,
2026-08-13 20:42:00+00:00,1885.91,1886.02,1885.91,1885.99,1.0522414394580863,,
2026-08-13 20:43:00+00:00,1885.99,1885.99,1885.99,1885.99,0.0,,
2026-08-13 20:44:00+00:00,1885.99,1885.99,1885.98,1885.98,0.8053930953320678,,
2026-08-13 20:45:00+00:00,1885.98,1886.02,1885.47,1885.47,1109.3543,,
2026-08-13 20:46:00+00:00,1885.47,1885.51,1884.93,1885.47,129.493859159409,,
2026-08-13 20:47:00+00:00,1885.47,1885.47,1884.98,1884.98,345.70079,,
2026-08-13 20:48:00+00:00,1884.98,1884.98,1884.98,1884.98,0.0,,
2026-08-13 20:49:00+00:00,1884.98,1884.98,1884.98,1884.98,0.5477666324369596,,
2026-08-13 20:50:00+00:00,1884.98,1885.02,1884.63,1884.99,2032.0101,,
2026-08-13 20:51:00+00:00,1884.99,1885.02,1884.9,1884.99,0.62335,,
2026-08-13 20:52:00+00:00,1884.99,1885.02,1884.99,1885.02,0.10638,,
2026-08-13 20:53:00+00:00,1885.02,1885.33,1885.0,1885.33,94.35101,,
2026-08-13 20:54:00+00:00,1885.33,1885.38,1884.43,1884.93,84.99014468693566,,
2026-08-13 20:55:00+00:00,1884.93,1885.01,1884.93,1885.0,0.76649,,
2026-08-13 20:56:00+00:00,1885.0,1885.02,1884.98,1884.99,0.884209757718185,,
2026-08-13 20:57:00+00:00,1884.99,1885.03,1884.99,1885.03,0.17611,,
2026-08-13 20:58:00+00:00,1885.03,1885.33,1885.01,1885.33,31.50598,,
2026-08-13 20:59:00+00:00,1885.33,1885.5,1885.33,1885.5,0.07911,,
2026-08-13 21:00:00+00:00,1885.5,1885.5,1884.98,1885.46,63.93233312271208,,
2026-08-13 21:01:00+00:00,1885.46,1885.85,1884.98,1885.84,84.57783437999295,,
2026-08-13 21:02:00+00:00,1885.84,1886.02,1885.02,1886.02,68.20066642228304,,
2026-08-13 21:03:00+00:00,1886.02,1887.27,1886.02,1887.27,5384.33856,,
2026-08-13 21:04:00+00:00,1887.27,1887.33,1886.98,1886.98,0.65312458656098,,
2026-08-13 21:05:00+00:00,1886.98,1887.02,1886.98,1887.02,1e-05,,
2026-08-13 21:06:00+00:00,1887.02,1887.6,1887.02,1887.59,255.45371933937705,,
2026-08-13 21:07:00+00:00,1887.59,1888.02,1887.59,1888.02,1.16347,,
2026-08-13 21:08:00+00:00,1888.02,1888.02,1886.93,1886.94,2028.8864506606228,,
2026-08-13 21:09:00+00:00,1886.94,1887.02,1886.94,1887.02,0.3119,,
2026-08-13 21:10:00+00:00,1887.02,1887.02,1887.02,1887.02,0.0,,
2026-08-13 21:11:00+00:00,1887.02,1887.02,1887.02,1887.02,0.0,,
2026-08-13 21:12:00+00:00,1887.02,1887.02,1887.02,1887.02,0.0,,
2026-08-13 21:13:00+00:00,1887.02,1887.33,1885.63,1885.63,2086.33584,,
2026-08-13 21:14:00+00:00,1885.63,1886.02,1885.63,1886.0,1.27443,,
2026-08-13 21:15:00+00:00,1886.0,1886.02,1885.98,1886.02,0.8574016770983818,,
2026-08-13 21:16:00+00:00,1886.02,1886.49,1885.99,1886.49,27.42578,,
2026-08-13 21:17:00+00:00,1886.49,1887.0,1886.02,1886.98,131.59204,,
2026-08-13 21:18:00+00:00,1886.98,1887.02,1886.98,1886.98,0.8289379191579136,,
2026-08-13 21:19:00+00:00,1886.98,1887.02,1886.98,1887.02,1.380204927278124,,
2026-08-13 21:20:00+00:00,1887.02,1887.02,1886.98,1887.01,0.4373187607432376,,
2026-08-13 21:21:00+00:00,1887.01,1887.01,1886.02,1886.48,107.40365667990116,,
2026-08-13 21:22:00+00:00,1886.48,1886.98,1886.02,1886.98,79.52298,,
2026-08-13 21:23:00+00:00,1886.98,1887.02,1886.98,1887.02,1.29224,,
2026-08-13 21:24:00+00:00,1887.02,1887.02,1886.98,1886.98,0.91336,,
2026-08-13 21:25:00+00:00,1886.98,1887.02,1886.51,1886.98,215.3608876171994,,
2026-08-13 21:26:00+00:00,1886.98,1887.0,1886.96,1886.98,0.657877617199395,,
2026-08-13 21:27:00+00:00,1886.98,1887.02,1886.67,1886.67,63.00877,,
2026-08-13 21:28:00+00:00,1886.67,1887.02,1886.67,1886.81,94.96882736833652,,
2026-08-13 21:29:00+00:00,1886.81,1887.56,1885.64,1887.56,0.7360721373869215,,
2026-08-13 21:30:00+00:00,1887.56,1888.35,1887.56,1887.74,0.37549,,
2026-08-13 21:31:00+00:00,1887.74,1888.01,1887.37,1887.47,102.00866,,
2026-08-13 21:32:00+00:00,1887.47,1887.47,1887.47,1887.47,0.0,,
2026-08-13 21:33:00+00:00,1887.47,1887.47,1887.47,1887.47,0.0,,
2026-08-13 21:34:00+00:00,1887.47,1888.36,1887.47,1887.67,9.388482441724692,,
2026-08-13 21:35:00+00:00,1887.67,1888.36,1887.25,1888.36,35.71604202262737,,
2026-08-13 21:36:00+00:00,1888.36,1888.36,1888.36,1888.36,0.0,,
2026-08-13 21:37:00+00:00,1888.36,1888.36,1888.36,1888.36,0.0,,
2026-08-13 21:38:00+00:00,1888.36,1888.36,1887.99,1888.36,1.566022784932782,,
2026-08-13 21:39:00+00:00,1888.36,1888.53,1888.02,1888.52,63.42353,,
2026-08-13 21:40:00+00:00,1888.52,1888.52,1887.47,1887.98,22.81057,,
2026-08-13 21:41:00+00:00,1887.98,1887.98,1887.98,1887.98,0.12047,,
2026-08-13 21:42:00+00:00,1887.98,1888.01,1886.65,1887.45,0.5239149804578248,,
2026-08-13 21:43:00+00:00,1887.45,1887.79,1887.02,1887.68,140.28474927182705,,
2026-08-13 21:44:00+00:00,1887.68,1887.99,1886.65,1887.47,849.3267551822591,,
2026-08-13 21:45:00+00:00,1887.47,1887.99,1886.92,1887.33,200.05456574237232,,
2026-08-13 21:46:00+00:00,1887.33,1887.99,1886.66,1887.99,199.78586,,
2026-08-13 21:47:00+00:00,1887.99,1887.99,1887.41,1887.41,0.22618,,
2026-08-13 21:48:00+00:00,1887.41,1887.6,1887.01,1887.53,1937.98304,,
2026-08-13 21:49:00+00:00,1887.53,1887.53,1887.53,1887.53,0.0,,
2026-08-13 21:50:00+00:00,1887.53,1887.53,1887.53,1887.53,0.0,,
2026-08-13 21:51:00+00:00,1887.53,1887.53,1887.53,1887.53,0.0,,
2026-08-13 21:52:00+00:00,1887.53,1887.53,1886.96,1887.53,18.49943,,
2026-08-13 21:53:00+00:00,1887.53,1887.53,1886.05,1887.1,17.812551792956246,,
2026-08-13 21:54:00+00:00,1887.1,1887.69,1886.08,1886.81,27.55652,,
2026-08-13 21:55:00+00:00,1886.81,1886.99,1886.57,1886.58,0.27727,,
2026-08-13 21:56:00+00:00,1886.58,1887.61,1886.06,1887.53,397.46058,,
2026-08-13 21:57:00+00:00,1887.53,1887.53,1887.02,1887.33,361.4574,,
2026-08-13 21:58:00+00:00,1887.33,1887.53,1887.02,1887.12,398.87914,,
2026-08-13 21:59:00+00:00,1887.12,1887.53,1887.02,1887.52,156.74811,,
2026-08-13 22:00:00+00:00,1887.52,1888.2,1887.52,1887.98,23.1242,,
2026-08-13 22:01:00+00:00,1887.98,1889.58,1887.98,1889.53,9762.98641,,
2026-08-13 22:02:00+00:00,1889.53,1889.57,1889.0,1889.29,75.80759,,
2026-08-13 22:03:00+00:00,1889.29,1889.29,1888.27,1888.28,2100.37218,,
2026-08-13 22:04:00+00:00,1888.28,1890.36,1888.01,1890.02,2137.03161,,
2026-08-13 22:05:00+00:00,1890.02,1890.72,1889.65,1890.17,589.34297,,
2026-08-13 22:06:00+00:00,1890.17,1891.0,1890.0,1890.02,78.21504659810802,,
2026-08-13 22:07:00+00:00,1890.02,1891.36,1889.98,1890.83,102.88052355193926,,
2026-08-13 22:08:00+00:00,1890.83,1892.02,1890.83,1892.01,2030.6531627767088,,
2026-08-13 22:09:00+00:00,1892.01,1892.02,1890.5,1890.5,131.2608082992467,,
2026-08-13 22:10:00+00:00,1890.5,1890.98,1890.42,1890.43,176.63723,,
2026-08-13 22:11:00+00:00,1890.43,1891.02,1890.4,1891.01,0.8528369588589264,,
2026-08-13 22:12:00+00:00,1891.01,1891.85,1890.99,1891.84,142.83591,,
2026-08-13 22:13:00+00:00,1891.84,1892.0,1891.0,1891.01,274.33626,,
2026-08-13 22:14:00+00:00,1891.01,1891.02,1890.99,1890.99,0.63177,,
2026-08-13 22:15:00+00:00,1890.99,1891.85,1890.99,1891.85,56.75098,,
2026-08-13 22:16:00+00:00,1891.85,1892.02,1891.8,1891.8,27.11981,,
2026-08-13 22:17:00+00:00,1891.8,1891.99,1890.99,1890.99,117.16559743074384,,
2026-08-13 22:18:00+00:00,1890.99,1891.04,1890.25,1890.25,94.83827557221404,,
2026-08-13 22:19:00+00:00,1890.25,1891.01,1890.24,1890.47,110.40772466915448,,
2026-08-13 22:20:00+00:00,1890.47,1890.47,1889.51,1889.99,1179.7835747272447,,
2026-08-13 22:21:00+00:00,1889.99,1890.02,1889.98,1890.02,0.6774347018360759,,
2026-08-13 22:22:00+00:00,1890.02,1890.94,1889.97,1890.93,98.91314272671312,,
2026-08-13 22:23:00+00:00,1890.93,1891.01,1889.99,1889.99,82.52168,,
2026-08-13 22:24:00+00:00,1889.99,1891.02,1889.99,1890.35,191.32581,,
2026-08-13 22:25:00+00:00,1890.35,1890.98,1889.97,1889.97,36.17277,,
2026-08-13 22:26:00+00:00,1889.97,1890.41,1889.97,1889.98,1679.50267,,
2026-08-13 22:27:00+00:00,1889.98,1890.02,1889.98,1889.98,0.5432873029405249,,
2026-08-13 22:28:00+00:00,1889.98,1890.01,1889.63,1889.99,12061.283,,
2026-08-13 22:29:00+00:00,1889.99,1890.07,1889.98,1890.06,0.54442,,
2026-08-13 22:30:00+00:00,1890.06,1890.06,1888.64,1889.49,0.58041,,
2026-08-13 22:31:00+00:00,1889.49,1889.49,1889.49,1889.49,0.0,,
2026-08-13 22:32:00+00:00,1889.49,1889.49,1889.49,1889.49,0.0,,
2026-08-13 22:33:00+00:00,1889.49,1889.49,1888.59,1888.59,0.39532,,
2026-08-13 22:34:00+00:00,1888.59,1888.59,1888.59,1888.59,0.0,,
2026-08-13 22:35:00+00:00,1888.59,1889.85,1888.59,1889.64,77.58665,,
2026-08-13 22:36:00+00:00,1889.64,1889.64,1889.02,1889.46,260.99971627001406,,
2026-08-13 22:37:00+00:00,1889.46,1889.92,1889.02,1889.92,381.15486,,
2026-08-13 22:38:00+00:00,1889.92,1890.0,1889.92,1890.0,4.34309,,
2026-08-13 22:39:00+00:00,1890.0,1890.0,1890.0,1890.0,0.0,,
2026-08-13 22:40:00+00:00,1890.0,1890.0,1890.0,1890.0,0.0,,
2026-08-13 22:41:00+00:00,1890.0,1890.0,1889.02,1889.53,149.10122,,
2026-08-13 22:42:00+00:00,1889.53,1889.55,1888.64,1889.53,586.48915,,
2026-08-13 22:43:00+00:00,1889.53,1889.82,1889.53,1889.82,1.107202243272131,,
2026-08-13 22:44:00+00:00,1889.82,1889.82,1889.82,1889.82,0.0,,
2026-08-13 22:45:00+00:00,1889.82,1889.82,1889.82,1889.82,0.0641,,
2026-08-13 22:46:00+00:00,1889.82,1889.82,1889.71,1889.79,0.1859,,
2026-08-13 22:47:00+00:00,1889.79,1889.79,1888.98,1889.37,17.07592,,
2026-08-13 22:48:00+00:00,1889.37,1889.52,1888.65,1889.33,165.34272,,
2026-08-13 22:49:00+00:00,1889.33,1889.55,1889.0,1889.45,256.78949,,
2026-08-13 22:50:00+00:00,1889.45,1889.45,1889.02,1889.33,93.795,,
2026-08-13 22:51:00+00:00,1889.33,1889.33,1889.01,1889.33,125.1735,,
2026-08-13 22:52:00+00:00,1889.33,1889.67,1889.02,1889.53,159.32278,,
2026-08-13 22:53:00+00:00,1889.53,1889.53,1888.64,1888.92,0.543549229499256,,
2026-08-13 22:54:00+00:00,1888.92,1889.33,1888.92,1889.33,31.38737,,
2026-08-13 22:55:00+00:00,1889.33,1889.33,1888.24,1888.24,1.163218401449328,,
2026-08-13 22:56:00+00:00,1888.24,1888.47,1887.98,1888.33,283.7763059726449,,
2026-08-13 22:57:00+00:00,1888.33,1888.52,1887.98,1888.44,310.1170212500599,,
2026-08-13 22:58:00+00:00,1888.44,1888.62,1887.97,1888.33,803.15384,,
2026-08-13 22:59:00+00:00,1888.33,1888.33,1888.02,1888.33,1667.98048,,
2026-08-13 23:00:00+00:00,1888.33,1888.53,1887.98,1887.98,130.22475,,
2026-08-13 23:01:00+00:00,1887.98,1888.02,1887.47,1887.5,33.472935777027025,,
2026-08-13 23:02:00+00:00,1887.5,1887.5,1886.47,1886.48,2016.99463,,
2026-08-13 23:03:00+00:00,1886.48,1886.98,1886.47,1886.47,35.254,,
2026-08-13 23:04:00+00:00,1886.47,1886.47,1885.96,1886.02,1.2281,,
2026-08-13 23:05:00+00:00,1886.02,1886.02,1886.02,1886.02,0.0,,
2026-08-13 23:06:00+00:00,1886.02,1886.02,1885.98,1885.98,0.2655365431390667,,
2026-08-13 23:07:00+00:00,1885.98,1885.98,1885.98,1885.98,0.0436049804578248,,
2026-08-13 23:08:00+00:00,1885.98,1886.02,1885.98,1886.01,0.48036,,
2026-08-13 23:09:00+00:00,1886.01,1886.02,1885.99,1886.02,0.78271,,
2026-08-13 23:10:00+00:00,1886.02,1886.5,1886.01,1886.5,251.1115,,
2026-08-13 23:11:00+00:00,1886.5,1886.55,1886.01,1886.01,1570.84993,,
2026-08-13 23:12:00+00:00,1886.01,1886.18,1885.99,1886.02,0.6815321845174973,,
2026-08-13 23:13:00+00:00,1886.02,1886.02,1885.98,1885.98,0.5506,,
2026-08-13 23:14:00+00:00,1885.98,1886.01,1885.98,1886.0,0.6828628419772317,,
2026-08-13 23:15:00+00:00,1886.0,1886.02,1886.0,1886.02,1.05488,,
2026-08-13 23:16:00+00:00,1886.02,1886.02,1885.98,1885.98,0.81004,,
2026-08-13 23:17:00+00:00,1885.98,1886.0,1885.98,1885.99,0.59801,,
2026-08-13 23:18:00+00:00,1885.99,1886.02,1884.98,1885.0,36.16311031513168,,
2026-08-13 23:19:00+00:00,1885.0,1886.0,1884.99,1886.0,121.4630088411334,,
2026-08-13 23:20:00+00:00,1886.0,1886.0,1885.8,1885.98,10.30507,,
2026-08-13 23:21:00+00:00,1885.98,1886.01,1885.98,1886.0,0.2574,,
2026-08-13 23:22:00+00:00,1886.0,1886.52,1885.98,1886.02,24.03791,,
2026-08-13 23:23:00+00:00,1886.02,1886.33,1884.94,1884.94,52.36923,,
2026-08-13 23:24:00+00:00,1884.94,1885.16,1884.94,1884.98,1.14594,,
2026-08-13 23:25:00+00:00,1884.98,1885.0,1884.97,1885.0,0.93822,,
2026-08-13 23:26:00+00:00,1885.0,1885.01,1884.99,1885.01,1.50534,,
2026-08-13 23:27:00+00:00,1885.01,1885.01,1884.98,1884.98,1.10481,,
2026-08-13 23:28:00+00:00,1884.98,1885.02,1884.64,1884.64,3.2224899718634097,,
2026-08-13 23:29:00+00:00,1884.64,1885.02,1884.64,1884.7,0.8891101881386365,,
2026-08-13 23:30:00+00:00,1884.7,1884.7,1884.7,1884.7,0.0,,
2026-08-13 23:31:00+00:00,1884.7,1886.34,1884.7,1886.33,113.45965,,
2026-08-13 23:32:00+00:00,1886.33,1886.5,1886.02,1886.5,376.13013,,
2026-08-13 23:33:00+00:00,1886.5,1886.51,1886.02,1886.33,125.7339,,
2026-08-13 23:34:00+00:00,1886.33,1886.33,1886.33,1886.33,0.0,,
2026-08-13 23:35:00+00:00,1886.33,1886.33,1886.33,1886.33,0.0,,
2026-08-13 23:36:00+00:00,1886.33,1886.33,1886.33,1886.33,0.0,,
2026-08-13 23:37:00+00:00,1886.33,1886.33,1886.33,1886.33,0.0,,
2026-08-13 23:38:00+00:00,1886.33,1886.33,1886.33,1886.33,0.0,,
2026-08-13 23:39:00+00:00,1886.33,1886.33,1886.33,1886.33,0.0,,
2026-08-13 23:40:00+00:00,1886.33,1886.33,1884.96,1885.33,1603.57122,,
2026-08-13 23:41:00+00:00,1885.33,1885.48,1885.01,1885.46,588.92648,,
2026-08-13 23:42:00+00:00,1885.46,1885.46,1885.46,1885.46,0.0,,
2026-08-13 23:43:00+00:00,1885.46,1885.46,1885.46,1885.46,0.0,,
2026-08-13 23:44:00+00:00,1885.46,1885.46,1885.46,1885.46,0.0,,
2026-08-13 23:45:00+00:00,1885.46,1885.46,1885.46,1885.46,0.0,,
2026-08-13 23:46:00+00:00,1885.46,1885.46,1885.46,1885.46,0.0,,
2026-08-13 23:47:00+00:00,1885.46,1885.46,1885.46,1885.46,0.0,,
2026-08-13 23:48:00+00:00,1885.46,1885.57,1884.97,1885.57,176.19011,,
2026-08-13 23:49:00+00:00,1885.57,1885.57,1884.66,1884.66,0.9479298118613634,,
2026-08-13 23:50:00+00:00,1884.66,1884.66,1883.65,1884.54,285.60094,,
2026-08-13 23:51:00+00:00,1884.54,1885.02,1884.0,1884.99,56.45765,,
2026-08-13 23:52:00+00:00,1884.99,1884.99,1884.49,1884.67,337.0525,,
2026-08-13 23:53:00+00:00,1884.67,1884.98,1884.39,1884.47,642.55141,,
2026-08-13 23:54:00+00:00,1884.47,1884.67,1883.59,1883.93,41.09233,,
2026-08-13 23:55:00+00:00,1883.93,1884.01,1883.93,1883.99,1.00894,,
2026-08-13 23:56:00+00:00,1883.99,1884.53,1883.99,1884.33,141.45813,,
2026-08-13 23:57:00+00:00,1884.33,1885.04,1884.02,1885.02,67.8104,,
2026-08-13 23:58:00+00:00,1885.02,1885.02,1885.01,1885.02,0.61983,,
2026-08-13 23:59:00+00:00,1885.02,1885.39,1884.98,1885.38,31.88481,,
2026-08-14 00:00:00+00:00,1885.38,1886.35,1885.38,1886.35,2.39429,,
2026-08-14 00:01:00+00:00,1886.35,1886.42,1886.0,1886.01,0.89955,,
2026-08-14 00:02:00+00:00,1886.01,1886.63,1885.49,1885.49,2154.24388,,
2026-08-14 00:03:00+00:00,1885.49,1885.8,1884.65,1885.02,13.99277,,
2026-08-14 00:04:00+00:00,1885.02,1885.75,1885.02,1885.75,103.03062,,
2026-08-14 00:05:00+00:00,1885.75,1886.5,1885.75,1886.35,1190.43455,,
2026-08-14 00:06:00+00:00,1886.35,1886.35,1885.4,1885.4,32.18711,,
2026-08-14 00:07:00+00:00,1885.4,1886.01,1885.4,1885.47,35.53691,,
2026-08-14 00:08:00+00:00,1885.47,1885.98,1884.98,1885.33,424.52312,,
2026-08-14 00:09:00+00:00,1885.33,1885.53,1885.33,1885.53,0.40828,,
2026-08-14 00:10:00+00:00,1885.53,1886.02,1885.53,1885.57,1.53317,,
2026-08-14 00:11:00+00:00,1885.57,1885.99,1885.48,1885.99,25.60074,,
2026-08-14 00:12:00+00:00,1885.99,1885.99,1885.71,1885.71,0.74215,,
2026-08-14 00:13:00+00:00,1885.71,1885.98,1885.54,1885.54,89.24465,,
2026-08-14 00:14:00+00:00,1885.54,1885.98,1885.47,1885.67,95.40112,,
2026-08-14 00:15:00+00:00,1885.67,1886.02,1885.47,1886.02,94.83472,,
2026-08-14 00:16:00+00:00,1886.02,1886.02,1885.98,1885.99,0.78537,,
2026-08-14 00:17:00+00:00,1885.99,1885.99,1885.59,1885.95,63.34819,,
2026-08-14 00:18:00+00:00,1885.95,1885.98,1885.41,1885.41,32.9105,,
2026-08-14 00:19:00+00:00,1885.41,1886.83,1885.41,1886.57,2134.42243,,
2026-08-14 00:20:00+00:00,1886.57,1886.57,1885.99,1886.53,66.97199,,
2026-08-14 00:21:00+00:00,1886.53,1887.53,1886.53,1887.53,22595.76346,,
2026-08-14 00:22:00+00:00,1887.53,1887.53,1886.47,1886.5,2174.38011,,
2026-08-14 00:23:00+00:00,1886.5,1887.57,1886.47,1887.56,119.31341,,
2026-08-14 00:24:00+00:00,1887.56,1888.01,1887.56,1887.98,0.36108,,
2026-08-14 00:25:00+00:00,1887.98,1887.98,1887.01,1887.01,56.92822,,
2026-08-14 00:26:00+00:00,1887.01,1887.02,1886.23,1886.26,2032.28793,,
2026-08-14 00:27:00+00:00,1886.26,1886.28,1883.92,1884.02,2368.86934,,
2026-08-14 00:28:00+00:00,1884.02,1885.53,1884.02,1885.53,46692.40949,,
2026-08-14 00:29:00+00:00,1885.53,1885.53,1884.68,1885.3,0.5161,,
2026-08-14 00:30:00+00:00,1885.3,1885.3,1883.66,1884.33,72.84025,,
2026-08-14 00:31:00+00:00,1884.33,1884.33,1882.99,1882.99,95.01837,,
2026-08-14 00:32:00+00:00,1882.99,1883.99,1882.99,1883.98,196.62209,,
2026-08-14 00:33:00+00:00,1883.98,1884.01,1883.45,1883.45,189.07831,,
2026-08-14 00:34:00+00:00,1883.45,1884.0,1883.02,1883.98,238.30694,,
2026-08-14 00:35:00+00:00,1883.98,1885.72,1883.98,1885.72,143.39861,,
2026-08-14 00:36:00+00:00,1885.72,1885.85,1884.99,1885.0,19.0014,,
2026-08-14 00:37:00+00:00,1885.0,1885.85,1884.98,1885.84,49.94727,,
2026-08-14 00:38:00+00:00,1885.84,1885.84,1884.99,1885.45,327.66318,,
2026-08-14 00:39:00+00:00,1885.45,1885.59,1885.02,1885.58,147.18352,,
2026-08-14 00:40:00+00:00,1885.58,1885.85,1885.01,1885.85,357.93414,,
2026-08-14 00:41:00+00:00,1885.85,1886.53,1885.77,1886.53,2068.19302,,
2026-08-14 00:42:00+00:00,1886.53,1887.07,1886.53,1887.01,28.42677,,
2026-08-14 00:43:00+00:00,1887.01,1888.33,1886.99,1888.0,184.87046,,
2026-08-14 00:44:00+00:00,1888.0,1888.98,1887.99,1888.26,2072.71148,,
2026-08-14 00:45:00+00:00,1888.26,1888.26,1887.15,1887.52,2070.3425,,
2026-08-14 00:46:00+00:00,1887.52,1887.52,1886.64,1886.64,14.60981,,
2026-08-14 00:47:00+00:00,1886.64,1887.02,1885.96,1886.2,142.65076,,
2026-08-14 00:48:00+00:00,1886.2,1886.94,1885.65,1885.65,159.33423,,
2026-08-14 00:49:00+00:00,1885.65,1886.98,1885.65,1886.49,286.84533,,
2026-08-14 00:50:00+00:00,1886.49,1887.67,1886.01,1887.64,2375.49334,,
2026-08-14 00:51:00+00:00,1887.64,1887.65,1887.01,1887.01,0.36812,,
2026-08-14 00:52:00+00:00,1887.01,1887.85,1887.01,1887.84,67.0469,,
2026-08-14 00:53:00+00:00,1887.84,1888.02,1887.02,1888.0,82.68697,,
2026-08-14 00:54:00+00:00,1888.0,1888.01,1887.99,1888.01,0.58336,,
2026-08-14 00:55:00+00:00,1888.01,1888.01,1887.55,1887.96,174.46873,,
2026-08-14 00:56:00+00:00,1887.96,1887.99,1887.47,1887.47,78.61495,,
2026-08-14 00:57:00+00:00,1887.47,1887.47,1887.44,1887.44,0.07818,,
2026-08-14 00:58:00+00:00,1887.44,1888.37,1887.44,1888.33,2638.9795,,
2026-08-14 00:59:00+00:00,1888.33,1889.02,1888.02,1889.01,383.49426,,
2026-08-14 01:00:00+00:00,1889.01,1889.01,1887.47,1887.47,133.50105,,
2026-08-14 01:01:00+00:00,1887.47,1888.02,1887.18,1887.67,552.50742,,
2026-08-14 01:02:00+00:00,1887.67,1887.98,1886.69,1887.53,409.07303,,
2026-08-14 01:03:00+00:00,1887.53,1887.53,1885.98,1885.99,1693.20241,,
2026-08-14 01:04:00+00:00,1885.99,1888.19,1885.99,1887.99,2102.88247,,
2026-08-14 01:05:00+00:00,1887.99,1888.69,1887.57,1888.69,143.25243,,
2026-08-14 01:06:00+00:00,1888.69,1888.99,1887.57,1887.99,2096.56859,,
2026-08-14 01:07:00+00:00,1887.99,1888.01,1887.47,1887.54,247.85097,,
2026-08-14 01:08:00+00:00,1887.54,1887.98,1886.99,1886.99,133.35915,,
2026-08-14 01:09:00+00:00,1886.99,1886.99,1886.98,1886.99,0.36199,,
2026-08-14 01:10:00+00:00,1886.99,1886.99,1886.47,1886.49,113.81456,,
2026-08-14 01:11:00+00:00,1886.49,1886.49,1885.18,1885.34,4460.77946,,
2026-08-14 01:12:00+00:00,1885.34,1886.35,1885.3,1886.01,0.9407,,
2026-08-14 01:13:00+00:00,1886.01,1886.49,1886.01,1886.02,62.96297,,
2026-08-14 01:14:00+00:00,1886.02,1886.02,1884.99,1884.99,997.31727,,
2026-08-14 01:15:00+00:00,1884.99,1885.41,1884.47,1885.41,146.66199,,
2026-08-14 01:16:00+00:00,1885.41,1885.53,1884.98,1885.53,63.99766,,
2026-08-14 01:17:00+00:00,1885.53,1885.53,1884.93,1885.02,12.72239,,
2026-08-14 01:18:00+00:00,1885.02,1885.02,1884.99,1884.99,0.74412,,
2026-08-14 01:19:00+00:00,1884.99,1885.01,1884.54,1884.98,32.72894,,
2026-08-14 01:20:00+00:00,1884.98,1886.0,1883.96,1885.99,3111.9521,,
2026-08-14 01:21:00+00:00,1885.99,1886.53,1885.98,1886.53,2339.6698,,
2026-08-14 01:22:00+00:00,1886.53,1887.78,1886.01,1887.77,1066.66252,,
2026-08-14 01:23:00+00:00,1887.77,1888.39,1887.19,1887.98,557.27488,,
2026-08-14 01:24:00+00:00,1887.98,1887.98,1887.98,1887.98,0.0,,
2026-08-14 01:25:00+00:00,1887.98,1887.98,1887.0,1887.02,94.61986,,
2026-08-14 01:26:00+00:00,1887.02,1887.42,1886.56,1887.33,4196.96981,,
2026-08-14 01:27:00+00:00,1887.33,1887.42,1887.0,1887.01,94.53068,,
2026-08-14 01:28:00+00:00,1887.01,1887.01,1885.8,1885.8,148.7432,,
2026-08-14 01:29:00+00:00,1885.8,1886.0,1885.47,1885.47,19.53936,,
2026-08-14 01:30:00+00:00,1885.47,1885.63,1884.65,1885.33,366.1503,,
2026-08-14 01:31:00+00:00,1885.33,1885.49,1885.02,1885.49,153.94588,,
2026-08-14 01:32:00+00:00,1885.49,1885.82,1885.01,1885.58,382.96912,,
2026-08-14 01:33:00+00:00,1885.58,1885.58,1884.98,1885.53,20.29295,,
2026-08-14 01:34:00+00:00,1885.53,1886.2,1885.02,1886.2,97.93348,,
2026-08-14 01:35:00+00:00,1886.2,1886.53,1886.02,1886.53,35.266,,
2026-08-14 01:36:00+00:00,1886.53,1887.01,1885.65,1886.2,13.94924,,
2026-08-14 01:37:00+00:00,1886.2,1887.01,1886.0,1887.0,141.71273,,
2026-08-14 01:38:00+00:00,1887.0,1887.0,1885.99,1885.99,231.36953,,
2026-08-14 01:39:00+00:00,1885.99,1887.42,1885.99,1887.42,2063.04257,,
2026-08-14 01:40:00+00:00,1887.42,1888.39,1887.41,1888.17,19150.72658,,
2026-08-14 01:41:00+00:00,1888.17,1888.2,1887.98,1888.0,0.89952,,
2026-08-14 01:42:00+00:00,1888.0,1888.48,1887.99,1888.33,125.83725,,
2026-08-14 01:43:00+00:00,1888.33,1888.46,1888.02,1888.33,525.83939,,
2026-08-14 01:44:00+00:00,1888.33,1888.84,1888.02,1888.84,67.32712,,
2026-08-14 01:45:00+00:00,1888.84,1888.99,1887.47,1887.48,2129.56901,,
2026-08-14 01:46:00+00:00,1887.48,1887.98,1886.98,1887.33,3576.92607,,
2026-08-14 01:47:00+00:00,1887.33,1888.37,1887.01,1888.37,8345.63795,,
2026-08-14 01:48:00+00:00,1888.37,1888.85,1888.02,1888.85,27.40819,,
2026-08-14 01:49:00+00:00,1888.85,1889.11,1888.7,1889.0,7.09905,,
2026-08-14 01:50:00+00:00,1889.0,1889.0,1888.02,1888.48,161.65287,,
2026-08-14 01:51:00+00:00,1888.48,1888.51,1887.4,1887.99,1.40823,,
2026-08-14 01:52:00+00:00,1887.99,1888.02,1887.99,1887.99,0.70863,,
2026-08-14 01:53:00+00:00,1887.99,1888.18,1887.93,1887.93,0.65732,,
2026-08-14 01:54:00+00:00,1887.93,1888.01,1887.15,1887.15,212.71204,,
2026-08-14 01:55:00+00:00,1887.15,1887.64,1886.65,1887.44,199.65024,,
2026-08-14 01:56:00+00:00,1887.44,1887.45,1886.98,1887.33,267.87942,,
2026-08-14 01:57:00+00:00,1887.33,1888.02,1887.02,1887.46,125.955716661951,,
2026-08-14 01:58:00+00:00,1887.46,1888.53,1887.46,1888.53,1070.08646,,
2026-08-14 01:59:00+00:00,1888.53,1889.02,1888.5,1888.59,40.24745,,
2026-08-14 02:00:00+00:00,1888.59,1889.01,1888.19,1888.19,36.36543,,
2026-08-14 02:01:00+00:00,1888.19,1888.33,1888.01,1888.33,94.23168,,
2026-08-14 02:02:00+00:00,1888.33,1888.8,1888.02,1888.33,653.57155,,
2026-08-14 02:03:00+00:00,1888.33,1888.99,1888.02,1888.96,274.63966,,
2026-08-14 02:04:00+00:00,1888.96,1888.98,1887.98,1888.01,45.81523,,
2026-08-14 02:05:00+00:00,1888.01,1888.56,1888.01,1888.02,66.9994,,
2026-08-14 02:06:00+00:00,1888.02,1889.48,1888.02,1889.48,2158.74654,,
2026-08-14 02:07:00+00:00,1889.48,1889.85,1889.44,1889.85,3559.36063,,
2026-08-14 02:08:00+00:00,1889.85,1890.04,1889.85,1889.98,1.03279,,
2026-08-14 02:09:00+00:00,1889.98,1890.02,1889.98,1890.01,1.50242,,
2026-08-14 02:10:00+00:00,1890.01,1890.52,1889.8,1889.98,577.22789,,
2026-08-14 02:11:00+00:00,1889.98,1890.04,1889.27,1889.27,1980.4259,,
2026-08-14 02:12:00+00:00,1889.27,1889.35,1887.55,1887.76,7020.07962,,
2026-08-14 02:13:00+00:00,1887.76,1888.01,1887.28,1887.29,36.438687641240264,,
2026-08-14 02:14:00+00:00,1887.29,1887.53,1886.96,1887.53,98.5963,,
2026-08-14 02:15:00+00:00,1887.53,1887.99,1887.53,1887.99,0.10646,,
2026-08-14 02:16:00+00:00,1887.99,1887.99,1887.99,1887.99,0.0,,
2026-08-14 02:17:00+00:00,1887.99,1887.99,1887.37,1887.38,225.79833,,
2026-08-14 02:18:00+00:00,1887.38,1887.98,1886.48,1886.48,200.06609,,
2026-08-14 02:19:00+00:00,1886.48,1886.98,1886.29,1886.39,513.5106276412403,,
2026-08-14 02:20:00+00:00,1886.39,1886.85,1886.0,1886.85,107.07313,,
2026-08-14 02:21:00+00:00,1886.85,1887.07,1886.55,1887.02,28.02245,,
2026-08-14 02:22:00+00:00,1887.02,1887.02,1886.5,1886.96,94.50102,,
2026-08-14 02:23:00+00:00,1886.96,1886.99,1886.48,1886.67,76.91347,,
2026-08-14 02:24:00+00:00,1886.67,1886.98,1886.05,1886.06,1054.02812,,
2026-08-14 02:25:00+00:00,1886.06,1886.32,1885.02,1885.85,6179.053323251463,,
2026-08-14 02:26:00+00:00,1885.85,1886.34,1885.85,1885.98,0.3201327730490125,,
2026-08-14 02:27:00+00:00,1885.98,1885.98,1885.47,1885.47,170.5175,,
2026-08-14 02:28:00+00:00,1885.47,1885.59,1884.99,1885.51,291.54796,,
2026-08-14 02:29:00+00:00,1885.51,1885.52,1885.0,1885.33,63.02176,,
2026-08-14 02:30:00+00:00,1885.33,1885.49,1885.33,1885.49,0.31248,,
2026-08-14 02:31:00+00:00,1885.49,1887.35,1885.49,1887.02,1.35616,,
2026-08-14 02:32:00+00:00,1887.02,1887.96,1887.01,1887.95,2624.8326,,
2026-08-14 02:33:00+00:00,1887.95,1887.95,1886.98,1886.98,73.42056,,
2026-08-14 02:34:00+00:00,1886.98,1887.02,1886.96,1886.98,1.06834,,
2026-08-14 02:35:00+00:00,1886.98,1887.57,1886.98,1887.56,163.23037,,
2026-08-14 02:36:00+00:00,1887.56,1888.01,1887.56,1887.56,48.42474,,
2026-08-14 02:37:00+00:00,1887.56,1887.99,1886.99,1886.99,62.92765,,
2026-08-14 02:38:00+00:00,1886.99,1887.01,1886.98,1886.98,0.45844,,
2026-08-14 02:39:00+00:00,1886.98,1887.02,1886.98,1887.02,0.56478,,
2026-08-14 02:40:00+00:00,1887.02,1887.02,1886.15,1886.15,1078.55762,,
2026-08-14 02:41:00+00:00,1886.15,1887.37,1885.99,1887.01,2092.01978,,
2026-08-14 02:42:00+00:00,1887.01,1887.01,1886.98,1886.98,0.20142,,
2026-08-14 02:43:00+00:00,1886.98,1886.98,1886.98,1886.98,0.0,,
2026-08-14 02:44:00+00:00,1886.98,1887.56,1886.98,1887.55,250.92831,,
2026-08-14 02:45:00+00:00,1887.55,1888.34,1887.55,1888.34,0.52391,,
2026-08-14 02:46:00+00:00,1888.34,1888.34,1887.98,1887.98,1.19822,,
2026-08-14 02:47:00+00:00,1887.98,1888.02,1887.98,1887.99,0.6547,,
2026-08-14 02:48:00+00:00,1887.99,1888.02,1887.99,1888.02,0.9803,,
2026-08-14 02:49:00+00:00,1888.02,1888.02,1888.01,1888.01,0.22737,,
2026-08-14 02:50:00+00:00,1888.01,1888.05,1887.98,1888.0,1.71945,,
2026-08-14 02:51:00+00:00,1888.0,1888.01,1887.98,1887.98,0.93879,,
2026-08-14 02:52:00+00:00,1887.98,1888.02,1887.98,1888.01,1.81346,,
2026-08-14 02:53:00+00:00,1888.01,1888.46,1887.99,1888.24,63.8638,,
2026-08-14 02:54:00+00:00,1888.24,1888.25,1887.81,1887.81,0.45223,,
2026-08-14 02:55:00+00:00,1887.81,1887.99,1887.0,1887.02,31.8934,,
2026-08-14 02:56:00+00:00,1887.02,1887.02,1886.53,1886.53,2012.9192,,
2026-08-14 02:57:00+00:00,1886.53,1887.35,1886.0,1886.33,220.55535,,
2026-08-14 02:58:00+00:00,1886.33,1886.51,1886.02,1886.33,646.01842,,
2026-08-14 02:59:00+00:00,1886.33,1886.33,1886.02,1886.33,50.549,,
2026-08-14 03:00:00+00:00,1886.33,1886.33,1885.52,1885.67,2578.69114,,
2026-08-14 03:01:00+00:00,1885.67,1885.98,1885.0,1885.0,355.92422,,
2026-08-14 03:02:00+00:00,1885.0,1885.0,1884.26,1884.26,1074.70629,,
2026-08-14 03:03:00+00:00,1884.26,1884.42,1883.99,1883.99,37.93457,,
2026-08-14 03:04:00+00:00,1883.99,1884.02,1883.18,1883.47,2108.35185,,
2026-08-14 03:05:00+00:00,1883.47,1884.01,1883.02,1883.98,141.90261,,
2026-08-14 03:06:00+00:00,1883.98,1883.99,1883.48,1883.67,857.59882,,
2026-08-14 03:07:00+00:00,1883.67,1883.98,1882.98,1882.99,148.19413,,
2026-08-14 03:08:00+00:00,1882.99,1883.37,1881.99,1882.99,4091.537765589637,,
2026-08-14 03:09:00+00:00,1882.99,1883.53,1882.99,1883.43,1192.35152,,
2026-08-14 03:10:00+00:00,1883.43,1883.47,1882.99,1882.99,58.91348,,
2026-08-14 03:11:00+00:00,1882.99,1883.02,1882.51,1882.99,31.87351,,
2026-08-14 03:12:00+00:00,1882.99,1883.53,1882.99,1883.53,557.2268,,
2026-08-14 03:13:00+00:00,1883.53,1884.84,1883.53,1884.82,1179.00492,,
2026-08-14 03:14:00+00:00,1884.82,1885.02,1884.81,1885.01,0.68409,,
2026-08-14 03:15:00+00:00,1885.01,1885.07,1884.47,1884.56,318.26888182666494,,
2026-08-14 03:16:00+00:00,1884.56,1886.53,1884.56,1886.31,27998.21701,,
2026-08-14 03:17:00+00:00,1886.31,1886.31,1885.98,1886.0,0.69009,,
2026-08-14 03:18:00+00:00,1886.0,1887.0,1886.0,1887.0,267.67568,,
2026-08-14 03:19:00+00:00,1887.0,1887.99,1886.99,1887.96,2094.06165,,
2026-08-14 03:20:00+00:00,1887.96,1888.01,1886.99,1887.6,184.71892,,
2026-08-14 03:21:00+00:00,1887.6,1887.98,1887.01,1887.53,99.02286,,
2026-08-14 03:22:00+00:00,1887.53,1888.0,1887.53,1887.99,0.39136,,
2026-08-14 03:23:00+00:00,1887.99,1888.02,1886.64,1887.67,283.25016848646754,,
2026-08-14 03:24:00+00:00,1887.67,1887.98,1887.37,1887.44,160.41202,,
2026-08-14 03:25:00+00:00,1887.44,1887.98,1887.44,1887.44,246.10672,,
2026-08-14 03:26:00+00:00,1887.44,1887.44,1886.53,1886.59,2127.5243291547727,,
2026-08-14 03:27:00+00:00,1886.59,1886.98,1886.01,1886.98,8115.51814,,
2026-08-14 03:28:00+00:00,1886.98,1887.0,1886.88,1886.98,0.9401,,
2026-08-14 03:29:00+00:00,1886.98,1887.36,1886.44,1887.36,35.70747507415852,,
2026-08-14 03:30:00+00:00,1887.36,1887.36,1885.66,1885.76,0.17345,,
2026-08-14 03:31:00+00:00,1885.76,1885.76,1885.25,1885.25,3364.96351,,
2026-08-14 03:32:00+00:00,1885.25,1885.26,1884.65,1884.84,0.90401,,
2026-08-14 03:33:00+00:00,1884.84,1884.84,1884.84,1884.84,0.0,,
2026-08-14 03:34:00+00:00,1884.84,1884.84,1884.84,1884.84,0.0,,
2026-08-14 03:35:00+00:00,1884.84,1884.84,1883.98,1884.02,3629.54495,,
2026-08-14 03:36:00+00:00,1884.02,1884.02,1884.02,1884.02,0.0,,
2026-08-14 03:37:00+00:00,1884.02,1884.02,1883.99,1884.02,0.78847,,
2026-08-14 03:38:00+00:00,1884.02,1884.04,1883.01,1883.02,2197.21993,,
2026-08-14 03:39:00+00:00,1883.02,1883.02,1882.99,1882.99,0.33077,,
2026-08-14 03:40:00+00:00,1882.99,1884.02,1882.99,1884.02,32.53854,,
2026-08-14 03:41:00+00:00,1884.02,1884.02,1882.99,1883.02,52.85265578376267,,
2026-08-14 03:42:00+00:00,1883.02,1884.02,1882.98,1884.02,771.5750919798242,,
2026-08-14 03:43:00+00:00,1884.02,1884.02,1883.98,1884.02,1.81209,,
2026-08-14 03:44:00+00:00,1884.02,1884.02,1883.98,1884.0,0.64256,,
2026-08-14 03:45:00+00:00,1884.0,1884.01,1883.98,1884.01,0.48996,,
2026-08-14 03:46:00+00:00,1884.01,1884.01,1882.98,1883.02,22.042104330194583,,
2026-08-14 03:47:00+00:00,1883.02,1883.46,1882.99,1883.02,32.72595,,
2026-08-14 03:48:00+00:00,1883.02,1883.02,1882.25,1882.25,2095.996620341072,,
2026-08-14 03:49:00+00:00,1882.25,1883.36,1882.02,1882.48,195.79848335309433,,
2026-08-14 03:50:00+00:00,1882.48,1882.98,1881.98,1882.26,220.1765284824725,,
2026-08-14 03:51:00+00:00,1882.26,1882.26,1881.99,1881.99,0.28523,,
2026-08-14 03:52:00+00:00,1881.99,1881.99,1881.99,1881.99,0.0,,
2026-08-14 03:53:00+00:00,1881.99,1882.01,1881.98,1881.98,0.51524,,
2026-08-14 03:54:00+00:00,1881.98,1882.01,1881.98,1882.0,1.16638,,
2026-08-14 03:55:00+00:00,1882.0,1882.61,1881.98,1881.98,154.54609,,
2026-08-14 03:56:00+00:00,1881.98,1882.46,1881.98,1882.33,1751.12459,,
2026-08-14 03:57:00+00:00,1882.33,1883.36,1882.02,1882.33,1214.2750950992145,,
2026-08-14 03:58:00+00:00,1882.33,1882.33,1881.96,1881.96,32.45281,,
2026-08-14 03:59:00+00:00,1881.96,1882.02,1881.96,1882.0,0.77198,,
2026-08-14 04:00:00+00:00,1882.0,1882.0,1881.23,1881.23,250.2502229907062,,
2026-08-14 04:01:00+00:00,1881.23,1881.85,1880.98,1881.85,188.6446817027461,,
2026-08-14 04:02:00+00:00,1881.85,1882.61,1881.85,1882.47,1089.3093742377,,
2026-08-14 04:03:00+00:00,1882.47,1883.63,1882.47,1883.53,446.56056,,
2026-08-14 04:04:00+00:00,1883.53,1883.93,1883.0,1883.88,112.47614,,
2026-08-14 04:05:00+00:00,1883.88,1884.02,1883.0,1884.02,67.12253,,
2026-08-14 04:06:00+00:00,1884.02,1884.02,1883.55,1883.67,375.61945,,
2026-08-14 04:07:00+00:00,1883.67,1884.02,1883.43,1884.02,165.54028,,
2026-08-14 04:08:00+00:00,1884.02,1884.02,1884.0,1884.02,0.72357,,
2026-08-14 04:09:00+00:00,1884.02,1884.02,1883.67,1883.67,105.89556,,
2026-08-14 04:10:00+00:00,1883.67,1883.98,1883.5,1883.67,1028.51521,,
2026-08-14 04:11:00+00:00,1883.67,1884.01,1883.55,1883.98,455.80236,,
2026-08-14 04:12:00+00:00,1883.98,1884.02,1883.98,1883.99,0.39223,,
2026-08-14 04:13:00+00:00,1883.99,1884.02,1883.99,1884.02,0.9501,,
2026-08-14 04:14:00+00:00,1884.02,1884.02,1883.98,1883.99,1.29058,,
2026-08-14 04:15:00+00:00,1883.99,1884.43,1883.99,1884.42,45.13071613506387,,
2026-08-14 04:16:00+00:00,1884.42,1886.96,1884.02,1886.83,15212.466498451497,,
2026-08-14 04:17:00+00:00,1886.83,1887.0,1885.64,1886.54,277.04638612210334,,
2026-08-14 04:18:00+00:00,1886.54,1886.57,1885.99,1886.0,40.19901,,
2026-08-14 04:19:00+00:00,1886.0,1886.0,1885.54,1885.54,153.62849,,
2026-08-14 04:20:00+00:00,1885.54,1885.54,1885.51,1885.51,1.29179,,
2026-08-14 04:21:00+00:00,1885.51,1886.02,1885.51,1886.02,0.39912,,
2026-08-14 04:22:00+00:00,1886.02,1886.02,1886.02,1886.02,0.0,,
2026-08-14 04:23:00+00:00,1886.02,1886.02,1884.98,1884.99,160.91253,,
2026-08-14 04:24:00+00:00,1884.99,1884.99,1884.39,1884.47,2162.63481,,
2026-08-14 04:25:00+00:00,1884.47,1884.62,1884.02,1884.61,176.02610114275808,,
2026-08-14 04:26:00+00:00,1884.61,1885.02,1884.02,1885.01,106.70862,,
2026-08-14 04:27:00+00:00,1885.01,1885.45,1884.99,1884.99,63.15618,,
2026-08-14 04:28:00+00:00,1884.99,1885.49,1884.67,1885.33,230.28127,,
2026-08-14 04:29:00+00:00,1885.33,1885.45,1885.33,1885.45,0.09881,,
2026-08-14 04:30:00+00:00,1885.45,1885.55,1885.45,1885.55,0.07148,,
2026-08-14 04:31:00+00:00,1885.55,1885.98,1885.54,1885.56,63.17225,,
2026-08-14 04:32:00+00:00,1885.56,1885.98,1884.93,1884.93,208.01376673423923,,
2026-08-14 04:33:00+00:00,1884.93,1885.98,1884.93,1885.67,101.64749,,
2026-08-14 04:34:00+00:00,1885.67,1885.98,1885.47,1885.47,206.55982,,
2026-08-14 04:35:00+00:00,1885.47,1885.47,1885.47,1885.47,0.0,,
2026-08-14 04:36:00+00:00,1885.47,1885.47,1885.47,1885.47,0.0,,
2026-08-14 04:37:00+00:00,1885.47,1885.47,1885.47,1885.47,0.0,,
2026-08-14 04:38:00+00:00,1885.47,1885.47,1885.47,1885.47,0.0,,
2026-08-14 04:39:00+00:00,1885.47,1885.47,1885.47,1885.47,0.0,,
2026-08-14 04:40:00+00:00,1885.47,1885.47,1885.47,1885.47,0.0,,
2026-08-14 04:41:00+00:00,1885.47,1885.61,1885.47,1885.61,0.07479,,
2026-08-14 04:42:00+00:00,1885.61,1885.61,1885.61,1885.61,0.0,,
2026-08-14 04:43:00+00:00,1885.61,1885.61,1885.61,1885.61,0.0,,
2026-08-14 04:44:00+00:00,1885.61,1885.61,1884.98,1885.0,0.43465,,
2026-08-14 04:45:00+00:00,1885.0,1885.13,1884.59,1884.67,480.15783,,
2026-08-14 04:46:00+00:00,1884.67,1884.99,1884.5,1884.99,123.26027,,
2026-08-14 04:47:00+00:00,1884.99,1884.99,1884.99,1884.99,0.0,,
2026-08-14 04:48:00+00:00,1884.99,1884.99,1884.98,1884.98,0.19993,,
2026-08-14 04:49:00+00:00,1884.98,1884.99,1883.76,1883.76,129.76469321174352,,
2026-08-14 04:50:00+00:00,1883.76,1885.0,1883.61,1883.96,42.85302308214841,,
2026-08-14 04:51:00+00:00,1883.96,1883.96,1883.96,1883.96,0.0,,
2026-08-14 04:52:00+00:00,1883.96,1884.0,1883.96,1884.0,2.00082,,
2026-08-14 04:53:00+00:00,1884.0,1884.02,1883.99,1884.02,1.10156,,
2026-08-14 04:54:00+00:00,1884.02,1884.02,1884.01,1884.01,0.39568,,
2026-08-14 04:55:00+00:00,1884.01,1884.01,1884.0,1884.0,0.23333,,
2026-08-14 04:56:00+00:00,1884.0,1884.0,1883.47,1883.48,626.23106,,
2026-08-14 04:57:00+00:00,1883.48,1883.98,1883.47,1883.67,153.1626,,
2026-08-14 04:58:00+00:00,1883.67,1883.98,1883.48,1883.67,407.65561,,
2026-08-14 04:59:00+00:00,1883.67,1883.99,1883.48,1883.99,251.08692,,
2026-08-14 05:00:00+00:00,1883.99,1884.02,1883.98,1884.02,0.88459,,
2026-08-14 05:01:00+00:00,1884.02,1884.72,1884.02,1884.68,34.0898,,
2026-08-14 05:02:00+00:00,1884.68,1884.98,1884.36,1884.36,130.8498,,
2026-08-14 05:03:00+00:00,1884.36,1884.36,1883.98,1883.98,1.15568,,
2026-08-14 05:04:00+00:00,1883.98,1884.02,1883.98,1884.02,1.08718,,
2026-08-14 05:05:00+00:00,1884.02,1884.02,1883.98,1883.98,1.7074,,
2026-08-14 05:06:00+00:00,1883.98,1884.03,1883.5,1884.0,2062.77437,,
2026-08-14 05:07:00+00:00,1884.0,1884.01,1882.98,1883.67,317.81889773068735,,
2026-08-14 05:08:00+00:00,1883.67,1883.98,1883.0,1883.0,135.27541,,
2026-08-14 05:09:00+00:00,1883.0,1883.02,1882.46,1882.46,1182.71943,,
2026-08-14 05:10:00+00:00,1882.46,1882.98,1881.93,1882.33,2393.93697,,
2026-08-14 05:11:00+00:00,1882.33,1883.02,1882.33,1882.52,107.52705,,
2026-08-14 05:12:00+00:00,1882.52,1883.36,1881.96,1882.33,185.07625192765815,,
2026-08-14 05:13:00+00:00,1882.33,1882.33,1881.98,1881.98,1.43827,,
2026-08-14 05:14:00+00:00,1881.98,1881.99,1881.98,1881.99,0.08262,,
2026-08-14 05:15:00+00:00,1881.99,1882.0,1880.8,1880.8,2245.2626527410353,,
2026-08-14 05:16:00+00:00,1880.8,1881.02,1880.7,1881.02,1.365692428771938,,
2026-08-14 05:17:00+00:00,1881.02,1881.99,1881.02,1881.96,88.06312477030139,,
2026-08-14 05:18:00+00:00,1881.96,1882.0,1881.96,1881.99,0.24522,,
2026-08-14 05:19:00+00:00,1881.99,1881.99,1880.96,1881.01,63.0206,,
2026-08-14 05:20:00+00:00,1881.01,1881.01,1880.88,1881.01,0.48264,,
2026-08-14 05:21:00+00:00,1881.01,1881.58,1880.98,1881.53,194.59107,,
2026-08-14 05:22:00+00:00,1881.53,1882.02,1881.34,1881.34,1129.11567,,
2026-08-14 05:23:00+00:00,1881.34,1881.44,1879.73,1880.01,7494.757349266725,,
2026-08-14 05:24:00+00:00,1880.01,1880.02,1879.64,1880.02,1.51432,,
2026-08-14 05:25:00+00:00,1880.02,1881.57,1880.02,1881.53,2487.09813,,
2026-08-14 05:26:00+00:00,1881.53,1881.53,1880.94,1881.02,0.92154,,
2026-08-14 05:27:00+00:00,1881.02,1881.54,1880.98,1881.53,138.62526,,
2026-08-14 05:28:00+00:00,1881.53,1881.83,1881.02,1881.81,72.27029,,
2026-08-14 05:29:00+00:00,1881.81,1882.02,1881.81,1882.02,0.59527,,
2026-08-14 05:30:00+00:00,1882.02,1882.35,1881.46,1882.35,0.99079,,
2026-08-14 05:31:00+00:00,1882.35,1882.35,1882.35,1882.35,0.0,,
2026-08-14 05:32:00+00:00,1882.35,1882.67,1882.29,1882.67,0.49911,,
2026-08-14 05:33:00+00:00,1882.67,1883.36,1881.46,1881.46,2321.289469542576,,
2026-08-14 05:34:00+00:00,1881.46,1881.46,1881.46,1881.46,0.10939,,
2026-08-14 05:35:00+00:00,1881.46,1881.99,1881.46,1881.46,294.02015,,
2026-08-14 05:36:00+00:00,1881.46,1881.46,1881.46,1881.46,0.0,,
2026-08-14 05:37:00+00:00,1881.46,1881.46,1881.46,1881.46,0.0,,
2026-08-14 05:38:00+00:00,1881.46,1881.46,1881.46,1881.46,0.0,,
2026-08-14 05:39:00+00:00,1881.46,1881.46,1881.46,1881.46,0.0,,
2026-08-14 05:40:00+00:00,1881.46,1882.98,1881.46,1882.68,54.96569,,
2026-08-14 05:41:00+00:00,1882.68,1882.68,1882.68,1882.68,0.0,,
2026-08-14 05:42:00+00:00,1882.68,1883.52,1882.68,1883.51,0.44724,,
2026-08-14 05:43:00+00:00,1883.51,1883.51,1883.01,1883.01,0.26246,,
2026-08-14 05:44:00+00:00,1883.01,1883.02,1882.99,1883.0,0.67695,,
2026-08-14 05:45:00+00:00,1883.0,1883.02,1882.98,1882.98,0.82913540823047,,
2026-08-14 05:46:00+00:00,1882.98,1883.02,1882.98,1883.01,0.66251,,
2026-08-14 05:47:00+00:00,1883.01,1883.33,1883.0,1883.0,32.12778,,
2026-08-14 05:48:00+00:00,1883.0,1883.33,1882.98,1883.33,31.50727,,
2026-08-14 05:49:00+00:00,1883.33,1883.43,1882.8,1883.0,2.887272866935142,,
2026-08-14 05:50:00+00:00,1883.0,1883.02,1882.98,1883.02,0.28068,,
2026-08-14 05:51:00+00:00,1883.02,1883.02,1882.98,1882.98,0.32141,,
2026-08-14 05:52:00+00:00,1882.98,1883.43,1882.98,1883.0,13.23087210696971,,
2026-08-14 05:53:00+00:00,1883.0,1883.01,1882.98,1882.98,0.39957,,
2026-08-14 05:54:00+00:00,1882.98,1883.53,1882.98,1883.53,78.8828,,
2026-08-14 05:55:00+00:00,1883.53,1883.67,1882.98,1883.67,54.43549,,
2026-08-14 05:56:00+00:00,1883.67,1884.02,1883.18,1883.18,50.82374,,
2026-08-14 05:57:00+00:00,1883.18,1883.18,1882.98,1882.98,0.32688,,
2026-08-14 05:58:00+00:00,1882.98,1883.01,1882.98,1883.01,0.6158344309679683,,
2026-08-14 05:59:00+00:00,1883.01,1883.01,1882.98,1882.98,0.42616,,
2026-08-14 06:00:00+00:00,1882.98,1882.99,1882.55,1882.55,3057.871279467304,,
2026-08-14 06:01:00+00:00,1882.55,1882.55,1881.54,1882.02,1093.36991,,
2026-08-14 06:02:00+00:00,1882.02,1882.02,1881.48,1881.48,263.51681,,
2026-08-14 06:03:00+00:00,1881.48,1881.49,1880.76,1881.01,3031.82487,,
2026-08-14 06:04:00+00:00,1881.01,1881.01,1880.97,1880.98,0.6866,,
2026-08-14 06:05:00+00:00,1880.98,1881.02,1880.98,1880.98,0.51269,,
2026-08-14 06:06:00+00:00,1880.98,1881.03,1880.98,1881.02,0.34966,,
2026-08-14 06:07:00+00:00,1881.02,1881.02,1880.99,1881.01,0.7866,,
2026-08-14 06:08:00+00:00,1881.01,1881.01,1881.01,1881.01,0.0,,
2026-08-14 06:09:00+00:00,1881.01,1881.01,1880.98,1880.98,0.07109,,
2026-08-14 06:10:00+00:00,1880.98,1881.01,1879.38,1879.48,1192.3995343016732,,
2026-08-14 06:11:00+00:00,1879.48,1880.36,1879.48,1880.02,0.29275,,
2026-08-14 06:12:00+00:00,1880.02,1880.46,1879.98,1880.02,4110.971972687186,,
2026-08-14 06:13:00+00:00,1880.02,1880.02,1879.42,1879.47,102.50776,,
2026-08-14 06:14:00+00:00,1879.47,1880.01,1879.35,1879.35,67.234,,
2026-08-14 06:15:00+00:00,1879.35,1879.98,1879.14,1879.14,340.2952993068886,,
2026-08-14 06:16:00+00:00,1879.14,1879.14,1878.47,1878.99,1078.0872724941682,,
2026-08-14 06:17:00+00:00,1878.99,1879.98,1878.29,1878.29,15378.31831,,
2026-08-14 06:18:00+00:00,1878.29,1878.49,1877.42,1878.49,2024.5982054082303,,
2026-08-14 06:19:00+00:00,1878.49,1878.84,1878.02,1878.84,166.77818,,
2026-08-14 06:20:00+00:00,1878.84,1878.98,1877.98,1877.98,29.496213595067896,,
2026-08-14 06:21:00+00:00,1877.98,1878.02,1877.72,1877.98,0.8618,,
2026-08-14 06:22:00+00:00,1877.98,1878.53,1877.94,1877.98,67.7706,,
2026-08-14 06:23:00+00:00,1877.98,1878.33,1877.98,1878.02,63.27956,,
2026-08-14 06:24:00+00:00,1878.02,1879.02,1878.02,1878.02,145.25811,,
2026-08-14 06:25:00+00:00,1878.02,1878.04,1877.98,1878.0,1.45263,,
2026-08-14 06:26:00+00:00,1878.0,1878.01,1877.39,1877.47,2103.121718990572,,
2026-08-14 06:27:00+00:00,1877.47,1877.98,1876.93,1876.98,58.65850919588682,,
2026-08-14 06:28:00+00:00,1876.98,1877.0,1876.96,1876.98,0.48053,,
2026-08-14 06:29:00+00:00,1876.98,1877.0,1876.22,1876.22,2013.0855515082449,,
2026-08-14 06:30:00+00:00,1876.22,1878.31,1876.22,1878.31,0.1817189905721419,,
2026-08-14 06:31:00+00:00,1878.31,1878.31,1878.31,1878.31,0.0,,
2026-08-14 06:32:00+00:00,1878.31,1878.31,1878.31,1878.31,0.0,,
2026-08-14 06:33:00+00:00,1878.31,1878.31,1878.31,1878.31,0.0,,
2026-08-14 06:34:00+00:00,1878.31,1878.31,1878.31,1878.31,0.0,,
2026-08-14 06:35:00+00:00,1878.31,1878.31,1877.5,1877.67,189.36323,,
2026-08-14 06:36:00+00:00,1877.67,1877.99,1876.82,1876.82,426.54827,,
2026-08-14 06:37:00+00:00,1876.82,1876.98,1875.13,1875.13,1015.0102905050124,,
2026-08-14 06:38:00+00:00,1875.13,1876.03,1875.12,1875.98,1.6504836231358797,,
2026-08-14 06:39:00+00:00,1875.98,1876.45,1875.98,1876.33,2076.08363,,
2026-08-14 06:40:00+00:00,1876.33,1877.02,1876.02,1876.99,72.29016,,
2026-08-14 06:41:00+00:00,1876.99,1877.01,1876.35,1876.47,1848.2586,,
2026-08-14 06:42:00+00:00,1876.47,1876.47,1874.64,1875.98,159.13111757318467,,
2026-08-14 06:43:00+00:00,1875.98,1876.02,1875.98,1876.02,0.36757,,
2026-08-14 06:44:00+00:00,1876.02,1876.56,1876.0,1876.53,117.71921,,
2026-08-14 06:45:00+00:00,1876.53,1876.53,1875.99,1876.53,101.50092,,
2026-08-14 06:46:00+00:00,1876.53,1877.38,1876.53,1876.98,86.02079,,
2026-08-14 06:47:00+00:00,1876.98,1877.02,1876.01,1876.02,8305.298356493231,,
2026-08-14 06:48:00+00:00,1876.02,1876.02,1874.54,1875.25,44248.19602,,
2026-08-14 06:49:00+00:00,1875.25,1875.47,1873.64,1874.81,1280.5587867295549,,
2026-08-14 06:50:00+00:00,1874.81,1876.22,1874.81,1876.22,71.79166,,
2026-08-14 06:51:00+00:00,1876.22,1876.35,1874.63,1874.63,2094.56472,,
2026-08-14 06:52:00+00:00,1874.63,1874.99,1871.64,1872.84,2664.820752429428,,
2026-08-14 06:53:00+00:00,1872.84,1873.44,1872.59,1873.44,1324.88318,,
2026-08-14 06:54:00+00:00,1873.44,1873.45,1872.98,1872.98,1091.7746633964912,,
2026-08-14 06:55:00+00:00,1872.98,1873.53,1872.51,1873.53,4230.749926603508,,
2026-08-14 06:56:00+00:00,1873.53,1873.53,1872.98,1872.98,62.1301,,
2026-08-14 06:57:00+00:00,1872.98,1873.0,1872.47,1872.67,2449.15335,,
2026-08-14 06:58:00+00:00,1872.67,1872.98,1871.93,1872.02,160.25408,,
2026-08-14 06:59:00+00:00,1872.02,1872.51,1871.98,1871.99,22.04414,,
2026-08-14 07:00:00+00:00,1871.99,1872.02,1871.47,1871.98,2171.0414182905984,,
2026-08-14 07:01:00+00:00,1871.98,1871.98,1871.02,1871.5,385.30886,,
2026-08-14 07:02:00+00:00,1871.5,1873.52,1871.02,1873.52,4745.37698,,
2026-08-14 07:03:00+00:00,1873.52,1874.39,1873.02,1874.39,2141.627178917172,,
2026-08-14 07:04:00+00:00,1874.39,1875.36,1874.02,1874.6,2164.1233981994073,,
2026-08-14 07:05:00+00:00,1874.6,1875.02,1874.6,1874.98,54.68897,,
2026-08-14 07:06:00+00:00,1874.98,1875.69,1874.98,1875.69,2189.557206376864,,
2026-08-14 07:07:00+00:00,1875.69,1875.77,1874.99,1874.99,10.10756,,
2026-08-14 07:08:00+00:00,1874.99,1874.99,1873.99,1874.59,4141.89164,,
2026-08-14 07:09:00+00:00,1874.59,1874.84,1874.01,1874.53,317.32131,,
2026-08-14 07:10:00+00:00,1874.53,1874.99,1874.15,1874.37,67.00905494007003,,
2026-08-14 07:11:00+00:00,1874.37,1874.98,1874.3,1874.67,36.30462,,
2026-08-14 07:12:00+00:00,1874.67,1874.98,1874.59,1874.96,369.30875,,
2026-08-14 07:13:00+00:00,1874.96,1874.98,1873.99,1874.33,197.64782,,
2026-08-14 07:14:00+00:00,1874.33,1874.45,1874.0,1874.33,447.25573,,
2026-08-14 07:15:00+00:00,1874.33,1874.49,1874.01,1874.43,403.59108,,
2026-08-14 07:16:00+00:00,1874.43,1875.85,1874.43,1875.84,141.2448920827891,,
2026-08-14 07:17:00+00:00,1875.84,1875.99,1875.01,1875.53,224.81978,,
2026-08-14 07:18:00+00:00,1875.53,1875.99,1875.02,1875.99,31.84338,,
2026-08-14 07:19:00+00:00,1875.99,1876.02,1875.99,1876.02,0.44183,,
2026-08-14 07:20:00+00:00,1876.02,1876.02,1875.98,1876.01,1.4814,,
2026-08-14 07:21:00+00:00,1876.01,1876.33,1875.99,1876.2,80.43383,,
2026-08-14 07:22:00+00:00,1876.2,1877.02,1876.02,1876.51,212.66761803633383,,
2026-08-14 07:23:00+00:00,1876.51,1876.7,1876.5,1876.7,0.17962,,
2026-08-14 07:24:00+00:00,1876.7,1877.02,1876.7,1876.97,0.20679,,
2026-08-14 07:25:00+00:00,1876.97,1877.02,1876.97,1877.0,0.5062,,
2026-08-14 07:26:00+00:00,1877.0,1877.01,1876.89,1877.0,1.17646,,
2026-08-14 07:27:00+00:00,1877.0,1877.02,1876.98,1877.02,1.6353751797020648,,
2026-08-14 07:28:00+00:00,1877.02,1877.02,1876.92,1876.92,1.441005489341702,,
2026-08-14 07:29:00+00:00,1876.92,1877.02,1876.92,1877.01,0.40032,,
2026-08-14 07:30:00+00:00,1877.01,1877.36,1875.64,1875.64,0.3287579990285941,,
2026-08-14 07:31:00+00:00,1875.64,1877.02,1875.64,1875.64,0.555709696981752,,
2026-08-14 07:32:00+00:00,1875.64,1876.38,1874.96,1874.96,56.64355634289755,,
2026-08-14 07:33:00+00:00,1874.96,1875.0,1874.96,1875.0,0.10874,,
2026-08-14 07:34:00+00:00,1875.0,1875.0,1873.66,1874.48,176.72183,,
2026-08-14 07:35:00+00:00,1874.48,1874.85,1873.97,1874.33,213.48555049613233,,
2026-08-14 07:36:00+00:00,1874.33,1874.99,1874.2,1874.98,14.593332504496086,,
2026-08-14 07:37:00+00:00,1874.98,1875.02,1874.96,1874.98,7.938144138976187,,
2026-08-14 07:38:00+00:00,1874.98,1875.0,1873.88,1873.99,81.59389850776445,,
2026-08-14 07:39:00+00:00,1873.99,1874.01,1873.15,1873.4,2037.4978148479956,,
2026-08-14 07:40:00+00:00,1873.4,1874.58,1873.35,1874.53,169.62051313993308,,
2026-08-14 07:41:00+00:00,1874.53,1874.64,1873.98,1873.98,274.8774611265243,,
2026-08-14 07:42:00+00:00,1873.98,1874.64,1873.98,1874.61,29.897998776690905,,
2026-08-14 07:43:00+00:00,1874.61,1874.61,1873.98,1874.53,237.23985905530824,,
2026-08-14 07:44:00+00:00,1874.53,1874.62,1873.99,1873.99,0.3696497970362035,,
2026-08-14 07:45:00+00:00,1873.99,1874.62,1873.99,1874.61,36.23072837645464,,
2026-08-14 07:46:00+00:00,1874.61,1874.62,1873.98,1874.33,157.7839575414932,,
2026-08-14 07:47:00+00:00,1874.33,1874.33,1873.15,1873.15,167.01522208419587,,
2026-08-14 07:48:00+00:00,1873.15,1874.04,1873.02,1874.04,91.33416568205352,,
2026-08-14 07:49:00+00:00,1874.04,1874.99,1873.98,1874.94,2095.632117979492,,
2026-08-14 07:50:00+00:00,1874.94,1875.0,1874.94,1874.99,1.1388117161849614,,
2026-08-14 07:51:00+00:00,1874.99,1874.99,1873.98,1874.0,280.33556933045554,,
2026-08-14 07:52:00+00:00,1874.0,1874.02,1873.94,1873.98,1.1270870029990288,,
2026-08-14 07:53:00+00:00,1873.98,1874.01,1873.96,1874.0,1.410260948201958,,
2026-08-14 07:54:00+00:00,1874.0,1874.02,1873.99,1874.02,0.77972,,
2026-08-14 07:55:00+00:00,1874.02,1874.02,1873.64,1873.98,0.338341103890853,,
2026-08-14 07:56:00+00:00,1873.98,1875.0,1873.96,1874.0,78.12080732999311,,
2026-08-14 07:57:00+00:00,1874.0,1874.02,1873.98,1873.98,0.37904,,
2026-08-14 07:58:00+00:00,1873.98,1874.02,1873.02,1873.02,148.8867,,
2026-08-14 07:59:00+00:00,1873.02,1873.02,1871.64,1872.33,2061.919701892764,,
2026-08-14 08:00:00+00:00,1872.33,1873.58,1872.02,1873.52,2151.50384,,
2026-08-14 08:01:00+00:00,1873.52,1874.02,1872.98,1873.85,263.4165063872356,,
2026-08-14 08:02:00+00:00,1873.85,1873.93,1872.96,1873.01,57.657579980231375,,
2026-08-14 08:03:00+00:00,1873.01,1873.85,1872.99,1873.8,129.7667478810783,,
2026-08-14 08:04:00+00:00,1873.8,1874.0,1872.66,1872.73,181.80215,,
2026-08-14 08:05:00+00:00,1872.73,1874.02,1872.65,1873.0,143.02525647691533,,
2026-08-14 08:06:00+00:00,1873.0,1874.01,1873.0,1873.58,627.89471,,
2026-08-14 08:07:00+00:00,1873.58,1873.99,1873.01,1873.4,286.897157438378,,
2026-08-14 08:08:00+00:00,1873.4,1874.0,1873.4,1873.98,241.31281294266748,,
2026-08-14 08:09:00+00:00,1873.98,1874.02,1873.98,1874.01,6.925830989797171,,
2026-08-14 08:10:00+00:00,1874.01,1874.49,1874.0,1874.02,2942.9229390102028,,
2026-08-14 08:11:00+00:00,1874.02,1874.51,1873.47,1873.47,120.66094366032742,,
2026-08-14 08:12:00+00:00,1873.47,1873.47,1873.01,1873.01,5.38255,,
2026-08-14 08:13:00+00:00,1873.01,1874.02,1872.99,1873.27,254.55496284248275,,
2026-08-14 08:14:00+00:00,1873.27,1873.27,1872.96,1872.98,1.142300786015412,,
2026-08-14 08:15:00+00:00,1872.98,1874.02,1872.98,1874.02,1118.0758953947873,,
2026-08-14 08:16:00+00:00,1874.02,1874.76,1874.0,1874.27,2040.894021328786,,
2026-08-14 08:17:00+00:00,1874.27,1874.27,1872.6,1872.8,14061.652782990706,,
2026-08-14 08:18:00+00:00,1872.8,1873.0,1872.18,1872.18,78.85988779271064,,
2026-08-14 08:19:00+00:00,1872.18,1872.19,1870.66,1870.66,2884.1258720668047,,
2026-08-14 08:20:00+00:00,1870.66,1871.99,1870.64,1871.2,131.2400020622002,,
2026-08-14 08:21:00+00:00,1871.2,1873.5,1870.98,1873.49,2463.192272244992,,
2026-08-14 08:22:00+00:00,1873.49,1873.49,1870.98,1870.98,4147.059757771246,,
2026-08-14 08:23:00+00:00,1870.98,1871.58,1870.15,1870.98,4168.515402082789,,
2026-08-14 08:24:00+00:00,1870.98,1871.02,1867.64,1867.64,2392.7637204338407,,
2026-08-14 08:25:00+00:00,1867.64,1870.01,1867.64,1869.01,43.3030239722172,,
2026-08-14 08:26:00+00:00,1869.01,1869.83,1868.51,1868.98,129.84681,,
2026-08-14 08:27:00+00:00,1868.98,1869.55,1868.97,1869.53,659.43397,,
2026-08-14 08:28:00+00:00,1869.53,1869.85,1869.02,1869.85,568.34805,,
2026-08-14 08:29:00+00:00,1869.85,1870.75,1869.85,1870.74,2000.15588,,
2026-08-14 08:30:00+00:00,1870.74,1871.02,1870.74,1871.02,0.38791,,
2026-08-14 08:31:00+00:00,1871.02,1871.02,1869.74,1869.75,99.05,,
2026-08-14 08:32:00+00:00,1869.75,1870.01,1869.4,1869.98,1248.9009826823817,,
2026-08-14 08:33:00+00:00,1869.98,1869.98,1869.41,1869.5,49.11849,,
2026-08-14 08:34:00+00:00,1869.5,1871.79,1869.5,1871.79,4780.99939,,
2026-08-14 08:35:00+00:00,1871.79,1873.85,1871.79,1873.83,167.00593375397847,,
2026-08-14 08:36:00+00:00,1873.83,1874.02,1873.47,1874.02,95.9550083854933,,
2026-08-14 08:37:00+00:00,1874.02,1874.81,1873.5,1874.81,5166.162333792215,,
2026-08-14 08:38:00+00:00,1874.81,1875.33,1874.47,1874.52,140.0328366701263,,
2026-08-14 08:39:00+00:00,1874.52,1875.02,1873.98,1874.02,92.43194288582568,,
2026-08-14 08:40:00+00:00,1874.02,1874.02,1873.88,1874.01,2.5402823858409875,,
2026-08-14 08:41:00+00:00,1874.01,1874.02,1872.52,1873.0,2050.2312933736835,,
2026-08-14 08:42:00+00:00,1873.0,1873.0,1871.99,1872.46,270.56501,,
2026-08-14 08:43:00+00:00,1872.46,1872.98,1872.0,1872.33,422.2269,,
2026-08-14 08:44:00+00:00,1872.33,1873.01,1872.01,1873.01,35.97743,,
2026-08-14 08:45:00+00:00,1873.01,1873.37,1872.35,1873.37,2275.8587182562037,,
2026-08-14 08:46:00+00:00,1873.37,1874.53,1873.02,1874.53,2059.02719,,
2026-08-14 08:47:00+00:00,1874.53,1874.71,1873.99,1874.02,26.97449,,
2026-08-14 08:48:00+00:00,1874.02,1874.85,1874.02,1874.47,121.34414504013654,,
2026-08-14 08:49:00+00:00,1874.47,1874.51,1873.98,1874.5,493.0931850401366,,
2026-08-14 08:50:00+00:00,1874.5,1874.69,1874.0,1874.53,14219.75854,,
2026-08-14 08:51:00+00:00,1874.53,1875.2,1874.53,1875.19,1.0458780685015585,,
2026-08-14 08:52:00+00:00,1875.19,1875.2,1874.53,1874.98,96.43285536485315,,
2026-08-14 08:53:00+00:00,1874.98,1875.02,1874.56,1874.99,68.56429330761824,,
2026-08-14 08:54:00+00:00,1874.99,1875.02,1874.88,1874.88,1.8278654894056248,,
2026-08-14 08:55:00+00:00,1874.88,1875.02,1874.88,1875.0,0.6364659244629428,,
2026-08-14 08:56:00+00:00,1875.0,1875.01,1874.98,1874.99,0.38625,,
2026-08-14 08:57:00+00:00,1874.99,1875.37,1874.99,1875.37,2032.09152,,
2026-08-14 08:58:00+00:00,1875.37,1876.36,1875.37,1876.02,463.45646144220314,,
2026-08-14 08:59:00+00:00,1876.02,1877.36,1876.02,1877.36,5153.6608552275575,,
2026-08-14 09:00:00+00:00,1877.36,1878.36,1876.93,1877.01,66.48428650205202,,
2026-08-14 09:01:00+00:00,1877.01,1877.01,1876.31,1876.33,1133.809017109235,,
2026-08-14 09:02:00+00:00,1876.33,1876.33,1875.67,1875.67,32.500103019894844,,
2026-08-14 09:03:00+00:00,1875.67,1876.02,1875.32,1876.01,97.34215103323056,,
2026-08-14 09:04:00+00:00,1876.01,1876.19,1875.99,1876.19,0.95564,,
2026-08-14 09:05:00+00:00,1876.19,1876.19,1875.55,1875.67,169.2924,,
2026-08-14 09:06:00+00:00,1875.67,1876.01,1874.88,1874.88,44.9455082709879,,
2026-08-14 09:07:00+00:00,1874.88,1875.11,1874.88,1874.98,0.8219326874360126,,
2026-08-14 09:08:00+00:00,1874.98,1875.01,1874.98,1875.01,0.55102,,
2026-08-14 09:09:00+00:00,1875.01,1875.01,1874.96,1874.96,1.75549,,
2026-08-14 09:10:00+00:00,1874.96,1875.0,1874.37,1874.38,2095.22681,,
2026-08-14 09:11:00+00:00,1874.38,1875.04,1874.38,1874.98,1.09522,,
2026-08-14 09:12:00+00:00,1874.98,1875.02,1874.58,1874.61,308.78805,,
2026-08-14 09:13:00+00:00,1874.61,1875.03,1874.61,1875.03,63.72793,,
2026-08-14 09:14:00+00:00,1875.03,1875.53,1874.98,1875.53,102.84875,,
2026-08-14 09:15:00+00:00,1875.53,1875.53,1874.99,1874.99,63.27938,,
2026-08-14 09:16:00+00:00,1874.99,1875.02,1874.99,1874.99,0.59078,,
2026-08-14 09:17:00+00:00,1874.99,1875.37,1874.97,1875.37,90.5669,,
2026-08-14 09:18:00+00:00,1875.37,1875.37,1875.0,1875.33,31.70077,,
2026-08-14 09:19:00+00:00,1875.33,1875.33,1874.96,1874.99,1.09336,,
2026-08-14 09:20:00+00:00,1874.99,1875.01,1874.22,1875.01,104.08178,,
2026-08-14 09:21:00+00:00,1875.01,1876.03,1874.98,1875.6,37.720480566373965,,
2026-08-14 09:22:00+00:00,1875.6,1876.02,1875.6,1876.01,0.3699,,
2026-08-14 09:23:00+00:00,1876.01,1876.02,1875.98,1875.98,0.80037,,
2026-08-14 09:24:00+00:00,1875.98,1876.14,1875.98,1876.14,1.9366962700696029,,
2026-08-14 09:25:00+00:00,1876.14,1876.14,1875.52,1875.52,80.3184,,
2026-08-14 09:26:00+00:00,1875.52,1876.67,1875.48,1876.65,2247.95151,,
2026-08-14 09:27:00+00:00,1876.65,1876.66,1875.98,1876.01,162.77490231184365,,
2026-08-14 09:28:00+00:00,1876.01,1876.01,1874.18,1874.19,2101.90472,,
2026-08-14 09:29:00+00:00,1874.19,1874.19,1874.18,1874.18,0.09058,,
2026-08-14 09:30:00+00:00,1874.18,1874.18,1873.02,1873.33,83.10479,,
2026-08-14 09:31:00+00:00,1873.33,1873.6,1872.65,1873.02,265.69916,,
2026-08-14 09:32:00+00:00,1873.02,1873.02,1872.02,1873.0,89.98371,,
2026-08-14 09:33:00+00:00,1873.0,1873.01,1872.96,1873.0,0.91639104917896,,
2026-08-14 09:34:00+00:00,1873.0,1873.61,1872.99,1873.61,2118.94829,,
2026-08-14 09:35:00+00:00,1873.61,1873.61,1873.0,1873.01,312.39574,,
2026-08-14 09:36:00+00:00,1873.01,1873.02,1872.99,1873.01,0.54153,,
2026-08-14 09:37:00+00:00,1873.01,1873.01,1872.02,1872.88,3616.58737,,
2026-08-14 09:38:00+00:00,1872.88,1873.01,1872.3,1872.33,41.49026,,
2026-08-14 09:39:00+00:00,1872.33,1872.33,1871.26,1871.39,108.26784,,
2026-08-14 09:40:00+00:00,1871.39,1871.53,1870.91,1871.53,2668.30255,,
2026-08-14 09:41:00+00:00,1871.53,1871.98,1870.41,1870.41,2192.54002,,
2026-08-14 09:42:00+00:00,1870.41,1871.07,1870.41,1870.99,18.32093,,
2026-08-14 09:43:00+00:00,1870.99,1871.4,1870.99,1871.39,31.72792,,
2026-08-14 09:44:00+00:00,1871.39,1871.99,1870.64,1871.99,3089.86996009674,,
2026-08-14 09:45:00+00:00,1871.99,1872.74,1871.98,1872.7,2137.7814273984363,,
2026-08-14 09:46:00+00:00,1872.7,1873.36,1872.47,1872.52,31.857034406635567,,
2026-08-14 09:47:00+00:00,1872.52,1873.02,1872.02,1873.02,72.04037085307905,,
2026-08-14 09:48:00+00:00,1873.02,1873.02,1872.98,1872.99,0.76019,,
2026-08-14 09:49:00+00:00,1872.99,1873.74,1872.99,1873.72,113.98074,,
2026-08-14 09:50:00+00:00,1873.72,1874.54,1873.72,1873.99,2037.82076,,
2026-08-14 09:51:00+00:00,1873.99,1873.99,1872.8,1873.01,2603.38232,,
2026-08-14 09:52:00+00:00,1873.01,1874.02,1873.01,1873.93,134.44365739843647,,
2026-08-14 09:53:00+00:00,1873.93,1873.99,1873.4,1873.41,271.77103,,
2026-08-14 09:54:00+00:00,1873.41,1874.0,1872.99,1873.98,99.91739,,
2026-08-14 09:55:00+00:00,1873.98,1873.98,1872.81,1872.98,27.748894144040985,,
2026-08-14 09:56:00+00:00,1872.98,1873.02,1872.98,1873.02,0.94571,,
2026-08-14 09:57:00+00:00,1873.02,1873.02,1872.98,1873.02,1.16693,,
2026-08-14 09:58:00+00:00,1873.02,1873.02,1872.53,1872.98,3690.19484,,
2026-08-14 09:59:00+00:00,1872.98,1873.02,1871.98,1872.02,103.08433141104663,,
2026-08-14 10:00:00+00:00,1872.02,1872.02,1871.56,1871.57,2064.18392,,
2026-08-14 10:01:00+00:00,1871.57,1873.01,1871.57,1872.99,60.59506,,
2026-08-14 10:02:00+00:00,1872.99,1873.37,1872.99,1873.33,2051.366021769605,,
2026-08-14 10:03:00+00:00,1873.33,1874.56,1873.02,1874.51,3137.2799655006743,,
2026-08-14 10:04:00+00:00,1874.51,1874.85,1874.51,1874.84,1.16796,,
2026-08-14 10:05:00+00:00,1874.84,1875.2,1874.36,1874.47,96.91163542653952,,
2026-08-14 10:06:00+00:00,1874.47,1874.98,1873.94,1874.0,117.28043,,
2026-08-14 10:07:00+00:00,1874.0,1874.02,1873.98,1873.98,0.56102,,
2026-08-14 10:08:00+00:00,1873.98,1874.52,1873.98,1874.02,52.55442,,
2026-08-14 10:09:00+00:00,1874.02,1874.02,1873.27,1873.98,4039.59364,,
2026-08-14 10:10:00+00:00,1873.98,1874.39,1873.98,1874.38,32.35202,,
2026-08-14 10:11:00+00:00,1874.38,1874.38,1873.99,1873.99,0.75631,,
2026-08-14 10:12:00+00:00,1873.99,1874.53,1873.99,1874.45,78.49318,,
2026-08-14 10:13:00+00:00,1874.45,1874.45,1873.98,1874.01,0.78253,,
2026-08-14 10:14:00+00:00,1874.01,1874.01,1873.99,1873.99,0.28078,,
2026-08-14 10:15:00+00:00,1873.99,1874.65,1873.99,1874.62,0.36764,,
2026-08-14 10:16:00+00:00,1874.62,1876.63,1874.62,1876.62,8882.80266,,
2026-08-14 10:17:00+00:00,1876.62,1877.03,1876.36,1876.96,36.73818,,
2026-08-14 10:18:00+00:00,1876.96,1877.01,1876.51,1876.51,271.63299,,
2026-08-14 10:19:00+00:00,1876.51,1876.98,1875.96,1875.96,73.09312,,
2026-08-14 10:20:00+00:00,1875.96,1876.02,1875.96,1876.02,0.35137,,
2026-08-14 10:21:00+00:00,1876.02,1876.02,1875.98,1876.02,0.57559,,
2026-08-14 10:22:00+00:00,1876.02,1876.02,1875.88,1875.98,0.16592,,
2026-08-14 10:23:00+00:00,1875.98,1876.03,1875.63,1875.63,2012.14977,,
2026-08-14 10:24:00+00:00,1875.63,1875.99,1875.48,1875.67,369.26,,
2026-08-14 10:25:00+00:00,1875.67,1875.67,1875.02,1875.02,0.17421,,
2026-08-14 10:26:00+00:00,1875.02,1875.43,1874.99,1875.33,221.5361,,
2026-08-14 10:27:00+00:00,1875.33,1875.84,1874.99,1875.01,241.49515,,
2026-08-14 10:28:00+00:00,1875.01,1875.33,1874.98,1875.02,189.92563,,
2026-08-14 10:29:00+00:00,1875.02,1876.36,1874.64,1876.36,131.33731659017735,,
2026-08-14 10:30:00+00:00,1876.36,1877.36,1876.27,1877.31,11.409866990395914,,
2026-08-14 10:31:00+00:00,1877.31,1877.31,1876.98,1877.02,0.2892815717920087,,
2026-08-14 10:32:00+00:00,1877.02,1877.02,1877.0,1877.0,0.54398,,
2026-08-14 10:33:00+00:00,1877.0,1877.0,1876.99,1876.99,0.42523,,
2026-08-14 10:34:00+00:00,1876.99,1876.99,1875.64,1875.64,0.0772763982766802,,
2026-08-14 10:35:00+00:00,1875.64,1875.64,1875.64,1875.64,0.0,,
2026-08-14 10:36:00+00:00,1875.64,1875.64,1875.64,1875.64,0.0,,
2026-08-14 10:37:00+00:00,1875.64,1875.99,1875.64,1875.99,0.1246465718129691,,
2026-08-14 10:38:00+00:00,1875.99,1876.33,1875.71,1876.33,63.23931,,
2026-08-14 10:39:00+00:00,1876.33,1876.47,1875.64,1876.45,239.90637,,
2026-08-14 10:40:00+00:00,1876.45,1876.47,1875.85,1875.85,32.00582,,
2026-08-14 10:41:00+00:00,1875.85,1876.0,1875.46,1875.46,40.717789582247306,,
2026-08-14 10:42:00+00:00,1875.46,1875.46,1874.96,1874.98,1.9116336480899585,,
2026-08-14 10:43:00+00:00,1874.98,1875.49,1874.98,1875.44,442.48051,,
2026-08-14 10:44:00+00:00,1875.44,1875.45,1875.02,1875.41,515.58292,,
2026-08-14 10:45:00+00:00,1875.41,1875.98,1874.72,1875.96,321.43762499530834,,
2026-08-14 10:46:00+00:00,1875.96,1875.99,1875.0,1875.02,23.489725984621955,,
2026-08-14 10:47:00+00:00,1875.02,1875.02,1874.16,1874.16,1593.63518128454,,
2026-08-14 10:48:00+00:00,1874.16,1875.01,1874.01,1874.47,122.73778,,
2026-08-14 10:49:00+00:00,1874.47,1875.02,1874.38,1875.0,226.16897,,
2026-08-14 10:50:00+00:00,1875.0,1875.45,1874.98,1875.45,2032.397518146356,,
2026-08-14 10:51:00+00:00,1875.45,1875.65,1874.98,1875.64,134.42223659744425,,
2026-08-14 10:52:00+00:00,1875.64,1876.56,1875.64,1876.02,13.86479402657632,,
2026-08-14 10:53:00+00:00,1876.02,1876.02,1874.64,1875.49,158.85498311684407,,
2026-08-14 10:54:00+00:00,1875.49,1876.01,1875.3,1876.01,181.87556,,
2026-08-14 10:55:00+00:00,1876.01,1876.01,1875.24,1875.24,55.35614,,
2026-08-14 10:56:00+00:00,1875.24,1875.24,1874.67,1875.0,35.967570190268454,,
2026-08-14 10:57:00+00:00,1875.0,1875.53,1875.0,1875.52,186.0446294341405,,
2026-08-14 10:58:00+00:00,1875.52,1876.01,1874.99,1875.01,53.45725,,
2026-08-14 10:59:00+00:00,1875.01,1875.02,1874.96,1875.02,0.9630270734243916,,
2026-08-14 11:00:00+00:00,1875.02,1875.02,1874.98,1874.99,0.8076485466086653,,
2026-08-14 11:01:00+00:00,1874.99,1875.81,1874.99,1875.81,61.42817,,
2026-08-14 11:02:00+00:00,1875.81,1876.53,1875.54,1876.0,2141.572115339684,,
2026-08-14 11:03:00+00:00,1876.0,1876.82,1875.98,1876.82,68.60024,,
2026-08-14 11:04:00+00:00,1876.82,1877.51,1876.8,1877.01,2674.79641,,
2026-08-14 11:05:00+00:00,1877.01,1877.01,1875.88,1875.98,56.569935303873336,,
2026-08-14 11:06:00+00:00,1875.98,1876.0,1875.46,1875.47,482.31716,,
2026-08-14 11:07:00+00:00,1875.47,1875.47,1875.29,1875.31,270.55614,,
2026-08-14 11:08:00+00:00,1875.31,1876.01,1875.31,1876.01,2856.46327,,
2026-08-14 11:09:00+00:00,1876.01,1876.02,1875.99,1875.99,0.43777,,
2026-08-14 11:10:00+00:00,1875.99,1876.35,1875.49,1875.61,72.99839956809257,,
2026-08-14 11:11:00+00:00,1875.61,1875.61,1874.37,1874.37,150.4632411748197,,
2026-08-14 11:12:00+00:00,1874.37,1875.49,1873.95,1875.49,2027.47606,,
2026-08-14 11:13:00+00:00,1875.49,1876.02,1875.02,1876.02,1026.774489421107,,
2026-08-14 11:14:00+00:00,1876.02,1876.02,1874.64,1874.68,68.76113208019147,,
2026-08-14 11:15:00+00:00,1874.68,1875.47,1874.68,1875.41,259.44806,,
2026-08-14 11:16:00+00:00,1875.41,1877.33,1875.02,1877.33,2130.925065603455,,
2026-08-14 11:17:00+00:00,1877.33,1877.33,1876.36,1876.48,3042.9878063074607,,
2026-08-14 11:18:00+00:00,1876.48,1877.37,1876.47,1877.37,2167.27914,,
2026-08-14 11:19:00+00:00,1877.37,1877.71,1876.98,1877.71,484.3488773288859,,
2026-08-14 11:20:00+00:00,1877.71,1877.85,1877.02,1877.48,71.51991,,
2026-08-14 11:21:00+00:00,1877.48,1877.85,1877.0,1877.85,44.99154944983404,,
2026-08-14 11:22:00+00:00,1877.85,1877.85,1876.49,1876.67,254.94763178966025,,
2026-08-14 11:23:00+00:00,1876.67,1876.99,1876.38,1876.52,467.57876868592933,,
2026-08-14 11:24:00+00:00,1876.52,1876.98,1876.18,1876.19,36.43286,,
2026-08-14 11:25:00+00:00,1876.19,1876.53,1875.98,1876.53,152.06976,,
2026-08-14 11:26:00+00:00,1876.53,1877.52,1876.53,1877.5,26989.716216138804,,
2026-08-14 11:27:00+00:00,1877.5,1877.5,1876.59,1876.59,75.37470834222246,,
2026-08-14 11:28:00+00:00,1876.59,1877.01,1876.47,1876.67,499.9527897187145,,
2026-08-14 11:29:00+00:00,1876.67,1876.98,1876.4,1876.41,228.07021028128548,,
2026-08-14 11:30:00+00:00,1876.41,1876.41,1876.41,1876.41,0.0,,
2026-08-14 11:31:00+00:00,1876.41,1876.42,1875.74,1875.74,0.1085005481309179,,
2026-08-14 11:32:00+00:00,1875.74,1877.36,1875.74,1877.36,0.1755605481309179,,
2026-08-14 11:33:00+00:00,1877.36,1877.36,1875.67,1875.67,1.7948139009055613,,
2026-08-14 11:34:00+00:00,1875.67,1875.67,1875.67,1875.67,0.0,,
2026-08-14 11:35:00+00:00,1875.67,1875.67,1875.67,1875.67,0.0,,
2026-08-14 11:36:00+00:00,1875.67,1877.3,1875.67,1875.74,0.19322,,
2026-08-14 11:37:00+00:00,1875.74,1878.35,1875.74,1878.35,0.925090548130918,,
2026-08-14 11:38:00+00:00,1878.35,1880.36,1878.02,1880.02,2091.8995508372936,,
2026-08-14 11:39:00+00:00,1880.02,1880.02,1877.67,1877.67,39.38988,,
2026-08-14 11:40:00+00:00,1877.67,1878.0,1877.02,1877.02,2005.8266787390248,,
2026-08-14 11:41:00+00:00,1877.02,1877.53,1877.02,1877.04,161.92454426291113,,
2026-08-14 11:42:00+00:00,1877.04,1877.85,1876.96,1877.85,314.8766654799284,,
2026-08-14 11:43:00+00:00,1877.85,1878.0,1877.85,1877.99,0.20832,,
2026-08-14 11:44:00+00:00,1877.99,1878.53,1877.93,1878.53,7661.19282,,
2026-08-14 11:45:00+00:00,1878.53,1878.88,1878.02,1878.88,37.08475,,
2026-08-14 11:46:00+00:00,1878.88,1878.99,1877.88,1877.88,103.11249120593988,,
2026-08-14 11:47:00+00:00,1877.88,1878.01,1877.88,1877.99,1.21081,,
2026-08-14 11:48:00+00:00,1877.99,1877.99,1877.62,1877.96,0.5151255092824352,,
2026-08-14 11:49:00+00:00,1877.96,1878.55,1877.96,1878.53,396.89828,,
2026-08-14 11:50:00+00:00,1878.53,1879.5,1878.02,1879.49,2666.2083692472797,,
2026-08-14 11:51:00+00:00,1879.49,1879.5,1879.02,1879.5,347.02359,,
2026-08-14 11:52:00+00:00,1879.5,1879.75,1879.02,1879.75,100.01344261499844,,
2026-08-14 11:53:00+00:00,1879.75,1879.75,1879.01,1879.02,5.146029449834043,,
2026-08-14 11:54:00+00:00,1879.02,1879.56,1878.99,1879.33,179.7133,,
2026-08-14 11:55:00+00:00,1879.33,1879.99,1879.02,1879.58,250.60449,,
2026-08-14 11:56:00+00:00,1879.58,1880.01,1879.12,1879.12,79.1981207799872,,
2026-08-14 11:57:00+00:00,1879.12,1879.12,1877.65,1878.01,2145.953831264571,,
2026-08-14 11:58:00+00:00,1878.01,1878.02,1877.37,1877.39,2114.48687,,
2026-08-14 11:59:00+00:00,1877.39,1877.48,1876.98,1876.99,2223.68947,,
2026-08-14 12:00:00+00:00,1876.99,1878.02,1876.99,1877.53,209.09395,,
2026-08-14 12:01:00+00:00,1877.53,1877.56,1875.76,1875.76,2130.66358,,
2026-08-14 12:02:00+00:00,1875.76,1876.02,1875.76,1875.93,0.6225066550740767,,
2026-08-14 12:03:00+00:00,1875.93,1876.52,1875.74,1876.33,149.85129535038635,,
2026-08-14 12:04:00+00:00,1876.33,1876.33,1875.75,1875.98,8.979287578335304,,
2026-08-14 12:05:00+00:00,1875.98,1876.99,1875.69,1876.51,9823.744592393354,,
2026-08-14 12:06:00+00:00,1876.51,1876.98,1875.98,1876.02,4669.546322976814,,
2026-08-14 12:07:00+00:00,1876.02,1877.54,1876.02,1877.36,1176.935071247611,,
2026-08-14 12:08:00+00:00,1877.36,1877.36,1875.67,1876.93,1.12058,,
2026-08-14 12:09:00+00:00,1876.93,1877.02,1875.44,1875.53,224.3412,,
2026-08-14 12:10:00+00:00,1875.53,1875.98,1874.7,1875.08,324.46180964621067,,
2026-08-14 12:11:00+00:00,1875.08,1875.08,1874.58,1874.99,2015.9375183540997,,
2026-08-14 12:12:00+00:00,1874.99,1875.0,1873.35,1873.35,2343.227266119174,,
2026-08-14 12:13:00+00:00,1873.35,1874.36,1872.55,1873.71,955.9067048397784,,
2026-08-14 12:14:00+00:00,1873.71,1874.56,1873.71,1874.56,145.56224012360622,,
2026-08-14 12:15:00+00:00,1874.56,1876.47,1874.56,1876.47,3180.299469775694,,
2026-08-14 12:16:00+00:00,1876.47,1876.74,1875.56,1876.02,479.32393990526657,,
2026-08-14 12:17:00+00:00,1876.02,1876.02,1875.56,1875.67,64.510585952465,,
2026-08-14 12:18:00+00:00,1875.67,1875.99,1874.64,1874.93,109.83148654387448,,
2026-08-14 12:19:00+00:00,1874.93,1874.99,1874.15,1874.23,1391.0045245180777,,
2026-08-14 12:20:00+00:00,1874.23,1875.35,1873.64,1875.33,189.75286870185485,,
2026-08-14 12:21:00+00:00,1875.33,1875.54,1874.17,1874.29,119.70787974159214,,
2026-08-14 12:22:00+00:00,1874.29,1875.02,1874.02,1874.98,158.386590120839,,
2026-08-14 12:23:00+00:00,1874.98,1875.82,1874.67,1875.8,2111.0267308247585,,
2026-08-14 12:24:00+00:00,1875.8,1876.98,1875.8,1876.98,7343.755216745319,,
2026-08-14 12:25:00+00:00,1876.98,1877.36,1876.32,1876.98,41.1022788012573,,
2026-08-14 12:26:00+00:00,1876.98,1877.0,1875.65,1876.99,184.13239589967537,,
2026-08-14 12:27:00+00:00,1876.99,1876.99,1875.93,1876.0,98.9344192261596,,
2026-08-14 12:28:00+00:00,1876.0,1876.59,1876.0,1876.58,108.37062,,
2026-08-14 12:29:00+00:00,1876.58,1878.0,1875.64,1878.0,1.0580377194451636,,
2026-08-14 12:30:00+00:00,1878.0,1878.36,1876.61,1878.36,1094.321245319412,,
2026-08-14 12:31:00+00:00,1878.36,1878.53,1876.98,1878.52,81.12637741950202,,
2026-08-14 12:32:00+00:00,1878.52,1878.75,1877.15,1877.99,4134.8770498180775,,
2026-08-14 12:33:00+00:00,1877.99,1877.99,1876.67,1876.99,77.68334323577858,,
2026-08-14 12:34:00+00:00,1876.99,1877.02,1876.97,1876.98,4.13546794365092,,
2026-08-14 12:35:00+00:00,1876.98,1876.98,1876.38,1876.39,138.38659756728637,,
2026-08-14 12:36:00+00:00,1876.39,1876.84,1875.98,1876.33,39.26443859769102,,
2026-08-14 12:37:00+00:00,1876.33,1876.45,1875.8,1875.96,39.28258559641499,,
2026-08-14 12:38:00+00:00,1875.96,1876.02,1874.64,1874.68,2085.824427457828,,
2026-08-14 12:39:00+00:00,1874.68,1876.0,1874.67,1876.0,107.98283567604663,,
2026-08-14 12:40:00+00:00,1876.0,1876.0,1874.8,1874.99,17.103836452881357,,
2026-08-14 12:41:00+00:00,1874.99,1875.02,1874.25,1875.01,2132.055181925618,,
2026-08-14 12:42:00+00:00,1875.01,1875.02,1874.25,1874.67,132.32780432219727,,
2026-08-14 12:43:00+00:00,1874.67,1875.02,1874.47,1874.88,267.9669229959427,,
2026-08-14 12:44:00+00:00,1874.88,1874.98,1874.15,1874.15,1981.125464715506,,
2026-08-14 12:45:00+00:00,1874.15,1874.98,1873.81,1874.34,169.60396,,
2026-08-14 12:46:00+00:00,1874.34,1874.34,1873.59,1873.59,2034.8504766810788,,
2026-08-14 12:47:00+00:00,1873.59,1874.02,1873.07,1873.67,3034.520368295018,,
2026-08-14 12:48:00+00:00,1873.67,1874.75,1873.67,1874.72,4169.167318688144,,
2026-08-14 12:49:00+00:00,1874.72,1875.37,1874.72,1875.37,2170.3843054723397,,
2026-08-14 12:50:00+00:00,1875.37,1876.0,1875.02,1876.0,190.88982294372337,,
2026-08-14 12:51:00+00:00,1876.0,1876.0,1874.63,1874.63,2152.69058,,
2026-08-14 12:52:00+00:00,1874.63,1874.63,1873.48,1873.53,2182.8833056815006,,
2026-08-14 12:53:00+00:00,1873.53,1874.02,1872.81,1873.96,131.86623447150745,,
2026-08-14 12:54:00+00:00,1873.96,1875.01,1873.96,1875.0,68.29174921129548,,
2026-08-14 12:55:00+00:00,1875.0,1875.0,1874.67,1874.99,54.40103,,
2026-08-14 12:56:00+00:00,1874.99,1875.01,1874.15,1874.15,40.36529,,
2026-08-14 12:57:00+00:00,1874.15,1874.15,1873.19,1873.2,2064.2869,,
2026-08-14 12:58:00+00:00,1873.2,1873.2,1872.06,1872.38,618.3036261663584,,
2026-08-14 12:59:00+00:00,1872.38,1873.0,1872.33,1872.8,20.82126,,
2026-08-14 13:00:00+00:00,1872.8,1873.01,1872.24,1872.24,71.9959756505559,,
2026-08-14 13:01:00+00:00,1872.24,1873.02,1871.63,1872.98,2111.3099051014456,,
2026-08-14 13:02:00+00:00,1872.98,1872.98,1871.58,1871.58,2097.5275166666665,,
2026-08-14 13:03:00+00:00,1871.58,1872.42,1871.58,1871.98,96.19354981692966,,
2026-08-14 13:04:00+00:00,1871.98,1872.82,1871.19,1871.99,1097.4582685003063,,
2026-08-14 13:05:00+00:00,1871.99,1873.0,1871.99,1872.47,1937.3625784767823,,
2026-08-14 13:06:00+00:00,1872.47,1872.47,1870.98,1870.98,70.51570662827693,,
2026-08-14 13:07:00+00:00,1870.98,1871.02,1870.16,1870.98,2204.8379538229756,,
2026-08-14 13:08:00+00:00,1870.98,1871.02,1869.81,1870.67,132.8609031379196,,
2026-08-14 13:09:00+00:00,1870.67,1870.98,1869.58,1870.33,10492.165225341272,,
2026-08-14 13:10:00+00:00,1870.33,1870.49,1869.0,1869.01,44.24252284294633,,
2026-08-14 13:11:00+00:00,1869.01,1869.01,1866.64,1868.53,5132.391759019785,,
2026-08-14 13:12:00+00:00,1868.53,1870.36,1868.51,1869.45,827.9107695694433,,
2026-08-14 13:13:00+00:00,1869.45,1870.37,1869.43,1870.37,2102.1041770556976,,
2026-08-14 13:14:00+00:00,1870.37,1871.36,1869.48,1869.48,474.61603674116066,,
2026-08-14 13:15:00+00:00,1869.48,1870.02,1869.01,1869.02,251.91417169009796,,
2026-08-14 13:16:00+00:00,1869.02,1869.43,1867.04,1867.04,6293.7501318236045,,
2026-08-14 13:17:00+00:00,1867.04,1868.02,1865.64,1868.0,5967.473158320555,,
2026-08-14 13:18:00+00:00,1868.0,1868.45,1867.53,1868.29,2219.295701480916,,
2026-08-14 13:19:00+00:00,1868.29,1868.33,1866.66,1866.66,92.21944516246452,,
2026-08-14 13:20:00+00:00,1866.66,1867.98,1866.64,1867.19,274.60552772942515,,
2026-08-14 13:21:00+00:00,1867.19,1867.63,1866.64,1866.64,247.8220976728408,,
2026-08-14 13:22:00+00:00,1866.64,1868.02,1866.64,1867.88,66.28416903740852,,
2026-08-14 13:23:00+00:00,1867.88,1868.53,1867.6,1868.53,7891.23185845584,,
2026-08-14 13:24:00+00:00,1868.53,1869.33,1868.53,1869.03,10.0202150354959,,
2026-08-14 13:25:00+00:00,1869.03,1869.03,1867.48,1868.85,196.74032293787727,,
2026-08-14 13:26:00+00:00,1868.85,1870.85,1868.85,1870.85,6449.704696741096,,
2026-08-14 13:27:00+00:00,1870.85,1871.58,1870.85,1871.02,2.026693785138346,,
2026-08-14 13:28:00+00:00,1871.02,1871.81,1871.0,1871.73,74.5547,,
2026-08-14 13:29:00+00:00,1871.73,1871.73,1870.63,1870.63,2005.5207,,
2026-08-14 13:30:00+00:00,1870.63,1872.31,1869.63,1869.72,4025.6873389991447,,
2026-08-14 13:31:00+00:00,1869.72,1869.72,1867.57,1867.57,4205.366,,
2026-08-14 13:32:00+00:00,1867.57,1869.36,1867.38,1868.38,10155.866613232804,,
2026-08-14 13:33:00+00:00,1868.38,1869.54,1867.63,1867.96,10825.17238661844,,
2026-08-14 13:34:00+00:00,1867.96,1868.8,1867.96,1868.53,104.73243,,
2026-08-14 13:35:00+00:00,1868.53,1869.97,1867.16,1867.27,12326.95159343178,,
2026-08-14 13:36:00+00:00,1867.27,1868.92,1867.15,1867.15,5322.26593016784,,
2026-08-14 13:37:00+00:00,1867.15,1868.45,1866.81,1868.01,21934.28841124689,,
2026-08-14 13:38:00+00:00,1868.01,1870.36,1868.01,1869.32,4601.007154298798,,
2026-08-14 13:39:00+00:00,1869.32,1869.36,1864.64,1867.36,12954.20918856454,,
2026-08-14 13:40:00+00:00,1867.36,1868.55,1866.98,1868.07,2155.1068808394366,,
2026-08-14 13:41:00+00:00,1868.07,1869.53,1868.02,1868.47,2198.722373788979,,
2026-08-14 13:42:00+00:00,1868.47,1869.59,1868.01,1868.86,249.8766922737824,,
2026-08-14 13:43:00+00:00,1868.86,1869.31,1868.3,1868.32,178.80289,,
2026-08-14 13:44:00+00:00,1868.32,1869.98,1868.32,1868.98,152.78122,,
2026-08-14 13:45:00+00:00,1868.98,1870.02,1868.98,1869.02,240.78891796988628,,
2026-08-14 13:46:00+00:00,1869.02,1869.44,1868.02,1868.02,2102.293087616403,,
2026-08-14 13:47:00+00:00,1868.02,1868.43,1867.07,1867.8,108.08985311039878,,
2026-08-14 13:48:00+00:00,1867.8,1869.85,1867.8,1869.02,26229.979983807487,,
2026-08-14 13:49:00+00:00,1869.02,1869.02,1867.5,1867.59,6324.267398864778,,
2026-08-14 13:50:00+00:00,1867.59,1867.59,1866.47,1866.47,158.72205840175053,,
2026-08-14 13:51:00+00:00,1866.47,1867.53,1865.64,1866.64,177.88810752152983,,
2026-08-14 13:52:00+00:00,1866.64,1867.37,1865.88,1867.02,1157.4051694327,,
2026-08-14 13:53:00+00:00,1867.02,1867.98,1866.72,1866.99,58281.7508105673,,
2026-08-14 13:54:00+00:00,1866.99,1867.06,1866.01,1867.06,316.76723,,
2026-08-14 13:55:00+00:00,1867.06,1867.53,1866.15,1867.53,2113.0723704930106,,
2026-08-14 13:56:00+00:00,1867.53,1868.04,1866.98,1867.02,76.82679752342705,,
2026-08-14 13:57:00+00:00,1867.02,1867.42,1866.99,1867.02,58.43552049301035,,
2026-08-14 13:58:00+00:00,1867.02,1867.02,1866.63,1867.02,4145.47445,,
2026-08-14 13:59:00+00:00,1867.02,1868.6,1867.02,1868.6,2418.9077707376073,,
2026-08-14 14:00:00+00:00,1868.6,1871.02,1867.64,1869.33,7358.045096306274,,
2026-08-14 14:01:00+00:00,1869.33,1869.99,1867.64,1867.98,104.54635688832816,,
2026-08-14 14:02:00+00:00,1867.98,1867.98,1867.06,1867.33,2055.58627,,
2026-08-14 14:03:00+00:00,1867.33,1868.5,1866.64,1868.5,2064.966659929318,,
2026-08-14 14:04:00+00:00,1868.5,1870.36,1868.45,1868.97,1460.6502506320028,,
2026-08-14 14:05:00+00:00,1868.97,1868.99,1867.88,1867.88,13.037965992584176,,
2026-08-14 14:06:00+00:00,1867.88,1870.0,1867.88,1868.98,70876.8382507425,,
2026-08-14 14:07:00+00:00,1868.98,1868.98,1867.63,1867.63,51167.84299,,
2026-08-14 14:08:00+00:00,1867.63,1867.63,1866.16,1866.16,2246.9902,,
2026-08-14 14:09:00+00:00,1866.16,1867.72,1865.8,1866.17,4194.78294,,
2026-08-14 14:10:00+00:00,1866.17,1867.52,1865.66,1867.31,2573.4848288654,,
2026-08-14 14:11:00+00:00,1867.31,1869.81,1866.98,1868.88,694.8398631004687,,
2026-08-14 14:12:00+00:00,1868.88,1869.81,1867.51,1867.51,6071.609011079044,,
2026-08-14 14:13:00+00:00,1867.51,1867.51,1866.8,1867.0,5.49905,,
2026-08-14 14:14:00+00:00,1867.0,1867.02,1865.67,1866.22,27.97317074250036,,
2026-08-14 14:15:00+00:00,1866.22,1867.37,1866.02,1867.37,2136.18370733119,,
2026-08-14 14:16:00+00:00,1867.37,1867.51,1865.98,1866.01,2032.98423,,
2026-08-14 14:17:00+00:00,1866.01,1867.84,1865.99,1866.98,2113.17492,,
2026-08-14 14:18:00+00:00,1866.98,1867.12,1865.42,1865.42,2148.47633,,
2026-08-14 14:19:00+00:00,1865.42,1865.42,1863.66,1863.98,139.515016607096,,
2026-08-14 14:20:00+00:00,1863.98,1865.43,1863.36,1863.98,6276.655162744034,,
2026-08-14 14:21:00+00:00,1863.98,1865.2,1862.98,1865.2,5364.009221577493,,
2026-08-14 14:22:00+00:00,1865.2,1866.22,1865.0,1865.99,72.12942,,
2026-08-14 14:23:00+00:00,1865.99,1866.53,1865.55,1865.55,2094.460125752842,,
2026-08-14 14:24:00+00:00,1865.55,1865.96,1863.88,1864.51,2109.96525,,
2026-08-14 14:25:00+00:00,1864.51,1865.84,1864.51,1865.84,2058.61613,,
2026-08-14 14:26:00+00:00,1865.84,1866.99,1865.84,1866.67,2315.34738,,
2026-08-14 14:27:00+00:00,1866.67,1868.6,1866.67,1868.6,3857.0418512053793,,
2026-08-14 14:28:00+00:00,1868.6,1868.75,1867.16,1867.56,5574.955082617424,,
2026-08-14 14:29:00+00:00,1867.56,1868.36,1867.16,1868.36,53.906026844919786,,
2026-08-14 14:30:00+00:00,1868.36,1868.36,1866.64,1867.43,195.65035316862924,,
2026-08-14 14:31:00+00:00,1867.43,1868.53,1866.64,1868.53,282.4851838503369,,
2026-08-14 14:32:00+00:00,1868.53,1869.36,1867.65,1869.36,64.0770719526208,,
2026-08-14 14:33:00+00:00,1869.36,1869.62,1867.53,1868.81,161.70553183481672,,
2026-08-14 14:34:00+00:00,1868.81,1870.36,1868.0,1869.53,2168.224953752388,,
2026-08-14 14:35:00+00:00,1869.53,1870.02,1869.49,1870.0,1.1691554886673363,,
2026-08-14 14:36:00+00:00,1870.0,1870.85,1869.99,1870.85,2232.149889090265,,
2026-08-14 14:37:00+00:00,1870.85,1871.64,1870.74,1871.46,6128.71164,,
2026-08-14 14:38:00+00:00,1871.46,1871.47,1871.02,1871.47,128.03391,,
2026-08-14 14:39:00+00:00,1871.47,1872.77,1871.47,1872.43,4175.322298461629,,
2026-08-14 14:40:00+00:00,1872.43,1872.5,1871.48,1871.53,2234.275677497917,,
2026-08-14 14:41:00+00:00,1871.53,1872.04,1870.64,1871.67,286.2542793285606,,
2026-08-14 14:42:00+00:00,1871.67,1871.93,1870.5,1870.8,2141.265418114765,,
2026-08-14 14:43:00+00:00,1870.8,1871.02,1869.99,1870.02,2047.3533543256028,,
2026-08-14 14:44:00+00:00,1870.02,1870.02,1869.98,1869.98,1.2084658747988235,,
2026-08-14 14:45:00+00:00,1869.98,1871.02,1869.98,1871.02,73.99600266175774,,
2026-08-14 14:46:00+00:00,1871.02,1871.02,1870.16,1870.37,249.58031,,
2026-08-14 14:47:00+00:00,1870.37,1870.37,1869.98,1869.99,0.6750717133084917,,
2026-08-14 14:48:00+00:00,1869.99,1871.33,1869.97,1870.02,302.21977431929497,,
2026-08-14 14:49:00+00:00,1870.02,1870.02,1869.47,1869.6,2104.69091,,
2026-08-14 14:50:00+00:00,1869.6,1869.61,1869.01,1869.2,27.79129,,
2026-08-14 14:51:00+00:00,1869.2,1869.2,1866.91,1867.12,7113.443018316521,,
2026-08-14 14:52:00+00:00,1867.12,1867.98,1866.98,1867.34,2630.574316585618,,
2026-08-14 14:53:00+00:00,1867.34,1868.36,1866.47,1866.48,1022.5153855979892,,
2026-08-14 14:54:00+00:00,1866.48,1867.02,1866.2,1866.53,266.4464169621442,,
2026-08-14 14:55:00+00:00,1866.53,1867.02,1866.15,1866.52,290.98205772280426,,
2026-08-14 14:56:00+00:00,1866.52,1866.52,1863.64,1864.96,138.15570438022596,,
2026-08-14 14:57:00+00:00,1864.96,1865.33,1862.98,1865.33,143.78916950987636,,
2026-08-14 14:58:00+00:00,1865.33,1865.67,1865.0,1865.54,312.6266231358087,,
2026-08-14 14:59:00+00:00,1865.54,1866.66,1865.02,1865.98,2857.5738,,
2026-08-14 15:00:00+00:00,1865.98,1866.53,1865.96,1866.53,62.28586,,
2026-08-14 15:01:00+00:00,1866.53,1867.85,1865.83,1865.83,3642.57593,,
2026-08-14 15:02:00+00:00,1865.83,1866.85,1865.36,1866.0,98.89061800810586,,
2026-08-14 15:03:00+00:00,1866.0,1866.02,1865.98,1866.02,1.09946,,
2026-08-14 15:04:00+00:00,1866.02,1866.02,1865.15,1866.02,138.05860521085344,,
2026-08-14 15:05:00+00:00,1866.02,1866.56,1866.0,1866.33,7226.75525,,
2026-08-14 15:06:00+00:00,1866.33,1867.03,1866.02,1866.53,202.45195,,
2026-08-14 15:07:00+00:00,1866.53,1867.63,1865.65,1867.53,919.89551,,
2026-08-14 15:08:00+00:00,1867.53,1867.75,1865.64,1866.54,4064.361630567774,,
2026-08-14 15:09:00+00:00,1866.54,1867.02,1866.01,1866.93,26.85468060287072,,
2026-08-14 15:10:00+00:00,1866.93,1868.0,1866.93,1867.99,68.67943,,
2026-08-14 15:11:00+00:00,1867.99,1868.41,1867.98,1867.98,2033.295122835166,,
2026-08-14 15:12:00+00:00,1867.98,1868.02,1867.96,1867.99,1.33069,,
2026-08-14 15:13:00+00:00,1867.99,1868.04,1867.02,1867.67,273.86041,,
2026-08-14 15:14:00+00:00,1867.67,1867.98,1867.16,1867.98,251.52001,,
2026-08-14 15:15:00+00:00,1867.98,1868.02,1867.98,1867.98,0.71283,,
2026-08-14 15:16:00+00:00,1867.98,1868.02,1867.37,1867.98,136.46195,,
2026-08-14 15:17:00+00:00,1867.98,1868.56,1867.98,1868.33,131.33534371602403,,
2026-08-14 15:18:00+00:00,1868.33,1868.71,1867.99,1868.57,175.57351380359333,,
2026-08-14 15:19:00+00:00,1868.57,1868.85,1868.02,1868.63,181.28798371602403,,
2026-08-14 15:20:00+00:00,1868.63,1870.38,1868.63,1870.01,4109.8552681108995,,
2026-08-14 15:21:00+00:00,1870.01,1872.36,1869.99,1871.52,2213.387226897102,,
2026-08-14 15:22:00+00:00,1871.52,1872.01,1871.01,1871.02,347.17083230029385,,
2026-08-14 15:23:00+00:00,1871.02,1874.36,1871.02,1872.9,4023.5799410402087,,
2026-08-14 15:24:00+00:00,1872.9,1874.26,1872.5,1874.01,7094.48785216633,,
2026-08-14 15:25:00+00:00,1874.01,1874.03,1872.98,1873.02,4654.772122351216,,
2026-08-14 15:26:00+00:00,1873.02,1873.59,1872.01,1872.7,2125.4028942330483,,
2026-08-14 15:27:00+00:00,1872.7,1873.52,1872.47,1873.2,179.6686885307905,,
2026-08-14 15:28:00+00:00,1873.2,1874.05,1873.03,1873.67,183.2662,,
2026-08-14 15:29:00+00:00,1873.67,1878.36,1873.58,1878.36,16515.56499405371,,
2026-08-14 15:30:00+00:00,1878.36,1879.36,1876.57,1876.98,43.32636995893985,,
2026-08-14 15:31:00+00:00,1876.98,1876.98,1875.55,1875.6,2052.110432622294,,
2026-08-14 15:32:00+00:00,1875.6,1876.32,1875.48,1875.99,19.03652,,
2026-08-14 15:33:00+00:00,1875.99,1876.8,1875.58,1875.99,2163.402362826944,,
2026-08-14 15:34:00+00:00,1875.99,1876.53,1875.98,1876.53,95.24548599704984,,
2026-08-14 15:35:00+00:00,1876.53,1878.48,1876.34,1878.0,4105.93447,,
2026-08-14 15:36:00+00:00,1878.0,1878.35,1877.02,1877.51,164.46318,,
2026-08-14 15:37:00+00:00,1877.51,1879.01,1876.99,1878.67,207.70619922362636,,
2026-08-14 15:38:00+00:00,1878.67,1881.36,1878.49,1880.47,6581.97278021777,,
2026-08-14 15:39:00+00:00,1880.47,1884.36,1880.47,1881.64,2051.1267071158168,,
2026-08-14 15:40:00+00:00,1881.64,1883.36,1881.12,1881.66,2053.1903404197305,,
2026-08-14 15:41:00+00:00,1881.66,1882.49,1881.57,1881.98,127.11969900338444,,
2026-08-14 15:42:00+00:00,1881.98,1882.0,1881.24,1881.98,2609.60903,,
2026-08-14 15:43:00+00:00,1881.98,1882.51,1881.98,1881.98,2063.57552,,
2026-08-14 15:44:00+00:00,1881.98,1883.18,1881.45,1883.18,362.98462362152577,,
2026-08-14 15:45:00+00:00,1883.18,1883.35,1881.93,1882.85,1439.2086861038335,,
2026-08-14 15:46:00+00:00,1882.85,1883.47,1882.84,1883.0,77.11121987623903,,
2026-08-14 15:47:00+00:00,1883.0,1883.02,1882.4,1883.0,4085.95476,,
2026-08-14 15:48:00+00:00,1883.0,1883.0,1881.29,1881.5,2900.6359031917823,,
2026-08-14 15:49:00+00:00,1881.5,1881.98,1880.98,1881.47,170.93458,,
2026-08-14 15:50:00+00:00,1881.47,1882.36,1880.97,1881.98,98.10957610830228,,
2026-08-14 15:51:00+00:00,1881.98,1882.01,1880.8,1881.33,278.0943925930409,,
2026-08-14 15:52:00+00:00,1881.33,1881.98,1881.02,1881.18,127.3127,,
2026-08-14 15:53:00+00:00,1881.18,1882.0,1881.01,1881.58,244.67284665740115,,
2026-08-14 15:54:00+00:00,1881.58,1882.35,1881.02,1882.01,36.75681610979262,,
2026-08-14 15:55:00+00:00,1882.01,1883.01,1882.01,1882.58,3127.38518,,
2026-08-14 15:56:00+00:00,1882.58,1882.88,1881.51,1881.98,2081.25912,,
2026-08-14 15:57:00+00:00,1881.98,1881.98,1881.67,1881.67,62.77,,
2026-08-14 15:58:00+00:00,1881.67,1881.98,1881.67,1881.67,161.0185,,
2026-08-14 15:59:00+00:00,1881.67,1882.02,1880.98,1880.99,75.32957854053018,,
2026-08-14 16:00:00+00:00,1880.99,1881.98,1880.99,1881.33,194.87469,,
2026-08-14 16:01:00+00:00,1881.33,1881.61,1880.98,1880.98,94.97207,,
2026-08-14 16:02:00+00:00,1880.98,1881.53,1880.98,1881.53,167.83033,,
2026-08-14 16:03:00+00:00,1881.53,1882.01,1881.53,1881.96,1.50539,,
2026-08-14 16:04:00+00:00,1881.96,1882.53,1880.84,1880.84,2139.2038,,
2026-08-14 16:05:00+00:00,1880.84,1880.87,1878.86,1879.69,7755.988617078441,,
2026-08-14 16:06:00+00:00,1879.69,1879.69,1878.51,1878.96,2068.3785165150935,,
2026-08-14 16:07:00+00:00,1878.96,1879.96,1878.96,1879.53,1314.7870669081158,,
2026-08-14 16:08:00+00:00,1879.53,1880.02,1879.07,1879.8,39.81967,,
2026-08-14 16:09:00+00:00,1879.8,1880.74,1879.02,1880.02,3421.6706197479543,,
2026-08-14 16:10:00+00:00,1880.02,1881.13,1879.98,1881.13,1810.85886037242,,
2026-08-14 16:11:00+00:00,1881.13,1882.12,1880.64,1881.67,5244.713059747799,,
2026-08-14 16:12:00+00:00,1881.67,1881.83,1881.02,1881.81,162.19443,,
2026-08-14 16:13:00+00:00,1881.81,1881.99,1880.15,1880.15,2155.9866115481427,,
2026-08-14 16:14:00+00:00,1880.15,1880.15,1879.98,1880.0,0.45619,,
2026-08-14 16:15:00+00:00,1880.0,1880.84,1879.96,1879.99,49.123,,
2026-08-14 16:16:00+00:00,1879.99,1880.57,1879.8,1880.57,120.25703,,
2026-08-14 16:17:00+00:00,1880.57,1881.54,1880.02,1881.27,2099.47007,,
2026-08-14 16:18:00+00:00,1881.27,1881.45,1880.48,1880.48,1220.90677,,
2026-08-14 16:19:00+00:00,1880.48,1881.01,1880.48,1880.6,63.64155,,
2026-08-14 16:20:00+00:00,1880.6,1881.0,1880.16,1880.2,81.53281,,
2026-08-14 16:21:00+00:00,1880.2,1881.59,1880.2,1881.53,3270.6007166574013,,
2026-08-14 16:22:00+00:00,1881.53,1883.35,1881.52,1882.0,2170.42473,,
2026-08-14 16:23:00+00:00,1882.0,1883.01,1881.96,1883.01,88.93426843580097,,
2026-08-14 16:24:00+00:00,1883.01,1883.02,1882.47,1882.47,35.96336,,
2026-08-14 16:25:00+00:00,1882.47,1882.47,1882.01,1882.01,0.15413,,
2026-08-14 16:26:00+00:00,1882.01,1882.47,1881.99,1882.47,153.0317,,
2026-08-14 16:27:00+00:00,1882.47,1883.53,1882.02,1883.52,1113.40822,,
2026-08-14 16:28:00+00:00,1883.52,1884.33,1883.02,1883.57,70.36374,,
2026-08-14 16:29:00+00:00,1883.57,1883.85,1883.02,1883.82,36.69465,,
2026-08-14 16:30:00+00:00,1883.82,1885.0,1883.55,1883.98,282.60136667218313,,
2026-08-14 16:31:00+00:00,1883.98,1884.0,1882.99,1883.02,25.22427136747944,,
2026-08-14 16:32:00+00:00,1883.02,1883.85,1882.98,1883.85,107.48449,,
2026-08-14 16:33:00+00:00,1883.85,1884.82,1883.85,1884.24,2118.579993431383,,
2026-08-14 16:34:00+00:00,1884.24,1885.0,1884.02,1885.0,36.463663431383495,,
2026-08-14 16:35:00+00:00,1885.0,1886.02,1884.98,1886.02,2068.387878288593,,
2026-08-14 16:36:00+00:00,1886.02,1887.2,1885.98,1887.2,4143.071877927414,,
2026-08-14 16:37:00+00:00,1887.2,1887.2,1886.0,1886.99,82.22636057771251,,
2026-08-14 16:38:00+00:00,1886.99,1887.02,1885.99,1885.99,132.55857,,
2026-08-14 16:39:00+00:00,1885.99,1886.44,1885.98,1885.99,63.53343569877607,,
2026-08-14 16:40:00+00:00,1885.99,1887.0,1885.95,1887.0,285.8200251743182,,
2026-08-14 16:41:00+00:00,1887.0,1887.0,1886.0,1886.02,32.52695,,
2026-08-14 16:42:00+00:00,1886.02,1886.02,1885.97,1886.02,1.2405284491935848,,
2026-08-14 16:43:00+00:00,1886.02,1886.02,1885.15,1885.47,2086.9437608730946,,
2026-08-14 16:44:00+00:00,1885.47,1886.02,1885.17,1885.67,90.4367,,
2026-08-14 16:45:00+00:00,1885.67,1885.99,1884.98,1884.98,63.83152,,
2026-08-14 16:46:00+00:00,1884.98,1885.01,1883.53,1883.53,9760.232462646223,,
2026-08-14 16:47:00+00:00,1883.53,1884.02,1883.51,1884.02,182.41202,,
2026-08-14 16:48:00+00:00,1884.02,1884.85,1884.02,1884.85,2061.98641,,
2026-08-14 16:49:00+00:00,1884.85,1885.0,1884.82,1884.99,1.00379,,
2026-08-14 16:50:00+00:00,1884.99,1884.99,1884.0,1884.0,36.33889,,
2026-08-14 16:51:00+00:00,1884.0,1884.0,1883.99,1883.99,0.36666,,
2026-08-14 16:52:00+00:00,1883.99,1885.03,1883.99,1885.03,36.545348550513225,,
2026-08-14 16:53:00+00:00,1885.03,1885.04,1884.47,1884.47,164.41425465780023,,
2026-08-14 16:54:00+00:00,1884.47,1884.5,1883.59,1884.43,96.79739,,
2026-08-14 16:55:00+00:00,1884.43,1884.43,1883.99,1883.99,0.40833,,
2026-08-14 16:56:00+00:00,1883.99,1884.52,1883.98,1884.52,31.53196,,
2026-08-14 16:57:00+00:00,1884.52,1885.0,1884.52,1884.99,15.57479,,
2026-08-14 16:58:00+00:00,1884.99,1885.01,1884.02,1884.99,66.92643,,
2026-08-14 16:59:00+00:00,1884.99,1885.01,1884.93,1884.98,18.21299,,
2026-08-14 17:00:00+00:00,1884.98,1885.02,1884.47,1884.98,32.77485,,
2026-08-14 17:01:00+00:00,1884.98,1885.42,1884.98,1885.33,2066.131,,
2026-08-14 17:02:00+00:00,1885.33,1885.33,1884.98,1884.98,0.8846253238955514,,
2026-08-14 17:03:00+00:00,1884.98,1885.02,1883.88,1884.53,65.39125,,
2026-08-14 17:04:00+00:00,1884.53,1885.02,1883.88,1884.18,126.42350153990836,,
2026-08-14 17:05:00+00:00,1884.18,1884.98,1883.99,1884.33,525.5203480942184,,
2026-08-14 17:06:00+00:00,1884.33,1885.0,1883.89,1884.01,79.49802463208046,,
2026-08-14 17:07:00+00:00,1884.01,1884.02,1883.49,1884.0,1066.56809,,
2026-08-14 17:08:00+00:00,1884.0,1884.01,1882.64,1882.64,80.21614356094867,,
2026-08-14 17:09:00+00:00,1882.64,1884.02,1882.64,1883.47,312.07552095243585,,
2026-08-14 17:10:00+00:00,1883.47,1883.98,1883.01,1883.47,285.2472709524359,,
2026-08-14 17:11:00+00:00,1883.47,1883.47,1882.96,1882.96,84.18111520062867,,
2026-08-14 17:12:00+00:00,1882.96,1883.44,1882.96,1883.02,32.09751408376963,,
2026-08-14 17:13:00+00:00,1883.02,1883.66,1883.01,1883.66,2171.29482,,
2026-08-14 17:14:00+00:00,1883.66,1884.52,1883.66,1884.33,567.28619,,
2026-08-14 17:15:00+00:00,1884.33,1884.54,1883.98,1884.52,652.7191680942184,,
2026-08-14 17:16:00+00:00,1884.52,1885.02,1884.01,1885.0,269.43958195508674,,
2026-08-14 17:17:00+00:00,1885.0,1885.02,1883.65,1884.98,193.89251072621752,,
2026-08-14 17:18:00+00:00,1884.98,1885.02,1884.18,1885.02,24.26159578249337,,
2026-08-14 17:19:00+00:00,1885.02,1885.02,1884.98,1885.01,0.72899,,
2026-08-14 17:20:00+00:00,1885.01,1885.53,1884.98,1885.42,32.59098042115113,,
2026-08-14 17:21:00+00:00,1885.42,1885.98,1884.79,1884.79,160.052611889101,,
2026-08-14 17:22:00+00:00,1884.79,1886.53,1884.79,1886.51,2131.6168053481815,,
2026-08-14 17:23:00+00:00,1886.51,1886.61,1886.02,1886.6,317.68039,,
2026-08-14 17:24:00+00:00,1886.6,1887.01,1886.0,1886.44,1703.79791,,
2026-08-14 17:25:00+00:00,1886.44,1886.44,1885.47,1885.47,2098.50637,,
2026-08-14 17:26:00+00:00,1885.47,1885.98,1884.68,1884.98,125.43902269112012,,
2026-08-14 17:27:00+00:00,1884.98,1885.02,1884.47,1884.67,246.00115318095592,,
2026-08-14 17:28:00+00:00,1884.67,1885.02,1884.67,1885.02,0.7909453238955514,,
2026-08-14 17:29:00+00:00,1885.02,1885.02,1884.98,1884.98,0.12597,,
2026-08-14 17:30:00+00:00,1884.98,1884.98,1884.34,1884.34,0.0855,,
2026-08-14 17:31:00+00:00,1884.34,1884.34,1884.34,1884.34,0.0,,
2026-08-14 17:32:00+00:00,1884.34,1886.36,1884.34,1885.47,143.38929073759246,,
2026-08-14 17:33:00+00:00,1885.47,1885.99,1885.02,1885.96,194.33787,,
2026-08-14 17:34:00+00:00,1885.96,1886.0,1885.47,1885.99,799.63157,,
2026-08-14 17:35:00+00:00,1885.99,1885.99,1884.71,1884.71,297.92955,,
2026-08-14 17:36:00+00:00,1884.71,1885.01,1884.36,1884.36,97.03135,,
2026-08-14 17:37:00+00:00,1884.36,1884.38,1883.66,1883.98,40.392932781316354,,
2026-08-14 17:38:00+00:00,1883.98,1884.04,1883.98,1883.99,1.01219,,
2026-08-14 17:39:00+00:00,1883.99,1884.42,1883.99,1884.02,4121.75934,,
2026-08-14 17:40:00+00:00,1884.02,1884.02,1883.98,1883.98,0.52919,,
2026-08-14 17:41:00+00:00,1883.98,1884.51,1883.98,1884.33,376.50232,,
2026-08-14 17:42:00+00:00,1884.33,1884.33,1883.93,1883.93,1.1634938204406793,,
2026-08-14 17:43:00+00:00,1883.93,1883.98,1883.01,1883.01,9974.51558,,
2026-08-14 17:44:00+00:00,1883.01,1883.36,1881.61,1882.5,4538.636229844396,,
2026-08-14 17:45:00+00:00,1882.5,1882.85,1882.02,1882.85,36.68736,,
2026-08-14 17:46:00+00:00,1882.85,1883.02,1882.85,1882.99,0.35169,,
2026-08-14 17:47:00+00:00,1882.99,1882.99,1882.02,1882.85,121.69881,,
2026-08-14 17:48:00+00:00,1882.85,1882.99,1882.67,1882.67,157.12667,,
2026-08-14 17:49:00+00:00,1882.67,1883.02,1882.35,1882.47,459.03372,,
2026-08-14 17:50:00+00:00,1882.47,1882.98,1881.63,1881.98,2108.48938,,
2026-08-14 17:51:00+00:00,1881.98,1881.98,1880.49,1880.5,4228.98592,,
2026-08-14 17:52:00+00:00,1880.5,1880.51,1879.63,1879.64,1145.899340274622,,
2026-08-14 17:53:00+00:00,1879.64,1880.02,1879.64,1880.0,1.06661,,
2026-08-14 17:54:00+00:00,1880.0,1880.0,1879.98,1879.98,0.41329,,
2026-08-14 17:55:00+00:00,1879.98,1879.98,1876.11,1876.12,18190.133750275967,,
2026-08-14 17:56:00+00:00,1876.12,1878.35,1875.64,1877.04,264.0673364185025,,
2026-08-14 17:57:00+00:00,1877.04,1877.57,1877.0,1877.56,107.85331,,
2026-08-14 17:58:00+00:00,1877.56,1878.02,1877.02,1877.97,39.8779,,
2026-08-14 17:59:00+00:00,1877.97,1877.99,1877.97,1877.98,0.2226,,
2026-08-14 18:00:00+00:00,1877.98,1877.99,1876.88,1877.02,101.52240414409512,,
2026-08-14 18:01:00+00:00,1877.02,1877.02,1873.64,1874.99,15519.89102610288,,
2026-08-14 18:02:00+00:00,1874.99,1875.65,1874.97,1875.65,2103.706996605556,,
2026-08-14 18:03:00+00:00,1875.65,1876.01,1875.64,1875.98,3.4109764022962454,,
2026-08-14 18:04:00+00:00,1875.98,1876.85,1875.98,1876.52,105.55971,,
2026-08-14 18:05:00+00:00,1876.52,1877.63,1876.51,1877.63,2096.66988,,
2026-08-14 18:06:00+00:00,1877.63,1877.94,1877.01,1877.02,32.37011,,
2026-08-14 18:07:00+00:00,1877.02,1877.67,1877.02,1877.26,102.05851,,
2026-08-14 18:08:00+00:00,1877.26,1877.53,1877.01,1877.41,128.51227,,
2026-08-14 18:09:00+00:00,1877.41,1877.41,1876.45,1876.99,143.96568,,
2026-08-14 18:10:00+00:00,1876.99,1877.01,1876.98,1876.98,0.37314,,
2026-08-14 18:11:00+00:00,1876.98,1878.02,1876.98,1878.02,38.29342568194806,,
2026-08-14 18:12:00+00:00,1878.02,1878.02,1877.01,1877.02,22.011291322995643,,
2026-08-14 18:13:00+00:00,1877.02,1877.02,1876.01,1876.01,64.07802,,
2026-08-14 18:14:00+00:00,1876.01,1876.52,1875.26,1875.81,3129.37812,,
2026-08-14 18:15:00+00:00,1875.81,1876.83,1875.81,1876.83,13571.87869,,
2026-08-14 18:16:00+00:00,1876.83,1877.0,1876.42,1877.0,211.36692,,
2026-08-14 18:17:00+00:00,1877.0,1877.01,1876.47,1876.51,200.7379530101225,,
2026-08-14 18:18:00+00:00,1876.51,1877.52,1876.5,1877.52,2021.92714,,
2026-08-14 18:19:00+00:00,1877.52,1877.52,1875.64,1876.96,8.130803230360968,,
2026-08-14 18:20:00+00:00,1876.96,1877.42,1876.96,1876.98,154.250064278952,,
2026-08-14 18:21:00+00:00,1876.98,1877.02,1876.51,1876.52,140.39489553248973,,
2026-08-14 18:22:00+00:00,1876.52,1877.01,1876.48,1877.01,0.72299,,
2026-08-14 18:23:00+00:00,1877.01,1878.0,1876.99,1876.99,174.45686165959435,,
2026-08-14 18:24:00+00:00,1876.99,1877.0,1876.98,1876.98,0.46338,,
2026-08-14 18:25:00+00:00,1876.98,1877.39,1876.98,1877.39,16601.00467,,
2026-08-14 18:26:00+00:00,1877.39,1878.2,1877.02,1878.0,71.85026446455988,,
2026-08-14 18:27:00+00:00,1878.0,1878.04,1876.9,1877.33,54.219804104016696,,
2026-08-14 18:28:00+00:00,1877.33,1877.33,1876.0,1876.0,2065.586059168443,,
2026-08-14 18:29:00+00:00,1876.0,1876.01,1874.64,1874.64,3.838202721615545,,
2026-08-14 18:30:00+00:00,1874.64,1876.0,1874.64,1875.99,228.17200348389412,,
2026-08-14 18:31:00+00:00,1875.99,1875.99,1875.99,1875.99,0.0,,
2026-08-14 18:32:00+00:00,1875.99,1875.99,1874.47,1874.99,0.42235,,
2026-08-14 18:33:00+00:00,1874.99,1875.02,1874.31,1874.32,128.4973,,
2026-08-14 18:34:00+00:00,1874.32,1874.33,1873.88,1873.98,19.042177564707696,,
2026-08-14 18:35:00+00:00,1873.98,1875.02,1873.98,1874.98,171.7359160814746,,
2026-08-14 18:36:00+00:00,1874.98,1875.53,1874.98,1875.48,20364.89832897327,,
2026-08-14 18:37:00+00:00,1875.48,1876.0,1875.02,1875.99,991.20182,,
2026-08-14 18:38:00+00:00,1875.99,1876.02,1875.47,1876.02,172.69291583056403,,
2026-08-14 18:39:00+00:00,1876.02,1876.72,1876.0,1876.43,10622.294713297088,,
2026-08-14 18:40:00+00:00,1876.43,1877.33,1876.0,1876.88,2023.1472073110965,,
2026-08-14 18:41:00+00:00,1876.88,1877.03,1876.87,1877.02,0.70612,,
2026-08-14 18:42:00+00:00,1877.02,1877.02,1876.98,1876.98,1.2355103852853888,,
2026-08-14 18:43:00+00:00,1876.98,1877.01,1876.51,1876.51,49.97008,,
2026-08-14 18:44:00+00:00,1876.51,1877.01,1876.51,1876.99,1.07441,,
2026-08-14 18:45:00+00:00,1876.99,1877.02,1876.42,1876.47,205.75268112226243,,
2026-08-14 18:46:00+00:00,1876.47,1876.98,1875.98,1875.98,37.5335435509467,,
2026-08-14 18:47:00+00:00,1875.98,1876.02,1875.15,1875.15,4627.79316,,
2026-08-14 18:48:00+00:00,1875.15,1875.15,1872.7,1872.7,4071.62728,,
2026-08-14 18:49:00+00:00,1872.7,1874.02,1872.66,1874.01,1823.0338823620027,,
2026-08-14 18:50:00+00:00,1874.01,1874.46,1873.98,1873.98,4033.3694923620033,,
2026-08-14 18:51:00+00:00,1873.98,1875.02,1873.98,1874.98,94.34041763799716,,
2026-08-14 18:52:00+00:00,1874.98,1875.4,1874.97,1875.4,2020.32092,,
2026-08-14 18:53:00+00:00,1875.4,1875.85,1875.02,1875.15,184.03435842137833,,
2026-08-14 18:54:00+00:00,1875.15,1875.47,1875.02,1875.33,1380.10753,,
2026-08-14 18:55:00+00:00,1875.33,1875.53,1875.02,1875.53,778.818,,
2026-08-14 18:56:00+00:00,1875.53,1876.02,1875.53,1876.02,1.16672,,
2026-08-14 18:57:00+00:00,1876.02,1876.02,1875.02,1875.02,89.17231,,
2026-08-14 18:58:00+00:00,1875.02,1875.51,1875.02,1875.02,107.98442,,
2026-08-14 18:59:00+00:00,1875.02,1875.02,1875.01,1875.01,0.20929,,
2026-08-14 19:00:00+00:00,1875.01,1875.01,1873.63,1873.67,2135.88594,,
2026-08-14 19:01:00+00:00,1873.67,1874.84,1873.01,1874.84,3295.3882738503366,,
2026-08-14 19:02:00+00:00,1874.84,1874.84,1874.0,1874.81,76.02199,,
2026-08-14 19:03:00+00:00,1874.81,1874.98,1873.55,1873.55,2432.6887,,
2026-08-14 19:04:00+00:00,1873.55,1874.0,1873.37,1873.48,198.49666,,
2026-08-14 19:05:00+00:00,1873.48,1873.74,1872.98,1873.74,80.63232,,
2026-08-14 19:06:00+00:00,1873.74,1874.0,1872.99,1873.02,104.37889,,
2026-08-14 19:07:00+00:00,1873.02,1873.46,1872.98,1873.02,76.07178122560839,,
2026-08-14 19:08:00+00:00,1873.02,1873.33,1872.98,1873.02,32.70434,,
2026-08-14 19:09:00+00:00,1873.02,1874.02,1873.02,1874.02,49.37606354110693,,
2026-08-14 19:10:00+00:00,1874.02,1874.02,1873.8,1873.88,47.48687,,
2026-08-14 19:11:00+00:00,1873.88,1873.88,1872.99,1873.53,75.29800354110692,,
2026-08-14 19:12:00+00:00,1873.53,1873.99,1873.02,1873.99,132.16707,,
2026-08-14 19:13:00+00:00,1873.99,1873.99,1872.98,1873.69,47.58876573907009,,
2026-08-14 19:14:00+00:00,1873.69,1874.03,1873.01,1873.01,156.03604012537133,,
2026-08-14 19:15:00+00:00,1873.01,1874.41,1873.01,1874.4,2071.375167391444,,
2026-08-14 19:16:00+00:00,1874.4,1874.4,1873.15,1874.02,157.1595842052604,,
2026-08-14 19:17:00+00:00,1874.02,1874.41,1873.99,1874.41,32.34884,,
2026-08-14 19:18:00+00:00,1874.41,1874.84,1874.01,1874.81,217.75309,,
2026-08-14 19:19:00+00:00,1874.81,1874.98,1873.99,1873.99,1057.0459,,
2026-08-14 19:20:00+00:00,1873.99,1874.53,1873.99,1874.52,31.8821,,
2026-08-14 19:21:00+00:00,1874.52,1875.04,1874.02,1874.98,37.36113,,
2026-08-14 19:22:00+00:00,1874.98,1875.85,1874.98,1875.84,61.70008883431397,,
2026-08-14 19:23:00+00:00,1875.84,1876.02,1875.45,1875.65,98.10877,,
2026-08-14 19:24:00+00:00,1875.65,1875.98,1874.99,1875.0,73.1961,,
2026-08-14 19:25:00+00:00,1875.0,1875.02,1874.98,1875.02,0.41235,,
2026-08-14 19:26:00+00:00,1875.02,1875.02,1874.98,1874.98,0.38763,,
2026-08-14 19:27:00+00:00,1874.98,1876.37,1874.98,1876.37,3158.86912,,
2026-08-14 19:28:00+00:00,1876.37,1877.53,1876.37,1877.44,1368.0114553085575,,
2026-08-14 19:29:00+00:00,1877.44,1877.44,1876.98,1876.98,0.11166,,
2026-08-14 19:30:00+00:00,1876.98,1876.98,1875.66,1876.12,11.57591,,
2026-08-14 19:31:00+00:00,1876.12,1876.8,1875.65,1875.65,73.79104,,
2026-08-14 19:32:00+00:00,1875.65,1876.53,1875.65,1876.53,53.75643,,
2026-08-14 19:33:00+00:00,1876.53,1876.53,1876.44,1876.45,0.21847,,
2026-08-14 19:34:00+00:00,1876.45,1876.5,1876.01,1876.46,162.63649,,
2026-08-14 19:35:00+00:00,1876.46,1876.46,1876.46,1876.46,0.0,,
2026-08-14 19:36:00+00:00,1876.46,1877.33,1876.46,1877.33,27.2532,,
2026-08-14 19:37:00+00:00,1877.33,1877.59,1875.64,1877.33,374.2761376542789,,
2026-08-14 19:38:00+00:00,1877.33,1877.49,1877.02,1877.02,349.24010343651105,,
2026-08-14 19:39:00+00:00,1877.02,1877.55,1876.72,1876.72,100.05922015222144,,
2026-08-14 19:40:00+00:00,1876.72,1877.78,1876.67,1877.76,116.27375786998677,,
2026-08-14 19:41:00+00:00,1877.76,1878.53,1877.76,1878.52,4159.959987351489,,
2026-08-14 19:42:00+00:00,1878.52,1878.52,1877.99,1878.33,136.29738,,
2026-08-14 19:43:00+00:00,1878.33,1879.02,1878.02,1878.99,226.62018,,
2026-08-14 19:44:00+00:00,1878.99,1879.0,1878.99,1878.99,0.16281,,
2026-08-14 19:45:00+00:00,1878.99,1879.02,1878.99,1879.01,0.23958,,
2026-08-14 19:46:00+00:00,1879.01,1879.04,1878.8,1878.93,1.9569669353548924,,
2026-08-14 19:47:00+00:00,1878.93,1879.68,1878.93,1879.68,63.1506369362909,,
2026-08-14 19:48:00+00:00,1879.68,1879.98,1878.96,1878.99,190.45811,,
2026-08-14 19:49:00+00:00,1878.99,1879.04,1878.98,1878.98,3.1747118561476495,,
2026-08-14 19:50:00+00:00,1878.98,1879.41,1878.98,1879.02,95.40061,,
2026-08-14 19:51:00+00:00,1879.02,1879.02,1878.15,1878.37,2193.2407325071413,,
2026-08-14 19:52:00+00:00,1878.37,1879.41,1878.37,1879.01,39.66410805358824,,
2026-08-14 19:53:00+00:00,1879.01,1879.53,1879.01,1879.53,127.55871,,
2026-08-14 19:54:00+00:00,1879.53,1880.8,1879.53,1880.79,6478.849073538383,,
2026-08-14 19:55:00+00:00,1880.79,1881.02,1880.17,1881.02,148.37454098546723,,
2026-08-14 19:56:00+00:00,1881.02,1881.02,1880.07,1880.47,116.58873,,
2026-08-14 19:57:00+00:00,1880.47,1880.99,1880.47,1880.61,126.47259,,
2026-08-14 19:58:00+00:00,1880.61,1881.01,1879.59,1881.0,2097.12142,,
2026-08-14 19:59:00+00:00,1881.0,1881.0,1879.48,1879.99,112.99871,,
2026-08-14 20:00:00+00:00,1879.99,1879.99,1879.98,1879.99,0.35592,,
2026-08-14 20:01:00+00:00,1879.99,1880.02,1879.98,1880.02,0.38643,,
2026-08-14 20:02:00+00:00,1880.02,1880.53,1879.98,1880.2,164.4422,,
2026-08-14 20:03:00+00:00,1880.2,1880.2,1879.19,1879.98,44.29076,,
2026-08-14 20:04:00+00:00,1879.98,1880.61,1879.98,1880.61,48427.29112,,
2026-08-14 20:05:00+00:00,1880.61,1881.01,1880.47,1880.54,78.20519,,
2026-08-14 20:06:00+00:00,1880.54,1881.02,1880.0,1880.0,157.71729,,
2026-08-14 20:07:00+00:00,1880.0,1880.53,1879.99,1880.52,76.0025,,
2026-08-14 20:08:00+00:00,1880.52,1880.52,1879.98,1880.01,1.09374,,
2026-08-14 20:09:00+00:00,1880.01,1880.02,1879.99,1880.0,0.93525,,
2026-08-14 20:10:00+00:00,1880.0,1880.01,1879.58,1879.69,1111.32204,,
2026-08-14 20:11:00+00:00,1879.69,1880.02,1879.69,1880.02,0.73031,,
2026-08-14 20:12:00+00:00,1880.02,1880.02,1879.4,1879.6,64.74329,,
2026-08-14 20:13:00+00:00,1879.6,1879.99,1878.96,1879.0,33.1192,,
2026-08-14 20:14:00+00:00,1879.0,1879.02,1878.99,1879.0,1.44838,,
2026-08-14 20:15:00+00:00,1879.0,1879.53,1878.99,1879.02,139.36228401795623,,
2026-08-14 20:16:00+00:00,1879.02,1879.42,1878.98,1879.02,33.05438837095536,,
2026-08-14 20:17:00+00:00,1879.02,1879.02,1878.48,1878.49,2265.45085,,
2026-08-14 20:18:00+00:00,1878.49,1879.01,1878.48,1879.01,117.55919,,
2026-08-14 20:19:00+00:00,1879.01,1879.02,1878.89,1879.02,0.61452,,
2026-08-14 20:20:00+00:00,1879.02,1879.02,1878.99,1878.99,0.89684,,
2026-08-14 20:21:00+00:00,1878.99,1879.03,1878.99,1879.02,0.26625,,
2026-08-14 20:22:00+00:00,1879.02,1879.53,1878.99,1879.53,370.91676,,
2026-08-14 20:23:00+00:00,1879.53,1880.02,1879.53,1879.99,0.49686,,
2026-08-14 20:24:00+00:00,1879.99,1880.0,1879.56,1880.0,4.85504,,
2026-08-14 20:25:00+00:00,1880.0,1880.0,1878.5,1878.51,1210.56083,,
2026-08-14 20:26:00+00:00,1878.51,1878.98,1878.47,1878.67,119.88188,,
2026-08-14 20:27:00+00:00,1878.67,1879.41,1878.67,1879.33,157.32045,,
2026-08-14 20:28:00+00:00,1879.33,1879.33,1879.0,1879.01,463.35694,,
2026-08-14 20:29:00+00:00,1879.01,1880.36,1879.01,1880.36,1.2803619156348194,,
2026-08-14 20:30:00+00:00,1880.36,1880.36,1880.36,1880.36,0.0,,
2026-08-14 20:31:00+00:00,1880.36,1880.36,1877.64,1877.64,10.534034126134236,,
2026-08-14 20:32:00+00:00,1877.64,1877.66,1877.64,1877.64,0.6883552006286736,,
2026-08-14 20:33:00+00:00,1877.64,1880.34,1877.64,1877.64,0.7979335876687559,,
2026-08-14 20:34:00+00:00,1877.64,1877.64,1877.64,1877.64,0.0,,
2026-08-14 20:35:00+00:00,1877.64,1878.36,1877.64,1877.7,0.30185,,
2026-08-14 20:36:00+00:00,1877.7,1879.36,1877.64,1877.64,1.4357499872970376,,
2026-08-14 20:37:00+00:00,1877.64,1877.64,1877.64,1877.64,0.0,,
2026-08-14 20:38:00+00:00,1877.64,1878.46,1877.64,1878.33,272.6585,,
2026-08-14 20:39:00+00:00,1878.33,1878.48,1878.01,1878.45,629.17367,,
2026-08-14 20:40:00+00:00,1878.45,1878.58,1878.02,1878.53,646.66538,,
2026-08-14 20:41:00+00:00,1878.53,1878.6,1877.64,1877.64,71.92869780545254,,
2026-08-14 20:42:00+00:00,1877.64,1877.64,1877.64,1877.64,0.1099966619510101,,
2026-08-14 20:43:00+00:00,1877.64,1877.64,1877.64,1877.64,0.0,,
2026-08-14 20:44:00+00:00,1877.64,1877.64,1877.64,1877.64,0.0,,
2026-08-14 20:45:00+00:00,1877.64,1879.0,1877.64,1877.64,0.4424124123145756,,
2026-08-14 20:46:00+00:00,1877.64,1879.02,1877.64,1877.64,1.530531579636424,,
2026-08-14 20:47:00+00:00,1877.64,1878.4,1877.64,1878.4,0.2910259461531091,,
2026-08-14 20:48:00+00:00,1878.4,1878.4,1878.4,1878.4,0.0,,
2026-08-14 20:49:00+00:00,1878.4,1878.4,1878.4,1878.4,0.0,,
2026-08-14 20:50:00+00:00,1878.4,1879.01,1878.4,1879.01,0.5568,,
2026-08-14 20:51:00+00:00,1879.01,1879.01,1879.01,1879.01,0.0,,
2026-08-14 20:52:00+00:00,1879.01,1879.64,1879.01,1879.63,0.4928,,
2026-08-14 20:53:00+00:00,1879.63,1879.64,1877.69,1877.69,0.17027,,
2026-08-14 20:54:00+00:00,1877.69,1877.69,1877.69,1877.69,0.0,,
2026-08-14 20:55:00+00:00,1877.69,1877.69,1877.69,1877.69,0.0,,
2026-08-14 20:56:00+00:00,1877.69,1877.69,1877.69,1877.69,0.0,,
2026-08-14 20:57:00+00:00,1877.69,1877.69,1877.69,1877.69,0.0,,
2026-08-14 20:58:00+00:00,1877.69,1877.69,1877.69,1877.69,0.0,,
2026-08-14 20:59:00+00:00,1877.69,1879.5,1877.69,1879.5,0.09951,,
2026-08-14 21:00:00+00:00,1879.5,1880.11,1879.5,1879.99,0.81256,,
2026-08-14 21:01:00+00:00,1879.99,1880.02,1879.99,1880.0,0.19217,,
2026-08-14 21:02:00+00:00,1880.0,1880.0,1878.93,1878.93,85.36348391793241,,
2026-08-14 21:03:00+00:00,1878.93,1879.56,1878.93,1879.55,389.88164053630845,,
2026-08-14 21:04:00+00:00,1879.55,1880.3,1879.33,1880.29,54.2269,,
2026-08-14 21:05:00+00:00,1880.29,1880.45,1879.52,1880.02,2083.453458503005,,
2026-08-14 21:06:00+00:00,1880.02,1880.02,1879.99,1880.01,0.80917,,
2026-08-14 21:07:00+00:00,1880.01,1880.01,1878.93,1880.0,1.5439885106382978,,
2026-08-14 21:08:00+00:00,1880.0,1880.02,1878.43,1878.43,2775.507687326241,,
2026-08-14 21:09:00+00:00,1878.43,1878.43,1877.99,1877.99,0.41906,,
2026-08-14 21:10:00+00:00,1877.99,1878.02,1877.98,1878.01,0.40549,,
2026-08-14 21:11:00+00:00,1878.01,1878.01,1877.99,1877.99,0.18019,,
2026-08-14 21:12:00+00:00,1877.99,1878.85,1877.99,1878.84,35.67427,,
2026-08-14 21:13:00+00:00,1878.84,1878.84,1877.54,1877.67,2944.56942,,
2026-08-14 21:14:00+00:00,1877.67,1877.67,1876.98,1877.5,32.68741,,
2026-08-14 21:15:00+00:00,1877.5,1878.02,1877.5,1877.99,0.28293,,
2026-08-14 21:16:00+00:00,1877.99,1878.01,1877.98,1877.98,1.00249,,
2026-08-14 21:17:00+00:00,1877.98,1878.39,1877.98,1878.33,2095.6625,,
2026-08-14 21:18:00+00:00,1878.33,1878.41,1878.0,1878.0,0.9511,,
2026-08-14 21:19:00+00:00,1878.0,1878.0,1877.01,1877.02,36.32618,,
2026-08-14 21:20:00+00:00,1877.02,1877.03,1876.93,1876.99,0.6176197342596242,,
2026-08-14 21:21:00+00:00,1876.99,1877.63,1876.91,1876.99,128.64582,,
2026-08-14 21:22:00+00:00,1876.99,1878.02,1876.99,1877.99,0.8733609854219614,,
2026-08-14 21:23:00+00:00,1877.99,1878.33,1877.98,1878.33,95.31750590135609,,
2026-08-14 21:24:00+00:00,1878.33,1878.65,1878.02,1878.53,107.54473,,
2026-08-14 21:25:00+00:00,1878.53,1878.53,1878.53,1878.53,0.0,,
2026-08-14 21:26:00+00:00,1878.53,1878.53,1878.53,1878.53,0.0,,
2026-08-14 21:27:00+00:00,1878.53,1878.99,1878.53,1878.98,0.3569,,
2026-08-14 21:28:00+00:00,1878.98,1879.73,1878.98,1879.11,131.32466,,
2026-08-14 21:29:00+00:00,1879.11,1879.11,1879.01,1879.01,0.16256,,
2026-08-14 21:30:00+00:00,1879.01,1879.01,1879.01,1879.01,0.0,,
2026-08-14 21:31:00+00:00,1879.01,1879.01,1879.01,1879.01,0.0,,
2026-08-14 21:32:00+00:00,1879.01,1879.01,1879.01,1879.01,0.0,,
2026-08-14 21:33:00+00:00,1879.01,1879.01,1879.01,1879.01,0.0,,
2026-08-14 21:34:00+00:00,1879.01,1879.01,1878.67,1878.69,0.20248,,
2026-08-14 21:35:00+00:00,1878.69,1878.69,1878.69,1878.69,0.0,,
2026-08-14 21:36:00+00:00,1878.69,1878.69,1878.07,1878.07,1.15173,,
2026-08-14 21:37:00+00:00,1878.07,1878.07,1878.07,1878.07,0.0,,
2026-08-14 21:38:00+00:00,1878.07,1878.07,1878.07,1878.07,0.0,,
2026-08-14 21:39:00+00:00,1878.07,1878.07,1878.07,1878.07,0.0,,
2026-08-14 21:40:00+00:00,1878.07,1878.07,1878.07,1878.07,0.0,,
2026-08-14 21:41:00+00:00,1878.07,1878.07,1878.07,1878.07,0.0,,
2026-08-14 21:42:00+00:00,1878.07,1878.07,1878.07,1878.07,0.0,,
2026-08-14 21:43:00+00:00,1878.07,1879.33,1877.54,1879.33,32.56332,,
2026-08-14 21:44:00+00:00,1879.33,1879.33,1877.17,1877.67,161.3614,,
2026-08-14 21:45:00+00:00,1877.67,1877.8,1876.96,1877.47,185.19209,,
2026-08-14 21:46:00+00:00,1877.47,1877.72,1877.02,1877.53,88.83627,,
2026-08-14 21:47:00+00:00,1877.53,1877.53,1877.53,1877.53,0.0,,
2026-08-14 21:48:00+00:00,1877.53,1877.98,1877.11,1877.48,1713.27879,,
2026-08-14 21:49:00+00:00,1877.48,1878.01,1877.48,1878.01,32.09073,,
2026-08-14 21:50:00+00:00,1878.01,1878.02,1877.4,1877.4,255.90803,,
2026-08-14 21:51:00+00:00,1877.4,1877.98,1877.4,1877.52,315.58086,,
2026-08-14 21:52:00+00:00,1877.52,1878.01,1876.49,1877.02,2546.74647,,
2026-08-14 21:53:00+00:00,1877.02,1877.5,1876.99,1876.99,89.02157,,
2026-08-14 21:54:00+00:00,1876.99,1876.99,1876.38,1876.38,515.55717,,
2026-08-14 21:55:00+00:00,1876.38,1876.99,1876.38,1876.99,247.27728,,
2026-08-14 21:56:00+00:00,1876.99,1877.5,1876.99,1877.4,6.63473,,
2026-08-14 21:57:00+00:00,1877.4,1877.85,1877.02,1877.4,103.05467,,
2026-08-14 21:58:00+00:00,1877.4,1878.52,1877.01,1878.52,214.83158,,
2026-08-14 21:59:00+00:00,1878.52,1878.93,1878.02,1878.67,82.40036,,
2026-08-14 22:00:00+00:00,1878.67,1878.98,1877.57,1878.53,2293.4898370150177,,
2026-08-14 22:01:00+00:00,1878.53,1879.02,1878.02,1878.98,36.732,,
2026-08-14 22:02:00+00:00,1878.98,1880.02,1878.98,1879.88,2149.7839656104984,,
2026-08-14 22:03:00+00:00,1879.88,1880.03,1879.02,1879.67,161.8783,,
2026-08-14 22:04:00+00:00,1879.67,1880.02,1879.26,1879.58,67.70791,,
2026-08-14 22:05:00+00:00,1879.58,1880.0,1879.58,1879.99,0.18675,,
2026-08-14 22:06:00+00:00,1879.99,1880.02,1879.98,1880.02,0.28501,,
2026-08-14 22:07:00+00:00,1880.02,1880.02,1877.68,1877.68,6540.40949,,
2026-08-14 22:08:00+00:00,1877.68,1878.02,1877.51,1878.01,64.8463,,
2026-08-14 22:09:00+00:00,1878.01,1878.58,1877.96,1878.48,130.49329,,
2026-08-14 22:10:00+00:00,1878.48,1878.98,1877.99,1877.99,86.47546,,
2026-08-14 22:11:00+00:00,1877.99,1878.0,1876.8,1876.94,2032.971023065004,,
2026-08-14 22:12:00+00:00,1876.94,1877.8,1876.94,1877.47,37.03000712630955,,
2026-08-14 22:13:00+00:00,1877.47,1877.47,1876.57,1876.98,2172.8793269150983,,
2026-08-14 22:14:00+00:00,1876.98,1877.0,1876.25,1876.99,155.49897858405564,,
2026-08-14 22:15:00+00:00,1876.99,1876.99,1875.7,1876.2,4551.508158430962,,
2026-08-14 22:16:00+00:00,1876.2,1876.2,1875.26,1875.99,3231.717132660005,,
2026-08-14 22:17:00+00:00,1875.99,1875.99,1875.4,1875.47,605.46201,,
2026-08-14 22:18:00+00:00,1875.47,1876.56,1875.47,1876.55,131.36658,,
2026-08-14 22:19:00+00:00,1876.55,1876.55,1876.02,1876.53,35.454,,
2026-08-14 22:20:00+00:00,1876.53,1876.98,1876.53,1876.67,503.93229,,
2026-08-14 22:21:00+00:00,1876.67,1877.04,1876.67,1877.04,0.6022092186698677,,
2026-08-14 22:22:00+00:00,1877.04,1877.04,1876.99,1877.0,0.7477449691214939,,
2026-08-14 22:23:00+00:00,1877.0,1877.0,1876.88,1876.98,0.1358613045586375,,
2026-08-14 22:24:00+00:00,1876.98,1876.99,1875.31,1876.5,5414.407699019942,,
2026-08-14 22:25:00+00:00,1876.5,1876.51,1875.96,1875.99,95.90008070803157,,
2026-08-14 22:26:00+00:00,1875.99,1876.02,1875.99,1875.99,1.0247988336983689,,
2026-08-14 22:27:00+00:00,1875.99,1876.02,1875.67,1875.98,32.62814981912033,,
2026-08-14 22:28:00+00:00,1875.98,1876.02,1875.98,1875.99,0.60741,,
2026-08-14 22:29:00+00:00,1875.99,1876.01,1875.99,1876.01,0.07615,,
2026-08-14 22:30:00+00:00,1876.01,1876.01,1876.01,1876.01,0.0,,
2026-08-14 22:31:00+00:00,1876.01,1877.99,1876.01,1877.99,0.26954,,
2026-08-14 22:32:00+00:00,1877.99,1878.04,1877.42,1877.47,369.06039,,
2026-08-14 22:33:00+00:00,1877.47,1877.98,1877.19,1877.57,251.65864,,
2026-08-14 22:34:00+00:00,1877.57,1878.26,1877.57,1878.26,158.4534,,
2026-08-14 22:35:00+00:00,1878.26,1878.26,1878.26,1878.26,0.0,,
2026-08-14 22:36:00+00:00,1878.26,1878.43,1878.02,1878.33,1734.02608,,
2026-08-14 22:37:00+00:00,1878.33,1878.47,1878.02,1878.33,522.1105,,
2026-08-14 22:38:00+00:00,1878.33,1878.53,1878.02,1878.52,285.90211,,
2026-08-14 22:39:00+00:00,1878.52,1878.99,1878.47,1878.99,116.99181,,
2026-08-14 22:40:00+00:00,1878.99,1878.99,1878.48,1878.49,263.78244,,
2026-08-14 22:41:00+00:00,1878.49,1878.99,1878.48,1878.98,67.71776,,
2026-08-14 22:42:00+00:00,1878.98,1879.02,1878.98,1879.01,0.26111,,
2026-08-14 22:43:00+00:00,1879.01,1879.02,1878.98,1879.02,0.90291,,
2026-08-14 22:44:00+00:00,1879.02,1879.02,1878.98,1879.02,1.58234,,
2026-08-14 22:45:00+00:00,1879.02,1879.02,1878.47,1879.02,11.88094,,
2026-08-14 22:46:00+00:00,1879.02,1879.02,1878.98,1878.99,0.36421,,
2026-08-14 22:47:00+00:00,1878.99,1878.99,1878.55,1878.67,517.46678,,
2026-08-14 22:48:00+00:00,1878.67,1878.98,1877.98,1877.98,277.46104,,
2026-08-14 22:49:00+00:00,1877.98,1878.55,1877.98,1878.53,267.42367,,
2026-08-14 22:50:00+00:00,1878.53,1879.02,1878.02,1879.01,112.24886,,
2026-08-14 22:51:00+00:00,1879.01,1879.01,1878.98,1878.98,0.45807,,
2026-08-14 22:52:00+00:00,1878.98,1878.98,1877.99,1877.99,35.74837,,
2026-08-14 22:53:00+00:00,1877.99,1878.85,1877.99,1878.53,270.92897,,
2026-08-14 22:54:00+00:00,1878.53,1879.0,1878.53,1878.67,91.50159,,
2026-08-14 22:55:00+00:00,1878.67,1878.98,1878.01,1878.01,51.05668,,
2026-08-14 22:56:00+00:00,1878.01,1878.57,1877.98,1878.53,84.7172,,
2026-08-14 22:57:00+00:00,1878.53,1879.02,1878.53,1879.02,0.07191,,
2026-08-14 22:58:00+00:00,1879.02,1879.02,1878.98,1878.99,0.60469,,
2026-08-14 22:59:00+00:00,1878.99,1879.02,1878.99,1879.01,1.32074,,
2026-08-14 23:00:00+00:00,1879.01,1879.02,1878.48,1879.02,36.76895922638025,,
2026-08-14 23:01:00+00:00,1879.02,1879.37,1878.98,1879.01,2576.81776,,
2026-08-14 23:02:00+00:00,1879.01,1879.53,1878.88,1878.88,74.59825,,
2026-08-14 23:03:00+00:00,1878.88,1879.02,1878.88,1879.01,0.75394,,
2026-08-14 23:04:00+00:00,1879.01,1879.02,1878.98,1878.98,0.77625,,
2026-08-14 23:05:00+00:00,1878.98,1879.02,1878.98,1878.98,0.64812,,
2026-08-14 23:06:00+00:00,1878.98,1879.06,1878.98,1879.06,0.55513,,
2026-08-14 23:07:00+00:00,1879.06,1879.06,1878.99,1879.02,0.37729,,
2026-08-14 23:08:00+00:00,1879.02,1879.11,1879.01,1879.01,0.42718,,
2026-08-14 23:09:00+00:00,1879.01,1879.02,1878.98,1878.98,0.417505792276964,,
2026-08-14 23:10:00+00:00,1878.98,1879.02,1878.98,1879.02,0.07105,,
2026-08-14 23:11:00+00:00,1879.02,1879.53,1879.0,1879.43,64.2106,,
2026-08-14 23:12:00+00:00,1879.43,1879.71,1879.07,1879.63,24.56033,,
2026-08-14 23:13:00+00:00,1879.63,1879.75,1879.63,1879.75,0.85239,,
2026-08-14 23:14:00+00:00,1879.75,1880.2,1879.74,1880.0,1389.957,,
2026-08-14 23:15:00+00:00,1880.0,1880.46,1879.99,1880.0,35.83978,,
2026-08-14 23:16:00+00:00,1880.0,1880.02,1879.0,1879.53,2691.323616208537,,
2026-08-14 23:17:00+00:00,1879.53,1879.98,1878.9,1879.15,173.47898,,
2026-08-14 23:18:00+00:00,1879.15,1879.15,1878.98,1878.98,0.10092,,
2026-08-14 23:19:00+00:00,1878.98,1879.33,1878.98,1878.98,113.85871,,
2026-08-14 23:20:00+00:00,1878.98,1879.02,1878.98,1879.02,0.21298,,
2026-08-14 23:21:00+00:00,1879.02,1879.02,1878.67,1878.98,32.55889,,
2026-08-14 23:22:00+00:00,1878.98,1879.56,1878.98,1879.55,66.96507,,
2026-08-14 23:23:00+00:00,1879.55,1880.12,1879.55,1880.12,0.28352,,
2026-08-14 23:24:00+00:00,1880.12,1880.12,1879.98,1879.98,1.35159,,
2026-08-14 23:25:00+00:00,1879.98,1880.02,1879.39,1879.8,158.35995,,
2026-08-14 23:26:00+00:00,1879.8,1879.8,1878.98,1879.33,144.46627,,
2026-08-14 23:27:00+00:00,1879.33,1879.59,1879.01,1879.53,1054.55778,,
2026-08-14 23:28:00+00:00,1879.53,1880.02,1879.02,1880.02,144.09444,,
2026-08-14 23:29:00+00:00,1880.02,1880.02,1879.98,1880.0,0.68515,,
2026-08-14 23:30:00+00:00,1880.0,1880.0,1880.0,1880.0,0.0,,
2026-08-14 23:31:00+00:00,1880.0,1880.0,1880.0,1880.0,0.0,,
2026-08-14 23:32:00+00:00,1880.0,1880.33,1880.0,1880.33,0.2724542614199405,,
2026-08-14 23:33:00+00:00,1880.33,1880.33,1879.99,1879.99,0.0823,,
2026-08-14 23:34:00+00:00,1879.99,1880.0,1879.44,1879.44,0.25438,,
2026-08-14 23:35:00+00:00,1879.44,1879.44,1879.44,1879.44,0.0,,
2026-08-14 23:36:00+00:00,1879.44,1879.44,1878.16,1879.3,4054.72293,,
2026-08-14 23:37:00+00:00,1879.3,1880.02,1879.04,1879.98,30.81798,,
2026-08-14 23:38:00+00:00,1879.98,1880.02,1879.98,1880.02,0.62057,,
2026-08-14 23:39:00+00:00,1880.02,1881.02,1880.02,1881.02,183.30496265367825,,
2026-08-14 23:40:00+00:00,1881.02,1881.02,1879.65,1880.02,67.15145,,
2026-08-14 23:41:00+00:00,1880.02,1880.53,1880.01,1880.33,108.810068878924,,
2026-08-14 23:42:00+00:00,1880.33,1881.0,1880.33,1880.67,311.13777,,
2026-08-14 23:43:00+00:00,1880.67,1880.98,1879.98,1879.98,190.05558,,
2026-08-14 23:44:00+00:00,1879.98,1879.98,1879.55,1879.55,5546.5379,,
2026-08-14 23:45:00+00:00,1879.55,1880.02,1879.55,1879.98,0.40105,,
2026-08-14 23:46:00+00:00,1879.98,1880.02,1879.98,1879.98,0.69208,,
2026-08-14 23:47:00+00:00,1879.98,1880.05,1879.58,1879.59,22.66981,,
2026-08-14 23:48:00+00:00,1879.59,1880.02,1879.59,1880.02,0.85518,,
2026-08-14 23:49:00+00:00,1880.02,1880.18,1880.0,1880.01,0.70296,,
2026-08-14 23:50:00+00:00,1880.01,1880.02,1880.0,1880.01,0.85801,,
2026-08-14 23:51:00+00:00,1880.01,1880.04,1879.48,1880.01,32.07002,,
2026-08-14 23:52:00+00:00,1880.01,1880.85,1879.98,1880.84,90.41733,,
2026-08-14 23:53:00+00:00,1880.84,1881.42,1880.84,1881.01,2032.08083,,
2026-08-14 23:54:00+00:00,1881.01,1881.02,1880.98,1881.01,0.68265,,
2026-08-14 23:55:00+00:00,1881.01,1881.01,1880.98,1880.98,0.81182,,
2026-08-14 23:56:00+00:00,1880.98,1881.51,1880.98,1881.33,384.93551,,
2026-08-14 23:57:00+00:00,1881.33,1881.75,1881.02,1881.75,162.43721,,
2026-08-14 23:58:00+00:00,1881.75,1882.02,1881.73,1882.02,3.3500020979252234,,
2026-08-14 23:59:00+00:00,1882.02,1882.02,1881.0,1881.39,98.32256,,
2026-08-15 00:00:00+00:00,1881.39,1881.39,1880.92,1880.92,57.16942,,
2026-08-15 00:01:00+00:00,1880.92,1881.02,1880.92,1880.98,0.7746803499165346,,
2026-08-15 00:02:00+00:00,1880.98,1881.98,1880.98,1881.47,165.58287,,
2026-08-15 00:03:00+00:00,1881.47,1881.98,1880.98,1880.98,63.57303,,
2026-08-15 00:04:00+00:00,1880.98,1880.99,1880.98,1880.98,0.28406,,
2026-08-15 00:05:00+00:00,1880.98,1881.03,1880.98,1881.0,0.53982,,
2026-08-15 00:06:00+00:00,1881.0,1881.02,1881.0,1881.02,0.54554,,
2026-08-15 00:07:00+00:00,1881.02,1881.02,1881.0,1881.01,0.94411,,
2026-08-15 00:08:00+00:00,1881.01,1881.53,1881.01,1881.53,349.48847,,
2026-08-15 00:09:00+00:00,1881.53,1882.02,1881.53,1882.02,0.19851,,
2026-08-15 00:10:00+00:00,1882.02,1882.02,1881.99,1881.99,0.56683,,
2026-08-15 00:11:00+00:00,1881.99,1882.01,1881.98,1882.0,0.57898,,
2026-08-15 00:12:00+00:00,1882.0,1882.0,1881.98,1881.98,0.11881,,
2026-08-15 00:13:00+00:00,1881.98,1882.01,1880.99,1881.33,105.86823,,
2026-08-15 00:14:00+00:00,1881.33,1881.33,1880.97,1880.97,0.77549,,
2026-08-15 00:15:00+00:00,1880.97,1881.66,1880.97,1881.66,206.5597,,
2026-08-15 00:16:00+00:00,1881.66,1882.02,1881.16,1881.99,0.8485406941759444,,
2026-08-15 00:17:00+00:00,1881.99,1882.02,1881.99,1881.99,0.43693,,
2026-08-15 00:18:00+00:00,1881.99,1882.02,1881.49,1882.01,57.17611,,
2026-08-15 00:19:00+00:00,1882.01,1882.02,1882.0,1882.01,0.72265,,
2026-08-15 00:20:00+00:00,1882.01,1882.01,1881.57,1881.82,0.67984,,
2026-08-15 00:21:00+00:00,1881.82,1882.02,1881.82,1881.99,3.087429463691546,,
2026-08-15 00:22:00+00:00,1881.99,1882.01,1881.99,1882.0,2.00776,,
2026-08-15 00:23:00+00:00,1882.0,1882.0,1880.98,1881.53,94.52219930582405,,
2026-08-15 00:24:00+00:00,1881.53,1882.04,1881.02,1882.0,71.22615,,
2026-08-15 00:25:00+00:00,1882.0,1882.01,1881.99,1881.99,0.93681,,
2026-08-15 00:26:00+00:00,1881.99,1882.02,1881.35,1881.35,71.84371,,
2026-08-15 00:27:00+00:00,1881.35,1881.35,1880.97,1881.33,63.14914,,
2026-08-15 00:28:00+00:00,1881.33,1882.37,1881.02,1881.87,243.41194,,
2026-08-15 00:29:00+00:00,1881.87,1882.18,1881.87,1882.14,0.28403,,
2026-08-15 00:30:00+00:00,1882.14,1882.14,1882.14,1882.14,0.0,,
2026-08-15 00:31:00+00:00,1882.14,1882.57,1882.14,1882.57,0.10533,,
2026-08-15 00:32:00+00:00,1882.57,1882.57,1882.57,1882.57,0.0,,
2026-08-15 00:33:00+00:00,1882.57,1882.71,1882.57,1882.71,0.1631,,
2026-08-15 00:34:00+00:00,1882.71,1882.71,1881.96,1882.22,1.13453,,
2026-08-15 00:35:00+00:00,1882.22,1882.22,1881.92,1881.92,0.08778,,
2026-08-15 00:36:00+00:00,1881.92,1881.92,1881.92,1881.92,0.0,,
2026-08-15 00:37:00+00:00,1881.92,1882.07,1881.68,1881.68,1.98881,,
2026-08-15 00:38:00+00:00,1881.68,1881.68,1881.53,1881.53,0.23956,,
2026-08-15 00:39:00+00:00,1881.53,1881.53,1881.53,1881.53,0.0,,
2026-08-15 00:40:00+00:00,1881.53,1881.53,1881.53,1881.53,0.0,,
2026-08-15 00:41:00+00:00,1881.53,1881.87,1880.73,1881.87,2.3729244865914416,,
2026-08-15 00:42:00+00:00,1881.87,1881.87,1881.87,1881.87,0.08426,,
2026-08-15 00:43:00+00:00,1881.87,1881.87,1881.87,1881.87,0.0,,
2026-08-15 00:44:00+00:00,1881.87,1882.25,1881.87,1881.97,0.2007,,
2026-08-15 00:45:00+00:00,1881.97,1881.97,1881.97,1881.97,0.0,,
2026-08-15 00:46:00+00:00,1881.97,1881.97,1881.97,1881.97,0.0,,
2026-08-15 00:47:00+00:00,1881.97,1881.99,1881.97,1881.99,0.07628,,
2026-08-15 00:48:00+00:00,1881.99,1882.01,1880.73,1880.73,3.23213,,
2026-08-15 00:49:00+00:00,1880.73,1880.73,1880.73,1880.73,0.0,,
2026-08-15 00:50:00+00:00,1880.73,1880.73,1880.73,1880.73,0.0,,
2026-08-15 00:51:00+00:00,1880.73,1880.73,1880.73,1880.73,0.0,,
2026-08-15 00:52:00+00:00,1880.73,1881.38,1880.73,1881.0,20.79647,,
2026-08-15 00:53:00+00:00,1881.0,1881.33,1880.99,1881.0,26.07462,,
2026-08-15 00:54:00+00:00,1881.0,1881.0,1880.98,1880.98,0.0637951749582673,,
2026-08-15 00:55:00+00:00,1880.98,1882.01,1880.98,1881.98,180.1576262085366,,
2026-08-15 00:56:00+00:00,1881.98,1881.98,1881.98,1881.98,0.0,,
2026-08-15 00:57:00+00:00,1881.98,1881.98,1881.98,1881.98,0.0,,
2026-08-15 00:58:00+00:00,1881.98,1881.98,1881.57,1881.58,110.76299,,
2026-08-15 00:59:00+00:00,1881.58,1881.98,1881.56,1881.67,276.79824,,
2026-08-15 01:00:00+00:00,1881.67,1882.02,1881.67,1882.0,0.39354,,
2026-08-15 01:01:00+00:00,1882.0,1882.0,1881.47,1881.47,195.55075,,
2026-08-15 01:02:00+00:00,1881.47,1881.47,1880.98,1880.98,13.69029,,
2026-08-15 01:03:00+00:00,1880.98,1881.02,1880.98,1880.98,0.34897,,
2026-08-15 01:04:00+00:00,1880.98,1881.02,1880.98,1880.99,0.45079,,
2026-08-15 01:05:00+00:00,1880.99,1880.99,1880.96,1880.99,0.3243,,
2026-08-15 01:06:00+00:00,1880.99,1881.01,1880.02,1880.43,2221.8693355134083,,
2026-08-15 01:07:00+00:00,1880.43,1880.52,1880.02,1880.51,253.08453,,
2026-08-15 01:08:00+00:00,1880.51,1880.64,1880.01,1880.53,290.80293,,
2026-08-15 01:09:00+00:00,1880.53,1881.02,1880.53,1881.0,0.42138,,
2026-08-15 01:10:00+00:00,1881.0,1881.5,1880.98,1880.99,2026.25438,,
2026-08-15 01:11:00+00:00,1880.99,1881.49,1880.99,1881.33,377.37436,,
2026-08-15 01:12:00+00:00,1881.33,1881.71,1881.02,1881.67,64.41843,,
2026-08-15 01:13:00+00:00,1881.67,1882.01,1881.67,1881.98,1.34711,,
2026-08-15 01:14:00+00:00,1881.98,1882.01,1881.97,1882.0,1.03128,,
2026-08-15 01:15:00+00:00,1882.0,1882.02,1881.99,1882.01,1.54764,,
2026-08-15 01:16:00+00:00,1882.01,1882.01,1881.57,1881.67,534.72331,,
2026-08-15 01:17:00+00:00,1881.67,1881.99,1881.56,1881.58,409.47616,,
2026-08-15 01:18:00+00:00,1881.58,1882.0,1881.55,1881.98,63.11727,,
2026-08-15 01:19:00+00:00,1881.98,1881.98,1881.98,1881.98,0.0,,
2026-08-15 01:20:00+00:00,1881.98,1881.98,1881.98,1881.98,0.11578,,
2026-08-15 01:21:00+00:00,1881.98,1881.98,1881.58,1881.58,436.60861,,
2026-08-15 01:22:00+00:00,1881.58,1882.02,1881.58,1881.98,64.11155,,
2026-08-15 01:23:00+00:00,1881.98,1882.58,1881.98,1881.98,1103.64569,,
2026-08-15 01:24:00+00:00,1881.98,1883.08,1881.98,1883.07,1488.14144,,
2026-08-15 01:25:00+00:00,1883.07,1883.07,1882.99,1882.99,0.54325,,
2026-08-15 01:26:00+00:00,1882.99,1883.01,1882.99,1883.01,0.07582,,
2026-08-15 01:27:00+00:00,1883.01,1883.02,1882.51,1883.02,1241.79824,,
2026-08-15 01:28:00+00:00,1883.02,1883.65,1883.01,1883.02,73.65055,,
2026-08-15 01:29:00+00:00,1883.02,1883.02,1882.98,1882.98,0.21721,,
2026-08-15 01:30:00+00:00,1882.98,1882.98,1882.98,1882.98,0.0,,
2026-08-15 01:31:00+00:00,1882.98,1882.98,1882.98,1882.98,0.0,,
2026-08-15 01:32:00+00:00,1882.98,1882.98,1882.98,1882.98,0.0,,
2026-08-15 01:33:00+00:00,1882.98,1882.98,1882.98,1882.98,0.0,,
2026-08-15 01:34:00+00:00,1882.98,1882.98,1882.98,1882.98,0.0,,
2026-08-15 01:35:00+00:00,1882.98,1882.98,1882.98,1882.98,0.0,,
2026-08-15 01:36:00+00:00,1882.98,1882.98,1882.98,1882.98,0.0,,
2026-08-15 01:37:00+00:00,1882.98,1882.98,1882.98,1882.98,0.0,,
2026-08-15 01:38:00+00:00,1882.98,1882.98,1882.98,1882.98,0.0,,
2026-08-15 01:39:00+00:00,1882.98,1882.98,1882.98,1882.98,0.0,,
2026-08-15 01:40:00+00:00,1882.98,1882.98,1882.98,1882.98,0.0,,
2026-08-15 01:41:00+00:00,1882.98,1882.98,1882.98,1882.98,0.0,,
2026-08-15 01:42:00+00:00,1882.98,1882.98,1882.98,1882.98,0.0,,
2026-08-15 01:43:00+00:00,1882.98,1882.98,1882.98,1882.98,0.0,,
2026-08-15 01:44:00+00:00,1882.98,1882.98,1882.98,1882.98,0.0,,
2026-08-15 01:45:00+00:00,1882.98,1882.98,1882.98,1882.98,0.0,,
2026-08-15 01:46:00+00:00,1882.98,1882.98,1882.98,1882.98,0.0,,
2026-08-15 01:47:00+00:00,1882.98,1882.98,1882.98,1882.98,0.0,,
2026-08-15 01:48:00+00:00,1882.98,1882.98,1882.98,1882.98,0.0,,
2026-08-15 01:49:00+00:00,1882.98,1882.98,1882.98,1882.98,0.0,,
2026-08-15 01:50:00+00:00,1882.98,1882.98,1882.98,1882.98,0.0,,
2026-08-15 01:51:00+00:00,1882.98,1882.98,1882.98,1882.98,0.0,,
2026-08-15 01:52:00+00:00,1882.98,1882.98,1882.98,1882.98,0.0,,
2026-08-15 01:53:00+00:00,1882.98,1882.98,1882.98,1882.98,0.0,,
2026-08-15 01:54:00+00:00,1882.98,1883.5,1882.98,1883.28,2.1576,,
2026-08-15 01:55:00+00:00,1883.28,1883.28,1883.28,1883.28,0.0,,
2026-08-15 01:56:00+00:00,1883.28,1883.28,1883.28,1883.28,0.0,,
2026-08-15 01:57:00+00:00,1883.28,1883.36,1883.28,1883.36,0.34927,,
2026-08-15 01:58:00+00:00,1883.36,1883.36,1883.33,1883.34,1.20298,,
2026-08-15 01:59:00+00:00,1883.34,1883.35,1883.33,1883.34,2.54608,,
2026-08-15 02:00:00+00:00,1883.34,1883.35,1883.34,1883.34,0.39133,,
2026-08-15 02:01:00+00:00,1883.34,1883.63,1883.34,1883.63,2.622,,
2026-08-15 02:02:00+00:00,1883.63,1883.8,1883.48,1883.8,3.240708303570441,,
2026-08-15 02:03:00+00:00,1883.8,1884.11,1883.27,1883.27,5.065190874749904,,
2026-08-15 02:04:00+00:00,1883.27,1884.16,1883.15,1883.15,1.7222877070227245,,
2026-08-15 02:05:00+00:00,1883.15,1884.15,1883.15,1884.12,0.59144,,
2026-08-15 02:06:00+00:00,1884.12,1884.12,1884.12,1884.12,0.0,,
2026-08-15 02:07:00+00:00,1884.12,1884.12,1884.12,1884.12,0.0,,
2026-08-15 02:08:00+00:00,1884.12,1884.12,1883.95,1883.95,0.11121,,
2026-08-15 02:09:00+00:00,1883.95,1883.95,1883.95,1883.95,0.0,,
2026-08-15 02:10:00+00:00,1883.95,1883.95,1883.95,1883.95,0.0,,
2026-08-15 02:11:00+00:00,1883.95,1883.95,1883.95,1883.95,0.0,,
2026-08-15 02:12:00+00:00,1883.95,1883.95,1883.95,1883.95,0.0,,
2026-08-15 02:13:00+00:00,1883.95,1883.95,1883.95,1883.95,0.0,,
2026-08-15 02:14:00+00:00,1883.95,1884.07,1883.68,1884.07,4.13555,,
2026-08-15 02:15:00+00:00,1884.07,1885.0,1884.02,1885.0,262.84283271283647,,
2026-08-15 02:16:00+00:00,1885.0,1885.0,1884.01,1884.44,180.14251049125588,,
2026-08-15 02:17:00+00:00,1884.44,1885.01,1884.02,1884.99,94.533,,
2026-08-15 02:18:00+00:00,1884.99,1885.01,1884.54,1884.55,142.50511,,
2026-08-15 02:19:00+00:00,1884.55,1885.02,1884.45,1884.67,322.5060517955439,,
2026-08-15 02:20:00+00:00,1884.67,1884.99,1884.56,1884.99,63.1777,,
2026-08-15 02:21:00+00:00,1884.99,1885.02,1884.99,1884.99,0.16445,,
2026-08-15 02:22:00+00:00,1884.99,1885.02,1884.99,1885.02,0.26642,,
2026-08-15 02:23:00+00:00,1885.02,1885.02,1884.57,1884.57,125.66797,,
2026-08-15 02:24:00+00:00,1884.57,1885.01,1884.57,1885.01,251.50047,,
2026-08-15 02:25:00+00:00,1885.01,1885.02,1885.01,1885.01,0.49693,,
2026-08-15 02:26:00+00:00,1885.01,1885.03,1885.01,1885.03,0.21147,,
2026-08-15 02:27:00+00:00,1885.03,1885.03,1884.5,1884.5,351.97559,,
2026-08-15 02:28:00+00:00,1884.5,1884.98,1884.19,1884.19,53.66747,,
2026-08-15 02:29:00+00:00,1884.19,1884.23,1884.19,1884.23,0.10699,,
2026-08-15 02:30:00+00:00,1884.23,1884.23,1884.23,1884.23,0.0,,
2026-08-15 02:31:00+00:00,1884.23,1884.23,1884.23,1884.23,0.0,,
2026-08-15 02:32:00+00:00,1884.23,1884.23,1884.23,1884.23,0.0,,
2026-08-15 02:33:00+00:00,1884.23,1884.23,1884.23,1884.23,0.0,,
2026-08-15 02:34:00+00:00,1884.23,1884.23,1884.23,1884.23,0.0,,
2026-08-15 02:35:00+00:00,1884.23,1884.23,1884.23,1884.23,0.0,,
2026-08-15 02:36:00+00:00,1884.23,1884.23,1883.47,1883.67,57.18854,,
2026-08-15 02:37:00+00:00,1883.67,1883.67,1883.67,1883.67,0.0,,
2026-08-15 02:38:00+00:00,1883.67,1884.98,1883.67,1884.53,172.66109,,
2026-08-15 02:39:00+00:00,1884.53,1884.98,1884.49,1884.52,286.37732,,
2026-08-15 02:40:00+00:00,1884.52,1884.52,1884.52,1884.52,0.0,,
2026-08-15 02:41:00+00:00,1884.52,1884.56,1884.52,1884.56,0.07892,,
2026-08-15 02:42:00+00:00,1884.56,1884.56,1883.48,1883.8,171.531,,
2026-08-15 02:43:00+00:00,1883.8,1883.98,1883.67,1883.67,59.1015,,
2026-08-15 02:44:00+00:00,1883.67,1883.67,1883.67,1883.67,0.0,,
2026-08-15 02:45:00+00:00,1883.67,1883.67,1883.67,1883.67,0.0,,
2026-08-15 02:46:00+00:00,1883.67,1883.67,1883.67,1883.67,0.0,,
2026-08-15 02:47:00+00:00,1883.67,1883.67,1883.67,1883.67,0.0,,
2026-08-15 02:48:00+00:00,1883.67,1883.98,1883.36,1883.45,298.54483,,
2026-08-15 02:49:00+00:00,1883.45,1883.98,1883.45,1883.8,31.9096,,
2026-08-15 02:50:00+00:00,1883.8,1883.8,1883.8,1883.8,0.0,,
2026-08-15 02:51:00+00:00,1883.8,1885.26,1883.8,1885.26,0.3529050864911114,,
2026-08-15 02:52:00+00:00,1885.26,1885.26,1885.26,1885.26,0.0,,
2026-08-15 02:53:00+00:00,1885.26,1885.26,1883.16,1883.47,292.89036,,
2026-08-15 02:54:00+00:00,1883.47,1883.47,1883.47,1883.47,0.0,,
2026-08-15 02:55:00+00:00,1883.47,1884.02,1883.47,1884.02,0.35499,,
2026-08-15 02:56:00+00:00,1884.02,1884.02,1883.83,1883.83,6.6067,,
2026-08-15 02:57:00+00:00,1883.83,1883.84,1883.83,1883.84,0.14343,,
2026-08-15 02:58:00+00:00,1883.84,1884.02,1883.84,1884.01,0.68882,,
2026-08-15 02:59:00+00:00,1884.01,1884.02,1883.98,1884.02,1.02194,,
2026-08-15 03:00:00+00:00,1884.02,1884.02,1883.99,1884.01,1.07385,,
2026-08-15 03:01:00+00:00,1884.01,1884.02,1884.01,1884.01,0.45525,,
2026-08-15 03:02:00+00:00,1884.01,1884.4,1883.98,1884.4,32.37459,,
2026-08-15 03:03:00+00:00,1884.4,1884.49,1884.4,1884.49,0.24702,,
2026-08-15 03:04:00+00:00,1884.49,1884.53,1884.49,1884.52,0.72165,,
2026-08-15 03:05:00+00:00,1884.52,1885.02,1884.52,1884.99,0.65627,,
2026-08-15 03:06:00+00:00,1884.99,1885.01,1884.98,1885.01,0.43272,,
2026-08-15 03:07:00+00:00,1885.01,1885.01,1884.99,1885.01,0.36065,,
2026-08-15 03:08:00+00:00,1885.01,1885.02,1885.01,1885.01,0.58376,,
2026-08-15 03:09:00+00:00,1885.01,1885.01,1884.98,1884.98,0.35682,,
2026-08-15 03:10:00+00:00,1884.98,1885.03,1884.98,1885.02,0.32731,,
2026-08-15 03:11:00+00:00,1885.02,1885.02,1885.0,1885.0,0.16733,,
2026-08-15 03:12:00+00:00,1885.0,1885.03,1884.49,1884.99,103.05691049125588,,
2026-08-15 03:13:00+00:00,1884.99,1885.02,1884.98,1884.99,1.45327,,
2026-08-15 03:14:00+00:00,1884.99,1885.57,1884.99,1885.02,36.69747491350889,,
2026-08-15 03:15:00+00:00,1885.02,1885.64,1884.98,1884.98,1594.78283,,
2026-08-15 03:16:00+00:00,1884.98,1885.77,1884.98,1885.76,93.80236,,
2026-08-15 03:17:00+00:00,1885.76,1885.77,1885.75,1885.76,1.43327,,
2026-08-15 03:18:00+00:00,1885.76,1885.98,1885.67,1885.67,113.1935,,
2026-08-15 03:19:00+00:00,1885.67,1885.98,1884.63,1884.63,2188.48121,,
2026-08-15 03:20:00+00:00,1884.63,1884.98,1884.43,1884.47,99.70228,,
2026-08-15 03:21:00+00:00,1884.47,1884.98,1884.01,1884.24,49.0965,,
2026-08-15 03:22:00+00:00,1884.24,1884.72,1883.98,1884.72,357.53736,,
2026-08-15 03:23:00+00:00,1884.72,1884.99,1884.72,1884.96,0.49646,,
2026-08-15 03:24:00+00:00,1884.96,1884.96,1884.96,1884.96,0.0,,
2026-08-15 03:25:00+00:00,1884.96,1884.98,1883.99,1883.99,35.75926,,
2026-08-15 03:26:00+00:00,1883.99,1884.0,1883.99,1883.99,0.15087,,
2026-08-15 03:27:00+00:00,1883.99,1884.01,1883.98,1884.01,0.68164,,
2026-08-15 03:28:00+00:00,1884.01,1884.03,1883.98,1884.03,0.86665,,
2026-08-15 03:29:00+00:00,1884.03,1884.03,1884.03,1884.03,0.0,,
2026-08-15 03:30:00+00:00,1884.03,1884.03,1884.03,1884.03,0.0,,
2026-08-15 03:31:00+00:00,1884.03,1884.03,1884.03,1884.03,0.0,,
2026-08-15 03:32:00+00:00,1884.03,1884.03,1884.03,1884.03,0.0,,
2026-08-15 03:33:00+00:00,1884.03,1884.03,1884.03,1884.03,0.0,,
2026-08-15 03:34:00+00:00,1884.03,1884.03,1882.64,1882.64,2.3432895258391047,,
2026-08-15 03:35:00+00:00,1882.64,1882.64,1882.64,1882.64,0.0,,
2026-08-15 03:36:00+00:00,1882.64,1882.64,1882.64,1882.64,0.0,,
2026-08-15 03:37:00+00:00,1882.64,1882.64,1882.64,1882.64,0.0,,
2026-08-15 03:38:00+00:00,1882.64,1882.65,1882.27,1882.27,0.18373,,
2026-08-15 03:39:00+00:00,1882.27,1882.43,1882.02,1882.41,185.52167,,
2026-08-15 03:40:00+00:00,1882.41,1883.05,1882.41,1883.01,10.15306,,
2026-08-15 03:41:00+00:00,1883.01,1883.01,1883.01,1883.01,0.0,,
2026-08-15 03:42:00+00:00,1883.01,1883.01,1883.01,1883.01,0.0,,
2026-08-15 03:43:00+00:00,1883.01,1883.01,1882.17,1882.17,94.48178,,
2026-08-15 03:44:00+00:00,1882.17,1882.17,1881.99,1881.99,0.39721,,
2026-08-15 03:45:00+00:00,1881.99,1882.4,1881.99,1882.4,42.29233,,
2026-08-15 03:46:00+00:00,1882.4,1882.4,1882.02,1882.33,36.0005,,
2026-08-15 03:47:00+00:00,1882.33,1882.43,1881.98,1881.98,32.48033947252134,,
2026-08-15 03:48:00+00:00,1881.98,1882.33,1881.98,1882.33,31.38099452499951,,
2026-08-15 03:49:00+00:00,1882.33,1882.51,1882.01,1882.5,598.2008154750005,,
2026-08-15 03:50:00+00:00,1882.5,1882.51,1881.98,1881.98,440.98482170564654,,
2026-08-15 03:51:00+00:00,1881.98,1882.04,1881.98,1882.04,10.598120661498536,,
2026-08-15 03:52:00+00:00,1882.04,1882.68,1882.02,1882.68,245.97757933850144,,
2026-08-15 03:53:00+00:00,1882.68,1882.99,1882.68,1882.99,0.60678,,
2026-08-15 03:54:00+00:00,1882.99,1882.99,1882.98,1882.98,0.2230850538325481,,
2026-08-15 03:55:00+00:00,1882.98,1882.98,1882.98,1882.98,0.0,,
2026-08-15 03:56:00+00:00,1882.98,1882.98,1882.98,1882.98,0.0,,
2026-08-15 03:57:00+00:00,1882.98,1882.98,1882.98,1882.98,0.0,,
2026-08-15 03:58:00+00:00,1882.98,1883.02,1881.64,1882.01,286.62430291742186,,
2026-08-15 03:59:00+00:00,1882.01,1882.01,1881.98,1881.98,0.61395,,
2026-08-15 04:00:00+00:00,1881.98,1882.02,1881.98,1882.0,0.86863,,
2026-08-15 04:01:00+00:00,1882.0,1882.43,1881.98,1882.33,539.56933,,
2026-08-15 04:02:00+00:00,1882.33,1882.49,1882.02,1882.33,345.44276,,
2026-08-15 04:03:00+00:00,1882.33,1882.33,1882.02,1882.33,345.191,,
2026-08-15 04:04:00+00:00,1882.33,1882.52,1882.02,1882.33,376.78157,,
2026-08-15 04:05:00+00:00,1882.33,1882.52,1882.0,1882.0,63.12941,,
2026-08-15 04:06:00+00:00,1882.0,1883.02,1882.0,1883.02,236.27747,,
2026-08-15 04:07:00+00:00,1883.02,1883.02,1882.01,1882.01,729.70075,,
2026-08-15 04:08:00+00:00,1882.01,1882.01,1881.98,1881.98,0.079,,
2026-08-15 04:09:00+00:00,1881.98,1882.53,1881.98,1882.33,270.17337,,
2026-08-15 04:10:00+00:00,1882.33,1882.53,1881.98,1881.98,0.41743,,
2026-08-15 04:11:00+00:00,1881.98,1882.02,1881.98,1881.98,0.39731,,
2026-08-15 04:12:00+00:00,1881.98,1882.53,1881.98,1882.33,314.79007,,
2026-08-15 04:13:00+00:00,1882.33,1882.99,1882.02,1882.99,94.30438,,
2026-08-15 04:14:00+00:00,1882.99,1883.02,1882.98,1883.0,1.54027,,
2026-08-15 04:15:00+00:00,1883.0,1883.01,1882.99,1883.0,2.00588,,
2026-08-15 04:16:00+00:00,1883.0,1883.01,1882.67,1882.67,63.87035,,
2026-08-15 04:17:00+00:00,1882.67,1883.0,1882.67,1882.99,0.64941,,
2026-08-15 04:18:00+00:00,1882.99,1883.02,1882.98,1883.02,0.75943,,
2026-08-15 04:19:00+00:00,1883.02,1883.02,1882.98,1882.99,0.69318,,
2026-08-15 04:20:00+00:00,1882.99,1883.02,1882.99,1883.01,0.35089,,
2026-08-15 04:21:00+00:00,1883.01,1883.02,1882.98,1882.98,1.00972,,
2026-08-15 04:22:00+00:00,1882.98,1882.99,1882.98,1882.98,0.2241,,
2026-08-15 04:23:00+00:00,1882.98,1883.01,1882.98,1883.0,1.10345,,
2026-08-15 04:24:00+00:00,1883.0,1883.3,1882.98,1883.3,0.60657,,
2026-08-15 04:25:00+00:00,1883.3,1883.49,1883.0,1883.49,2160.13988,,
2026-08-15 04:26:00+00:00,1883.49,1883.64,1883.02,1883.53,35.79829,,
2026-08-15 04:27:00+00:00,1883.53,1883.53,1883.53,1883.53,0.0,,
2026-08-15 04:28:00+00:00,1883.53,1883.71,1883.53,1883.71,0.12755,,
2026-08-15 04:29:00+00:00,1883.71,1883.74,1883.67,1883.74,0.31218,,
2026-08-15 04:30:00+00:00,1883.74,1883.74,1883.74,1883.74,0.0,,
2026-08-15 04:31:00+00:00,1883.74,1883.74,1883.74,1883.74,0.0,,
2026-08-15 04:32:00+00:00,1883.74,1883.74,1883.58,1883.74,0.17994,,
2026-08-15 04:33:00+00:00,1883.74,1884.36,1883.74,1884.36,4763.293514537083,,
2026-08-15 04:34:00+00:00,1884.36,1884.36,1883.47,1883.67,408.13248,,
2026-08-15 04:35:00+00:00,1883.67,1883.98,1883.67,1883.67,282.25754,,
2026-08-15 04:36:00+00:00,1883.67,1883.67,1883.67,1883.67,0.0,,
2026-08-15 04:37:00+00:00,1883.67,1883.67,1883.67,1883.67,0.0,,
2026-08-15 04:38:00+00:00,1883.67,1884.0,1883.67,1884.0,0.07345,,
2026-08-15 04:39:00+00:00,1884.0,1884.2,1884.0,1884.18,0.15253,,
2026-08-15 04:40:00+00:00,1884.18,1884.18,1884.18,1884.18,0.0,,
2026-08-15 04:41:00+00:00,1884.18,1884.18,1884.18,1884.18,0.0,,
2026-08-15 04:42:00+00:00,1884.18,1884.75,1884.18,1884.75,3.3228416932336753,,
2026-08-15 04:43:00+00:00,1884.75,1884.75,1884.75,1884.75,0.0,,
2026-08-15 04:44:00+00:00,1884.75,1885.01,1884.71,1885.0,1.36931,,
2026-08-15 04:45:00+00:00,1885.0,1885.01,1885.0,1885.01,0.07875,,
2026-08-15 04:46:00+00:00,1885.01,1885.01,1885.01,1885.01,0.0,,
2026-08-15 04:47:00+00:00,1885.01,1885.01,1883.98,1884.0,38.1471,,
2026-08-15 04:48:00+00:00,1884.0,1884.49,1883.99,1884.02,42.73165263376502,,
2026-08-15 04:49:00+00:00,1884.02,1884.02,1884.02,1884.02,0.0,,
2026-08-15 04:50:00+00:00,1884.02,1884.02,1884.02,1884.02,0.0,,
2026-08-15 04:51:00+00:00,1884.02,1884.02,1884.02,1884.02,0.0,,
2026-08-15 04:52:00+00:00,1884.02,1884.02,1883.99,1883.99,0.29556,,
2026-08-15 04:53:00+00:00,1883.99,1883.99,1883.99,1883.99,0.0,,
2026-08-15 04:54:00+00:00,1883.99,1883.99,1883.99,1883.99,0.0,,
2026-08-15 04:55:00+00:00,1883.99,1883.99,1883.99,1883.99,0.0,,
2026-08-15 04:56:00+00:00,1883.99,1883.99,1883.99,1883.99,0.0,,
2026-08-15 04:57:00+00:00,1883.99,1883.99,1883.99,1883.99,0.0,,
2026-08-15 04:58:00+00:00,1883.99,1883.99,1883.99,1883.99,0.0,,
2026-08-15 04:59:00+00:00,1883.99,1883.99,1883.99,1883.99,0.0,,
2026-08-15 05:00:00+00:00,1883.99,1883.99,1883.99,1883.99,0.0,,
2026-08-15 05:01:00+00:00,1883.99,1883.99,1883.59,1883.67,382.0021,,
2026-08-15 05:02:00+00:00,1883.67,1883.98,1883.55,1883.55,31.65154,,
2026-08-15 05:03:00+00:00,1883.55,1883.56,1883.53,1883.55,0.32556,,
2026-08-15 05:04:00+00:00,1883.55,1883.96,1883.15,1883.47,43.22437895458525,,
2026-08-15 05:05:00+00:00,1883.47,1884.36,1883.0,1883.33,189.13135697822625,,
2026-08-15 05:06:00+00:00,1883.33,1883.98,1883.02,1883.96,286.73398,,
2026-08-15 05:07:00+00:00,1883.96,1883.96,1883.96,1883.96,0.0,,
2026-08-15 05:08:00+00:00,1883.96,1884.44,1883.96,1883.96,2031.7464065108868,,
2026-08-15 05:09:00+00:00,1883.96,1884.46,1883.96,1884.0,0.8091,,
2026-08-15 05:10:00+00:00,1884.0,1884.02,1883.98,1883.98,0.53168,,
2026-08-15 05:11:00+00:00,1883.98,1884.03,1883.98,1884.01,0.73688,,
2026-08-15 05:12:00+00:00,1884.01,1884.12,1884.01,1884.12,0.49416,,
2026-08-15 05:13:00+00:00,1884.12,1884.12,1884.01,1884.01,0.18089,,
2026-08-15 05:14:00+00:00,1884.01,1884.01,1883.98,1884.01,0.93294,,
2026-08-15 05:15:00+00:00,1884.01,1884.03,1883.98,1884.02,0.74244,,
2026-08-15 05:16:00+00:00,1884.02,1884.51,1884.01,1884.06,0.3163289545852441,,
2026-08-15 05:17:00+00:00,1884.06,1884.06,1882.68,1883.47,18.175085043819987,,
2026-08-15 05:18:00+00:00,1883.47,1884.51,1883.47,1884.0,0.3361315469369666,,
2026-08-15 05:19:00+00:00,1884.0,1884.02,1883.7,1884.0,0.652,,
2026-08-15 05:20:00+00:00,1884.0,1884.02,1883.98,1884.01,0.65737,,
2026-08-15 05:21:00+00:00,1884.01,1884.01,1883.5,1883.52,93.07342,,
2026-08-15 05:22:00+00:00,1883.52,1883.98,1882.93,1882.99,36.4760081325387,,
2026-08-15 05:23:00+00:00,1882.99,1884.0,1882.99,1883.01,1.3643538023441124,,
2026-08-15 05:24:00+00:00,1883.01,1883.01,1882.25,1882.52,30.91929504381999,,
2026-08-15 05:25:00+00:00,1882.52,1883.02,1882.52,1882.67,63.40259,,
2026-08-15 05:26:00+00:00,1882.67,1883.0,1882.53,1883.0,92.33548,,
2026-08-15 05:27:00+00:00,1883.0,1883.02,1883.0,1883.01,0.2518,,
2026-08-15 05:28:00+00:00,1883.01,1883.04,1883.0,1883.01,0.65442,,
2026-08-15 05:29:00+00:00,1883.01,1883.01,1883.01,1883.01,0.0,,
2026-08-15 05:30:00+00:00,1883.01,1883.01,1883.01,1883.01,0.0,,
2026-08-15 05:31:00+00:00,1883.01,1883.01,1883.01,1883.01,0.0,,
2026-08-15 05:32:00+00:00,1883.01,1883.01,1883.01,1883.01,0.0,,
2026-08-15 05:33:00+00:00,1883.01,1883.01,1883.01,1883.01,0.0,,
2026-08-15 05:34:00+00:00,1883.01,1883.01,1883.01,1883.01,0.0,,
2026-08-15 05:35:00+00:00,1883.01,1883.01,1882.24,1882.24,548.6847,,
2026-08-15 05:36:00+00:00,1882.24,1882.24,1881.4,1881.4,117.58276,,
2026-08-15 05:37:00+00:00,1881.4,1881.98,1881.4,1881.53,72.41655,,
2026-08-15 05:38:00+00:00,1881.53,1881.53,1880.67,1881.02,10.755693856610415,,
2026-08-15 05:39:00+00:00,1881.02,1881.02,1880.47,1880.49,2381.083652658478,,
2026-08-15 05:40:00+00:00,1880.49,1880.53,1879.81,1880.02,9.972281374761153,,
2026-08-15 05:41:00+00:00,1880.02,1880.45,1880.01,1880.45,89.01866,,
2026-08-15 05:42:00+00:00,1880.45,1880.63,1880.01,1880.32,390.45699,,
2026-08-15 05:43:00+00:00,1880.32,1880.33,1880.02,1880.02,0.20946,,
2026-08-15 05:44:00+00:00,1880.02,1880.57,1879.15,1880.53,2220.28183618551,,
2026-08-15 05:45:00+00:00,1880.53,1880.79,1880.02,1880.77,83.01587,,
2026-08-15 05:46:00+00:00,1880.77,1881.02,1880.33,1880.36,2156.57738,,
2026-08-15 05:47:00+00:00,1880.36,1880.36,1880.02,1880.02,0.0239334967902521,,
2026-08-15 05:48:00+00:00,1880.02,1880.02,1879.99,1880.0,0.2722734967902521,,
2026-08-15 05:49:00+00:00,1880.0,1880.01,1879.41,1879.67,2350.60283,,
2026-08-15 05:50:00+00:00,1879.67,1879.98,1878.98,1878.98,218.98259,,
2026-08-15 05:51:00+00:00,1878.98,1878.99,1878.98,1878.98,0.16153,,
2026-08-15 05:52:00+00:00,1878.98,1879.74,1878.98,1879.74,129.85279,,
2026-08-15 05:53:00+00:00,1879.74,1880.02,1878.67,1879.98,36.03844,,
2026-08-15 05:54:00+00:00,1879.98,1879.98,1879.98,1879.98,0.0,,
2026-08-15 05:55:00+00:00,1879.98,1879.99,1879.5,1879.67,567.04925,,
2026-08-15 05:56:00+00:00,1879.67,1879.98,1879.15,1879.15,608.3174,,
2026-08-15 05:57:00+00:00,1879.15,1879.98,1878.96,1879.98,285.20109,,
2026-08-15 05:58:00+00:00,1879.98,1880.02,1879.47,1879.98,167.13162,,
2026-08-15 05:59:00+00:00,1879.98,1880.02,1879.98,1880.02,0.12181,,
2026-08-15 06:00:00+00:00,1880.02,1880.02,1879.98,1880.01,1.64563,,
2026-08-15 06:01:00+00:00,1880.01,1880.02,1879.98,1880.02,1.09674,,
2026-08-15 06:02:00+00:00,1880.02,1880.02,1879.98,1880.01,0.90976,,
2026-08-15 06:03:00+00:00,1880.01,1880.53,1880.01,1880.36,1105.72594,,
2026-08-15 06:04:00+00:00,1880.36,1880.36,1879.98,1880.0,0.87269,,
2026-08-15 06:05:00+00:00,1880.0,1880.0,1879.98,1879.98,0.26029,,
2026-08-15 06:06:00+00:00,1879.98,1880.0,1879.98,1879.99,0.20848,,
2026-08-15 06:07:00+00:00,1879.99,1880.58,1879.99,1880.58,175.62857,,
2026-08-15 06:08:00+00:00,1880.58,1880.58,1880.04,1880.45,29.17327,,
2026-08-15 06:09:00+00:00,1880.45,1880.45,1880.04,1880.33,25.1225,,
2026-08-15 06:10:00+00:00,1880.33,1881.02,1879.99,1881.02,49.76422,,
2026-08-15 06:11:00+00:00,1881.02,1881.02,1880.99,1880.99,0.07611,,
2026-08-15 06:12:00+00:00,1880.99,1880.99,1880.0,1880.0,13.75293,,
2026-08-15 06:13:00+00:00,1880.0,1880.02,1879.99,1880.0,2.10171,,
2026-08-15 06:14:00+00:00,1880.0,1880.02,1879.41,1879.41,2123.32497,,
2026-08-15 06:15:00+00:00,1879.41,1880.03,1879.41,1880.03,0.71522,,
2026-08-15 06:16:00+00:00,1880.03,1880.04,1879.97,1879.99,0.60894,,
2026-08-15 06:17:00+00:00,1879.99,1880.02,1879.98,1880.01,1.6691916354776029,,
2026-08-15 06:18:00+00:00,1880.01,1880.02,1879.98,1879.99,1.55323,,
2026-08-15 06:19:00+00:00,1879.99,1880.02,1879.98,1879.98,1.31002,,
2026-08-15 06:20:00+00:00,1879.98,1880.01,1879.98,1879.99,1.92742,,
2026-08-15 06:21:00+00:00,1879.99,1880.02,1879.99,1880.02,2.11358,,
2026-08-15 06:22:00+00:00,1880.02,1880.57,1879.98,1879.98,307.7064394943447,,
2026-08-15 06:23:00+00:00,1879.98,1880.5,1879.98,1880.02,189.0224546705574,,
2026-08-15 06:24:00+00:00,1880.02,1880.02,1880.0,1880.01,0.53347,,
2026-08-15 06:25:00+00:00,1880.01,1880.83,1880.0,1880.52,38.67408398554174,,
2026-08-15 06:26:00+00:00,1880.52,1880.52,1879.99,1880.02,0.91401,,
2026-08-15 06:27:00+00:00,1880.02,1880.02,1879.61,1880.02,28.02958,,
2026-08-15 06:28:00+00:00,1880.02,1880.02,1879.67,1879.67,31.69389,,
2026-08-15 06:29:00+00:00,1879.67,1879.7,1879.2,1879.7,13.10506,,
2026-08-15 06:30:00+00:00,1879.7,1879.7,1879.7,1879.7,0.0,,
2026-08-15 06:31:00+00:00,1879.7,1879.7,1879.7,1879.7,0.0,,
2026-08-15 06:32:00+00:00,1879.7,1879.7,1879.7,1879.7,0.0,,
2026-08-15 06:33:00+00:00,1879.7,1879.7,1879.7,1879.7,0.0,,
2026-08-15 06:34:00+00:00,1879.7,1879.7,1879.7,1879.7,0.0,,
2026-08-15 06:35:00+00:00,1879.7,1879.7,1879.7,1879.7,0.0,,
2026-08-15 06:36:00+00:00,1879.7,1879.7,1879.7,1879.7,0.0,,
2026-08-15 06:37:00+00:00,1879.7,1879.7,1879.7,1879.7,0.0,,
2026-08-15 06:38:00+00:00,1879.7,1879.7,1878.77,1878.77,0.2396166291473447,,
2026-08-15 06:39:00+00:00,1878.77,1878.77,1878.77,1878.77,0.0,,
2026-08-15 06:40:00+00:00,1878.77,1880.11,1878.77,1880.11,0.9637299625228156,,
2026-08-15 06:41:00+00:00,1880.11,1880.11,1880.11,1880.11,0.0,,
2026-08-15 06:42:00+00:00,1880.11,1880.37,1879.93,1880.36,3.712253240351606,,
2026-08-15 06:43:00+00:00,1880.36,1881.02,1880.36,1881.02,0.28819,,
2026-08-15 06:44:00+00:00,1881.02,1881.02,1880.98,1881.02,1.9054,,
2026-08-15 06:45:00+00:00,1881.02,1881.02,1881.0,1881.02,1.20173,,
2026-08-15 06:46:00+00:00,1881.02,1881.02,1881.02,1881.02,0.0,,
2026-08-15 06:47:00+00:00,1881.02,1881.02,1881.02,1881.02,0.07612,,
2026-08-15 06:48:00+00:00,1881.02,1881.02,1880.98,1881.02,0.4411392778745521,,
2026-08-15 06:49:00+00:00,1881.02,1881.85,1880.99,1881.53,116.35342767759867,,
2026-08-15 06:50:00+00:00,1881.53,1882.36,1881.02,1882.01,53.92954757222802,,
2026-08-15 06:51:00+00:00,1882.01,1882.25,1881.81,1881.99,23.04156,,
2026-08-15 06:52:00+00:00,1881.99,1882.53,1881.98,1882.53,121.95528,,
2026-08-15 06:53:00+00:00,1882.53,1882.98,1882.04,1882.47,246.70138,,
2026-08-15 06:54:00+00:00,1882.47,1882.98,1881.99,1882.0,71.27915,,
2026-08-15 06:55:00+00:00,1882.0,1882.53,1882.0,1882.53,726.30588,,
2026-08-15 06:56:00+00:00,1882.53,1883.02,1882.17,1882.39,336.9926683753782,,
2026-08-15 06:57:00+00:00,1882.39,1883.02,1881.15,1881.25,1142.0145006474368,,
2026-08-15 06:58:00+00:00,1881.25,1881.25,1880.98,1881.0,1.16359,,
2026-08-15 06:59:00+00:00,1881.0,1881.33,1880.99,1881.33,31.51772,,
2026-08-15 07:00:00+00:00,1881.33,1881.38,1880.99,1881.02,0.91556,,
2026-08-15 07:01:00+00:00,1881.02,1881.02,1880.98,1881.0,1.37447,,
2026-08-15 07:02:00+00:00,1881.0,1881.02,1881.0,1881.0,1.93521,,
2026-08-15 07:03:00+00:00,1881.0,1881.02,1880.99,1881.0,0.91298,,
2026-08-15 07:04:00+00:00,1881.0,1881.02,1880.98,1881.02,0.37618,,
2026-08-15 07:05:00+00:00,1881.02,1881.02,1881.02,1881.02,0.10999,,
2026-08-15 07:06:00+00:00,1881.02,1881.02,1880.99,1880.99,0.9423917945989092,,
2026-08-15 07:07:00+00:00,1880.99,1881.02,1880.96,1880.97,1.7046590145492977,,
2026-08-15 07:08:00+00:00,1880.97,1881.02,1879.8,1879.8,5285.04042,,
2026-08-15 07:09:00+00:00,1879.8,1881.03,1879.8,1880.52,122.20674,,
2026-08-15 07:10:00+00:00,1880.52,1881.04,1880.52,1880.57,83.96442,,
2026-08-15 07:11:00+00:00,1880.57,1881.0,1880.39,1880.67,369.6697,,
2026-08-15 07:12:00+00:00,1880.67,1881.01,1880.46,1880.47,640.8022,,
2026-08-15 07:13:00+00:00,1880.47,1881.2,1880.47,1881.2,698.51437,,
2026-08-15 07:14:00+00:00,1881.2,1881.84,1881.02,1881.66,279.93851,,
2026-08-15 07:15:00+00:00,1881.66,1881.96,1881.15,1881.33,31.17262722458738,,
2026-08-15 07:16:00+00:00,1881.33,1881.98,1880.96,1880.99,26.49952722458738,,
2026-08-15 07:17:00+00:00,1880.99,1881.01,1880.99,1881.01,0.28218,,
2026-08-15 07:18:00+00:00,1881.01,1881.01,1880.99,1880.99,0.09364,,
2026-08-15 07:19:00+00:00,1880.99,1881.04,1880.99,1881.04,0.17457,,
2026-08-15 07:20:00+00:00,1881.04,1881.04,1880.99,1880.99,0.07869,,
2026-08-15 07:21:00+00:00,1880.99,1880.99,1880.99,1880.99,0.0,,
2026-08-15 07:22:00+00:00,1880.99,1881.02,1880.44,1880.47,162.7859,,
2026-08-15 07:23:00+00:00,1880.47,1880.47,1880.3,1880.35,1.65836,,
2026-08-15 07:24:00+00:00,1880.35,1880.98,1880.02,1880.53,272.58491,,
2026-08-15 07:25:00+00:00,1880.53,1880.98,1880.53,1880.67,1133.22706,,
2026-08-15 07:26:00+00:00,1880.67,1881.02,1880.67,1881.0,1.1424,,
2026-08-15 07:27:00+00:00,1881.0,1881.02,1880.36,1880.47,779.86663,,
2026-08-15 07:28:00+00:00,1880.47,1880.98,1880.37,1880.47,456.65209,,
2026-08-15 07:29:00+00:00,1880.47,1880.98,1880.47,1880.96,68.311,,
2026-08-15 07:30:00+00:00,1880.96,1880.96,1880.96,1880.96,0.0,,
2026-08-15 07:31:00+00:00,1880.96,1880.96,1880.96,1880.96,0.0,,
2026-08-15 07:32:00+00:00,1880.96,1880.96,1880.96,1880.96,0.0,,
2026-08-15 07:33:00+00:00,1880.96,1880.96,1880.96,1880.96,0.0,,
2026-08-15 07:34:00+00:00,1880.96,1880.96,1880.96,1880.96,0.0,,
2026-08-15 07:35:00+00:00,1880.96,1880.96,1880.96,1880.96,0.0,,
2026-08-15 07:36:00+00:00,1880.96,1880.96,1880.96,1880.96,0.0,,
2026-08-15 07:37:00+00:00,1880.96,1880.96,1879.64,1879.64,1.9593274841124453,,
2026-08-15 07:38:00+00:00,1879.64,1881.36,1879.64,1879.64,3.73026538602906,,
2026-08-15 07:39:00+00:00,1879.64,1879.67,1879.64,1879.64,0.4651976030273816,,
2026-08-15 07:40:00+00:00,1879.64,1879.64,1879.64,1879.64,0.0,,
2026-08-15 07:41:00+00:00,1879.64,1879.64,1879.64,1879.64,0.0,,
2026-08-15 07:42:00+00:00,1879.64,1879.64,1879.64,1879.64,0.0,,
2026-08-15 07:43:00+00:00,1879.64,1879.64,1879.64,1879.64,0.0,,
2026-08-15 07:44:00+00:00,1879.64,1879.64,1879.64,1879.64,0.0,,
2026-08-15 07:45:00+00:00,1879.64,1879.64,1879.64,1879.64,0.0,,
2026-08-15 07:46:00+00:00,1879.64,1879.64,1879.64,1879.64,0.0,,
2026-08-15 07:47:00+00:00,1879.64,1879.64,1879.64,1879.64,0.0,,
2026-08-15 07:48:00+00:00,1879.64,1879.64,1879.64,1879.64,0.0,,
2026-08-15 07:49:00+00:00,1879.64,1879.64,1879.64,1879.64,0.0,,
2026-08-15 07:50:00+00:00,1879.64,1879.64,1879.64,1879.64,0.0,,
2026-08-15 07:51:00+00:00,1879.64,1881.36,1879.64,1879.64,4.83097261796421,,
2026-08-15 07:52:00+00:00,1879.64,1879.66,1879.64,1879.64,0.9025041226464946,,
2026-08-15 07:53:00+00:00,1879.64,1879.64,1879.64,1879.64,0.0,,
2026-08-15 07:54:00+00:00,1879.64,1879.64,1879.64,1879.64,0.0,,
2026-08-15 07:55:00+00:00,1879.64,1879.99,1879.64,1879.99,0.19837,,
2026-08-15 07:56:00+00:00,1879.99,1879.99,1878.99,1878.99,33.02668,,
2026-08-15 07:57:00+00:00,1878.99,1879.85,1878.99,1879.59,232.92190847415384,,
2026-08-15 07:58:00+00:00,1879.59,1879.6,1879.02,1879.53,248.81192,,
2026-08-15 07:59:00+00:00,1879.53,1879.64,1879.02,1879.53,1088.14058,,
2026-08-15 08:00:00+00:00,1879.53,1879.65,1879.02,1879.53,869.11994,,
2026-08-15 08:01:00+00:00,1879.53,1879.53,1879.01,1879.32,161.47273,,
2026-08-15 08:02:00+00:00,1879.32,1879.32,1878.47,1878.98,2035.85401,,
2026-08-15 08:03:00+00:00,1878.98,1879.02,1878.97,1878.99,0.95725,,
2026-08-15 08:04:00+00:00,1878.99,1879.42,1878.98,1879.33,409.59191,,
2026-08-15 08:05:00+00:00,1879.33,1879.53,1879.02,1879.53,448.24721,,
2026-08-15 08:06:00+00:00,1879.53,1879.53,1879.0,1879.53,171.15906,,
2026-08-15 08:07:00+00:00,1879.53,1879.54,1879.04,1879.53,105.2698,,
2026-08-15 08:08:00+00:00,1879.53,1880.12,1879.04,1879.99,30.17275,,
2026-08-15 08:09:00+00:00,1879.99,1880.02,1879.98,1880.02,0.88263,,
2026-08-15 08:10:00+00:00,1880.02,1880.02,1879.98,1879.98,0.6904,,
2026-08-15 08:11:00+00:00,1879.98,1880.01,1879.98,1879.98,0.31964,,
2026-08-15 08:12:00+00:00,1879.98,1879.99,1879.51,1879.52,2423.89482,,
2026-08-15 08:13:00+00:00,1879.52,1880.02,1879.52,1879.98,164.51522,,
2026-08-15 08:14:00+00:00,1879.98,1880.02,1879.96,1880.01,0.6165126211195981,,
2026-08-15 08:15:00+00:00,1880.01,1880.02,1880.0,1880.01,1.03678,,
2026-08-15 08:16:00+00:00,1880.01,1880.02,1879.98,1879.98,1.27976,,
2026-08-15 08:17:00+00:00,1879.98,1880.02,1879.96,1879.99,1.9492503282535003,,
2026-08-15 08:18:00+00:00,1879.99,1880.5,1878.64,1880.33,83.48038889836124,,
2026-08-15 08:19:00+00:00,1880.33,1880.51,1880.02,1880.33,534.35887,,
2026-08-15 08:20:00+00:00,1880.33,1880.33,1879.99,1879.99,0.67104,,
2026-08-15 08:21:00+00:00,1879.99,1880.04,1879.98,1880.01,1.71738,,
2026-08-15 08:22:00+00:00,1880.01,1880.01,1879.99,1880.0,1.51318,,
2026-08-15 08:23:00+00:00,1880.0,1880.53,1879.99,1880.33,252.12686,,
2026-08-15 08:24:00+00:00,1880.33,1880.59,1880.02,1880.53,179.01334,,
2026-08-15 08:25:00+00:00,1880.53,1880.98,1880.48,1880.49,111.99104,,
2026-08-15 08:26:00+00:00,1880.49,1880.99,1880.48,1880.48,553.59575,,
2026-08-15 08:27:00+00:00,1880.48,1880.98,1879.96,1879.96,63.65334,,
2026-08-15 08:28:00+00:00,1879.96,1880.0,1879.96,1879.98,0.7706625920394572,,
2026-08-15 08:29:00+00:00,1879.98,1880.2,1879.64,1879.64,0.6000997833491363,,
2026-08-15 08:30:00+00:00,1879.64,1879.64,1879.64,1879.64,0.0,,
2026-08-15 08:31:00+00:00,1879.64,1879.64,1879.64,1879.64,0.0,,
2026-08-15 08:32:00+00:00,1879.64,1879.7,1879.64,1879.64,0.8885999391018373,,
2026-08-15 08:33:00+00:00,1879.64,1879.64,1879.64,1879.64,0.5492623404255319,,
2026-08-15 08:34:00+00:00,1879.64,1879.64,1879.64,1879.64,0.0,,
2026-08-15 08:35:00+00:00,1879.64,1879.64,1878.65,1878.65,0.7005423123276793,,
2026-08-15 08:36:00+00:00,1878.65,1879.24,1878.65,1879.17,0.1858265768897074,,
2026-08-15 08:37:00+00:00,1879.17,1879.2,1878.47,1878.85,96.73218371190192,,
2026-08-15 08:38:00+00:00,1878.85,1879.0,1878.85,1879.0,0.1105,,
2026-08-15 08:39:00+00:00,1879.0,1879.05,1878.94,1879.05,0.18253,,
2026-08-15 08:40:00+00:00,1879.05,1879.11,1877.64,1878.0,207.78977869089687,,
2026-08-15 08:41:00+00:00,1878.0,1878.02,1877.6,1878.0,2030.5379373798587,,
2026-08-15 08:42:00+00:00,1878.0,1878.02,1877.98,1877.98,0.7713653571017849,,
2026-08-15 08:43:00+00:00,1877.98,1877.99,1877.55,1877.55,65.25788163428408,,
2026-08-15 08:44:00+00:00,1877.55,1878.06,1877.55,1877.98,0.9942751513327698,,
2026-08-15 08:45:00+00:00,1877.98,1878.04,1877.61,1877.62,32.30104,,
2026-08-15 08:46:00+00:00,1877.62,1878.07,1877.61,1878.06,0.8796,,
2026-08-15 08:47:00+00:00,1878.06,1878.06,1877.61,1878.04,55.13387,,
2026-08-15 08:48:00+00:00,1878.04,1878.12,1877.98,1878.0,1.18865,,
2026-08-15 08:49:00+00:00,1878.0,1878.13,1877.47,1877.47,45.86783,,
2026-08-15 08:50:00+00:00,1877.47,1877.47,1877.01,1877.01,1.36711,,
2026-08-15 08:51:00+00:00,1877.01,1877.06,1876.98,1876.99,1.1516239911124848,,
2026-08-15 08:52:00+00:00,1876.99,1876.99,1876.53,1876.98,32.46644,,
2026-08-15 08:53:00+00:00,1876.98,1876.98,1876.98,1876.98,0.0,,
2026-08-15 08:54:00+00:00,1876.98,1876.98,1875.6,1875.99,2414.32565,,
2026-08-15 08:55:00+00:00,1875.99,1876.53,1875.98,1876.53,57.81303,,
2026-08-15 08:56:00+00:00,1876.53,1876.53,1875.98,1876.33,284.82468,,
2026-08-15 08:57:00+00:00,1876.33,1876.53,1876.01,1876.51,883.41976,,
2026-08-15 08:58:00+00:00,1876.51,1876.82,1876.02,1876.82,325.92975,,
2026-08-15 08:59:00+00:00,1876.82,1877.02,1876.02,1876.02,141.51648,,
2026-08-15 09:00:00+00:00,1876.02,1876.02,1876.02,1876.02,0.0,,
2026-08-15 09:01:00+00:00,1876.02,1876.02,1875.99,1875.99,2.4301935346684753,,
2026-08-15 09:02:00+00:00,1875.99,1876.02,1875.99,1875.99,1.0247,,
2026-08-15 09:03:00+00:00,1875.99,1876.33,1875.99,1876.33,63.0426,,
2026-08-15 09:04:00+00:00,1876.33,1876.52,1874.64,1875.61,2141.0341660810527,,
2026-08-15 09:05:00+00:00,1875.61,1875.61,1875.61,1875.61,0.0,,
2026-08-15 09:06:00+00:00,1875.61,1875.98,1875.01,1875.01,63.73422448659144,,
2026-08-15 09:07:00+00:00,1875.01,1876.02,1874.98,1876.0,23.54957448659144,,
2026-08-15 09:08:00+00:00,1876.0,1876.02,1875.98,1876.02,0.58797,,
2026-08-15 09:09:00+00:00,1876.02,1876.37,1876.02,1876.37,2027.89896,,
2026-08-15 09:10:00+00:00,1876.37,1876.63,1876.02,1876.53,158.2254,,
2026-08-15 09:11:00+00:00,1876.53,1877.0,1876.53,1876.99,3.1096803282535004,,
2026-08-15 09:12:00+00:00,1876.99,1877.01,1876.96,1877.0,0.69074,,
2026-08-15 09:13:00+00:00,1877.0,1877.02,1876.88,1876.99,1.5368119900983213,,
2026-08-15 09:14:00+00:00,1876.99,1877.02,1876.91,1876.98,0.58626,,
2026-08-15 09:15:00+00:00,1876.98,1877.02,1876.98,1877.02,0.10377,,
2026-08-15 09:16:00+00:00,1877.02,1877.02,1876.98,1876.98,0.7721435478806578,,
2026-08-15 09:17:00+00:00,1876.98,1877.02,1876.98,1876.99,0.6584439441572973,,
2026-08-15 09:18:00+00:00,1876.99,1877.02,1876.99,1876.99,0.2450366327824484,,
2026-08-15 09:19:00+00:00,1876.99,1877.02,1876.98,1876.99,0.7661566327824484,,
2026-08-15 09:20:00+00:00,1876.99,1877.01,1876.98,1877.01,0.41346,,
2026-08-15 09:21:00+00:00,1877.01,1877.02,1876.98,1877.01,0.43566,,
2026-08-15 09:22:00+00:00,1877.01,1877.02,1877.0,1877.0,0.17682,,
2026-08-15 09:23:00+00:00,1877.0,1877.02,1876.98,1876.98,1.07464,,
2026-08-15 09:24:00+00:00,1876.98,1877.04,1876.98,1877.01,0.81823,,
2026-08-15 09:25:00+00:00,1877.01,1877.07,1876.98,1876.98,1.1166917056465344,,
2026-08-15 09:26:00+00:00,1876.98,1877.07,1876.98,1877.01,2.050747759810853,,
2026-08-15 09:27:00+00:00,1877.01,1877.49,1877.0,1877.33,287.4427182943534,,
2026-08-15 09:28:00+00:00,1877.33,1877.49,1877.02,1877.44,340.47175,,
2026-08-15 09:29:00+00:00,1877.44,1877.47,1877.02,1877.46,63.08043,,
2026-08-15 09:30:00+00:00,1877.46,1877.46,1877.46,1877.46,0.0,,
2026-08-15 09:31:00+00:00,1877.46,1877.46,1877.46,1877.46,0.0,,
2026-08-15 09:32:00+00:00,1877.46,1877.85,1877.35,1877.83,1.66096,,
2026-08-15 09:33:00+00:00,1877.83,1877.83,1877.83,1877.83,0.0,,
2026-08-15 09:34:00+00:00,1877.83,1878.36,1877.82,1877.82,3.4454099114552843,,
2026-08-15 09:35:00+00:00,1877.82,1878.75,1877.82,1878.47,8.907706201146153,,
2026-08-15 09:36:00+00:00,1878.47,1878.47,1878.02,1878.33,144.67924,,
2026-08-15 09:37:00+00:00,1878.33,1878.53,1878.01,1878.52,423.15877,,
2026-08-15 09:38:00+00:00,1878.52,1878.84,1878.02,1878.83,189.04492,,
2026-08-15 09:39:00+00:00,1878.83,1879.02,1878.83,1879.01,1.37674,,
2026-08-15 09:40:00+00:00,1879.01,1879.01,1878.43,1878.45,123.90329,,
2026-08-15 09:41:00+00:00,1878.45,1878.98,1878.45,1878.47,707.66326,,
2026-08-15 09:42:00+00:00,1878.47,1879.01,1878.47,1879.01,35.49065,,
2026-08-15 09:43:00+00:00,1879.01,1879.01,1878.41,1878.47,363.43667,,
2026-08-15 09:44:00+00:00,1878.47,1879.02,1878.42,1879.0,190.49453,,
2026-08-15 09:45:00+00:00,1879.0,1879.02,1878.98,1879.02,0.24531,,
2026-08-15 09:46:00+00:00,1879.02,1879.33,1878.99,1879.33,31.80045,,
2026-08-15 09:47:00+00:00,1879.33,1879.33,1878.99,1879.02,0.3313546985507587,,
2026-08-15 09:48:00+00:00,1879.02,1879.38,1878.99,1879.01,32.0933,,
2026-08-15 09:49:00+00:00,1879.01,1879.02,1879.01,1879.02,0.10112,,
2026-08-15 09:50:00+00:00,1879.02,1879.53,1878.99,1879.53,82.58422007367996,,
2026-08-15 09:51:00+00:00,1879.53,1879.53,1878.99,1879.01,31.616923496790253,,
2026-08-15 09:52:00+00:00,1879.01,1879.01,1879.01,1879.01,0.0,,
2026-08-15 09:53:00+00:00,1879.01,1879.56,1879.01,1879.53,222.10855,,
2026-08-15 09:54:00+00:00,1879.53,1880.33,1879.53,1880.19,1.00578,,
2026-08-15 09:55:00+00:00,1880.19,1880.2,1879.98,1879.98,0.83747,,
2026-08-15 09:56:00+00:00,1879.98,1880.0,1879.98,1879.99,0.45225,,
2026-08-15 09:57:00+00:00,1879.99,1880.01,1879.98,1880.0,0.47257,,
2026-08-15 09:58:00+00:00,1880.0,1880.02,1880.0,1880.01,0.6496175266194449,,
2026-08-15 09:59:00+00:00,1880.01,1880.02,1879.53,1879.55,1768.33456,,
2026-08-15 10:00:00+00:00,1879.55,1880.02,1879.55,1880.02,1.54080201749497,,
2026-08-15 10:01:00+00:00,1880.02,1880.02,1878.65,1878.65,95.69329451669893,,
2026-08-15 10:02:00+00:00,1878.65,1879.18,1878.02,1878.02,1091.97457,,
2026-08-15 10:03:00+00:00,1878.02,1878.03,1877.64,1877.64,2.453141797189065,,
2026-08-15 10:04:00+00:00,1877.64,1878.02,1877.64,1877.88,16.92488591028315,,
2026-08-15 10:05:00+00:00,1877.88,1878.02,1877.88,1877.98,7.8258415108838815,,
2026-08-15 10:06:00+00:00,1877.98,1878.02,1877.96,1877.98,10.560760021756632,,
2026-08-15 10:07:00+00:00,1877.98,1878.02,1877.93,1877.98,1.582624346298227,,
2026-08-15 10:08:00+00:00,1877.98,1878.02,1877.96,1877.96,4.546086781279182,,
2026-08-15 10:09:00+00:00,1877.96,1878.02,1877.96,1877.98,2.0700386251102914,,
2026-08-15 10:10:00+00:00,1877.98,1878.63,1877.96,1878.62,233.0901243432845,,
2026-08-15 10:11:00+00:00,1878.62,1878.68,1877.98,1878.63,39.72906067289577,,
2026-08-15 10:12:00+00:00,1878.63,1878.63,1877.96,1877.99,120.90467396366056,,
2026-08-15 10:13:00+00:00,1877.99,1878.47,1877.88,1878.33,128.01421821424935,,
2026-08-15 10:14:00+00:00,1878.33,1878.48,1878.02,1878.46,506.36091,,
2026-08-15 10:15:00+00:00,1878.46,1878.48,1877.98,1878.33,600.9390353272835,,
2026-08-15 10:16:00+00:00,1878.33,1878.41,1877.93,1878.33,347.09266412327867,,
2026-08-15 10:17:00+00:00,1878.33,1878.41,1877.93,1878.33,148.5385683636703,,
2026-08-15 10:18:00+00:00,1878.33,1878.45,1877.8,1877.96,132.59988612244052,,
2026-08-15 10:19:00+00:00,1877.96,1878.67,1877.96,1878.59,318.6869,,
2026-08-15 10:20:00+00:00,1878.59,1878.61,1878.58,1878.59,1.67194,,
2026-08-15 10:21:00+00:00,1878.59,1878.61,1878.02,1878.59,178.15744,,
2026-08-15 10:22:00+00:00,1878.59,1878.61,1877.98,1878.59,179.39516386798834,,
2026-08-15 10:23:00+00:00,1878.59,1878.61,1878.02,1878.59,204.66971,,
2026-08-15 10:24:00+00:00,1878.59,1878.61,1878.02,1878.53,195.42772190245847,,
2026-08-15 10:25:00+00:00,1878.53,1878.61,1877.98,1878.53,529.8453876611811,,
2026-08-15 10:26:00+00:00,1878.53,1878.6,1878.01,1878.53,274.20602,,
2026-08-15 10:27:00+00:00,1878.53,1878.61,1878.02,1878.59,107.47251568699994,,
2026-08-15 10:28:00+00:00,1878.59,1878.6,1878.02,1878.59,143.07209294485097,,
2026-08-15 10:29:00+00:00,1878.59,1878.61,1878.59,1878.59,2.645170973045028,,
2026-08-15 10:30:00+00:00,1878.59,1878.61,1878.59,1878.6,1.1138442387641796,,
2026-08-15 10:31:00+00:00,1878.6,1879.6,1877.64,1879.59,2216.3840062567397,,
2026-08-15 10:32:00+00:00,1879.59,1880.06,1878.64,1878.93,3012.962315258375,,
2026-08-15 10:33:00+00:00,1878.93,1879.52,1878.93,1879.47,200.0326597812681,,
2026-08-15 10:34:00+00:00,1879.47,1879.53,1879.01,1879.46,487.6575603519916,,
2026-08-15 10:35:00+00:00,1879.46,1879.48,1878.96,1878.96,34.23958276007402,,
2026-08-15 10:36:00+00:00,1878.96,1879.02,1878.96,1878.98,4.432923759070576,,
2026-08-15 10:37:00+00:00,1878.98,1879.02,1878.98,1879.02,0.2937807190721786,,
2026-08-15 10:38:00+00:00,1879.02,1879.02,1879.0,1879.02,0.47956,,
2026-08-15 10:39:00+00:00,1879.02,1879.7,1878.88,1879.6,637.5334303027595,,
2026-08-15 10:40:00+00:00,1879.6,1879.96,1878.98,1879.53,1601.5070923930991,,
2026-08-15 10:41:00+00:00,1879.53,1879.53,1879.01,1879.33,259.99518,,
2026-08-15 10:42:00+00:00,1879.33,1879.33,1878.98,1878.98,2.920619911415108,,
2026-08-15 10:43:00+00:00,1878.98,1878.98,1878.98,1878.98,0.5674953441106444,,
2026-08-15 10:44:00+00:00,1878.98,1879.04,1878.98,1878.98,2.744712157818279,,
2026-08-15 10:45:00+00:00,1878.98,1879.53,1878.98,1879.52,247.2208055604817,,
2026-08-15 10:46:00+00:00,1879.52,1880.02,1879.12,1879.98,20.617450354059415,,
2026-08-15 10:47:00+00:00,1879.98,1880.02,1879.88,1879.98,7.495222693358685,,
2026-08-15 10:48:00+00:00,1879.98,1879.99,1879.89,1879.99,0.4324005288954983,,
2026-08-15 10:49:00+00:00,1879.99,1880.0,1879.96,1879.98,2.2309636195161864,,
2026-08-15 10:50:00+00:00,1879.98,1880.02,1879.98,1879.98,1.637170568208406,,
2026-08-15 10:51:00+00:00,1879.98,1880.02,1878.64,1879.98,81.0642220500121,,
2026-08-15 10:52:00+00:00,1879.98,1880.02,1879.96,1880.01,3.530252787441548,,
2026-08-15 10:53:00+00:00,1880.01,1880.04,1878.64,1878.64,1.5067935141693063,,
2026-08-15 10:54:00+00:00,1878.64,1880.0,1878.64,1879.99,1.364966264495124,,
2026-08-15 10:55:00+00:00,1879.99,1880.02,1879.98,1880.02,0.9387029085574126,,
2026-08-15 10:56:00+00:00,1880.02,1880.03,1879.98,1879.99,0.94296,,
2026-08-15 10:57:00+00:00,1879.99,1880.35,1879.99,1880.01,1.37088,,
2026-08-15 10:58:00+00:00,1880.01,1880.02,1879.98,1880.02,1.4957236046835567,,
2026-08-15 10:59:00+00:00,1880.02,1880.76,1879.99,1880.02,1162.53258,,
2026-08-15 11:00:00+00:00,1880.02,1880.02,1879.97,1879.99,0.90138,,
2026-08-15 11:01:00+00:00,1879.99,1880.04,1879.98,1880.04,0.76363,,
2026-08-15 11:02:00+00:00,1880.04,1880.04,1880.01,1880.01,0.73897,,
2026-08-15 11:03:00+00:00,1880.01,1880.02,1880.0,1880.02,0.34999,,
2026-08-15 11:04:00+00:00,1880.02,1880.02,1880.01,1880.02,0.2808,,
2026-08-15 11:05:00+00:00,1880.02,1880.76,1879.96,1880.0,0.8078999014792149,,
2026-08-15 11:06:00+00:00,1880.0,1880.02,1879.98,1879.99,1.7323261657038904,,
2026-08-15 11:07:00+00:00,1879.99,1880.34,1879.98,1880.33,32.98665851063829,,
2026-08-15 11:08:00+00:00,1880.33,1880.53,1880.02,1880.33,397.6039419002168,,
2026-08-15 11:09:00+00:00,1880.33,1880.51,1880.0,1880.0,63.62923,,
2026-08-15 11:10:00+00:00,1880.0,1880.07,1879.98,1880.02,5.639039843314592,,
2026-08-15 11:11:00+00:00,1880.02,1880.02,1879.99,1879.99,0.79019,,
2026-08-15 11:12:00+00:00,1879.99,1880.02,1879.98,1880.0,1.4868210706496876,,
2026-08-15 11:13:00+00:00,1880.0,1880.02,1879.97,1879.98,3.569311757343837,,
2026-08-15 11:14:00+00:00,1879.98,1880.02,1879.98,1880.02,1.2659454419727867,,
2026-08-15 11:15:00+00:00,1880.02,1880.04,1879.99,1880.0,1.3546,,
2026-08-15 11:16:00+00:00,1880.0,1880.0,1879.97,1879.97,0.37828,,
2026-08-15 11:17:00+00:00,1879.97,1880.02,1879.97,1879.99,1.80513,,
2026-08-15 11:18:00+00:00,1879.99,1880.02,1879.99,1879.99,2.46458,,
2026-08-15 11:19:00+00:00,1879.99,1880.02,1878.67,1878.67,24.387523354967648,,
2026-08-15 11:20:00+00:00,1878.67,1879.27,1878.67,1878.67,17.0847485731309,,
2026-08-15 11:21:00+00:00,1878.67,1879.02,1878.67,1879.01,0.48681,,
2026-08-15 11:22:00+00:00,1879.01,1879.02,1878.96,1878.98,0.9868553481814424,,
2026-08-15 11:23:00+00:00,1878.98,1879.02,1878.98,1879.02,2.284262415403566,,
2026-08-15 11:24:00+00:00,1879.02,1879.02,1878.98,1879.02,0.8108768849874611,,
2026-08-15 11:25:00+00:00,1879.02,1879.04,1878.64,1878.64,2.586541365872418,,
2026-08-15 11:26:00+00:00,1878.64,1879.02,1878.64,1879.02,0.4435727705024414,,
2026-08-15 11:27:00+00:00,1879.02,1879.02,1878.98,1879.02,4.650022780129009,,
2026-08-15 11:28:00+00:00,1879.02,1879.07,1878.98,1879.02,1.07229,,
2026-08-15 11:29:00+00:00,1879.02,1879.05,1878.98,1879.03,0.34989,,
2026-08-15 11:30:00+00:00,1879.03,1879.03,1879.03,1879.03,0.0,,
2026-08-15 11:31:00+00:00,1879.03,1879.03,1879.03,1879.03,0.0,,
2026-08-15 11:32:00+00:00,1879.03,1880.36,1879.03,1880.36,0.7060966063697794,,
2026-08-15 11:33:00+00:00,1880.36,1880.36,1878.64,1878.64,2.619727963140851,,
2026-08-15 11:34:00+00:00,1878.64,1880.36,1878.64,1878.64,0.4676492938214137,,
2026-08-15 11:35:00+00:00,1878.64,1878.64,1878.64,1878.64,0.0,,
2026-08-15 11:36:00+00:00,1878.64,1878.64,1878.64,1878.64,0.0,,
2026-08-15 11:37:00+00:00,1878.64,1878.64,1878.64,1878.64,0.0,,
2026-08-15 11:38:00+00:00,1878.64,1878.64,1878.64,1878.64,0.0,,
2026-08-15 11:39:00+00:00,1878.64,1879.98,1878.64,1879.53,32.62371,,
2026-08-15 11:40:00+00:00,1879.53,1879.99,1879.53,1879.67,248.07366,,
2026-08-15 11:41:00+00:00,1879.67,1879.67,1878.98,1878.98,0.0798178809229053,,
2026-08-15 11:42:00+00:00,1878.98,1880.0,1878.98,1880.0,0.0466285731308982,,
2026-08-15 11:43:00+00:00,1880.0,1880.0,1880.0,1880.0,0.0,,
2026-08-15 11:44:00+00:00,1880.0,1880.35,1880.0,1880.35,0.140336657384736,,
2026-08-15 11:45:00+00:00,1880.35,1880.35,1879.62,1879.62,0.09116,,
2026-08-15 11:46:00+00:00,1879.62,1880.35,1879.0,1879.28,786.73257,,
2026-08-15 11:47:00+00:00,1879.28,1879.28,1879.28,1879.28,0.0,,
2026-08-15 11:48:00+00:00,1879.28,1879.28,1879.28,1879.28,0.0,,
2026-08-15 11:49:00+00:00,1879.28,1879.28,1879.28,1879.28,0.0,,
2026-08-15 11:50:00+00:00,1879.28,1879.28,1878.47,1878.47,553.54216,,
2026-08-15 11:51:00+00:00,1878.47,1878.98,1878.3,1878.3,61.54565,,
2026-08-15 11:52:00+00:00,1878.3,1878.67,1877.98,1878.6,247.77773,,
2026-08-15 11:53:00+00:00,1878.6,1879.0,1878.6,1878.93,13.481245087762057,,
2026-08-15 11:54:00+00:00,1878.93,1879.02,1878.93,1878.98,0.3907489194545939,,
2026-08-15 11:55:00+00:00,1878.98,1878.98,1878.98,1878.98,0.0,,
2026-08-15 11:56:00+00:00,1878.98,1878.98,1878.98,1878.98,0.0,,
2026-08-15 11:57:00+00:00,1878.98,1878.98,1878.51,1878.53,275.17973,,
2026-08-15 11:58:00+00:00,1878.53,1879.0,1878.51,1878.98,267.60967,,
2026-08-15 11:59:00+00:00,1878.98,1878.99,1878.54,1878.54,306.92582,,
2026-08-15 12:00:00+00:00,1878.54,1878.98,1878.39,1878.45,208.35667155271932,,
2026-08-15 12:01:00+00:00,1878.45,1878.59,1877.93,1877.93,10.411056450857204,,
2026-08-15 12:02:00+00:00,1877.93,1878.5,1877.93,1878.49,113.3652296108892,,
2026-08-15 12:03:00+00:00,1878.49,1878.51,1878.02,1878.5,494.5890532782564,,
2026-08-15 12:04:00+00:00,1878.5,1878.5,1877.96,1877.98,241.33899804950687,,
2026-08-15 12:05:00+00:00,1877.98,1878.02,1877.98,1878.01,0.83642,,
2026-08-15 12:06:00+00:00,1878.01,1878.66,1877.98,1878.66,65.80196,,
2026-08-15 12:07:00+00:00,1878.66,1879.02,1878.66,1879.02,3.990512403932122,,
2026-08-15 12:08:00+00:00,1879.02,1879.02,1879.02,1879.02,0.0,,
2026-08-15 12:09:00+00:00,1879.02,1879.02,1877.99,1877.99,112.36705,,
2026-08-15 12:10:00+00:00,1877.99,1878.02,1877.99,1878.02,1.3825971865545963,,
2026-08-15 12:11:00+00:00,1878.02,1878.02,1877.88,1877.88,0.1830841739352967,,
2026-08-15 12:12:00+00:00,1877.88,1877.88,1877.88,1877.88,0.0,,
2026-08-15 12:13:00+00:00,1877.88,1877.88,1877.88,1877.88,0.0,,
2026-08-15 12:14:00+00:00,1877.88,1878.02,1877.88,1878.02,0.54323,,
2026-08-15 12:15:00+00:00,1878.02,1878.02,1878.02,1878.02,0.0,,
2026-08-15 12:16:00+00:00,1878.02,1878.02,1877.98,1878.01,1.9739624603999184,,
2026-08-15 12:17:00+00:00,1878.01,1878.49,1877.98,1878.33,158.28623,,
2026-08-15 12:18:00+00:00,1878.33,1878.53,1877.98,1878.33,410.0256653185817,,
2026-08-15 12:19:00+00:00,1878.33,1878.53,1878.02,1878.03,302.9587,,
2026-08-15 12:20:00+00:00,1878.03,1878.03,1877.98,1877.98,0.5246353916174862,,
2026-08-15 12:21:00+00:00,1877.98,1878.03,1877.98,1877.99,0.6242860286910678,,
2026-08-15 12:22:00+00:00,1877.99,1879.36,1877.98,1877.98,1.1566184624071685,,
2026-08-15 12:23:00+00:00,1877.98,1878.02,1877.98,1878.0,0.78725,,
2026-08-15 12:24:00+00:00,1878.0,1878.04,1877.98,1878.01,1.4124608200125663,,
2026-08-15 12:25:00+00:00,1878.01,1878.02,1877.98,1877.99,2.03754,,
2026-08-15 12:26:00+00:00,1877.99,1878.07,1877.96,1878.01,1.2934046630888492,,
2026-08-15 12:27:00+00:00,1878.01,1878.02,1877.99,1878.02,1.8742371865545964,,
2026-08-15 12:28:00+00:00,1878.02,1878.02,1877.99,1877.99,0.55341,,
2026-08-15 12:29:00+00:00,1877.99,1878.01,1877.98,1878.01,0.28824,,
2026-08-15 12:30:00+00:00,1878.01,1878.01,1878.01,1878.01,0.0,,
2026-08-15 12:31:00+00:00,1878.01,1879.36,1877.64,1877.64,1.6661700874169718,,
2026-08-15 12:32:00+00:00,1877.64,1879.36,1877.64,1879.36,0.0132938224168127,,
2026-08-15 12:33:00+00:00,1879.36,1879.36,1877.89,1879.12,0.1815,,
2026-08-15 12:34:00+00:00,1879.12,1879.12,1879.12,1879.12,0.0,,
2026-08-15 12:35:00+00:00,1879.12,1879.12,1879.12,1879.12,0.0137998880399334,,
2026-08-15 12:36:00+00:00,1879.12,1879.36,1877.64,1879.36,39.08036406515343,,
2026-08-15 12:37:00+00:00,1879.36,1879.36,1879.36,1879.36,0.0,,
2026-08-15 12:38:00+00:00,1879.36,1879.36,1879.36,1879.36,0.0,,
2026-08-15 12:39:00+00:00,1879.36,1879.36,1879.36,1879.36,0.0,,
2026-08-15 12:40:00+00:00,1879.36,1879.36,1877.7,1877.7,0.0852,,
2026-08-15 12:41:00+00:00,1877.7,1879.36,1876.64,1876.64,16.403643374247505,,
2026-08-15 12:42:00+00:00,1876.64,1876.7,1876.64,1876.69,0.0925698880399334,,
2026-08-15 12:43:00+00:00,1876.69,1876.72,1876.69,1876.72,0.0135145112615315,,
2026-08-15 12:44:00+00:00,1876.72,1876.73,1876.68,1876.68,0.5384217780840799,,
2026-08-15 12:45:00+00:00,1876.68,1879.19,1876.68,1879.19,0.2936536284046325,,
2026-08-15 12:46:00+00:00,1879.19,1879.19,1876.68,1877.2,12.805053505913246,,
2026-08-15 12:47:00+00:00,1877.2,1878.12,1876.64,1878.12,101.91069494925613,,
2026-08-15 12:48:00+00:00,1878.12,1878.12,1876.64,1876.64,0.4982703825916537,,
2026-08-15 12:49:00+00:00,1876.64,1878.07,1876.64,1876.64,1.6853276091416645,,
2026-08-15 12:50:00+00:00,1876.64,1876.64,1876.64,1876.64,0.0,,
2026-08-15 12:51:00+00:00,1876.64,1878.07,1876.64,1876.64,2.5005495278213683,,
2026-08-15 12:52:00+00:00,1876.64,1878.02,1876.64,1876.64,2.129869400659057,,
2026-08-15 12:53:00+00:00,1876.64,1876.64,1876.64,1876.64,0.0,,
2026-08-15 12:54:00+00:00,1876.64,1878.04,1876.64,1878.04,0.0531917722966611,,
2026-08-15 12:55:00+00:00,1878.04,1879.02,1878.02,1879.02,1379.69832,,
2026-08-15 12:56:00+00:00,1879.02,1879.02,1878.98,1879.01,0.98742,,
2026-08-15 12:57:00+00:00,1879.01,1880.57,1879.01,1880.57,2348.824870538954,,
2026-08-15 12:58:00+00:00,1880.57,1882.53,1880.47,1882.53,21640.187820143572,,
2026-08-15 12:59:00+00:00,1882.53,1883.36,1882.47,1882.99,94.22678942441728,,
2026-08-15 13:00:00+00:00,1882.99,1883.01,1881.98,1882.85,100.6535334657615,,
2026-08-15 13:01:00+00:00,1882.85,1882.85,1881.96,1882.02,1.54081,,
2026-08-15 13:02:00+00:00,1882.02,1882.02,1881.67,1881.67,244.794,,
2026-08-15 13:03:00+00:00,1881.67,1882.02,1881.42,1882.02,256.2811188555244,,
2026-08-15 13:04:00+00:00,1882.02,1883.37,1881.99,1883.35,2161.771580263347,,
2026-08-15 13:05:00+00:00,1883.35,1883.75,1882.99,1883.75,58.46339379391858,,
2026-08-15 13:06:00+00:00,1883.75,1884.33,1883.0,1883.02,2668.5217341685116,,
2026-08-15 13:07:00+00:00,1883.02,1883.04,1883.01,1883.04,1.6828353678665124,,
2026-08-15 13:08:00+00:00,1883.04,1883.04,1882.99,1882.99,0.09173,,
2026-08-15 13:09:00+00:00,1882.99,1883.02,1882.01,1882.01,40.84427,,
2026-08-15 13:10:00+00:00,1882.01,1882.33,1882.01,1882.33,2.174911223311198,,
2026-08-15 13:11:00+00:00,1882.33,1883.02,1881.99,1883.02,5017.157063287148,,
2026-08-15 13:12:00+00:00,1883.02,1883.02,1882.98,1882.98,3.6453005058573065,,
2026-08-15 13:13:00+00:00,1882.98,1883.02,1882.98,1883.02,0.82598,,
2026-08-15 13:14:00+00:00,1883.02,1883.35,1883.0,1883.01,1.33703,,
2026-08-15 13:15:00+00:00,1883.01,1883.37,1882.98,1883.37,2006.9185,,
2026-08-15 13:16:00+00:00,1883.37,1883.53,1883.02,1883.5,31.72661,,
2026-08-15 13:17:00+00:00,1883.5,1883.5,1881.98,1882.02,219.18494051842808,,
2026-08-15 13:18:00+00:00,1882.02,1882.38,1881.98,1882.02,35.65224553295971,,
2026-08-15 13:19:00+00:00,1882.02,1882.02,1882.0,1882.02,0.91873,,
2026-08-15 13:20:00+00:00,1882.02,1882.5,1881.99,1882.33,220.74657,,
2026-08-15 13:21:00+00:00,1882.33,1882.53,1882.02,1882.19,298.87833,,
2026-08-15 13:22:00+00:00,1882.19,1882.19,1882.19,1882.19,0.0,,
2026-08-15 13:23:00+00:00,1882.19,1882.19,1881.98,1882.0,0.50403,,
2026-08-15 13:24:00+00:00,1882.0,1882.0,1881.98,1881.98,0.09333,,
2026-08-15 13:25:00+00:00,1881.98,1882.02,1881.98,1881.98,0.6680785526644385,,
2026-08-15 13:26:00+00:00,1881.98,1882.02,1881.98,1882.02,0.65727,,
2026-08-15 13:27:00+00:00,1882.02,1882.02,1881.98,1881.99,0.907010910829853,,
2026-08-15 13:28:00+00:00,1881.99,1882.06,1881.99,1882.06,0.38498,,
2026-08-15 13:29:00+00:00,1882.06,1882.06,1881.98,1881.99,0.34385,,
2026-08-15 13:30:00+00:00,1881.99,1881.99,1881.99,1881.99,0.0,,
2026-08-15 13:31:00+00:00,1881.99,1882.17,1881.99,1882.17,0.0839,,
2026-08-15 13:32:00+00:00,1882.17,1883.36,1882.17,1883.36,2.945282340425532,,
2026-08-15 13:33:00+00:00,1883.36,1883.36,1883.36,1883.36,0.0,,
2026-08-15 13:34:00+00:00,1883.36,1883.36,1883.36,1883.36,0.0,,
2026-08-15 13:35:00+00:00,1883.36,1883.36,1883.36,1883.36,0.0,,
2026-08-15 13:36:00+00:00,1883.36,1883.36,1882.17,1883.36,3.9617197647233455,,
2026-08-15 13:37:00+00:00,1883.36,1883.36,1883.36,1883.36,0.0,,
2026-08-15 13:38:00+00:00,1883.36,1883.36,1883.36,1883.36,0.0,,
2026-08-15 13:39:00+00:00,1883.36,1883.36,1883.36,1883.36,0.0,,
2026-08-15 13:40:00+00:00,1883.36,1883.36,1883.36,1883.36,0.0,,
2026-08-15 13:41:00+00:00,1883.36,1883.36,1882.37,1882.37,0.16988,,
2026-08-15 13:42:00+00:00,1882.37,1883.26,1882.37,1883.26,0.269580910829853,,
2026-08-15 13:43:00+00:00,1883.26,1883.28,1883.26,1883.28,0.2170321891026956,,
2026-08-15 13:44:00+00:00,1883.28,1883.28,1883.28,1883.28,0.0,,
2026-08-15 13:45:00+00:00,1883.28,1883.28,1883.28,1883.28,0.0,,
2026-08-15 13:46:00+00:00,1883.28,1883.28,1883.28,1883.28,0.0,,
2026-08-15 13:47:00+00:00,1883.28,1883.28,1883.28,1883.28,0.0,,
2026-08-15 13:48:00+00:00,1883.28,1883.45,1882.48,1883.33,98.05728351379872,,
2026-08-15 13:49:00+00:00,1883.33,1884.0,1882.64,1882.64,73.05069,,
2026-08-15 13:50:00+00:00,1882.64,1882.64,1882.64,1882.64,0.0,,
2026-08-15 13:51:00+00:00,1882.64,1882.64,1882.01,1882.01,5.501474532375251,,
2026-08-15 13:52:00+00:00,1882.01,1883.36,1882.01,1882.85,352.4077948757752,,
2026-08-15 13:53:00+00:00,1882.85,1883.02,1882.85,1883.02,0.2497466878549714,,
2026-08-15 13:54:00+00:00,1883.02,1883.02,1883.0,1883.0,0.22659,,
2026-08-15 13:55:00+00:00,1883.0,1883.01,1883.0,1883.01,0.49478,,
2026-08-15 13:56:00+00:00,1883.01,1883.02,1882.99,1883.0,1.45448,,
2026-08-15 13:57:00+00:00,1883.0,1883.02,1883.0,1883.01,1.04964,,
2026-08-15 13:58:00+00:00,1883.01,1883.01,1883.01,1883.01,0.44747,,
2026-08-15 13:59:00+00:00,1883.01,1883.01,1883.01,1883.01,0.55592,,
2026-08-15 14:00:00+00:00,1883.01,1883.01,1883.01,1883.01,0.49084,,
2026-08-15 14:01:00+00:00,1883.01,1883.01,1883.01,1883.01,0.4151,,
2026-08-15 14:02:00+00:00,1883.01,1883.04,1882.99,1882.99,2.09656,,
2026-08-15 14:03:00+00:00,1882.99,1882.99,1882.02,1882.02,260.38066,,
2026-08-15 14:04:00+00:00,1882.02,1882.02,1882.0,1882.01,0.61028,,
2026-08-15 14:05:00+00:00,1882.01,1882.02,1881.99,1882.02,1.04374,,
2026-08-15 14:06:00+00:00,1882.02,1882.02,1881.99,1882.02,0.5680357029014033,,
2026-08-15 14:07:00+00:00,1882.02,1882.02,1882.01,1882.01,0.96572,,
2026-08-15 14:08:00+00:00,1882.01,1882.02,1882.01,1882.01,0.72607,,
2026-08-15 14:09:00+00:00,1882.01,1882.38,1881.99,1882.33,81.63954,,
2026-08-15 14:10:00+00:00,1882.33,1882.33,1881.99,1882.12,22.84385,,
2026-08-15 14:11:00+00:00,1882.12,1882.42,1881.99,1881.99,49.5416,,
2026-08-15 14:12:00+00:00,1881.99,1882.39,1881.99,1882.38,74.16269,,
2026-08-15 14:13:00+00:00,1882.38,1882.38,1882.0,1882.0,0.51625,,
2026-08-15 14:14:00+00:00,1882.0,1882.02,1881.98,1882.02,0.3668086677643487,,
2026-08-15 14:15:00+00:00,1882.02,1882.4,1881.99,1882.38,63.20870133223565,,
2026-08-15 14:16:00+00:00,1882.38,1882.4,1881.99,1882.39,63.27244,,
2026-08-15 14:17:00+00:00,1882.39,1882.42,1881.98,1882.39,23.813734492872097,,
2026-08-15 14:18:00+00:00,1882.39,1882.58,1881.98,1882.43,64.12060534950251,,
2026-08-15 14:19:00+00:00,1882.43,1882.43,1882.01,1882.01,0.39932,,
2026-08-15 14:20:00+00:00,1882.01,1882.02,1881.98,1881.98,0.61896,,
2026-08-15 14:21:00+00:00,1881.98,1882.36,1881.01,1881.05,2250.0719093884727,,
2026-08-15 14:22:00+00:00,1881.05,1881.06,1880.98,1880.98,9.700214334823336,,
2026-08-15 14:23:00+00:00,1880.98,1881.04,1880.98,1881.02,7.2955932614824,,
2026-08-15 14:24:00+00:00,1881.02,1881.04,1880.58,1880.98,2121.702309810069,,
2026-08-15 14:25:00+00:00,1880.98,1881.04,1880.98,1881.02,16.94383509521225,,
2026-08-15 14:26:00+00:00,1881.02,1881.53,1881.02,1881.49,92.18399223659586,,
2026-08-15 14:27:00+00:00,1881.49,1881.53,1880.98,1881.02,32.64530198820095,,
2026-08-15 14:28:00+00:00,1881.02,1881.04,1880.98,1881.02,11.720300336627115,,
2026-08-15 14:29:00+00:00,1881.02,1882.36,1880.99,1882.36,4.712968361365086,,
2026-08-15 14:30:00+00:00,1882.36,1882.36,1882.35,1882.36,0.7828339344643238,,
2026-08-15 14:31:00+00:00,1882.36,1882.36,1882.36,1882.36,2.3798879707008616,,
2026-08-15 14:32:00+00:00,1882.36,1882.36,1881.63,1882.36,23.595810004326736,,
2026-08-15 14:33:00+00:00,1882.36,1882.36,1882.33,1882.35,0.2657157585387759,,
2026-08-15 14:34:00+00:00,1882.35,1882.36,1882.31,1882.31,1.6273517259480723,,
2026-08-15 14:35:00+00:00,1882.31,1882.36,1882.31,1882.36,0.8853178966887024,,
2026-08-15 14:36:00+00:00,1882.36,1882.36,1881.73,1882.36,3.0644091963589664,,
2026-08-15 14:37:00+00:00,1882.36,1882.36,1882.35,1882.36,0.7212320673762656,,
2026-08-15 14:38:00+00:00,1882.36,1882.36,1881.63,1882.36,14.551362088990777,,
2026-08-15 14:39:00+00:00,1882.36,1882.36,1882.31,1882.36,2.85045256409267,,
2026-08-15 14:40:00+00:00,1882.36,1882.36,1881.62,1881.62,6.027189191493048,,
2026-08-15 14:41:00+00:00,1881.62,1882.36,1881.62,1882.36,7.804677183918335,,
2026-08-15 14:42:00+00:00,1882.36,1882.36,1881.65,1882.36,23.464269657894356,,
2026-08-15 14:43:00+00:00,1882.36,1882.36,1882.34,1882.36,5.491282631359157,,
2026-08-15 14:44:00+00:00,1882.36,1882.36,1881.62,1882.36,11.388738819539036,,
2026-08-15 14:45:00+00:00,1882.36,1882.36,1882.35,1882.36,5.225789305387117,,
2026-08-15 14:46:00+00:00,1882.36,1882.36,1881.92,1882.36,3.5866798529258017,,
2026-08-15 14:47:00+00:00,1882.36,1882.36,1882.32,1882.36,15.911658681448396,,
2026-08-15 14:48:00+00:00,1882.36,1882.36,1882.3,1882.36,5.846645030594296,,
2026-08-15 14:49:00+00:00,1882.36,1882.36,1882.35,1882.36,7.835300381779549,,
2026-08-15 14:50:00+00:00,1882.36,1882.36,1881.62,1881.62,9.118385371543395,,
2026-08-15 14:51:00+00:00,1881.62,1882.46,1881.62,1882.33,63.40993042893359,,
2026-08-15 14:52:00+00:00,1882.33,1883.3,1882.02,1883.02,238.83806424480392,,
2026-08-15 14:53:00+00:00,1883.02,1883.61,1883.02,1883.41,291.31009768725045,,
2026-08-15 14:54:00+00:00,1883.41,1883.85,1883.0,1883.84,261.32955387426,,
2026-08-15 14:55:00+00:00,1883.84,1884.01,1882.99,1883.52,64.79484509547547,,
2026-08-15 14:56:00+00:00,1883.52,1883.53,1882.98,1882.98,158.8487793883792,,
2026-08-15 14:57:00+00:00,1882.98,1883.53,1882.98,1883.35,31.57863,,
2026-08-15 14:58:00+00:00,1883.35,1883.35,1882.99,1883.02,0.47365,,
2026-08-15 14:59:00+00:00,1883.02,1883.02,1882.98,1883.02,0.9914813406055396,,
2026-08-15 15:00:00+00:00,1883.02,1883.02,1882.36,1882.39,2083.33973394083,,
2026-08-15 15:01:00+00:00,1882.39,1882.39,1882.01,1882.02,0.9332532302647844,,
2026-08-15 15:02:00+00:00,1882.02,1882.53,1882.0,1882.53,55.839619374440645,,
2026-08-15 15:03:00+00:00,1882.53,1883.04,1882.53,1882.99,1.32283,,
2026-08-15 15:04:00+00:00,1882.99,1883.02,1882.98,1883.02,0.74078,,
2026-08-15 15:05:00+00:00,1883.02,1883.02,1882.92,1882.99,1.10068,,
2026-08-15 15:06:00+00:00,1882.99,1883.02,1882.0,1882.98,1.2314907650727007,,
2026-08-15 15:07:00+00:00,1882.98,1883.02,1882.98,1882.98,0.18637,,
2026-08-15 15:08:00+00:00,1882.98,1883.0,1882.98,1882.98,0.51012,,
2026-08-15 15:09:00+00:00,1882.98,1883.02,1882.47,1882.48,184.05753617462528,,
2026-08-15 15:10:00+00:00,1882.48,1882.98,1882.47,1882.94,209.10559,,
2026-08-15 15:11:00+00:00,1882.94,1883.02,1882.48,1883.0,1.09302,,
2026-08-15 15:12:00+00:00,1883.0,1883.0,1882.98,1882.98,0.48613,,
2026-08-15 15:13:00+00:00,1882.98,1883.36,1882.98,1882.99,0.9122126486650262,,
2026-08-15 15:14:00+00:00,1882.99,1883.06,1882.99,1883.02,1.0043628272067804,,
2026-08-15 15:15:00+00:00,1883.02,1883.04,1882.48,1882.49,157.22852143632124,,
2026-08-15 15:16:00+00:00,1882.49,1883.45,1882.45,1883.33,218.94750829666128,,
2026-08-15 15:17:00+00:00,1883.33,1884.02,1882.98,1884.02,37.51741665520406,,
2026-08-15 15:18:00+00:00,1884.02,1884.02,1883.98,1884.02,0.9995270073833448,,
2026-08-15 15:19:00+00:00,1884.02,1884.42,1883.98,1884.41,2053.0541904776155,,
2026-08-15 15:20:00+00:00,1884.41,1884.41,1882.88,1883.98,0.68068,,
2026-08-15 15:21:00+00:00,1883.98,1883.99,1882.35,1882.35,2063.0257202667312,,
2026-08-15 15:22:00+00:00,1882.35,1883.01,1882.2,1882.98,1.67347,,
2026-08-15 15:23:00+00:00,1882.98,1883.02,1882.93,1883.02,1.2582462455519332,,
2026-08-15 15:24:00+00:00,1883.02,1883.02,1882.98,1882.98,2.3479615796876305,,
2026-08-15 15:25:00+00:00,1882.98,1883.02,1882.98,1882.98,0.5644370573306383,,
2026-08-15 15:26:00+00:00,1882.98,1884.36,1882.98,1883.07,169.19435719555256,,
2026-08-15 15:27:00+00:00,1883.07,1883.53,1882.99,1883.33,190.79924032912467,,
2026-08-15 15:28:00+00:00,1883.33,1883.53,1883.02,1883.44,389.52184719555254,,
2026-08-15 15:29:00+00:00,1883.44,1884.2,1882.19,1884.2,1.1695121140329543,,
2026-08-15 15:30:00+00:00,1884.2,1884.2,1882.19,1884.2,3.1025842215833945,,
2026-08-15 15:31:00+00:00,1884.2,1884.36,1882.2,1884.35,0.9810369222312032,,
2026-08-15 15:32:00+00:00,1884.35,1884.35,1884.35,1884.35,0.0,,
2026-08-15 15:33:00+00:00,1884.35,1884.35,1883.98,1883.98,0.053124800781997,,
2026-08-15 15:34:00+00:00,1883.98,1884.27,1883.96,1884.27,0.8898400355009666,,
2026-08-15 15:35:00+00:00,1884.27,1885.36,1883.96,1885.36,1567.6701928429163,,
2026-08-15 15:36:00+00:00,1885.36,1885.36,1884.43,1884.46,1.2107162465120735,,
2026-08-15 15:37:00+00:00,1884.46,1884.98,1884.46,1884.47,204.56579279984717,,
2026-08-15 15:38:00+00:00,1884.47,1885.02,1884.15,1884.47,636.7436560532648,,
2026-08-15 15:39:00+00:00,1884.47,1885.02,1884.47,1884.99,481.3870111370811,,
2026-08-15 15:40:00+00:00,1884.99,1885.02,1884.99,1885.0,0.811112799847171,,
2026-08-15 15:41:00+00:00,1885.0,1885.01,1884.99,1884.99,1.4484,,
2026-08-15 15:42:00+00:00,1884.99,1885.01,1884.98,1884.98,1.4303360713868007,,
2026-08-15 15:43:00+00:00,1884.98,1885.02,1884.61,1884.67,67.91867143870472,,
2026-08-15 15:44:00+00:00,1884.67,1885.02,1884.49,1884.67,220.33699246158343,,
2026-08-15 15:45:00+00:00,1884.67,1884.98,1884.47,1884.67,313.80373,,
2026-08-15 15:46:00+00:00,1884.67,1885.02,1884.47,1885.01,73.90655027485089,,
2026-08-15 15:47:00+00:00,1885.01,1885.02,1884.96,1885.02,1.1814052156327752,,
2026-08-15 15:48:00+00:00,1885.02,1885.02,1884.47,1884.5,274.7766841404993,,
2026-08-15 15:49:00+00:00,1884.5,1885.02,1884.47,1884.99,130.7012727749373,,
2026-08-15 15:50:00+00:00,1884.99,1885.02,1884.48,1884.67,186.18680295697553,,
2026-08-15 15:51:00+00:00,1884.67,1884.98,1883.96,1884.02,43.022651641919,,
2026-08-15 15:52:00+00:00,1884.02,1884.02,1883.98,1883.98,1.1264547126531397,,
2026-08-15 15:53:00+00:00,1883.98,1884.04,1883.98,1884.0,8.821447317670495,,
2026-08-15 15:54:00+00:00,1884.0,1884.04,1883.98,1884.0,3.6237420839969694,,
2026-08-15 15:55:00+00:00,1884.0,1884.07,1884.0,1884.0,4.365150518116476,,
2026-08-15 15:56:00+00:00,1884.0,1884.04,1884.0,1884.0,3.1135496867336863,,
2026-08-15 15:57:00+00:00,1884.0,1884.02,1883.98,1884.02,3.36659356882468,,
2026-08-15 15:58:00+00:00,1884.02,1884.03,1884.0,1884.02,2.129051851213148,,
2026-08-15 15:59:00+00:00,1884.02,1884.02,1884.0,1884.0,1.28156,,
2026-08-15 16:00:00+00:00,1884.0,1884.03,1883.98,1884.03,0.21198,,
2026-08-15 16:01:00+00:00,1884.03,1884.04,1883.96,1883.96,3.868195962793621,,
2026-08-15 16:02:00+00:00,1883.96,1884.04,1883.96,1884.0,0.95265,,
2026-08-15 16:03:00+00:00,1884.0,1884.04,1883.98,1884.0,1.6799847264937726,,
2026-08-15 16:04:00+00:00,1884.0,1884.02,1883.98,1884.0,3.2224749395766263,,
2026-08-15 16:05:00+00:00,1884.0,1884.02,1883.98,1883.99,1.19286,,
2026-08-15 16:06:00+00:00,1883.99,1884.02,1883.98,1883.98,3.1485744498229464,,
2026-08-15 16:07:00+00:00,1883.98,1883.98,1883.26,1883.33,174.17773836552195,,
2026-08-15 16:08:00+00:00,1883.33,1883.58,1883.02,1883.53,184.6985993883792,,
2026-08-15 16:09:00+00:00,1883.53,1884.02,1883.02,1883.98,64.86815,,
2026-08-15 16:10:00+00:00,1883.98,1884.45,1883.98,1884.44,211.89775,,
2026-08-15 16:11:00+00:00,1884.44,1884.47,1884.02,1884.45,95.45416,,
2026-08-15 16:12:00+00:00,1884.45,1884.46,1882.67,1883.99,63.76286722685754,,
2026-08-15 16:13:00+00:00,1883.99,1884.02,1883.99,1884.02,1.4647148235943543,,
2026-08-15 16:14:00+00:00,1884.02,1884.02,1883.98,1883.98,0.91306,,
2026-08-15 16:15:00+00:00,1883.98,1884.02,1883.16,1883.16,1.8159466845442285,,
2026-08-15 16:16:00+00:00,1883.16,1883.16,1882.98,1882.98,2.9919346166605063,,
2026-08-15 16:17:00+00:00,1882.98,1883.02,1882.98,1882.98,1.7003469718752675,,
2026-08-15 16:18:00+00:00,1882.98,1883.84,1882.98,1883.84,185.91857405892432,,
2026-08-15 16:19:00+00:00,1883.84,1884.02,1883.84,1884.02,1.3000226971079796,,
2026-08-15 16:20:00+00:00,1884.02,1884.02,1883.93,1884.02,0.573736863285739,,
2026-08-15 16:21:00+00:00,1884.02,1884.02,1883.98,1884.02,0.5230673592076349,,
2026-08-15 16:22:00+00:00,1884.02,1884.02,1883.98,1884.0,5.175236617696747,,
2026-08-15 16:23:00+00:00,1884.0,1884.02,1883.97,1884.01,0.7179628331130538,,
2026-08-15 16:24:00+00:00,1884.01,1884.02,1883.99,1883.99,1.2705078848419868,,
2026-08-15 16:25:00+00:00,1883.99,1885.02,1883.99,1884.96,2069.12162118837,,
2026-08-15 16:26:00+00:00,1884.96,1885.02,1884.96,1885.02,0.2286676417555721,,
2026-08-15 16:27:00+00:00,1885.02,1885.02,1885.0,1885.0,0.09758,,
2026-08-15 16:28:00+00:00,1885.0,1885.01,1884.48,1884.98,345.90608,,
2026-08-15 16:29:00+00:00,1884.98,1885.36,1883.64,1883.64,1.7548315500148284,,
2026-08-15 16:30:00+00:00,1883.64,1885.36,1883.64,1885.36,2.354942463090867,,
2026-08-15 16:31:00+00:00,1885.36,1885.36,1883.64,1883.64,5.336704107502638,,
2026-08-15 16:32:00+00:00,1883.64,1885.34,1883.64,1883.64,0.5351461629881153,,
2026-08-15 16:33:00+00:00,1883.64,1885.36,1883.64,1885.36,6.104932296489813,,
2026-08-15 16:34:00+00:00,1885.36,1885.36,1883.64,1885.3,1.7586021847141915,,
2026-08-15 16:35:00+00:00,1885.3,1885.36,1883.64,1883.65,6.39124588301409,,
2026-08-15 16:36:00+00:00,1883.65,1885.36,1883.64,1883.78,7.861734478616923,,
2026-08-15 16:37:00+00:00,1883.78,1883.8,1883.78,1883.8,0.0706,None,None
