time,open,high,low,close,volume
2026-08-10 00:00:00+00:00,602.54,602.61,602.37,602.37,804.34456
2026-08-10 00:01:00+00:00,602.37,603.36,602.3,603.06,2535.02104
2026-08-10 00:02:00+00:00,603.06,603.96,603.06,603.62,7755.89337
2026-08-10 00:03:00+00:00,603.62,604.08,603.61,603.88,1265.19923
2026-08-10 00:04:00+00:00,603.88,604.23,603.84,604.23,97.99223
2026-08-10 00:05:00+00:00,604.23,604.65,604.13,604.65,457.51656
2026-08-10 00:06:00+00:00,604.65,604.79,604.64,604.64,910.88395
2026-08-10 00:07:00+00:00,604.64,605.15,604.64,605.07,2968.145455392362891991
2026-08-10 00:08:00+00:00,605.07,605.39,605.07,605.35,718.682974607637108009
2026-08-10 00:09:00+00:00,605.35,605.46,605.35,605.36,0.37766
2026-08-10 00:10:00+00:00,605.36,606.26,604.82,605.86,2944.648932295228776596
2026-08-10 00:11:00+00:00,605.86,606.87,605.86,606.4,3007.14903
2026-08-10 00:12:00+00:00,606.4,606.56,606.34,606.44,97.71951
2026-08-10 00:13:00+00:00,606.44,606.78,606.14,606.26,329.09964
2026-08-10 00:14:00+00:00,606.26,606.26,606.04,606.16,0.50055
2026-08-10 00:15:00+00:00,606.16,606.16,605.07,605.33,3984.9922
2026-08-10 00:16:00+00:00,605.33,605.33,605.04,605.06,44.83333
2026-08-10 00:17:00+00:00,605.06,605.46,605.04,605.35,292.91799
2026-08-10 00:18:00+00:00,605.35,605.36,605.14,605.24,223.2292
2026-08-10 00:19:00+00:00,605.24,605.36,604.88,605.15,53.48344
2026-08-10 00:20:00+00:00,605.15,605.46,605.07,605.21,195.36102
2026-08-10 00:21:00+00:00,605.21,605.21,604.88,604.95,134.82706
2026-08-10 00:22:00+00:00,604.95,605.21,604.81,604.81,1059.99333
2026-08-10 00:23:00+00:00,604.81,604.83,604.44,604.54,196.5798
2026-08-10 00:24:00+00:00,604.54,604.56,604.02,604.09,98.11452
2026-08-10 00:25:00+00:00,604.09,604.36,604.09,604.23,445.77694370649277569
2026-08-10 00:26:00+00:00,604.23,604.35,604.14,604.35,53.71484
2026-08-10 00:27:00+00:00,604.35,604.66,604.34,604.47,842.10757
2026-08-10 00:28:00+00:00,604.47,604.51,604.33,604.44,376.80475
2026-08-10 00:29:00+00:00,604.44,604.56,604.34,604.37,0.38627
2026-08-10 00:30:00+00:00,604.37,604.81,604.34,604.81,285.68017
2026-08-10 00:31:00+00:00,604.81,604.83,604.81,604.83,0.4646
2026-08-10 00:32:00+00:00,604.83,604.83,604.65,604.82,375.434
2026-08-10 00:33:00+00:00,604.82,605.19,604.65,605.18,202.24845
2026-08-10 00:34:00+00:00,605.18,605.19,604.86,605.01,518.39642
2026-08-10 00:35:00+00:00,605.01,605.02,604.57,604.57,74.28637
2026-08-10 00:36:00+00:00,604.57,604.83,604.29,604.44,1800.18938
2026-08-10 00:37:00+00:00,604.44,604.61,604.24,604.61,1125.076178137558087615
2026-08-10 00:38:00+00:00,604.61,604.76,604.4,604.72,4188.20518
2026-08-10 00:39:00+00:00,604.72,604.75,604.17,604.17,614.69189
2026-08-10 00:40:00+00:00,604.17,604.46,604.08,604.46,151.42278
2026-08-10 00:41:00+00:00,604.46,604.66,604.24,604.47,197.07469
2026-08-10 00:42:00+00:00,604.47,604.56,604.21,604.24,249.00377
2026-08-10 00:43:00+00:00,604.24,604.26,603.82,603.82,195.8876
2026-08-10 00:44:00+00:00,603.82,603.82,603.56,603.63,738.05474
2026-08-10 00:45:00+00:00,603.63,603.96,602.8,603.95,284.190247785569251277
2026-08-10 00:46:00+00:00,603.95,604,603.77,603.86,0.38197
2026-08-10 00:47:00+00:00,603.86,604.06,603.74,604.03,306.85763
2026-08-10 00:48:00+00:00,604.03,604.39,603.95,604.25,388.28149
2026-08-10 00:49:00+00:00,604.25,604.67,604.07,604.67,1236.40624
2026-08-10 00:50:00+00:00,604.67,604.76,604.53,604.6,180.93492
2026-08-10 00:51:00+00:00,604.6,605.29,604.02,605.23,3606.09656
2026-08-10 00:52:00+00:00,605.23,605.25,604.74,604.74,125.23043
2026-08-10 00:53:00+00:00,604.74,604.85,604.64,604.64,53.58128
2026-08-10 00:54:00+00:00,604.64,604.85,604.64,604.64,106.87393
2026-08-10 00:55:00+00:00,604.64,605.13,604.47,605.12,5404.26898
2026-08-10 00:56:00+00:00,605.12,605.13,604.67,604.74,172.06809
2026-08-10 00:57:00+00:00,604.74,604.74,604.7,604.72,0.4108
2026-08-10 00:58:00+00:00,604.72,604.74,604.54,604.54,2484.94135
2026-08-10 00:59:00+00:00,604.54,604.66,604.24,604.26,886.15521
2026-08-10 01:00:00+00:00,604.26,604.3,604.14,604.15,0.38274
2026-08-10 01:01:00+00:00,604.15,604.96,604.15,604.96,1541.77444
2026-08-10 01:02:00+00:00,604.96,605.23,604.96,605.07,1438.71822
2026-08-10 01:03:00+00:00,605.07,605.09,605.03,605.09,0.31303
2026-08-10 01:04:00+00:00,605.09,605.12,604.77,604.81,0.21732
2026-08-10 01:05:00+00:00,604.81,604.96,604.57,604.88,240.06065
2026-08-10 01:06:00+00:00,604.88,604.88,604,604.46,0.33963
2026-08-10 01:07:00+00:00,604.46,604.56,604.44,604.44,0.44736
2026-08-10 01:08:00+00:00,604.44,604.83,604.44,604.64,488.34383
2026-08-10 01:09:00+00:00,604.64,604.83,604.47,604.83,204.37933
2026-08-10 01:10:00+00:00,604.83,605.19,604.81,605.17,830.43892
2026-08-10 01:11:00+00:00,605.17,605.28,604.87,605.1,830.175525305269394069
2026-08-10 01:12:00+00:00,605.1,605.1,604.94,604.94,53.44579
2026-08-10 01:13:00+00:00,604.94,605.1,604.87,604.94,44.46125
2026-08-10 01:14:00+00:00,604.94,604.96,604.75,604.95,2772.92542
2026-08-10 01:15:00+00:00,604.95,605.72,604.94,605.26,614.34118
2026-08-10 01:16:00+00:00,605.26,605.81,604.98,605.6,148.75562
2026-08-10 01:17:00+00:00,605.6,605.81,605.34,605.39,1.659054835513277843
2026-08-10 01:18:00+00:00,605.39,605.46,605.34,605.42,0.28657
2026-08-10 01:19:00+00:00,605.42,605.43,605.24,605.27,0.47512
2026-08-10 01:20:00+00:00,605.27,605.32,604.79,605.06,269.46476
2026-08-10 01:21:00+00:00,605.06,605.06,604.74,604.82,98.06379
2026-08-10 01:22:00+00:00,604.82,604.97,604.74,604.86,195.58508
2026-08-10 01:23:00+00:00,604.86,604.96,604.84,604.96,0.3628
2026-08-10 01:24:00+00:00,604.96,605.06,604.84,605.06,53.717
2026-08-10 01:25:00+00:00,605.06,605.16,604.94,605.14,0.48722
2026-08-10 01:26:00+00:00,605.14,605.5,605.14,605.5,391.70346
2026-08-10 01:27:00+00:00,605.5,605.51,605.28,605.29,232.37119
2026-08-10 01:28:00+00:00,605.29,605.29,605.1,605.14,514.04648
2026-08-10 01:29:00+00:00,605.14,605.14,604.84,604.85,97.90599
2026-08-10 01:30:00+00:00,604.85,604.85,604.64,604.82,1014.5189
2026-08-10 01:31:00+00:00,604.82,604.85,604.82,604.84,0.51609
2026-08-10 01:32:00+00:00,604.84,604.88,604.64,604.71,2370.45485
2026-08-10 01:33:00+00:00,604.71,604.71,604.56,604.71,613.99331
2026-08-10 01:34:00+00:00,604.71,604.71,604.54,604.6,816.93648
2026-08-10 01:35:00+00:00,604.6,604.66,604.44,604.57,0.40001
2026-08-10 01:36:00+00:00,604.57,604.63,604.45,604.57,0.3479
2026-08-10 01:37:00+00:00,604.57,604.66,604.24,604.27,98.17507
2026-08-10 01:38:00+00:00,604.27,604.33,604.04,604.3,195.56462
2026-08-10 01:39:00+00:00,604.3,604.89,604.24,604.88,464.66919
2026-08-10 01:40:00+00:00,604.88,604.89,604.84,604.85,0.33825
2026-08-10 01:41:00+00:00,604.85,605.42,604.84,605.41,1568.35664
2026-08-10 01:42:00+00:00,605.41,605.42,605.2,605.2,343.40411
2026-08-10 01:43:00+00:00,605.2,605.22,604.85,605.02,1660.37541
2026-08-10 01:44:00+00:00,605.02,605.03,604.77,604.98,385.77432
2026-08-10 01:45:00+00:00,604.98,605.22,604.92,605.19,666.42628
2026-08-10 01:46:00+00:00,605.19,605.22,604.77,604.99,3000.25922
2026-08-10 01:47:00+00:00,604.99,605.47,604.99,605.45,0.46176
2026-08-10 01:48:00+00:00,605.45,605.83,605.44,605.83,97.80624
2026-08-10 01:49:00+00:00,605.83,606.62,605.75,606.62,1994.5779
2026-08-10 01:50:00+00:00,606.62,607.14,606.61,606.66,5827.44966
2026-08-10 01:51:00+00:00,606.66,606.76,606.44,606.44,405.5846
2026-08-10 01:52:00+00:00,606.44,606.97,606.42,606.44,521.18992
2026-08-10 01:53:00+00:00,606.44,606.44,606.24,606.25,532.08181
2026-08-10 01:54:00+00:00,606.25,606.26,606.07,606.09,1059.25361
2026-08-10 01:55:00+00:00,606.09,606.09,605.64,605.66,2261.01301
2026-08-10 01:56:00+00:00,605.66,605.66,605.51,605.52,1850.93978
2026-08-10 01:57:00+00:00,605.52,605.66,605.41,605.46,713.44868
2026-08-10 01:58:00+00:00,605.46,605.46,605.07,605.19,3561.87322
2026-08-10 01:59:00+00:00,605.19,605.24,604.97,605.16,31.25131
2026-08-10 02:00:00+00:00,605.16,605.33,604.8,604.96,390.69584
2026-08-10 02:01:00+00:00,604.96,604.96,604.57,604.75,142.45959
2026-08-10 02:02:00+00:00,604.75,604.86,604.54,604.64,97.95083
2026-08-10 02:03:00+00:00,604.64,604.64,604.34,604.54,180.87329
2026-08-10 02:04:00+00:00,604.54,604.62,604.45,604.48,0.4369
2026-08-10 02:05:00+00:00,604.48,605.36,604.48,604.82,98.06072
2026-08-10 02:06:00+00:00,604.82,604.96,604.73,604.88,262.13007
2026-08-10 02:07:00+00:00,604.88,604.88,604.34,604.39,237.16425
2026-08-10 02:08:00+00:00,604.39,604.46,604.04,604.05,204.72545
2026-08-10 02:09:00+00:00,604.05,604.16,604,604.16,0.46811
2026-08-10 02:10:00+00:00,604.16,604.36,604.04,604.28,97.90618
2026-08-10 02:11:00+00:00,604.28,604.36,604.24,604.34,0.36803
2026-08-10 02:12:00+00:00,604.34,604.56,604.34,604.46,97.95232
2026-08-10 02:13:00+00:00,604.46,604.56,604.24,604.25,160.03108
2026-08-10 02:14:00+00:00,604.25,604.46,604.24,604.37,204.49748
2026-08-10 02:15:00+00:00,604.37,604.58,604.34,604.36,293.15678
2026-08-10 02:16:00+00:00,604.36,604.36,604.16,604.26,774.18557
2026-08-10 02:17:00+00:00,604.26,604.26,603.3,603.34,440.90806
2026-08-10 02:18:00+00:00,603.34,603.34,602.74,602.88,4108.06376
2026-08-10 02:19:00+00:00,602.88,602.91,602.54,602.59,98.2831
2026-08-10 02:20:00+00:00,602.59,602.86,602.59,602.74,828.14353
2026-08-10 02:21:00+00:00,602.74,602.96,602.63,602.95,209.50623
2026-08-10 02:22:00+00:00,602.95,602.96,602.84,602.96,0.33297
2026-08-10 02:23:00+00:00,602.96,603.16,602.94,603.12,311.61527
2026-08-10 02:24:00+00:00,603.12,603.26,603,603.01,794.92217
2026-08-10 02:25:00+00:00,603.01,603.02,602.84,602.95,90.87101
2026-08-10 02:26:00+00:00,602.95,603.06,602.73,603.02,990.60761
2026-08-10 02:27:00+00:00,603.02,603.22,602.96,603.22,90.88647
2026-08-10 02:28:00+00:00,603.22,603.4,603.14,603.4,192.07083
2026-08-10 02:29:00+00:00,603.4,603.4,603.04,603.23,151.56562
2026-08-10 02:30:00+00:00,603.23,603.36,603.2,603.28,0.47687
2026-08-10 02:31:00+00:00,603.28,603.63,603.24,603.56,99.178405201927313962
2026-08-10 02:32:00+00:00,603.56,603.76,603.54,603.67,213.35008
2026-08-10 02:33:00+00:00,603.67,603.71,603.14,603.14,53.84313
2026-08-10 02:34:00+00:00,603.14,603.16,603.14,603.16,0.37996
2026-08-10 02:35:00+00:00,603.16,603.16,602.94,603,53.41872
2026-08-10 02:36:00+00:00,603,603.26,602.94,603.26,364.51303
2026-08-10 02:37:00+00:00,603.26,603.26,603.14,603.21,0.31125
2026-08-10 02:38:00+00:00,603.21,603.26,602.66,602.69,430.48137
2026-08-10 02:39:00+00:00,602.69,603.03,602.67,602.95,1178.12978
2026-08-10 02:40:00+00:00,602.95,603.26,602.95,603.2,830.49267
2026-08-10 02:41:00+00:00,603.2,603.36,603.04,603.23,1359.29843
2026-08-10 02:42:00+00:00,603.23,603.43,603.04,603.35,89.46369
2026-08-10 02:43:00+00:00,603.35,604.2,603.35,604.2,3375.85484
2026-08-10 02:44:00+00:00,604.2,604.46,604.2,604.46,6067.67752
2026-08-10 02:45:00+00:00,604.46,604.46,603.85,603.85,286.06995
2026-08-10 02:46:00+00:00,603.85,604.06,603.74,603.85,151.50553
2026-08-10 02:47:00+00:00,603.85,603.96,603.82,603.82,0.34369
2026-08-10 02:48:00+00:00,603.82,604.13,603.74,603.84,1066.50601
2026-08-10 02:49:00+00:00,603.84,603.86,603.47,603.47,1062.2846
2026-08-10 02:50:00+00:00,603.47,603.7,603.47,603.68,295.17179
2026-08-10 02:51:00+00:00,603.68,603.86,603.64,603.85,53.77075
2026-08-10 02:52:00+00:00,603.85,604,603.76,603.77,986.46691
2026-08-10 02:53:00+00:00,603.77,603.77,603.64,603.67,0.40411
2026-08-10 02:54:00+00:00,603.67,603.71,603.45,603.46,311.48657
2026-08-10 02:55:00+00:00,603.46,603.66,603.46,603.66,0.43418
2026-08-10 02:56:00+00:00,603.66,603.66,603.39,603.39,97.90291
2026-08-10 02:57:00+00:00,603.39,603.56,603.35,603.56,151.22171
2026-08-10 02:58:00+00:00,603.56,603.66,603.43,603.43,98.18212
2026-08-10 02:59:00+00:00,603.43,603.56,603.34,603.5,107.12961
2026-08-10 03:00:00+00:00,603.5,603.56,603.04,603.04,1415.61882
2026-08-10 03:01:00+00:00,603.04,603.26,602.56,603.03,1311.97919
2026-08-10 03:02:00+00:00,603.03,603.16,602.79,603.16,1479.67919
2026-08-10 03:03:00+00:00,603.16,603.26,602.78,603.22,0.38613
2026-08-10 03:04:00+00:00,603.22,603.22,602.65,602.84,0.4364
2026-08-10 03:05:00+00:00,602.84,603.16,602.84,602.9,196.11036
2026-08-10 03:06:00+00:00,602.9,603.04,602.48,602.51,409.92608
2026-08-10 03:07:00+00:00,602.51,602.58,602.5,602.55,0.32078
2026-08-10 03:08:00+00:00,602.55,602.67,602.34,602.42,260.440208217373404693
2026-08-10 03:09:00+00:00,602.42,602.87,602.42,602.85,1170.91878
2026-08-10 03:10:00+00:00,602.85,603.06,602.81,602.81,258.34341
2026-08-10 03:11:00+00:00,602.81,602.86,602.56,602.64,53.88534
2026-08-10 03:12:00+00:00,602.64,602.69,602.44,602.45,1203.62026
2026-08-10 03:13:00+00:00,602.45,602.47,601.84,601.84,2701.47087
2026-08-10 03:14:00+00:00,601.84,602.35,601.84,602.08,742.74963
2026-08-10 03:15:00+00:00,602.08,602.1,602.01,602.02,0.2984
2026-08-10 03:16:00+00:00,602.02,602.02,601.74,601.86,0.40019
2026-08-10 03:17:00+00:00,601.86,602.63,601.85,602.4,1932.33563
2026-08-10 03:18:00+00:00,602.4,602.95,602.34,602.95,939.39894
2026-08-10 03:19:00+00:00,602.95,603.09,602.89,602.89,775.572631966173361522
2026-08-10 03:20:00+00:00,602.89,603.5,602.89,603.34,703.629258033826638478
2026-08-10 03:21:00+00:00,603.34,603.34,603.22,603.24,0.40434
2026-08-10 03:22:00+00:00,603.24,603.56,603.24,603.41,98.17779
2026-08-10 03:23:00+00:00,603.41,603.61,603.34,603.61,98.14899
2026-08-10 03:24:00+00:00,603.61,603.86,603.59,603.85,188.51891
2026-08-10 03:25:00+00:00,603.85,603.93,603.56,603.88,0.31109
2026-08-10 03:26:00+00:00,603.88,603.93,603.31,603.31,188.65481
2026-08-10 03:27:00+00:00,603.31,603.36,603.27,603.29,0.39812
2026-08-10 03:28:00+00:00,603.29,603.36,603.14,603.24,37.46234
2026-08-10 03:29:00+00:00,603.24,603.36,603,603,98.28647
2026-08-10 03:30:00+00:00,603,603.01,602.84,602.89,0.36061
2026-08-10 03:31:00+00:00,602.89,603.05,602.71,602.71,356.54621
2026-08-10 03:32:00+00:00,602.71,603.05,602.64,602.72,0.51896
2026-08-10 03:33:00+00:00,602.72,603.05,602.64,603.04,135.22125
2026-08-10 03:34:00+00:00,603.04,603.26,603.04,603.23,312.80785
2026-08-10 03:35:00+00:00,603.23,603.46,603.23,603.43,1010.86021
2026-08-10 03:36:00+00:00,603.43,603.7,603.23,603.26,98.33139
2026-08-10 03:37:00+00:00,603.26,603.56,603.26,603.55,98.15811
2026-08-10 03:38:00+00:00,603.55,603.56,603.28,603.44,0.31543
2026-08-10 03:39:00+00:00,603.44,603.46,603.41,603.46,0.39583
2026-08-10 03:40:00+00:00,603.46,603.56,603.17,603.55,3.283993815618510052
2026-08-10 03:41:00+00:00,603.55,603.66,603.54,603.56,0.43714
2026-08-10 03:42:00+00:00,603.56,603.66,603.54,603.54,0.31032
2026-08-10 03:43:00+00:00,603.54,603.76,603.17,603.17,271.83481
2026-08-10 03:44:00+00:00,603.17,603.26,603.14,603.26,0.34056
2026-08-10 03:45:00+00:00,603.26,603.36,603.14,603.36,685.19087
2026-08-10 03:46:00+00:00,603.36,603.59,603.34,603.58,98.15648
2026-08-10 03:47:00+00:00,603.58,603.59,603.37,603.57,195.76519
2026-08-10 03:48:00+00:00,603.57,603.59,603.43,603.59,0.39262
2026-08-10 03:49:00+00:00,603.59,603.59,603.41,603.41,53.79544
2026-08-10 03:50:00+00:00,603.41,603.46,603.34,603.35,0.39591
2026-08-10 03:51:00+00:00,603.35,604.3,603.34,603.46,0.43405
2026-08-10 03:52:00+00:00,603.46,603.47,603.14,603.14,525.09381
2026-08-10 03:53:00+00:00,603.14,603.26,603.14,603.26,0.33525
2026-08-10 03:54:00+00:00,603.26,603.26,603.14,603.17,0.25842
2026-08-10 03:55:00+00:00,603.17,603.19,602.87,602.87,196.01604
2026-08-10 03:56:00+00:00,602.87,603.05,602.76,602.82,249.3207
2026-08-10 03:57:00+00:00,602.82,603.06,602.64,602.64,623.55273
2026-08-10 03:58:00+00:00,602.64,603.03,602.64,602.76,0.723998960449748495
2026-08-10 03:59:00+00:00,602.76,602.86,602.74,602.81,311.17638
2026-08-10 04:00:00+00:00,602.81,603.36,602.81,603.36,0.44349
2026-08-10 04:01:00+00:00,603.36,603.36,603.09,603.16,303.51722
2026-08-10 04:02:00+00:00,603.16,603.16,602.99,603.05,53.89487
2026-08-10 04:03:00+00:00,603.05,603.43,603.05,603.43,196.06947
2026-08-10 04:04:00+00:00,603.43,603.43,603.11,603.11,196.181032306398694211
2026-08-10 04:05:00+00:00,603.11,603.36,602.87,602.87,1016.34894
2026-08-10 04:06:00+00:00,602.87,603.01,602.87,602.9,0.54202
2026-08-10 04:07:00+00:00,602.9,603.01,602.72,602.96,1523.84169
2026-08-10 04:08:00+00:00,602.96,603.26,602.73,603.25,53.89664
2026-08-10 04:09:00+00:00,603.25,603.26,603.18,603.25,0.934514054613156805
2026-08-10 04:10:00+00:00,603.25,603.34,602.87,603.05,98.21001
2026-08-10 04:11:00+00:00,603.05,603.05,602.94,602.97,0.29268
2026-08-10 04:12:00+00:00,602.97,603.33,602.97,603.14,98.37971
2026-08-10 04:13:00+00:00,603.14,603.33,603.14,603.19,0.24968
2026-08-10 04:14:00+00:00,603.19,603.46,603.14,603.46,53.61287
2026-08-10 04:15:00+00:00,603.46,603.46,603.24,603.34,0.40425
2026-08-10 04:16:00+00:00,603.34,603.46,603.34,603.46,0.41911
2026-08-10 04:17:00+00:00,603.46,603.46,603.24,603.35,0.42455
2026-08-10 04:18:00+00:00,603.35,603.56,603.14,603.43,151.50769
2026-08-10 04:19:00+00:00,603.43,603.43,602.87,603.14,0.39019
2026-08-10 04:20:00+00:00,603.14,603.26,603.14,603.26,0.43222
2026-08-10 04:21:00+00:00,603.26,603.46,603.24,603.45,151.22075
2026-08-10 04:22:00+00:00,603.45,603.48,603.24,603.34,0.3248
2026-08-10 04:23:00+00:00,603.34,603.46,603.34,603.45,0.39809
2026-08-10 04:24:00+00:00,603.45,603.46,603.24,603.26,0.41875
2026-08-10 04:25:00+00:00,603.26,603.26,603.14,603.16,0.4398
2026-08-10 04:26:00+00:00,603.16,603.36,603.14,603.36,0.3467
2026-08-10 04:27:00+00:00,603.36,603.36,603.14,603.14,0.39472
2026-08-10 04:28:00+00:00,603.14,603.36,603.14,603.36,0.36
2026-08-10 04:29:00+00:00,603.36,603.36,603.04,603.08,98.32941
2026-08-10 04:30:00+00:00,603.08,603.08,603.04,603.08,0.33274
2026-08-10 04:31:00+00:00,603.08,603.08,603.04,603.08,0.28258
2026-08-10 04:32:00+00:00,603.08,603.08,603.04,603.05,0.27787
2026-08-10 04:33:00+00:00,603.05,603.06,602.54,602.58,1168.81942
2026-08-10 04:34:00+00:00,602.58,602.82,602.58,602.77,442.4365
2026-08-10 04:35:00+00:00,602.77,602.82,602.77,602.82,0.45463
2026-08-10 04:36:00+00:00,602.82,602.82,602.52,602.54,540.24946
2026-08-10 04:37:00+00:00,602.54,602.54,602.47,602.54,0.22458
2026-08-10 04:38:00+00:00,602.54,602.66,602.54,602.66,0.29082
2026-08-10 04:39:00+00:00,602.66,602.66,602.35,602.41,98.33209
2026-08-10 04:40:00+00:00,602.41,602.41,601.72,601.75,818.77633
2026-08-10 04:41:00+00:00,601.75,601.86,601.38,601.8,6211.44917
2026-08-10 04:42:00+00:00,601.8,602.01,601.65,602.01,295.99111
2026-08-10 04:43:00+00:00,602.01,602.03,601.74,601.84,340.42308
2026-08-10 04:44:00+00:00,601.84,602.03,601.84,602.01,135.31334
2026-08-10 04:45:00+00:00,602.01,602.23,601.94,602.19,135.41175
2026-08-10 04:46:00+00:00,602.19,602.26,602.18,602.2,0.44297
2026-08-10 04:47:00+00:00,602.2,602.36,602.14,602.36,53.88574
2026-08-10 04:48:00+00:00,602.36,602.36,602.24,602.36,0.30681
2026-08-10 04:49:00+00:00,602.36,602.36,602.24,602.24,0.3113
2026-08-10 04:50:00+00:00,602.24,602.35,602.14,602.26,53.85362
2026-08-10 04:51:00+00:00,602.26,602.56,602.14,602.34,151.81696
2026-08-10 04:52:00+00:00,602.34,602.35,602.04,602.1,224.3217
2026-08-10 04:53:00+00:00,602.1,602.1,602.07,602.1,0.27592
2026-08-10 04:54:00+00:00,602.1,602.26,602.04,602.07,1503.53238
2026-08-10 04:55:00+00:00,602.07,602.16,602.04,602.04,0.45589
2026-08-10 04:56:00+00:00,602.04,602.06,601.67,601.69,166.59477
2026-08-10 04:57:00+00:00,601.69,602.03,601.67,601.85,0.36233
2026-08-10 04:58:00+00:00,601.85,601.86,601.8,601.86,0.40176
2026-08-10 04:59:00+00:00,601.86,601.86,601.74,601.85,0.29688
2026-08-10 05:00:00+00:00,601.85,602.13,601.84,601.97,107.28855
2026-08-10 05:01:00+00:00,601.97,602.06,601.94,602.02,0.30985
2026-08-10 05:02:00+00:00,602.02,602.15,602.02,602.14,53.67064
2026-08-10 05:03:00+00:00,602.14,602.33,601.99,602.3,0.35466
2026-08-10 05:04:00+00:00,602.3,602.36,602.13,602.36,37.44098
2026-08-10 05:05:00+00:00,602.36,602.77,602.24,602.56,261.4667
2026-08-10 05:06:00+00:00,602.56,602.76,602.54,602.75,135.3677
2026-08-10 05:07:00+00:00,602.75,602.76,602.54,602.61,233.14686
2026-08-10 05:08:00+00:00,602.61,602.62,602.54,602.62,0.37138
2026-08-10 05:09:00+00:00,602.62,602.62,602.59,602.62,0.37244
2026-08-10 05:10:00+00:00,602.62,602.93,602.57,602.88,857.85665
2026-08-10 05:11:00+00:00,602.88,602.92,602.43,602.43,1109.95255
2026-08-10 05:12:00+00:00,602.43,602.46,602.27,602.43,107.38091
2026-08-10 05:13:00+00:00,602.43,602.46,602.34,602.46,0.33202
2026-08-10 05:14:00+00:00,602.46,602.46,602.34,602.34,2.047713893896386302
2026-08-10 05:15:00+00:00,602.34,602.56,602.34,602.55,51.825446106103613698
2026-08-10 05:16:00+00:00,602.55,602.66,602.54,602.66,0.36108
2026-08-10 05:17:00+00:00,602.66,602.86,602.36,602.84,107.15016
2026-08-10 05:18:00+00:00,602.84,602.86,602.74,602.74,0.34785
2026-08-10 05:19:00+00:00,602.74,602.86,602.74,602.74,0.37598
2026-08-10 05:20:00+00:00,602.74,602.86,602.64,602.75,0.38138
2026-08-10 05:21:00+00:00,602.75,603.06,602.74,603.03,107.00057
2026-08-10 05:22:00+00:00,603.03,603.06,603,603.04,0.48044
2026-08-10 05:23:00+00:00,603.04,603.39,603.04,603.39,2913.26175
2026-08-10 05:24:00+00:00,603.39,603.67,603.38,603.66,269.84594
2026-08-10 05:25:00+00:00,603.66,603.66,603.44,603.45,44.9011
2026-08-10 05:26:00+00:00,603.45,603.66,603.45,603.5,0.29549
2026-08-10 05:27:00+00:00,603.5,603.52,603.49,603.52,0.26925
2026-08-10 05:28:00+00:00,603.52,603.82,603.51,603.61,516.02684
2026-08-10 05:29:00+00:00,603.61,603.61,603.56,603.6,0.41985
2026-08-10 05:30:00+00:00,603.6,603.66,603.44,603.45,0.688524832667936043
2026-08-10 05:31:00+00:00,603.45,603.56,603.25,603.25,0.44348
2026-08-10 05:32:00+00:00,603.25,603.36,602.97,603.06,151.73818
2026-08-10 05:33:00+00:00,603.06,603.26,602.77,603.24,53.53847
2026-08-10 05:34:00+00:00,603.24,603.33,603.16,603.33,0.33097
2026-08-10 05:35:00+00:00,603.33,603.46,603.27,603.27,120.52624624100340289
2026-08-10 05:36:00+00:00,603.27,603.53,603.27,603.44,133.46685
2026-08-10 05:37:00+00:00,603.44,603.95,603.44,603.85,136.10250375899659711
2026-08-10 05:38:00+00:00,603.85,603.88,603.71,603.71,98.1364
2026-08-10 05:39:00+00:00,603.71,604,603.64,604,0.32926
2026-08-10 05:40:00+00:00,604,604,603.69,603.69,0.54961
2026-08-10 05:41:00+00:00,603.69,603.96,603.69,603.84,98.529940579604544099
2026-08-10 05:42:00+00:00,603.84,603.96,603.84,603.84,0.37317
2026-08-10 05:43:00+00:00,603.84,603.86,603.84,603.84,0.565249599407120353
2026-08-10 05:44:00+00:00,603.84,603.86,603.74,603.86,2176.94918
2026-08-10 05:45:00+00:00,603.86,603.86,603.74,603.86,0.31105
2026-08-10 05:46:00+00:00,603.86,603.86,603.63,603.64,97.84254
2026-08-10 05:47:00+00:00,603.64,603.76,603.54,603.64,0.32596
2026-08-10 05:48:00+00:00,603.64,603.86,603.62,603.62,0.28477
2026-08-10 05:49:00+00:00,603.62,603.66,603.54,603.66,0.35765
2026-08-10 05:50:00+00:00,603.66,603.66,603.44,603.56,0.35271
2026-08-10 05:51:00+00:00,603.56,603.65,603.42,603.65,53.60891
2026-08-10 05:52:00+00:00,603.65,603.65,603.41,603.55,53.66849
2026-08-10 05:53:00+00:00,603.55,603.76,603.55,603.76,98.07781
2026-08-10 05:54:00+00:00,603.76,603.76,603.69,603.74,0.38746
2026-08-10 05:55:00+00:00,603.74,603.96,603.67,603.7,970.00218
2026-08-10 05:56:00+00:00,603.7,603.86,603.67,603.75,0.39918
2026-08-10 05:57:00+00:00,603.75,603.76,603.44,603.47,98.09534
2026-08-10 05:58:00+00:00,603.47,603.53,603.44,603.53,0.37349
2026-08-10 05:59:00+00:00,603.53,603.56,603.34,603.36,53.94636
2026-08-10 06:00:00+00:00,603.36,603.56,603.34,603.44,107.06968
2026-08-10 06:01:00+00:00,603.44,603.55,603.44,603.51,0.528949805117327323
2026-08-10 06:02:00+00:00,603.51,603.53,603.48,603.49,0.12007
2026-08-10 06:03:00+00:00,603.49,604,603.49,604,0.2258
2026-08-10 06:04:00+00:00,604,604,603.64,603.99,0.35544
2026-08-10 06:05:00+00:00,603.99,604,603.67,603.67,0.32814
2026-08-10 06:06:00+00:00,603.67,603.96,603.67,603.94,98.01131
2026-08-10 06:07:00+00:00,603.94,604.16,603.67,603.89,91.49397
2026-08-10 06:08:00+00:00,603.89,603.96,603.67,603.87,0.50681
2026-08-10 06:09:00+00:00,603.87,603.96,603.67,603.67,204.76541
2026-08-10 06:10:00+00:00,603.67,603.68,603.67,603.68,0.21577
2026-08-10 06:11:00+00:00,603.68,603.94,603.67,603.74,151.42235
2026-08-10 06:12:00+00:00,603.74,603.89,603.74,603.75,53.64607
2026-08-10 06:13:00+00:00,603.75,603.96,603.74,603.93,1.998172134031205485
2026-08-10 06:14:00+00:00,603.93,603.96,603.92,603.94,0.714379958905235473
2026-08-10 06:15:00+00:00,603.94,604.16,603.69,603.69,1776.509887907063559042
2026-08-10 06:16:00+00:00,603.69,604.26,603.69,604.04,0.39891
2026-08-10 06:17:00+00:00,604.04,604.17,603.84,604.04,1634.44815
2026-08-10 06:18:00+00:00,604.04,604.26,604.04,604.15,0.39817
2026-08-10 06:19:00+00:00,604.15,604.43,604.04,604.05,330.16477
2026-08-10 06:20:00+00:00,604.05,604.46,604.04,604.14,293.58649
2026-08-10 06:21:00+00:00,604.14,604.36,604.04,604.34,106.88827
2026-08-10 06:22:00+00:00,604.34,604.34,603.94,603.94,160.21451
2026-08-10 06:23:00+00:00,603.94,604.06,603.67,603.69,98.333779599407120353
2026-08-10 06:24:00+00:00,603.69,603.94,603.67,603.84,0.35564
2026-08-10 06:25:00+00:00,603.84,603.96,603.67,603.81,249.18087
2026-08-10 06:26:00+00:00,603.81,603.81,603.5,603.74,529.332821071641593213
2026-08-10 06:27:00+00:00,603.74,603.76,603.44,603.46,485.16156
2026-08-10 06:28:00+00:00,603.46,603.59,603.45,603.47,0.51392
2026-08-10 06:29:00+00:00,603.47,603.56,603.44,603.46,0.31584
2026-08-10 06:30:00+00:00,603.46,603.56,603.4,603.44,1.483420725727470411
2026-08-10 06:31:00+00:00,603.44,603.74,603.44,603.7,53.74942
2026-08-10 06:32:00+00:00,603.7,603.73,603.4,603.41,0.37757
2026-08-10 06:33:00+00:00,603.41,603.86,603.4,603.74,53.77304
2026-08-10 06:34:00+00:00,603.74,603.96,603.64,603.74,53.65714
2026-08-10 06:35:00+00:00,603.74,603.86,603.74,603.74,0.30694
2026-08-10 06:36:00+00:00,603.74,603.96,603.74,603.85,0.2536
2026-08-10 06:37:00+00:00,603.85,603.86,603.77,603.78,0.2628
2026-08-10 06:38:00+00:00,603.78,603.96,603.61,603.62,98.05183
2026-08-10 06:39:00+00:00,603.62,603.62,603.61,603.61,0.2467
2026-08-10 06:40:00+00:00,603.61,603.61,603.44,603.46,0.37561
2026-08-10 06:41:00+00:00,603.46,603.56,603.46,603.56,0.35538
2026-08-10 06:42:00+00:00,603.56,603.66,603.4,603.66,0.44729
2026-08-10 06:43:00+00:00,603.66,603.66,603.57,603.64,0.39111
2026-08-10 06:44:00+00:00,603.64,603.93,603.63,603.93,97.97646
2026-08-10 06:45:00+00:00,603.93,604.05,603.84,603.85,181.06181
2026-08-10 06:46:00+00:00,603.85,603.96,603.84,603.85,0.27368
2026-08-10 06:47:00+00:00,603.85,604.16,603.85,604.06,0.37661
2026-08-10 06:48:00+00:00,604.06,604.06,604.01,604.04,1.079669258351819355
2026-08-10 06:49:00+00:00,604.04,604.16,604.02,604.16,0.4672
2026-08-10 06:50:00+00:00,604.16,604.23,604.05,604.22,53.48474
2026-08-10 06:51:00+00:00,604.22,604.36,604.14,604.16,53.55411
2026-08-10 06:52:00+00:00,604.16,604.26,604.14,604.14,0.4492
2026-08-10 06:53:00+00:00,604.14,604.53,604.14,604.46,97.85149
2026-08-10 06:54:00+00:00,604.46,604.46,604.41,604.45,0.34146
2026-08-10 06:55:00+00:00,604.45,604.45,604.24,604.33,97.70652
2026-08-10 06:56:00+00:00,604.33,604.33,604.14,604.25,0.39097
2026-08-10 06:57:00+00:00,604.25,604.46,604.24,604.24,213.15798
2026-08-10 06:58:00+00:00,604.24,604.36,604.24,604.34,0.26752
2026-08-10 06:59:00+00:00,604.34,604.46,604.27,604.36,0.30885
2026-08-10 07:00:00+00:00,604.36,604.36,604.02,604.05,55.356779502019733792
2026-08-10 07:01:00+00:00,604.05,604.16,604.02,604.04,0.37703
2026-08-10 07:02:00+00:00,604.04,604.14,603.94,604.04,148.98286
2026-08-10 07:03:00+00:00,604.04,604.08,603.94,604.07,0.36688
2026-08-10 07:04:00+00:00,604.07,604.07,603.88,603.91,0.33604
2026-08-10 07:05:00+00:00,603.91,603.96,603.84,603.84,0.35662
2026-08-10 07:06:00+00:00,603.84,603.96,603.84,603.87,0.2616
2026-08-10 07:07:00+00:00,603.87,603.95,603.64,603.64,98.108494782767131002
2026-08-10 07:08:00+00:00,603.64,603.76,603.64,603.75,0.26405
2026-08-10 07:09:00+00:00,603.75,603.88,603.63,603.63,53.69177
2026-08-10 07:10:00+00:00,603.63,603.86,603.63,603.76,53.7219
2026-08-10 07:11:00+00:00,603.76,603.86,603.74,603.74,0.29424
2026-08-10 07:12:00+00:00,603.74,603.96,603.74,603.84,0.34718
2026-08-10 07:13:00+00:00,603.84,604.13,603.64,603.7,0.26167
2026-08-10 07:14:00+00:00,603.7,603.76,603.64,603.64,0.32481
2026-08-10 07:15:00+00:00,603.64,603.75,603.54,603.59,53.53935
2026-08-10 07:16:00+00:00,603.59,603.74,603.54,603.74,53.61598
2026-08-10 07:17:00+00:00,603.74,603.76,603.67,603.69,0.34579
2026-08-10 07:18:00+00:00,603.69,603.76,603.67,603.76,0.31441
2026-08-10 07:19:00+00:00,603.76,603.96,603.47,603.94,53.65324
2026-08-10 07:20:00+00:00,603.94,604.16,603.94,604.04,881.1989
2026-08-10 07:21:00+00:00,604.04,604.38,604.04,604.37,1175.09699
2026-08-10 07:22:00+00:00,604.37,604.49,604.37,604.41,98.74162
2026-08-10 07:23:00+00:00,604.41,604.53,604.36,604.42,0.40337
2026-08-10 07:24:00+00:00,604.42,604.77,604.42,604.66,3110.35551
2026-08-10 07:25:00+00:00,604.66,604.86,604.65,604.65,2331.79113
2026-08-10 07:26:00+00:00,604.65,604.76,603.8,604.65,0.33758
2026-08-10 07:27:00+00:00,604.65,604.76,604.64,604.66,0.29436
2026-08-10 07:28:00+00:00,604.66,604.76,604.64,604.76,0.39563
2026-08-10 07:29:00+00:00,604.76,604.86,604.62,604.86,0.33364
2026-08-10 07:30:00+00:00,604.86,604.96,604.75,604.96,0.2159
2026-08-10 07:31:00+00:00,604.96,604.96,604.74,604.74,0.17483
2026-08-10 07:32:00+00:00,604.74,604.83,604.74,604.78,0.1112
2026-08-10 07:33:00+00:00,604.78,604.83,604.77,604.82,0.2273
2026-08-10 07:34:00+00:00,604.82,604.86,604.82,604.86,0.22379
2026-08-10 07:35:00+00:00,604.86,604.86,604.58,604.76,2.018830821727480234
2026-08-10 07:36:00+00:00,604.76,604.86,604.74,604.86,0.32192
2026-08-10 07:37:00+00:00,604.86,605.23,604.74,605.23,188.05052
2026-08-10 07:38:00+00:00,605.23,605.23,605.14,605.15,0.28803
2026-08-10 07:39:00+00:00,605.15,605.28,604.84,604.84,99.690563893896386302
2026-08-10 07:40:00+00:00,604.84,604.96,604.84,604.95,0.28738
2026-08-10 07:41:00+00:00,604.95,605.16,604.84,604.94,107.759825591171833946
2026-08-10 07:42:00+00:00,604.94,605.16,604.94,605.16,0.33725
2026-08-10 07:43:00+00:00,605.16,605.16,605.04,605.16,0.42918
2026-08-10 07:44:00+00:00,605.16,605.64,605.05,605.19,2819.53011
2026-08-10 07:45:00+00:00,605.19,605.19,605.04,605.1,0.4309
2026-08-10 07:46:00+00:00,605.1,605.13,604.94,605.06,0.33834
2026-08-10 07:47:00+00:00,605.06,605.06,604.94,604.94,0.2652
2026-08-10 07:48:00+00:00,604.94,605.06,604.94,605.04,0.32671
2026-08-10 07:49:00+00:00,605.04,605.04,604.75,604.75,97.49264
2026-08-10 07:50:00+00:00,604.75,604.8,604.64,604.79,0.29412
2026-08-10 07:51:00+00:00,604.79,604.79,604.64,604.74,0.35619
2026-08-10 07:52:00+00:00,604.74,604.86,604.54,604.62,3.27776242785082279
2026-08-10 07:53:00+00:00,604.62,604.62,604.54,604.6,0.18568
2026-08-10 07:54:00+00:00,604.6,604.76,604.57,604.74,106.7235
2026-08-10 07:55:00+00:00,604.74,604.76,604.64,604.74,0.3551
2026-08-10 07:56:00+00:00,604.74,604.76,604.74,604.74,0.38213
2026-08-10 07:57:00+00:00,604.74,604.76,604.63,604.63,53.65564
2026-08-10 07:58:00+00:00,604.63,604.63,604.44,604.55,160.22606
2026-08-10 07:59:00+00:00,604.55,604.66,604.27,604.43,186.60523
2026-08-10 08:00:00+00:00,604.43,604.45,604.27,604.45,0.16219
2026-08-10 08:01:00+00:00,604.45,604.76,604.34,604.66,0.408
2026-08-10 08:02:00+00:00,604.66,604.93,604.66,604.9,144.72262242785082279
2026-08-10 08:03:00+00:00,604.9,604.94,604.76,604.94,8.550244176423968989
2026-08-10 08:04:00+00:00,604.94,605.19,604.94,605.17,0.41296
2026-08-10 08:05:00+00:00,605.17,605.64,605.04,605.04,0.36321
2026-08-10 08:06:00+00:00,605.04,605.16,604.94,605.06,53.51474
2026-08-10 08:07:00+00:00,605.06,605.06,604.94,604.94,0.36229
2026-08-10 08:08:00+00:00,604.94,605,604.74,604.76,55.200866492501529456
2026-08-10 08:09:00+00:00,604.76,604.86,604.74,604.86,3.582858809622220385
2026-08-10 08:10:00+00:00,604.86,604.96,604.76,604.86,0.34973
2026-08-10 08:11:00+00:00,604.86,605.06,604.84,604.96,0.38326
2026-08-10 08:12:00+00:00,604.96,604.97,604.84,604.86,0.36368
2026-08-10 08:13:00+00:00,604.86,604.96,604.86,604.96,0.23083
2026-08-10 08:14:00+00:00,604.96,604.96,604.86,604.93,0.21145
2026-08-10 08:15:00+00:00,604.93,604.93,604.66,604.66,53.59758
2026-08-10 08:16:00+00:00,604.66,604.93,604.64,604.93,106.82203
2026-08-10 08:17:00+00:00,604.93,605.06,604.67,605.04,0.35594
2026-08-10 08:18:00+00:00,605.04,605.16,604.96,605.05,54.087749120232665741
2026-08-10 08:19:00+00:00,605.05,605.16,605.04,605.04,0.22616
2026-08-10 08:20:00+00:00,605.04,605.16,604.44,604.44,188.31148
2026-08-10 08:21:00+00:00,604.44,604.66,604.42,604.57,53.81399
2026-08-10 08:22:00+00:00,604.57,604.75,604.54,604.68,53.76744
2026-08-10 08:23:00+00:00,604.68,605.06,604.68,605.05,1165.28808
2026-08-10 08:24:00+00:00,605.05,605.19,604.94,605.18,143.4832
2026-08-10 08:25:00+00:00,605.18,605.33,605.14,605.28,744.43408
2026-08-10 08:26:00+00:00,605.28,605.53,605.24,605.49,165.5995
2026-08-10 08:27:00+00:00,605.49,605.49,605.24,605.25,263.09681
2026-08-10 08:28:00+00:00,605.25,605.36,605.04,605.04,0.27228
2026-08-10 08:29:00+00:00,605.04,605.16,605.04,605.16,0.46775
2026-08-10 08:30:00+00:00,605.16,605.16,605.04,605.13,0.26173
2026-08-10 08:31:00+00:00,605.13,605.26,605.04,605.25,0.34902
2026-08-10 08:32:00+00:00,605.25,605.26,605.16,605.2,0.40114
2026-08-10 08:33:00+00:00,605.2,605.53,605.14,605.45,97.86326
2026-08-10 08:34:00+00:00,605.45,605.46,605.04,605.04,419.70991
2026-08-10 08:35:00+00:00,605.04,605.05,604.94,605.05,0.24189
2026-08-10 08:36:00+00:00,605.05,605.07,604.94,604.96,0.32211
2026-08-10 08:37:00+00:00,604.96,605.16,604.96,605.16,0.34756
2026-08-10 08:38:00+00:00,605.16,605.16,605.04,605.04,0.33966
2026-08-10 08:39:00+00:00,605.04,605.16,605.04,605.15,0.20602
2026-08-10 08:40:00+00:00,605.15,605.15,604.94,604.96,0.2342
2026-08-10 08:41:00+00:00,604.96,605.06,604.47,604.67,403.9022
2026-08-10 08:42:00+00:00,604.67,604.67,604.37,604.41,0.45075
2026-08-10 08:43:00+00:00,604.41,604.46,604.39,604.45,0.38582
2026-08-10 08:44:00+00:00,604.45,604.46,604.08,604.46,0.477676918902822353
2026-08-10 08:45:00+00:00,604.46,604.46,604.25,604.26,470.88815
2026-08-10 08:46:00+00:00,604.26,604.39,604.24,604.34,0.788755345286815167
2026-08-10 08:47:00+00:00,604.34,604.46,604.34,604.35,0.579700929563016033
2026-08-10 08:48:00+00:00,604.35,604.76,604.35,604.72,107.216654143202197002
2026-08-10 08:49:00+00:00,604.72,604.76,604.54,604.63,0.32505
2026-08-10 08:50:00+00:00,604.63,604.66,604.44,604.44,53.62747
2026-08-10 08:51:00+00:00,604.44,604.77,604.44,604.76,53.69046
2026-08-10 08:52:00+00:00,604.76,604.96,604.74,604.82,213.29333
2026-08-10 08:53:00+00:00,604.82,604.83,604.74,604.74,0.39976
2026-08-10 08:54:00+00:00,604.74,604.86,604.64,604.75,53.63476
2026-08-10 08:55:00+00:00,604.75,604.86,604.74,604.85,0.3759
2026-08-10 08:56:00+00:00,604.85,604.96,604.74,604.84,0.30563
2026-08-10 08:57:00+00:00,604.84,605.06,604.84,604.95,0.40692
2026-08-10 08:58:00+00:00,604.95,605.06,604.95,605.02,1.932408137558087615
2026-08-10 08:59:00+00:00,605.02,605.06,604.99,605.04,0.13954
2026-08-10 09:00:00+00:00,605.04,605.06,604.84,604.87,9.448052061578709999
2026-08-10 09:01:00+00:00,604.87,604.95,604.64,604.66,97.84422
2026-08-10 09:02:00+00:00,604.66,604.73,604.64,604.67,0.43694
2026-08-10 09:03:00+00:00,604.67,604.87,604.62,604.86,0.3781
2026-08-10 09:04:00+00:00,604.86,604.96,604.75,604.84,0.38555
2026-08-10 09:05:00+00:00,604.84,604.96,604.84,604.84,0.37309
2026-08-10 09:06:00+00:00,604.84,604.94,604.67,604.84,0.33731
2026-08-10 09:07:00+00:00,604.84,604.86,604.74,604.86,0.27378
2026-08-10 09:08:00+00:00,604.86,604.86,604.74,604.86,0.2794
2026-08-10 09:09:00+00:00,604.86,604.86,604.74,604.86,1.948720379981321529
2026-08-10 09:10:00+00:00,604.86,604.86,604.65,604.68,0.579242544233885636
2026-08-10 09:11:00+00:00,604.68,604.68,604.44,604.56,0.36286
2026-08-10 09:12:00+00:00,604.56,604.85,604.54,604.79,106.83386
2026-08-10 09:13:00+00:00,604.79,604.86,604.79,604.81,0.35207
2026-08-10 09:14:00+00:00,604.81,604.86,604.79,604.86,2.277863881199027992
2026-08-10 09:15:00+00:00,604.86,604.86,604.79,604.86,0.33125
2026-08-10 09:16:00+00:00,604.86,604.86,604.74,604.74,0.30166
2026-08-10 09:17:00+00:00,604.74,604.86,604.74,604.75,0.25546
2026-08-10 09:18:00+00:00,604.75,604.86,604.54,604.55,0.24564
2026-08-10 09:19:00+00:00,604.55,604.65,604.44,604.54,0.47995843519973534
2026-08-10 09:20:00+00:00,604.54,604.54,604.26,604.36,44.7289
2026-08-10 09:21:00+00:00,604.36,604.36,604.14,604.15,0.40136
2026-08-10 09:22:00+00:00,604.15,604.44,604.15,604.43,151.08017
2026-08-10 09:23:00+00:00,604.43,604.45,604.34,604.34,0.36723
2026-08-10 09:24:00+00:00,604.34,604.66,604.34,604.56,0.31815
2026-08-10 09:25:00+00:00,604.56,604.56,604.37,604.4,0.41408
2026-08-10 09:26:00+00:00,604.4,604.46,604.34,604.41,0.37651
2026-08-10 09:27:00+00:00,604.41,604.46,604.34,604.36,0.2165
2026-08-10 09:28:00+00:00,604.36,604.46,604.34,604.46,10.227185627026669313
2026-08-10 09:29:00+00:00,604.46,604.56,604.34,604.46,0.41699
2026-08-10 09:30:00+00:00,604.46,604.47,604.04,604.12,188.22508
2026-08-10 09:31:00+00:00,604.12,604.12,604.01,604.01,0.25106
2026-08-10 09:32:00+00:00,604.01,604.11,603.97,604.05,0.41466
2026-08-10 09:33:00+00:00,604.05,604.08,603.84,604.02,293.37474
2026-08-10 09:34:00+00:00,604.02,604.43,604.02,604.43,135.171498437312226318
2026-08-10 09:35:00+00:00,604.43,604.56,604.37,604.52,121.27223
2026-08-10 09:36:00+00:00,604.52,604.53,604.34,604.34,0.3714
2026-08-10 09:37:00+00:00,604.34,604.66,604.34,604.66,0.34803
2026-08-10 09:38:00+00:00,604.66,604.76,604.54,604.65,0.30968
2026-08-10 09:39:00+00:00,604.65,604.86,604.65,604.76,0.40192
2026-08-10 09:40:00+00:00,604.76,605.02,604.64,604.64,1.127137290994790374
2026-08-10 09:41:00+00:00,604.64,604.76,604.64,604.67,0.3048
2026-08-10 09:42:00+00:00,604.67,604.96,604.67,604.84,0.41161
2026-08-10 09:43:00+00:00,604.84,604.96,604.71,604.95,260.08661
2026-08-10 09:44:00+00:00,604.95,604.95,604.64,604.68,51.0891
2026-08-10 09:45:00+00:00,604.68,604.7,604.37,604.38,97.96433
2026-08-10 09:46:00+00:00,604.38,604.41,604.12,604.35,134.9676
2026-08-10 09:47:00+00:00,604.35,604.41,604.23,604.24,53.74313
2026-08-10 09:48:00+00:00,604.24,604.25,604.24,604.24,0.20314
2026-08-10 09:49:00+00:00,604.24,604.25,604.24,604.25,0.22929
2026-08-10 09:50:00+00:00,604.25,604.36,604.14,604.34,0.83594754830928166
2026-08-10 09:51:00+00:00,604.34,604.56,604.34,604.39,1686.63653
2026-08-10 09:52:00+00:00,604.39,604.56,604.34,604.36,1.357582903802243621
2026-08-10 09:53:00+00:00,604.36,604.45,604.34,604.36,0.3228
2026-08-10 09:54:00+00:00,604.36,604.46,604.34,604.34,0.22467
2026-08-10 09:55:00+00:00,604.34,604.46,604.34,604.36,0.28306
2026-08-10 09:56:00+00:00,604.36,604.62,604.36,604.57,97.81814
2026-08-10 09:57:00+00:00,604.57,604.57,604.49,604.54,0.37425
2026-08-10 09:58:00+00:00,604.54,604.66,604.45,604.45,53.65971
2026-08-10 09:59:00+00:00,604.45,604.63,604.44,604.63,107.530517675611289415
2026-08-10 10:00:00+00:00,604.63,604.74,604.54,604.64,0.37374
2026-08-10 10:01:00+00:00,604.64,605,604.64,605,151.22459
2026-08-10 10:02:00+00:00,605,605.39,604.94,605.38,337.06755
2026-08-10 10:03:00+00:00,605.38,605.78,605.37,605.78,2064.81113729476256522
2026-08-10 10:04:00+00:00,605.78,605.91,605.47,605.9,0.38548
2026-08-10 10:05:00+00:00,605.9,605.91,605.54,605.65,0.45980270523743478
2026-08-10 10:06:00+00:00,605.65,605.76,605.37,605.71,2.017710636819495584
2026-08-10 10:07:00+00:00,605.71,605.74,605.54,605.54,0.46218
2026-08-10 10:08:00+00:00,605.54,605.66,605.28,605.4,292.45914
2026-08-10 10:09:00+00:00,605.4,605.55,605.31,605.31,97.84823
2026-08-10 10:10:00+00:00,605.31,605.36,605.24,605.25,0.45087
2026-08-10 10:11:00+00:00,605.25,605.35,605.05,605.14,363.79153
2026-08-10 10:12:00+00:00,605.14,605.14,605.06,605.13,1.859870162937502065
2026-08-10 10:13:00+00:00,605.13,605.14,604.94,604.94,0.28105
2026-08-10 10:14:00+00:00,604.94,605.06,604.94,605.05,0.37835
2026-08-10 10:15:00+00:00,605.05,605.18,605.05,605.18,97.53552
2026-08-10 10:16:00+00:00,605.18,605.18,604.82,604.82,11.475937332586212052
2026-08-10 10:17:00+00:00,604.82,604.83,604.64,604.65,0.60672
2026-08-10 10:18:00+00:00,604.65,604.76,604.64,604.76,0.36041
2026-08-10 10:19:00+00:00,604.76,604.96,604.69,604.86,53.59843
2026-08-10 10:20:00+00:00,604.86,604.95,604.74,604.87,0.37227
2026-08-10 10:21:00+00:00,604.87,605.13,604.87,605.06,151.24751
2026-08-10 10:22:00+00:00,605.06,605.16,605.06,605.16,0.45845
2026-08-10 10:23:00+00:00,605.16,605.26,605.08,605.26,0.28424
2026-08-10 10:24:00+00:00,605.26,605.26,605.14,605.24,0.40252
2026-08-10 10:25:00+00:00,605.24,605.34,605.24,605.27,0.22686
2026-08-10 10:26:00+00:00,605.27,605.56,605.27,605.56,0.35758
2026-08-10 10:27:00+00:00,605.56,605.56,605.49,605.56,60.573796975704452666
2026-08-10 10:28:00+00:00,605.56,605.83,604.7,605.47,255.050509503227906474
2026-08-10 10:29:00+00:00,605.47,606.65,604.69,605.56,254.260304419681424347
2026-08-10 10:30:00+00:00,605.56,605.66,605.54,605.57,32.22564549077872672
2026-08-10 10:31:00+00:00,605.57,605.71,605.54,605.7,0.38012
2026-08-10 10:32:00+00:00,605.7,605.76,605.53,605.53,97.77893
2026-08-10 10:33:00+00:00,605.53,605.78,605.33,605.33,434.6886
2026-08-10 10:34:00+00:00,605.33,605.33,605.17,605.19,90.49611
2026-08-10 10:35:00+00:00,605.19,605.43,605.18,605.37,338.37401
2026-08-10 10:36:00+00:00,605.37,605.44,605.17,605.44,676.37076
2026-08-10 10:37:00+00:00,605.44,605.44,605.43,605.44,0.18148
2026-08-10 10:38:00+00:00,605.44,605.56,605.24,605.48,3664.6113
2026-08-10 10:39:00+00:00,605.48,605.56,605.29,605.29,97.86964
2026-08-10 10:40:00+00:00,605.29,605.65,605.24,605.64,257.26918
2026-08-10 10:41:00+00:00,605.64,605.66,605.42,605.57,912.50393
2026-08-10 10:42:00+00:00,605.57,605.66,605.56,605.59,0.28285
2026-08-10 10:43:00+00:00,605.59,605.73,605.46,605.56,147.96392
2026-08-10 10:44:00+00:00,605.56,605.88,605.43,605.87,106.74919
2026-08-10 10:45:00+00:00,605.87,605.97,605.64,605.79,159.73962
2026-08-10 10:46:00+00:00,605.79,605.96,605.66,605.84,53.6075
2026-08-10 10:47:00+00:00,605.84,606.16,605.74,606.16,97.55388
2026-08-10 10:48:00+00:00,606.16,606.16,606.04,606.04,0.39724
2026-08-10 10:49:00+00:00,606.04,606.5,606.04,606.47,550.52088
2026-08-10 10:50:00+00:00,606.47,606.66,606.44,606.54,233.62684
2026-08-10 10:51:00+00:00,606.54,606.86,606.54,606.74,97.51704
2026-08-10 10:52:00+00:00,606.74,607,606.74,606.86,102.009535533797575635
2026-08-10 10:53:00+00:00,606.86,606.96,606.54,606.54,53.47106
2026-08-10 10:54:00+00:00,606.54,606.66,606.54,606.66,0.34519
2026-08-10 10:55:00+00:00,606.66,606.69,606.54,606.69,0.33317
2026-08-10 10:56:00+00:00,606.69,607.06,606.69,607.06,2.089719502019733792
2026-08-10 10:57:00+00:00,607.06,607.06,606.94,606.94,3.918541071641593213
2026-08-10 10:58:00+00:00,606.94,606.94,606.74,606.86,840.19773
2026-08-10 10:59:00+00:00,606.86,606.86,606.74,606.85,0.40238
2026-08-10 11:00:00+00:00,606.85,607.06,606.85,606.86,256.5184
2026-08-10 11:01:00+00:00,606.86,606.96,606.64,606.64,0.531184292805612548
2026-08-10 11:02:00+00:00,606.64,606.76,606.64,606.76,0.32365
2026-08-10 11:03:00+00:00,606.76,606.76,606.53,606.56,2.116825881557687868
2026-08-10 11:04:00+00:00,606.56,606.66,606.44,606.51,1.962880555692967268
2026-08-10 11:05:00+00:00,606.51,606.56,606.14,606.15,0.43999
2026-08-10 11:06:00+00:00,606.15,606.26,606.14,606.15,0.30837
2026-08-10 11:07:00+00:00,606.15,606.53,606.04,606.04,0.41498
2026-08-10 11:08:00+00:00,606.04,606.05,605.74,605.75,97.64562
2026-08-10 11:09:00+00:00,605.75,605.86,605.48,605.57,247.95903
2026-08-10 11:10:00+00:00,605.57,605.66,605.34,605.34,204.16293
2026-08-10 11:11:00+00:00,605.34,605.46,605.34,605.45,0.40273
2026-08-10 11:12:00+00:00,605.45,605.66,605.24,605.24,514.08742
2026-08-10 11:13:00+00:00,605.24,605.46,605.24,605.35,266.39137
2026-08-10 11:14:00+00:00,605.35,605.46,605.24,605.46,0.47814
2026-08-10 11:15:00+00:00,605.46,605.48,605.34,605.34,0.543926418541646017
2026-08-10 11:16:00+00:00,605.34,605.56,605.34,605.46,1.869822112773758794
2026-08-10 11:17:00+00:00,605.46,605.86,605.46,605.75,0.38587
2026-08-10 11:18:00+00:00,605.75,605.86,605.55,605.86,204.25212
2026-08-10 11:19:00+00:00,605.86,605.96,605.64,605.9,106.67815
2026-08-10 11:20:00+00:00,605.9,605.92,605.74,605.76,106.43687
2026-08-10 11:21:00+00:00,605.76,605.86,605.74,605.86,0.48979
2026-08-10 11:22:00+00:00,605.86,606.06,605.75,605.85,0.283
2026-08-10 11:23:00+00:00,605.85,605.96,605.46,605.5,188.374821071204568712
2026-08-10 11:24:00+00:00,605.5,605.56,605.46,605.54,0.49267
2026-08-10 11:25:00+00:00,605.54,605.66,605.54,605.66,0.27874
2026-08-10 11:26:00+00:00,605.66,605.66,605.54,605.58,0.27833
2026-08-10 11:27:00+00:00,605.58,605.76,605.58,605.74,0.33838
2026-08-10 11:28:00+00:00,605.74,605.86,605.74,605.86,0.38945
2026-08-10 11:29:00+00:00,605.86,606.02,605.76,605.94,97.72003
2026-08-10 11:30:00+00:00,605.94,606.13,605.64,605.65,510.23272
2026-08-10 11:31:00+00:00,605.65,605.86,605.65,605.86,509.98534
2026-08-10 11:32:00+00:00,605.86,605.86,605.74,605.82,0.2888
2026-08-10 11:33:00+00:00,605.82,605.82,605.47,605.56,53.55943
2026-08-10 11:34:00+00:00,605.56,605.77,605.52,605.76,106.53955
2026-08-10 11:35:00+00:00,605.76,605.76,605.64,605.66,0.26996
2026-08-10 11:36:00+00:00,605.66,605.76,605.44,605.45,53.60166
2026-08-10 11:37:00+00:00,605.45,605.56,605.44,605.56,0.28878
2026-08-10 11:38:00+00:00,605.56,605.56,605.36,605.44,0.442127695255715607
2026-08-10 11:39:00+00:00,605.44,605.56,605.37,605.53,0.25338
2026-08-10 11:40:00+00:00,605.53,605.75,605.44,605.75,97.80939
2026-08-10 11:41:00+00:00,605.75,605.76,605.64,605.65,0.38355
2026-08-10 11:42:00+00:00,605.65,605.66,605.58,605.58,0.28822
2026-08-10 11:43:00+00:00,605.58,605.62,605.32,605.32,0.3524
2026-08-10 11:44:00+00:00,605.32,605.45,605.32,605.44,0.24421
2026-08-10 11:45:00+00:00,605.44,605.46,605.24,605.46,0.39387
2026-08-10 11:46:00+00:00,605.46,605.56,605.34,605.55,0.40055
2026-08-10 11:47:00+00:00,605.55,605.73,605.34,605.73,0.30386
2026-08-10 11:48:00+00:00,605.73,605.73,605.11,605.14,0.39547
2026-08-10 11:49:00+00:00,605.14,605.26,604.67,605.15,0.25851
2026-08-10 11:50:00+00:00,605.15,605.16,604.95,605.06,0.3949
2026-08-10 11:51:00+00:00,605.06,605.25,605.04,605.15,0.41935
2026-08-10 11:52:00+00:00,605.15,605.56,605.15,605.33,97.77285
2026-08-10 11:53:00+00:00,605.33,605.46,605.24,605.34,53.59051
2026-08-10 11:54:00+00:00,605.34,605.66,605.34,605.66,0.59513
2026-08-10 11:55:00+00:00,605.66,605.86,605.64,605.74,53.58148
2026-08-10 11:56:00+00:00,605.74,605.86,605.54,605.76,159.94136
2026-08-10 11:57:00+00:00,605.76,605.76,605.64,605.76,0.24114
2026-08-10 11:58:00+00:00,605.76,605.76,605.54,605.6,0.34179
2026-08-10 11:59:00+00:00,605.6,605.66,605.44,605.56,0.39082
2026-08-10 12:00:00+00:00,605.56,605.76,605.44,605.74,0.31599
2026-08-10 12:01:00+00:00,605.74,605.93,605.54,605.65,2.180733357774564792
2026-08-10 12:02:00+00:00,605.65,605.93,605.65,605.74,0.44213
2026-08-10 12:03:00+00:00,605.74,605.86,605.35,605.39,284.392908774044415091
2026-08-10 12:04:00+00:00,605.39,605.86,605.38,605.53,74.14783
2026-08-10 12:05:00+00:00,605.53,605.66,605.34,605.37,824.30978
2026-08-10 12:06:00+00:00,605.37,605.54,605.34,605.53,824.255966562061276736
2026-08-10 12:07:00+00:00,605.53,605.76,605.53,605.76,0.477906562061276736
2026-08-10 12:08:00+00:00,605.76,605.78,605.44,605.52,97.8549
2026-08-10 12:09:00+00:00,605.52,605.66,605.52,605.66,0.45396
2026-08-10 12:10:00+00:00,605.66,605.85,605.64,605.79,1001.07721
2026-08-10 12:11:00+00:00,605.79,605.86,605.64,605.86,2161.02439
2026-08-10 12:12:00+00:00,605.86,605.86,605.54,605.63,0.348
2026-08-10 12:13:00+00:00,605.63,605.66,605.34,605.42,97.87144
2026-08-10 12:14:00+00:00,605.42,605.42,605.14,605.15,53.68388
2026-08-10 12:15:00+00:00,605.15,605.16,604.65,605.06,0.42413
2026-08-10 12:16:00+00:00,605.06,605.16,604.77,605.06,491.0551
2026-08-10 12:17:00+00:00,605.06,605.25,605.04,605.25,0.38875
2026-08-10 12:18:00+00:00,605.25,605.26,605.14,605.14,0.844721631677272649
2026-08-10 12:19:00+00:00,605.14,605.26,605.04,605.05,97.17883
2026-08-10 12:20:00+00:00,605.05,605.09,604.74,604.78,98.03265
2026-08-10 12:21:00+00:00,604.78,605.24,604.78,605.21,408.27844
2026-08-10 12:22:00+00:00,605.21,605.33,605.14,605.14,0.37381
2026-08-10 12:23:00+00:00,605.14,605.36,604.96,605.01,97.83982
2026-08-10 12:24:00+00:00,605.01,605.02,604.94,605,0.654800651508561006
2026-08-10 12:25:00+00:00,605,605.02,604.84,604.96,0.47047
2026-08-10 12:26:00+00:00,604.96,605.02,604.72,604.87,293.07518
2026-08-10 12:27:00+00:00,604.87,605.02,604.74,604.74,53.72886
2026-08-10 12:28:00+00:00,604.74,604.86,604.56,604.58,147.16438
2026-08-10 12:29:00+00:00,604.58,604.76,604.34,604.34,614.30426
2026-08-10 12:30:00+00:00,604.34,604.46,604,604.24,269.940490579604544099
2026-08-10 12:31:00+00:00,604.24,604.56,604.24,604.52,98.0755
2026-08-10 12:32:00+00:00,604.52,604.66,604.28,604.66,0.35134
2026-08-10 12:33:00+00:00,604.66,604.76,604.54,604.66,0.3654
2026-08-10 12:34:00+00:00,604.66,604.67,604.25,604.3,107.01357
2026-08-10 12:35:00+00:00,604.3,604.66,604.24,604.44,151.30402
2026-08-10 12:36:00+00:00,604.44,604.56,604.44,604.5,0.27403
2026-08-10 12:37:00+00:00,604.5,604.54,604.44,604.51,0.20039
2026-08-10 12:38:00+00:00,604.51,604.51,604.14,604.18,106.78347
2026-08-10 12:39:00+00:00,604.18,604.36,604.18,604.33,0.35168
2026-08-10 12:40:00+00:00,604.33,604.33,603.7,603.85,209.885770651508561006
2026-08-10 12:41:00+00:00,603.85,604.06,603.76,604.05,53.67846
2026-08-10 12:42:00+00:00,604.05,604.08,603.94,604.06,0.54162
2026-08-10 12:43:00+00:00,604.06,604.39,604.04,604.34,634.822959348491438994
2026-08-10 12:44:00+00:00,604.34,604.46,604.14,604.34,0.42325
2026-08-10 12:45:00+00:00,604.34,604.46,604.24,604.24,0.36958
2026-08-10 12:46:00+00:00,604.24,604.39,604.24,604.28,0.3043
2026-08-10 12:47:00+00:00,604.28,604.33,604.14,604.33,0.34994
2026-08-10 12:48:00+00:00,604.33,604.42,604.04,604.04,0.46482
2026-08-10 12:49:00+00:00,604.04,604.06,603.84,603.84,98.11538
2026-08-10 12:50:00+00:00,603.84,604.06,603.67,603.81,227.55832
2026-08-10 12:51:00+00:00,603.81,604.7,603.65,603.65,2.042081640658648908
2026-08-10 12:52:00+00:00,603.65,603.76,603.64,603.76,0.34005
2026-08-10 12:53:00+00:00,603.76,603.86,603.64,603.76,2.398413881199027992
2026-08-10 12:54:00+00:00,603.76,603.86,603.56,603.76,0.47032
2026-08-10 12:55:00+00:00,603.76,603.76,603.35,603.43,98.34712
2026-08-10 12:56:00+00:00,603.43,603.43,603.19,603.36,694.09142
2026-08-10 12:57:00+00:00,603.36,603.36,602.3,603.06,188.75595
2026-08-10 12:58:00+00:00,603.06,603.26,603.04,603.06,196.14189
2026-08-10 12:59:00+00:00,603.06,603.09,602.84,603.06,195.94295
2026-08-10 13:00:00+00:00,603.06,603.09,602.84,602.88,98.13073
2026-08-10 13:01:00+00:00,602.88,603.09,602.84,603.09,0.4177
2026-08-10 13:02:00+00:00,603.09,603.2,602.99,603.2,53.75958
2026-08-10 13:03:00+00:00,603.2,603.2,602.83,603.03,393.5756
2026-08-10 13:04:00+00:00,603.03,603.03,602.85,603.01,0.28757
2026-08-10 13:05:00+00:00,603.01,603.01,602.84,602.93,0.23865
2026-08-10 13:06:00+00:00,602.93,603.23,602.93,603.12,98.18226
2026-08-10 13:07:00+00:00,603.12,603.36,603.12,603.32,0.468997695255715607
2026-08-10 13:08:00+00:00,603.32,603.36,603.24,603.36,0.448404494828957836
2026-08-10 13:09:00+00:00,603.36,603.36,603.24,603.3,0.31456
2026-08-10 13:10:00+00:00,603.3,603.36,603.16,603.16,0.32005
2026-08-10 13:11:00+00:00,603.16,603.35,602.88,602.92,53.88589
2026-08-10 13:12:00+00:00,602.92,602.92,602.21,602.21,1326.71566
2026-08-10 13:13:00+00:00,602.21,602.46,602.06,602.34,3500.10118
2026-08-10 13:14:00+00:00,602.34,602.47,602.24,602.31,0.533695817010822654
2026-08-10 13:15:00+00:00,602.31,602.31,602.06,602.14,98.3567
2026-08-10 13:16:00+00:00,602.14,603.2,602.12,602.64,746.52265
2026-08-10 13:17:00+00:00,602.64,602.96,602.64,602.85,633.78775
2026-08-10 13:18:00+00:00,602.85,603.26,602.84,602.95,295.35691
2026-08-10 13:19:00+00:00,602.95,603.13,602.65,602.65,0.453484484480499012
2026-08-10 13:20:00+00:00,602.65,602.7,602.53,602.53,98.22052
2026-08-10 13:21:00+00:00,602.53,602.53,602.07,602.44,223.52208
2026-08-10 13:22:00+00:00,602.44,602.56,602.24,602.56,151.78921
2026-08-10 13:23:00+00:00,602.56,602.71,602.44,602.64,107.19287
2026-08-10 13:24:00+00:00,602.64,602.66,602.54,602.61,0.34016
2026-08-10 13:25:00+00:00,602.61,602.61,602.14,602.15,54.416761137790176347
2026-08-10 13:26:00+00:00,602.15,602.26,602.04,602.16,151.661556824162628556
2026-08-10 13:27:00+00:00,602.16,602.36,602.04,602.04,102.01477168148304288
2026-08-10 13:28:00+00:00,602.04,602.14,602.04,602.04,8.823320229436568254
2026-08-10 13:29:00+00:00,602.04,602.17,602,602.17,15.219460690793496084
2026-08-10 13:30:00+00:00,602.17,602.3,602,602.3,846.68744218039722451
2026-08-10 13:31:00+00:00,602.3,602.36,602,602.28,1.182210246861704776
2026-08-10 13:32:00+00:00,602.28,602.69,602.27,602.47,488.531434522490274274
2026-08-10 13:33:00+00:00,602.47,602.47,602.27,602.44,23.007498111441233588
2026-08-10 13:34:00+00:00,602.44,602.45,601.25,601.78,7168.372402835737203346
2026-08-10 13:35:00+00:00,601.78,602.03,601.2,602.03,596.376995058277885069
2026-08-10 13:36:00+00:00,602.03,602.36,601.96,602.34,176.152892529906333163
2026-08-10 13:37:00+00:00,602.34,602.67,602.24,602.3,469.945852779011774966
2026-08-10 13:38:00+00:00,602.3,602.3,602.03,602.03,803.947668649253775931
2026-08-10 13:39:00+00:00,602.03,602.04,601.6,601.6,98.49653
2026-08-10 13:40:00+00:00,601.6,601.67,601.24,601.65,411.923207513738259325
2026-08-10 13:41:00+00:00,601.65,601.65,601.44,601.47,0.24446
2026-08-10 13:42:00+00:00,601.47,601.55,601.11,601.55,2.251444343752232612
2026-08-10 13:43:00+00:00,601.55,602.03,601.5,601.55,99.022567308529553498
2026-08-10 13:44:00+00:00,601.55,602.06,601.55,602.04,196.5434
2026-08-10 13:45:00+00:00,602.04,602.16,601.77,601.8,98.33677
2026-08-10 13:46:00+00:00,601.8,601.81,600.87,600.87,290.29783134536670387
2026-08-10 13:47:00+00:00,600.87,601.32,600.87,601.14,303.271897739911498581
2026-08-10 13:48:00+00:00,601.14,601.26,600.94,601.06,101.722232793070738991
2026-08-10 13:49:00+00:00,601.06,601.11,600.64,600.88,310.006253589862349619
2026-08-10 13:50:00+00:00,600.88,601.46,600.74,601.24,370.77926
2026-08-10 13:51:00+00:00,601.24,601.32,600.95,601.11,726.18271
2026-08-10 13:52:00+00:00,601.11,601.15,600.45,600.48,818.369
2026-08-10 13:53:00+00:00,600.48,600.48,600.02,600.05,69.946618000984338835
2026-08-10 13:54:00+00:00,600.05,600.69,600.05,600.59,137.325188917556298527
2026-08-10 13:55:00+00:00,600.59,600.66,600.34,600.41,99.044417106639570909
2026-08-10 13:56:00+00:00,600.41,600.93,600.41,600.93,250.53529
2026-08-10 13:57:00+00:00,600.93,601.15,600.74,600.84,293.4953
2026-08-10 13:58:00+00:00,600.84,601.43,600.74,601.26,54.260205561657513729
2026-08-10 13:59:00+00:00,601.26,601.26,600.6,600.6,468.82485392026578073
2026-08-10 14:00:00+00:00,600.6,601.16,600.54,601.07,219.222274336626431935
2026-08-10 14:01:00+00:00,601.07,601.73,601.07,601.57,2355.560565730217737652
2026-08-10 14:02:00+00:00,601.57,601.75,601.57,601.75,26.198874269782262348
2026-08-10 14:03:00+00:00,601.75,601.75,601.42,601.55,434.067190483329455174
2026-08-10 14:04:00+00:00,601.55,601.55,601.38,601.38,843.777769516670544826
2026-08-10 14:05:00+00:00,601.38,601.45,601.24,601.24,0.320000483329455174
2026-08-10 14:06:00+00:00,601.24,601.46,601.24,601.26,53.87244
2026-08-10 14:07:00+00:00,601.26,601.38,601.26,601.26,0.36833
2026-08-10 14:08:00+00:00,601.26,601.32,601.14,601.14,98.45912
2026-08-10 14:09:00+00:00,601.14,601.33,601,601.18,196.67253
2026-08-10 14:10:00+00:00,601.18,601.33,600.96,601.08,254.671992240802492563
2026-08-10 14:11:00+00:00,601.08,601.43,601.08,601.38,175.879082995643126858
2026-08-10 14:12:00+00:00,601.38,601.47,601.34,601.46,0.894872091135262537
2026-08-10 14:13:00+00:00,601.46,601.64,601.44,601.64,53.70081
2026-08-10 14:14:00+00:00,601.64,601.86,601.59,601.86,605.98752
2026-08-10 14:15:00+00:00,601.86,602.29,601.83,602.01,529.613030215661537606
2026-08-10 14:16:00+00:00,602.01,602.01,601.77,601.78,237.798282014017703861
2026-08-10 14:17:00+00:00,601.78,601.8,601.74,601.75,9.504201756857799179
2026-08-10 14:18:00+00:00,601.75,602.06,601.6,601.96,100.659529321312969316
2026-08-10 14:19:00+00:00,601.96,601.96,601.6,601.84,0.46215
2026-08-10 14:20:00+00:00,601.84,601.96,601.74,601.84,0.40194
2026-08-10 14:21:00+00:00,601.84,601.96,601.64,601.66,152.371888130702876992
2026-08-10 14:22:00+00:00,601.66,601.69,601.64,601.69,0.51502
2026-08-10 14:23:00+00:00,601.69,601.76,601.6,601.76,0.653709015495902047
2026-08-10 14:24:00+00:00,601.76,601.76,601.6,601.6,0.5188
2026-08-10 14:25:00+00:00,601.6,601.78,601.57,601.64,0.54055
2026-08-10 14:26:00+00:00,601.64,602.43,601.57,602.33,515.24121
2026-08-10 14:27:00+00:00,602.33,602.49,602.24,602.25,362.40596404132148917
2026-08-10 14:28:00+00:00,602.25,602.84,602.24,602.68,3380.699122448132780082
2026-08-10 14:29:00+00:00,602.68,602.7,602.44,602.66,107.941245492367492629
2026-08-10 14:30:00+00:00,602.66,602.66,602.54,602.61,0.36733
2026-08-10 14:31:00+00:00,602.61,602.8,602.54,602.68,162.878593707583460612
2026-08-10 14:32:00+00:00,602.68,602.76,602.34,602.34,160.67048
2026-08-10 14:33:00+00:00,602.34,602.35,602.17,602.25,570.37629
2026-08-10 14:34:00+00:00,602.25,602.51,602.25,602.44,207.701529211618257261
2026-08-10 14:35:00+00:00,602.44,602.93,602.34,602.92,396.10590232210980262
2026-08-10 14:36:00+00:00,602.92,602.93,602.64,602.75,1.028843064419823525
2026-08-10 14:37:00+00:00,602.75,602.96,602.71,602.88,78.845045657434087243
2026-08-10 14:38:00+00:00,602.88,602.96,601.95,602.44,152.238441516332929641
2026-08-10 14:39:00+00:00,602.44,602.66,602.38,602.5,1024.43915
2026-08-10 14:40:00+00:00,602.5,602.66,602.44,602.44,1.016566536086581236
2026-08-10 14:41:00+00:00,602.44,602.66,602.44,602.54,0.35019
2026-08-10 14:42:00+00:00,602.54,602.74,602.44,602.73,214.11634
2026-08-10 14:43:00+00:00,602.73,602.95,602.68,602.69,0.44034
2026-08-10 14:44:00+00:00,602.69,602.76,602.56,602.63,0.591598669277228379
2026-08-10 14:45:00+00:00,602.63,602.86,602.55,602.85,0.43439
2026-08-10 14:46:00+00:00,602.85,602.87,602.6,602.64,103.666129544164304805
2026-08-10 14:47:00+00:00,602.64,602.64,601.6,602.44,2.140561825310045316
2026-08-10 14:48:00+00:00,602.44,603.4,602.12,602.42,200.24221489269092895
2026-08-10 14:49:00+00:00,602.42,602.57,602.34,602.34,249.60441
2026-08-10 14:50:00+00:00,602.34,602.46,602.34,602.38,0.34962
2026-08-10 14:51:00+00:00,602.38,602.46,602.14,602.21,151.78227
2026-08-10 14:52:00+00:00,602.21,602.35,602.04,602.35,314.262237702354641984
2026-08-10 14:53:00+00:00,602.35,602.36,602.05,602.16,0.40591
2026-08-10 14:54:00+00:00,602.16,602.16,601.94,602.05,0.49354
2026-08-10 14:55:00+00:00,602.05,602.16,601.94,602.16,0.481876440103647598
2026-08-10 14:56:00+00:00,602.16,602.16,601.84,602.04,107.30912
2026-08-10 14:57:00+00:00,602.04,602.1,601.51,601.62,136.135337937901000631
2026-08-10 14:58:00+00:00,601.62,601.62,601.54,601.54,526.72646
2026-08-10 14:59:00+00:00,601.54,601.86,601.54,601.64,90.47286
2026-08-10 15:00:00+00:00,601.64,601.86,601.39,601.54,113.35635
2026-08-10 15:01:00+00:00,601.54,601.66,601.12,601.66,476.41171
2026-08-10 15:02:00+00:00,601.66,601.89,601.66,601.82,55.568697881102623713
2026-08-10 15:03:00+00:00,601.82,601.86,601.47,601.74,0.40629
2026-08-10 15:04:00+00:00,601.74,602.06,601.74,601.94,258.70667
2026-08-10 15:05:00+00:00,601.94,601.96,601.64,601.74,196.51396
2026-08-10 15:06:00+00:00,601.74,602.06,601.74,601.95,953.9843
2026-08-10 15:07:00+00:00,601.95,602.16,601.95,602.06,0.99200768055278719
2026-08-10 15:08:00+00:00,602.06,602.16,601.64,601.64,357.67402768055278719
2026-08-10 15:09:00+00:00,601.64,601.76,601.54,601.76,973.67985
2026-08-10 15:10:00+00:00,601.76,601.76,601.54,601.55,311.804545212072862651
2026-08-10 15:11:00+00:00,601.55,601.84,601.54,601.57,1135.12608
2026-08-10 15:12:00+00:00,601.57,601.66,601,601.26,1005.578525824259980687
2026-08-10 15:13:00+00:00,601.26,601.26,600.56,600.75,5899.001733319181210205
2026-08-10 15:14:00+00:00,600.75,600.96,600.64,600.76,196.68793
2026-08-10 15:15:00+00:00,600.76,601.78,600.7,601.78,1877.659289557349655005
2026-08-10 15:16:00+00:00,601.78,601.93,601.6,601.6,6197.538936874163564072
2026-08-10 15:17:00+00:00,601.6,601.76,600.8,601.64,871.501488126479920793
2026-08-10 15:18:00+00:00,601.64,601.75,600.91,600.94,2315.966860821727480234
2026-08-10 15:19:00+00:00,600.94,601.19,600.94,601.14,0.56366
2026-08-10 15:20:00+00:00,601.14,601.43,601.14,601.41,0.48746
2026-08-10 15:21:00+00:00,601.41,601.41,601.06,601.16,0.46804
2026-08-10 15:22:00+00:00,601.16,601.16,600.94,600.95,0.45422
2026-08-10 15:23:00+00:00,600.95,601.16,600.74,601.16,354.59995
2026-08-10 15:24:00+00:00,601.16,601.26,600.57,600.59,234.14056
2026-08-10 15:25:00+00:00,600.59,600.76,600.23,600.23,180.74571
2026-08-10 15:26:00+00:00,600.23,600.46,600.22,600.41,159.202766944351882705
2026-08-10 15:27:00+00:00,600.41,600.56,600.36,600.43,98.579981154346662834
2026-08-10 15:28:00+00:00,600.43,601.09,600.43,601.09,241.023338845653337166
2026-08-10 15:29:00+00:00,601.09,601.16,601.07,601.14,5.045958055158521565
2026-08-10 15:30:00+00:00,601.14,601.36,601.14,601.36,1513.373075876726886291
2026-08-10 15:31:00+00:00,601.36,601.36,600.94,601.14,1599.916860691949434464
2026-08-10 15:32:00+00:00,601.14,601.46,600.87,601.46,53.949233827303969584
2026-08-10 15:33:00+00:00,601.46,601.56,601.24,601.24,0.39123
2026-08-10 15:34:00+00:00,601.24,601.36,600.74,600.74,798.639887881797946912
2026-08-10 15:35:00+00:00,600.74,600.78,600.29,600.72,1198.346149673727634036
2026-08-10 15:36:00+00:00,600.72,600.97,600.46,600.61,593.110595560478297752
2026-08-10 15:37:00+00:00,600.61,600.66,600.29,600.34,2210.95745
2026-08-10 15:38:00+00:00,600.34,600.55,600.3,600.31,3088.49411
2026-08-10 15:39:00+00:00,600.31,600.46,600.29,600.34,1781.08067
2026-08-10 15:40:00+00:00,600.34,600.36,600.24,600.36,0.42498
2026-08-10 15:41:00+00:00,600.36,600.56,599.71,600.43,100.30312382708137161
2026-08-10 15:42:00+00:00,600.43,601.37,600.43,600.58,0.28842
2026-08-10 15:43:00+00:00,600.58,600.96,600.56,600.68,0.56442
2026-08-10 15:44:00+00:00,600.68,601.33,600.68,601.29,242.85331
2026-08-10 15:45:00+00:00,601.29,601.33,601.04,601.32,242.86518
2026-08-10 15:46:00+00:00,601.32,601.32,601.08,601.14,0.590058199481003393
2026-08-10 15:47:00+00:00,601.14,601.33,601.14,601.31,205.65424
2026-08-10 15:48:00+00:00,601.31,601.33,601.04,601.04,259.24047
2026-08-10 15:49:00+00:00,601.04,601.16,601,601.04,0.37838
2026-08-10 15:50:00+00:00,601.04,601.16,600.94,601.15,0.559551920138196797
2026-08-10 15:51:00+00:00,601.15,601.36,600.98,600.98,0.42464
2026-08-10 15:52:00+00:00,600.98,601.63,600.98,601.62,233.88675
2026-08-10 15:53:00+00:00,601.62,601.73,601.11,601.11,798.85193
2026-08-10 15:54:00+00:00,601.11,601.22,601.05,601.16,0.34256
2026-08-10 15:55:00+00:00,601.16,601.39,601.11,601.39,193.58224061148446337
2026-08-10 15:56:00+00:00,601.39,601.52,601.24,601.28,144.69666
2026-08-10 15:57:00+00:00,601.28,601.46,601.22,601.44,54.350937525567473185
2026-08-10 15:58:00+00:00,601.44,601.56,601.34,601.56,0.687555561657513729
2026-08-10 15:59:00+00:00,601.56,601.56,601.44,601.55,0.48942
2026-08-10 16:00:00+00:00,601.55,601.66,601.44,601.44,0.16547
2026-08-10 16:01:00+00:00,601.44,601.96,601.44,601.85,233.7909
2026-08-10 16:02:00+00:00,601.85,601.96,601.74,601.92,196.54111
2026-08-10 16:03:00+00:00,601.92,602.26,601.84,602.26,903.310487673428220061
2026-08-10 16:04:00+00:00,602.26,602.4,602.08,602.12,1775.110200259979088346
2026-08-10 16:05:00+00:00,602.12,602.25,602.11,602.16,0.31209300728847801
2026-08-10 16:06:00+00:00,602.16,602.16,601.96,602.08,160.772907999383032657
2026-08-10 16:07:00+00:00,602.08,602.08,601.88,601.91,0.27781
2026-08-10 16:08:00+00:00,601.91,602.13,601.59,601.59,135.696076896649112022
2026-08-10 16:09:00+00:00,601.59,601.6,601.54,601.56,0.43522
2026-08-10 16:10:00+00:00,601.56,601.65,601.48,601.65,37.4712
2026-08-10 16:11:00+00:00,601.65,601.96,601.54,601.74,54.215829716109301243
2026-08-10 16:12:00+00:00,601.74,601.86,601.65,601.74,0.43006
2026-08-10 16:13:00+00:00,601.74,601.91,601.74,601.74,53.91322
2026-08-10 16:14:00+00:00,601.74,602.23,601.74,602.12,205.51631
2026-08-10 16:15:00+00:00,602.12,602.13,601.83,601.83,0.3433
2026-08-10 16:16:00+00:00,601.83,601.83,601.51,601.76,196.68496
2026-08-10 16:17:00+00:00,601.76,601.86,601.65,601.76,0.33323
2026-08-10 16:18:00+00:00,601.76,601.76,601.54,601.74,0.31702
2026-08-10 16:19:00+00:00,601.74,601.86,601.34,601.37,107.512715644222776392
2026-08-10 16:20:00+00:00,601.37,601.56,601.14,601.55,382.802108781325409068
2026-08-10 16:21:00+00:00,601.55,601.66,600.83,600.83,1159.123573340542339045
2026-08-10 16:22:00+00:00,600.83,601.48,600.82,601.47,1164.75159
2026-08-10 16:23:00+00:00,601.47,601.84,601.44,601.84,204.0965
2026-08-10 16:24:00+00:00,601.84,602.16,601.84,602.14,355.485237410044682254
2026-08-10 16:25:00+00:00,602.14,602.33,601.93,602.02,726.761399716109301243
2026-08-10 16:26:00+00:00,602.02,602.02,601.96,602.02,0.24315
2026-08-10 16:27:00+00:00,602.02,602.02,601.84,601.87,53.88289
2026-08-10 16:28:00+00:00,601.87,602.06,601.74,601.75,0.40023
2026-08-10 16:29:00+00:00,601.75,601.86,601.64,601.76,0.28907
2026-08-10 16:30:00+00:00,601.76,602.03,601.64,601.7,241.330589435215946843
2026-08-10 16:31:00+00:00,601.7,601.94,601.57,601.57,91.08788
2026-08-10 16:32:00+00:00,601.57,601.86,600.85,601.85,180.11808
2026-08-10 16:33:00+00:00,601.85,601.86,601.65,601.85,517.15199
2026-08-10 16:34:00+00:00,601.85,601.86,601.69,601.74,312.20745
2026-08-10 16:35:00+00:00,601.74,601.96,601.74,601.96,98.2152
2026-08-10 16:36:00+00:00,601.96,602.13,601.96,602.13,258.6586
2026-08-10 16:37:00+00:00,602.13,602.36,602.04,602.27,90.80703
2026-08-10 16:38:00+00:00,602.27,602.46,602.24,602.45,58.955741122511715007
2026-08-10 16:39:00+00:00,602.45,602.63,602.44,602.62,832.965007558652001758
2026-08-10 16:40:00+00:00,602.62,602.83,602.61,602.83,165.990048199833903906
2026-08-10 16:41:00+00:00,602.83,602.83,602.09,602.14,1223.397429796980907222
2026-08-10 16:42:00+00:00,602.14,602.32,602.11,602.27,196.36921
2026-08-10 16:43:00+00:00,602.27,602.27,601.64,601.64,53.96738
2026-08-10 16:44:00+00:00,601.64,601.64,601.14,601.24,303.085996925246275932
2026-08-10 16:45:00+00:00,601.24,601.36,601.04,601.04,0.44255
2026-08-10 16:46:00+00:00,601.04,601.16,600.54,600.54,189.54485
2026-08-10 16:47:00+00:00,600.54,600.85,600.54,600.84,107.56519
2026-08-10 16:48:00+00:00,600.84,600.86,600.64,600.84,0.38588
2026-08-10 16:49:00+00:00,600.84,600.86,600.64,600.76,54.01111
2026-08-10 16:50:00+00:00,600.76,600.76,600.44,600.64,98.563578713652866135
2026-08-10 16:51:00+00:00,600.64,600.86,600.64,600.74,1.850561596697406531
2026-08-10 16:52:00+00:00,600.74,600.86,600.64,600.7,98.815019913196930071
2026-08-10 16:53:00+00:00,600.7,600.71,600.37,600.43,152.2799
2026-08-10 16:54:00+00:00,600.43,600.43,598.14,599.16,3806.176141531896743771
2026-08-10 16:55:00+00:00,599.16,599.26,598.77,598.95,150.608463437985013971
2026-08-10 16:56:00+00:00,598.95,599.36,598.94,599.24,136.1838
2026-08-10 16:57:00+00:00,599.24,599.36,599.14,599.14,3.054023588053724868
2026-08-10 16:58:00+00:00,599.14,599.36,598.61,598.93,598.499424252391845185
2026-08-10 16:59:00+00:00,598.93,599.13,598.83,598.94,596.65142
2026-08-10 17:00:00+00:00,598.94,599.06,598.74,598.77,305.05946
2026-08-10 17:01:00+00:00,598.77,598.79,598.07,598.07,157.633912469463621879
2026-08-10 17:02:00+00:00,598.07,598.56,597.81,598.44,221.42133
2026-08-10 17:03:00+00:00,598.44,598.56,598.17,598.18,98.92501
2026-08-10 17:04:00+00:00,598.18,598.26,598.04,598.16,0.43263
2026-08-10 17:05:00+00:00,598.16,598.53,598.04,598.21,532.58524
2026-08-10 17:06:00+00:00,598.21,599.19,598.14,599.16,1216.468713593817805521
2026-08-10 17:07:00+00:00,599.16,599.26,598.99,599.16,1882.6739
2026-08-10 17:08:00+00:00,599.16,599.46,599.15,599.46,1440.80844
2026-08-10 17:09:00+00:00,599.46,599.56,599.33,599.35,500.61814
2026-08-10 17:10:00+00:00,599.35,599.76,599.34,599.76,558.779780573178437031
2026-08-10 17:11:00+00:00,599.76,599.93,599.69,599.93,1530.57338
2026-08-10 17:12:00+00:00,599.93,599.93,599.84,599.91,0.4205
2026-08-10 17:13:00+00:00,599.91,599.96,599.84,599.96,0.468265817010822654
2026-08-10 17:14:00+00:00,599.96,600.06,599.86,600.01,2.603214370127253533
2026-08-10 17:15:00+00:00,600.01,600.06,599.74,599.85,0.39209
2026-08-10 17:16:00+00:00,599.85,599.96,599.74,599.79,0.30617
2026-08-10 17:17:00+00:00,599.79,599.96,599.74,599.94,0.35475
2026-08-10 17:18:00+00:00,599.94,599.96,599.74,599.76,2.02903233027186505
2026-08-10 17:19:00+00:00,599.76,600.06,599.76,600.06,53.8212
2026-08-10 17:20:00+00:00,600.06,600.07,599.96,600.04,0.31957
2026-08-10 17:21:00+00:00,600.04,600.16,600.04,600.16,0.28187
2026-08-10 17:22:00+00:00,600.16,600.36,600.08,600.24,53.9926
2026-08-10 17:23:00+00:00,600.24,600.46,600.24,600.29,54.13955
2026-08-10 17:24:00+00:00,600.29,600.66,600.29,600.44,110.482097051981159014
2026-08-10 17:25:00+00:00,600.44,600.66,600.08,600.65,0.25798
2026-08-10 17:26:00+00:00,600.65,600.66,600.37,600.48,54.01891
2026-08-10 17:27:00+00:00,600.48,600.76,600.44,600.49,196.04243768055278719
2026-08-10 17:28:00+00:00,600.49,600.55,600.14,600.31,483.968284152139461172
2026-08-10 17:29:00+00:00,600.31,600.46,600.08,600.38,0.571560179563916203
2026-08-10 17:30:00+00:00,600.38,600.66,600.34,600.66,98.591
2026-08-10 17:31:00+00:00,600.66,600.76,600.54,600.64,54.00939
2026-08-10 17:32:00+00:00,600.64,600.74,600.55,600.55,2.626035303812219077
2026-08-10 17:33:00+00:00,600.55,600.86,600.55,600.85,152.12271
2026-08-10 17:34:00+00:00,600.85,600.86,600.82,600.86,0.45954
2026-08-10 17:35:00+00:00,600.86,600.86,600.82,600.82,0.40503
2026-08-10 17:36:00+00:00,600.82,600.86,600.74,600.82,0.30783
2026-08-10 17:37:00+00:00,600.82,600.86,600.71,600.71,0.31139
2026-08-10 17:38:00+00:00,600.71,600.72,600.71,600.71,0.24805
2026-08-10 17:39:00+00:00,600.71,600.72,600.64,600.71,0.33543
2026-08-10 17:40:00+00:00,600.71,600.86,600.69,600.86,0.38949
2026-08-10 17:41:00+00:00,600.86,600.86,600.58,600.84,5.394618896881454237
2026-08-10 17:42:00+00:00,600.84,600.95,600.57,600.83,0.35861
2026-08-10 17:43:00+00:00,600.83,600.83,600.77,600.82,0.29474
2026-08-10 17:44:00+00:00,600.82,601.8,600.57,600.57,5.107026166188302972
2026-08-10 17:45:00+00:00,600.57,600.66,600.29,600.32,99.979866786006524104
2026-08-10 17:46:00+00:00,600.32,600.36,600.22,600.35,1.321224502420883985
2026-08-10 17:47:00+00:00,600.35,600.36,600.24,600.35,1.516792553191489361
2026-08-10 17:48:00+00:00,600.35,600.36,600.24,600.36,1.522642793176972281
2026-08-10 17:49:00+00:00,600.36,600.46,600.24,600.36,52.606037206823027719
2026-08-10 17:50:00+00:00,600.36,600.63,600.27,600.56,98.40789
2026-08-10 17:51:00+00:00,600.56,600.76,600.54,600.54,144.79248
2026-08-10 17:52:00+00:00,600.54,600.56,600.44,600.44,0.29137
2026-08-10 17:53:00+00:00,600.44,600.56,600.44,600.56,0.42737
2026-08-10 17:54:00+00:00,600.56,600.56,600.07,600.07,152.35577
2026-08-10 17:55:00+00:00,600.07,600.46,600.07,600.27,54.09769
2026-08-10 17:56:00+00:00,600.27,600.46,600.27,600.39,0.39699
2026-08-10 17:57:00+00:00,600.39,600.56,600.34,600.5,0.36682
2026-08-10 17:58:00+00:00,600.5,600.66,600.44,600.66,0.35757
2026-08-10 17:59:00+00:00,600.66,600.66,600.44,600.56,0.3869
2026-08-10 18:00:00+00:00,600.56,600.93,600.54,600.88,242.7442
2026-08-10 18:01:00+00:00,600.88,600.93,600.55,600.57,160.9778
2026-08-10 18:02:00+00:00,600.57,600.76,600.57,600.76,375.02434
2026-08-10 18:03:00+00:00,600.76,600.76,600.7,600.75,0.36768
2026-08-10 18:04:00+00:00,600.75,600.76,600.74,600.76,0.33103
2026-08-10 18:05:00+00:00,600.76,600.76,600.54,600.71,98.42167
2026-08-10 18:06:00+00:00,600.71,600.86,600.59,600.86,0.30511
2026-08-10 18:07:00+00:00,600.86,600.96,600.64,600.96,1.202252095957499792
2026-08-10 18:08:00+00:00,600.96,600.96,600.84,600.96,0.28853
2026-08-10 18:09:00+00:00,600.96,600.96,600.74,600.74,53.87558
2026-08-10 18:10:00+00:00,600.74,600.76,600.64,600.64,0.30093
2026-08-10 18:11:00+00:00,600.64,600.76,600.64,600.64,0.14448
2026-08-10 18:12:00+00:00,600.64,600.96,600.57,600.65,53.86449
2026-08-10 18:13:00+00:00,600.65,600.86,600.64,600.76,107.41015
2026-08-10 18:14:00+00:00,600.76,600.86,600.64,600.65,54.644224402855008714
2026-08-10 18:15:00+00:00,600.65,600.76,600.54,600.54,0.912329839928619183
2026-08-10 18:16:00+00:00,600.54,600.56,600.44,600.54,0.28416
2026-08-10 18:17:00+00:00,600.54,600.56,600.34,600.44,0.35152
2026-08-10 18:18:00+00:00,600.44,600.66,600.44,600.66,0.32738
2026-08-10 18:19:00+00:00,600.66,600.66,600.54,600.66,2.039147957383053104
2026-08-10 18:20:00+00:00,600.66,600.66,600.54,600.54,0.24383
2026-08-10 18:21:00+00:00,600.54,600.78,600.54,600.78,0.36694
2026-08-10 18:22:00+00:00,600.78,600.84,600.74,600.74,0.34255
2026-08-10 18:23:00+00:00,600.74,600.86,600.74,600.86,0.35333
2026-08-10 18:24:00+00:00,600.86,601.09,600.84,601.08,98.57524
2026-08-10 18:25:00+00:00,601.08,601.09,600.84,600.85,303.97981
2026-08-10 18:26:00+00:00,600.85,600.98,600.74,600.86,0.42007
2026-08-10 18:27:00+00:00,600.86,600.96,600.69,600.71,0.26226
2026-08-10 18:28:00+00:00,600.71,600.76,600.64,600.65,0.33457
2026-08-10 18:29:00+00:00,600.65,600.86,600.65,600.71,0.740787308529553498
2026-08-10 18:30:00+00:00,600.71,600.76,600.55,600.57,0.36377
2026-08-10 18:31:00+00:00,600.57,600.73,600.5,600.64,0.45139
2026-08-10 18:32:00+00:00,600.64,600.76,600.62,600.62,0.52702
2026-08-10 18:33:00+00:00,600.62,600.66,600.54,600.58,0.33308
2026-08-10 18:34:00+00:00,600.58,600.76,600.34,600.34,0.34039
2026-08-10 18:35:00+00:00,600.34,600.44,600.34,600.37,0.43848
2026-08-10 18:36:00+00:00,600.37,600.44,599.84,599.85,189.60188
2026-08-10 18:37:00+00:00,599.85,599.91,599.7,599.74,0.41262
2026-08-10 18:38:00+00:00,599.74,599.96,599.74,599.84,0.4219
2026-08-10 18:39:00+00:00,599.84,599.96,599.84,599.96,0.42125
2026-08-10 18:40:00+00:00,599.96,600.06,599.84,599.94,1.104607937901000631
2026-08-10 18:41:00+00:00,599.94,600.06,599.94,599.94,0.39484
2026-08-10 18:42:00+00:00,599.94,600.07,599.94,600,0.29102
2026-08-10 18:43:00+00:00,600,600.01,599.85,599.96,10.909481932490896545
2026-08-10 18:44:00+00:00,599.96,600.26,599.89,600.07,0.37654
2026-08-10 18:45:00+00:00,600.07,600.07,599.84,599.86,1.029272267271272339
2026-08-10 18:46:00+00:00,599.86,599.86,599.56,599.56,151.57251
2026-08-10 18:47:00+00:00,599.56,599.76,599.54,599.65,6.921142322426233166
2026-08-10 18:48:00+00:00,599.65,599.96,599.64,599.96,198.33883719887955182
2026-08-10 18:49:00+00:00,599.96,600.3,599.96,600.29,409.78351
2026-08-10 18:50:00+00:00,600.29,600.33,600.24,600.24,0.33026
2026-08-10 18:51:00+00:00,600.24,600.56,600.24,600.55,215.089113692946058091
2026-08-10 18:52:00+00:00,600.55,600.56,600.4,600.4,0.42695
2026-08-10 18:53:00+00:00,600.4,600.46,600.39,600.46,0.28575
2026-08-10 18:54:00+00:00,600.46,600.46,600.39,600.41,0.259076137703607474
2026-08-10 18:55:00+00:00,600.41,600.66,599.6,600.66,451.464218870431893687
2026-08-10 18:56:00+00:00,600.66,600.76,600.66,600.72,0.45297
2026-08-10 18:57:00+00:00,600.72,600.8,600.71,600.8,0.20957
2026-08-10 18:58:00+00:00,600.8,600.86,600.73,600.83,0.16313
2026-08-10 18:59:00+00:00,600.83,600.83,600.74,600.74,0.22052
2026-08-10 19:00:00+00:00,600.74,600.76,600.55,600.75,290.5694
2026-08-10 19:01:00+00:00,600.75,600.86,600.74,600.74,10.866951932490896545
2026-08-10 19:02:00+00:00,600.74,600.86,600.74,600.76,0.3913
2026-08-10 19:03:00+00:00,600.76,600.86,600.74,600.86,0.35613
2026-08-10 19:04:00+00:00,600.86,600.86,600.74,600.86,0.25239
2026-08-10 19:05:00+00:00,600.86,600.86,600.66,600.67,53.85738
2026-08-10 19:06:00+00:00,600.67,600.86,600.67,600.86,53.892797785033650962
2026-08-10 19:07:00+00:00,600.86,600.86,600.74,600.85,1.465176344872379942
2026-08-10 19:08:00+00:00,600.85,600.96,600.57,600.96,0.32266
2026-08-10 19:09:00+00:00,600.96,600.96,600.84,600.89,5.573141402037147992
2026-08-10 19:10:00+00:00,600.89,600.96,600.84,600.96,0.823320851970181043
2026-08-10 19:11:00+00:00,600.96,600.96,600.74,600.94,67.619955348890847022
2026-08-10 19:12:00+00:00,600.94,600.96,600.74,600.74,0.597636829771653019
2026-08-10 19:13:00+00:00,600.74,600.88,600.74,600.84,12.175456874862316766
2026-08-10 19:14:00+00:00,600.84,600.86,600.56,600.86,0.54898
2026-08-10 19:15:00+00:00,600.86,600.96,600.73,600.84,0.570487487268248843
2026-08-10 19:16:00+00:00,600.84,600.94,600.84,600.94,0.17776
2026-08-10 19:17:00+00:00,600.94,601.06,600.8,601.06,367.069840742899860567
2026-08-10 19:18:00+00:00,601.06,601.06,600.98,601.04,0.357285644222776392
2026-08-10 19:19:00+00:00,601.04,601.06,601.04,601.06,0.27643
2026-08-10 19:20:00+00:00,601.06,601.59,601.01,601.06,1.27500640496216257
2026-08-10 19:21:00+00:00,601.06,601.16,600.1,601.06,0.29278
2026-08-10 19:22:00+00:00,601.06,601.16,600.94,600.94,0.41785
2026-08-10 19:23:00+00:00,600.94,601.17,600.94,601.17,1.362216454465685077
2026-08-10 19:24:00+00:00,601.17,601.26,600.94,601.25,0.30527
2026-08-10 19:25:00+00:00,601.25,601.27,601.16,601.16,0.29595
2026-08-10 19:26:00+00:00,601.16,601.26,600.94,601.04,53.84099
2026-08-10 19:27:00+00:00,601.04,601.06,600.94,601.06,0.32655
2026-08-10 19:28:00+00:00,601.06,601.16,600.94,601.16,0.27419
2026-08-10 19:29:00+00:00,601.16,601.16,601.04,601.16,2.195172227338717613
2026-08-10 19:30:00+00:00,601.16,601.42,601.04,601.18,564.72096
2026-08-10 19:31:00+00:00,601.18,601.43,601.18,601.43,0.35804
2026-08-10 19:32:00+00:00,601.43,601.43,601.07,601.37,3.341941564374030671
2026-08-10 19:33:00+00:00,601.37,601.4,601.21,601.21,0.42684
2026-08-10 19:34:00+00:00,601.21,601.22,601.21,601.22,0.21258
2026-08-10 19:35:00+00:00,601.22,601.26,600.94,601.01,190.09810301354172308
2026-08-10 19:36:00+00:00,601.01,601.06,600.94,601.06,0.304823414007516212
2026-08-10 19:37:00+00:00,601.06,601.06,600.57,600.75,353.819709978632955187
2026-08-10 19:38:00+00:00,600.75,600.75,600.47,600.63,161.06824
2026-08-10 19:39:00+00:00,600.63,600.77,600.61,600.76,0.42538
2026-08-10 19:40:00+00:00,600.76,600.88,600.64,600.87,205.66268
2026-08-10 19:41:00+00:00,600.87,601.03,600.54,601.03,137.080152903802243621
2026-08-10 19:42:00+00:00,601.03,601.03,600.8,601.02,107.116907487268248843
2026-08-10 19:43:00+00:00,601.02,601.26,601.02,601.26,53.89664
2026-08-10 19:44:00+00:00,601.26,601.26,601.14,601.15,0.318020784020224195
2026-08-10 19:45:00+00:00,601.15,601.26,601.15,601.24,0.28397
2026-08-10 19:46:00+00:00,601.24,601.26,601.17,601.24,0.336929350031600306
2026-08-10 19:47:00+00:00,601.24,601.6,601.14,601.14,0.746817308529553498
2026-08-10 19:48:00+00:00,601.14,601.26,601.04,601.1,2.986908375112898553
2026-08-10 19:49:00+00:00,601.1,601.16,600.77,601.04,1.498151938391200247
2026-08-10 19:50:00+00:00,601.04,601.16,601.04,601.16,0.4527
2026-08-10 19:51:00+00:00,601.16,601.16,601.06,601.11,0.24531
2026-08-10 19:52:00+00:00,601.11,601.11,600.94,601.06,0.39444
2026-08-10 19:53:00+00:00,601.06,601.06,600.94,600.96,6.520527282374449877
2026-08-10 19:54:00+00:00,600.96,600.96,600.94,600.96,1.669623194888178913
2026-08-10 19:55:00+00:00,600.96,601.05,600.74,600.74,94.785078667304386612
2026-08-10 19:56:00+00:00,600.74,600.86,600.74,600.85,0.33028
2026-08-10 19:57:00+00:00,600.85,600.96,600.74,600.84,0.27003
2026-08-10 19:58:00+00:00,600.84,600.96,600.84,600.85,0.28431
2026-08-10 19:59:00+00:00,600.85,601.06,600.85,601.05,0.31223
2026-08-10 20:00:00+00:00,601.05,601.06,600.75,600.89,152.23379
2026-08-10 20:01:00+00:00,600.89,601.06,600.84,600.94,0.37781
2026-08-10 20:02:00+00:00,600.94,601.06,600.94,600.94,0.33274
2026-08-10 20:03:00+00:00,600.94,601.12,600.94,601.06,0.24853
2026-08-10 20:04:00+00:00,601.06,601.06,600.96,600.96,0.16632
2026-08-10 20:05:00+00:00,600.96,601.06,600.94,601.05,0.45485
2026-08-10 20:06:00+00:00,601.05,601.11,600.94,601.09,0.25949
2026-08-10 20:07:00+00:00,601.09,601.16,601.04,601.16,0.18073
2026-08-10 20:08:00+00:00,601.16,601.33,601.11,601.16,0.25778
2026-08-10 20:09:00+00:00,601.16,601.16,600.94,600.94,0.36956
2026-08-10 20:10:00+00:00,600.94,601.16,600.94,601.06,0.662702103169952377
2026-08-10 20:11:00+00:00,601.06,601.06,600.94,600.97,0.30513
2026-08-10 20:12:00+00:00,600.97,601.06,600.97,600.98,0.37961
2026-08-10 20:13:00+00:00,600.98,601.06,600.97,601.01,0.30823
2026-08-10 20:14:00+00:00,601.01,601.16,600.84,600.94,53.7255
2026-08-10 20:15:00+00:00,600.94,600.96,600.84,600.96,0.26175
2026-08-10 20:16:00+00:00,600.96,601.06,600.84,600.84,0.2398
2026-08-10 20:17:00+00:00,600.84,601.06,600.84,600.84,53.94726
2026-08-10 20:18:00+00:00,600.84,601.06,600.84,601.06,0.25586
2026-08-10 20:19:00+00:00,601.06,601.33,601.04,601.06,0.13399
2026-08-10 20:20:00+00:00,601.06,601.06,601.03,601.06,0.12902
2026-08-10 20:21:00+00:00,601.06,601.06,600.94,600.94,0.15955
2026-08-10 20:22:00+00:00,600.94,601.06,600.94,600.94,0.34383
2026-08-10 20:23:00+00:00,600.94,601.06,600.94,601.06,0.23652
2026-08-10 20:24:00+00:00,601.06,601.06,601.04,601.06,0.33902
2026-08-10 20:25:00+00:00,601.06,601.06,600.94,601.06,0.723601853725085681
2026-08-10 20:26:00+00:00,601.06,601.26,600.94,601.24,107.242347632508161837
2026-08-10 20:27:00+00:00,601.24,601.33,601.04,601.04,0.32394
2026-08-10 20:28:00+00:00,601.04,601.16,600.94,601.13,0.29877
2026-08-10 20:29:00+00:00,601.13,601.16,601.1,601.16,0.38015
2026-08-10 20:30:00+00:00,601.16,601.33,601.11,601.14,0.26262
2026-08-10 20:31:00+00:00,601.14,601.14,601.07,601.08,0.33575
2026-08-10 20:32:00+00:00,601.08,601.26,601.08,601.14,53.76491
2026-08-10 20:33:00+00:00,601.14,601.26,601.14,601.16,0.0877
2026-08-10 20:34:00+00:00,601.16,601.26,601.16,601.24,0.2305
2026-08-10 20:35:00+00:00,601.24,601.33,601.24,601.32,0.29353
2026-08-10 20:36:00+00:00,601.32,601.62,601.16,601.61,188.9695
2026-08-10 20:37:00+00:00,601.61,601.63,601.57,601.58,0.36883
2026-08-10 20:38:00+00:00,601.58,601.63,601.58,601.63,0.28885
2026-08-10 20:39:00+00:00,601.63,601.63,601.34,601.34,0.25492
2026-08-10 20:40:00+00:00,601.34,601.55,601.34,601.35,53.91179
2026-08-10 20:41:00+00:00,601.35,601.64,601.16,601.64,0.30151
2026-08-10 20:42:00+00:00,601.64,601.65,601.57,601.64,0.24189
2026-08-10 20:43:00+00:00,601.64,601.86,601.64,601.83,0.918662267271272339
2026-08-10 20:44:00+00:00,601.83,601.83,601.64,601.67,0.34929
2026-08-10 20:45:00+00:00,601.67,601.76,601.57,601.66,0.4214
2026-08-10 20:46:00+00:00,601.66,601.66,601.44,601.44,0.46401
2026-08-10 20:47:00+00:00,601.44,601.56,601.44,601.56,0.23875
2026-08-10 20:48:00+00:00,601.56,601.66,601.44,601.66,0.350756962564000265
2026-08-10 20:49:00+00:00,601.66,601.66,601.34,601.34,0.36512
2026-08-10 20:50:00+00:00,601.34,601.46,601.34,601.4,0.547146319465229971
2026-08-10 20:51:00+00:00,601.4,601.46,601.4,601.43,0.22133
2026-08-10 20:52:00+00:00,601.43,601.46,601.24,601.32,53.91186
2026-08-10 20:53:00+00:00,601.32,601.46,601.24,601.4,0.39413
2026-08-10 20:54:00+00:00,601.4,601.46,601.24,601.24,0.44322
2026-08-10 20:55:00+00:00,601.24,601.37,601.14,601.18,53.75133
2026-08-10 20:56:00+00:00,601.18,601.18,601.14,601.17,0.30935
2026-08-10 20:57:00+00:00,601.17,601.17,601.04,601.04,0.33491
2026-08-10 20:58:00+00:00,601.04,601.16,601.04,601.16,0.26908
2026-08-10 20:59:00+00:00,601.16,601.16,601.04,601.07,0.27993
2026-08-10 21:00:00+00:00,601.07,601.26,600.86,600.92,53.6905
2026-08-10 21:01:00+00:00,600.92,600.93,600.64,600.64,1368.0822
2026-08-10 21:02:00+00:00,600.64,600.77,600.39,600.64,0.38194
2026-08-10 21:03:00+00:00,600.64,600.86,600.64,600.74,0.23484
2026-08-10 21:04:00+00:00,600.74,600.86,600.74,600.84,0.31338
2026-08-10 21:05:00+00:00,600.84,600.86,600.76,600.78,0.22762
2026-08-10 21:06:00+00:00,600.78,600.84,600.78,600.8,0.27347
2026-08-10 21:07:00+00:00,600.8,600.83,600.79,600.79,0.32518
2026-08-10 21:08:00+00:00,600.79,600.96,600.79,600.94,0.31481
2026-08-10 21:09:00+00:00,600.94,600.96,600.84,600.9,0.2936
2026-08-10 21:10:00+00:00,600.9,600.92,600.64,600.7,0.46217
2026-08-10 21:11:00+00:00,600.7,600.76,600.54,600.66,0.40477
2026-08-10 21:12:00+00:00,600.66,600.66,600.54,600.55,0.31515
2026-08-10 21:13:00+00:00,600.55,600.55,600.1,600.28,882.30059
2026-08-10 21:14:00+00:00,600.28,600.41,600.25,600.38,0.27006
2026-08-10 21:15:00+00:00,600.38,600.46,600.34,600.34,0.27832
2026-08-10 21:16:00+00:00,600.34,600.46,600.34,600.46,0.27891
2026-08-10 21:17:00+00:00,600.46,600.46,600.37,600.45,0.21347
2026-08-10 21:18:00+00:00,600.45,600.56,600.38,600.46,1.807258565011230346
2026-08-10 21:19:00+00:00,600.46,600.46,600.34,600.44,3.990371534157146187
2026-08-10 21:20:00+00:00,600.44,600.56,600.14,600.25,0.3519
2026-08-10 21:21:00+00:00,600.25,600.25,600.09,600.16,0.3344
2026-08-10 21:22:00+00:00,600.16,600.26,599.82,599.82,0.24079
2026-08-10 21:23:00+00:00,599.82,600.46,599.82,600.46,0.33994
2026-08-10 21:24:00+00:00,600.46,600.46,600.34,600.42,0.33363
2026-08-10 21:25:00+00:00,600.42,600.42,600.24,600.26,0.30854
2026-08-10 21:26:00+00:00,600.26,600.66,600.24,600.54,98.61966
2026-08-10 21:27:00+00:00,600.54,600.93,600.54,600.89,129.68883
2026-08-10 21:28:00+00:00,600.89,600.96,600.89,600.95,0.45096
2026-08-10 21:29:00+00:00,600.95,601.03,600.94,601.02,0.38011
2026-08-10 21:30:00+00:00,601.02,601.06,600.9,600.9,0.21505
2026-08-10 21:31:00+00:00,600.9,600.96,600.84,600.96,0.38459
2026-08-10 21:32:00+00:00,600.96,600.96,600.84,600.96,0.34077
2026-08-10 21:33:00+00:00,600.96,600.96,600.84,600.84,1.688963194888178913
2026-08-10 21:34:00+00:00,600.84,600.96,600.84,600.88,0.13691
2026-08-10 21:35:00+00:00,600.88,600.96,600.74,600.84,0.37665
2026-08-10 21:36:00+00:00,600.84,600.86,600.74,600.84,0.14203
2026-08-10 21:37:00+00:00,600.84,600.86,600.74,600.86,0.17011
2026-08-10 21:38:00+00:00,600.86,600.96,600.64,600.64,53.8985
2026-08-10 21:39:00+00:00,600.64,600.75,600.64,600.73,0.29751
2026-08-10 21:40:00+00:00,600.73,600.9,600.64,600.66,196.84444
2026-08-10 21:41:00+00:00,600.66,600.75,600.54,600.54,108.158720404635827755
2026-08-10 21:42:00+00:00,600.54,600.66,600.37,600.55,0.33295
2026-08-10 21:43:00+00:00,600.55,600.66,600.53,600.54,0.34217
2026-08-10 21:44:00+00:00,600.54,600.56,600.27,600.3,152.217070755547547927
2026-08-10 21:45:00+00:00,600.3,600.36,600.24,600.24,0.38495
2026-08-10 21:46:00+00:00,600.24,600.36,599.97,600.36,135.656617753810277338
2026-08-10 21:47:00+00:00,600.36,600.36,599.74,599.74,0.386812246189722662
2026-08-10 21:48:00+00:00,599.74,599.96,599.74,599.96,0.42949
2026-08-10 21:49:00+00:00,599.96,600.06,599.84,599.89,0.26791
2026-08-10 21:50:00+00:00,599.89,599.96,599.84,599.96,0.478907185939684441
2026-08-10 21:51:00+00:00,599.96,599.96,599.47,599.79,1.750672254487582335
2026-08-10 21:52:00+00:00,599.79,600.13,599.74,599.84,0.55206
2026-08-10 21:53:00+00:00,599.84,599.96,599.84,599.96,0.21216
2026-08-10 21:54:00+00:00,599.96,600.23,599.74,599.86,0.623130835069589132
2026-08-10 21:55:00+00:00,599.86,599.86,599.74,599.83,0.23601
2026-08-10 21:56:00+00:00,599.83,599.96,599.64,599.65,54.17455
2026-08-10 21:57:00+00:00,599.65,599.86,599.63,599.64,98.71763
2026-08-10 21:58:00+00:00,599.64,599.86,599.63,599.78,98.58252
2026-08-10 21:59:00+00:00,599.78,599.86,599.51,599.51,903.99946
2026-08-10 22:00:00+00:00,599.51,599.51,599.3,599.3,556.91482
2026-08-10 22:01:00+00:00,599.3,599.34,599.11,599.31,418.648037359054386081
2026-08-10 22:02:00+00:00,599.31,599.83,599.31,599.83,1933.798382640945613919
2026-08-10 22:03:00+00:00,599.83,600,599.63,599.63,1465.7285
2026-08-10 22:04:00+00:00,599.63,599.63,599.23,599.23,702.043330952872191602
2026-08-10 22:05:00+00:00,599.23,599.24,598.97,599.11,134.022665618617169555
2026-08-10 22:06:00+00:00,599.11,599.52,599.06,599.52,610.55572
2026-08-10 22:07:00+00:00,599.52,599.53,599.34,599.34,37.83417
2026-08-10 22:08:00+00:00,599.34,599.56,599.34,599.56,1389.15065
2026-08-10 22:09:00+00:00,599.56,599.77,599.55,599.77,266.93762
2026-08-10 22:10:00+00:00,599.77,599.86,599.74,599.82,0.35538
2026-08-10 22:11:00+00:00,599.82,600.06,599.74,600.06,0.41767
2026-08-10 22:12:00+00:00,600.06,600.21,599.94,599.97,98.62165
2026-08-10 22:13:00+00:00,599.97,600.06,599.83,599.94,0.34481
2026-08-10 22:14:00+00:00,599.94,600.16,599.94,600.04,0.33169
2026-08-10 22:15:00+00:00,600.04,600.16,600.04,600.16,0.37938
2026-08-10 22:16:00+00:00,600.16,600.36,600.08,600.3,107.58515
2026-08-10 22:17:00+00:00,600.3,600.36,600.11,600.26,456.11133
2026-08-10 22:18:00+00:00,600.26,600.73,600.24,600.5,107.68836
2026-08-10 22:19:00+00:00,600.5,600.5,600.14,600.18,0.38522
2026-08-10 22:20:00+00:00,600.18,600.26,599.95,599.96,98.63653
2026-08-10 22:21:00+00:00,599.96,599.99,599.68,599.68,517.69747
2026-08-10 22:22:00+00:00,599.68,599.76,599.58,599.65,0.37415
2026-08-10 22:23:00+00:00,599.65,599.86,599.37,599.75,197.39827
2026-08-10 22:24:00+00:00,599.75,600.13,599.54,599.54,0.38819
2026-08-10 22:25:00+00:00,599.54,599.66,599.54,599.54,0.41613
2026-08-10 22:26:00+00:00,599.54,599.86,599.54,599.86,423.484617753810277338
2026-08-10 22:27:00+00:00,599.86,599.93,599.74,599.74,0.2706
2026-08-10 22:28:00+00:00,599.74,599.86,599.74,599.74,0.21894
2026-08-10 22:29:00+00:00,599.74,599.86,599.74,599.83,0.2805
2026-08-10 22:30:00+00:00,599.83,599.85,599.74,599.85,0.18483
2026-08-10 22:31:00+00:00,599.85,599.86,599.47,599.54,98.55589
2026-08-10 22:32:00+00:00,599.54,599.56,599.47,599.55,0.38791
2026-08-10 22:33:00+00:00,599.55,599.56,599.46,599.47,0.36528
2026-08-10 22:34:00+00:00,599.47,599.47,598.94,598.95,289.482708030581243948
2026-08-10 22:35:00+00:00,598.95,599.24,598.94,599.15,98.73315
2026-08-10 22:36:00+00:00,599.15,599.26,599.14,599.19,0.34133
2026-08-10 22:37:00+00:00,599.19,599.63,599.14,599.48,107.71603
2026-08-10 22:38:00+00:00,599.48,599.56,599.34,599.34,0.44362
2026-08-10 22:39:00+00:00,599.34,599.56,599.23,599.23,0.31596
2026-08-10 22:40:00+00:00,599.23,599.36,599.14,599.24,107.80659
2026-08-10 22:41:00+00:00,599.24,599.36,599.24,599.25,0.15729
2026-08-10 22:42:00+00:00,599.25,599.36,599.25,599.27,0.24489
2026-08-10 22:43:00+00:00,599.27,599.34,599.26,599.29,0.34947
2026-08-10 22:44:00+00:00,599.29,599.46,599.29,599.45,0.317
2026-08-10 22:45:00+00:00,599.45,599.56,599.28,599.55,54.02073
2026-08-10 22:46:00+00:00,599.55,599.66,599.54,599.66,0.26527
2026-08-10 22:47:00+00:00,599.66,599.86,599.54,599.76,52.60072
2026-08-10 22:48:00+00:00,599.76,599.86,599.74,599.86,0.34368
2026-08-10 22:49:00+00:00,599.86,599.96,599.64,599.96,0.41536
2026-08-10 22:50:00+00:00,599.96,599.96,599.84,599.85,0.3106
2026-08-10 22:51:00+00:00,599.85,600.06,599.84,599.9,0.20585
2026-08-10 22:52:00+00:00,599.9,599.96,599.84,599.95,0.385823169189818665
2026-08-10 22:53:00+00:00,599.95,600.05,599.84,599.87,0.33229
2026-08-10 22:54:00+00:00,599.87,600.06,599.86,600.06,0.26319
2026-08-10 22:55:00+00:00,600.06,600.06,599.84,599.95,3.093741782917319292
2026-08-10 22:56:00+00:00,599.95,599.96,599,599.86,0.431180835069589132
2026-08-10 22:57:00+00:00,599.86,599.96,599.74,599.96,54.0163
2026-08-10 22:58:00+00:00,599.96,600.06,599.74,599.86,0.35852
2026-08-10 22:59:00+00:00,599.86,599.86,599.55,599.55,0.30763
2026-08-10 23:00:00+00:00,599.55,599.66,599.44,599.62,161.41627
2026-08-10 23:01:00+00:00,599.62,599.62,599.34,599.34,54.0772
2026-08-10 23:02:00+00:00,599.34,599.46,599.34,599.45,0.39516
2026-08-10 23:03:00+00:00,599.45,599.52,599.34,599.44,0.25169
2026-08-10 23:04:00+00:00,599.44,599.56,599.44,599.44,0.4263
2026-08-10 23:05:00+00:00,599.44,599.56,599.44,599.54,0.16996
2026-08-10 23:06:00+00:00,599.54,599.68,599.54,599.68,0.28763
2026-08-10 23:07:00+00:00,599.68,600.01,599.68,599.84,336.430386097268287804
2026-08-10 23:08:00+00:00,599.84,599.96,599.74,599.77,1.91252233027186505
2026-08-10 23:09:00+00:00,599.77,599.86,599.71,599.74,0.28735
2026-08-10 23:10:00+00:00,599.74,599.86,599.74,599.76,0.28741
2026-08-10 23:11:00+00:00,599.76,599.86,599.75,599.86,0.26755
2026-08-10 23:12:00+00:00,599.86,600.06,599.85,599.99,0.29152
2026-08-10 23:13:00+00:00,599.99,600.06,599.94,600.04,0.3308
2026-08-10 23:14:00+00:00,600.04,600.06,600.01,600.05,0.10299
2026-08-10 23:15:00+00:00,600.05,600.06,600.02,600.06,0.16317
2026-08-10 23:16:00+00:00,600.06,600.06,600.02,600.06,0.31121
2026-08-10 23:17:00+00:00,600.06,600.06,600.03,600.05,0.33793
2026-08-10 23:18:00+00:00,600.05,600.06,600.02,600.06,0.37087
2026-08-10 23:19:00+00:00,600.06,600.06,599.96,599.96,0.27622
2026-08-10 23:20:00+00:00,599.96,599.96,599.84,599.86,0.47174
2026-08-10 23:21:00+00:00,599.86,599.96,599.76,599.87,0.30465
2026-08-10 23:22:00+00:00,599.87,599.87,599.76,599.85,0.09301
2026-08-10 23:23:00+00:00,599.85,599.85,599.53,599.53,53.9734
2026-08-10 23:24:00+00:00,599.53,599.56,599.37,599.38,1226.2203
2026-08-10 23:25:00+00:00,599.38,599.46,599.34,599.4,0.35391
2026-08-10 23:26:00+00:00,599.4,599.86,599.34,599.36,0.4117
2026-08-10 23:27:00+00:00,599.36,599.36,599.06,599.09,663.91149
2026-08-10 23:28:00+00:00,599.09,599.16,599.04,599.07,0.55377
2026-08-10 23:29:00+00:00,599.07,599.36,598.92,599.36,0.34484
2026-08-10 23:30:00+00:00,599.36,599.36,599.04,599.1,104.991735781615851916
2026-08-10 23:31:00+00:00,599.1,599.13,598.96,598.98,0.39265
2026-08-10 23:32:00+00:00,598.98,599.06,598.92,598.94,0.37905
2026-08-10 23:33:00+00:00,598.94,599.04,598.75,598.86,61.46609
2026-08-10 23:34:00+00:00,598.86,598.96,598.71,598.84,0.37164
2026-08-10 23:35:00+00:00,598.84,598.86,598.74,598.74,0.27814
2026-08-10 23:36:00+00:00,598.74,598.96,598.74,598.94,0.34078
2026-08-10 23:37:00+00:00,598.94,599.06,598.94,598.99,0.36788
2026-08-10 23:38:00+00:00,598.99,599.06,598.93,599.06,0.37748
2026-08-10 23:39:00+00:00,599.06,599.16,598.74,598.92,107.75783
2026-08-10 23:40:00+00:00,598.92,599.05,598.84,598.84,0.30633
2026-08-10 23:41:00+00:00,598.84,599.16,598.84,599.16,0.27889
2026-08-10 23:42:00+00:00,599.16,599.2,599.11,599.11,0.18069
2026-08-10 23:43:00+00:00,599.11,599.38,599.11,599.3,0.27117
2026-08-10 23:44:00+00:00,599.3,599.46,599.27,599.34,0.34195
2026-08-10 23:45:00+00:00,599.34,599.46,599.23,599.46,54.02574
2026-08-10 23:46:00+00:00,599.46,599.46,599.23,599.36,0.39397
2026-08-10 23:47:00+00:00,599.36,599.46,599.24,599.36,54.0176
2026-08-10 23:48:00+00:00,599.36,599.46,599.36,599.37,161.47194
2026-08-10 23:49:00+00:00,599.37,599.37,599.14,599.26,0.37064
2026-08-10 23:50:00+00:00,599.26,599.56,599.26,599.44,98.81325
2026-08-10 23:51:00+00:00,599.44,599.56,599.25,599.55,251.00279
2026-08-10 23:52:00+00:00,599.55,599.66,599.44,599.58,0.32114
2026-08-10 23:53:00+00:00,599.58,599.76,599.54,599.73,0.34535
2026-08-10 23:54:00+00:00,599.73,599.86,599.54,599.56,0.38822
2026-08-10 23:55:00+00:00,599.56,599.56,599.44,599.56,0.32114
2026-08-10 23:56:00+00:00,599.56,599.72,599.48,599.64,0.30441
2026-08-10 23:57:00+00:00,599.64,600.03,599.48,599.66,98.86706
2026-08-10 23:58:00+00:00,599.66,599.68,599.49,599.5,0.37769
2026-08-10 23:59:00+00:00,599.5,599.83,599.5,599.56,0.3373
2026-08-11 00:00:00+00:00,599.56,599.66,599.34,599.62,53.96792
2026-08-11 00:01:00+00:00,599.62,599.76,599.44,599.54,0.39679
2026-08-11 00:02:00+00:00,599.54,599.66,599.35,599.61,268.7677
2026-08-11 00:03:00+00:00,599.61,599.76,599.54,599.64,0.42028
2026-08-11 00:04:00+00:00,599.64,600.06,599.64,600.05,189.63262
2026-08-11 00:05:00+00:00,600.05,600.06,599.67,599.67,448.9981
2026-08-11 00:06:00+00:00,599.67,599.76,599.64,599.7,0.41074
2026-08-11 00:07:00+00:00,599.7,599.76,599.64,599.64,0.35805
2026-08-11 00:08:00+00:00,599.64,599.96,599.64,599.86,107.56667
2026-08-11 00:09:00+00:00,599.86,600.14,599.84,600.07,0.28309
2026-08-11 00:10:00+00:00,600.07,600.07,599.94,599.96,0.41167
2026-08-11 00:11:00+00:00,599.96,600.06,599.94,599.94,54.06476
2026-08-11 00:12:00+00:00,599.94,599.96,599.67,599.79,107.70351
2026-08-11 00:13:00+00:00,599.79,599.82,599.54,599.71,0.39547
2026-08-11 00:14:00+00:00,599.71,599.76,599.64,599.64,0.40723
2026-08-11 00:15:00+00:00,599.64,599.76,599.44,599.44,0.32988
2026-08-11 00:16:00+00:00,599.44,599.56,599.34,599.48,54.04216
2026-08-11 00:17:00+00:00,599.48,599.66,599.45,599.55,0.37487
2026-08-11 00:18:00+00:00,599.55,599.76,599.54,599.76,98.64741
2026-08-11 00:19:00+00:00,599.76,600.13,599.74,600.06,135.99185
2026-08-11 00:20:00+00:00,600.06,600.13,599.94,600.09,206.0388
2026-08-11 00:21:00+00:00,600.09,600.53,600.04,600.45,472.106825960350883033
2026-08-11 00:22:00+00:00,600.45,600.54,600.28,600.28,98.58681
2026-08-11 00:23:00+00:00,600.28,600.36,600.24,600.29,0.43179
2026-08-11 00:24:00+00:00,600.29,600.36,600.24,600.24,3.90740100438136172
2026-08-11 00:25:00+00:00,600.24,600.47,600.24,600.47,54.03026
2026-08-11 00:26:00+00:00,600.47,600.47,600.34,600.34,0.23613
2026-08-11 00:27:00+00:00,600.34,600.45,600.34,600.43,0.20932
2026-08-11 00:28:00+00:00,600.43,600.46,600.24,600.42,0.43865
2026-08-11 00:29:00+00:00,600.42,600.46,600.34,600.34,0.37878
2026-08-11 00:30:00+00:00,600.34,600.46,600.24,600.36,0.29199
2026-08-11 00:31:00+00:00,600.36,600.36,600.14,600.17,54.06115
2026-08-11 00:32:00+00:00,600.17,600.26,600.04,600.14,0.33033
2026-08-11 00:33:00+00:00,600.14,600.26,599.94,600.01,0.32632
2026-08-11 00:34:00+00:00,600.01,600.26,599.94,600.13,0.40512
2026-08-11 00:35:00+00:00,600.13,600.18,600.07,600.07,149.27271
2026-08-11 00:36:00+00:00,600.07,600.16,600.04,600.04,0.31054
2026-08-11 00:37:00+00:00,600.04,600.13,599.94,599.94,0.32491
2026-08-11 00:38:00+00:00,599.94,599.96,599.84,599.86,0.47456
2026-08-11 00:39:00+00:00,599.86,599.96,599.82,599.83,0.28958
2026-08-11 00:40:00+00:00,599.83,599.95,599.64,599.64,54.04846
2026-08-11 00:41:00+00:00,599.64,599.76,599.62,599.62,0.45127
2026-08-11 00:42:00+00:00,599.62,599.67,599.55,599.66,0.36509
2026-08-11 00:43:00+00:00,599.66,599.67,599.53,599.53,0.32134
2026-08-11 00:44:00+00:00,599.53,599.76,599.5,599.66,54.08074
2026-08-11 00:45:00+00:00,599.66,599.76,599.64,599.74,0.32915
2026-08-11 00:46:00+00:00,599.74,599.76,599.64,599.76,0.27044
2026-08-11 00:47:00+00:00,599.76,599.76,599.64,599.66,0.21358
2026-08-11 00:48:00+00:00,599.66,599.76,599.65,599.74,0.21793
2026-08-11 00:49:00+00:00,599.74,599.86,599.66,599.76,0.26472
2026-08-11 00:50:00+00:00,599.76,599.76,599.64,599.76,0.41083
2026-08-11 00:51:00+00:00,599.76,599.86,599.74,599.86,0.35346
2026-08-11 00:52:00+00:00,599.86,599.86,599.81,599.84,0.30912
2026-08-11 00:53:00+00:00,599.84,599.86,599.84,599.84,0.35612
2026-08-11 00:54:00+00:00,599.84,600.13,599.84,600.1,98.18276
2026-08-11 00:55:00+00:00,600.1,600.42,600.1,600.18,197.0217
2026-08-11 00:56:00+00:00,600.18,600.36,600.18,600.34,152.36415
2026-08-11 00:57:00+00:00,600.34,600.46,600.24,600.45,0.38888
2026-08-11 00:58:00+00:00,600.45,600.56,600.25,600.44,0.45822
2026-08-11 00:59:00+00:00,600.44,600.56,600.28,600.36,44.97363
2026-08-11 01:00:00+00:00,600.36,600.36,600.13,600.19,0.39697
2026-08-11 01:01:00+00:00,600.19,600.36,599.94,599.94,98.69541
2026-08-11 01:02:00+00:00,599.94,599.99,599.87,599.87,0.22823
2026-08-11 01:03:00+00:00,599.87,600.06,599.84,600.06,54.0467
2026-08-11 01:04:00+00:00,600.06,600.43,599.94,600.25,205.96408
2026-08-11 01:05:00+00:00,600.25,600.51,600.24,600.27,369.59631
2026-08-11 01:06:00+00:00,600.27,600.47,600.07,600.46,0.33535
2026-08-11 01:07:00+00:00,600.46,600.56,600.37,600.56,0.37528
2026-08-11 01:08:00+00:00,600.56,600.66,600.19,600.37,0.30451
2026-08-11 01:09:00+00:00,600.37,600.66,600.35,600.66,1082.95533
2026-08-11 01:10:00+00:00,600.66,600.93,600.64,600.84,869.6174
2026-08-11 01:11:00+00:00,600.84,600.9,600.84,600.86,0.34597
2026-08-11 01:12:00+00:00,600.86,601.09,600.84,601.04,204.449218102719435475
2026-08-11 01:13:00+00:00,601.04,601.09,601.04,601.05,0.45836
2026-08-11 01:14:00+00:00,601.05,601.15,600.84,600.84,0.36462
2026-08-11 01:15:00+00:00,600.84,601.06,600.67,600.77,98.61497
2026-08-11 01:16:00+00:00,600.77,601.03,600.77,600.87,0.37275
2026-08-11 01:17:00+00:00,600.87,601.06,600.84,600.86,0.40005
2026-08-11 01:18:00+00:00,600.86,600.86,600.48,600.48,98.73647
2026-08-11 01:19:00+00:00,600.48,600.48,600.24,600.27,91.25915
2026-08-11 01:20:00+00:00,600.27,600.56,600.24,600.41,0.43524
2026-08-11 01:21:00+00:00,600.41,600.46,600.34,600.34,0.30139
2026-08-11 01:22:00+00:00,600.34,600.56,600.34,600.56,0.36259
2026-08-11 01:23:00+00:00,600.56,600.66,600.45,600.66,0.51175
2026-08-11 01:24:00+00:00,600.66,600.83,600.64,600.76,464.59602
2026-08-11 01:25:00+00:00,600.76,600.76,600.46,600.56,0.30822
2026-08-11 01:26:00+00:00,600.56,600.66,600.35,600.54,0.39272
2026-08-11 01:27:00+00:00,600.54,600.66,600.54,600.66,0.30105
2026-08-11 01:28:00+00:00,600.66,600.76,600.58,600.75,98.64833
2026-08-11 01:29:00+00:00,600.75,600.86,600.74,600.74,0.35992
2026-08-11 01:30:00+00:00,600.74,600.86,600.64,600.66,74.9797
2026-08-11 01:31:00+00:00,600.66,600.76,600.58,600.65,0.32754
2026-08-11 01:32:00+00:00,600.65,600.76,600.64,600.64,0.31986
2026-08-11 01:33:00+00:00,600.64,600.76,600.64,600.76,0.30773
2026-08-11 01:34:00+00:00,600.76,600.76,600.58,600.6,0.22495
2026-08-11 01:35:00+00:00,600.6,600.62,600.44,600.54,53.95298
2026-08-11 01:36:00+00:00,600.54,600.56,600.44,600.56,0.4371
2026-08-11 01:37:00+00:00,600.56,600.56,600.44,600.44,0.24029
2026-08-11 01:38:00+00:00,600.44,600.52,600.44,600.46,0.09312
2026-08-11 01:39:00+00:00,600.46,600.52,600.44,600.44,0.08199
2026-08-11 01:40:00+00:00,600.44,600.52,600.44,600.46,0.2795
2026-08-11 01:41:00+00:00,600.46,600.53,600.24,600.3,152.04385
2026-08-11 01:42:00+00:00,600.3,600.32,600.17,600.17,0.42318
2026-08-11 01:43:00+00:00,600.17,600.46,600.14,600.36,54.08431
2026-08-11 01:44:00+00:00,600.36,600.46,600.24,600.43,0.35875
2026-08-11 01:45:00+00:00,600.43,600.46,600.34,600.36,0.31223
2026-08-11 01:46:00+00:00,600.36,600.56,600.34,600.56,0.3443
2026-08-11 01:47:00+00:00,600.56,600.56,600.44,600.47,0.30668
2026-08-11 01:48:00+00:00,600.47,600.56,600.44,600.45,0.35165
2026-08-11 01:49:00+00:00,600.45,600.56,600.44,600.46,0.34576
2026-08-11 01:50:00+00:00,600.46,600.56,600.44,600.55,53.81586
2026-08-11 01:51:00+00:00,600.55,600.66,600.44,600.56,0.31024
2026-08-11 01:52:00+00:00,600.56,600.66,600.44,600.66,0.25908
2026-08-11 01:53:00+00:00,600.66,600.66,600.54,600.54,0.26621
2026-08-11 01:54:00+00:00,600.54,600.66,600.54,600.54,0.28452
2026-08-11 01:55:00+00:00,600.54,600.66,600.54,600.56,0.41682
2026-08-11 01:56:00+00:00,600.56,600.59,600.38,600.59,53.87238
2026-08-11 01:57:00+00:00,600.59,600.93,600.55,600.56,0.27244
2026-08-11 01:58:00+00:00,600.56,600.66,600.34,600.45,0.41856
2026-08-11 01:59:00+00:00,600.45,600.46,600.34,600.43,0.33365
2026-08-11 02:00:00+00:00,600.43,600.68,600.43,600.64,53.94442
2026-08-11 02:01:00+00:00,600.64,600.86,600.64,600.74,0.28727
2026-08-11 02:02:00+00:00,600.74,601.06,600.74,600.84,53.95187
2026-08-11 02:03:00+00:00,600.84,600.96,600.84,600.96,0.31654
2026-08-11 02:04:00+00:00,600.96,600.96,600.84,600.96,0.23369
2026-08-11 02:05:00+00:00,600.96,600.96,600.84,600.94,0.27742
2026-08-11 02:06:00+00:00,600.94,601.06,600.89,601.06,0.31841
2026-08-11 02:07:00+00:00,601.06,601.06,600.64,600.64,53.9652
2026-08-11 02:08:00+00:00,600.64,600.95,600.64,600.84,98.4828
2026-08-11 02:09:00+00:00,600.84,600.96,600.74,600.84,0.43659
2026-08-11 02:10:00+00:00,600.84,600.96,600.84,600.96,0.26075
2026-08-11 02:11:00+00:00,600.96,600.96,600.88,600.88,0.15626
2026-08-11 02:12:00+00:00,600.88,600.96,600.88,600.95,0.35247
2026-08-11 02:13:00+00:00,600.95,600.96,600.68,600.68,54.09877
2026-08-11 02:14:00+00:00,600.68,600.76,600.56,600.57,54.00062
2026-08-11 02:15:00+00:00,600.57,600.59,600.54,600.56,0.35632
2026-08-11 02:16:00+00:00,600.56,600.66,600.54,600.59,0.36752
2026-08-11 02:17:00+00:00,600.59,600.66,600.54,600.54,0.3038
2026-08-11 02:18:00+00:00,600.54,600.63,600.37,600.4,0.17837
2026-08-11 02:19:00+00:00,600.4,600.65,600.37,600.61,1.371332643809389174
2026-08-11 02:20:00+00:00,600.61,600.66,600.54,600.56,3.283987263874420716
2026-08-11 02:21:00+00:00,600.56,600.66,600.54,600.66,1.391085820955078384
2026-08-11 02:22:00+00:00,600.66,600.66,600.44,600.56,0.32512
2026-08-11 02:23:00+00:00,600.56,600.56,600.44,600.48,0.27943
2026-08-11 02:24:00+00:00,600.48,600.56,600.48,600.56,0.23615
2026-08-11 02:25:00+00:00,600.56,600.66,600.35,600.42,0.32215
2026-08-11 02:26:00+00:00,600.42,600.45,600.32,600.35,0.415
2026-08-11 02:27:00+00:00,600.35,600.66,600.35,600.56,0.47085
2026-08-11 02:28:00+00:00,600.56,600.56,600.44,600.53,0.17827
2026-08-11 02:29:00+00:00,600.53,600.66,600.44,600.66,0.316
2026-08-11 02:30:00+00:00,600.66,600.66,600.47,600.54,0.27503
2026-08-11 02:31:00+00:00,600.54,600.76,600.54,600.7,2.031661111539130534
2026-08-11 02:32:00+00:00,600.7,600.76,600.56,600.56,0.46966025964539478
2026-08-11 02:33:00+00:00,600.56,600.66,600.54,600.54,0.584416075460388291
2026-08-11 02:34:00+00:00,600.54,600.56,600.44,600.56,0.2894
2026-08-11 02:35:00+00:00,600.56,600.56,600.44,600.46,0.48003
2026-08-11 02:36:00+00:00,600.46,600.46,600.34,600.34,0.31333
2026-08-11 02:37:00+00:00,600.34,600.46,600.24,600.33,53.94039
2026-08-11 02:38:00+00:00,600.33,600.46,600.08,600.08,313.00825
2026-08-11 02:39:00+00:00,600.08,600.23,600.08,600.22,0.28841
2026-08-11 02:40:00+00:00,600.22,600.46,599.87,600.46,107.65019
2026-08-11 02:41:00+00:00,600.46,600.46,600.41,600.44,0.2708
2026-08-11 02:42:00+00:00,600.44,600.53,600.37,600.44,0.979634382628678001
2026-08-11 02:43:00+00:00,600.44,600.56,600.33,600.56,56.043832004330085769
2026-08-11 02:44:00+00:00,600.56,600.56,600.44,600.54,0.39019
2026-08-11 02:45:00+00:00,600.54,600.66,600.54,600.66,0.34452
2026-08-11 02:46:00+00:00,600.66,600.76,600.54,600.61,0.40792
2026-08-11 02:47:00+00:00,600.61,600.66,600.6,600.61,0.31841
2026-08-11 02:48:00+00:00,600.61,600.66,600.27,600.54,250.74219
2026-08-11 02:49:00+00:00,600.54,600.66,600.44,600.66,1.359037687310564256
2026-08-11 02:50:00+00:00,600.66,600.66,600.47,600.66,0.3531
2026-08-11 02:51:00+00:00,600.66,600.66,600.54,600.54,0.3223
2026-08-11 02:52:00+00:00,600.54,600.56,600.44,600.44,0.25634
2026-08-11 02:53:00+00:00,600.44,600.76,600.44,600.75,54.06796
2026-08-11 02:54:00+00:00,600.75,600.93,600.74,600.93,848.66115
2026-08-11 02:55:00+00:00,600.93,600.93,600.84,600.84,0.40158
2026-08-11 02:56:00+00:00,600.84,601.04,600.84,600.95,53.97337
2026-08-11 02:57:00+00:00,600.95,601.06,600.94,601.06,0.25974
2026-08-11 02:58:00+00:00,601.06,601.11,600.84,601.02,98.51522
2026-08-11 02:59:00+00:00,601.02,601.06,600.74,600.74,0.39164
2026-08-11 03:00:00+00:00,600.74,600.86,600.74,600.76,0.30244
2026-08-11 03:01:00+00:00,600.76,600.86,600.74,600.79,0.28887
2026-08-11 03:02:00+00:00,600.79,600.81,600.64,600.69,0.34449
2026-08-11 03:03:00+00:00,600.69,600.86,600.64,600.86,55.160186378148398251
2026-08-11 03:04:00+00:00,600.86,601.06,600.83,600.96,152.47211896390586295
2026-08-11 03:05:00+00:00,600.96,600.96,600.94,600.95,0.40958
2026-08-11 03:06:00+00:00,600.95,600.96,600.94,600.94,0.40779
2026-08-11 03:07:00+00:00,600.94,600.96,600.94,600.96,0.48867
2026-08-11 03:08:00+00:00,600.96,601.26,600.94,601.1,938.234008030581243948
2026-08-11 03:09:00+00:00,601.1,601.16,601.04,601.04,0.437443708239052309
2026-08-11 03:10:00+00:00,601.04,601.16,600.94,601.04,0.3749
2026-08-11 03:11:00+00:00,601.04,601.16,601.04,601.05,0.2485
2026-08-11 03:12:00+00:00,601.05,601.26,601.05,601.23,0.411157400126401224
2026-08-11 03:13:00+00:00,601.23,601.26,600.95,600.95,152.084557036964616028
2026-08-11 03:14:00+00:00,600.95,601.02,600.84,600.84,0.29165
2026-08-11 03:15:00+00:00,600.84,601.06,600.84,601.03,0.41983
2026-08-11 03:16:00+00:00,601.03,601.13,600.84,601.04,0.35002
2026-08-11 03:17:00+00:00,601.04,601.13,600.94,600.94,0.3203
2026-08-11 03:18:00+00:00,600.94,601.26,600.94,601.26,0.38492
2026-08-11 03:19:00+00:00,601.26,601.26,600.93,600.93,53.72855
2026-08-11 03:20:00+00:00,600.93,601.06,600.69,600.69,98.60946
2026-08-11 03:21:00+00:00,600.69,600.7,600.64,600.68,0.390760778696363106
2026-08-11 03:22:00+00:00,600.68,600.7,600.54,600.54,0.364990778696363106
2026-08-11 03:23:00+00:00,600.54,600.76,600.54,600.64,0.30993
2026-08-11 03:24:00+00:00,600.64,600.77,600.64,600.76,0.38794
2026-08-11 03:25:00+00:00,600.76,600.86,600.54,600.64,107.61276
2026-08-11 03:26:00+00:00,600.64,601.03,600.54,600.82,53.92358
2026-08-11 03:27:00+00:00,600.82,601.06,600.74,600.96,54.05035
2026-08-11 03:28:00+00:00,600.96,600.97,600.74,600.79,53.83494
2026-08-11 03:29:00+00:00,600.79,600.84,600.64,600.64,0.26077
2026-08-11 03:30:00+00:00,600.64,600.76,600.54,600.54,98.49973
2026-08-11 03:31:00+00:00,600.54,600.55,600.44,600.55,0.43557
2026-08-11 03:32:00+00:00,600.55,600.56,600.44,600.44,0.28619
2026-08-11 03:33:00+00:00,600.44,600.56,600.44,600.54,1.301280665156713186
2026-08-11 03:34:00+00:00,600.54,600.56,600.34,600.46,0.62585
2026-08-11 03:35:00+00:00,600.46,600.73,600.31,600.46,136.481907175088859208
2026-08-11 03:36:00+00:00,600.46,600.76,600.46,600.66,0.31728
2026-08-11 03:37:00+00:00,600.66,600.76,600.64,600.75,0.30484
2026-08-11 03:38:00+00:00,600.75,600.85,600.33,600.77,0.662612544233885636
2026-08-11 03:39:00+00:00,600.77,600.86,600.74,600.86,0.30457
2026-08-11 03:40:00+00:00,600.86,600.86,600.68,600.69,0.30876
2026-08-11 03:41:00+00:00,600.69,600.76,600.64,600.64,0.29897
2026-08-11 03:42:00+00:00,600.64,600.76,600.64,600.68,0.34383
2026-08-11 03:43:00+00:00,600.68,600.69,600.5,600.55,0.26612
2026-08-11 03:44:00+00:00,600.55,600.66,600.44,600.66,0.33911
2026-08-11 03:45:00+00:00,600.66,600.66,600.44,600.56,53.90064
2026-08-11 03:46:00+00:00,600.56,600.59,600.56,600.58,0.29027
2026-08-11 03:47:00+00:00,600.58,600.59,600.58,600.58,0.21693
2026-08-11 03:48:00+00:00,600.58,600.59,600.58,600.59,0.21816
2026-08-11 03:49:00+00:00,600.59,600.59,600.58,600.58,0.18774
2026-08-11 03:50:00+00:00,600.58,600.59,600.58,600.58,0.23973
2026-08-11 03:51:00+00:00,600.58,600.76,600.58,600.72,260.19992
2026-08-11 03:52:00+00:00,600.72,600.76,600.64,600.64,0.2872
2026-08-11 03:53:00+00:00,600.64,600.86,600.64,600.79,6.189711697155828548
2026-08-11 03:54:00+00:00,600.79,600.86,600.74,600.86,0.60234401571133746
2026-08-11 03:55:00+00:00,600.86,601.13,600.77,600.86,0.19566
2026-08-11 03:56:00+00:00,600.86,601.26,600.77,600.77,0.28814
2026-08-11 03:57:00+00:00,600.77,600.86,600.58,600.8,0.27343
2026-08-11 03:58:00+00:00,600.8,600.82,600.77,600.77,0.18737
2026-08-11 03:59:00+00:00,600.77,600.81,600.58,600.64,53.8274
2026-08-11 04:00:00+00:00,600.64,600.76,600.64,600.76,0.35746
2026-08-11 04:01:00+00:00,600.76,600.81,600.58,600.71,0.511674104293061153
2026-08-11 04:02:00+00:00,600.71,600.76,600.64,600.75,1.060022870187067227
2026-08-11 04:03:00+00:00,600.75,600.76,600.64,600.75,0.32562
2026-08-11 04:04:00+00:00,600.75,600.76,600.64,600.64,5.030032663825253063
2026-08-11 04:05:00+00:00,600.64,600.76,600.64,600.66,0.17159
2026-08-11 04:06:00+00:00,600.66,600.81,600.66,600.75,0.2965
2026-08-11 04:07:00+00:00,600.75,600.8,600.74,600.76,3.668300439935416215
2026-08-11 04:08:00+00:00,600.76,600.8,600.74,600.77,0.23596
2026-08-11 04:09:00+00:00,600.77,600.86,600.74,600.84,2.062150316030169731
2026-08-11 04:10:00+00:00,600.84,600.86,600.78,600.79,0.10643
2026-08-11 04:11:00+00:00,600.79,600.95,600.77,600.83,0.2548
2026-08-11 04:12:00+00:00,600.83,600.86,600.74,600.79,2.637760029194033045
2026-08-11 04:13:00+00:00,600.79,600.86,600.77,600.77,0.35045
2026-08-11 04:14:00+00:00,600.77,600.86,600.74,600.86,0.34478
2026-08-11 04:15:00+00:00,600.86,600.86,600.58,600.58,107.42689
2026-08-11 04:16:00+00:00,600.58,600.76,600.58,600.67,0.48083
2026-08-11 04:17:00+00:00,600.67,600.86,600.64,600.66,0.38826
2026-08-11 04:18:00+00:00,600.66,600.86,600.64,600.64,0.30393
2026-08-11 04:19:00+00:00,600.64,600.76,600.64,600.66,0.21247
2026-08-11 04:20:00+00:00,600.66,600.83,600.66,600.83,0.26406
2026-08-11 04:21:00+00:00,600.83,601.13,600.67,601.13,0.34551
2026-08-11 04:22:00+00:00,601.13,601.13,600.68,600.82,0.31531
2026-08-11 04:23:00+00:00,600.82,601.06,600.75,600.86,161.11683
2026-08-11 04:24:00+00:00,600.86,600.86,600.74,600.86,0.33293
2026-08-11 04:25:00+00:00,600.86,600.86,600.69,600.74,0.17752
2026-08-11 04:26:00+00:00,600.74,600.96,600.74,600.94,54.500081137790176347
2026-08-11 04:27:00+00:00,600.94,601.06,600.84,600.97,0.27671
2026-08-11 04:28:00+00:00,600.97,601.06,600.94,601.06,0.26649
2026-08-11 04:29:00+00:00,601.06,601.06,600.84,600.87,0.34863
2026-08-11 04:30:00+00:00,600.87,600.96,600.84,600.96,0.16075
2026-08-11 04:31:00+00:00,600.96,600.96,600.87,600.94,0.14468
2026-08-11 04:32:00+00:00,600.94,600.94,600.84,600.84,0.1401
2026-08-11 04:33:00+00:00,600.84,600.94,600.83,600.87,0.21449
2026-08-11 04:34:00+00:00,600.87,600.96,600.84,600.94,1.626024900160916807
2026-08-11 04:35:00+00:00,600.94,600.96,600.74,600.76,0.42897
2026-08-11 04:36:00+00:00,600.76,601.26,600.74,600.74,0.38244
2026-08-11 04:37:00+00:00,600.74,600.86,600.74,600.8,0.1699
2026-08-11 04:38:00+00:00,600.8,600.8,600.74,600.79,0.08021
2026-08-11 04:39:00+00:00,600.79,600.96,600.68,600.74,0.36113
2026-08-11 04:40:00+00:00,600.74,600.86,600.74,600.82,0.28445
2026-08-11 04:41:00+00:00,600.82,600.82,600.68,600.69,0.33638
2026-08-11 04:42:00+00:00,600.69,600.78,600.62,600.77,0.31542
2026-08-11 04:43:00+00:00,600.77,600.78,600.72,600.72,1.991681121321081369
2026-08-11 04:44:00+00:00,600.72,600.76,600.64,600.76,0.21177
2026-08-11 04:45:00+00:00,600.76,600.76,600.64,600.65,0.3897
2026-08-11 04:46:00+00:00,600.65,600.76,600.64,600.74,0.29985
2026-08-11 04:47:00+00:00,600.74,600.76,600.66,600.76,0.32063
2026-08-11 04:48:00+00:00,600.76,600.86,600.64,600.72,1.176931035998192071
2026-08-11 04:49:00+00:00,600.72,600.72,600.64,600.66,0.24489
2026-08-11 04:50:00+00:00,600.66,600.66,600.41,600.41,3787.314018964001807929
2026-08-11 04:51:00+00:00,600.41,600.41,600.37,600.37,0.41504
2026-08-11 04:52:00+00:00,600.37,600.41,600.37,600.4,0.880712665513340874
2026-08-11 04:53:00+00:00,600.4,600.41,600.37,600.38,0.36545
2026-08-11 04:54:00+00:00,600.38,600.41,600.24,600.24,0.33082
2026-08-11 04:55:00+00:00,600.24,600.36,600.15,600.2,54.00343
2026-08-11 04:56:00+00:00,600.2,600.2,600.18,600.19,0.41688
2026-08-11 04:57:00+00:00,600.19,600.22,600.18,600.22,0.2599
2026-08-11 04:58:00+00:00,600.22,600.26,600.04,600.13,527.8673
2026-08-11 04:59:00+00:00,600.13,600.23,600.09,600.16,0.3442
2026-08-11 05:00:00+00:00,600.16,600.21,599.63,599.74,4326.37807
2026-08-11 05:01:00+00:00,599.74,599.89,599.63,599.87,113.292598461435993073
2026-08-11 05:02:00+00:00,599.87,600.16,599.84,600.06,0.48216
2026-08-11 05:03:00+00:00,600.06,600.16,600.04,600.1,0.942888897961904444
2026-08-11 05:04:00+00:00,600.1,600.16,600.04,600.12,0.45042
2026-08-11 05:05:00+00:00,600.12,600.15,600.04,600.15,0.32004
2026-08-11 05:06:00+00:00,600.15,600.16,600.04,600.14,0.39755
2026-08-11 05:07:00+00:00,600.14,600.36,600.14,600.36,107.53382
2026-08-11 05:08:00+00:00,600.36,600.52,600.34,600.52,61.448059041543125562
2026-08-11 05:09:00+00:00,600.52,600.73,600.44,600.71,1009.99898
2026-08-11 05:10:00+00:00,600.71,600.73,600.69,600.69,0.37547
2026-08-11 05:11:00+00:00,600.69,600.7,600.64,600.7,0.26635
2026-08-11 05:12:00+00:00,600.7,600.75,600.7,600.7,0.14842
2026-08-11 05:13:00+00:00,600.7,600.84,600.3,600.84,0.31837
2026-08-11 05:14:00+00:00,600.84,600.95,600.65,600.84,0.35087
2026-08-11 05:15:00+00:00,600.84,601.03,600.84,601.03,0.41192
2026-08-11 05:16:00+00:00,601.03,601.06,600.94,601.06,0.27282
2026-08-11 05:17:00+00:00,601.06,601.06,600.95,601.05,0.33034
2026-08-11 05:18:00+00:00,601.05,601.06,600.84,600.94,0.36533
2026-08-11 05:19:00+00:00,600.94,600.94,600.74,600.86,0.24592
2026-08-11 05:20:00+00:00,600.86,600.96,600.32,600.32,98.69357
2026-08-11 05:21:00+00:00,600.32,600.36,600.3,600.36,152.10514
2026-08-11 05:22:00+00:00,600.36,600.46,600.34,600.46,0.41941
2026-08-11 05:23:00+00:00,600.46,600.46,600.34,600.46,0.30957
2026-08-11 05:24:00+00:00,600.46,600.56,600.35,600.56,53.65024
2026-08-11 05:25:00+00:00,600.56,600.56,600.54,600.55,0.53148
2026-08-11 05:26:00+00:00,600.55,600.66,600.54,600.55,0.33122
2026-08-11 05:27:00+00:00,600.55,600.66,600.54,600.54,0.24714
2026-08-11 05:28:00+00:00,600.54,600.66,600.54,600.54,0.26406
2026-08-11 05:29:00+00:00,600.54,600.65,600.54,600.58,0.16983
2026-08-11 05:30:00+00:00,600.58,600.6,600.34,600.46,807.98261
2026-08-11 05:31:00+00:00,600.46,600.46,600.34,600.46,0.31937
2026-08-11 05:32:00+00:00,600.46,600.46,600.29,600.45,0.43651
2026-08-11 05:33:00+00:00,600.45,600.66,600.34,600.66,0.4488
2026-08-11 05:34:00+00:00,600.66,600.74,600.6,600.65,0.37336
2026-08-11 05:35:00+00:00,600.65,600.84,600.65,600.79,53.9155
2026-08-11 05:36:00+00:00,600.79,600.85,600.79,600.81,0.31856
2026-08-11 05:37:00+00:00,600.81,600.99,600.79,600.94,2929.13543
2026-08-11 05:38:00+00:00,600.94,601,600.94,600.99,0.30772
2026-08-11 05:39:00+00:00,600.99,601,600.84,600.89,0.5011
2026-08-11 05:40:00+00:00,600.89,600.96,600.74,600.74,0.42719
2026-08-11 05:41:00+00:00,600.74,600.86,600.6,600.83,0.49424
2026-08-11 05:42:00+00:00,600.83,600.84,600.83,600.83,0.19847
2026-08-11 05:43:00+00:00,600.83,600.84,600.74,600.74,0.36564
2026-08-11 05:44:00+00:00,600.74,600.77,600.74,600.76,0.20125
2026-08-11 05:45:00+00:00,600.76,600.77,600.47,600.76,0.36866
2026-08-11 05:46:00+00:00,600.76,600.76,600.63,600.66,0.37767
2026-08-11 05:47:00+00:00,600.66,600.71,600.34,600.36,53.94129
2026-08-11 05:48:00+00:00,600.36,600.56,600.34,600.49,0.38683
2026-08-11 05:49:00+00:00,600.49,600.56,600.24,600.34,0.40167
2026-08-11 05:50:00+00:00,600.34,600.56,600.24,600.46,0.42931
2026-08-11 05:51:00+00:00,600.46,600.56,600.44,600.56,0.30586
2026-08-11 05:52:00+00:00,600.56,600.56,600.49,600.56,0.34613
2026-08-11 05:53:00+00:00,600.56,600.56,600.48,600.48,0.26444
2026-08-11 05:54:00+00:00,600.48,600.66,600.24,600.36,45.07053
2026-08-11 05:55:00+00:00,600.36,600.36,600.06,600.08,107.81509
2026-08-11 05:56:00+00:00,600.08,600.14,600.04,600.13,0.42254
2026-08-11 05:57:00+00:00,600.13,600.16,599.94,600.04,0.37396
2026-08-11 05:58:00+00:00,600.04,600.06,599.94,599.94,0.36235
2026-08-11 05:59:00+00:00,599.94,600.16,599.94,599.96,0.34195
2026-08-11 06:00:00+00:00,599.96,600.01,599.94,599.99,0.24351
2026-08-11 06:01:00+00:00,599.99,600.06,599.9,599.99,0.32431
2026-08-11 06:02:00+00:00,599.99,600.9,599.84,599.9,0.904186075460388291
2026-08-11 06:03:00+00:00,599.9,600.06,599.84,600.06,0.30787
2026-08-11 06:04:00+00:00,600.06,600.16,599.94,599.97,0.35799
2026-08-11 06:05:00+00:00,599.97,600.06,599.94,599.94,0.36672
2026-08-11 06:06:00+00:00,599.94,600.43,599.94,600.34,107.6251
2026-08-11 06:07:00+00:00,600.34,600.36,600.24,600.34,0.34728
2026-08-11 06:08:00+00:00,600.34,600.63,600.07,600.44,54.12969
2026-08-11 06:09:00+00:00,600.44,600.89,600.44,600.88,198.33858
2026-08-11 06:10:00+00:00,600.88,600.89,600.88,600.88,0.1527
2026-08-11 06:11:00+00:00,600.88,601,600.74,600.94,121.95133
2026-08-11 06:12:00+00:00,600.94,601,600.94,600.94,0.31526
2026-08-11 06:13:00+00:00,600.94,601,600.94,600.97,0.28446
2026-08-11 06:14:00+00:00,600.97,601,600.97,600.99,0.04838
2026-08-11 06:15:00+00:00,600.99,601,600.97,600.99,0.17238
2026-08-11 06:16:00+00:00,600.99,600.99,600.74,600.75,98.71643
2026-08-11 06:17:00+00:00,600.75,600.92,600.74,600.92,0.32007
2026-08-11 06:18:00+00:00,600.92,600.96,600.84,600.94,0.31355
2026-08-11 06:19:00+00:00,600.94,600.94,600.64,600.67,53.77922
2026-08-11 06:20:00+00:00,600.67,600.68,600.46,600.56,0.37279
2026-08-11 06:21:00+00:00,600.56,600.56,600.25,600.46,0.341
2026-08-11 06:22:00+00:00,600.46,600.54,600.44,600.54,0.1233
2026-08-11 06:23:00+00:00,600.54,600.56,600.54,600.54,0.06633
2026-08-11 06:24:00+00:00,600.54,600.66,600.44,600.44,2.086424617843940453
2026-08-11 06:25:00+00:00,600.44,600.56,600.24,600.24,0.56107
2026-08-11 06:26:00+00:00,600.24,600.36,600.15,600.19,54.300478140402291194
2026-08-11 06:27:00+00:00,600.19,600.19,599.75,599.75,234.941157346429165973
2026-08-11 06:28:00+00:00,599.75,599.76,599.75,599.75,6.63659818600824411
2026-08-11 06:29:00+00:00,599.75,599.76,599.58,599.62,745.773580248540200628
2026-08-11 06:30:00+00:00,599.62,599.76,599.18,599.69,10.323694227748036223
2026-08-11 06:31:00+00:00,599.69,599.69,599.21,599.21,98.80278
2026-08-11 06:32:00+00:00,599.21,599.41,599.18,599.36,515.4984
2026-08-11 06:33:00+00:00,599.36,599.46,599.34,599.35,0.315
2026-08-11 06:34:00+00:00,599.35,599.56,599.34,599.44,0.40939
2026-08-11 06:35:00+00:00,599.44,599.66,599.35,599.66,0.33167
2026-08-11 06:36:00+00:00,599.66,599.66,599.43,599.43,0.47841
2026-08-11 06:37:00+00:00,599.43,599.56,599.34,599.44,2.081293675430401708
2026-08-11 06:38:00+00:00,599.44,599.83,599.44,599.79,98.71892
2026-08-11 06:39:00+00:00,599.79,599.96,599.77,599.95,1906.8448
2026-08-11 06:40:00+00:00,599.95,599.96,599.84,599.86,0.38796
2026-08-11 06:41:00+00:00,599.86,600.06,599.8,599.95,0.31477
2026-08-11 06:42:00+00:00,599.95,600.07,599.89,600.06,0.25645
2026-08-11 06:43:00+00:00,600.06,600.06,599.84,599.84,0.50764
2026-08-11 06:44:00+00:00,599.84,600.06,599.84,600.06,0.43162
2026-08-11 06:45:00+00:00,600.06,600.06,599.94,599.94,0.43053
2026-08-11 06:46:00+00:00,599.94,600.06,599.27,599.44,759.32271
2026-08-11 06:47:00+00:00,599.44,599.66,599.38,599.56,555.33172
2026-08-11 06:48:00+00:00,599.56,599.83,599.53,599.83,82.12856
2026-08-11 06:49:00+00:00,599.83,599.83,599.64,599.64,0.37988
2026-08-11 06:50:00+00:00,599.64,599.86,599.52,599.66,0.3451
2026-08-11 06:51:00+00:00,599.66,599.66,599.45,599.48,54.04919
2026-08-11 06:52:00+00:00,599.48,599.48,599.14,599.14,556.83289
2026-08-11 06:53:00+00:00,599.14,599.16,599.01,599.07,404.64482
2026-08-11 06:54:00+00:00,599.07,599.17,598.9,598.91,123.173479556561688527
2026-08-11 06:55:00+00:00,598.91,599.16,598.9,599.15,107.82489
2026-08-11 06:56:00+00:00,599.15,599.26,598.9,599.17,0.33749
2026-08-11 06:57:00+00:00,599.17,599.26,599.14,599.26,0.34522
2026-08-11 06:58:00+00:00,599.26,599.26,599.14,599.14,0.3206
2026-08-11 06:59:00+00:00,599.14,599.26,599.14,599.16,0.27093
2026-08-11 07:00:00+00:00,599.16,599.17,598.94,599.16,54.19577
2026-08-11 07:01:00+00:00,599.16,599.16,599.04,599.16,0.40122
2026-08-11 07:02:00+00:00,599.16,599.16,599.04,599.07,0.16789
2026-08-11 07:03:00+00:00,599.07,599.13,598.85,598.85,297.50884
2026-08-11 07:04:00+00:00,598.85,599.04,598.84,599.04,303.09546
2026-08-11 07:05:00+00:00,599.04,599.16,598.77,599.14,0.42089
2026-08-11 07:06:00+00:00,599.14,599.16,599,599.06,98.83655
2026-08-11 07:07:00+00:00,599.06,599.16,599,599.03,0.3444
2026-08-11 07:08:00+00:00,599.03,599.06,599,599.03,0.44019
2026-08-11 07:09:00+00:00,599.03,599.16,599,599.14,0.53304
2026-08-11 07:10:00+00:00,599.14,599.36,599.07,599.36,295.38688
2026-08-11 07:11:00+00:00,599.36,599.43,599.28,599.34,5.789388761091534073
2026-08-11 07:12:00+00:00,599.34,599.43,599.34,599.42,0.32118
2026-08-11 07:13:00+00:00,599.42,599.43,599.04,599.04,98.90241
2026-08-11 07:14:00+00:00,599.04,599.16,598.94,598.95,0.36474
2026-08-11 07:15:00+00:00,598.95,599.33,598.94,599.22,98.94199
2026-08-11 07:16:00+00:00,599.22,599.55,599.22,599.53,1576.375771238908465927
2026-08-11 07:17:00+00:00,599.53,599.54,599.34,599.35,833.18972
2026-08-11 07:18:00+00:00,599.35,599.46,599.24,599.44,0.33893
2026-08-11 07:19:00+00:00,599.44,599.46,599.08,599.15,98.86359
2026-08-11 07:20:00+00:00,599.15,599.46,599.09,599.35,510.83832
2026-08-11 07:21:00+00:00,599.35,599.36,599.28,599.34,0.29932
2026-08-11 07:22:00+00:00,599.34,599.46,599.32,599.34,0.39492
2026-08-11 07:23:00+00:00,599.34,599.55,599.34,599.51,0.32519
2026-08-11 07:24:00+00:00,599.51,599.69,599.44,599.67,107.79664
2026-08-11 07:25:00+00:00,599.67,599.86,599.64,599.84,116.12965
2026-08-11 07:26:00+00:00,599.84,599.96,599.65,599.96,0.40351
2026-08-11 07:27:00+00:00,599.96,599.96,599.74,599.94,0.43409
2026-08-11 07:28:00+00:00,599.94,600.06,599.8,599.8,98.68332
2026-08-11 07:29:00+00:00,599.8,599.81,599.64,599.67,98.63392
2026-08-11 07:30:00+00:00,599.67,600.33,599.67,600.33,634.78935
2026-08-11 07:31:00+00:00,600.33,600.43,600.33,600.4,0.942818755771083136
2026-08-11 07:32:00+00:00,600.4,600.46,600.34,600.37,0.42526
2026-08-11 07:33:00+00:00,600.37,600.86,600.37,600.85,54.06248
2026-08-11 07:34:00+00:00,600.85,601.36,600.85,601.36,147.558708109636430163
2026-08-11 07:35:00+00:00,601.36,601.76,601.15,601.54,1028.5039
2026-08-11 07:36:00+00:00,601.54,602.09,601.53,602.06,1048.181882073850337331
2026-08-11 07:37:00+00:00,602.06,602.08,601.84,602.02,866.74775
2026-08-11 07:38:00+00:00,602.02,602.33,602.02,602.26,555.798897602075741977
2026-08-11 07:39:00+00:00,602.26,602.63,602.24,602.43,370.256176886994478039
2026-08-11 07:40:00+00:00,602.43,602.45,602.23,602.23,0.44688
2026-08-11 07:41:00+00:00,602.23,602.26,602.14,602.14,1.112793082339655229
2026-08-11 07:42:00+00:00,602.14,602.26,602.14,602.21,0.44144
2026-08-11 07:43:00+00:00,602.21,602.27,602.19,602.2,0.736284028243145776
2026-08-11 07:44:00+00:00,602.2,602.46,601.3,602.28,0.915282675443693656
2026-08-11 07:45:00+00:00,602.28,602.46,602.14,602.45,98.35728
2026-08-11 07:46:00+00:00,602.45,602.46,601.86,602.16,429.862001317296281162
2026-08-11 07:47:00+00:00,602.16,602.46,602.14,602.46,777.06599
2026-08-11 07:48:00+00:00,602.46,602.66,602.23,602.56,452.06395515768764241
2026-08-11 07:49:00+00:00,602.56,602.73,602.22,602.23,577.202
2026-08-11 07:50:00+00:00,602.23,602.46,602.23,602.38,575.722251798871556588
2026-08-11 07:51:00+00:00,602.38,602.46,602.35,602.44,0.2127
2026-08-11 07:52:00+00:00,602.44,602.76,602.32,602.56,252.705319275997080098
2026-08-11 07:53:00+00:00,602.56,602.56,602.25,602.3,0.464806418541646017
2026-08-11 07:54:00+00:00,602.3,602.38,602.2,602.2,53.87205
2026-08-11 07:55:00+00:00,602.2,602.21,602.14,602.16,0.58929
2026-08-11 07:56:00+00:00,602.16,602.16,601.84,601.99,490.52097
2026-08-11 07:57:00+00:00,601.99,602.46,601.88,602.42,214.2705
2026-08-11 07:58:00+00:00,602.42,602.56,602.34,602.56,5.157972663825253063
2026-08-11 07:59:00+00:00,602.56,602.76,602.54,602.74,0.56736
2026-08-11 08:00:00+00:00,602.74,603.13,602.64,603.07,147.617535488861860732
2026-08-11 08:01:00+00:00,603.07,603.43,603.04,603.36,105.923428846660452885
2026-08-11 08:02:00+00:00,603.36,603.63,602.77,603.3,1986.5486454057313923
2026-08-11 08:03:00+00:00,603.3,603.39,603.3,603.3,0.28208
2026-08-11 08:04:00+00:00,603.3,603.76,603.3,603.74,756.138572508865211892
2026-08-11 08:05:00+00:00,603.74,603.76,603.21,603.53,1809.45236
2026-08-11 08:06:00+00:00,603.53,603.76,603.46,603.74,835.82068
2026-08-11 08:07:00+00:00,603.74,603.96,603.64,603.84,0.42676
2026-08-11 08:08:00+00:00,603.84,603.96,603.58,603.71,249.27558
2026-08-11 08:09:00+00:00,603.71,603.96,603.67,603.96,152.262394802195147555
2026-08-11 08:10:00+00:00,603.96,604.23,603.93,604.03,0.618135329898546968
2026-08-11 08:11:00+00:00,604.03,604.23,604.03,604.19,152.01734467244860803
2026-08-11 08:12:00+00:00,604.19,604.19,603.94,603.96,0.969868588881899149
2026-08-11 08:13:00+00:00,603.96,604.23,603.94,604.23,1680.38636
2026-08-11 08:14:00+00:00,604.23,604.36,604.23,604.26,0.40996
2026-08-11 08:15:00+00:00,604.26,604.73,604.26,604.57,1377.859724144437745826
2026-08-11 08:16:00+00:00,604.57,604.86,604.56,604.64,436.07687
2026-08-11 08:17:00+00:00,604.64,604.86,604.44,604.45,741.505835100996434586
2026-08-11 08:18:00+00:00,604.45,604.46,604.17,604.45,561.95863081154759163
2026-08-11 08:19:00+00:00,604.45,604.73,604.3,604.66,246.713966179381803138
2026-08-11 08:20:00+00:00,604.66,605.21,604.54,605.21,1014.468740310812942259
2026-08-11 08:21:00+00:00,605.21,605.21,604.04,604.57,2154.412275921226374163
2026-08-11 08:22:00+00:00,604.57,604.89,604.56,604.89,37.767489987221361873
2026-08-11 08:23:00+00:00,604.89,605.06,604.84,605,83.708448368322727351
2026-08-11 08:24:00+00:00,605,605.22,605,605.21,143.945436272539756471
2026-08-11 08:25:00+00:00,605.21,605.26,605.04,605.16,0.39023
2026-08-11 08:26:00+00:00,605.16,605.26,605.14,605.24,0.35877
2026-08-11 08:27:00+00:00,605.24,605.46,605.14,605.44,106.63172
2026-08-11 08:28:00+00:00,605.44,605.66,605.44,605.46,159.78227091371396493
2026-08-11 08:29:00+00:00,605.46,605.66,604.4,604.98,152.580907969333465516
2026-08-11 08:30:00+00:00,604.98,605.46,604.98,605.44,196.99996
2026-08-11 08:31:00+00:00,605.44,605.46,605.05,605.14,211.71915
2026-08-11 08:32:00+00:00,605.14,605.36,605.04,605.17,313.00298
2026-08-11 08:33:00+00:00,605.17,605.46,605.16,605.46,0.40729
2026-08-11 08:34:00+00:00,605.46,605.46,605.24,605.45,63.538184227748036223
2026-08-11 08:35:00+00:00,605.45,605.66,605.44,605.65,53.63838
2026-08-11 08:36:00+00:00,605.65,605.66,605.64,605.64,0.37449
2026-08-11 08:37:00+00:00,605.64,605.76,605.64,605.64,0.44045
2026-08-11 08:38:00+00:00,605.64,605.86,605.64,605.79,0.45751
2026-08-11 08:39:00+00:00,605.79,605.96,605.64,605.81,0.33117
2026-08-11 08:40:00+00:00,605.81,606.03,605.66,605.95,103.926086942138064027
2026-08-11 08:41:00+00:00,605.95,606.16,605.95,606.11,89.039725315287451119
2026-08-11 08:42:00+00:00,606.11,606.23,606.1,606.2,734.980973437938723264
2026-08-11 08:43:00+00:00,606.2,606.51,606.04,606.17,148.25476
2026-08-11 08:44:00+00:00,606.17,606.26,606.06,606.24,0.4934
2026-08-11 08:45:00+00:00,606.24,606.36,606.14,606.26,0.45789
2026-08-11 08:46:00+00:00,606.26,606.56,606.24,606.56,0.36182
2026-08-11 08:47:00+00:00,606.56,606.66,606.44,606.59,97.81287
2026-08-11 08:48:00+00:00,606.59,606.73,605.02,605.02,9717.80849
2026-08-11 08:49:00+00:00,605.02,605.29,604.74,604.79,151.31653
2026-08-11 08:50:00+00:00,604.79,605.36,604.74,604.98,501.22907
2026-08-11 08:51:00+00:00,604.98,605.16,604.94,605.15,53.68708
2026-08-11 08:52:00+00:00,605.15,605.36,604.98,605.24,655.96167
2026-08-11 08:53:00+00:00,605.24,605.83,605.24,605.68,232.12303
2026-08-11 08:54:00+00:00,605.68,605.91,605.66,605.78,386.345248806127839408
2026-08-11 08:55:00+00:00,605.78,605.86,605.49,605.53,0.46242
2026-08-11 08:56:00+00:00,605.53,605.66,605.44,605.66,0.37089
2026-08-11 08:57:00+00:00,605.66,605.86,605.45,605.46,0.40871
2026-08-11 08:58:00+00:00,605.46,605.66,605.34,605.64,53.57049
2026-08-11 08:59:00+00:00,605.64,606.03,605.64,605.67,542.272136918902822353
2026-08-11 09:00:00+00:00,605.67,606,605.67,605.87,439.37678
2026-08-11 09:01:00+00:00,605.87,605.96,605.84,605.93,0.39752
2026-08-11 09:02:00+00:00,605.93,605.99,605.54,605.54,151.10013
2026-08-11 09:03:00+00:00,605.54,605.75,605.44,605.64,877.44736
2026-08-11 09:04:00+00:00,605.64,605.64,605.24,605.36,53.774553982735272212
2026-08-11 09:05:00+00:00,605.36,605.66,605.23,605.57,0.54762
2026-08-11 09:06:00+00:00,605.57,605.66,605.54,605.65,0.38727
2026-08-11 09:07:00+00:00,605.65,605.76,605.54,605.66,0.34987
2026-08-11 09:08:00+00:00,605.66,605.76,605.53,605.75,0.44587
2026-08-11 09:09:00+00:00,605.75,605.86,605.66,605.85,50.108920761231967781
2026-08-11 09:10:00+00:00,605.85,606.13,605.85,606.13,182.336269238768032219
2026-08-11 09:11:00+00:00,606.13,606.16,605.94,606.16,0.39179392512800053
2026-08-11 09:12:00+00:00,606.16,606.16,605.94,605.94,5.747690761231967781
2026-08-11 09:13:00+00:00,605.94,606.06,605.92,605.95,74.35104
2026-08-11 09:14:00+00:00,605.95,606.06,605.93,606.06,0.45557
2026-08-11 09:15:00+00:00,606.06,606.31,605.97,606.3,97.67951
2026-08-11 09:16:00+00:00,606.3,606.36,606.3,606.3,0.26052
2026-08-11 09:17:00+00:00,606.3,606.63,606.3,606.62,135.326981747124038471
2026-08-11 09:18:00+00:00,606.62,607.33,606.54,607.21,3379.06863
2026-08-11 09:19:00+00:00,607.21,607.21,607.04,607.16,0.47022
2026-08-11 09:20:00+00:00,607.16,607.43,607.16,607.21,53.42021
2026-08-11 09:21:00+00:00,607.21,607.4,607.21,607.34,0.747294884304676851
2026-08-11 09:22:00+00:00,607.34,607.36,607.24,607.24,0.42206
2026-08-11 09:23:00+00:00,607.24,607.82,607.24,607.82,241.720578806127839408
2026-08-11 09:24:00+00:00,607.82,607.83,607.6,607.8,353.536896287479556605
2026-08-11 09:25:00+00:00,607.8,608.03,607.8,607.81,312.000570516332832792
2026-08-11 09:26:00+00:00,607.81,608.01,607.74,607.75,150.42631
2026-08-11 09:27:00+00:00,607.75,608.33,607.71,608.29,803.762273750309227343
2026-08-11 09:28:00+00:00,608.29,608.3,608,608,741.43702
2026-08-11 09:29:00+00:00,608,608,607.47,607.49,354.718099275997080098
2026-08-11 09:30:00+00:00,607.49,607.76,607.27,607.44,1027.792400724002919902
2026-08-11 09:31:00+00:00,607.44,607.46,607.14,607.14,53.469199275997080098
2026-08-11 09:32:00+00:00,607.14,607.14,606.74,606.84,592.52795
2026-08-11 09:33:00+00:00,606.84,606.98,606.64,606.65,53.48673
2026-08-11 09:34:00+00:00,606.65,606.76,606.45,606.65,265.51756
2026-08-11 09:35:00+00:00,606.65,607.03,606.64,607.03,97.62367
2026-08-11 09:36:00+00:00,607.03,607.03,606.84,606.85,97.63616
2026-08-11 09:37:00+00:00,606.85,606.96,606.74,606.85,0.29259
2026-08-11 09:38:00+00:00,606.85,607.06,606.64,606.69,106.44759
2026-08-11 09:39:00+00:00,606.69,606.96,606.69,606.92,0.37992
2026-08-11 09:40:00+00:00,606.92,607.33,606.86,607.01,249.985371317296281162
2026-08-11 09:41:00+00:00,607.01,607.33,607,607.33,318.956563532531122159
2026-08-11 09:42:00+00:00,607.33,607.53,607.28,607.35,31.02856
2026-08-11 09:43:00+00:00,607.35,607.46,607.07,607.09,2.462152216957536486
2026-08-11 09:44:00+00:00,607.09,607.26,607.04,607.14,0.787038494104054545
2026-08-11 09:45:00+00:00,607.14,607.4,607.04,607.39,150.61152
2026-08-11 09:46:00+00:00,607.39,607.46,607.24,607.41,107.869129533099553843
2026-08-11 09:47:00+00:00,607.41,607.46,607.24,607.37,0.38484
2026-08-11 09:48:00+00:00,607.37,607.46,607.23,607.34,0.792305274841089483
2026-08-11 09:49:00+00:00,607.34,607.56,607.26,607.36,926.62874
2026-08-11 09:50:00+00:00,607.36,607.46,607.34,607.45,0.31336
2026-08-11 09:51:00+00:00,607.45,607.6,607.34,607.46,194.37391
2026-08-11 09:52:00+00:00,607.46,607.47,607.14,607.14,0.671931828268527968
2026-08-11 09:53:00+00:00,607.14,607.24,606.87,607.15,292.20416
2026-08-11 09:54:00+00:00,607.15,607.33,607.04,607.04,241.596534927686042129
2026-08-11 09:55:00+00:00,607.04,607.46,607.04,607.2,97.6041
2026-08-11 09:56:00+00:00,607.2,607.26,606.94,606.97,106.663434782767131002
2026-08-11 09:57:00+00:00,606.97,607.26,606.94,607.26,0.22252
2026-08-11 09:58:00+00:00,607.26,607.46,607.14,607.43,159.42054
2026-08-11 09:59:00+00:00,607.43,607.6,607.37,607.6,0.48329
2026-08-11 10:00:00+00:00,607.6,607.93,607.57,607.58,349.560001927259306725
2026-08-11 10:01:00+00:00,607.58,607.76,607.27,607.76,1262.49587813034891376
2026-08-11 10:02:00+00:00,607.76,608.14,607.67,608.13,896.968025217232868998
2026-08-11 10:03:00+00:00,608.13,608.27,608.13,608.26,2034.00804
2026-08-11 10:04:00+00:00,608.26,608.46,608.04,608.04,1978.3132
2026-08-11 10:05:00+00:00,608.04,608.26,608.04,608.19,617.45192
2026-08-11 10:06:00+00:00,608.19,608.23,607.42,607.54,758.85009
2026-08-11 10:07:00+00:00,607.54,607.69,607.43,607.52,2310.67606
2026-08-11 10:08:00+00:00,607.52,607.56,607.29,607.34,1272.666902855507824277
2026-08-11 10:09:00+00:00,607.34,607.46,607.17,607.17,466.03415
2026-08-11 10:10:00+00:00,607.17,607.36,607.14,607.24,53.42706
2026-08-11 10:11:00+00:00,607.24,607.39,607.14,607.14,0.45123
2026-08-11 10:12:00+00:00,607.14,607.36,607.14,607.25,0.3538
2026-08-11 10:13:00+00:00,607.25,607.43,607.14,607.25,0.28087
2026-08-11 10:14:00+00:00,607.25,607.36,607.14,607.14,0.36371
2026-08-11 10:15:00+00:00,607.14,607.31,606.97,607.25,0.31069
2026-08-11 10:16:00+00:00,607.25,607.26,607.14,607.14,0.39597
2026-08-11 10:17:00+00:00,607.14,607.34,607.14,607.24,0.617385784561826868
2026-08-11 10:18:00+00:00,607.24,607.36,607.14,607.33,1.184686991124211635
2026-08-11 10:19:00+00:00,607.33,607.36,607.24,607.26,0.67768
2026-08-11 10:20:00+00:00,607.26,607.26,607.14,607.26,0.532844109936435793
2026-08-11 10:21:00+00:00,607.26,607.46,607.04,607.46,135.132705964028066014
2026-08-11 10:22:00+00:00,607.46,607.46,607.14,607.36,284.56901
2026-08-11 10:23:00+00:00,607.36,607.46,607.34,607.38,0.33552
2026-08-11 10:24:00+00:00,607.38,607.5,607.24,607.25,0.33935
2026-08-11 10:25:00+00:00,607.25,607.63,607.24,607.54,97.33007
2026-08-11 10:26:00+00:00,607.54,607.63,607.44,607.53,0.37906
2026-08-11 10:27:00+00:00,607.53,607.76,607.17,607.73,159.36952
2026-08-11 10:28:00+00:00,607.73,608.03,607.7,608.02,1009.63245
2026-08-11 10:29:00+00:00,608.02,608.03,608,608,0.41194
2026-08-11 10:30:00+00:00,608,608.03,607.95,608.03,0.43318
2026-08-11 10:31:00+00:00,608.03,608.03,607.57,607.74,0.47827
2026-08-11 10:32:00+00:00,607.74,607.86,607.73,607.74,0.35758
2026-08-11 10:33:00+00:00,607.74,607.96,607.64,607.86,1.985197559607062346
2026-08-11 10:34:00+00:00,607.86,607.86,607.74,607.85,0.3659
2026-08-11 10:35:00+00:00,607.85,607.86,607.54,607.64,106.33733
2026-08-11 10:36:00+00:00,607.64,607.86,607.64,607.83,0.33582
2026-08-11 10:37:00+00:00,607.83,608.06,607.74,608.06,53.15154
2026-08-11 10:38:00+00:00,608.06,608.16,607.84,607.84,0.38577
2026-08-11 10:39:00+00:00,607.84,607.96,607.84,607.96,0.39863
2026-08-11 10:40:00+00:00,607.96,607.96,607.77,607.91,0.33095
2026-08-11 10:41:00+00:00,607.91,607.93,607.85,607.86,0.14467
2026-08-11 10:42:00+00:00,607.86,608.06,607.83,608,255.41277
2026-08-11 10:43:00+00:00,608,608.18,608,608.08,0.47704
2026-08-11 10:44:00+00:00,608.08,608.12,608.08,608.11,0.23886
2026-08-11 10:45:00+00:00,608.11,608.16,608.02,608.04,0.45119
2026-08-11 10:46:00+00:00,608.04,608.16,607.95,607.95,53.2796
2026-08-11 10:47:00+00:00,607.95,608.12,607.52,608.11,0.30045
2026-08-11 10:48:00+00:00,608.11,608.26,608.11,608.16,0.38625
2026-08-11 10:49:00+00:00,608.16,608.55,608.16,608.48,97.28176
2026-08-11 10:50:00+00:00,608.48,608.76,608.3,608.66,54.46907669052733653
2026-08-11 10:51:00+00:00,608.66,609.03,608.64,608.76,97.454067375146166865
2026-08-11 10:52:00+00:00,608.76,608.86,608.44,608.44,194.282026287479556605
2026-08-11 10:53:00+00:00,608.44,608.56,608.34,608.44,0.4055
2026-08-11 10:54:00+00:00,608.44,608.56,608.42,608.56,0.37146
2026-08-11 10:55:00+00:00,608.56,608.56,608.07,608.26,0.41718
2026-08-11 10:56:00+00:00,608.26,608.76,607.97,608.36,269.871826040092014459
2026-08-11 10:57:00+00:00,608.36,608.56,608.24,608.27,0.3801
2026-08-11 10:58:00+00:00,608.27,608.46,608.24,608.39,0.53743
2026-08-11 10:59:00+00:00,608.39,608.56,608.34,608.54,0.39493
2026-08-11 11:00:00+00:00,608.54,608.56,608.44,608.52,0.3472
2026-08-11 11:01:00+00:00,608.52,608.66,607.7,608.65,102.517126040092014459
2026-08-11 11:02:00+00:00,608.65,608.66,608.28,608.66,194.53938
2026-08-11 11:03:00+00:00,608.66,608.66,608.5,608.66,0.31077
2026-08-11 11:04:00+00:00,608.66,608.76,608.44,608.51,53.36851
2026-08-11 11:05:00+00:00,608.51,608.54,608.15,608.18,732.56634
2026-08-11 11:06:00+00:00,608.18,608.19,608.04,608.06,187.2598
2026-08-11 11:07:00+00:00,608.06,608.26,608.04,608.14,239.90833
2026-08-11 11:08:00+00:00,608.14,608.36,608.14,608.26,53.3765
2026-08-11 11:09:00+00:00,608.26,608.26,607.86,607.86,0.39417
2026-08-11 11:10:00+00:00,607.86,608.36,607.83,608.36,150.28338
2026-08-11 11:11:00+00:00,608.36,608.36,608.14,608.26,44.58081
2026-08-11 11:12:00+00:00,608.26,608.56,608.13,608.55,0.36387
2026-08-11 11:13:00+00:00,608.55,608.55,607.4,607.46,479.2552
2026-08-11 11:14:00+00:00,607.46,607.56,607.13,607.16,195.790955149639482435
2026-08-11 11:15:00+00:00,607.16,607.26,606.79,606.98,322.060007184302871546
2026-08-11 11:16:00+00:00,606.98,607.51,606.94,607.36,134.41956
2026-08-11 11:17:00+00:00,607.36,607.59,607.34,607.54,150.48088
2026-08-11 11:18:00+00:00,607.54,607.54,607.34,607.44,0.52631
2026-08-11 11:19:00+00:00,607.44,607.45,607.24,607.36,53.39534
2026-08-11 11:20:00+00:00,607.36,607.66,607.36,607.66,53.24369
2026-08-11 11:21:00+00:00,607.66,607.76,607.44,607.55,1.138308897961904444
2026-08-11 11:22:00+00:00,607.55,607.66,607.44,607.56,0.35958
2026-08-11 11:23:00+00:00,607.56,607.73,607.34,607.65,97.54857
2026-08-11 11:24:00+00:00,607.65,607.86,607.55,607.85,97.35721
2026-08-11 11:25:00+00:00,607.85,608.06,607.84,607.94,134.01403
2026-08-11 11:26:00+00:00,607.94,608.26,607.94,608.25,55.095848206991811096
2026-08-11 11:27:00+00:00,608.25,608.26,608.14,608.16,0.3055
2026-08-11 11:28:00+00:00,608.16,608.26,607.84,607.84,54.346553985793212312
2026-08-11 11:29:00+00:00,607.84,607.88,607.74,607.74,53.28802
2026-08-11 11:30:00+00:00,607.74,607.74,607.34,607.39,0.34615
2026-08-11 11:31:00+00:00,607.39,607.56,607.34,607.37,97.60579
2026-08-11 11:32:00+00:00,607.37,607.66,607.37,607.66,0.32643
2026-08-11 11:33:00+00:00,607.66,607.74,607.44,607.73,0.41133
2026-08-11 11:34:00+00:00,607.73,607.76,607.66,607.74,0.22527
2026-08-11 11:35:00+00:00,607.74,607.96,607.74,607.95,1374.963011369939629221
2026-08-11 11:36:00+00:00,607.95,608.16,607.9,608.14,127.673578630060370779
2026-08-11 11:37:00+00:00,608.14,608.22,608.04,608.16,0.38268
2026-08-11 11:38:00+00:00,608.16,608.26,608.14,608.24,0.39045
2026-08-11 11:39:00+00:00,608.24,608.26,607.95,608.09,0.34938
2026-08-11 11:40:00+00:00,608.09,608.16,607.94,607.94,0.35533
2026-08-11 11:41:00+00:00,607.94,608.36,607.94,608.18,97.26229
2026-08-11 11:42:00+00:00,608.18,608.35,608.11,608.11,0.29177
2026-08-11 11:43:00+00:00,608.11,608.15,607.95,607.95,0.40217
2026-08-11 11:44:00+00:00,607.95,608.26,607.94,608.14,97.25805
2026-08-11 11:45:00+00:00,608.14,608.26,607.94,607.96,53.42667
2026-08-11 11:46:00+00:00,607.96,608.06,607.94,607.95,0.93206757936638484
2026-08-11 11:47:00+00:00,607.95,608.16,607.95,608.12,0.30937
2026-08-11 11:48:00+00:00,608.12,608.26,608.12,608.24,0.27023
2026-08-11 11:49:00+00:00,608.24,608.34,608.23,608.26,53.2357
2026-08-11 11:50:00+00:00,608.26,608.38,608.24,608.34,0.38682
2026-08-11 11:51:00+00:00,608.34,608.46,608.34,608.36,1.642149697685966394
2026-08-11 11:52:00+00:00,608.36,608.46,608.24,608.46,7.980238325660923319
2026-08-11 11:53:00+00:00,608.46,608.46,608.34,608.34,0.3024
2026-08-11 11:54:00+00:00,608.34,608.46,608.24,608.35,0.33521
2026-08-11 11:55:00+00:00,608.35,608.56,608.24,608.52,106.02811
2026-08-11 11:56:00+00:00,608.52,608.56,608.34,608.41,0.32387
2026-08-11 11:57:00+00:00,608.41,608.56,608.41,608.56,0.29794
2026-08-11 11:58:00+00:00,608.56,608.78,608.48,608.78,44.51516
2026-08-11 11:59:00+00:00,608.78,608.86,608.74,608.76,0.43509
2026-08-11 12:00:00+00:00,608.76,609.09,608.74,608.92,278.386856992896606156
2026-08-11 12:01:00+00:00,608.92,609.06,608.84,608.94,0.855318588881899149
2026-08-11 12:02:00+00:00,608.94,609.16,608.94,609.03,0.3626
2026-08-11 12:03:00+00:00,609.03,609.26,609.03,609.26,0.31829
2026-08-11 12:04:00+00:00,609.26,609.43,609.03,609.14,61.713449124333544154
2026-08-11 12:05:00+00:00,609.14,611.11,608.87,611.11,2495.158836945521660326
2026-08-11 12:06:00+00:00,611.11,611.21,610,610.15,151.643459105476721589
2026-08-11 12:07:00+00:00,610.15,610.63,610.14,610.56,254.91004
2026-08-11 12:08:00+00:00,610.56,613,610.56,611.86,6687.554751577974358278
2026-08-11 12:09:00+00:00,611.86,611.86,611.49,611.5,193.675829913196930071
2026-08-11 12:10:00+00:00,611.5,612.13,611.5,611.91,149.64708
2026-08-11 12:11:00+00:00,611.91,612.63,611.84,612.63,2446.91088
2026-08-11 12:12:00+00:00,612.63,614,612.63,613.86,9050.674901842783287742
2026-08-11 12:13:00+00:00,613.86,614.55,613.82,613.95,194.042634884304676851
2026-08-11 12:14:00+00:00,613.95,615.4,613.94,614.87,1639.107656905910646179
2026-08-11 12:15:00+00:00,614.87,615.23,614.58,614.98,3033.47216
2026-08-11 12:16:00+00:00,614.98,615.07,613.96,614.17,1130.00083
2026-08-11 12:17:00+00:00,614.17,614.17,613.16,613.17,598.768
2026-08-11 12:18:00+00:00,613.17,613.19,612.6,612.96,1081.01742
2026-08-11 12:19:00+00:00,612.96,613,612.43,612.5,742.63797
2026-08-11 12:20:00+00:00,612.5,614.05,612.41,613.85,6388.461917553486302798
2026-08-11 12:21:00+00:00,613.85,614.62,613.85,614.62,4750.175453156635315232
2026-08-11 12:22:00+00:00,614.62,614.66,614.17,614.26,4568.29313
2026-08-11 12:23:00+00:00,614.26,614.31,613.64,614.03,659.75016
2026-08-11 12:24:00+00:00,614.03,614.03,613.32,613.66,2384.10526
2026-08-11 12:25:00+00:00,613.66,614.02,613.13,613.55,541.58707
2026-08-11 12:26:00+00:00,613.55,613.56,612.22,612.92,611.13552
2026-08-11 12:27:00+00:00,612.92,613.46,612.92,613.45,80.67154
2026-08-11 12:28:00+00:00,613.45,613.46,612.99,613.06,0.53815
2026-08-11 12:29:00+00:00,613.06,613.36,613.05,613.24,105.37938
2026-08-11 12:30:00+00:00,613.24,613.79,612.29,612.43,1143.26868
2026-08-11 12:31:00+00:00,612.43,613.26,612.43,613.22,1133.84998
2026-08-11 12:32:00+00:00,613.22,613.22,612.64,612.96,192.93089
2026-08-11 12:33:00+00:00,612.96,613.06,612.94,612.96,0.4431
2026-08-11 12:34:00+00:00,612.96,613.29,612.96,613.29,675.81216
2026-08-11 12:35:00+00:00,613.29,613.46,612.95,612.95,1660.07366
2026-08-11 12:36:00+00:00,612.95,613.33,612.57,613.33,1764.67923
2026-08-11 12:37:00+00:00,613.33,613.35,612.64,613.05,1207.719556029409288079
2026-08-11 12:38:00+00:00,613.05,613.33,613.05,613.21,564.60343
2026-08-11 12:39:00+00:00,613.21,613.32,612.97,613.03,0.45423
2026-08-11 12:40:00+00:00,613.03,613.15,612.84,612.9,507.96654
2026-08-11 12:41:00+00:00,612.9,612.9,612.74,612.76,0.30497
2026-08-11 12:42:00+00:00,612.76,613.16,612.76,613.15,96.56564
2026-08-11 12:43:00+00:00,613.15,613.16,612.84,612.84,402.89884
2026-08-11 12:44:00+00:00,612.84,613.23,612.84,613.05,96.63871
2026-08-11 12:45:00+00:00,613.05,613.36,613.04,613.26,97.387605352629433346
2026-08-11 12:46:00+00:00,613.26,613.45,613.04,613.3,185.64127
2026-08-11 12:47:00+00:00,613.3,613.36,613.02,613.33,1489.14689
2026-08-11 12:48:00+00:00,613.33,613.34,613.07,613.32,621.93437
2026-08-11 12:49:00+00:00,613.32,613.33,613.14,613.14,52.87869
2026-08-11 12:50:00+00:00,613.14,613.46,613.14,613.45,194.02336
2026-08-11 12:51:00+00:00,613.45,613.63,613.45,613.63,494.1486
2026-08-11 12:52:00+00:00,613.63,613.74,613.44,613.47,1128.9566
2026-08-11 12:53:00+00:00,613.47,613.66,613.34,613.34,96.58134
2026-08-11 12:54:00+00:00,613.34,613.35,612.97,613.04,335.007928904529662191
2026-08-11 12:55:00+00:00,613.04,613.36,613.04,613.24,97.397355352629433346
2026-08-11 12:56:00+00:00,613.24,613.63,613.15,613.55,157.85585
2026-08-11 12:57:00+00:00,613.55,613.59,613.17,613.2,858.88352
2026-08-11 12:58:00+00:00,613.2,613.26,613.05,613.14,52.96729
2026-08-11 12:59:00+00:00,613.14,613.18,612.57,612.57,332.2258
2026-08-11 13:00:00+00:00,612.57,612.76,612.54,612.64,1016.31365
2026-08-11 13:01:00+00:00,612.64,613.26,612.58,613.2,576.62212
2026-08-11 13:02:00+00:00,613.2,613.46,613.04,613.45,494.5673
2026-08-11 13:03:00+00:00,613.45,613.45,612.83,612.97,670.90858
2026-08-11 13:04:00+00:00,612.97,613.36,612.77,613.14,462.88383
2026-08-11 13:05:00+00:00,613.14,613.26,612.73,612.73,185.59268
2026-08-11 13:06:00+00:00,612.73,612.95,612.73,612.94,237.99118
2026-08-11 13:07:00+00:00,612.94,612.96,612.76,612.83,0.44117
2026-08-11 13:08:00+00:00,612.83,613.47,612.74,613.47,334.24892
2026-08-11 13:09:00+00:00,613.47,613.63,613.47,613.63,110.82977
2026-08-11 13:10:00+00:00,613.63,613.99,613.63,613.84,1868.635620938350471782
2026-08-11 13:11:00+00:00,613.84,613.84,613.08,613.1,185.52872
2026-08-11 13:12:00+00:00,613.1,613.66,613.1,613.65,229.1474
2026-08-11 13:13:00+00:00,613.65,613.65,613.14,613.26,229.08319
2026-08-11 13:14:00+00:00,613.26,613.43,613.04,613.28,316.61935
2026-08-11 13:15:00+00:00,613.28,613.28,613.14,613.14,0.36378
2026-08-11 13:16:00+00:00,613.14,613.36,613.04,613.04,0.47905
2026-08-11 13:17:00+00:00,613.04,613.16,612.84,612.84,149.09425
2026-08-11 13:18:00+00:00,612.84,612.98,612.68,612.82,96.60058
2026-08-11 13:19:00+00:00,612.82,613.06,612.75,612.78,203.027680339425587467
2026-08-11 13:20:00+00:00,612.78,613.04,612.57,612.82,1530.423313257157781332
2026-08-11 13:21:00+00:00,612.82,613.03,612.64,613.03,376.844969660574412533
2026-08-11 13:22:00+00:00,613.03,613.03,612.74,612.79,52.92382
2026-08-11 13:23:00+00:00,612.79,612.79,612.34,612.52,1106.77517
2026-08-11 13:24:00+00:00,612.52,612.52,612.44,612.52,0.35229
2026-08-11 13:25:00+00:00,612.52,612.66,612.33,612.65,577.87373
2026-08-11 13:26:00+00:00,612.65,612.66,612.29,612.34,193.06966
2026-08-11 13:27:00+00:00,612.34,612.56,612.34,612.34,0.47118
2026-08-11 13:28:00+00:00,612.34,612.66,612.34,612.65,201.68535
2026-08-11 13:29:00+00:00,612.65,612.66,612.55,612.66,0.41835
2026-08-11 13:30:00+00:00,612.66,612.66,612.54,612.66,0.31834
2026-08-11 13:31:00+00:00,612.66,612.66,612.04,612.07,160.83952
2026-08-11 13:32:00+00:00,612.07,612.46,612.06,612.28,1027.958169694257529234
2026-08-11 13:33:00+00:00,612.28,612.36,611.91,611.94,149.43552
2026-08-11 13:34:00+00:00,611.94,611.96,610.54,611.33,7646.763308204695293614
2026-08-11 13:35:00+00:00,611.33,611.33,610.69,610.76,584.14401
2026-08-11 13:36:00+00:00,610.76,610.96,610.44,610.87,1030.121126329233650184
2026-08-11 13:37:00+00:00,610.87,611.82,610.75,611.82,3511.74006
2026-08-11 13:38:00+00:00,611.82,611.82,611.15,611.25,1833.68762
2026-08-11 13:39:00+00:00,611.25,611.43,610.99,611.43,528.47529
2026-08-11 13:40:00+00:00,611.43,612.6,611.39,612.59,8537.9145
2026-08-11 13:41:00+00:00,612.59,612.66,611.3,611.37,1469.369813922259914547
2026-08-11 13:42:00+00:00,611.37,613.4,611.37,612.6,610.482981400532104093
2026-08-11 13:43:00+00:00,612.6,612.6,612.27,612.27,1717.2354
2026-08-11 13:44:00+00:00,612.27,612.36,612.04,612.04,52.9297
2026-08-11 13:45:00+00:00,612.04,612.16,611.61,611.75,170.450247845129517852
2026-08-11 13:46:00+00:00,611.75,611.96,611.35,611.96,83.67271
2026-08-11 13:47:00+00:00,611.96,612.26,611.94,612.09,266.191505279430028106
2026-08-11 13:48:00+00:00,612.09,612.16,611.94,612.15,146.43236
2026-08-11 13:49:00+00:00,612.15,612.39,611.94,612.32,96.86043
2026-08-11 13:50:00+00:00,612.32,612.33,611.67,611.67,800.95218
2026-08-11 13:51:00+00:00,611.67,611.71,611.24,611.27,133.759685698170582176
2026-08-11 13:52:00+00:00,611.27,611.69,611.25,611.56,242.160664301829417824
2026-08-11 13:53:00+00:00,611.56,611.83,611.56,611.74,289.8408
2026-08-11 13:54:00+00:00,611.74,611.93,611.24,611.39,355.84659
2026-08-11 13:55:00+00:00,611.39,611.58,611.39,611.56,0.30383
2026-08-11 13:56:00+00:00,611.56,612.3,611.5,612.3,1621.231159500342454583
2026-08-11 13:57:00+00:00,612.3,612.56,612.21,612.56,1752.31704
2026-08-11 13:58:00+00:00,612.56,612.56,611.94,611.95,185.88909
2026-08-11 13:59:00+00:00,611.95,612.33,611.95,612.17,385.71941
2026-08-11 14:00:00+00:00,612.17,612.17,611.49,611.75,499.67551
2026-08-11 14:01:00+00:00,611.75,611.77,611.42,611.42,691.49513
2026-08-11 14:02:00+00:00,611.42,611.42,611.11,611.14,6098.10474
2026-08-11 14:03:00+00:00,611.14,611.47,611.14,611.47,1065.33507
2026-08-11 14:04:00+00:00,611.47,611.63,611.46,611.63,0.31682
2026-08-11 14:05:00+00:00,611.63,611.63,611.35,611.41,517.99811
2026-08-11 14:06:00+00:00,611.41,611.42,611.05,611.05,0.3537
2026-08-11 14:07:00+00:00,611.05,611.38,610.82,611.01,1634.486331511565093552
2026-08-11 14:08:00+00:00,611.01,611.29,610.88,611.27,3676.28763
2026-08-11 14:09:00+00:00,611.27,611.42,611.24,611.24,96.96905
2026-08-11 14:10:00+00:00,611.24,611.29,611.07,611.29,44.23165
2026-08-11 14:11:00+00:00,611.29,611.29,611.06,611.23,37.03107
2026-08-11 14:12:00+00:00,611.23,611.73,610.87,611.73,4727.72225
2026-08-11 14:13:00+00:00,611.73,611.91,611.29,611.91,110.06302
2026-08-11 14:14:00+00:00,611.91,611.91,611.57,611.63,89.46709
2026-08-11 14:15:00+00:00,611.63,611.86,611.61,611.81,478.01053
2026-08-11 14:16:00+00:00,611.81,612.06,611.81,612.03,245.93825
2026-08-11 14:17:00+00:00,612.03,612.06,611.67,611.68,447.67534
2026-08-11 14:18:00+00:00,611.68,611.7,611.33,611.67,517.61819
2026-08-11 14:19:00+00:00,611.67,611.67,611.35,611.38,53.25341
2026-08-11 14:20:00+00:00,611.38,611.66,611.34,611.56,991.74307
2026-08-11 14:21:00+00:00,611.56,611.66,611.34,611.43,158.26493
2026-08-11 14:22:00+00:00,611.43,611.46,611.04,611.15,2.422774760697046551
2026-08-11 14:23:00+00:00,611.15,611.26,610.87,611.03,2109.029095239302953449
2026-08-11 14:24:00+00:00,611.03,611.24,610.49,610.54,1854.597134760697046551
2026-08-11 14:25:00+00:00,610.54,610.93,610.2,610.81,3617.931945239302953449
2026-08-11 14:26:00+00:00,610.81,611.19,610.63,610.87,120.23353
2026-08-11 14:27:00+00:00,610.87,610.89,610.21,610.35,267.00628
2026-08-11 14:28:00+00:00,610.35,610.77,610.17,610.74,395.99989
2026-08-11 14:29:00+00:00,610.74,610.96,610.74,610.95,30.77502
2026-08-11 14:30:00+00:00,610.95,610.95,610.73,610.8,0.44476
2026-08-11 14:31:00+00:00,610.8,610.96,610.73,610.76,0.4033
2026-08-11 14:32:00+00:00,610.76,610.9,610.73,610.86,404.39861
2026-08-11 14:33:00+00:00,610.86,610.86,610.73,610.86,2.423030020630710285
2026-08-11 14:34:00+00:00,610.86,610.86,610.74,610.85,0.3603
2026-08-11 14:35:00+00:00,610.85,611.23,610.85,611.07,3709.79353
2026-08-11 14:36:00+00:00,611.07,611.16,610.94,610.95,527.33029
2026-08-11 14:37:00+00:00,610.95,610.99,610.76,610.95,1001.56002
2026-08-11 14:38:00+00:00,610.95,610.96,610.09,610.45,0.47011
2026-08-11 14:39:00+00:00,610.45,610.66,610.35,610.66,760.86908
2026-08-11 14:40:00+00:00,610.66,610.66,610.06,610.11,760.84064
2026-08-11 14:41:00+00:00,610.11,610.93,610.11,610.91,1617.79223
2026-08-11 14:42:00+00:00,610.91,611.01,610.89,611.01,0.4469
2026-08-11 14:43:00+00:00,611.01,611.43,611,611.2,4765.73811
2026-08-11 14:44:00+00:00,611.2,611.26,611.04,611.26,0.39315
2026-08-11 14:45:00+00:00,611.26,611.46,611.25,611.43,149.53636
2026-08-11 14:46:00+00:00,611.43,611.79,611.43,611.68,333.27968
2026-08-11 14:47:00+00:00,611.68,611.71,611.38,611.39,2328.47802
2026-08-11 14:48:00+00:00,611.39,611.4,611.37,611.39,0.20422
2026-08-11 14:49:00+00:00,611.39,611.4,611.13,611.14,73.46206
2026-08-11 14:50:00+00:00,611.14,611.14,609.3,610.32,2005.99741
2026-08-11 14:51:00+00:00,610.32,610.55,610.15,610.29,159.559348102719435475
2026-08-11 14:52:00+00:00,610.29,610.3,609.5,609.91,1912.3166
2026-08-11 14:53:00+00:00,609.91,609.92,609.2,609.37,5722.53093
2026-08-11 14:54:00+00:00,609.37,609.37,609.04,609.22,1473.435810998965738019
2026-08-11 14:55:00+00:00,609.22,609.22,608.79,608.85,311.313485767904639936
2026-08-11 14:56:00+00:00,608.85,608.85,607.1,607.77,2747.114264181011852873
2026-08-11 14:57:00+00:00,607.77,607.78,606.96,607.1,2355.083528518173280199
2026-08-11 14:58:00+00:00,607.1,607.44,606.8,607.34,898.772931543049194373
2026-08-11 14:59:00+00:00,607.34,607.96,607.24,607.96,388.55444
2026-08-11 15:00:00+00:00,607.96,608.13,607.33,607.52,937.384118325660923319
2026-08-11 15:01:00+00:00,607.52,607.73,606.5,607.73,353.47085
2026-08-11 15:02:00+00:00,607.73,608.42,607.7,608.42,1406.6159
2026-08-11 15:03:00+00:00,608.42,608.83,608.42,608.47,2609.22289
2026-08-11 15:04:00+00:00,608.47,608.67,608.27,608.54,150.47653
2026-08-11 15:05:00+00:00,608.54,608.86,608.54,608.86,97.37548
2026-08-11 15:06:00+00:00,608.86,608.86,607.98,608.32,194.50807
2026-08-11 15:07:00+00:00,608.32,608.93,608.32,608.71,741.03629
2026-08-11 15:08:00+00:00,608.71,608.71,608.67,608.68,0.52206
2026-08-11 15:09:00+00:00,608.68,608.86,608.64,608.84,925.63022
2026-08-11 15:10:00+00:00,608.84,608.88,608.34,608.34,186.99039
2026-08-11 15:11:00+00:00,608.34,608.37,607.79,607.79,714.38222
2026-08-11 15:12:00+00:00,607.79,608.32,607.79,608.28,1365.94305
2026-08-11 15:13:00+00:00,608.28,608.61,608.27,608.38,910.32495
2026-08-11 15:14:00+00:00,608.38,608.56,608.22,608.34,1356.20419
2026-08-11 15:15:00+00:00,608.34,608.46,608.13,608.38,362.38872
2026-08-11 15:16:00+00:00,608.38,608.56,608.36,608.36,186.76435467244860803
2026-08-11 15:17:00+00:00,608.36,608.41,608.04,608.16,97.48807
2026-08-11 15:18:00+00:00,608.16,608.31,607.98,608.13,353.42842
2026-08-11 15:19:00+00:00,608.13,609,608.04,608.98,322.94995
2026-08-11 15:20:00+00:00,608.98,608.99,608.62,608.85,106.21808
2026-08-11 15:21:00+00:00,608.85,609.18,608.82,609.17,1752.086525911330049261
2026-08-11 15:22:00+00:00,609.17,609.92,609.17,609.86,6879.58324
2026-08-11 15:23:00+00:00,609.86,609.86,609.34,609.34,97.702190691949434464
2026-08-11 15:24:00+00:00,609.34,609.34,609.24,609.25,0.51996
2026-08-11 15:25:00+00:00,609.25,609.65,609.25,609.59,1547.6547
2026-08-11 15:26:00+00:00,609.59,609.65,609.24,609.47,1397.97561
2026-08-11 15:27:00+00:00,609.47,609.6,609.24,609.59,202.89345
2026-08-11 15:28:00+00:00,609.59,609.64,609.34,609.64,555.2771
2026-08-11 15:29:00+00:00,609.64,609.66,609.61,609.66,0.35237
2026-08-11 15:30:00+00:00,609.66,609.66,609.38,609.38,97.27616
2026-08-11 15:31:00+00:00,609.38,609.46,609.34,609.46,0.36469
2026-08-11 15:32:00+00:00,609.46,609.46,609.14,609.18,97.19832
2026-08-11 15:33:00+00:00,609.18,609.43,609.13,609.13,0.31959
2026-08-11 15:34:00+00:00,609.13,609.15,608.27,608.38,437.48626
2026-08-11 15:35:00+00:00,608.38,608.61,608.27,608.29,53.32796
2026-08-11 15:36:00+00:00,608.29,608.29,606.5,606.92,5186.490871588056763185
2026-08-11 15:37:00+00:00,606.92,606.92,606.01,606.46,9150.983754537932688843
2026-08-11 15:38:00+00:00,606.46,606.46,606.19,606.29,257.47617
2026-08-11 15:39:00+00:00,606.29,606.36,605.4,606.34,3.485087592387514786
2026-08-11 15:40:00+00:00,606.34,606.83,606.34,606.78,1618.478929061649528218
2026-08-11 15:41:00+00:00,606.78,606.8,606.17,606.34,97.764680216415940881
2026-08-11 15:42:00+00:00,606.34,606.74,605.97,606.7,908.35751811395410182
2026-08-11 15:43:00+00:00,606.7,606.86,606.59,606.86,134.61571
2026-08-11 15:44:00+00:00,606.86,607.49,606.85,607.49,1734.5181
2026-08-11 15:45:00+00:00,607.49,607.66,607.34,607.48,88.75186
2026-08-11 15:46:00+00:00,607.48,607.8,607.34,607.78,690.72504
2026-08-11 15:47:00+00:00,607.78,607.83,607.57,607.62,44.59772
2026-08-11 15:48:00+00:00,607.62,607.65,607.47,607.47,0.43194
2026-08-11 15:49:00+00:00,607.47,607.47,606.8,607.13,100.808002945897397867
2026-08-11 15:50:00+00:00,607.13,607.4,607.13,607.4,37.34295
2026-08-11 15:51:00+00:00,607.4,607.4,606.54,606.6,1212.170417054102602133
2026-08-11 15:52:00+00:00,606.6,606.83,606.6,606.64,1202.901042945897397867
2026-08-11 15:53:00+00:00,606.64,607.13,606.64,607.13,1724.37343
2026-08-11 15:54:00+00:00,607.13,607.31,606.94,607.31,294.44541
2026-08-11 15:55:00+00:00,607.31,607.66,607.16,607.66,1302.11881
2026-08-11 15:56:00+00:00,607.66,608,607.65,607.94,1552.52932
2026-08-11 15:57:00+00:00,607.94,608.09,607.94,608.08,2192.60151
2026-08-11 15:58:00+00:00,608.08,608.39,607.94,608.38,83.79781
2026-08-11 15:59:00+00:00,608.38,608.86,608.38,608.76,342.7314
2026-08-11 16:00:00+00:00,608.76,608.76,608.14,608.24,217.59248
2026-08-11 16:01:00+00:00,608.24,609.21,608.24,609.2,606.98562
2026-08-11 16:02:00+00:00,609.2,609.32,608.94,609.29,976.91667
2026-08-11 16:03:00+00:00,609.29,609.44,609.14,609.27,2338.88032
2026-08-11 16:04:00+00:00,609.27,609.8,609.27,609.63,444.18252
2026-08-11 16:05:00+00:00,609.63,609.8,609.63,609.78,97.45711
2026-08-11 16:06:00+00:00,609.78,609.96,609.5,609.96,53.14141
2026-08-11 16:07:00+00:00,609.96,609.96,608.99,608.99,626.41201
2026-08-11 16:08:00+00:00,608.99,609.42,608.95,609.42,532.23492
2026-08-11 16:09:00+00:00,609.42,609.97,609.39,609.97,565.63974
2026-08-11 16:10:00+00:00,609.97,610.2,609.84,609.84,3095.65871
2026-08-11 16:11:00+00:00,609.84,609.85,609.54,609.58,53.39102
2026-08-11 16:12:00+00:00,609.58,609.58,609.44,609.46,669.38146
2026-08-11 16:13:00+00:00,609.46,609.58,609.35,609.37,37.10505
2026-08-11 16:14:00+00:00,609.37,609.58,609.27,609.52,133.77994
2026-08-11 16:15:00+00:00,609.52,609.76,609.48,609.53,558.64537
2026-08-11 16:16:00+00:00,609.53,609.74,609.44,609.61,469.38369
2026-08-11 16:17:00+00:00,609.61,609.66,609.34,609.66,299.57982
2026-08-11 16:18:00+00:00,609.66,610.03,609.57,610.01,580.48583
2026-08-11 16:19:00+00:00,610.01,610.16,609.96,610.15,797.35248
2026-08-11 16:20:00+00:00,610.15,610.19,609.95,610.04,1699.94228
2026-08-11 16:21:00+00:00,610.04,610.36,609.93,610.31,312.599394697217675941
2026-08-11 16:22:00+00:00,610.31,610.53,609.97,610.21,926.754869909229284941
2026-08-11 16:23:00+00:00,610.21,610.26,610.21,610.25,0.48239
2026-08-11 16:24:00+00:00,610.25,610.4,610.24,610.4,1195.65078
2026-08-11 16:25:00+00:00,610.4,610.43,610.24,610.42,0.43236
2026-08-11 16:26:00+00:00,610.42,610.43,610.29,610.29,0.29721
2026-08-11 16:27:00+00:00,610.29,610.36,610.24,610.36,0.44921
2026-08-11 16:28:00+00:00,610.36,610.6,610.21,610.36,609.47866
2026-08-11 16:29:00+00:00,610.36,610.46,610.24,610.24,0.4517
2026-08-11 16:30:00+00:00,610.24,610.45,610.15,610.45,395.69176
2026-08-11 16:31:00+00:00,610.45,610.63,610.44,610.56,124.83783
2026-08-11 16:32:00+00:00,610.56,610.56,609.87,609.9,741.77312
2026-08-11 16:33:00+00:00,609.9,610.05,609.89,609.94,38.290418509787206137
2026-08-11 16:34:00+00:00,609.94,609.98,609.54,609.82,441.690621490212793863
2026-08-11 16:35:00+00:00,609.82,610.06,609.74,609.85,158.93876
2026-08-11 16:36:00+00:00,609.85,610.23,609.74,610.23,97.15495
2026-08-11 16:37:00+00:00,610.23,610.53,610.14,610.45,366.37742
2026-08-11 16:38:00+00:00,610.45,610.53,610.44,610.45,0.391
2026-08-11 16:39:00+00:00,610.45,610.5,610.17,610.19,97.05466
2026-08-11 16:40:00+00:00,610.19,610.36,610.17,610.36,791.044148985989412326
2026-08-11 16:41:00+00:00,610.36,610.46,610.34,610.46,0.54136
2026-08-11 16:42:00+00:00,610.46,610.46,610.22,610.22,97.0838
2026-08-11 16:43:00+00:00,610.22,610.23,610.04,610.04,510.84337
2026-08-11 16:44:00+00:00,610.04,610.05,609.77,609.78,233.21243
2026-08-11 16:45:00+00:00,609.78,609.96,609.64,609.66,170.6272
2026-08-11 16:46:00+00:00,609.66,609.66,609.55,609.66,0.4149
2026-08-11 16:47:00+00:00,609.66,609.76,609.48,609.75,106.09481
2026-08-11 16:48:00+00:00,609.75,609.93,609.75,609.86,1020.92164
2026-08-11 16:49:00+00:00,609.86,610.21,609.84,610.21,4.626844754098360655
2026-08-11 16:50:00+00:00,610.21,610.31,609.94,610.06,159.079972758903734715
2026-08-11 16:51:00+00:00,610.06,610.35,610.04,610.04,185.16279
2026-08-11 16:52:00+00:00,610.04,610.08,609.76,609.76,546.53254248699790463
2026-08-11 16:53:00+00:00,609.76,610.13,609.75,609.88,97.12185
2026-08-11 16:54:00+00:00,609.88,610.16,609.86,609.98,413.77344
2026-08-11 16:55:00+00:00,609.98,610.03,609.96,610.03,0.49971
2026-08-11 16:56:00+00:00,610.03,610.14,609.84,609.87,4.036221511565093552
2026-08-11 16:57:00+00:00,609.87,609.89,609.74,609.86,0.32681
2026-08-11 16:58:00+00:00,609.86,609.96,609.81,609.84,0.33931
2026-08-11 16:59:00+00:00,609.84,610.23,609.74,609.96,419.276763007245188997
2026-08-11 17:00:00+00:00,609.96,610.06,609.85,610.06,0.40285
2026-08-11 17:01:00+00:00,610.06,610.33,609.84,609.96,0.27431
2026-08-11 17:02:00+00:00,609.96,610.06,609.88,609.94,0.4699
2026-08-11 17:03:00+00:00,609.94,610.36,609.94,610.36,52.96169
2026-08-11 17:04:00+00:00,610.36,610.36,610.12,610.33,53.06671
2026-08-11 17:05:00+00:00,610.33,610.45,610.04,610.2,423.80635
2026-08-11 17:06:00+00:00,610.2,610.2,609.66,610.15,844.73769
2026-08-11 17:07:00+00:00,610.15,610.33,610.15,610.24,285.435249782262545454
2026-08-11 17:08:00+00:00,610.24,610.46,610.24,610.33,0.33079
2026-08-11 17:09:00+00:00,610.33,610.46,610.26,610.43,0.762879311531277648
2026-08-11 17:10:00+00:00,610.43,610.46,610.34,610.46,0.683408540115424088
2026-08-11 17:11:00+00:00,610.46,610.55,610.34,610.46,0.39206
2026-08-11 17:12:00+00:00,610.46,610.76,610.41,610.75,493.82651
2026-08-11 17:13:00+00:00,610.75,610.93,610.54,610.54,1446.780444045690322675
2026-08-11 17:14:00+00:00,610.54,610.56,610.24,610.46,2.609126097268287804
2026-08-11 17:15:00+00:00,610.46,610.46,610.34,610.45,0.27025
2026-08-11 17:16:00+00:00,610.45,610.46,610.35,610.37,0.405345050870783295
2026-08-11 17:17:00+00:00,610.37,610.56,610.37,610.45,0.482697984635796301
2026-08-11 17:18:00+00:00,610.45,610.56,610.14,610.17,97.01066
2026-08-11 17:19:00+00:00,610.17,610.66,610.17,610.28,327.18282
2026-08-11 17:20:00+00:00,610.28,610.28,610.19,610.28,0.32745
2026-08-11 17:21:00+00:00,610.28,610.28,610.04,610.15,4.318923064214338059
2026-08-11 17:22:00+00:00,610.15,610.26,610.14,610.26,4.005907596492665737
2026-08-11 17:23:00+00:00,610.26,610.66,610.24,610.65,307.76877
2026-08-11 17:24:00+00:00,610.65,610.66,610.63,610.66,0.29921
2026-08-11 17:25:00+00:00,610.66,610.66,610.64,610.66,0.28159
2026-08-11 17:26:00+00:00,610.66,610.66,610.44,610.46,97.03741
2026-08-11 17:27:00+00:00,610.46,610.46,610.28,610.3,1135.7292
2026-08-11 17:28:00+00:00,610.3,610.3,610.17,610.23,0.39824
2026-08-11 17:29:00+00:00,610.23,610.46,610.14,610.46,202.60373
2026-08-11 17:30:00+00:00,610.46,610.63,610.17,610.26,1074.864021388260348728
2026-08-11 17:31:00+00:00,610.26,610.27,610.17,610.26,0.34983
2026-08-11 17:32:00+00:00,610.26,610.28,610.17,610.28,0.26276
2026-08-11 17:33:00+00:00,610.28,610.42,610.18,610.42,0.41721
2026-08-11 17:34:00+00:00,610.42,610.42,610.09,610.13,388.75216
2026-08-11 17:35:00+00:00,610.13,610.39,610.11,610.38,370.96532
2026-08-11 17:36:00+00:00,610.38,610.39,610.24,610.35,0.36823
2026-08-11 17:37:00+00:00,610.35,610.36,610.26,610.28,0.19509
2026-08-11 17:38:00+00:00,610.28,610.36,609.97,610.04,97.09234
2026-08-11 17:39:00+00:00,610.04,610.16,609.94,610.04,99.426317741538965828
2026-08-11 17:40:00+00:00,610.04,610.16,610.04,610.04,0.31337
2026-08-11 17:41:00+00:00,610.04,610.36,610.04,610.24,96.97411
2026-08-11 17:42:00+00:00,610.24,610.36,610.24,610.25,0.28019
2026-08-11 17:43:00+00:00,610.25,610.45,610.25,610.44,0.33944
2026-08-11 17:44:00+00:00,610.44,610.46,610.34,610.46,1.129819189632008388
2026-08-11 17:45:00+00:00,610.46,610.46,610.29,610.34,0.33949
2026-08-11 17:46:00+00:00,610.34,610.66,610.34,610.62,53.10579
2026-08-11 17:47:00+00:00,610.62,610.62,610.26,610.31,97.08449
2026-08-11 17:48:00+00:00,610.31,610.46,610.31,610.45,149.68661
2026-08-11 17:49:00+00:00,610.45,610.46,610.39,610.39,0.27312
2026-08-11 17:50:00+00:00,610.39,610.51,610.39,610.51,0.28178
2026-08-11 17:51:00+00:00,610.51,610.56,610.5,610.53,0.21454
2026-08-11 17:52:00+00:00,610.53,610.66,610.31,610.5,0.38843
2026-08-11 17:53:00+00:00,610.5,610.56,610.17,610.44,0.34887
2026-08-11 17:54:00+00:00,610.44,610.56,610.44,610.55,0.34459
2026-08-11 17:55:00+00:00,610.55,610.8,610.55,610.79,96.68326
2026-08-11 17:56:00+00:00,610.79,610.86,610.73,610.73,0.46691
2026-08-11 17:57:00+00:00,610.73,610.86,610.62,610.7,0.4308
2026-08-11 17:58:00+00:00,610.7,610.76,610.64,610.7,0.32995
2026-08-11 17:59:00+00:00,610.7,610.76,610.64,610.64,0.998194336551237619
2026-08-11 18:00:00+00:00,610.64,610.76,610.54,610.64,0.29955
2026-08-11 18:01:00+00:00,610.64,610.66,610.54,610.65,0.28226
2026-08-11 18:02:00+00:00,610.65,610.93,610.54,610.92,0.35181
2026-08-11 18:03:00+00:00,610.92,610.92,610.54,610.64,0.22207
2026-08-11 18:04:00+00:00,610.64,610.66,610.58,610.66,0.25952
2026-08-11 18:05:00+00:00,610.66,610.76,610.17,610.44,2.892423363890791983
2026-08-11 18:06:00+00:00,610.44,610.56,610.44,610.48,0.35234
2026-08-11 18:07:00+00:00,610.48,610.5,610.23,610.23,98.741428186426618202
2026-08-11 18:08:00+00:00,610.23,610.31,610.14,610.31,96.83198
2026-08-11 18:09:00+00:00,610.31,610.4,610.07,610.07,0.38382
2026-08-11 18:10:00+00:00,610.07,610.4,610.07,610.24,0.42021
2026-08-11 18:11:00+00:00,610.24,610.4,610.24,610.34,0.2034
2026-08-11 18:12:00+00:00,610.34,610.39,610.04,610.08,193.88956
2026-08-11 18:13:00+00:00,610.08,610.26,610.04,610.26,150.16006
2026-08-11 18:14:00+00:00,610.26,610.3,610.22,610.27,0.2515
2026-08-11 18:15:00+00:00,610.27,610.36,610.24,610.34,0.27603
2026-08-11 18:16:00+00:00,610.34,610.56,610.24,610.53,0.33792
2026-08-11 18:17:00+00:00,610.53,610.56,610.44,610.55,0.28834
2026-08-11 18:18:00+00:00,610.55,610.56,610.44,610.56,0.39254
2026-08-11 18:19:00+00:00,610.56,610.76,610.48,610.71,96.77542
2026-08-11 18:20:00+00:00,610.71,610.92,610.64,610.89,133.51978
2026-08-11 18:21:00+00:00,610.89,611.19,610.89,610.95,1264.298860715006723876
2026-08-11 18:22:00+00:00,610.95,610.95,610.94,610.94,0.18773
2026-08-11 18:23:00+00:00,610.94,610.96,610.84,610.96,0.323926974776160934
2026-08-11 18:24:00+00:00,610.96,610.96,610.54,610.56,149.64155
2026-08-11 18:25:00+00:00,610.56,610.66,610.36,610.36,105.92668
2026-08-11 18:26:00+00:00,610.36,610.54,610.2,610.2,263.96077
2026-08-11 18:27:00+00:00,610.2,610.26,609.63,609.71,250.35857
2026-08-11 18:28:00+00:00,609.71,609.71,609.21,609.21,1075.20836
2026-08-11 18:29:00+00:00,609.21,609.22,608.94,608.95,1085.02277
2026-08-11 18:30:00+00:00,608.95,609.16,608.94,609.08,449.35628
2026-08-11 18:31:00+00:00,609.08,609.43,609.04,609.43,438.70486
2026-08-11 18:32:00+00:00,609.43,609.43,609.18,609.43,902.60339
2026-08-11 18:33:00+00:00,609.43,609.43,608.37,608.97,4974.92243
2026-08-11 18:34:00+00:00,608.97,609.78,608.97,609.75,1443.367958594463002565
2026-08-11 18:35:00+00:00,609.75,609.96,609.59,609.61,1237.479527596492665737
2026-08-11 18:36:00+00:00,609.61,609.76,609.45,609.64,1699.12937
2026-08-11 18:37:00+00:00,609.64,610.03,609.56,609.99,53.2266
2026-08-11 18:38:00+00:00,609.99,609.99,609.7,609.7,492.91173
2026-08-11 18:39:00+00:00,609.7,609.71,609.54,609.69,556.35576
2026-08-11 18:40:00+00:00,609.69,609.7,608.98,608.98,570.639
2026-08-11 18:41:00+00:00,608.98,609.26,608.98,609.26,53.28345
2026-08-11 18:42:00+00:00,609.26,609.36,608.87,609.36,150.21381
2026-08-11 18:43:00+00:00,609.36,609.73,609.31,609.56,150.05595
2026-08-11 18:44:00+00:00,609.56,609.66,609.54,609.56,0.4527
2026-08-11 18:45:00+00:00,609.56,609.76,609.54,609.54,0.37568
2026-08-11 18:46:00+00:00,609.54,609.71,609.54,609.7,0.39381
2026-08-11 18:47:00+00:00,609.7,609.86,609.64,609.82,53.18648
2026-08-11 18:48:00+00:00,609.82,609.98,609.74,609.9,53.09809
2026-08-11 18:49:00+00:00,609.9,610.06,609.86,610.03,0.35813
2026-08-11 18:50:00+00:00,610.03,610.06,609.77,609.96,97.730749746818837727
2026-08-11 18:51:00+00:00,609.96,610.36,609.96,610.35,177.6913
2026-08-11 18:52:00+00:00,610.35,610.36,609.99,609.99,97.1555
2026-08-11 18:53:00+00:00,609.99,609.99,609.84,609.84,53.0727
2026-08-11 18:54:00+00:00,609.84,609.85,609.84,609.85,0.21065
2026-08-11 18:55:00+00:00,609.85,610.06,609.67,609.99,0.29027
2026-08-11 18:56:00+00:00,609.99,610.06,609.84,609.95,0.32239
2026-08-11 18:57:00+00:00,609.95,610.16,609.94,610.16,571.86806
2026-08-11 18:58:00+00:00,610.16,610.53,610.15,610.52,732.91794
2026-08-11 18:59:00+00:00,610.52,610.53,610.34,610.34,1.028947671695084598
2026-08-11 19:00:00+00:00,610.34,610.46,610.34,610.46,0.33474
2026-08-11 19:01:00+00:00,610.46,610.46,610.34,610.45,0.21021
2026-08-11 19:02:00+00:00,610.45,610.45,610.14,610.26,97.03937
2026-08-11 19:03:00+00:00,610.26,610.26,610.14,610.14,0.34939
2026-08-11 19:04:00+00:00,610.14,610.14,609.98,610.04,97.10688
2026-08-11 19:05:00+00:00,610.04,610.06,609.94,610.02,0.33693
2026-08-11 19:06:00+00:00,610.02,610.06,609.93,610.06,0.384835232959465105
2026-08-11 19:07:00+00:00,610.06,610.06,609.94,609.94,0.26517
2026-08-11 19:08:00+00:00,609.94,610.02,609.79,609.79,96.95714
2026-08-11 19:09:00+00:00,609.79,609.8,609.47,609.61,133.85497
2026-08-11 19:10:00+00:00,609.61,609.62,609.58,609.62,0.30025
2026-08-11 19:11:00+00:00,609.62,609.62,609.34,609.39,97.14004
2026-08-11 19:12:00+00:00,609.39,609.66,609.3,609.57,163.812390752825762422
2026-08-11 19:13:00+00:00,609.57,609.57,609.44,609.54,7.347683856655290102
2026-08-11 19:14:00+00:00,609.54,609.76,609.44,609.45,97.439377213308396495
2026-08-11 19:15:00+00:00,609.45,609.66,609.43,609.6,53.14643
2026-08-11 19:16:00+00:00,609.6,609.76,609.58,609.71,1522.77989
2026-08-11 19:17:00+00:00,609.71,609.73,609.58,609.61,0.31796
2026-08-11 19:18:00+00:00,609.61,609.76,609.54,609.74,1.066674336551237619
2026-08-11 19:19:00+00:00,609.74,609.96,609.64,609.96,105.83402
2026-08-11 19:20:00+00:00,609.96,609.96,609.84,609.91,0.10703
2026-08-11 19:21:00+00:00,609.91,610.43,609.88,610.31,267.19084
2026-08-11 19:22:00+00:00,610.31,610.31,610.04,610.13,363.64608
2026-08-11 19:23:00+00:00,610.13,610.13,609.94,609.94,90.00902
2026-08-11 19:24:00+00:00,609.94,610.13,609.94,610.11,89.8504
2026-08-11 19:25:00+00:00,610.11,610.26,610.11,610.25,328.29873
2026-08-11 19:26:00+00:00,610.25,610.35,610.24,610.33,0.24915
2026-08-11 19:27:00+00:00,610.33,610.36,610.24,610.24,0.27992
2026-08-11 19:28:00+00:00,610.24,610.36,610.24,610.32,0.20751
2026-08-11 19:29:00+00:00,610.32,610.46,610.26,610.27,0.32601
2026-08-11 19:30:00+00:00,610.27,610.83,610.27,610.83,230.27608
2026-08-11 19:31:00+00:00,610.83,610.83,610.74,610.74,0.46172
2026-08-11 19:32:00+00:00,610.74,610.83,610.29,610.45,96.97506
2026-08-11 19:33:00+00:00,610.45,610.56,610.34,610.34,0.49087
2026-08-11 19:34:00+00:00,610.34,610.46,610.34,610.46,0.37526
2026-08-11 19:35:00+00:00,610.46,610.46,610.34,610.34,0.3486
2026-08-11 19:36:00+00:00,610.34,610.56,610.34,610.56,0.31115
2026-08-11 19:37:00+00:00,610.56,610.56,610.45,610.46,0.24624
2026-08-11 19:38:00+00:00,610.46,610.76,610.46,610.7,96.85686
2026-08-11 19:39:00+00:00,610.7,610.93,610.69,610.93,450.326687671695084598
2026-08-11 19:40:00+00:00,610.93,610.93,610.9,610.9,0.33362
2026-08-11 19:41:00+00:00,610.9,610.91,610.69,610.82,1091.97367
2026-08-11 19:42:00+00:00,610.82,611.09,610.82,611.09,1021.34896273895708026
2026-08-11 19:43:00+00:00,611.09,611.13,611.04,611.04,0.548831423710984369
2026-08-11 19:44:00+00:00,611.04,611.06,610.94,610.94,0.28142
2026-08-11 19:45:00+00:00,610.94,611.33,610.84,610.84,533.10896
2026-08-11 19:46:00+00:00,610.84,611.26,610.84,611.24,393.716847619920162293
2026-08-11 19:47:00+00:00,611.24,611.43,611.24,611.38,143.017281116330945826
2026-08-11 19:48:00+00:00,611.38,611.43,611.24,611.25,0.38344
2026-08-11 19:49:00+00:00,611.25,611.42,611.18,611.25,0.653293891251717594
2026-08-11 19:50:00+00:00,611.25,611.36,611.1,611.21,272.57845
2026-08-11 19:51:00+00:00,611.21,611.46,611.04,611.43,53.00567
2026-08-11 19:52:00+00:00,611.43,611.73,611.42,611.72,861.53118
2026-08-11 19:53:00+00:00,611.72,611.73,611.64,611.7,0.34941
2026-08-11 19:54:00+00:00,611.7,611.86,611.64,611.74,36.81571
2026-08-11 19:55:00+00:00,611.74,611.96,611.74,611.96,52.949
2026-08-11 19:56:00+00:00,611.96,612.15,611.93,612.12,307.761421507554157244
2026-08-11 19:57:00+00:00,612.12,612.12,612.04,612.06,0.44461
2026-08-11 19:58:00+00:00,612.06,612.16,611.94,612.16,53.00539
2026-08-11 19:59:00+00:00,612.16,612.16,611.98,612.04,0.3427
2026-08-11 20:00:00+00:00,612.04,612.53,611.98,612.09,643.657283856655290102
2026-08-11 20:01:00+00:00,612.09,612.16,611.59,611.79,599.6813
2026-08-11 20:02:00+00:00,611.79,612.06,611.79,611.94,0.34703
2026-08-11 20:03:00+00:00,611.94,612.43,611.94,612.14,0.39559
2026-08-11 20:04:00+00:00,612.14,612.26,612.04,612.04,158.29366
2026-08-11 20:05:00+00:00,612.04,612.35,612.03,612.33,96.62706
2026-08-11 20:06:00+00:00,612.33,612.36,612.24,612.35,0.33153
2026-08-11 20:07:00+00:00,612.35,612.43,611.97,612.42,335.27206
2026-08-11 20:08:00+00:00,612.42,612.57,612.42,612.56,0.767887213308396495
2026-08-11 20:09:00+00:00,612.56,612.9,612.44,612.76,674.610250893223909793
2026-08-11 20:10:00+00:00,612.76,612.9,612.54,612.6,0.52567
2026-08-11 20:11:00+00:00,612.6,612.8,612.54,612.55,945.56381
2026-08-11 20:12:00+00:00,612.55,612.66,612.42,612.42,52.62916
2026-08-11 20:13:00+00:00,612.42,612.76,612.42,612.55,210.23324
2026-08-11 20:14:00+00:00,612.55,612.75,612.55,612.75,0.39645
2026-08-11 20:15:00+00:00,612.75,613.11,612.61,612.79,0.387155232959465105
2026-08-11 20:16:00+00:00,612.79,613.12,612.74,612.82,239.142827741538965828
2026-08-11 20:17:00+00:00,612.82,612.9,612.82,612.88,0.47364
2026-08-11 20:18:00+00:00,612.88,612.9,612.74,612.74,0.434031060781524004
2026-08-11 20:19:00+00:00,612.74,612.9,612.57,612.67,96.67704
2026-08-11 20:20:00+00:00,612.67,613.07,612.64,613.06,149.12577
2026-08-11 20:21:00+00:00,613.06,613.08,612.89,613.03,521.6953
2026-08-11 20:22:00+00:00,613.03,613.32,612.94,613.3,121.41798
2026-08-11 20:23:00+00:00,613.3,613.31,612.94,612.95,96.65517
2026-08-11 20:24:00+00:00,612.95,613.06,612.74,612.84,0.38304
2026-08-11 20:25:00+00:00,612.84,612.86,612.47,612.57,96.61086
2026-08-11 20:26:00+00:00,612.57,612.58,612.27,612.3,96.7667
2026-08-11 20:27:00+00:00,612.3,612.36,611.97,612.16,245.56563
2026-08-11 20:28:00+00:00,612.16,612.5,612.14,612.49,96.7116
2026-08-11 20:29:00+00:00,612.49,612.5,612.24,612.37,193.01972
2026-08-11 20:30:00+00:00,612.37,612.5,612.14,612.26,621.30518
2026-08-11 20:31:00+00:00,612.26,612.73,612.14,612.73,289.40879
2026-08-11 20:32:00+00:00,612.73,612.86,612.64,612.64,251.55875
2026-08-11 20:33:00+00:00,612.64,612.84,612.36,612.79,0.419
2026-08-11 20:34:00+00:00,612.79,612.96,612.79,612.9,726.70835
2026-08-11 20:35:00+00:00,612.9,613.23,612.9,613.03,234.05151
2026-08-11 20:36:00+00:00,613.03,613.23,612.99,613.06,169.33617
2026-08-11 20:37:00+00:00,613.06,613.23,613.04,613.22,52.88647
2026-08-11 20:38:00+00:00,613.22,613.38,613.14,613.14,997.4007
2026-08-11 20:39:00+00:00,613.14,613.15,612.87,612.87,2590.78897
2026-08-11 20:40:00+00:00,612.87,612.91,612.64,612.91,3754.48271
2026-08-11 20:41:00+00:00,612.91,612.91,612.65,612.86,52.93501
2026-08-11 20:42:00+00:00,612.86,612.86,612.34,612.34,193.00722
2026-08-11 20:43:00+00:00,612.34,612.56,612.34,612.51,140.5302
2026-08-11 20:44:00+00:00,612.51,612.76,612.42,612.42,140.37399
2026-08-11 20:45:00+00:00,612.42,612.56,612.42,612.55,192.72888
2026-08-11 20:46:00+00:00,612.55,612.73,612.44,612.46,481.81691
2026-08-11 20:47:00+00:00,612.46,612.63,612.27,612.59,2560.70558
2026-08-11 20:48:00+00:00,612.59,612.63,612.41,612.41,149.32797
2026-08-11 20:49:00+00:00,612.41,612.63,612.24,612.24,140.46016
2026-08-11 20:50:00+00:00,612.24,612.46,612.24,612.28,96.60461
2026-08-11 20:51:00+00:00,612.28,612.76,612.28,612.44,0.32508
2026-08-11 20:52:00+00:00,612.44,612.56,612.44,612.56,52.72885
2026-08-11 20:53:00+00:00,612.56,612.83,612.56,612.83,876.05978
2026-08-11 20:54:00+00:00,612.83,612.83,612.59,612.6,1287.37409
2026-08-11 20:55:00+00:00,612.6,612.79,612.59,612.78,0.27621
2026-08-11 20:56:00+00:00,612.78,613,612.78,612.98,213.30181
2026-08-11 20:57:00+00:00,612.98,613,612.78,612.85,190.21944
2026-08-11 20:58:00+00:00,612.85,612.85,612.47,612.82,2895.46951
2026-08-11 20:59:00+00:00,612.82,613,612.79,612.81,322.83527
2026-08-11 21:00:00+00:00,612.81,613.09,612.81,613.08,89.419286411092985318
2026-08-11 21:01:00+00:00,613.08,613.09,612.74,612.77,141.97136
2026-08-11 21:02:00+00:00,612.77,612.96,612.74,612.96,0.31055
2026-08-11 21:03:00+00:00,612.96,613.13,612.96,613.06,44.362141186833262649
2026-08-11 21:04:00+00:00,613.06,613.43,613.04,613.36,96.63293
2026-08-11 21:05:00+00:00,613.36,613.36,613.33,613.36,0.34649
2026-08-11 21:06:00+00:00,613.36,613.56,613.24,613.36,328.408776184256098164
2026-08-11 21:07:00+00:00,613.36,613.99,613.34,613.98,429.62364811395410182
2026-08-11 21:08:00+00:00,613.98,613.99,613.24,613.36,0.61342
2026-08-11 21:09:00+00:00,613.36,613.56,613.24,613.56,96.58331
2026-08-11 21:10:00+00:00,613.56,613.66,613.44,613.46,96.49326
2026-08-11 21:11:00+00:00,613.46,613.96,613.46,613.89,89.25053
2026-08-11 21:12:00+00:00,613.89,613.91,613.44,613.48,430.349822804589832608
2026-08-11 21:13:00+00:00,613.48,613.63,613.17,613.17,2195.283043597705083696
2026-08-11 21:14:00+00:00,613.17,613.61,613.11,613.56,1959.90539
2026-08-11 21:15:00+00:00,613.56,613.83,613.14,613.14,788.04756
2026-08-11 21:16:00+00:00,613.14,613.26,613.04,613.04,133.25793
2026-08-11 21:17:00+00:00,613.04,613.04,612.94,613.04,0.40628
2026-08-11 21:18:00+00:00,613.04,613.04,612.79,612.86,0.40642
2026-08-11 21:19:00+00:00,612.86,613.07,612.49,613.06,0.34662
2026-08-11 21:20:00+00:00,613.06,613.07,612.84,612.96,52.91028
2026-08-11 21:21:00+00:00,612.96,613.06,612.84,613.05,36.821692525206382353
2026-08-11 21:22:00+00:00,613.05,613.06,612.84,613.05,0.35451
2026-08-11 21:23:00+00:00,613.05,613.26,612.94,613.26,52.88936
2026-08-11 21:24:00+00:00,613.26,613.46,613.24,613.46,133.06474
2026-08-11 21:25:00+00:00,613.46,613.66,613.38,613.52,371.97722
2026-08-11 21:26:00+00:00,613.52,613.53,613.24,613.28,176.71515
2026-08-11 21:27:00+00:00,613.28,613.51,613.28,613.5,645.81214
2026-08-11 21:28:00+00:00,613.5,613.53,613.35,613.37,645.73672
2026-08-11 21:29:00+00:00,613.37,613.38,613.14,613.15,96.61749
2026-08-11 21:30:00+00:00,613.15,613.16,612.74,612.75,238.13613
2026-08-11 21:31:00+00:00,612.75,612.86,612.74,612.77,0.39399
2026-08-11 21:32:00+00:00,612.77,612.96,612.49,612.49,52.91767
2026-08-11 21:33:00+00:00,612.49,612.96,612.49,612.66,96.73458
2026-08-11 21:34:00+00:00,612.66,612.66,612.49,612.65,0.26388
2026-08-11 21:35:00+00:00,612.65,612.75,612.49,612.5,166.50452
2026-08-11 21:36:00+00:00,612.5,612.64,612.5,612.63,112.94669
2026-08-11 21:37:00+00:00,612.63,612.96,612.63,612.95,176.83077
2026-08-11 21:38:00+00:00,612.95,612.96,612.84,612.86,0.31379
2026-08-11 21:39:00+00:00,612.86,612.96,612.57,612.57,96.59349
2026-08-11 21:40:00+00:00,612.57,612.76,612.57,612.76,152.923182019583843329
2026-08-11 21:41:00+00:00,612.76,612.95,612.75,612.95,2670.38842
2026-08-11 21:42:00+00:00,612.95,613.06,612.74,612.94,0.42448
2026-08-11 21:43:00+00:00,612.94,613.06,612.65,612.65,80.852735565126598799
2026-08-11 21:44:00+00:00,612.65,612.66,612.54,612.54,1.182392308326463314
2026-08-11 21:45:00+00:00,612.54,612.76,612.54,612.66,0.35126
2026-08-11 21:46:00+00:00,612.66,612.76,612.64,612.69,0.39993
2026-08-11 21:47:00+00:00,612.69,612.96,612.69,612.93,149.06093
2026-08-11 21:48:00+00:00,612.93,612.96,612.89,612.9,0.3631
2026-08-11 21:49:00+00:00,612.9,612.95,611.9,612.9,1.278020004313257421
2026-08-11 21:50:00+00:00,612.9,612.99,612.79,612.99,1.038520342902489439
2026-08-11 21:51:00+00:00,612.99,613.06,612.98,612.99,0.28885
2026-08-11 21:52:00+00:00,612.99,613.05,612,612.36,0.38903
2026-08-11 21:53:00+00:00,612.36,612.36,612.24,612.24,0.32303
2026-08-11 21:54:00+00:00,612.24,612.56,612.24,612.56,105.63704
2026-08-11 21:55:00+00:00,612.56,612.56,612.24,612.55,0.33832
2026-08-11 21:56:00+00:00,612.55,612.56,612.51,612.54,0.3751
2026-08-11 21:57:00+00:00,612.54,612.88,612.54,612.84,2579.38706
2026-08-11 21:58:00+00:00,612.84,612.96,612.84,612.92,0.42327
2026-08-11 21:59:00+00:00,612.92,613,612.67,613,783.62717
2026-08-11 22:00:00+00:00,613,613.58,612.94,613.58,1871.57804
2026-08-11 22:01:00+00:00,613.58,613.66,613.53,613.66,0.35738
2026-08-11 22:02:00+00:00,613.66,613.66,613.44,613.56,4.932130766033738081
2026-08-11 22:03:00+00:00,613.56,613.56,613.18,613.22,488.824289233966261919
2026-08-11 22:04:00+00:00,613.22,613.24,612.94,613.23,340.07656
2026-08-11 22:05:00+00:00,613.23,613.24,613.09,613.23,52.88112
2026-08-11 22:06:00+00:00,613.23,613.26,613.04,613.13,105.37487
2026-08-11 22:07:00+00:00,613.13,613.26,613.04,613.07,0.25013
2026-08-11 22:08:00+00:00,613.07,613.26,613.07,613.13,0.29746
2026-08-11 22:09:00+00:00,613.13,613.14,612.88,612.88,980.46192
2026-08-11 22:10:00+00:00,612.88,612.99,612.84,612.98,0.34374
2026-08-11 22:11:00+00:00,612.98,613.16,612.94,612.94,52.8783
2026-08-11 22:12:00+00:00,612.94,613.33,612.94,613.3,96.54624
2026-08-11 22:13:00+00:00,613.3,613.46,613.26,613.35,89.30318
2026-08-11 22:14:00+00:00,613.35,613.56,613.35,613.47,0.39619
2026-08-11 22:15:00+00:00,613.47,613.47,613.34,613.44,1.83543831871678675
2026-08-11 22:16:00+00:00,613.44,613.46,613.34,613.46,0.27303
2026-08-11 22:17:00+00:00,613.46,613.66,613.34,613.45,0.578115698170582176
2026-08-11 22:18:00+00:00,613.45,613.46,613.17,613.18,96.790877429876060013
2026-08-11 22:19:00+00:00,613.18,613.26,613.03,613.2,0.42658
2026-08-11 22:20:00+00:00,613.2,613.26,613.04,613.04,0.35978
2026-08-11 22:21:00+00:00,613.04,613.26,612.94,612.94,0.37558
2026-08-11 22:22:00+00:00,612.94,613.16,612.84,612.93,0.55089
2026-08-11 22:23:00+00:00,612.93,612.93,611.8,612.86,96.74124
2026-08-11 22:24:00+00:00,612.86,612.86,612.74,612.76,0.32782
2026-08-11 22:25:00+00:00,612.76,613.13,612.76,612.84,0.23418
2026-08-11 22:26:00+00:00,612.84,612.99,612.79,612.98,96.56486
2026-08-11 22:27:00+00:00,612.98,612.99,612.98,612.98,0.25397
2026-08-11 22:28:00+00:00,612.98,613.06,612.98,613.06,0.3604
2026-08-11 22:29:00+00:00,613.06,613.25,613.04,613.17,290.20966
2026-08-11 22:30:00+00:00,613.17,613.26,613.17,613.24,0.3602
2026-08-11 22:31:00+00:00,613.24,613.26,613.08,613.09,673.93014
2026-08-11 22:32:00+00:00,613.09,613.26,613.07,613.14,1190.21958
2026-08-11 22:33:00+00:00,613.14,613.36,613.14,613.35,52.8285
2026-08-11 22:34:00+00:00,613.35,613.36,613.35,613.35,0.24419
2026-08-11 22:35:00+00:00,613.35,613.36,613.35,613.35,0.20312
2026-08-11 22:36:00+00:00,613.35,613.36,613.34,613.36,0.29947
2026-08-11 22:37:00+00:00,613.36,613.46,613.24,613.36,0.33439
2026-08-11 22:38:00+00:00,613.36,613.5,613.24,613.24,0.42881
2026-08-11 22:39:00+00:00,613.24,613.36,613.24,613.36,0.31136
2026-08-11 22:40:00+00:00,613.36,614.3,613.36,613.74,602.58401
2026-08-11 22:41:00+00:00,613.74,613.81,613.74,613.78,0.36271
2026-08-11 22:42:00+00:00,613.78,613.79,613.54,613.54,96.53986
2026-08-11 22:43:00+00:00,613.54,613.66,613.44,613.56,0.32563
2026-08-11 22:44:00+00:00,613.56,613.6,613.44,613.59,0.35531
2026-08-11 22:45:00+00:00,613.59,613.66,613.27,613.27,0.37086
2026-08-11 22:46:00+00:00,613.27,613.76,613.27,613.74,52.81077
2026-08-11 22:47:00+00:00,613.74,613.86,613.74,613.86,0.39954
2026-08-11 22:48:00+00:00,613.86,613.88,613.74,613.87,0.36593
2026-08-11 22:49:00+00:00,613.87,614.08,613.87,614.06,0.30979
2026-08-11 22:50:00+00:00,614.06,614.16,614.04,614.04,0.32821
2026-08-11 22:51:00+00:00,614.04,614.16,614.04,614.04,0.42446
2026-08-11 22:52:00+00:00,614.04,614.21,614.04,614.16,0.1946
2026-08-11 22:53:00+00:00,614.16,614.46,614.14,614.36,148.81927
2026-08-11 22:54:00+00:00,614.36,614.55,614.24,614.55,96.27762
2026-08-11 22:55:00+00:00,614.55,614.88,614.53,614.57,360.98617
2026-08-11 22:56:00+00:00,614.57,615.09,614.57,614.84,767.056766340581292184
2026-08-11 22:57:00+00:00,614.84,614.96,614.84,614.96,0.41957
2026-08-11 22:58:00+00:00,614.96,614.96,614.86,614.87,0.975227184302871546
2026-08-11 22:59:00+00:00,614.87,614.96,614.87,614.9,0.34616
2026-08-11 23:00:00+00:00,614.9,614.97,614,614.34,8.278311584493300377
2026-08-11 23:01:00+00:00,614.34,614.49,614.34,614.49,0.33903
2026-08-11 23:02:00+00:00,614.49,614.49,614.04,614.04,96.53762
2026-08-11 23:03:00+00:00,614.04,614.18,613.95,613.99,0.20277
2026-08-11 23:04:00+00:00,613.99,614.45,613.97,614.14,3371.89574
2026-08-11 23:05:00+00:00,614.14,614.32,614.04,614.3,0.39407
2026-08-11 23:06:00+00:00,614.3,614.44,614.15,614.25,1501.37696
2026-08-11 23:07:00+00:00,614.25,614.44,614.24,614.43,0.35947
2026-08-11 23:08:00+00:00,614.43,614.44,614.35,614.39,0.35554
2026-08-11 23:09:00+00:00,614.39,614.46,614.24,614.3,0.34218
2026-08-11 23:10:00+00:00,614.3,614.3,614.07,614.12,1397.82822
2026-08-11 23:11:00+00:00,614.12,614.16,614.04,614.04,0.43969
2026-08-11 23:12:00+00:00,614.04,614.28,614.04,614.24,96.35236
2026-08-11 23:13:00+00:00,614.24,614.36,613.97,613.97,96.42686
2026-08-11 23:14:00+00:00,613.97,614.1,613.97,614.1,0.33842
2026-08-11 23:15:00+00:00,614.1,614.16,614.09,614.16,0.19675
2026-08-11 23:16:00+00:00,614.16,614.35,614.04,614.3,0.49306
2026-08-11 23:17:00+00:00,614.3,614.32,614.29,614.3,0.27951
2026-08-11 23:18:00+00:00,614.3,614.3,614.14,614.26,0.33752
2026-08-11 23:19:00+00:00,614.26,614.26,614.05,614.13,52.75519
2026-08-11 23:20:00+00:00,614.13,614.32,614.11,614.32,52.46677
2026-08-11 23:21:00+00:00,614.32,614.32,614.28,614.28,0.22361
2026-08-11 23:22:00+00:00,614.28,614.36,614.28,614.33,0.438
2026-08-11 23:23:00+00:00,614.33,614.35,614.28,614.3,0.461687215428033866
2026-08-11 23:24:00+00:00,614.3,614.46,613.96,614.44,52.81891
2026-08-11 23:25:00+00:00,614.44,614.63,614.44,614.44,3055.82949
2026-08-11 23:26:00+00:00,614.44,614.66,614.44,614.62,0.46016
2026-08-11 23:27:00+00:00,614.62,617.5,614.58,616.77,9249.206140038786807143
2026-08-11 23:28:00+00:00,616.77,617.22,616.05,616.11,3219.15321
2026-08-11 23:29:00+00:00,616.11,616.38,616.11,616.31,1905.06963
2026-08-11 23:30:00+00:00,616.31,616.37,616.08,616.26,383.85684
2026-08-11 23:31:00+00:00,616.26,616.35,615.97,615.97,148.65094
2026-08-11 23:32:00+00:00,615.97,615.99,615.81,615.83,691.29964
2026-08-11 23:33:00+00:00,615.83,615.86,615.64,615.76,835.11383
2026-08-11 23:34:00+00:00,615.76,616.56,615.76,616.5,892.77419
2026-08-11 23:35:00+00:00,616.5,616.86,616.5,616.5,4501.64785
2026-08-11 23:36:00+00:00,616.5,616.64,616.34,616.34,264.20917
2026-08-11 23:37:00+00:00,616.34,616.47,615.92,616.39,902.70031
2026-08-11 23:38:00+00:00,616.39,616.39,616.15,616.22,734.408724863979023271
2026-08-11 23:39:00+00:00,616.22,616.24,616.15,616.22,0.29095
2026-08-11 23:40:00+00:00,616.22,616.55,616.2,616.39,1044.27056
2026-08-11 23:41:00+00:00,616.39,616.55,616.37,616.37,0.37544
2026-08-11 23:42:00+00:00,616.37,616.56,616.33,616.44,0.47378
2026-08-11 23:43:00+00:00,616.44,616.76,616.44,616.75,443.9327
2026-08-11 23:44:00+00:00,616.75,617.03,616.75,616.95,256.8052
2026-08-11 23:45:00+00:00,616.95,617.06,616.88,616.91,0.31084
2026-08-11 23:46:00+00:00,616.91,617.23,616.87,616.96,148.29072
2026-08-11 23:47:00+00:00,616.96,616.98,616.94,616.95,0.42169
2026-08-11 23:48:00+00:00,616.95,617.23,616.95,617.2,52.06214
2026-08-11 23:49:00+00:00,617.2,617.22,616.97,616.99,51.91749
2026-08-11 23:50:00+00:00,616.99,617.24,616.94,617.24,0.40052
2026-08-11 23:51:00+00:00,617.24,618.1,617.14,617.35,529.113240693037284664
2026-08-11 23:52:00+00:00,617.35,617.73,617.35,617.71,421.475086086590323782
2026-08-11 23:53:00+00:00,617.71,618.03,617.71,617.87,257.683873913409676218
2026-08-11 23:54:00+00:00,617.87,618.03,617.35,617.35,1221.98774
2026-08-11 23:55:00+00:00,617.35,617.56,617.14,617.15,101.107379695265102785
2026-08-11 23:56:00+00:00,617.15,617.36,617.15,617.35,0.642743891251717594
2026-08-11 23:57:00+00:00,617.35,617.36,617.04,617.26,43.85174
2026-08-11 23:58:00+00:00,617.26,617.29,617.01,617.16,243.73002
2026-08-11 23:59:00+00:00,617.16,617.16,616.95,616.96,88.89577
2026-08-12 00:00:00+00:00,616.96,617.26,616.94,617.22,935.71347
2026-08-12 00:01:00+00:00,617.22,617.46,617.03,617.46,1684.62404
2026-08-12 00:02:00+00:00,617.46,617.63,617.36,617.62,730.12432
2026-08-12 00:03:00+00:00,617.62,617.89,617.36,617.36,977.20895
2026-08-12 00:04:00+00:00,617.36,617.36,617,617.01,1587.08652
2026-08-12 00:05:00+00:00,617.01,617.36,616.97,616.97,2173.59543
2026-08-12 00:06:00+00:00,616.97,617.07,616.94,617.07,656.20837
2026-08-12 00:07:00+00:00,617.07,617.15,617.02,617.02,0.31177
2026-08-12 00:08:00+00:00,617.02,617.26,616.94,617.26,1434.82919
2026-08-12 00:09:00+00:00,617.26,617.63,617.07,617.36,582.52933
2026-08-12 00:10:00+00:00,617.36,617.54,617.16,617.16,833.47554
2026-08-12 00:11:00+00:00,617.16,617.26,617.04,617.2,0.38976
2026-08-12 00:12:00+00:00,617.2,617.46,617.04,617.11,1774.3195
2026-08-12 00:13:00+00:00,617.11,617.16,616.85,616.89,95.92762
2026-08-12 00:14:00+00:00,616.89,616.89,616.3,616.36,888.0279
2026-08-12 00:15:00+00:00,616.36,616.73,616.34,616.54,786.760724359556023657
2026-08-12 00:16:00+00:00,616.54,616.54,615.74,616,364.776262753055453015
2026-08-12 00:17:00+00:00,616,616.12,615.93,616.11,52.59042
2026-08-12 00:18:00+00:00,616.11,616.16,615.74,615.87,244.347251429151441331
2026-08-12 00:19:00+00:00,615.87,616.03,615.58,615.58,183.268728828037474224
2026-08-12 00:20:00+00:00,615.58,615.65,615.57,615.64,0.30547
2026-08-12 00:21:00+00:00,615.64,615.9,615.64,615.83,102.584533773498750717
2026-08-12 00:22:00+00:00,615.83,615.91,615.58,615.9,144.515006226501249283
2026-08-12 00:23:00+00:00,615.9,615.9,615.59,615.63,0.48202
2026-08-12 00:24:00+00:00,615.63,615.65,615.47,615.51,3583.97948
2026-08-12 00:25:00+00:00,615.51,615.52,614.92,615.14,1741.30066
2026-08-12 00:26:00+00:00,615.14,615.16,614.92,614.97,229.378535450588005977
2026-08-12 00:27:00+00:00,614.97,615.46,614.97,615.46,1318.387734549411994023
2026-08-12 00:28:00+00:00,615.46,615.76,615.44,615.72,96.3175
2026-08-12 00:29:00+00:00,615.72,616.03,615.64,615.93,96.32921
2026-08-12 00:30:00+00:00,615.93,616.2,615.84,616.16,191.92011
2026-08-12 00:31:00+00:00,616.16,616.34,616.02,616.2,929.19213
2026-08-12 00:32:00+00:00,616.2,616.91,616.17,616.91,2202.10211
2026-08-12 00:33:00+00:00,616.91,616.91,616.33,616.36,1044.64151
2026-08-12 00:34:00+00:00,616.36,616.94,616.36,616.78,0.23826
2026-08-12 00:35:00+00:00,616.78,616.98,616.77,616.97,152.39372
2026-08-12 00:36:00+00:00,616.97,617.16,616.97,617.16,4377.735202683998119904
2026-08-12 00:37:00+00:00,617.16,617.16,616.68,616.82,246.279357316001880096
2026-08-12 00:38:00+00:00,616.82,616.84,616.75,616.83,0.45882
2026-08-12 00:39:00+00:00,616.83,617.21,616.83,616.96,0.42736
2026-08-12 00:40:00+00:00,616.96,617.33,616.96,617.3,806.15665
2026-08-12 00:41:00+00:00,617.3,617.36,616.99,617.01,95.97759
2026-08-12 00:42:00+00:00,617.01,617.16,617,617.14,148.03081
2026-08-12 00:43:00+00:00,617.14,617.16,616.97,617,199.89932
2026-08-12 00:44:00+00:00,617,617.01,616.86,617.01,1106.155079123330307353
2026-08-12 00:45:00+00:00,617.01,617.07,616.85,617.06,199.65905
2026-08-12 00:46:00+00:00,617.06,617.16,616.84,616.96,1720.05209
2026-08-12 00:47:00+00:00,616.96,616.96,616.84,616.84,0.33175
2026-08-12 00:48:00+00:00,616.84,616.96,616.84,616.85,0.22394
2026-08-12 00:49:00+00:00,616.85,617.07,616.85,617.01,0.32484
2026-08-12 00:50:00+00:00,617.01,617.02,616.73,616.73,0.35568
2026-08-12 00:51:00+00:00,616.73,617.16,616.73,617.16,0.40407
2026-08-12 00:52:00+00:00,617.16,617.16,617.04,617.16,0.36471
2026-08-12 00:53:00+00:00,617.16,617.36,616.94,617.13,243.80496
2026-08-12 00:54:00+00:00,617.13,617.41,617.13,617.38,96.00771
2026-08-12 00:55:00+00:00,617.38,617.56,617.07,617.46,140.86611
2026-08-12 00:56:00+00:00,617.46,617.93,617.34,617.9,637.40778
2026-08-12 00:57:00+00:00,617.9,617.93,617.64,617.76,923.64675
2026-08-12 00:58:00+00:00,617.76,617.93,617.76,617.93,95.81274
2026-08-12 00:59:00+00:00,617.93,617.93,617.91,617.92,0.42226
2026-08-12 01:00:00+00:00,617.92,618.23,617.91,618.23,2338.58909
2026-08-12 01:01:00+00:00,618.23,618.29,618.1,618.28,1642.25151
2026-08-12 01:02:00+00:00,618.28,618.43,618.04,618.04,742.333454178369238855
2026-08-12 01:03:00+00:00,618.04,618.46,618.04,618.46,980.90826
2026-08-12 01:04:00+00:00,618.46,619.2,618.46,619.16,1191.087479781312222488
2026-08-12 01:05:00+00:00,619.16,619.46,619.16,619.44,3638.56307953021905516
2026-08-12 01:06:00+00:00,619.44,619.89,619.26,619.7,3543.503532566216070313
2026-08-12 01:07:00+00:00,619.7,619.7,619.43,619.47,0.34163
2026-08-12 01:08:00+00:00,619.47,620.29,619.47,620.23,826.203287968787903291
2026-08-12 01:09:00+00:00,620.23,620.88,620.22,620.59,3029.523732211393673854
2026-08-12 01:10:00+00:00,620.59,620.86,620.56,620.64,190.54696
2026-08-12 01:11:00+00:00,620.64,620.7,620.14,620.16,317.414077927920664355
2026-08-12 01:12:00+00:00,620.16,620.41,619.8,620.12,4280.16076
2026-08-12 01:13:00+00:00,620.12,620.54,620.12,620.36,72.39279
2026-08-12 01:14:00+00:00,620.36,620.36,619.88,619.88,698.127332072079335645
2026-08-12 01:15:00+00:00,619.88,619.9,618.6,618.91,7500.21751
2026-08-12 01:16:00+00:00,618.91,618.91,618.46,618.46,1125.7578
2026-08-12 01:17:00+00:00,618.46,618.46,617.56,617.57,5898.5977
2026-08-12 01:18:00+00:00,617.57,617.8,617.57,617.78,130.89155
2026-08-12 01:19:00+00:00,617.78,617.93,617.47,617.47,1239.46931
2026-08-12 01:20:00+00:00,617.47,617.66,617.4,617.66,944.29674
2026-08-12 01:21:00+00:00,617.66,617.66,616.77,616.98,7412.182420048532694858
2026-08-12 01:22:00+00:00,616.98,617.1,616.67,617.09,1515.849827285906562667
2026-08-12 01:23:00+00:00,617.09,617.43,617.09,617.43,937.61762
2026-08-12 01:24:00+00:00,617.43,617.55,617.24,617.54,1314.73207
2026-08-12 01:25:00+00:00,617.54,617.56,617.17,617.17,227.90849
2026-08-12 01:26:00+00:00,617.17,617.36,617.17,617.33,132.31125
2026-08-12 01:27:00+00:00,617.33,617.36,617.33,617.34,0.34225
2026-08-12 01:28:00+00:00,617.34,617.34,616.94,617.17,263.90537
2026-08-12 01:29:00+00:00,617.17,617.36,616.61,616.62,296.47232
2026-08-12 01:30:00+00:00,616.62,616.86,616.59,616.75,439.635854512466547986
2026-08-12 01:31:00+00:00,616.75,616.76,616.28,616.41,2762.214185487533452014
2026-08-12 01:32:00+00:00,616.41,616.46,616.31,616.44,0.43009
2026-08-12 01:33:00+00:00,616.44,617.13,616.44,616.96,1439.564434512466547986
2026-08-12 01:34:00+00:00,616.96,617.33,616.96,617.3,3527.2753
2026-08-12 01:35:00+00:00,617.3,617.49,617.14,617.19,823.40087
2026-08-12 01:36:00+00:00,617.19,617.46,617.18,617.26,8.99117
2026-08-12 01:37:00+00:00,617.26,617.33,617.24,617.33,0.21104
2026-08-12 01:38:00+00:00,617.33,617.8,617.24,617.78,2316.4096
2026-08-12 01:39:00+00:00,617.78,618.13,617.75,618.12,4380.85574
2026-08-12 01:40:00+00:00,618.12,618.51,618.12,618.44,3341.9763
2026-08-12 01:41:00+00:00,618.44,618.52,618.13,618.15,132.13311
2026-08-12 01:42:00+00:00,618.15,618.33,617.99,618.29,3092.74319
2026-08-12 01:43:00+00:00,618.29,618.46,618.27,618.3,131.76202
2026-08-12 01:44:00+00:00,618.3,618.95,618.3,618.92,370.78242
2026-08-12 01:45:00+00:00,618.92,618.93,618.24,618.25,693.294789689440993788
2026-08-12 01:46:00+00:00,618.25,618.63,618.14,618.55,1991.46456
2026-08-12 01:47:00+00:00,618.55,618.72,618.54,618.7,43.86671
2026-08-12 01:48:00+00:00,618.7,618.86,618.67,618.83,124.73099
2026-08-12 01:49:00+00:00,618.83,619.24,618.83,619.23,1020.602412967124427798
2026-08-12 01:50:00+00:00,619.23,619.48,619.1,619.48,1824.181757032875572202
2026-08-12 01:51:00+00:00,619.48,619.63,619.48,619.62,95.5751
2026-08-12 01:52:00+00:00,619.62,619.83,619.62,619.81,115.63296
2026-08-12 01:53:00+00:00,619.81,619.83,619.34,619.4,298.96207
2026-08-12 01:54:00+00:00,619.4,619.65,619.34,619.55,350.93258
2026-08-12 01:55:00+00:00,619.55,619.56,619.26,619.32,0.776268063604810719
2026-08-12 01:56:00+00:00,619.32,619.34,618.97,619.14,52.60887
2026-08-12 01:57:00+00:00,619.14,619.46,619.14,619.26,199.63685
2026-08-12 01:58:00+00:00,619.26,619.56,619.05,619.17,95.66456
2026-08-12 01:59:00+00:00,619.17,619.36,618.68,618.89,609.79459
2026-08-12 02:00:00+00:00,618.89,619.26,618.88,619.25,532.20437
2026-08-12 02:01:00+00:00,619.25,619.53,619.04,619.48,95.74228
2026-08-12 02:02:00+00:00,619.48,619.53,619.29,619.29,235.71755
2026-08-12 02:03:00+00:00,619.29,619.53,619.25,619.28,589.37001
2026-08-12 02:04:00+00:00,619.28,619.3,618.92,618.95,1135.22022
2026-08-12 02:05:00+00:00,618.95,619.23,618.93,619.17,1114.96973
2026-08-12 02:06:00+00:00,619.17,619.23,618.94,618.95,1114.95227
2026-08-12 02:07:00+00:00,618.95,619.46,618.95,619.45,1071.87253
2026-08-12 02:08:00+00:00,619.45,619.46,619,619,3663.60393
2026-08-12 02:09:00+00:00,619,619.04,618.9,618.91,0.43353
2026-08-12 02:10:00+00:00,618.91,619.03,618.55,618.56,184.08605
2026-08-12 02:11:00+00:00,618.56,618.56,618.24,618.49,257.59253
2026-08-12 02:12:00+00:00,618.49,618.49,618.15,618.3,242.977506647475498916
2026-08-12 02:13:00+00:00,618.3,618.52,618.3,618.51,503.43577
2026-08-12 02:14:00+00:00,618.51,618.53,617.6,618.26,2210.434215565126598799
2026-08-12 02:15:00+00:00,618.26,618.26,617.87,618.17,52.55014
2026-08-12 02:16:00+00:00,618.17,618.56,618.17,618.44,36.55191
2026-08-12 02:17:00+00:00,618.44,618.73,618.07,618.11,1484.303778063604810719
2026-08-12 02:18:00+00:00,618.11,618.12,617.85,617.86,233.080511936395189281
2026-08-12 02:19:00+00:00,617.86,618.26,617.85,618.25,641.853012410333601245
2026-08-12 02:20:00+00:00,618.25,618.25,617.08,617.44,7995.22402
2026-08-12 02:21:00+00:00,617.44,617.46,616.84,616.85,2969.64005
2026-08-12 02:22:00+00:00,616.85,617.06,616.75,616.92,105.166477292969889475
2026-08-12 02:23:00+00:00,616.92,617.13,616.84,617.09,96.18396
2026-08-12 02:24:00+00:00,617.09,617.09,616.84,616.84,513.57658
2026-08-12 02:25:00+00:00,616.84,617.23,616.84,616.89,765.64234
2026-08-12 02:26:00+00:00,616.89,617.16,616.75,617.08,104.80803
2026-08-12 02:27:00+00:00,617.08,617.36,617.04,617.36,148.17719
2026-08-12 02:28:00+00:00,617.36,617.36,616.94,617.15,368.62751
2026-08-12 02:29:00+00:00,617.15,617.36,617.04,617.35,792.79326
2026-08-12 02:30:00+00:00,617.35,617.36,617.06,617.36,797.61789
2026-08-12 02:31:00+00:00,617.36,617.36,617.24,617.26,0.28749
2026-08-12 02:32:00+00:00,617.26,617.34,617.25,617.34,0.24716
2026-08-12 02:33:00+00:00,617.34,617.46,617.24,617.39,0.404258809311668745
2026-08-12 02:34:00+00:00,617.39,617.39,616.97,616.98,96.02475
2026-08-12 02:35:00+00:00,616.98,617.02,616.94,616.94,0.52976
2026-08-12 02:36:00+00:00,616.94,617.06,616.94,617.05,0.42227
2026-08-12 02:37:00+00:00,617.05,617.16,616.75,616.77,52.59821
2026-08-12 02:38:00+00:00,616.77,617.21,616.77,617.2,200.27944
2026-08-12 02:39:00+00:00,617.2,617.45,617.2,617.27,145.24848
2026-08-12 02:40:00+00:00,617.27,617.36,617.04,617.34,104.7736
2026-08-12 02:41:00+00:00,617.34,617.36,617.16,617.18,148.1938
2026-08-12 02:42:00+00:00,617.18,617.53,617.17,617.51,1113.61644
2026-08-12 02:43:00+00:00,617.51,617.66,617.49,617.66,845.81488
2026-08-12 02:44:00+00:00,617.66,617.66,617.14,617.14,148.04672
2026-08-12 02:45:00+00:00,617.14,617.26,616.87,617.14,1008.08606
2026-08-12 02:46:00+00:00,617.14,617.14,616.77,616.77,295.96808
2026-08-12 02:47:00+00:00,616.77,616.78,616.75,616.75,0.41112
2026-08-12 02:48:00+00:00,616.75,617.26,616.75,616.82,0.747430376976084312
2026-08-12 02:49:00+00:00,616.82,616.82,616.81,616.81,0.22926
2026-08-12 02:50:00+00:00,616.81,617.06,616.61,617.06,1145.69392
2026-08-12 02:51:00+00:00,617.06,617.16,616.94,617.06,0.35645
2026-08-12 02:52:00+00:00,617.06,617.16,616.77,617.15,95.88433
2026-08-12 02:53:00+00:00,617.15,617.15,616.47,616.49,778.7285
2026-08-12 02:54:00+00:00,616.49,616.67,616.49,616.56,0.33245
2026-08-12 02:55:00+00:00,616.56,616.56,616.14,616.17,715.68269
2026-08-12 02:56:00+00:00,616.17,616.2,616.14,616.17,0.41423
2026-08-12 02:57:00+00:00,616.17,616.26,616.14,616.14,0.45368
2026-08-12 02:58:00+00:00,616.14,616.36,616.04,616.04,0.40313
2026-08-12 02:59:00+00:00,616.04,616.46,616.04,616.46,184.72568
2026-08-12 03:00:00+00:00,616.46,616.46,616.05,616.13,88.97716
2026-08-12 03:01:00+00:00,616.13,616.36,616.13,616.36,0.931127217000457466
2026-08-12 03:02:00+00:00,616.36,616.36,615.4,616.17,1.254955282315912313
2026-08-12 03:03:00+00:00,616.17,616.22,616.04,616.06,0.40249
2026-08-12 03:04:00+00:00,616.06,616.16,616.04,616.07,0.33218
2026-08-12 03:05:00+00:00,616.07,616.36,616.06,616.36,0.38301
2026-08-12 03:06:00+00:00,616.36,616.63,616.14,616.16,52.62053
2026-08-12 03:07:00+00:00,616.16,616.16,616.06,616.06,0.1786
2026-08-12 03:08:00+00:00,616.06,616.06,615.77,615.77,149.206995769012163237
2026-08-12 03:09:00+00:00,615.77,615.78,615.47,615.64,500.56575
2026-08-12 03:10:00+00:00,615.64,615.81,615.64,615.78,96.29627
2026-08-12 03:11:00+00:00,615.78,615.8,615.54,615.63,345.951414230987836763
2026-08-12 03:12:00+00:00,615.63,615.71,615.54,615.71,0.33604
2026-08-12 03:13:00+00:00,615.71,616.06,615.69,616.05,446.12659
2026-08-12 03:14:00+00:00,616.05,616.06,616,616.04,0.31541
2026-08-12 03:15:00+00:00,616.04,616.33,615.69,616.16,891.73116
2026-08-12 03:16:00+00:00,616.16,616.16,615.77,615.81,1591.53867
2026-08-12 03:17:00+00:00,615.81,615.93,615.2,615.55,0.33317
2026-08-12 03:18:00+00:00,615.55,615.66,615.34,615.39,148.71474
2026-08-12 03:19:00+00:00,615.39,615.66,615.27,615.66,0.41101
2026-08-12 03:20:00+00:00,615.66,615.66,615.54,615.65,0.32559
2026-08-12 03:21:00+00:00,615.65,615.66,615.44,615.52,191.93167
2026-08-12 03:22:00+00:00,615.52,615.66,615.35,615.46,0.32442
2026-08-12 03:23:00+00:00,615.46,615.46,614.94,614.94,301.48684
2026-08-12 03:24:00+00:00,614.94,614.95,614.76,614.86,550.91566
2026-08-12 03:25:00+00:00,614.86,614.86,614.73,614.73,0.32439
2026-08-12 03:26:00+00:00,614.73,614.94,614.73,614.75,106.916805385955987165
2026-08-12 03:27:00+00:00,614.75,614.75,613.91,614.35,385.909114614044012835
2026-08-12 03:28:00+00:00,614.35,614.63,614.31,614.5,185.07112
2026-08-12 03:29:00+00:00,614.5,614.51,614.31,614.31,611.66247
2026-08-12 03:30:00+00:00,614.31,614.32,613.68,613.93,5854.10376
2026-08-12 03:31:00+00:00,613.93,613.96,613.92,613.92,0.22974
2026-08-12 03:32:00+00:00,613.92,614.26,613.92,614.07,105.4676
2026-08-12 03:33:00+00:00,614.07,614.08,613.64,613.66,990.80642
2026-08-12 03:34:00+00:00,613.66,613.82,613.54,613.66,30.81133
2026-08-12 03:35:00+00:00,613.66,614.11,613.63,613.92,1839.2396
2026-08-12 03:36:00+00:00,613.92,613.93,613.84,613.84,0.40083
2026-08-12 03:37:00+00:00,613.84,614.06,613.84,613.89,0.29366
2026-08-12 03:38:00+00:00,613.89,614.46,613.89,614.28,185.713416647475498916
2026-08-12 03:39:00+00:00,614.28,614.56,613.89,614.56,462.877903352524501084
2026-08-12 03:40:00+00:00,614.56,614.84,614.54,614.84,3444.306958809311668745
2026-08-12 03:41:00+00:00,614.84,614.84,614.57,614.59,1242.17093
2026-08-12 03:42:00+00:00,614.59,614.61,614.57,614.57,0.4219
2026-08-12 03:43:00+00:00,614.57,614.61,614.54,614.57,0.38066
2026-08-12 03:44:00+00:00,614.57,614.61,614.54,614.6,0.688377510007485273
2026-08-12 03:45:00+00:00,614.6,614.61,614.15,614.35,5119.090312489992514727
2026-08-12 03:46:00+00:00,614.35,614.46,614.24,614.29,0.25955
2026-08-12 03:47:00+00:00,614.29,614.46,614.04,614.26,0.45623
2026-08-12 03:48:00+00:00,614.26,614.46,613.81,613.96,308.244
2026-08-12 03:49:00+00:00,613.96,614.06,613.84,614.03,0.40037
2026-08-12 03:50:00+00:00,614.03,614.06,613.67,614.04,192.76105
2026-08-12 03:51:00+00:00,614.04,614.06,613.85,613.85,0.480339396475914405
2026-08-12 03:52:00+00:00,613.85,613.96,613.47,613.64,1664.03591
2026-08-12 03:53:00+00:00,613.64,613.96,613.64,613.95,43.9661
2026-08-12 03:54:00+00:00,613.95,614.23,613.69,613.69,105.23499
2026-08-12 03:55:00+00:00,613.69,613.82,613.64,613.77,0.32573
2026-08-12 03:56:00+00:00,613.77,613.86,613.45,613.53,53.313948024932779271
2026-08-12 03:57:00+00:00,613.53,613.82,613.37,613.66,254.18087
2026-08-12 03:58:00+00:00,613.66,613.86,613.65,613.74,0.40348
2026-08-12 03:59:00+00:00,613.74,613.86,613.65,613.65,0.3612
2026-08-12 04:00:00+00:00,613.65,613.76,613.45,613.54,323.87388
2026-08-12 04:01:00+00:00,613.54,613.76,613.44,613.76,428.63413
2026-08-12 04:02:00+00:00,613.76,613.83,613.64,613.67,96.49844
2026-08-12 04:03:00+00:00,613.67,613.76,613.44,613.63,194.292802683998119904
2026-08-12 04:04:00+00:00,613.63,613.73,613.54,613.59,0.31194
2026-08-12 04:05:00+00:00,613.59,613.63,613.55,613.63,0.32804
2026-08-12 04:06:00+00:00,613.63,613.63,613.54,613.63,0.34622
2026-08-12 04:07:00+00:00,613.63,613.63,613.27,613.36,1303.41902
2026-08-12 04:08:00+00:00,613.36,613.46,613.14,613.23,0.37488
2026-08-12 04:09:00+00:00,613.23,613.34,613.14,613.33,52.88439
2026-08-12 04:10:00+00:00,613.33,614.06,613.33,613.9,779.02485
2026-08-12 04:11:00+00:00,613.9,614.28,613.9,614.28,236.31444
2026-08-12 04:12:00+00:00,614.28,614.41,614.24,614.41,2993.74858
2026-08-12 04:13:00+00:00,614.41,614.53,614.28,614.49,599.32767
2026-08-12 04:14:00+00:00,614.49,614.82,614.49,614.81,5772.01611
2026-08-12 04:15:00+00:00,614.81,614.81,614.68,614.74,2.105736291463989978
2026-08-12 04:16:00+00:00,614.74,614.76,613.97,613.97,252.09616
2026-08-12 04:17:00+00:00,613.97,614.33,613.97,614.26,904.30502
2026-08-12 04:18:00+00:00,614.26,615.43,614.26,615.25,8491.19577
2026-08-12 04:19:00+00:00,615.25,615.59,615.05,615.26,987.90419
2026-08-12 04:20:00+00:00,615.26,615.58,615.24,615.53,256.06338
2026-08-12 04:21:00+00:00,615.53,615.74,615.5,615.73,240.01354
2026-08-12 04:22:00+00:00,615.73,615.87,615.73,615.84,1965.54385
2026-08-12 04:23:00+00:00,615.84,615.86,615.73,615.76,1328.86943
2026-08-12 04:24:00+00:00,615.76,616.12,615.74,616.1,1141.38413
2026-08-12 04:25:00+00:00,616.1,616.1,615.74,615.74,81.476696796589524969
2026-08-12 04:26:00+00:00,615.74,615.94,615.55,615.55,426.848763203410475031
2026-08-12 04:27:00+00:00,615.55,615.76,615.44,615.44,421.26739
2026-08-12 04:28:00+00:00,615.44,615.66,615.44,615.61,119.281196796589524969
2026-08-12 04:29:00+00:00,615.61,615.62,615.24,615.24,1776.600423203410475031
2026-08-12 04:30:00+00:00,615.24,615.25,615.1,615.24,624.92943
2026-08-12 04:31:00+00:00,615.24,615.24,614.59,614.95,424.05525
2026-08-12 04:32:00+00:00,614.95,614.96,614.84,614.96,0.3698
2026-08-12 04:33:00+00:00,614.96,614.96,614.84,614.84,0.3561
2026-08-12 04:34:00+00:00,614.84,614.96,614.75,614.83,0.35873
2026-08-12 04:35:00+00:00,614.83,615.06,614.74,614.96,96.22827
2026-08-12 04:36:00+00:00,614.96,615.06,614.84,615.06,0.41524
2026-08-12 04:37:00+00:00,615.06,615.16,614.83,614.83,52.60345
2026-08-12 04:38:00+00:00,614.83,615.08,614.83,614.84,0.35624
2026-08-12 04:39:00+00:00,614.84,614.96,614.84,614.96,0.27601
2026-08-12 04:40:00+00:00,614.96,614.96,614.64,614.64,96.25962
2026-08-12 04:41:00+00:00,614.64,614.71,614.64,614.66,0.38117
2026-08-12 04:42:00+00:00,614.66,614.76,614.64,614.65,0.28076
2026-08-12 04:43:00+00:00,614.65,614.95,614.64,614.95,148.64136
2026-08-12 04:44:00+00:00,614.95,615.13,614.77,615.13,96.3957
2026-08-12 04:45:00+00:00,615.13,615.29,615.04,615.25,1660.06513
2026-08-12 04:46:00+00:00,615.25,615.26,615.04,615.11,55.9242552440947442
2026-08-12 04:47:00+00:00,615.11,615.28,615.04,615.26,108.2947047559052558
2026-08-12 04:48:00+00:00,615.26,615.38,615.14,615.23,82.924
2026-08-12 04:49:00+00:00,615.23,615.23,615.22,615.22,0.24933
2026-08-12 04:50:00+00:00,615.22,615.28,615.13,615.13,0.40883
2026-08-12 04:51:00+00:00,615.13,615.46,615.09,615.23,270.52233
2026-08-12 04:52:00+00:00,615.23,615.26,615.18,615.2,0.35351
2026-08-12 04:53:00+00:00,615.2,615.26,615.14,615.26,0.41546
2026-08-12 04:54:00+00:00,615.26,615.36,615.14,615.31,0.33912
2026-08-12 04:55:00+00:00,615.31,615.46,615.17,615.18,52.73367
2026-08-12 04:56:00+00:00,615.18,615.26,615.14,615.14,0.22413
2026-08-12 04:57:00+00:00,615.14,615.26,615.14,615.14,0.23983
2026-08-12 04:58:00+00:00,615.14,615.36,615.05,615.16,0.50775
2026-08-12 04:59:00+00:00,615.16,615.16,615.04,615.14,0.34161
2026-08-12 05:00:00+00:00,615.14,615.16,615.04,615.12,0.25772
2026-08-12 05:01:00+00:00,615.12,615.12,614.95,615,0.2231
2026-08-12 05:02:00+00:00,615,615.12,614.74,614.83,96.32208
2026-08-12 05:03:00+00:00,614.83,614.83,614.76,614.83,0.3656
2026-08-12 05:04:00+00:00,614.83,614.86,614.61,614.61,96.38726
2026-08-12 05:05:00+00:00,614.61,614.76,614.44,614.68,0.32826
2026-08-12 05:06:00+00:00,614.68,614.76,614.55,614.55,53.055097292969889475
2026-08-12 05:07:00+00:00,614.55,614.76,614.44,614.76,52.891978126097989459
2026-08-12 05:08:00+00:00,614.76,614.86,614.63,614.74,52.72701
2026-08-12 05:09:00+00:00,614.74,614.96,614.74,614.96,0.35667
2026-08-12 05:10:00+00:00,614.96,614.96,614.86,614.94,0.33508
2026-08-12 05:11:00+00:00,614.94,615.04,614.93,615.04,0.34333
2026-08-12 05:12:00+00:00,615.04,615.04,614.84,614.85,0.42497
2026-08-12 05:13:00+00:00,614.85,614.96,614.84,614.89,0.44885
2026-08-12 05:14:00+00:00,614.89,614.96,614.74,614.95,0.31275
2026-08-12 05:15:00+00:00,614.95,615.04,614.76,614.83,0.30922
2026-08-12 05:16:00+00:00,614.83,614.96,614.74,614.86,7.992236386702231474
2026-08-12 05:17:00+00:00,614.86,614.96,614.83,614.93,0.37683
2026-08-12 05:18:00+00:00,614.93,615.06,614.84,614.94,0.741947291971514974
2026-08-12 05:19:00+00:00,614.94,614.94,614.86,614.92,0.19641
2026-08-12 05:20:00+00:00,614.92,614.92,614.86,614.9,0.15278
2026-08-12 05:21:00+00:00,614.9,614.9,614.86,614.87,0.2704
2026-08-12 05:22:00+00:00,614.87,614.96,614.87,614.96,0.26652
2026-08-12 05:23:00+00:00,614.96,615.23,614.31,614.45,487.23876
2026-08-12 05:24:00+00:00,614.45,614.54,614.45,614.54,0.33186
2026-08-12 05:25:00+00:00,614.54,614.54,614.44,614.49,0.36573
2026-08-12 05:26:00+00:00,614.49,614.56,614.44,614.45,0.23777
2026-08-12 05:27:00+00:00,614.45,614.56,614.44,614.45,0.22611
2026-08-12 05:28:00+00:00,614.45,614.46,614,614.03,228.84228
2026-08-12 05:29:00+00:00,614.03,614.03,613.84,613.86,2274.55707
2026-08-12 05:30:00+00:00,613.86,613.96,613.86,613.96,0.31928
2026-08-12 05:31:00+00:00,613.96,614.16,613.88,614.13,281.02606
2026-08-12 05:32:00+00:00,614.13,614.36,614.13,614.34,314.71933
2026-08-12 05:33:00+00:00,614.34,614.56,614.24,614.44,0.39369
2026-08-12 05:34:00+00:00,614.44,614.45,614.38,614.38,0.20689
2026-08-12 05:35:00+00:00,614.38,614.56,614.23,614.53,192.54205
2026-08-12 05:36:00+00:00,614.53,614.73,614.5,614.51,90.56309
2026-08-12 05:37:00+00:00,614.51,614.73,614.34,614.44,314.073447927920664355
2026-08-12 05:38:00+00:00,614.44,614.45,614.38,614.43,0.23439
2026-08-12 05:39:00+00:00,614.43,614.46,613.8,614.15,0.36575
2026-08-12 05:40:00+00:00,614.15,614.16,613.87,613.93,96.47132
2026-08-12 05:41:00+00:00,613.93,614.06,613.8,613.86,0.959598496456261409
2026-08-12 05:42:00+00:00,613.86,614.1,613.71,614.1,224.923419853361693489
2026-08-12 05:43:00+00:00,614.1,614.15,613.57,613.66,273.901786386702231474
2026-08-12 05:44:00+00:00,613.66,613.84,613.64,613.64,97.83011
2026-08-12 05:45:00+00:00,613.64,613.76,613.56,613.57,0.26581
2026-08-12 05:46:00+00:00,613.57,613.86,613.55,613.86,96.56496
2026-08-12 05:47:00+00:00,613.86,613.86,613.6,613.61,96.550059689440993788
2026-08-12 05:48:00+00:00,613.61,613.61,613.43,613.43,0.24032
2026-08-12 05:49:00+00:00,613.43,613.46,613.34,613.46,0.47224
2026-08-12 05:50:00+00:00,613.46,613.46,613.14,613.15,96.811049568791180116
2026-08-12 05:51:00+00:00,613.15,613.46,613.15,613.27,192.76532
2026-08-12 05:52:00+00:00,613.27,613.46,613.24,613.44,0.46387
2026-08-12 05:53:00+00:00,613.44,613.56,613.34,613.36,0.40576
2026-08-12 05:54:00+00:00,613.36,613.98,613.34,613.59,132.847
2026-08-12 05:55:00+00:00,613.59,613.66,613.44,613.47,0.32462
2026-08-12 05:56:00+00:00,613.47,613.66,613.44,613.66,0.728188563348600674
2026-08-12 05:57:00+00:00,613.66,613.93,613.45,613.51,52.85999
2026-08-12 05:58:00+00:00,613.51,613.66,613.44,613.66,0.39081
2026-08-12 05:59:00+00:00,613.66,613.66,613.44,613.56,0.40608
2026-08-12 06:00:00+00:00,613.56,613.76,613.45,613.57,96.48034
2026-08-12 06:01:00+00:00,613.57,613.76,613.46,613.76,0.25983
2026-08-12 06:02:00+00:00,613.76,613.76,613.54,613.54,0.2888
2026-08-12 06:03:00+00:00,613.54,613.64,613.44,613.56,0.31351
2026-08-12 06:04:00+00:00,613.56,613.56,610.14,611.12,4787.506767851053912275
2026-08-12 06:05:00+00:00,611.12,611.66,611.09,611.66,756.82974
2026-08-12 06:06:00+00:00,611.66,612,610.65,612,1625.94327
2026-08-12 06:07:00+00:00,612,612,611.34,611.39,161.38039
2026-08-12 06:08:00+00:00,611.39,611.49,610.93,610.93,835.54258
2026-08-12 06:09:00+00:00,610.93,611.35,610.93,611.25,825.356009396475914405
2026-08-12 06:10:00+00:00,611.25,611.5,611.12,611.2,386.38641
2026-08-12 06:11:00+00:00,611.2,611.23,610.94,611.13,53.23054
2026-08-12 06:12:00+00:00,611.13,611.26,611.05,611.15,0.832288926613760942
2026-08-12 06:13:00+00:00,611.15,611.56,611.14,611.47,1948.73024
2026-08-12 06:14:00+00:00,611.47,611.48,611.25,611.26,1948.65638
2026-08-12 06:15:00+00:00,611.26,611.46,611.13,611.46,2536.1314
2026-08-12 06:16:00+00:00,611.46,611.46,611.04,611.04,1580.74213
2026-08-12 06:17:00+00:00,611.04,611.23,611,611.23,0.499489568791180116
2026-08-12 06:18:00+00:00,611.23,611.23,611.03,611.05,536.177
2026-08-12 06:19:00+00:00,611.05,611.23,610.97,610.97,0.53388
2026-08-12 06:20:00+00:00,610.97,611.06,610.84,610.84,582.94807
2026-08-12 06:21:00+00:00,610.84,610.86,610.62,610.75,0.45915
2026-08-12 06:22:00+00:00,610.75,610.86,610.54,610.74,105.72853
2026-08-12 06:23:00+00:00,610.74,610.76,610.37,610.76,290.20202
2026-08-12 06:24:00+00:00,610.76,611.03,610.64,610.96,96.92444
2026-08-12 06:25:00+00:00,610.96,611.29,610.65,611.28,407.31512
2026-08-12 06:26:00+00:00,611.28,611.29,611.06,611.07,237.52375
2026-08-12 06:27:00+00:00,611.07,611.43,611.05,611.27,400.90548
2026-08-12 06:28:00+00:00,611.27,611.43,611.16,611.23,0.58039
2026-08-12 06:29:00+00:00,611.23,611.36,611.04,611.2,158.49366
2026-08-12 06:30:00+00:00,611.2,611.2,610.85,611.04,404.1986
2026-08-12 06:31:00+00:00,611.04,611.16,611.04,611.15,0.37244
2026-08-12 06:32:00+00:00,611.15,611.36,611.14,611.14,1202.76216
2026-08-12 06:33:00+00:00,611.14,611.46,611.14,611.24,149.61751
2026-08-12 06:34:00+00:00,611.24,611.32,611.14,611.26,0.32698
2026-08-12 06:35:00+00:00,611.26,611.56,611.18,611.2,289.93147
2026-08-12 06:36:00+00:00,611.2,611.26,611.04,611.14,0.49261
2026-08-12 06:37:00+00:00,611.14,611.53,611.14,611.42,96.96936
2026-08-12 06:38:00+00:00,611.42,611.53,611.34,611.52,52.84203
2026-08-12 06:39:00+00:00,611.52,611.66,611.49,611.63,89.42658
2026-08-12 06:40:00+00:00,611.63,611.63,611.44,611.45,53.04448
2026-08-12 06:41:00+00:00,611.45,611.56,611.11,611.11,403.93426
2026-08-12 06:42:00+00:00,611.11,611.22,610.84,611.09,1458.865248265124118407
2026-08-12 06:43:00+00:00,611.09,611.31,611.04,611.31,193.398211734875881593
2026-08-12 06:44:00+00:00,611.31,611.56,611.09,611.56,503.531068265124118407
2026-08-12 06:45:00+00:00,611.56,611.83,611.27,611.82,252.82705
2026-08-12 06:46:00+00:00,611.82,611.86,611.74,611.82,0.35864
2026-08-12 06:47:00+00:00,611.82,611.85,611.31,611.31,8.219431584493300377
2026-08-12 06:48:00+00:00,611.31,611.82,611.31,611.75,0.36269
2026-08-12 06:49:00+00:00,611.75,611.86,611.63,611.79,53.02759
2026-08-12 06:50:00+00:00,611.79,611.86,611.74,611.78,0.27908
2026-08-12 06:51:00+00:00,611.78,611.78,611.67,611.71,0.33657
2026-08-12 06:52:00+00:00,611.71,611.73,611.51,611.56,0.25989
2026-08-12 06:53:00+00:00,611.56,611.74,611.44,611.44,0.3818
2026-08-12 06:54:00+00:00,611.44,611.53,611.44,611.49,0.39377
2026-08-12 06:55:00+00:00,611.49,611.73,611.34,611.52,96.9049
2026-08-12 06:56:00+00:00,611.52,611.56,611.34,611.55,53.07124
2026-08-12 06:57:00+00:00,611.55,611.69,611.44,611.68,0.40438
2026-08-12 06:58:00+00:00,611.68,611.84,611.54,611.54,52.98879
2026-08-12 06:59:00+00:00,611.54,611.89,611.54,611.86,0.2875
2026-08-12 07:00:00+00:00,611.86,612.36,611.84,612.14,377.03166
2026-08-12 07:01:00+00:00,612.14,612.14,612.04,612.14,0.3801
2026-08-12 07:02:00+00:00,612.14,612.14,612.1,612.14,0.36717
2026-08-12 07:03:00+00:00,612.14,612.43,612.1,612.39,223.40295
2026-08-12 07:04:00+00:00,612.39,612.61,612.39,612.59,1106.60365
2026-08-12 07:05:00+00:00,612.59,612.61,611.83,612.46,1945.52658
2026-08-12 07:06:00+00:00,612.46,612.47,612.32,612.32,0.41426
2026-08-12 07:07:00+00:00,612.32,612.61,612.24,612.45,262.201046411092985318
2026-08-12 07:08:00+00:00,612.45,612.46,612.17,612.17,613.58746
2026-08-12 07:09:00+00:00,612.17,612.36,612.08,612.26,52.91105
2026-08-12 07:10:00+00:00,612.26,612.46,612.26,612.42,201.923428924267659449
2026-08-12 07:11:00+00:00,612.42,612.62,612.42,612.61,1080.41795622754428962
2026-08-12 07:12:00+00:00,612.61,612.63,612.24,612.32,97.953257272556013946
2026-08-12 07:13:00+00:00,612.32,612.34,612.24,612.29,0.40224
2026-08-12 07:14:00+00:00,612.29,612.3,612.14,612.26,0.27679
2026-08-12 07:15:00+00:00,612.26,612.26,612.05,612.07,52.86958
2026-08-12 07:16:00+00:00,612.07,612.08,612.04,612.08,0.30963
2026-08-12 07:17:00+00:00,612.08,612.46,612.07,612.3,254.3144
2026-08-12 07:18:00+00:00,612.3,612.63,612.24,612.51,52.86336
2026-08-12 07:19:00+00:00,612.51,612.63,612.34,612.34,0.4873
2026-08-12 07:20:00+00:00,612.34,612.46,612.08,612.14,0.31136
2026-08-12 07:21:00+00:00,612.14,612.26,612.01,612.01,0.34933
2026-08-12 07:22:00+00:00,612.01,612.26,612.01,612.21,52.91251
2026-08-12 07:23:00+00:00,612.21,612.26,612.16,612.16,0.36015
2026-08-12 07:24:00+00:00,612.16,612.23,612.04,612.16,0.26562
2026-08-12 07:25:00+00:00,612.16,612.25,612.04,612.16,0.32952
2026-08-12 07:26:00+00:00,612.16,612.24,612.04,612.21,52.81124
2026-08-12 07:27:00+00:00,612.21,612.26,612.09,612.16,0.27502
2026-08-12 07:28:00+00:00,612.16,612.16,612.11,612.16,0.36301
2026-08-12 07:29:00+00:00,612.16,612.35,612.14,612.34,0.26199
2026-08-12 07:30:00+00:00,612.34,612.35,612.28,612.35,0.25548
2026-08-12 07:31:00+00:00,612.35,612.4,612.3,612.4,0.31744
2026-08-12 07:32:00+00:00,612.4,613,612.4,612.69,0.42268
2026-08-12 07:33:00+00:00,612.69,612.76,612.64,612.65,0.43308
2026-08-12 07:34:00+00:00,612.65,612.65,612.37,612.61,96.58358
2026-08-12 07:35:00+00:00,612.61,612.82,612.34,612.46,289.34205
2026-08-12 07:36:00+00:00,612.46,612.46,612.24,612.34,0.48988
2026-08-12 07:37:00+00:00,612.34,612.36,612.13,612.24,0.34709
2026-08-12 07:38:00+00:00,612.24,612.26,611.77,611.93,96.87741
2026-08-12 07:39:00+00:00,611.93,611.93,611.74,611.85,0.37441
2026-08-12 07:40:00+00:00,611.85,611.87,611.84,611.84,0.21692
2026-08-12 07:41:00+00:00,611.84,611.92,611.84,611.92,0.20139
2026-08-12 07:42:00+00:00,611.92,612.23,611.88,611.94,0.37955
2026-08-12 07:43:00+00:00,611.94,611.96,611.87,611.87,0.32289
2026-08-12 07:44:00+00:00,611.87,611.91,611.74,611.89,0.20223
2026-08-12 07:45:00+00:00,611.89,611.9,611.64,611.66,0.44527
2026-08-12 07:46:00+00:00,611.66,611.66,611.54,611.64,0.4276
2026-08-12 07:47:00+00:00,611.64,611.85,611.64,611.83,0.34615
2026-08-12 07:48:00+00:00,611.83,611.99,611.83,611.98,52.7735
2026-08-12 07:49:00+00:00,611.98,612.13,611.98,611.99,0.31815
2026-08-12 07:50:00+00:00,611.99,612.06,611.94,612.06,0.34371
2026-08-12 07:51:00+00:00,612.06,612.06,611.94,611.99,0.16342
2026-08-12 07:52:00+00:00,611.99,611.99,611.74,611.84,0.41468
2026-08-12 07:53:00+00:00,611.84,611.96,611.84,611.87,0.31376
2026-08-12 07:54:00+00:00,611.87,612.06,611.87,612.05,52.86219
2026-08-12 07:55:00+00:00,612.05,612.26,612.04,612.18,105.4387
2026-08-12 07:56:00+00:00,612.18,612.53,612.18,612.44,96.75313
2026-08-12 07:57:00+00:00,612.44,612.57,612.33,612.56,0.33651
2026-08-12 07:58:00+00:00,612.56,612.76,612.44,612.64,0.44438
2026-08-12 07:59:00+00:00,612.64,612.76,612.54,612.66,0.47107
2026-08-12 08:00:00+00:00,612.66,612.66,612.37,612.38,96.59356
2026-08-12 08:01:00+00:00,612.38,612.8,612.34,612.8,875.99281
2026-08-12 08:02:00+00:00,612.8,613.06,612.79,613,133.06907
2026-08-12 08:03:00+00:00,613,613.36,613,613.2,851.59881
2026-08-12 08:04:00+00:00,613.2,613.21,613.14,613.14,0.1821
2026-08-12 08:05:00+00:00,613.14,613.16,612.27,612.51,649.28335548488790889
2026-08-12 08:06:00+00:00,612.51,612.59,612.1,612.15,1647.1276
2026-08-12 08:07:00+00:00,612.15,612.5,612.15,612.26,283.81859
2026-08-12 08:08:00+00:00,612.26,612.46,612.26,612.43,294.884487252212533881
2026-08-12 08:09:00+00:00,612.43,612.43,612.24,612.36,0.33195
2026-08-12 08:10:00+00:00,612.36,612.36,612.14,612.16,53.01517
2026-08-12 08:11:00+00:00,612.16,612.32,612.14,612.24,53.90330189754312598
2026-08-12 08:12:00+00:00,612.24,612.36,612.24,612.34,0.57208
2026-08-12 08:13:00+00:00,612.34,612.36,612.24,612.24,0.45648
2026-08-12 08:14:00+00:00,612.24,612.36,612.07,612.07,100.514242019583843329
2026-08-12 08:15:00+00:00,612.07,612.12,612.07,612.11,0.40006
2026-08-12 08:16:00+00:00,612.11,612.12,612.06,612.12,0.33198
2026-08-12 08:17:00+00:00,612.12,612.18,611.94,612.1,2735.34345
2026-08-12 08:18:00+00:00,612.1,612.23,612.1,612.22,1.522869809058687094
2026-08-12 08:19:00+00:00,612.22,612.65,612.04,612.6,146.180810886994021366
2026-08-12 08:20:00+00:00,612.6,612.86,612.44,612.86,945.92992
2026-08-12 08:21:00+00:00,612.86,612.86,612.44,612.48,879.05672
2026-08-12 08:22:00+00:00,612.48,612.51,612.37,612.38,0.4821
2026-08-12 08:23:00+00:00,612.38,612.77,612.37,612.77,395.88912
2026-08-12 08:24:00+00:00,612.77,612.77,612.68,612.77,4.629660886994021366
2026-08-12 08:25:00+00:00,612.77,612.77,612.54,612.64,867.44799
2026-08-12 08:26:00+00:00,612.64,612.67,612.44,612.54,52.80038
2026-08-12 08:27:00+00:00,612.54,612.66,612.35,612.36,96.71907
2026-08-12 08:28:00+00:00,612.36,612.4,612.14,612.18,553.92907
2026-08-12 08:29:00+00:00,612.18,612.4,612.18,612.28,0.27888
2026-08-12 08:30:00+00:00,612.28,612.4,611.94,611.95,1927.09685
2026-08-12 08:31:00+00:00,611.95,612.06,611.81,611.83,133.28748
2026-08-12 08:32:00+00:00,611.83,611.83,611.6,611.61,612.2681
2026-08-12 08:33:00+00:00,611.61,611.64,611.6,611.6,0.49674
2026-08-12 08:34:00+00:00,611.6,611.64,611.35,611.35,1387.18094
2026-08-12 08:35:00+00:00,611.35,611.41,611.32,611.36,0.43658
2026-08-12 08:36:00+00:00,611.36,611.49,610.63,610.63,1509.576367353677083844
2026-08-12 08:37:00+00:00,610.63,610.99,610.62,610.78,97.07597
2026-08-12 08:38:00+00:00,610.78,611.06,610.75,611.06,96.9816
2026-08-12 08:39:00+00:00,611.06,611.06,610.94,610.97,0.29535
2026-08-12 08:40:00+00:00,610.97,611.13,610.43,611.13,423.28591
2026-08-12 08:41:00+00:00,611.13,611.13,610.89,610.89,0.367378677503314835
2026-08-12 08:42:00+00:00,610.89,610.89,610.74,610.74,149.49618
2026-08-12 08:43:00+00:00,610.74,610.75,610.44,610.61,1600.62091
2026-08-12 08:44:00+00:00,610.61,610.66,610.54,610.54,0.34465
2026-08-12 08:45:00+00:00,610.54,610.66,610.34,610.56,53.08863
2026-08-12 08:46:00+00:00,610.56,610.92,610.54,610.89,97.0607
2026-08-12 08:47:00+00:00,610.89,610.96,610.84,610.95,0.44902
2026-08-12 08:48:00+00:00,610.95,611.2,610.84,611.19,97.02903
2026-08-12 08:49:00+00:00,611.19,611.33,611.06,611.11,96.65779
2026-08-12 08:50:00+00:00,611.11,611.16,611.06,611.16,0.35198
2026-08-12 08:51:00+00:00,611.16,611.16,610.73,610.73,0.34818
2026-08-12 08:52:00+00:00,610.73,610.86,610.34,610.66,385.46028
2026-08-12 08:53:00+00:00,610.66,610.86,610.66,610.74,0.31908
2026-08-12 08:54:00+00:00,610.74,610.96,610.74,610.96,0.38864
2026-08-12 08:55:00+00:00,610.96,610.96,610.84,610.88,0.27478
2026-08-12 08:56:00+00:00,610.88,610.96,610.74,610.85,0.36047
2026-08-12 08:57:00+00:00,610.85,610.86,610.74,610.86,0.45033
2026-08-12 08:58:00+00:00,610.86,610.86,610.64,610.76,0.31454
2026-08-12 08:59:00+00:00,610.76,610.96,610.76,610.96,0.23414
2026-08-12 09:00:00+00:00,610.96,610.96,610.64,610.64,57.145852721079523123
2026-08-12 09:01:00+00:00,610.64,610.86,610.64,610.76,0.3836
2026-08-12 09:02:00+00:00,610.76,610.76,610.34,610.75,0.36495
2026-08-12 09:03:00+00:00,610.75,611.13,610.65,610.95,98.184549141590169031
2026-08-12 09:04:00+00:00,610.95,610.96,610.84,610.96,0.41788
2026-08-12 09:05:00+00:00,610.96,610.96,610.74,610.85,0.33867
2026-08-12 09:06:00+00:00,610.85,611.46,610.85,611.46,186.04379
2026-08-12 09:07:00+00:00,611.46,611.73,611.41,611.72,786.83907
2026-08-12 09:08:00+00:00,611.72,611.73,611.7,611.7,0.22405
2026-08-12 09:09:00+00:00,611.7,611.99,611.7,611.99,4560.841886681047161486
2026-08-12 09:10:00+00:00,611.99,611.99,611.55,611.92,366.816382721079523123
2026-08-12 09:11:00+00:00,611.92,611.99,611.54,611.92,32.873537278920476877
2026-08-12 09:12:00+00:00,611.92,611.98,611.88,611.96,0.28287
2026-08-12 09:13:00+00:00,611.96,611.97,611.74,611.74,0.19921
2026-08-12 09:14:00+00:00,611.74,611.86,611.74,611.78,0.35357
2026-08-12 09:15:00+00:00,611.78,612.01,611.74,611.79,0.29807
2026-08-12 09:16:00+00:00,611.79,612.02,611.78,611.82,0.4357
2026-08-12 09:17:00+00:00,611.82,612.06,611.8,611.96,53.26045
2026-08-12 09:18:00+00:00,611.96,612.06,611.94,612.06,0.32137
2026-08-12 09:19:00+00:00,612.06,612.27,611.94,612.26,282.764567353677083844
2026-08-12 09:20:00+00:00,612.26,612.29,611.87,612.01,624.91281
2026-08-12 09:21:00+00:00,612.01,612.01,611.58,611.7,140.91693
2026-08-12 09:22:00+00:00,611.7,611.76,611.7,611.73,0.38052
2026-08-12 09:23:00+00:00,611.73,612.16,611.71,611.92,282.41738
2026-08-12 09:24:00+00:00,611.92,612.16,611.84,612.16,211.0194
2026-08-12 09:25:00+00:00,612.16,612.66,612.16,612.66,683.718636796589524969
2026-08-12 09:26:00+00:00,612.66,612.66,612.44,612.44,0.43118
2026-08-12 09:27:00+00:00,612.44,612.76,612.34,612.41,83.477865769012163237
2026-08-12 09:28:00+00:00,612.41,612.46,612.41,612.45,0.4753
2026-08-12 09:29:00+00:00,612.45,612.66,612.34,612.47,158.071615366076676898
2026-08-12 09:30:00+00:00,612.47,612.93,612.34,612.74,306.512584633923323102
2026-08-12 09:31:00+00:00,612.74,612.76,612.54,612.7,298.10707
2026-08-12 09:32:00+00:00,612.7,613.19,612.66,613.19,1144.33642
2026-08-12 09:33:00+00:00,613.19,613.19,612.77,612.82,302.25554
2026-08-12 09:34:00+00:00,612.82,612.94,612.74,612.77,53.049
2026-08-12 09:35:00+00:00,612.77,613.13,612.67,613.11,201.65752
2026-08-12 09:36:00+00:00,613.11,613.33,613.1,613.1,544.31372
2026-08-12 09:37:00+00:00,613.1,613.25,612.87,612.87,0.57127
2026-08-12 09:38:00+00:00,612.87,613.53,612.87,613.36,875.07295
2026-08-12 09:39:00+00:00,613.36,613.54,613.36,613.48,141.79512
2026-08-12 09:40:00+00:00,613.48,613.48,613.04,613.14,149.16861
2026-08-12 09:41:00+00:00,613.14,613.26,612.94,612.99,105.40429
2026-08-12 09:42:00+00:00,612.99,613.03,612.99,613.03,0.25863
2026-08-12 09:43:00+00:00,613.03,613.26,613.02,613.25,428.94961
2026-08-12 09:44:00+00:00,613.25,613.42,613.19,613.42,929.16293
2026-08-12 09:45:00+00:00,613.42,613.56,613.38,613.55,380.334623905019644924
2026-08-12 09:46:00+00:00,613.55,613.56,613.17,613.22,1025.251916187079398223
2026-08-12 09:47:00+00:00,613.22,613.46,613.22,613.46,105.41818
2026-08-12 09:48:00+00:00,613.46,613.46,613.24,613.41,105.17545
2026-08-12 09:49:00+00:00,613.41,613.47,613.32,613.45,0.40257
2026-08-12 09:50:00+00:00,613.45,614.2,613.43,613.67,1599.586221336510422275
2026-08-12 09:51:00+00:00,613.67,613.74,613.44,613.44,0.52761
2026-08-12 09:52:00+00:00,613.44,613.56,613.3,613.43,96.59834
2026-08-12 09:53:00+00:00,613.43,613.64,613.35,613.56,1854.2863
2026-08-12 09:54:00+00:00,613.56,613.76,613.44,613.56,210.1158
2026-08-12 09:55:00+00:00,613.56,613.59,613.56,613.58,0.32831
2026-08-12 09:56:00+00:00,613.58,613.66,613.54,613.66,157.44217
2026-08-12 09:57:00+00:00,613.66,613.72,613.54,613.63,0.35631
2026-08-12 09:58:00+00:00,613.63,613.76,613.57,613.76,0.33486
2026-08-12 09:59:00+00:00,613.76,613.96,613.75,613.84,105.612329992343905259
2026-08-12 10:00:00+00:00,613.84,614.22,613.84,614.22,631.838020007656094741
2026-08-12 10:01:00+00:00,614.22,614.22,614.14,614.15,0.375425291100073283
2026-08-12 10:02:00+00:00,614.15,614.66,613.87,614.49,4683.80822
2026-08-12 10:03:00+00:00,614.49,614.49,613.74,613.74,1245.090619215839520646
2026-08-12 10:04:00+00:00,613.74,614.13,613.72,613.95,149.1218
2026-08-12 10:05:00+00:00,613.95,613.95,613.75,613.77,52.78973
2026-08-12 10:06:00+00:00,613.77,613.95,613.62,613.95,222.82291
2026-08-12 10:07:00+00:00,613.95,613.95,613.75,613.76,0.375506625309156728
2026-08-12 10:08:00+00:00,613.76,613.96,613.74,613.96,56.133235871212523075
2026-08-12 10:09:00+00:00,613.96,613.96,613.74,613.76,105.247307827921601851
2026-08-12 10:10:00+00:00,613.76,613.86,613.55,613.86,0.50918
2026-08-12 10:11:00+00:00,613.86,613.86,613.64,613.75,0.32614
2026-08-12 10:12:00+00:00,613.75,613.96,613.74,613.96,0.38649
2026-08-12 10:13:00+00:00,613.96,613.96,613.84,613.84,0.29884
2026-08-12 10:14:00+00:00,613.84,613.96,613.84,613.84,0.35869
2026-08-12 10:15:00+00:00,613.84,614.06,613.84,613.88,0.35636
2026-08-12 10:16:00+00:00,613.88,613.93,613.64,613.65,125.552505139748517818
2026-08-12 10:17:00+00:00,613.65,613.66,613.54,613.54,53.776620116676987256
2026-08-12 10:18:00+00:00,613.54,613.96,613.27,613.96,229.620057252212533881
2026-08-12 10:19:00+00:00,613.96,613.98,613.74,613.86,0.3823
2026-08-12 10:20:00+00:00,613.86,613.96,613.69,613.74,0.36696
2026-08-12 10:21:00+00:00,613.74,614.13,613.74,614.04,96.43147
2026-08-12 10:22:00+00:00,614.04,614.13,613.84,613.84,297.31637
2026-08-12 10:23:00+00:00,613.84,614.53,613.84,614.48,681.47159
2026-08-12 10:24:00+00:00,614.48,615.05,614.48,614.56,9337.753168677503314835
2026-08-12 10:25:00+00:00,614.56,614.59,614.27,614.3,1188.994190116676987256
2026-08-12 10:26:00+00:00,614.3,614.76,614.27,614.74,874.574532747894779733
2026-08-12 10:27:00+00:00,614.74,614.76,614.27,614.34,135.285839567084283338
2026-08-12 10:28:00+00:00,614.34,614.36,614.18,614.26,1084.75747
2026-08-12 10:29:00+00:00,614.26,614.36,614.14,614.25,779.29001
2026-08-12 10:30:00+00:00,614.25,614.26,614.14,614.19,0.39183
2026-08-12 10:31:00+00:00,614.19,614.36,613.4,614.35,0.32395
2026-08-12 10:32:00+00:00,614.35,614.36,614.35,614.35,0.18097
2026-08-12 10:33:00+00:00,614.35,614.36,614.34,614.36,0.365488265124118407
2026-08-12 10:34:00+00:00,614.36,614.36,614.24,614.26,0.38161
2026-08-12 10:35:00+00:00,614.26,614.36,614.14,614.16,0.40469
2026-08-12 10:36:00+00:00,614.16,614.26,614.04,614.04,0.3156
2026-08-12 10:37:00+00:00,614.04,614.14,613.74,613.74,54.881943730856956663
2026-08-12 10:38:00+00:00,613.74,614.15,613.74,614.14,105.34013
2026-08-12 10:39:00+00:00,614.14,614.26,613.88,614.16,0.32841
2026-08-12 10:40:00+00:00,614.16,614.26,614.13,614.15,0.4015
2026-08-12 10:41:00+00:00,614.15,614.36,614.14,614.24,0.31961
2026-08-12 10:42:00+00:00,614.24,614.46,614.24,614.41,0.42123
2026-08-12 10:43:00+00:00,614.41,614.43,614.34,614.37,0.47576
2026-08-12 10:44:00+00:00,614.37,614.39,614.25,614.27,52.60575
2026-08-12 10:45:00+00:00,614.27,614.27,614.14,614.16,2812.77581
2026-08-12 10:46:00+00:00,614.16,614.26,614.07,614.26,1.488393870001302592
2026-08-12 10:47:00+00:00,614.26,614.27,614.24,614.27,0.4753
2026-08-12 10:48:00+00:00,614.27,614.46,614.24,614.24,261.12141
2026-08-12 10:49:00+00:00,614.24,614.44,613.93,614.14,2370.55846
2026-08-12 10:50:00+00:00,614.14,614.46,614.14,614.25,0.40944
2026-08-12 10:51:00+00:00,614.25,614.46,614.24,614.46,52.74573
2026-08-12 10:52:00+00:00,614.46,614.56,614.25,614.26,96.37788
2026-08-12 10:53:00+00:00,614.26,614.46,614.26,614.42,148.85206
2026-08-12 10:54:00+00:00,614.42,614.46,614.42,614.46,0.2848
2026-08-12 10:55:00+00:00,614.46,614.56,614.45,614.54,0.24732
2026-08-12 10:56:00+00:00,614.54,614.56,614.34,614.46,0.37249
2026-08-12 10:57:00+00:00,614.46,614.46,614.24,614.26,52.73188
2026-08-12 10:58:00+00:00,614.26,614.26,614.14,614.2,0.26583
2026-08-12 10:59:00+00:00,614.2,614.26,614.14,614.14,0.29793
2026-08-12 11:00:00+00:00,614.14,614.56,614.14,614.54,96.49885
2026-08-12 11:01:00+00:00,614.54,614.56,614.34,614.54,0.47539
2026-08-12 11:02:00+00:00,614.54,614.56,614.17,614.36,96.30779
2026-08-12 11:03:00+00:00,614.36,614.36,614.13,614.13,0.27549
2026-08-12 11:04:00+00:00,614.13,614.14,614.04,614.14,0.21446
2026-08-12 11:05:00+00:00,614.14,614.14,613.74,613.86,306.18536
2026-08-12 11:06:00+00:00,613.86,613.86,613.54,613.65,500.06158
2026-08-12 11:07:00+00:00,613.65,613.76,613.44,613.66,2.118366096552445538
2026-08-12 11:08:00+00:00,613.66,613.86,613.54,613.82,185.381141145287595044
2026-08-12 11:09:00+00:00,613.82,613.86,613.74,613.74,12.210410204917205338
2026-08-12 11:10:00+00:00,613.74,614.39,613.09,613.61,191.581197161136587321
2026-08-12 11:11:00+00:00,613.61,613.76,613.54,613.65,52.87786
2026-08-12 11:12:00+00:00,613.65,613.76,613.65,613.67,0.37453
2026-08-12 11:13:00+00:00,613.67,613.86,613.64,613.84,1756.86641
2026-08-12 11:14:00+00:00,613.84,613.96,613.84,613.84,0.42739
2026-08-12 11:15:00+00:00,613.84,613.96,613.84,613.96,0.32691
2026-08-12 11:16:00+00:00,613.96,613.96,613.84,613.84,4.36306624259785256
2026-08-12 11:17:00+00:00,613.84,614.09,613.84,614.08,142.003716102600252097
2026-08-12 11:18:00+00:00,614.08,614.16,614.04,614.13,0.32784
2026-08-12 11:19:00+00:00,614.13,614.37,614.04,614.17,19.213424814214311273
2026-08-12 11:20:00+00:00,614.17,614.53,614.04,614.36,52.77791
2026-08-12 11:21:00+00:00,614.36,614.53,614.35,614.51,148.615959716856784859
2026-08-12 11:22:00+00:00,614.51,614.51,614.46,614.5,0.29166
2026-08-12 11:23:00+00:00,614.5,614.66,614.45,614.66,0.502579716856784859
2026-08-12 11:24:00+00:00,614.66,614.66,614.54,614.54,0.745190764799687571
2026-08-12 11:25:00+00:00,614.54,614.7,614.44,614.54,0.42691
2026-08-12 11:26:00+00:00,614.54,614.71,614.54,614.71,53.208857733853912477
2026-08-12 11:27:00+00:00,614.71,614.76,614.55,614.66,0.26848
2026-08-12 11:28:00+00:00,614.66,614.66,614.54,614.65,2.352273730856956663
2026-08-12 11:29:00+00:00,614.65,614.79,614.53,614.78,1.035493060191139838
2026-08-12 11:30:00+00:00,614.78,614.88,614.78,614.83,0.34282
2026-08-12 11:31:00+00:00,614.83,614.86,614.74,614.86,0.42102
2026-08-12 11:32:00+00:00,614.86,614.96,614.82,614.82,0.281
2026-08-12 11:33:00+00:00,614.82,614.82,614.34,614.5,52.74911
2026-08-12 11:34:00+00:00,614.5,614.52,614.04,614.44,0.532815366076676898
2026-08-12 11:35:00+00:00,614.44,614.66,614.34,614.46,0.34738
2026-08-12 11:36:00+00:00,614.46,614.46,614.34,614.36,0.31961
2026-08-12 11:37:00+00:00,614.36,614.46,614.34,614.37,0.32425
2026-08-12 11:38:00+00:00,614.37,614.44,614.34,614.34,19.687433720884808828
2026-08-12 11:39:00+00:00,614.34,614.66,614.34,614.66,105.0587
2026-08-12 11:40:00+00:00,614.66,614.66,614.65,614.66,0.21187
2026-08-12 11:41:00+00:00,614.66,614.66,614.65,614.65,0.22921
2026-08-12 11:42:00+00:00,614.65,614.66,614.65,614.66,2.49361559694576529
2026-08-12 11:43:00+00:00,614.66,614.66,614.65,614.66,16.484914035947781011
2026-08-12 11:44:00+00:00,614.66,614.66,614.43,614.44,96.30416
2026-08-12 11:45:00+00:00,614.44,614.56,614.43,614.56,0.37657
2026-08-12 11:46:00+00:00,614.56,614.56,614.35,614.46,0.39843
2026-08-12 11:47:00+00:00,614.46,614.54,614.25,614.34,105.12716
2026-08-12 11:48:00+00:00,614.34,614.46,614.34,614.44,0.29721
2026-08-12 11:49:00+00:00,614.44,614.46,614.34,614.38,0.21133
2026-08-12 11:50:00+00:00,614.38,614.66,614.37,614.63,96.46644
2026-08-12 11:51:00+00:00,614.63,614.76,614.54,614.65,0.41692
2026-08-12 11:52:00+00:00,614.65,614.66,614.44,614.44,1.146250804784766864
2026-08-12 11:53:00+00:00,614.44,614.82,614.44,614.74,96.46833
2026-08-12 11:54:00+00:00,614.74,614.96,614.64,614.95,89.642228024932779271
2026-08-12 11:55:00+00:00,614.95,615.06,614.89,615.05,54.519299602221016982
2026-08-12 11:56:00+00:00,615.05,615.06,615.02,615.03,0.34483
2026-08-12 11:57:00+00:00,615.03,615.06,615.02,615.06,0.36125
2026-08-12 11:58:00+00:00,615.06,615.06,615.02,615.05,0.46629
2026-08-12 11:59:00+00:00,615.05,615.43,615.02,615.08,1.043838476199784967
2026-08-12 12:00:00+00:00,615.08,615.43,615.04,615.04,0.32552
2026-08-12 12:01:00+00:00,615.04,615.11,614.84,615.06,200.95782
2026-08-12 12:02:00+00:00,615.06,615.06,614.84,614.94,0.854289657067594595
2026-08-12 12:03:00+00:00,614.94,615.06,614.94,615.06,0.31087
2026-08-12 12:04:00+00:00,615.06,615.16,615.04,615.13,0.33703
2026-08-12 12:05:00+00:00,615.13,615.16,614.94,614.96,0.30318
2026-08-12 12:06:00+00:00,614.96,615.01,614.84,614.84,0.34281
2026-08-12 12:07:00+00:00,614.84,614.96,614.84,614.95,0.31473
2026-08-12 12:08:00+00:00,614.95,615.16,614.88,615.05,96.2187
2026-08-12 12:09:00+00:00,615.05,615.16,615.05,615.11,0.20246
2026-08-12 12:10:00+00:00,615.11,615.16,614.87,614.87,52.941550497678797519
2026-08-12 12:11:00+00:00,614.87,615.48,614.84,614.99,0.23894
2026-08-12 12:12:00+00:00,614.99,615.16,614.95,614.95,0.40111
2026-08-12 12:13:00+00:00,614.95,615.26,614.95,615.2,52.56108
2026-08-12 12:14:00+00:00,615.2,615.2,615.04,615.06,0.27354
2026-08-12 12:15:00+00:00,615.06,615.16,615.04,615.06,0.32594
2026-08-12 12:16:00+00:00,615.06,615.46,615.06,615.35,175.265374183053271362
2026-08-12 12:17:00+00:00,615.35,615.5,615.07,615.46,84.258395816946728638
2026-08-12 12:18:00+00:00,615.46,615.83,615.44,615.75,301.98226
2026-08-12 12:19:00+00:00,615.75,615.75,615.44,615.49,213.62227
2026-08-12 12:20:00+00:00,615.49,615.56,615.44,615.56,1.659518465866338033
2026-08-12 12:21:00+00:00,615.56,615.56,615.34,615.34,52.69709
2026-08-12 12:22:00+00:00,615.34,615.43,615.34,615.42,0.32897
2026-08-12 12:23:00+00:00,615.42,615.43,615.04,615.04,97.06767420395421436
2026-08-12 12:24:00+00:00,615.04,615.08,614.86,614.91,95.43929579604578564
2026-08-12 12:25:00+00:00,614.91,614.92,614.38,614.44,371.020801363390440768
2026-08-12 12:26:00+00:00,614.44,614.76,614.44,614.47,297.0353
2026-08-12 12:27:00+00:00,614.47,614.86,614.47,614.84,105.07435
2026-08-12 12:28:00+00:00,614.84,615.19,614.77,615.17,1182.62822
2026-08-12 12:29:00+00:00,615.17,615.73,614.78,615.21,2940.56348
2026-08-12 12:30:00+00:00,615.21,615.63,613.48,614.03,6754.990341685404661894
2026-08-12 12:31:00+00:00,614.03,614.03,613.35,613.96,2557.79976
2026-08-12 12:32:00+00:00,613.96,614.26,613.74,614.18,742.6352
2026-08-12 12:33:00+00:00,614.18,614.52,614.14,614.36,1516.888782631064799739
2026-08-12 12:34:00+00:00,614.36,614.66,614.07,614.07,5387.2282
2026-08-12 12:35:00+00:00,614.07,614.39,613.54,613.54,341.06455
2026-08-12 12:36:00+00:00,613.54,613.96,613.54,613.74,1055.76457
2026-08-12 12:37:00+00:00,613.74,613.96,613.44,613.44,668.63081
2026-08-12 12:38:00+00:00,613.44,613.52,613.14,613.15,127.1364
2026-08-12 12:39:00+00:00,613.15,613.15,612.2,612.8,1828.803219215398542551
2026-08-12 12:40:00+00:00,612.8,613.08,612.66,612.95,556.917214968497018948
2026-08-12 12:41:00+00:00,612.95,613.08,612.84,612.84,0.44128
2026-08-12 12:42:00+00:00,612.84,612.95,612.32,612.55,1267.15441
2026-08-12 12:43:00+00:00,612.55,612.56,612.34,612.37,53.14772
2026-08-12 12:44:00+00:00,612.37,612.41,611.5,611.74,127.444451363390440768
2026-08-12 12:45:00+00:00,611.74,611.94,611.57,611.57,1178.70885
2026-08-12 12:46:00+00:00,611.57,611.76,611.21,611.37,2059.581509040028670154
2026-08-12 12:47:00+00:00,611.37,611.73,611,611,238.88266
2026-08-12 12:48:00+00:00,611,611.33,610.47,611.3,1379.130982502207830438
2026-08-12 12:49:00+00:00,611.3,611.33,610.77,610.77,881.009558126097989459
2026-08-12 12:50:00+00:00,610.77,611.56,610.77,611.55,149.54126
2026-08-12 12:51:00+00:00,611.55,611.81,611.44,611.8,53.01465
2026-08-12 12:52:00+00:00,611.8,612.06,611.73,612.04,60.69969
2026-08-12 12:53:00+00:00,612.04,612.49,612,612.49,415.35696
2026-08-12 12:54:00+00:00,612.49,612.49,612.14,612.34,1029.88417
2026-08-12 12:55:00+00:00,612.34,612.73,612.34,612.61,96.65722
2026-08-12 12:56:00+00:00,612.61,613.06,612.6,613.06,708.871060816233321371
2026-08-12 12:57:00+00:00,613.06,613.19,612.85,613.17,96.65163
2026-08-12 12:58:00+00:00,613.17,613.19,613.01,613.02,96.68724
2026-08-12 12:59:00+00:00,613.02,613.26,613.02,613.26,96.54563
2026-08-12 13:00:00+00:00,613.26,613.49,613.04,613.24,660.21594
2026-08-12 13:01:00+00:00,613.24,613.36,613.04,613.29,96.8143
2026-08-12 13:02:00+00:00,613.29,613.36,613.05,613.36,0.38395
2026-08-12 13:03:00+00:00,613.36,613.46,613.24,613.44,53.870522328633140435
2026-08-12 13:04:00+00:00,613.44,613.66,613.34,613.66,96.7315
2026-08-12 13:05:00+00:00,613.66,613.66,613.63,613.65,0.3492
2026-08-12 13:06:00+00:00,613.65,613.73,613.44,613.66,0.40569
2026-08-12 13:07:00+00:00,613.66,613.86,613.54,613.79,105.25668
2026-08-12 13:08:00+00:00,613.79,613.82,613.5,613.52,52.86526
2026-08-12 13:09:00+00:00,613.52,613.84,613.46,613.84,53.942985885947046843
2026-08-12 13:10:00+00:00,613.84,613.96,613.57,613.64,96.58523
2026-08-12 13:11:00+00:00,613.64,613.96,613.34,613.35,632.95248
2026-08-12 13:12:00+00:00,613.35,613.35,613.24,613.24,215.59775
2026-08-12 13:13:00+00:00,613.24,613.24,612.84,612.87,1034.070905885947046843
2026-08-12 13:14:00+00:00,612.87,613.25,612.84,613.25,765.52792274955503014
2026-08-12 13:15:00+00:00,613.25,613.86,613.23,613.86,1806.70139
2026-08-12 13:16:00+00:00,613.86,613.86,613.43,613.43,96.58389
2026-08-12 13:17:00+00:00,613.43,613.76,613.43,613.76,341.401000753620591895
2026-08-12 13:18:00+00:00,613.76,613.76,613.37,613.76,0.35905
2026-08-12 13:19:00+00:00,613.76,613.86,613.64,613.86,96.3854
2026-08-12 13:20:00+00:00,613.86,614.23,613.65,614.22,96.56278
2026-08-12 13:21:00+00:00,614.22,614.23,613.74,613.78,192.71931
2026-08-12 13:22:00+00:00,613.78,613.96,613.74,613.96,52.88913
2026-08-12 13:23:00+00:00,613.96,613.96,613.84,613.95,1.118117198704846791
2026-08-12 13:24:00+00:00,613.95,614.02,613.84,613.85,1398.92281
2026-08-12 13:25:00+00:00,613.85,613.87,613.44,613.56,770.98034
2026-08-12 13:26:00+00:00,613.56,613.65,613.27,613.44,97.396637198704846791
2026-08-12 13:27:00+00:00,613.44,613.56,613.44,613.46,0.49738
2026-08-12 13:28:00+00:00,613.46,613.56,613.44,613.53,0.818191873634792814
2026-08-12 13:29:00+00:00,613.53,613.9,613.44,613.9,132.55135
2026-08-12 13:30:00+00:00,613.9,614.07,613.56,613.64,0.57538
2026-08-12 13:31:00+00:00,613.64,613.73,612.97,613.28,979.09223
2026-08-12 13:32:00+00:00,613.28,613.76,613.13,613.76,2220.00303
2026-08-12 13:33:00+00:00,613.76,613.79,613.44,613.45,395.41079
2026-08-12 13:34:00+00:00,613.45,613.45,612.84,612.84,185.55093
2026-08-12 13:35:00+00:00,612.84,613.16,612.84,613.15,158.650930764799687571
2026-08-12 13:36:00+00:00,613.15,613.46,613.13,613.44,1525.838897855861731615
2026-08-12 13:37:00+00:00,613.44,613.66,613.24,613.24,295.87731
2026-08-12 13:38:00+00:00,613.24,613.32,612.98,613.08,2076.08317
2026-08-12 13:39:00+00:00,613.08,613.2,612.84,613.06,105.61719
2026-08-12 13:40:00+00:00,613.06,613.16,612.49,612.66,569.569490816233321371
2026-08-12 13:41:00+00:00,612.66,612.99,612.39,612.98,1218.411468124777858944
2026-08-12 13:42:00+00:00,612.98,613.13,612.79,613,210.054556431465774538
2026-08-12 13:43:00+00:00,613,613.32,612.95,613.11,2933.865805443756366518
2026-08-12 13:44:00+00:00,613.11,613.19,612.79,612.97,348.701304556243633482
2026-08-12 13:45:00+00:00,612.97,613.6,612.97,613.6,450.06919
2026-08-12 13:46:00+00:00,613.6,613.6,613.25,613.6,1128.14916
2026-08-12 13:47:00+00:00,613.6,613.6,613.27,613.27,53.20804
2026-08-12 13:48:00+00:00,613.27,613.27,613.24,613.27,55.573945688196063723
2026-08-12 13:49:00+00:00,613.27,613.55,612.85,612.93,1580.11365
2026-08-12 13:50:00+00:00,612.93,612.93,612.57,612.84,430.674969976495168451
2026-08-12 13:51:00+00:00,612.84,613.06,612.81,612.91,299.98645
2026-08-12 13:52:00+00:00,612.91,612.96,612.72,612.83,0.45146
2026-08-12 13:53:00+00:00,612.83,612.86,612.58,612.79,385.6562
2026-08-12 13:54:00+00:00,612.79,612.86,612.56,612.77,577.81184
2026-08-12 13:55:00+00:00,612.77,612.93,612.51,612.72,590.4868
2026-08-12 13:56:00+00:00,612.72,612.84,612.66,612.76,0.31359
2026-08-12 13:57:00+00:00,612.76,612.96,612.66,612.95,89.2441
2026-08-12 13:58:00+00:00,612.95,612.96,612.71,612.85,290.62893
2026-08-12 13:59:00+00:00,612.85,612.95,612.55,612.55,291.01033
2026-08-12 14:00:00+00:00,612.55,612.72,612.1,612.29,375.685728560041813667
2026-08-12 14:01:00+00:00,612.29,612.46,611.87,611.88,96.913825677827815478
2026-08-12 14:02:00+00:00,611.88,611.98,611.61,611.64,216.506824322172184522
2026-08-12 14:03:00+00:00,611.64,611.76,611.37,611.74,722.94538
2026-08-12 14:04:00+00:00,611.74,611.76,611.54,611.55,105.5124
2026-08-12 14:05:00+00:00,611.55,611.86,611.4,611.84,254.98464
2026-08-12 14:06:00+00:00,611.84,611.85,611,611.75,0.46904
2026-08-12 14:07:00+00:00,611.75,612.29,611.75,612.28,948.43593
2026-08-12 14:08:00+00:00,612.28,612.41,612.07,612.41,705.8959
2026-08-12 14:09:00+00:00,612.41,612.62,612.41,612.45,876.22326
2026-08-12 14:10:00+00:00,612.45,613.55,612.44,613.55,6678.31841
2026-08-12 14:11:00+00:00,613.55,614.14,613.55,613.95,3126.5896
2026-08-12 14:12:00+00:00,613.95,614.26,613.94,614.17,192.5796
2026-08-12 14:13:00+00:00,614.17,614.18,613.84,613.85,507.09874
2026-08-12 14:14:00+00:00,613.85,613.87,613.57,613.6,773.87226
2026-08-12 14:15:00+00:00,613.6,613.88,613.57,613.76,902.97882
2026-08-12 14:16:00+00:00,613.76,613.76,613.64,613.64,0.36456
2026-08-12 14:17:00+00:00,613.64,613.76,613.54,613.54,0.39593
2026-08-12 14:18:00+00:00,613.54,613.82,613.54,613.74,262.53273
2026-08-12 14:19:00+00:00,613.74,613.86,613.64,613.64,52.9729
2026-08-12 14:20:00+00:00,613.64,613.65,612.89,612.9,489.669094577711445411
2026-08-12 14:21:00+00:00,612.9,613.22,612.89,613.22,1033.21853
2026-08-12 14:22:00+00:00,613.22,613.23,612.87,612.95,0.53183
2026-08-12 14:23:00+00:00,612.95,613.25,612.94,613.24,0.55056
2026-08-12 14:24:00+00:00,613.24,613.25,612.91,612.94,842.287775737958930697
2026-08-12 14:25:00+00:00,612.94,613.12,612.66,612.77,4939.14558
2026-08-12 14:26:00+00:00,612.77,613.23,612.65,613.22,448.11324
2026-08-12 14:27:00+00:00,613.22,613.23,613.05,613.06,360.32973
2026-08-12 14:28:00+00:00,613.06,613.26,612.56,612.79,12011.78068
2026-08-12 14:29:00+00:00,612.79,612.79,612.06,612.06,907.206751075732340551
2026-08-12 14:30:00+00:00,612.06,612.06,611.84,611.9,1447.97474
2026-08-12 14:31:00+00:00,611.9,612.19,610.91,612.18,955.57377
2026-08-12 14:32:00+00:00,612.18,612.18,611.57,611.57,760.20282
2026-08-12 14:33:00+00:00,611.57,612.33,611.57,612.32,751.79494
2026-08-12 14:34:00+00:00,612.32,612.32,610.9,610.9,5884.31513
2026-08-12 14:35:00+00:00,610.9,610.92,610.69,610.9,1864.988025269102864531
2026-08-12 14:36:00+00:00,610.9,610.93,610.84,610.88,0.35868
2026-08-12 14:37:00+00:00,610.88,610.96,609.96,610.39,1745.967542343434994277
2026-08-12 14:38:00+00:00,610.39,610.78,610.17,610.24,801.48754
2026-08-12 14:39:00+00:00,610.24,610.66,610.24,610.65,1036.82965
2026-08-12 14:40:00+00:00,610.65,610.66,610.62,610.66,0.4299
2026-08-12 14:41:00+00:00,610.66,610.73,610.44,610.47,54.905367293867190698
2026-08-12 14:42:00+00:00,610.47,610.47,610.11,610.11,1701.705198941011180315
2026-08-12 14:43:00+00:00,610.11,610.43,610.07,610.35,363.56493
2026-08-12 14:44:00+00:00,610.35,610.93,610.34,610.89,534.325881058988819685
2026-08-12 14:45:00+00:00,610.89,610.93,610.75,610.93,2647.92805
2026-08-12 14:46:00+00:00,610.93,611.44,610.93,611.39,5563.076754931167557268
2026-08-12 14:47:00+00:00,611.39,611.44,611.08,611.08,106.21083300961978928
2026-08-12 14:48:00+00:00,611.08,611.16,611.04,611.16,0.52945
2026-08-12 14:49:00+00:00,611.16,611.26,611.07,611.25,360.05142
2026-08-12 14:50:00+00:00,611.25,611.4,611.04,611.16,639.9997
2026-08-12 14:51:00+00:00,611.16,611.16,610.84,611.08,290.03717
2026-08-12 14:52:00+00:00,611.08,611.16,610.68,610.86,310.75061
2026-08-12 14:53:00+00:00,610.86,610.86,610.49,610.49,0.43421
2026-08-12 14:54:00+00:00,610.49,610.74,610.49,610.49,0.37192
2026-08-12 14:55:00+00:00,610.49,610.65,610.34,610.34,140.34156
2026-08-12 14:56:00+00:00,610.34,610.36,610.07,610.17,53.14103
2026-08-12 14:57:00+00:00,610.17,610.17,609.84,609.96,124.90121
2026-08-12 14:58:00+00:00,609.96,609.96,609.38,609.51,1003.95408
2026-08-12 14:59:00+00:00,609.51,609.53,609.18,609.35,194.27408216675143143
2026-08-12 15:00:00+00:00,609.35,609.56,609.1,609.15,1673.321686782264501311
2026-08-12 15:01:00+00:00,609.15,610.05,609.14,610.01,98.01559
2026-08-12 15:02:00+00:00,610.01,610.2,609.2,610.11,130.725077854947495153
2026-08-12 15:03:00+00:00,610.11,610.64,610.11,610.55,3808.898166191954116271
2026-08-12 15:04:00+00:00,610.55,610.64,610.3,610.36,299.323244046901611424
2026-08-12 15:05:00+00:00,610.36,610.56,610.34,610.56,211.19388
2026-08-12 15:06:00+00:00,610.56,610.75,610.44,610.72,97.14074
2026-08-12 15:07:00+00:00,610.72,610.91,610.72,610.72,373.69635
2026-08-12 15:08:00+00:00,610.72,610.72,610.47,610.55,177.31505
2026-08-12 15:09:00+00:00,610.55,610.73,610.22,610.23,256.538462168072733229
2026-08-12 15:10:00+00:00,610.23,610.56,609.97,610.36,0.36842
2026-08-12 15:11:00+00:00,610.36,610.56,610.34,610.44,53.13012
2026-08-12 15:12:00+00:00,610.44,610.83,610.43,610.76,96.95049
2026-08-12 15:13:00+00:00,610.76,610.76,610.64,610.67,0.80878078447104285
2026-08-12 15:14:00+00:00,610.67,611.03,610.64,611.03,457.093302646842217239
2026-08-12 15:15:00+00:00,611.03,611.03,610.94,610.96,0.30979
2026-08-12 15:16:00+00:00,610.96,611.06,610.77,611.03,89.43106
2026-08-12 15:17:00+00:00,611.03,611.36,611.03,611.34,134.100295913199596428
2026-08-12 15:18:00+00:00,611.34,611.47,611.31,611.32,1239.06561
2026-08-12 15:19:00+00:00,611.32,611.42,611.3,611.42,0.40107
2026-08-12 15:20:00+00:00,611.42,611.48,610.91,610.92,415.74417
2026-08-12 15:21:00+00:00,610.92,610.92,610.67,610.7,388.39093
2026-08-12 15:22:00+00:00,610.7,610.7,610.34,610.54,2084.74294471791488767
2026-08-12 15:23:00+00:00,610.54,610.8,610.54,610.8,1.173559259344187113
2026-08-12 15:24:00+00:00,610.8,610.91,610.74,610.9,0.47981
2026-08-12 15:25:00+00:00,610.9,610.9,610.54,610.56,3247.40838
2026-08-12 15:26:00+00:00,610.56,610.57,610.54,610.54,1.472316087505041193
2026-08-12 15:27:00+00:00,610.54,610.75,610.2,610.61,448.47844
2026-08-12 15:28:00+00:00,610.61,610.76,610.59,610.76,0.47267
2026-08-12 15:29:00+00:00,610.76,610.76,610.49,610.56,133.27807
2026-08-12 15:30:00+00:00,610.56,610.92,610.49,610.92,413.24889023260382053
2026-08-12 15:31:00+00:00,610.92,610.92,610.38,610.41,246.759718709508508362
2026-08-12 15:32:00+00:00,610.41,610.46,610.07,610.23,97.09143
2026-08-12 15:33:00+00:00,610.23,610.24,610.14,610.23,0.34734
2026-08-12 15:34:00+00:00,610.23,610.36,609.89,610.24,53.25499
2026-08-12 15:35:00+00:00,610.24,610.9,610.24,610.76,2482.219631578360107887
2026-08-12 15:36:00+00:00,610.76,611.06,610.74,611.04,1205.894259334571590084
2026-08-12 15:37:00+00:00,611.04,611.06,610.84,610.84,53.0425
2026-08-12 15:38:00+00:00,610.84,611.03,610.84,610.99,158.20295
2026-08-12 15:39:00+00:00,610.99,611.16,610.77,610.95,97.082120912931697971
2026-08-12 15:40:00+00:00,610.95,610.96,610.84,610.92,0.35729
2026-08-12 15:41:00+00:00,610.92,610.96,610.74,610.96,106.05176
2026-08-12 15:42:00+00:00,610.96,611.16,610.86,611.08,96.95399
2026-08-12 15:43:00+00:00,611.08,611.16,611.06,611.14,0.31147
2026-08-12 15:44:00+00:00,611.14,611.16,610.89,610.94,0.54081
2026-08-12 15:45:00+00:00,610.94,611.26,610.88,611.06,97.13975
2026-08-12 15:46:00+00:00,611.06,611.16,610.94,611.04,0.50687
2026-08-12 15:47:00+00:00,611.04,611.06,610.94,611.05,0.38592
2026-08-12 15:48:00+00:00,611.05,611.06,610.89,610.92,662.08734
2026-08-12 15:49:00+00:00,610.92,611.26,610.91,611.07,0.3557
2026-08-12 15:50:00+00:00,611.07,611.43,611.07,611.38,405.87646
2026-08-12 15:51:00+00:00,611.38,611.4,611.24,611.25,0.3761
2026-08-12 15:52:00+00:00,611.25,611.41,611.06,611.34,53.00046
2026-08-12 15:53:00+00:00,611.34,611.46,611.34,611.46,0.23651
2026-08-12 15:54:00+00:00,611.46,611.56,611.25,611.47,149.55446
2026-08-12 15:55:00+00:00,611.47,611.56,611.47,611.53,0.31398
2026-08-12 15:56:00+00:00,611.53,611.56,611.47,611.54,0.26073
2026-08-12 15:57:00+00:00,611.54,611.73,611.51,611.54,3282.88107
2026-08-12 15:58:00+00:00,611.54,611.66,611.07,611.15,193.40371
2026-08-12 15:59:00+00:00,611.15,611.15,611.1,611.13,0.4504
2026-08-12 16:00:00+00:00,611.13,611.21,610.94,611.2,308.026984721454164689
2026-08-12 16:01:00+00:00,611.2,611.21,610.94,611.04,254.364215278545835311
2026-08-12 16:02:00+00:00,611.04,611.15,610.77,610.78,310.615547899423782084
2026-08-12 16:03:00+00:00,610.78,611.03,610.63,610.94,862.881283720884808828
2026-08-12 16:04:00+00:00,610.94,611.33,610.94,611.2,358.43407
2026-08-12 16:05:00+00:00,611.2,611.46,611.19,611.24,126.1415
2026-08-12 16:06:00+00:00,611.24,611.36,611.14,611.15,53.1713
2026-08-12 16:07:00+00:00,611.15,611.17,610.97,610.97,1141.44146
2026-08-12 16:08:00+00:00,610.97,611.16,610.77,611.06,0.46744
2026-08-12 16:09:00+00:00,611.06,611.06,610.84,610.92,1.319639449937790583
2026-08-12 16:10:00+00:00,610.92,610.96,610.82,610.86,1.008818817000098228
2026-08-12 16:11:00+00:00,610.86,610.86,610.55,610.69,158.77489
2026-08-12 16:12:00+00:00,610.69,610.69,610.51,610.54,466.17873
2026-08-12 16:13:00+00:00,610.54,611.03,610.54,610.97,1391.29923
2026-08-12 16:14:00+00:00,610.97,611.06,610.94,611.06,0.40371
2026-08-12 16:15:00+00:00,611.06,611.26,610.67,610.87,246.22894
2026-08-12 16:16:00+00:00,610.87,611.24,610.83,610.83,114.62431
2026-08-12 16:17:00+00:00,610.83,611.08,610.73,611.07,290.13528
2026-08-12 16:18:00+00:00,611.07,611.39,611.07,611.38,740.45674
2026-08-12 16:19:00+00:00,611.38,611.39,611.1,611.21,740.18085
2026-08-12 16:20:00+00:00,611.21,611.21,610.94,610.99,53.17024
2026-08-12 16:21:00+00:00,610.99,611.01,610.84,610.96,562.51019
2026-08-12 16:22:00+00:00,610.96,611.06,610.84,610.95,0.771142745617911327
2026-08-12 16:23:00+00:00,610.95,611.06,610.84,610.94,0.45249
2026-08-12 16:24:00+00:00,610.94,611.04,610.93,610.94,0.33219
2026-08-12 16:25:00+00:00,610.94,611.16,610.51,610.96,1.372254372363839142
2026-08-12 16:26:00+00:00,610.96,611.33,610.94,611.21,97.01298
2026-08-12 16:27:00+00:00,611.21,611.26,611.14,611.22,0.31717
2026-08-12 16:28:00+00:00,611.22,611.26,611.14,611.26,0.36261
2026-08-12 16:29:00+00:00,611.26,611.26,611.14,611.23,0.26134
2026-08-12 16:30:00+00:00,611.23,611.24,610.51,611.17,0.56594
2026-08-12 16:31:00+00:00,611.17,611.26,611.04,611.15,0.43075
2026-08-12 16:32:00+00:00,611.15,611.17,611.04,611.16,0.36487
2026-08-12 16:33:00+00:00,611.16,611.17,611.04,611.16,0.49208
2026-08-12 16:34:00+00:00,611.16,611.17,610.81,610.82,96.98838
2026-08-12 16:35:00+00:00,610.82,610.96,610.74,610.95,97.00706
2026-08-12 16:36:00+00:00,610.95,611.06,610.84,610.84,0.34369
2026-08-12 16:37:00+00:00,610.84,611.17,610.84,611.14,0.40464
2026-08-12 16:38:00+00:00,611.14,611.16,610.94,611.16,0.41787
2026-08-12 16:39:00+00:00,611.16,611.16,610.94,610.94,0.63801507609727359
2026-08-12 16:40:00+00:00,610.94,611.06,610.84,610.84,0.32508
2026-08-12 16:41:00+00:00,610.84,610.96,610.65,610.86,149.65003
2026-08-12 16:42:00+00:00,610.86,611,610.74,611,52.97088
2026-08-12 16:43:00+00:00,611,611.06,610.94,611.06,0.38294
2026-08-12 16:44:00+00:00,611.06,611.06,610.69,610.76,96.969948804841203452
2026-08-12 16:45:00+00:00,610.76,610.86,610.63,610.63,149.66691
2026-08-12 16:46:00+00:00,610.63,610.69,610.51,610.67,53.07112
2026-08-12 16:47:00+00:00,610.67,610.67,610.46,610.56,0.41281
2026-08-12 16:48:00+00:00,610.56,610.56,610.44,610.44,0.31504
2026-08-12 16:49:00+00:00,610.44,610.66,610.44,610.44,0.34643
2026-08-12 16:50:00+00:00,610.44,610.76,610.44,610.76,158.37062
2026-08-12 16:51:00+00:00,610.76,610.86,610.64,610.85,211.40345
2026-08-12 16:52:00+00:00,610.85,610.93,610.64,610.75,0.41174
2026-08-12 16:53:00+00:00,610.75,610.86,610.34,610.63,0.33957
2026-08-12 16:54:00+00:00,610.63,610.66,610.54,610.54,0.37412
2026-08-12 16:55:00+00:00,610.54,610.86,610.54,610.74,96.85958
2026-08-12 16:56:00+00:00,610.74,610.84,610.64,610.65,0.31056
2026-08-12 16:57:00+00:00,610.65,610.68,610.54,610.57,0.28272
2026-08-12 16:58:00+00:00,610.57,610.66,610.45,610.62,105.9157
2026-08-12 16:59:00+00:00,610.62,610.66,610.54,610.56,0.32964
2026-08-12 17:00:00+00:00,610.56,610.66,610.54,610.65,0.27374
2026-08-12 17:01:00+00:00,610.65,610.66,610.44,610.45,0.4687
2026-08-12 17:02:00+00:00,610.45,610.96,610.45,610.84,133.65473
2026-08-12 17:03:00+00:00,610.84,611.06,610.84,610.92,142.428062525206382353
2026-08-12 17:04:00+00:00,610.92,610.96,610.84,610.95,0.37317
2026-08-12 17:05:00+00:00,610.95,611.17,610.84,611.07,0.33448
2026-08-12 17:06:00+00:00,611.07,611.35,611.04,611.33,157.79376
2026-08-12 17:07:00+00:00,611.33,611.53,611.3,611.44,89.63764
2026-08-12 17:08:00+00:00,611.44,611.45,611.07,611.34,110.529005809809023516
2026-08-12 17:09:00+00:00,611.34,611.46,611.34,611.38,0.39922
2026-08-12 17:10:00+00:00,611.38,611.46,610.3,610.3,53.00667
2026-08-12 17:11:00+00:00,610.3,611.47,610.3,611.46,54.121687899423782084
2026-08-12 17:12:00+00:00,611.46,611.56,611.33,611.52,52.99476
2026-08-12 17:13:00+00:00,611.52,611.56,611.45,611.53,0.32855
2026-08-12 17:14:00+00:00,611.53,611.56,611.5,611.55,0.32504
2026-08-12 17:15:00+00:00,611.55,611.66,611.53,611.63,0.43108
2026-08-12 17:16:00+00:00,611.63,611.76,611.24,611.35,53.06588
2026-08-12 17:17:00+00:00,611.35,611.56,611.24,611.55,96.7759
2026-08-12 17:18:00+00:00,611.55,611.56,611.47,611.53,0.30455
2026-08-12 17:19:00+00:00,611.53,611.73,611.42,611.42,141.99845
2026-08-12 17:20:00+00:00,611.42,611.56,611.16,611.21,202.2322
2026-08-12 17:21:00+00:00,611.21,611.21,610.94,610.94,1268.587905362556061151
2026-08-12 17:22:00+00:00,610.94,611.06,610.82,610.82,0.48482
2026-08-12 17:23:00+00:00,610.82,611.06,610.67,611.02,1.494719402815460102
2026-08-12 17:24:00+00:00,611.02,611.06,610.94,611.05,0.3226
2026-08-12 17:25:00+00:00,611.05,611.06,610.84,610.87,53.18261
2026-08-12 17:26:00+00:00,610.87,611.23,610.84,611.01,0.35736
2026-08-12 17:27:00+00:00,611.01,611.01,610.84,610.96,4.584808841457426261
2026-08-12 17:28:00+00:00,610.96,611.06,610.84,611.06,0.28147
2026-08-12 17:29:00+00:00,611.06,611.16,610.98,611.13,52.90945
2026-08-12 17:30:00+00:00,611.13,611.9,610.91,610.91,2.523809685824425508
2026-08-12 17:31:00+00:00,610.91,611.06,610.84,610.94,0.40284
2026-08-12 17:32:00+00:00,610.94,611.43,610.94,611.43,96.96036
2026-08-12 17:33:00+00:00,611.43,611.46,611.34,611.34,0.35864
2026-08-12 17:34:00+00:00,611.34,611.46,611.34,611.35,0.35981
2026-08-12 17:35:00+00:00,611.35,611.46,611.34,611.46,0.33042
2026-08-12 17:36:00+00:00,611.46,611.65,611.34,611.64,0.26844
2026-08-12 17:37:00+00:00,611.64,611.76,611.55,611.64,0.41522
2026-08-12 17:38:00+00:00,611.64,611.78,611.55,611.76,0.48514
2026-08-12 17:39:00+00:00,611.76,611.76,611.44,611.52,0.43908
2026-08-12 17:40:00+00:00,611.52,611.56,611.4,611.4,0.47375
2026-08-12 17:41:00+00:00,611.4,611.66,611.4,611.44,0.35011
2026-08-12 17:42:00+00:00,611.44,611.47,611.34,611.36,0.38055
2026-08-12 17:43:00+00:00,611.36,611.46,611.36,611.45,0.21062
2026-08-12 17:44:00+00:00,611.45,611.45,611.34,611.36,0.17103
2026-08-12 17:45:00+00:00,611.36,611.55,611.17,611.22,307.64141
2026-08-12 17:46:00+00:00,611.22,611.34,611.14,611.33,53.07377
2026-08-12 17:47:00+00:00,611.33,611.36,611.24,611.24,0.31488
2026-08-12 17:48:00+00:00,611.24,611.26,611.13,611.13,0.34938
2026-08-12 17:49:00+00:00,611.13,611.26,611.13,611.18,0.37661
2026-08-12 17:50:00+00:00,611.18,611.36,611.14,611.14,0.32776
2026-08-12 17:51:00+00:00,611.14,611.36,611.04,611.26,53.06672
2026-08-12 17:52:00+00:00,611.26,611.36,611.24,611.34,0.38012
2026-08-12 17:53:00+00:00,611.34,611.34,611.04,611.11,53.10626
2026-08-12 17:54:00+00:00,611.11,611.16,610.94,610.98,0.35735
2026-08-12 17:55:00+00:00,610.98,611.01,610.84,610.9,0.27344
2026-08-12 17:56:00+00:00,610.9,610.96,610.84,610.84,0.31661
2026-08-12 17:57:00+00:00,610.84,611.04,610.84,611.04,0.3177
2026-08-12 17:58:00+00:00,611.04,611.05,610.93,610.93,0.18061
2026-08-12 17:59:00+00:00,610.93,610.96,610.84,610.87,0.484512499508873027
2026-08-12 18:00:00+00:00,610.87,610.96,610.64,610.73,0.36683
2026-08-12 18:01:00+00:00,610.73,610.74,610.44,610.57,193.9102
2026-08-12 18:02:00+00:00,610.57,610.57,609.6,610.18,23.90825
2026-08-12 18:03:00+00:00,610.18,610.63,610.14,610.58,44.43541
2026-08-12 18:04:00+00:00,610.58,610.83,610.58,610.8,80.70045
2026-08-12 18:05:00+00:00,610.8,610.8,610.64,610.73,0.639991186833262649
2026-08-12 18:06:00+00:00,610.73,610.73,610.34,610.37,97.00067
2026-08-12 18:07:00+00:00,610.37,610.37,610.24,610.26,0.35102
2026-08-12 18:08:00+00:00,610.26,610.46,610.24,610.34,0.35287
2026-08-12 18:09:00+00:00,610.34,610.46,610.19,610.19,141.13066
2026-08-12 18:10:00+00:00,610.19,610.36,610.14,610.24,0.43027
2026-08-12 18:11:00+00:00,610.24,610.83,610.24,610.83,246.47221
2026-08-12 18:12:00+00:00,610.83,610.83,610.74,610.77,0.39041
2026-08-12 18:13:00+00:00,610.77,610.86,610.74,610.86,0.39629
2026-08-12 18:14:00+00:00,610.86,610.86,610.47,610.86,0.33977
2026-08-12 18:15:00+00:00,610.86,610.86,610.54,610.56,0.55217
2026-08-12 18:16:00+00:00,610.56,610.66,610.44,610.44,0.40848
2026-08-12 18:17:00+00:00,610.44,610.56,610.14,610.18,97.07882
2026-08-12 18:18:00+00:00,610.18,610.26,610.14,610.14,0.41362
2026-08-12 18:19:00+00:00,610.14,610.36,610.13,610.24,52.92457
2026-08-12 18:20:00+00:00,610.24,610.45,610.04,610.06,53.13638
2026-08-12 18:21:00+00:00,610.06,610.26,610.06,610.14,0.29957
2026-08-12 18:22:00+00:00,610.14,610.46,610.14,610.34,0.3809
2026-08-12 18:23:00+00:00,610.34,610.46,610.24,610.24,0.40759
2026-08-12 18:24:00+00:00,610.24,610.56,610.24,610.56,149.78378
2026-08-12 18:25:00+00:00,610.56,610.65,610.48,610.63,0.29783
2026-08-12 18:26:00+00:00,610.63,610.66,610.54,610.56,0.32023
2026-08-12 18:27:00+00:00,610.56,611.11,610.56,610.89,399.84696
2026-08-12 18:28:00+00:00,610.89,610.96,610.74,610.74,5.401885809809023516
2026-08-12 18:29:00+00:00,610.74,611.12,610.74,611,319.25645
2026-08-12 18:30:00+00:00,611,611.04,610.8,610.94,105.74889
2026-08-12 18:31:00+00:00,610.94,611.2,610.8,611.19,202.32657
2026-08-12 18:32:00+00:00,611.19,611.33,610.97,611.27,0.36401
2026-08-12 18:33:00+00:00,611.27,611.36,611.24,611.34,0.37468
2026-08-12 18:34:00+00:00,611.34,611.36,610.89,611.36,0.08016
2026-08-12 18:35:00+00:00,611.36,611.42,610.89,611.35,0.47929
2026-08-12 18:36:00+00:00,611.35,611.4,611.24,611.24,0.40811
2026-08-12 18:37:00+00:00,611.24,611.36,611.24,611.29,0.21837
2026-08-12 18:38:00+00:00,611.29,611.36,611.24,611.25,1.431545681290280367
2026-08-12 18:39:00+00:00,611.25,611.26,611.14,611.14,0.27905
2026-08-12 18:40:00+00:00,611.14,611.26,611.04,611.16,0.37831
2026-08-12 18:41:00+00:00,611.16,611.16,611.06,611.14,0.40459
2026-08-12 18:42:00+00:00,611.14,611.16,611.04,611.04,0.28024
2026-08-12 18:43:00+00:00,611.04,611.13,610.84,610.94,105.53981
2026-08-12 18:44:00+00:00,610.94,610.96,610.84,610.89,0.29692
2026-08-12 18:45:00+00:00,610.89,611.06,610.84,610.84,0.430801184598258136
2026-08-12 18:46:00+00:00,610.84,610.96,610.84,610.84,0.39625
2026-08-12 18:47:00+00:00,610.84,610.96,610.84,610.93,0.724157927054856188
2026-08-12 18:48:00+00:00,610.93,610.96,610.84,610.96,0.35441
2026-08-12 18:49:00+00:00,610.96,611.01,610.84,611.01,0.36161
2026-08-12 18:50:00+00:00,611.01,611.06,610.94,610.98,0.30303
2026-08-12 18:51:00+00:00,610.98,611.06,610.65,610.68,105.88113
2026-08-12 18:52:00+00:00,610.68,610.86,610.09,610.78,0.42438
2026-08-12 18:53:00+00:00,610.78,610.78,610.64,610.76,0.29227
2026-08-12 18:54:00+00:00,610.76,610.76,610.44,610.49,97.04324
2026-08-12 18:55:00+00:00,610.49,610.51,610.09,610.09,0.48963
2026-08-12 18:56:00+00:00,610.09,610.55,610.09,610.46,0.35535
2026-08-12 18:57:00+00:00,610.46,610.55,610.44,610.45,0.29125
2026-08-12 18:58:00+00:00,610.45,610.66,610.09,610.54,53.218645110341022274
2026-08-12 18:59:00+00:00,610.54,610.66,610.54,610.56,0.37206
2026-08-12 19:00:00+00:00,610.56,610.66,610.44,610.56,0.3001
2026-08-12 19:01:00+00:00,610.56,610.66,610.48,610.56,0.31398
2026-08-12 19:02:00+00:00,610.56,610.66,610.54,610.57,0.28893
2026-08-12 19:03:00+00:00,610.57,610.65,610.54,610.62,0.294051184598258136
2026-08-12 19:04:00+00:00,610.62,610.63,610.54,610.62,0.2463
2026-08-12 19:05:00+00:00,610.62,610.65,610.54,610.65,0.24772
2026-08-12 19:06:00+00:00,610.65,610.76,610.54,610.74,0.41189
2026-08-12 19:07:00+00:00,610.74,610.96,610.74,610.84,53.09931
2026-08-12 19:08:00+00:00,610.84,610.95,610.44,610.93,0.30044
2026-08-12 19:09:00+00:00,610.93,610.96,610.84,610.96,0.27125
2026-08-12 19:10:00+00:00,610.96,611.06,610.87,611.05,0.33713
2026-08-12 19:11:00+00:00,611.05,611.13,610.94,610.95,53.07355
2026-08-12 19:12:00+00:00,610.95,611.06,610.92,610.96,0.23422
2026-08-12 19:13:00+00:00,610.96,610.96,610.74,610.74,0.607334883020350693
2026-08-12 19:14:00+00:00,610.74,610.86,610.54,610.54,0.32936
2026-08-12 19:15:00+00:00,610.54,610.56,610.37,610.44,97.11249
2026-08-12 19:16:00+00:00,610.44,610.56,610.44,610.47,0.44203
2026-08-12 19:17:00+00:00,610.47,610.66,610.47,610.54,0.32823
2026-08-12 19:18:00+00:00,610.54,610.76,610.54,610.65,0.34981
2026-08-12 19:19:00+00:00,610.65,610.76,610.54,610.55,0.60923
2026-08-12 19:20:00+00:00,610.55,610.66,610.44,610.66,53.10217
2026-08-12 19:21:00+00:00,610.66,610.76,610.44,610.56,17.017340784904671427
2026-08-12 19:22:00+00:00,610.56,610.66,610.09,610.59,1.324945872498151159
2026-08-12 19:23:00+00:00,610.59,610.73,610.34,610.34,2.7534363315048596
2026-08-12 19:24:00+00:00,610.34,610.46,610.14,610.26,98.662665173858412889
2026-08-12 19:25:00+00:00,610.26,610.26,610.09,610.16,2.190576989796391856
2026-08-12 19:26:00+00:00,610.16,610.16,609.77,609.85,102.84333
2026-08-12 19:27:00+00:00,609.85,610.06,609.5,609.99,53.323295757973272116
2026-08-12 19:28:00+00:00,609.99,610.06,609.84,610.06,0.542565757973272116
2026-08-12 19:29:00+00:00,610.06,610.06,609.94,610.01,1.477072328607235677
2026-08-12 19:30:00+00:00,610.01,610.01,609.74,609.83,0.751189232585596221
2026-08-12 19:31:00+00:00,609.83,609.86,609.74,609.74,0.968588817000098228
2026-08-12 19:32:00+00:00,609.74,609.86,609.74,609.85,0.27
2026-08-12 19:33:00+00:00,609.85,610.13,609.74,610.03,0.26287
2026-08-12 19:34:00+00:00,610.03,610.03,609.74,609.74,1.590636174748683973
2026-08-12 19:35:00+00:00,609.74,609.87,609.47,609.85,0.577205940441441736
2026-08-12 19:36:00+00:00,609.85,609.86,609.54,609.76,105.99954
2026-08-12 19:37:00+00:00,609.76,610.03,609.64,610.01,0.37296
2026-08-12 19:38:00+00:00,610.01,610.01,609.54,609.66,53.12905
2026-08-12 19:39:00+00:00,609.66,609.66,609.54,609.63,0.43596
2026-08-12 19:40:00+00:00,609.63,609.66,609.54,609.59,0.36525
2026-08-12 19:41:00+00:00,609.59,609.66,609.54,609.54,53.19559
2026-08-12 19:42:00+00:00,609.54,609.66,609.24,609.3,211.66163
2026-08-12 19:43:00+00:00,609.3,609.36,609.24,609.24,0.35447
2026-08-12 19:44:00+00:00,609.24,609.36,609.07,609.33,0.31122
2026-08-12 19:45:00+00:00,609.33,609.99,609.07,609.51,0.940111873634792814
2026-08-12 19:46:00+00:00,609.51,609.56,609.34,609.46,4.176657538360548125
2026-08-12 19:47:00+00:00,609.46,609.66,609.34,609.65,53.904308708364781938
2026-08-12 19:48:00+00:00,609.65,609.66,609.65,609.65,0.22499
2026-08-12 19:49:00+00:00,609.65,609.66,609.34,609.42,105.90533
2026-08-12 19:50:00+00:00,609.42,609.42,609.24,609.25,53.32207
2026-08-12 19:51:00+00:00,609.25,609.36,609.24,609.24,0.755935189245970521
2026-08-12 19:52:00+00:00,609.24,609.48,609.24,609.24,0.42897
2026-08-12 19:53:00+00:00,609.24,609.49,609.24,609.49,97.10404
2026-08-12 19:54:00+00:00,609.49,609.7,609.49,609.68,153.662387538360548125
2026-08-12 19:55:00+00:00,609.68,609.69,609.54,609.54,246.65814
2026-08-12 19:56:00+00:00,609.54,609.76,609.54,609.76,0.44803
2026-08-12 19:57:00+00:00,609.76,609.96,609.64,609.96,53.08811
2026-08-12 19:58:00+00:00,609.96,610.08,609.94,610.07,133.57914
2026-08-12 19:59:00+00:00,610.07,610.08,609.84,609.93,813.46559
2026-08-12 20:00:00+00:00,609.93,610.16,609.91,610.16,866.04425
2026-08-12 20:01:00+00:00,610.16,610.66,610.08,610.64,971.347746823608404434
2026-08-12 20:02:00+00:00,610.64,610.81,610.62,610.8,865.595813176391595566
2026-08-12 20:03:00+00:00,610.8,611.06,610.74,610.96,2967.49514
2026-08-12 20:04:00+00:00,610.96,611.06,610.86,611.05,0.43279
2026-08-12 20:05:00+00:00,611.05,611.26,611.05,611.24,53.061251133237259268
2026-08-12 20:06:00+00:00,611.24,611.43,611.04,611.16,149.50733
2026-08-12 20:07:00+00:00,611.16,611.16,610.94,610.99,96.8059
2026-08-12 20:08:00+00:00,610.99,611.16,610.74,610.75,90.189830894865205506
2026-08-12 20:09:00+00:00,610.75,611.13,610.64,610.74,326.89733
2026-08-12 20:10:00+00:00,610.74,610.96,610.64,610.96,0.39448
2026-08-12 20:11:00+00:00,610.96,611.23,610.84,610.92,149.484105785266025589
2026-08-12 20:12:00+00:00,610.92,610.93,610.64,610.69,345.884549956580147212
2026-08-12 20:13:00+00:00,610.69,610.93,610.64,610.93,343.430704647370566654
2026-08-12 20:14:00+00:00,610.93,610.93,610.75,610.84,0.39913
2026-08-12 20:15:00+00:00,610.84,610.86,610.64,610.65,0.29063
2026-08-12 20:16:00+00:00,610.65,610.86,610.64,610.7,0.32052
2026-08-12 20:17:00+00:00,610.7,610.96,610.64,610.74,0.30431
2026-08-12 20:18:00+00:00,610.74,610.94,610.74,610.86,0.37369
2026-08-12 20:19:00+00:00,610.86,610.96,610.84,610.93,0.989355914514225776
2026-08-12 20:20:00+00:00,610.93,610.93,610.84,610.93,0.329340894865205506
2026-08-12 20:21:00+00:00,610.93,610.96,610.84,610.95,0.27253
2026-08-12 20:22:00+00:00,610.95,611.06,610.94,611.03,0.742957824576424678
2026-08-12 20:23:00+00:00,611.03,611.03,611.01,611.03,0.03394
2026-08-12 20:24:00+00:00,611.03,611.4,611.02,611.22,170.24972
2026-08-12 20:25:00+00:00,611.22,611.26,611.14,611.26,0.32388
2026-08-12 20:26:00+00:00,611.26,611.46,611.02,611.34,0.37779
2026-08-12 20:27:00+00:00,611.34,611.46,611.34,611.36,0.28419
2026-08-12 20:28:00+00:00,611.36,611.56,611.35,611.45,1.09087420395421436
2026-08-12 20:29:00+00:00,611.45,611.83,611.44,611.75,322.86507579604578564
2026-08-12 20:30:00+00:00,611.75,611.79,611.69,611.76,0.46178
2026-08-12 20:31:00+00:00,611.76,612.03,611.62,611.75,0.71091093583980384
2026-08-12 20:32:00+00:00,611.75,611.86,611.74,611.86,0.33826
2026-08-12 20:33:00+00:00,611.86,611.86,611.64,611.64,0.3445
2026-08-12 20:34:00+00:00,611.64,612.23,611.64,612.05,96.68851
2026-08-12 20:35:00+00:00,612.05,612.2,612.05,612.18,105.6044
2026-08-12 20:36:00+00:00,612.18,612.22,612.04,612.15,0.36962
2026-08-12 20:37:00+00:00,612.15,612.16,612.04,612.04,0.31579
2026-08-12 20:38:00+00:00,612.04,612.25,612.04,612.25,0.518652172078398149
2026-08-12 20:39:00+00:00,612.25,612.36,612.04,612.16,0.36914
2026-08-12 20:40:00+00:00,612.16,612.42,612.05,612.16,0.32691
2026-08-12 20:41:00+00:00,612.16,612.26,612.1,612.12,0.26741
2026-08-12 20:42:00+00:00,612.12,612.16,612.1,612.15,0.35136
2026-08-12 20:43:00+00:00,612.15,612.16,612.05,612.06,0.20125
2026-08-12 20:44:00+00:00,612.06,612.16,612.06,612.16,0.16331
2026-08-12 20:45:00+00:00,612.16,612.16,612.06,612.09,0.205
2026-08-12 20:46:00+00:00,612.09,612.16,612.09,612.12,0.30525
2026-08-12 20:47:00+00:00,612.12,612.16,612.04,612.04,0.45467
2026-08-12 20:48:00+00:00,612.04,612.06,612.04,612.04,0.53115
2026-08-12 20:49:00+00:00,612.04,612.06,611.67,611.67,637.21666
2026-08-12 20:50:00+00:00,611.67,611.68,611.67,611.68,0.19865
2026-08-12 20:51:00+00:00,611.68,611.68,611.67,611.68,0.23463
2026-08-12 20:52:00+00:00,611.68,611.68,611.67,611.68,0.04704
2026-08-12 20:53:00+00:00,611.68,611.68,611.67,611.68,0.1522
2026-08-12 20:54:00+00:00,611.68,611.68,611.54,611.66,1.476385058619618359
2026-08-12 20:55:00+00:00,611.66,611.66,611.54,611.54,0.33547
2026-08-12 20:56:00+00:00,611.54,611.64,611.54,611.62,0.34914
2026-08-12 20:57:00+00:00,611.62,611.66,611.54,611.56,0.19077
2026-08-12 20:58:00+00:00,611.56,611.91,611.54,611.91,149.15257
2026-08-12 20:59:00+00:00,611.91,612.06,611.84,611.94,91.785204121908867672
2026-08-12 21:00:00+00:00,611.94,612.26,611.94,612.2,254.04446
2026-08-12 21:01:00+00:00,612.2,612.5,612.2,612.34,534.66609
2026-08-12 21:02:00+00:00,612.34,612.5,612.23,612.5,0.2964
2026-08-12 21:03:00+00:00,612.5,612.5,612.14,612.14,52.85017
2026-08-12 21:04:00+00:00,612.14,612.26,612.14,612.26,0.553484883020350693
2026-08-12 21:05:00+00:00,612.26,612.26,611.87,611.87,96.7152
2026-08-12 21:06:00+00:00,611.87,611.99,611.84,611.87,0.35738
2026-08-12 21:07:00+00:00,611.87,611.96,611.51,611.86,0.42912
2026-08-12 21:08:00+00:00,611.86,611.95,611.84,611.94,0.23956
2026-08-12 21:09:00+00:00,611.94,612.06,611.84,612.04,0.40466
2026-08-12 21:10:00+00:00,612.04,612.16,612.04,612.13,0.28885
2026-08-12 21:11:00+00:00,612.13,612.16,611.94,611.95,105.54345
2026-08-12 21:12:00+00:00,611.95,612.23,611.94,611.95,5.952077434430917558
2026-08-12 21:13:00+00:00,611.95,611.96,611.57,611.64,583.976422565569082442
2026-08-12 21:14:00+00:00,611.64,611.64,611.51,611.51,174.81035
2026-08-12 21:15:00+00:00,611.51,611.63,611.49,611.55,0.32745
2026-08-12 21:16:00+00:00,611.55,611.76,611.55,611.63,96.61751
2026-08-12 21:17:00+00:00,611.63,611.64,611.54,611.61,0.36101
2026-08-12 21:18:00+00:00,611.61,611.61,611.54,611.6,0.3798
2026-08-12 21:19:00+00:00,611.6,611.67,611.44,611.44,842.44209
2026-08-12 21:20:00+00:00,611.44,611.56,611.1,611.44,0.22416
2026-08-12 21:21:00+00:00,611.44,611.52,611.1,611.51,0.15142
2026-08-12 21:22:00+00:00,611.51,611.69,611.44,611.55,0.34684
2026-08-12 21:23:00+00:00,611.55,611.67,611.44,611.56,0.42691
2026-08-12 21:24:00+00:00,611.56,611.56,610.6,610.74,286.04553
2026-08-12 21:25:00+00:00,610.74,610.91,610.74,610.75,0.26008
2026-08-12 21:26:00+00:00,610.75,610.91,609.69,609.9,219.77764
2026-08-12 21:27:00+00:00,609.9,610.14,609.85,609.87,0.58193784518519733
2026-08-12 21:28:00+00:00,609.87,610.01,609.21,609.96,791.963000838862947489
2026-08-12 21:29:00+00:00,609.96,609.96,609.69,609.76,0.819246307585480872
2026-08-12 21:30:00+00:00,609.76,609.76,609.07,609.07,150.12174
2026-08-12 21:31:00+00:00,609.07,609.76,609.07,609.76,0.648405477381987628
2026-08-12 21:32:00+00:00,609.76,609.96,609.66,609.95,97.15594
2026-08-12 21:33:00+00:00,609.95,610.06,609.92,610.06,0.38889
2026-08-12 21:34:00+00:00,610.06,610.26,609.94,610.24,105.96508
2026-08-12 21:35:00+00:00,610.24,610.26,609.89,610.11,158.79556
2026-08-12 21:36:00+00:00,610.11,610.16,610.04,610.05,0.49604
2026-08-12 21:37:00+00:00,610.05,610.16,609.84,610.14,0.383547429876060013
2026-08-12 21:38:00+00:00,610.14,610.16,610.06,610.1,0.40887
2026-08-12 21:39:00+00:00,610.1,610.26,610.1,610.26,0.31089
2026-08-12 21:40:00+00:00,610.26,610.63,610.24,610.62,757.52102
2026-08-12 21:41:00+00:00,610.62,610.63,610.35,610.35,704.78161
2026-08-12 21:42:00+00:00,610.35,610.63,610.35,610.59,757.72074
2026-08-12 21:43:00+00:00,610.59,611,610.44,610.61,1.587732365563217637
2026-08-12 21:44:00+00:00,610.61,610.66,610.54,610.54,0.31651
2026-08-12 21:45:00+00:00,610.54,610.76,610.54,610.66,0.33326
2026-08-12 21:46:00+00:00,610.66,610.76,610.65,610.7,0.3082
2026-08-12 21:47:00+00:00,610.7,611.03,610.7,610.93,423.72736
2026-08-12 21:48:00+00:00,610.93,611.05,610.83,610.83,0.44452
2026-08-12 21:49:00+00:00,610.83,610.96,610.65,610.77,0.45503
2026-08-12 21:50:00+00:00,610.77,610.86,610.73,610.75,0.35657
2026-08-12 21:51:00+00:00,610.75,610.86,610.64,610.64,0.925811772487638756
2026-08-12 21:52:00+00:00,610.64,610.96,610.64,610.96,96.88762
2026-08-12 21:53:00+00:00,610.96,610.96,610.64,610.94,246.16851
2026-08-12 21:54:00+00:00,610.94,610.96,610.76,610.82,447.9703
2026-08-12 21:55:00+00:00,610.82,610.82,610.64,610.76,1496.82652
2026-08-12 21:56:00+00:00,610.76,610.76,610.49,610.49,96.95622
2026-08-12 21:57:00+00:00,610.49,610.54,610.44,610.45,0.34716
2026-08-12 21:58:00+00:00,610.45,610.56,610.34,610.4,1933.82664
2026-08-12 21:59:00+00:00,610.4,610.4,609.77,610,1648.74612
2026-08-12 22:00:00+00:00,610,610.06,609.85,609.85,0.33487
2026-08-12 22:01:00+00:00,609.85,609.96,609.44,609.79,442.965401902535072606
2026-08-12 22:02:00+00:00,609.79,610.43,609.78,610.38,297.55996
2026-08-12 22:03:00+00:00,610.38,610.43,610.15,610.34,380.9606
2026-08-12 22:04:00+00:00,610.34,610.36,610.04,610.07,269.65171
2026-08-12 22:05:00+00:00,610.07,610.26,610.05,610.14,269.54088
2026-08-12 22:06:00+00:00,610.14,610.26,610.14,610.26,0.3686
2026-08-12 22:07:00+00:00,610.26,610.53,610.17,610.17,334.2204
2026-08-12 22:08:00+00:00,610.17,610.36,610.14,610.35,53.26065
2026-08-12 22:09:00+00:00,610.35,610.4,610.14,610.39,96.98332
2026-08-12 22:10:00+00:00,610.39,610.56,610.34,610.56,142.44729
2026-08-12 22:11:00+00:00,610.56,610.73,610.54,610.73,53.12162
2026-08-12 22:12:00+00:00,610.73,610.86,610.73,610.86,156.60471
2026-08-12 22:13:00+00:00,610.86,610.93,610.44,610.44,342.38077
2026-08-12 22:14:00+00:00,610.44,610.47,610.44,610.47,0.59071
2026-08-12 22:15:00+00:00,610.47,610.56,610.44,610.44,0.29679
2026-08-12 22:16:00+00:00,610.44,610.66,610.42,610.66,0.34346
2026-08-12 22:17:00+00:00,610.66,610.66,610.44,610.65,0.40065
2026-08-12 22:18:00+00:00,610.65,610.86,610.64,610.75,0.36726
2026-08-12 22:19:00+00:00,610.75,610.86,610.75,610.86,0.43663
2026-08-12 22:20:00+00:00,610.86,610.96,610.81,610.95,52.79761
2026-08-12 22:21:00+00:00,610.95,610.96,610.64,610.66,149.74323
2026-08-12 22:22:00+00:00,610.66,610.66,610.54,610.54,0.33854
2026-08-12 22:23:00+00:00,610.54,610.76,610.54,610.7,0.43923
2026-08-12 22:24:00+00:00,610.7,611.03,610.64,610.97,351.45737
2026-08-12 22:25:00+00:00,610.97,611.01,610.84,610.96,0.3594
2026-08-12 22:26:00+00:00,610.96,610.97,610.74,610.76,1173.19114
2026-08-12 22:27:00+00:00,610.76,610.96,610.74,610.84,1172.9852
2026-08-12 22:28:00+00:00,610.84,610.97,610.84,610.84,0.23224
2026-08-12 22:29:00+00:00,610.84,610.96,610.84,610.94,52.86592
2026-08-12 22:30:00+00:00,610.94,610.95,610.54,610.77,149.7899
2026-08-12 22:31:00+00:00,610.77,610.86,610.64,610.67,53.19958
2026-08-12 22:32:00+00:00,610.67,610.86,610.63,610.75,0.38802
2026-08-12 22:33:00+00:00,610.75,610.86,610.54,610.61,0.39514
2026-08-12 22:34:00+00:00,610.61,610.63,610.44,610.62,0.60821
2026-08-12 22:35:00+00:00,610.62,610.72,610.43,610.45,53.14914
2026-08-12 22:36:00+00:00,610.45,610.55,610.34,610.34,0.46727
2026-08-12 22:37:00+00:00,610.34,610.66,610.34,610.65,624.3368
2026-08-12 22:38:00+00:00,610.65,610.66,610.45,610.65,0.36898
2026-08-12 22:39:00+00:00,610.65,610.73,610.44,610.46,0.31997
2026-08-12 22:40:00+00:00,610.46,610.56,610.34,610.54,0.32121
2026-08-12 22:41:00+00:00,610.54,610.56,610.24,610.36,466.11056
2026-08-12 22:42:00+00:00,610.36,610.36,610.24,610.25,0.35664
2026-08-12 22:43:00+00:00,610.25,610.36,610.07,610.16,360.72487
2026-08-12 22:44:00+00:00,610.16,610.26,610.07,610.14,0.38884
2026-08-12 22:45:00+00:00,610.14,610.36,610.07,610.24,0.913664030302069189
2026-08-12 22:46:00+00:00,610.24,610.26,610.07,610.25,0.3622
2026-08-12 22:47:00+00:00,610.25,610.26,610.08,610.1,0.40975
2026-08-12 22:48:00+00:00,610.1,610.1,610.07,610.07,0.31404
2026-08-12 22:49:00+00:00,610.07,610.16,609.81,610.04,256.55661
2026-08-12 22:50:00+00:00,610.04,610.14,609.84,609.84,97.11448
2026-08-12 22:51:00+00:00,609.84,609.94,609.84,609.94,0.362
2026-08-12 22:52:00+00:00,609.94,610.16,609.9,610.11,457.44314
2026-08-12 22:53:00+00:00,610.11,610.16,609.94,610.11,0.32762
2026-08-12 22:54:00+00:00,610.11,610.14,610.05,610.08,0.19857
2026-08-12 22:55:00+00:00,610.08,610.16,610.08,610.16,0.2037
2026-08-12 22:56:00+00:00,610.16,610.26,609.81,609.94,53.23058
2026-08-12 22:57:00+00:00,609.94,610.06,609.94,610.01,0.33401
2026-08-12 22:58:00+00:00,610.01,610.16,609.81,610.15,0.38883
2026-08-12 22:59:00+00:00,610.15,610.36,610.14,610.17,0.38253
2026-08-12 23:00:00+00:00,610.17,610.36,610.14,610.3,53.418042359418010224
2026-08-12 23:01:00+00:00,610.3,610.36,610.29,610.29,0.43467
2026-08-12 23:02:00+00:00,610.29,610.36,610.29,610.32,0.4344
2026-08-12 23:03:00+00:00,610.32,610.38,610.24,610.38,0.32666
2026-08-12 23:04:00+00:00,610.38,610.46,610.24,610.24,0.29848
2026-08-12 23:05:00+00:00,610.24,610.36,610.24,610.31,0.30945
2026-08-12 23:06:00+00:00,610.31,610.36,609.81,610.04,53.08492
2026-08-12 23:07:00+00:00,610.04,610.15,609.81,609.87,53.21342
2026-08-12 23:08:00+00:00,609.87,610.16,609.81,610.16,158.67105
2026-08-12 23:09:00+00:00,610.16,610.16,610.04,610.14,0.33343
2026-08-12 23:10:00+00:00,610.14,610.16,610.13,610.16,0.40982
2026-08-12 23:11:00+00:00,610.16,610.36,610.14,610.36,0.40021
2026-08-12 23:12:00+00:00,610.36,610.36,610.04,610.06,97.113
2026-08-12 23:13:00+00:00,610.06,610.11,609.82,610.07,0.27538
2026-08-12 23:14:00+00:00,610.07,610.26,610.07,610.23,0.13984
2026-08-12 23:15:00+00:00,610.23,610.56,610.23,610.51,624.42492
2026-08-12 23:16:00+00:00,610.51,610.51,610.24,610.35,571.62758
2026-08-12 23:17:00+00:00,610.35,610.46,610.34,610.46,0.32959
2026-08-12 23:18:00+00:00,610.46,610.46,610.34,610.46,0.31674
2026-08-12 23:19:00+00:00,610.46,610.58,610.44,610.57,993.1297
2026-08-12 23:20:00+00:00,610.57,610.66,610.54,610.54,0.31608
2026-08-12 23:21:00+00:00,610.54,610.66,609.82,609.95,478.16553
2026-08-12 23:22:00+00:00,609.95,610.25,609.95,610.21,677.42608
2026-08-12 23:23:00+00:00,610.21,610.43,610.21,610.43,1733.87566
2026-08-12 23:24:00+00:00,610.43,610.43,609.94,610.06,1354.41241
2026-08-12 23:25:00+00:00,610.06,610.36,609.81,609.82,97.05548
2026-08-12 23:26:00+00:00,609.82,610.45,609.82,610.26,53.26001
2026-08-12 23:27:00+00:00,610.26,610.36,609.81,610.36,0.3131
2026-08-12 23:28:00+00:00,610.36,610.36,610.14,610.36,0.24856
2026-08-12 23:29:00+00:00,610.36,610.54,610.14,610.52,149.73003
2026-08-12 23:30:00+00:00,610.52,610.7,610.47,610.64,0.38662
2026-08-12 23:31:00+00:00,610.64,610.96,610.54,610.84,53.05477
2026-08-12 23:32:00+00:00,610.84,610.96,610.84,610.88,0.34783
2026-08-12 23:33:00+00:00,610.88,611.06,610.85,611.04,0.29163
2026-08-12 23:34:00+00:00,611.04,611.06,610.98,611.06,0.36727
2026-08-12 23:35:00+00:00,611.06,611.2,610.84,610.84,263.81958
2026-08-12 23:36:00+00:00,610.84,610.96,610.75,610.84,0.36752
2026-08-12 23:37:00+00:00,610.84,610.96,610.84,610.85,0.30348
2026-08-12 23:38:00+00:00,610.85,610.96,610.74,610.95,0.36314
2026-08-12 23:39:00+00:00,610.95,611.06,610.84,611.04,52.92245
2026-08-12 23:40:00+00:00,611.04,611.05,610.87,610.87,149.29598
2026-08-12 23:41:00+00:00,610.87,611.06,610.84,610.88,0.34593
2026-08-12 23:42:00+00:00,610.88,611.06,610.88,611.02,0.33457
2026-08-12 23:43:00+00:00,611.02,611.05,610.77,610.86,0.44184
2026-08-12 23:44:00+00:00,610.86,610.96,610.55,610.64,53.29023
2026-08-12 23:45:00+00:00,610.64,610.64,610.44,610.56,53.05432
2026-08-12 23:46:00+00:00,610.56,610.83,610.55,610.79,105.78341
2026-08-12 23:47:00+00:00,610.79,610.79,610.64,610.76,0.46865
2026-08-12 23:48:00+00:00,610.76,610.86,610.64,610.74,0.31603
2026-08-12 23:49:00+00:00,610.74,611.05,610.65,610.65,0.43482
2026-08-12 23:50:00+00:00,610.65,610.76,610.54,610.54,0.36799
2026-08-12 23:51:00+00:00,610.54,610.66,610.54,610.57,0.37356
2026-08-12 23:52:00+00:00,610.57,610.66,610.45,610.45,53.06233
2026-08-12 23:53:00+00:00,610.45,610.64,610.42,610.44,96.99494
2026-08-12 23:54:00+00:00,610.44,610.46,610.34,610.36,53.20603
2026-08-12 23:55:00+00:00,610.36,610.55,610.36,610.46,0.44786
2026-08-12 23:56:00+00:00,610.46,610.54,610.44,610.44,0.34159
2026-08-12 23:57:00+00:00,610.44,610.69,610.34,610.34,0.27858
2026-08-12 23:58:00+00:00,610.34,610.66,610.34,610.66,96.89507
2026-08-12 23:59:00+00:00,610.66,610.66,610.54,610.64,0.39536
2026-08-13 00:00:00+00:00,610.64,610.69,610.54,610.69,53.00395
2026-08-13 00:01:00+00:00,610.69,610.92,610.64,610.81,158.43301
2026-08-13 00:02:00+00:00,610.81,610.96,610.76,610.96,0.3223
2026-08-13 00:03:00+00:00,610.96,610.96,610.84,610.93,0.33402
2026-08-13 00:04:00+00:00,610.93,610.95,610.74,610.86,53.06438
2026-08-13 00:05:00+00:00,610.86,611.14,610.79,611.08,96.89641
2026-08-13 00:06:00+00:00,611.08,611.14,610.94,610.94,53.08898
2026-08-13 00:07:00+00:00,610.94,611.26,610.94,611.23,105.61815
2026-08-13 00:08:00+00:00,611.23,611.43,611.19,611.43,1193.96121
2026-08-13 00:09:00+00:00,611.43,611.56,611.34,611.56,53.158272359418010224
2026-08-13 00:10:00+00:00,611.56,611.56,611.44,611.56,0.42839
2026-08-13 00:11:00+00:00,611.56,611.56,611.44,611.5,0.34493
2026-08-13 00:12:00+00:00,611.5,611.66,611.5,611.51,0.33553
2026-08-13 00:13:00+00:00,611.51,611.56,611.49,611.49,0.14688
2026-08-13 00:14:00+00:00,611.49,611.56,611.49,611.52,0.22698
2026-08-13 00:15:00+00:00,611.52,611.66,611.5,611.59,52.85908
2026-08-13 00:16:00+00:00,611.59,612.03,611.58,612.03,312.27655
2026-08-13 00:17:00+00:00,612.03,612.03,611.73,611.73,97.09715
2026-08-13 00:18:00+00:00,611.73,611.74,611.64,611.65,0.42612
2026-08-13 00:19:00+00:00,611.65,611.76,611.54,611.67,53.05675
2026-08-13 00:20:00+00:00,611.67,611.73,611.54,611.57,0.40639
2026-08-13 00:21:00+00:00,611.57,611.66,611.17,611.18,177.45912
2026-08-13 00:22:00+00:00,611.18,611.36,611.14,611.14,0.45992
2026-08-13 00:23:00+00:00,611.14,611.26,611.14,611.23,0.38058
2026-08-13 00:24:00+00:00,611.23,611.36,610.84,610.9,0.47163
2026-08-13 00:25:00+00:00,610.9,611.06,610.85,611.06,0.43484
2026-08-13 00:26:00+00:00,611.06,611.06,610.94,611.04,0.40095
2026-08-13 00:27:00+00:00,611.04,611.16,610.94,611.16,0.35005
2026-08-13 00:28:00+00:00,611.16,611.36,611.14,611.31,53.15157
2026-08-13 00:29:00+00:00,611.31,611.36,611.28,611.34,0.749216734713907154
2026-08-13 00:30:00+00:00,611.34,611.34,611.14,611.17,360.41133
2026-08-13 00:31:00+00:00,611.17,611.27,610.7,610.7,1197.55866
2026-08-13 00:32:00+00:00,610.7,611.03,610.68,610.79,2102.35028
2026-08-13 00:33:00+00:00,610.79,610.86,610.73,610.86,0.32388
2026-08-13 00:34:00+00:00,610.86,611.06,610.74,611.06,96.83646
2026-08-13 00:35:00+00:00,611.06,611.06,611.04,611.04,0.36418
2026-08-13 00:36:00+00:00,611.04,611.16,610.94,610.99,0.26416
2026-08-13 00:37:00+00:00,610.99,611.04,610.84,610.84,0.33197
2026-08-13 00:38:00+00:00,610.84,610.98,610.84,610.96,0.3357
2026-08-13 00:39:00+00:00,610.96,610.97,610.84,610.86,0.2933
2026-08-13 00:40:00+00:00,610.86,610.96,610.59,610.62,255.19701
2026-08-13 00:41:00+00:00,610.62,610.62,610.38,610.38,1374.17481
2026-08-13 00:42:00+00:00,610.38,610.39,610.24,610.24,0.45268
2026-08-13 00:43:00+00:00,610.24,610.66,610.24,610.55,0.41363
2026-08-13 00:44:00+00:00,610.55,610.63,610.14,610.25,105.84433
2026-08-13 00:45:00+00:00,610.25,610.25,610.16,610.24,0.3389
2026-08-13 00:46:00+00:00,610.24,610.56,610.24,610.44,2206.43775
2026-08-13 00:47:00+00:00,610.44,610.82,610.44,610.82,1142.36049
2026-08-13 00:48:00+00:00,610.82,611.06,610.81,610.99,96.9063
2026-08-13 00:49:00+00:00,610.99,611.06,610.84,610.87,149.64601
2026-08-13 00:50:00+00:00,610.87,611.06,610.81,611.04,53.11586
2026-08-13 00:51:00+00:00,611.04,611.26,611.02,611.26,53.16057
2026-08-13 00:52:00+00:00,611.26,611.26,610.94,610.95,105.79748
2026-08-13 00:53:00+00:00,610.95,611.02,610.95,611.02,0.2642
2026-08-13 00:54:00+00:00,611.02,611.02,611.01,611.02,0.21411
2026-08-13 00:55:00+00:00,611.02,611.02,610.77,610.94,2046.56481
2026-08-13 00:56:00+00:00,610.94,611.06,610.67,610.94,0.37461
2026-08-13 00:57:00+00:00,610.94,611.04,610.84,611.04,0.34193
2026-08-13 00:58:00+00:00,611.04,611.16,610.96,611.06,0.41851
2026-08-13 00:59:00+00:00,611.06,611.16,611.04,611.04,0.30045
2026-08-13 01:00:00+00:00,611.04,611.04,610.54,610.71,53.16836
2026-08-13 01:01:00+00:00,610.71,611.06,610.64,611.06,149.55338
2026-08-13 01:02:00+00:00,611.06,611.22,610.85,611.22,89.55523
2026-08-13 01:03:00+00:00,611.22,611.34,611.04,611.15,118.85981
2026-08-13 01:04:00+00:00,611.15,611.4,611.04,611.39,96.92508
2026-08-13 01:05:00+00:00,611.39,611.46,611.34,611.34,0.34784
2026-08-13 01:06:00+00:00,611.34,611.46,611.34,611.34,0.25899
2026-08-13 01:07:00+00:00,611.34,611.46,611.34,611.45,0.29674
2026-08-13 01:08:00+00:00,611.45,611.56,611.24,611.56,0.235
2026-08-13 01:09:00+00:00,611.56,611.66,611.44,611.66,0.3487
2026-08-13 01:10:00+00:00,611.66,611.66,611.35,611.41,0.36859
2026-08-13 01:11:00+00:00,611.41,611.46,611.34,611.46,0.31162
2026-08-13 01:12:00+00:00,611.46,611.96,611.34,611.96,96.86707
2026-08-13 01:13:00+00:00,611.96,612.06,611.58,611.59,149.42484
2026-08-13 01:14:00+00:00,611.59,612.1,611.52,611.66,0.46628
2026-08-13 01:15:00+00:00,611.66,611.67,611.37,611.64,0.26743
2026-08-13 01:16:00+00:00,611.64,611.76,611.63,611.76,0.37147
2026-08-13 01:17:00+00:00,611.76,611.86,611.44,611.46,80.79488
2026-08-13 01:18:00+00:00,611.46,611.56,611.44,611.55,0.35081
2026-08-13 01:19:00+00:00,611.55,611.56,611.17,611.22,97.03458
2026-08-13 01:20:00+00:00,611.22,611.36,611.2,611.28,193.17748
2026-08-13 01:21:00+00:00,611.28,611.46,611.24,611.36,0.35929
2026-08-13 01:22:00+00:00,611.36,611.36,611.04,611.16,53.15365
2026-08-13 01:23:00+00:00,611.16,611.16,610.84,610.91,53.13723
2026-08-13 01:24:00+00:00,610.91,610.93,610.54,610.69,53.16783
2026-08-13 01:25:00+00:00,610.69,610.83,610.44,610.44,0.928400659196645042
2026-08-13 01:26:00+00:00,610.44,610.5,610.35,610.35,53.1171
2026-08-13 01:27:00+00:00,610.35,610.65,610.15,610.15,174.96095
2026-08-13 01:28:00+00:00,610.15,610.23,610.15,610.23,0.31121
2026-08-13 01:29:00+00:00,610.23,610.23,610.2,610.23,0.3947
2026-08-13 01:30:00+00:00,610.23,610.32,610.08,610.26,0.37134
2026-08-13 01:31:00+00:00,610.26,610.36,610.14,610.24,53.11213
2026-08-13 01:32:00+00:00,610.24,610.36,610.24,610.24,0.36251
2026-08-13 01:33:00+00:00,610.24,610.63,610.24,610.59,96.96199
2026-08-13 01:34:00+00:00,610.59,610.93,610.59,610.84,133.62723
2026-08-13 01:35:00+00:00,610.84,611.06,610.84,611.05,164.17271
2026-08-13 01:36:00+00:00,611.05,611.06,610.99,611.04,0.31735
2026-08-13 01:37:00+00:00,611.04,611.26,611.03,611.26,119.9428
2026-08-13 01:38:00+00:00,611.26,611.26,611.14,611.23,0.35542
2026-08-13 01:39:00+00:00,611.23,611.62,611.22,611.59,3402.64233
2026-08-13 01:40:00+00:00,611.59,611.59,611.34,611.39,0.442338476904687832
2026-08-13 01:41:00+00:00,611.39,611.62,611.14,611.14,0.45715
2026-08-13 01:42:00+00:00,611.14,611.26,611.04,611.26,53.13328
2026-08-13 01:43:00+00:00,611.26,611.26,610.94,611.04,0.50827
2026-08-13 01:44:00+00:00,611.04,611.16,610.78,610.81,193.61508
2026-08-13 01:45:00+00:00,610.81,610.81,610.54,610.59,170.28875
2026-08-13 01:46:00+00:00,610.59,610.59,610.54,610.56,0.46313
2026-08-13 01:47:00+00:00,610.56,610.93,610.55,610.9,1559.26768
2026-08-13 01:48:00+00:00,610.9,610.93,610.74,610.79,1.73191716081718177
2026-08-13 01:49:00+00:00,610.79,610.86,610.73,610.73,53.09182
2026-08-13 01:50:00+00:00,610.73,611.06,610.64,611.06,105.78362
2026-08-13 01:51:00+00:00,611.06,611.15,611.03,611.12,89.51083
2026-08-13 01:52:00+00:00,611.12,611.43,611.04,611.4,133.58149
2026-08-13 01:53:00+00:00,611.4,611.43,611.38,611.43,0.4668
2026-08-13 01:54:00+00:00,611.43,611.57,611.42,611.56,141.78124
2026-08-13 01:55:00+00:00,611.56,611.73,611.56,611.56,3060.56902
2026-08-13 01:56:00+00:00,611.56,611.72,611.56,611.61,0.27569
2026-08-13 01:57:00+00:00,611.61,611.7,611.56,611.56,0.30898
2026-08-13 01:58:00+00:00,611.56,611.69,611.56,611.64,0.30446
2026-08-13 01:59:00+00:00,611.64,611.66,611.44,611.56,89.02939
2026-08-13 02:00:00+00:00,611.56,611.56,611.34,611.36,0.34639
2026-08-13 02:01:00+00:00,611.36,611.42,610.97,611.03,451.08466716081718177
2026-08-13 02:02:00+00:00,611.03,611.06,610.86,610.92,53.14111
2026-08-13 02:03:00+00:00,610.92,611.26,610.91,611.14,307.55835
2026-08-13 02:04:00+00:00,611.14,611.22,610.94,611.03,53.056
2026-08-13 02:05:00+00:00,611.03,611.03,610.96,611.03,0.41872
2026-08-13 02:06:00+00:00,611.03,611.03,610.84,610.84,1932.27393
2026-08-13 02:07:00+00:00,610.84,610.86,610.77,610.83,0.39283
2026-08-13 02:08:00+00:00,610.83,611.25,610.83,611.19,105.22166
2026-08-13 02:09:00+00:00,611.19,611.36,611.04,611.36,254.47525
2026-08-13 02:10:00+00:00,611.36,611.36,611.04,611.06,96.82907
2026-08-13 02:11:00+00:00,611.06,611.1,610.85,611.1,96.9809
2026-08-13 02:12:00+00:00,611.1,611.16,611.04,611.04,0.35206
2026-08-13 02:13:00+00:00,611.04,611.16,611.04,611.15,0.34273
2026-08-13 02:14:00+00:00,611.15,611.26,611.14,611.19,0.3031
2026-08-13 02:15:00+00:00,611.19,611.26,611.14,611.17,0.2766
2026-08-13 02:16:00+00:00,611.17,611.36,611.16,611.34,52.98998
2026-08-13 02:17:00+00:00,611.34,611.36,611.34,611.36,0.442316823608404434
2026-08-13 02:18:00+00:00,611.36,611.36,611.24,611.24,1.22951819172421333
2026-08-13 02:19:00+00:00,611.24,611.47,611.24,611.34,0.488394395302430566
2026-08-13 02:20:00+00:00,611.34,611.46,611.34,611.46,13.089187241800561092
2026-08-13 02:21:00+00:00,611.46,611.56,611.25,611.25,0.23086
2026-08-13 02:22:00+00:00,611.25,611.36,611.18,611.26,0.665476065573770491
2026-08-13 02:23:00+00:00,611.26,611.26,611.13,611.16,0.32051
2026-08-13 02:24:00+00:00,611.16,611.26,611.14,611.23,0.23834
2026-08-13 02:25:00+00:00,611.23,611.26,611.21,611.22,0.45586
2026-08-13 02:26:00+00:00,611.22,611.46,611.22,611.34,0.36602
2026-08-13 02:27:00+00:00,611.34,611.35,611.24,611.34,0.935378708364781938
2026-08-13 02:28:00+00:00,611.34,611.66,611.34,611.44,96.93024
2026-08-13 02:29:00+00:00,611.44,611.56,611.44,611.46,0.36029
2026-08-13 02:30:00+00:00,611.46,611.46,610.3,610.3,257.33697
2026-08-13 02:31:00+00:00,610.3,610.75,610.3,610.46,0.51792
2026-08-13 02:32:00+00:00,610.46,610.75,610.3,610.57,53.1714
2026-08-13 02:33:00+00:00,610.57,610.57,610.3,610.54,97.03791
2026-08-13 02:34:00+00:00,610.54,610.83,610.45,610.76,0.30344
2026-08-13 02:35:00+00:00,610.76,610.92,610.64,610.75,0.31647
2026-08-13 02:36:00+00:00,610.75,610.86,610.54,610.54,3.035299211038987339
2026-08-13 02:37:00+00:00,610.54,610.66,610.44,610.45,53.06182
2026-08-13 02:38:00+00:00,610.45,610.54,610.34,610.34,53.15377
2026-08-13 02:39:00+00:00,610.34,610.56,610.18,610.56,105.72196
2026-08-13 02:40:00+00:00,610.56,610.66,610.26,610.26,0.29311
2026-08-13 02:41:00+00:00,610.26,610.42,610.24,610.34,0.42916
2026-08-13 02:42:00+00:00,610.34,610.73,610.34,610.55,53.27382
2026-08-13 02:43:00+00:00,610.55,610.66,610.44,610.57,0.44488
2026-08-13 02:44:00+00:00,610.57,610.73,610.54,610.72,0.35013
2026-08-13 02:45:00+00:00,610.72,610.9,610.66,610.66,158.50761
2026-08-13 02:46:00+00:00,610.66,610.66,610.44,610.56,0.31611
2026-08-13 02:47:00+00:00,610.56,610.82,610.44,610.81,668.08923
2026-08-13 02:48:00+00:00,610.81,610.84,610.74,610.79,0.33264
2026-08-13 02:49:00+00:00,610.79,610.84,610.73,610.83,0.28176
2026-08-13 02:50:00+00:00,610.83,610.86,610.82,610.86,0.27869
2026-08-13 02:51:00+00:00,610.86,610.86,610.82,610.85,0.256639629362844607
2026-08-13 02:52:00+00:00,610.85,610.96,610.74,610.96,1.194150099575820108
2026-08-13 02:53:00+00:00,610.96,611.09,610.85,611.08,931.07146
2026-08-13 02:54:00+00:00,611.08,611.16,611.04,611.13,0.33746
2026-08-13 02:55:00+00:00,611.13,611.48,611.13,611.46,363.12125
2026-08-13 02:56:00+00:00,611.46,611.46,611.24,611.24,0.29524
2026-08-13 02:57:00+00:00,611.24,611.36,611.14,611.14,0.28127
2026-08-13 02:58:00+00:00,611.14,611.36,610.97,611.36,0.35823
2026-08-13 02:59:00+00:00,611.36,611.46,611.24,611.34,0.27709
2026-08-13 03:00:00+00:00,611.34,611.46,611.34,611.34,0.32504
2026-08-13 03:01:00+00:00,611.34,611.46,611.04,611.04,97.05711
2026-08-13 03:02:00+00:00,611.04,611.13,611.04,611.04,0.27818
2026-08-13 03:03:00+00:00,611.04,611.16,611.04,611.16,0.26253
2026-08-13 03:04:00+00:00,611.16,611.26,610.74,610.98,105.93604
2026-08-13 03:05:00+00:00,610.98,611.16,610.85,610.92,105.75932
2026-08-13 03:06:00+00:00,610.92,610.92,610.84,610.84,0.42779
2026-08-13 03:07:00+00:00,610.84,610.89,610.84,610.84,0.35523
2026-08-13 03:08:00+00:00,610.84,611.08,610.84,611.06,0.26876
2026-08-13 03:09:00+00:00,611.06,611.06,610.75,610.8,149.66524
2026-08-13 03:10:00+00:00,610.8,610.83,610.77,610.81,0.48031
2026-08-13 03:11:00+00:00,610.81,610.83,610.79,610.82,0.361
2026-08-13 03:12:00+00:00,610.82,611.06,610.74,611.06,96.88895
2026-08-13 03:13:00+00:00,611.06,611.26,611.06,611.25,133.40345
2026-08-13 03:14:00+00:00,611.25,611.38,611.25,611.27,0.25257
2026-08-13 03:15:00+00:00,611.27,611.6,611.27,611.57,120.07168
2026-08-13 03:16:00+00:00,611.57,611.57,611.34,611.36,96.85758
2026-08-13 03:17:00+00:00,611.36,611.46,611.24,611.36,53.21529
2026-08-13 03:18:00+00:00,611.36,611.56,611.34,611.55,2.031188736816286485
2026-08-13 03:19:00+00:00,611.55,611.83,611.55,611.74,467.00526
2026-08-13 03:20:00+00:00,611.74,611.99,611.74,611.82,586.36537
2026-08-13 03:21:00+00:00,611.82,611.84,611.64,611.83,0.39768
2026-08-13 03:22:00+00:00,611.83,611.86,611.74,611.86,0.27571
2026-08-13 03:23:00+00:00,611.86,611.86,611.74,611.86,0.35454
2026-08-13 03:24:00+00:00,611.86,612,611.76,611.94,0.2939
2026-08-13 03:25:00+00:00,611.94,611.96,611.84,611.96,0.36448
2026-08-13 03:26:00+00:00,611.96,611.96,611.84,611.84,0.31632
2026-08-13 03:27:00+00:00,611.84,612,611.84,611.87,0.4298
2026-08-13 03:28:00+00:00,611.87,611.96,611.8,611.8,0.32192
2026-08-13 03:29:00+00:00,611.8,611.92,611.74,611.84,0.32417
2026-08-13 03:30:00+00:00,611.84,611.98,611.84,611.97,0.35816
2026-08-13 03:31:00+00:00,611.97,612.06,611.8,611.97,0.31608
2026-08-13 03:32:00+00:00,611.97,612.53,611.97,612.14,96.85246
2026-08-13 03:33:00+00:00,612.14,612.27,612.14,612.26,0.37238
2026-08-13 03:34:00+00:00,612.26,612.26,612.14,612.26,0.918915282069708947
2026-08-13 03:35:00+00:00,612.26,612.26,612.14,612.22,0.33482
2026-08-13 03:36:00+00:00,612.22,612.26,612.19,612.19,0.16064
2026-08-13 03:37:00+00:00,612.19,612.36,612.19,612.24,0.31353
2026-08-13 03:38:00+00:00,612.24,612.56,612.24,612.45,96.74215
2026-08-13 03:39:00+00:00,612.45,612.46,612.44,612.44,0.31765
2026-08-13 03:40:00+00:00,612.44,612.63,612.44,612.44,55.189729662654548431
2026-08-13 03:41:00+00:00,612.44,612.56,612.34,612.34,52.80042
2026-08-13 03:42:00+00:00,612.34,612.34,612.14,612.14,0.53251
2026-08-13 03:43:00+00:00,612.14,612.26,612.14,612.14,0.30936
2026-08-13 03:44:00+00:00,612.14,612.26,612.12,612.15,0.27693
2026-08-13 03:45:00+00:00,612.15,612.26,612.05,612.07,52.90665
2026-08-13 03:46:00+00:00,612.07,612.07,611.88,611.88,1884.97529
2026-08-13 03:47:00+00:00,611.88,611.9,611.87,611.87,0.30908
2026-08-13 03:48:00+00:00,611.87,612.16,611.84,612.15,96.44048
2026-08-13 03:49:00+00:00,612.15,612.26,612.07,612.07,96.41555
2026-08-13 03:50:00+00:00,612.07,612.07,611.87,611.97,719.42049
2026-08-13 03:51:00+00:00,611.97,612.06,611.94,611.94,0.2771
2026-08-13 03:52:00+00:00,611.94,612.04,611.94,612.04,0.08939
2026-08-13 03:53:00+00:00,612.04,612.33,611.97,612.05,1.371577628786160162
2026-08-13 03:54:00+00:00,612.05,612.06,611.94,611.94,0.25808
2026-08-13 03:55:00+00:00,611.94,612.05,611.84,611.85,52.9935
2026-08-13 03:56:00+00:00,611.85,611.86,611.74,611.77,0.489152499508873027
2026-08-13 03:57:00+00:00,611.77,611.86,611.74,611.84,0.32409
2026-08-13 03:58:00+00:00,611.84,612.8,611.74,612.64,163.441157500491126973
2026-08-13 03:59:00+00:00,612.64,612.64,612.44,612.44,0.439922499508873027
2026-08-13 04:00:00+00:00,612.44,612.83,612.44,612.72,96.64311
2026-08-13 04:01:00+00:00,612.72,612.86,612.54,612.76,96.85534
2026-08-13 04:02:00+00:00,612.76,612.78,612.59,612.74,0.54578
2026-08-13 04:03:00+00:00,612.74,612.86,612.74,612.74,0.40008
2026-08-13 04:04:00+00:00,612.74,612.83,612.54,612.66,0.41679
2026-08-13 04:05:00+00:00,612.66,612.66,612.34,612.51,0.47079
2026-08-13 04:06:00+00:00,612.51,612.56,612.44,612.53,0.40914
2026-08-13 04:07:00+00:00,612.53,612.56,612.44,612.51,0.38582
2026-08-13 04:08:00+00:00,612.51,612.65,612.51,612.6,0.36693
2026-08-13 04:09:00+00:00,612.6,612.63,612.54,612.61,0.2251
2026-08-13 04:10:00+00:00,612.61,613.16,612.6,613.06,104.48421
2026-08-13 04:11:00+00:00,613.06,613.06,612.67,612.69,850.93365
2026-08-13 04:12:00+00:00,612.69,612.74,612.64,612.64,0.36161
2026-08-13 04:13:00+00:00,612.64,612.86,612.64,612.86,53.08029
2026-08-13 04:14:00+00:00,612.86,613,612.74,612.96,96.59647
2026-08-13 04:15:00+00:00,612.96,612.96,612.77,612.84,0.33129
2026-08-13 04:16:00+00:00,612.84,612.86,612.74,612.77,0.3989
2026-08-13 04:17:00+00:00,612.77,612.96,612.74,612.96,0.33879
2026-08-13 04:18:00+00:00,612.96,612.96,612.74,612.77,0.30099
2026-08-13 04:19:00+00:00,612.77,612.85,612.59,612.59,0.25113
2026-08-13 04:20:00+00:00,612.59,612.96,612.59,612.86,0.36262
2026-08-13 04:21:00+00:00,612.86,612.86,612.45,612.56,1.328528540179448555
2026-08-13 04:22:00+00:00,612.56,612.56,611.98,611.98,739.39772
2026-08-13 04:23:00+00:00,611.98,612.16,611.98,612.04,343.54505
2026-08-13 04:24:00+00:00,612.04,612.06,611.82,611.94,0.30547
2026-08-13 04:25:00+00:00,611.94,612.06,611.94,611.94,0.30149
2026-08-13 04:26:00+00:00,611.94,612.26,611.94,612.14,0.38176
2026-08-13 04:27:00+00:00,612.14,612.26,611.94,612.05,0.40526
2026-08-13 04:28:00+00:00,612.05,612.06,611.94,612.03,0.27388
2026-08-13 04:29:00+00:00,612.03,612.16,611.95,612.03,52.89423
2026-08-13 04:30:00+00:00,612.03,612.36,612.03,612.33,0.31065
2026-08-13 04:31:00+00:00,612.33,612.36,612.24,612.24,0.37249
2026-08-13 04:32:00+00:00,612.24,612.36,612.13,612.13,0.35853
2026-08-13 04:33:00+00:00,612.13,612.26,612.13,612.13,0.24034
2026-08-13 04:34:00+00:00,612.13,612.46,612.13,612.43,52.94252
2026-08-13 04:35:00+00:00,612.43,612.56,612.13,612.44,0.36958
2026-08-13 04:36:00+00:00,612.44,612.66,612.44,612.64,0.33902
2026-08-13 04:37:00+00:00,612.64,612.66,612.44,612.48,96.74499
2026-08-13 04:38:00+00:00,612.48,612.66,612.44,612.45,289.03197
2026-08-13 04:39:00+00:00,612.45,612.56,612.27,612.27,52.85587
2026-08-13 04:40:00+00:00,612.27,612.36,612.24,612.24,0.35654
2026-08-13 04:41:00+00:00,612.24,612.56,612.24,612.55,52.92226
2026-08-13 04:42:00+00:00,612.55,612.75,612.54,612.75,52.96193
2026-08-13 04:43:00+00:00,612.75,612.76,612.54,612.57,0.33307
2026-08-13 04:44:00+00:00,612.57,612.64,612.16,612.17,0.40519
2026-08-13 04:45:00+00:00,612.17,612.88,612.17,612.86,619.16461
2026-08-13 04:46:00+00:00,612.86,612.86,612.64,612.75,52.92002
2026-08-13 04:47:00+00:00,612.75,612.86,612.74,612.76,0.3947
2026-08-13 04:48:00+00:00,612.76,612.84,612.47,612.58,96.68467
2026-08-13 04:49:00+00:00,612.58,612.58,612.27,612.34,96.66465
2026-08-13 04:50:00+00:00,612.34,612.66,612.34,612.66,385.65721
2026-08-13 04:51:00+00:00,612.66,612.66,612.57,612.57,0.31768
2026-08-13 04:52:00+00:00,612.57,612.66,612.18,612.64,0.3216
2026-08-13 04:53:00+00:00,612.64,612.69,612.64,612.65,0.3516
2026-08-13 04:54:00+00:00,612.65,612.76,612.65,612.7,0.29701
2026-08-13 04:55:00+00:00,612.7,612.87,612.69,612.86,0.29607
2026-08-13 04:56:00+00:00,612.86,612.93,612.69,612.84,0.705898207420944424
2026-08-13 04:57:00+00:00,612.84,612.87,612.77,612.86,0.28021
2026-08-13 04:58:00+00:00,612.86,612.86,612.76,612.77,0.318
2026-08-13 04:59:00+00:00,612.77,612.86,612.77,612.8,0.19981
2026-08-13 05:00:00+00:00,612.8,612.88,612.77,612.85,0.4594
2026-08-13 05:01:00+00:00,612.85,612.89,612.85,612.87,0.60329
2026-08-13 05:02:00+00:00,612.87,612.96,612.87,612.95,0.29287
2026-08-13 05:03:00+00:00,612.95,613.42,612.87,613.19,0.31671
2026-08-13 05:04:00+00:00,613.19,613.42,613.19,613.21,0.43299
2026-08-13 05:05:00+00:00,613.21,613.22,613.15,613.15,0.3411
2026-08-13 05:06:00+00:00,613.15,614.15,613.15,614.15,574.612136086302221349
2026-08-13 05:07:00+00:00,614.15,614.84,613.71,614.73,3107.879545171329795116
2026-08-13 05:08:00+00:00,614.73,614.96,614.73,614.74,153.574374208814441372
2026-08-13 05:09:00+00:00,614.74,614.75,614.54,614.57,52.82098
2026-08-13 05:10:00+00:00,614.57,614.66,614.38,614.66,1202.21374
2026-08-13 05:11:00+00:00,614.66,614.66,614.54,614.54,0.41441
2026-08-13 05:12:00+00:00,614.54,614.66,614.46,614.5,52.933486785470168928
2026-08-13 05:13:00+00:00,614.5,614.5,614.48,614.49,0.28355
2026-08-13 05:14:00+00:00,614.49,614.5,614.47,614.47,0.39165
2026-08-13 05:15:00+00:00,614.47,615.13,614.47,615.13,1468.08636614012178387
2026-08-13 05:16:00+00:00,615.13,615.13,614.65,614.67,391.43791
2026-08-13 05:17:00+00:00,614.67,615.13,614.66,614.97,148.73096
2026-08-13 05:18:00+00:00,614.97,614.98,614.75,614.75,462.75541
2026-08-13 05:19:00+00:00,614.75,614.96,614.67,614.69,925.30786
2026-08-13 05:20:00+00:00,614.69,615.06,614.69,614.75,52.74175
2026-08-13 05:21:00+00:00,614.75,614.96,614.75,614.85,1.525172631064799739
2026-08-13 05:22:00+00:00,614.85,614.96,614.74,614.8,0.44271
2026-08-13 05:23:00+00:00,614.8,614.86,614.74,614.86,0.46398
2026-08-13 05:24:00+00:00,614.86,614.86,614.56,614.74,349.22739
2026-08-13 05:25:00+00:00,614.74,614.86,614.5,614.52,105.2556
2026-08-13 05:26:00+00:00,614.52,614.52,614.48,614.51,0.34274
2026-08-13 05:27:00+00:00,614.51,614.56,614.44,614.49,0.3217
2026-08-13 05:28:00+00:00,614.49,614.49,614.24,614.34,52.84303
2026-08-13 05:29:00+00:00,614.34,614.56,614.24,614.55,105.30926
2026-08-13 05:30:00+00:00,614.55,614.66,614.34,614.56,0.61486
2026-08-13 05:31:00+00:00,614.56,614.56,614.34,614.44,0.543931013737873559
2026-08-13 05:32:00+00:00,614.44,614.66,614.44,614.54,0.533684569064338384
2026-08-13 05:33:00+00:00,614.54,614.66,614.34,614.36,6.625516474053709067
2026-08-13 05:34:00+00:00,614.36,614.36,614.34,614.35,0.43977
2026-08-13 05:35:00+00:00,614.35,614.46,614.34,614.34,0.52509
2026-08-13 05:36:00+00:00,614.34,614.45,614.24,614.28,105.12965
2026-08-13 05:37:00+00:00,614.28,614.33,614.28,614.33,0.36637
2026-08-13 05:38:00+00:00,614.33,614.47,614.33,614.42,0.28664
2026-08-13 05:39:00+00:00,614.42,614.44,614.39,614.44,0.15749
2026-08-13 05:40:00+00:00,614.44,614.73,614.14,614.14,0.31702992839007877
2026-08-13 05:41:00+00:00,614.14,614.26,614.14,614.14,0.3111
2026-08-13 05:42:00+00:00,614.14,614.26,614.04,614.06,55.067174121908867672
2026-08-13 05:43:00+00:00,614.06,614.16,613.94,614.07,0.36236
2026-08-13 05:44:00+00:00,614.07,614.13,613.95,613.97,209.88906
2026-08-13 05:45:00+00:00,613.97,613.97,613.74,613.76,687.94905
2026-08-13 05:46:00+00:00,613.76,613.76,613.74,613.76,0.29074
2026-08-13 05:47:00+00:00,613.76,613.76,613.74,613.75,0.35505
2026-08-13 05:48:00+00:00,613.75,613.76,613.57,613.57,1173.251875964437635477
2026-08-13 05:49:00+00:00,613.57,613.61,613.51,613.54,0.32468
2026-08-13 05:50:00+00:00,613.54,613.66,613.54,613.54,0.33748
2026-08-13 05:51:00+00:00,613.54,613.72,613.54,613.71,2990.62467
2026-08-13 05:52:00+00:00,613.71,613.76,613.71,613.71,0.30502
2026-08-13 05:53:00+00:00,613.71,614.26,613.71,614.26,2687.58833
2026-08-13 05:54:00+00:00,614.26,614.56,614.26,614.56,969.20232
2026-08-13 05:55:00+00:00,614.56,614.86,614.56,614.65,2120.39332
2026-08-13 05:56:00+00:00,614.65,614.76,614.64,614.76,0.26167
2026-08-13 05:57:00+00:00,614.76,614.76,614.37,614.4,377.11404
2026-08-13 05:58:00+00:00,614.4,614.4,614.14,614.16,125.51454
2026-08-13 05:59:00+00:00,614.16,614.32,614.04,614.06,30.79027
2026-08-13 06:00:00+00:00,614.06,614.07,613.8,613.87,126.71772
2026-08-13 06:01:00+00:00,613.87,613.9,613.38,613.51,2340.887944556243633482
2026-08-13 06:02:00+00:00,613.51,613.51,613.34,613.45,0.46014
2026-08-13 06:03:00+00:00,613.45,613.45,613.05,613.05,304.27488
2026-08-13 06:04:00+00:00,613.05,613.14,613.04,613.1,0.44958
2026-08-13 06:05:00+00:00,613.1,613.11,612.84,612.84,96.60787
2026-08-13 06:06:00+00:00,612.84,613.26,612.74,613.26,133.17104
2026-08-13 06:07:00+00:00,613.26,613.46,613.24,613.39,96.46439
2026-08-13 06:08:00+00:00,613.39,613.73,613.39,613.5,399.28614
2026-08-13 06:09:00+00:00,613.5,614.01,613.49,613.95,3260.55018
2026-08-13 06:10:00+00:00,613.95,613.95,613.49,613.83,1.184051857161475303
2026-08-13 06:11:00+00:00,613.83,614.06,613.74,613.95,0.58184507609727359
2026-08-13 06:12:00+00:00,613.95,614.06,613.71,613.71,96.50406
2026-08-13 06:13:00+00:00,613.71,613.72,613.64,613.65,0.25794
2026-08-13 06:14:00+00:00,613.65,613.76,613.53,613.68,148.7859
2026-08-13 06:15:00+00:00,613.68,613.93,613.54,613.86,96.60159
2026-08-13 06:16:00+00:00,613.86,613.89,613.54,613.65,149.05664
2026-08-13 06:17:00+00:00,613.65,613.66,613.54,613.54,0.32502
2026-08-13 06:18:00+00:00,613.54,613.72,613.52,613.62,0.36524
2026-08-13 06:19:00+00:00,613.62,613.66,613.54,613.57,0.37823
2026-08-13 06:20:00+00:00,613.57,613.76,613.55,613.66,0.32889
2026-08-13 06:21:00+00:00,613.66,613.76,613.54,613.76,0.21385
2026-08-13 06:22:00+00:00,613.76,613.76,613.29,613.44,96.52786
2026-08-13 06:23:00+00:00,613.44,613.56,613.34,613.4,0.49621
2026-08-13 06:24:00+00:00,613.4,613.46,613.25,613.25,0.34228
2026-08-13 06:25:00+00:00,613.25,613.33,612.87,612.89,281.8066
2026-08-13 06:26:00+00:00,612.89,612.93,612.74,612.92,0.41255
2026-08-13 06:27:00+00:00,612.92,613.16,612.84,612.96,96.67918
2026-08-13 06:28:00+00:00,612.96,613.16,612.94,613.06,0.39548
2026-08-13 06:29:00+00:00,613.06,613.06,612.83,612.84,149.14409
2026-08-13 06:30:00+00:00,612.84,612.84,612.63,612.78,36.97856
2026-08-13 06:31:00+00:00,612.78,612.78,612.54,612.54,0.30512
2026-08-13 06:32:00+00:00,612.54,612.66,612.34,612.36,96.73745
2026-08-13 06:33:00+00:00,612.36,612.36,611.94,612.06,390.02754
2026-08-13 06:34:00+00:00,612.06,612.06,611.84,611.84,110.26035
2026-08-13 06:35:00+00:00,611.84,612.06,611.84,611.94,162.772
2026-08-13 06:36:00+00:00,611.94,612,611.34,611.42,313.185040721487465373
2026-08-13 06:37:00+00:00,611.42,611.44,611.34,611.35,0.33197
2026-08-13 06:38:00+00:00,611.35,611.44,611.14,611.15,96.83936
2026-08-13 06:39:00+00:00,611.15,611.16,610.87,611.11,97.298754208814441372
2026-08-13 06:40:00+00:00,611.11,611.36,611.06,611.36,96.88518
2026-08-13 06:41:00+00:00,611.36,611.36,611.16,611.2,0.33787
2026-08-13 06:42:00+00:00,611.2,611.36,611.2,611.2,0.32861
2026-08-13 06:43:00+00:00,611.2,611.43,611.2,611.3,1660.35508
2026-08-13 06:44:00+00:00,611.3,611.34,611.05,611.05,1515.7721
2026-08-13 06:45:00+00:00,611.05,611.55,611.05,611.42,5446.17668
2026-08-13 06:46:00+00:00,611.42,611.76,611.42,611.73,147.72539
2026-08-13 06:47:00+00:00,611.73,611.82,611.55,611.7,1767.14404
2026-08-13 06:48:00+00:00,611.7,612.13,611.7,612.05,96.85872
2026-08-13 06:49:00+00:00,612.05,612.05,611.95,611.98,0.56658
2026-08-13 06:50:00+00:00,611.98,612.06,611.94,611.96,0.33728
2026-08-13 06:51:00+00:00,611.96,612.26,611.96,612.16,0.37931
2026-08-13 06:52:00+00:00,612.16,612.26,612.14,612.26,0.38428
2026-08-13 06:53:00+00:00,612.26,612.46,612.24,612.46,96.57492
2026-08-13 06:54:00+00:00,612.46,612.63,612.38,612.57,343.47733
2026-08-13 06:55:00+00:00,612.57,612.73,612.54,612.7,89.53628
2026-08-13 06:56:00+00:00,612.7,612.71,612.68,612.71,0.23367
2026-08-13 06:57:00+00:00,612.71,612.73,612.68,612.71,1.32770515512542229
2026-08-13 06:58:00+00:00,612.71,612.73,612.68,612.73,0.609424021347085992
2026-08-13 06:59:00+00:00,612.73,612.93,612.71,612.74,3524.95482
2026-08-13 07:00:00+00:00,612.74,612.96,612.74,612.79,96.512042488820706988
2026-08-13 07:01:00+00:00,612.79,613.26,612.79,613.15,803.489777511179293012
2026-08-13 07:02:00+00:00,613.15,613.2,613.14,613.15,0.894541087842907003
2026-08-13 07:03:00+00:00,613.15,613.19,613.04,613.04,0.38387
2026-08-13 07:04:00+00:00,613.04,613.16,612.95,613.05,1.33044160250554613
2026-08-13 07:05:00+00:00,613.05,613.51,612.97,613.51,519.39788
2026-08-13 07:06:00+00:00,613.51,613.69,613.49,613.51,451.63055
2026-08-13 07:07:00+00:00,613.51,613.69,613.18,613.68,1806.452868634157906677
2026-08-13 07:08:00+00:00,613.68,613.69,613.44,613.46,1042.664157138764424374
2026-08-13 07:09:00+00:00,613.46,613.92,613.45,613.9,1346.038988634157906677
2026-08-13 07:10:00+00:00,613.9,613.92,613.75,613.76,207.789351365842093323
2026-08-13 07:11:00+00:00,613.76,613.76,613.74,613.76,1.09010142566191446
2026-08-13 07:12:00+00:00,613.76,613.93,613.75,613.84,467.43465
2026-08-13 07:13:00+00:00,613.84,613.92,613.56,613.56,52.966258390892644686
2026-08-13 07:14:00+00:00,613.56,613.86,613.55,613.86,105.058851609107355314
2026-08-13 07:15:00+00:00,613.86,614.18,613.86,614.17,1129.223733624709768141
2026-08-13 07:16:00+00:00,614.17,614.18,614.04,614.1,0.2843
2026-08-13 07:17:00+00:00,614.1,614.18,614.06,614.14,0.48758
2026-08-13 07:18:00+00:00,614.14,614.18,613.94,613.94,96.54219
2026-08-13 07:19:00+00:00,613.94,614.06,613.67,613.68,192.60765
2026-08-13 07:20:00+00:00,613.68,613.68,613.64,613.66,0.34839
2026-08-13 07:21:00+00:00,613.66,613.66,613.47,613.54,0.886417093262053003
2026-08-13 07:22:00+00:00,613.54,613.86,613.54,613.84,0.42986
2026-08-13 07:23:00+00:00,613.84,613.86,613.74,613.74,1.482468949484425999
2026-08-13 07:24:00+00:00,613.74,613.86,613.74,613.74,0.486253198133365147
2026-08-13 07:25:00+00:00,613.74,613.95,613.64,613.66,53.597884061510046992
2026-08-13 07:26:00+00:00,613.66,613.86,613.19,613.75,0.33153
2026-08-13 07:27:00+00:00,613.75,614.05,613.75,613.94,96.34857
2026-08-13 07:28:00+00:00,613.94,614.13,613.93,613.94,210.13811
2026-08-13 07:29:00+00:00,613.94,614.16,613.82,613.93,150.1461
2026-08-13 07:30:00+00:00,613.93,613.97,613.93,613.97,0.29789
2026-08-13 07:31:00+00:00,613.97,614.06,613.94,613.96,0.28902
2026-08-13 07:32:00+00:00,613.96,614.06,613.84,613.94,105.10404
2026-08-13 07:33:00+00:00,613.94,614.06,613.94,613.98,0.20988
2026-08-13 07:34:00+00:00,613.98,614.04,613.94,613.99,0.424471611316513836
2026-08-13 07:35:00+00:00,613.99,614.04,613.76,613.86,0.38205
2026-08-13 07:36:00+00:00,613.86,613.86,613.74,613.74,0.3906
2026-08-13 07:37:00+00:00,613.74,613.86,613.74,613.75,0.24496
2026-08-13 07:38:00+00:00,613.75,613.96,613.68,613.96,0.3025
2026-08-13 07:39:00+00:00,613.96,613.96,613.74,613.87,0.35397
2026-08-13 07:40:00+00:00,613.87,613.96,613.86,613.96,0.28676
2026-08-13 07:41:00+00:00,613.96,613.96,613.86,613.94,0.4135
2026-08-13 07:42:00+00:00,613.94,614.16,613.87,614.14,104.83572
2026-08-13 07:43:00+00:00,614.14,614.16,614.14,614.14,0.510294803959880161
2026-08-13 07:44:00+00:00,614.14,614.16,614.14,614.14,0.35333
2026-08-13 07:45:00+00:00,614.14,614.36,613.89,614.25,0.34879180968508809
2026-08-13 07:46:00+00:00,614.25,614.36,613.89,614.1,0.396996666645712818
2026-08-13 07:47:00+00:00,614.1,614.16,614.04,614.05,53.487892143113050841
2026-08-13 07:48:00+00:00,614.05,614.06,613.89,613.89,44.225288713652866135
2026-08-13 07:49:00+00:00,613.89,614.22,613.89,613.96,0.38294
2026-08-13 07:50:00+00:00,613.96,613.96,613.89,613.91,0.42287
2026-08-13 07:51:00+00:00,613.91,614.06,613.89,613.96,0.31879
2026-08-13 07:52:00+00:00,613.96,614.06,613.94,613.94,0.28271
2026-08-13 07:53:00+00:00,613.94,613.96,613.84,613.86,1.417371103550318666
2026-08-13 07:54:00+00:00,613.86,613.86,613.84,613.84,1.028546548024077466
2026-08-13 07:55:00+00:00,613.84,613.86,613.84,613.84,0.39672
2026-08-13 07:56:00+00:00,613.84,613.95,613.84,613.85,0.28129
2026-08-13 07:57:00+00:00,613.85,613.86,613.74,613.76,95.33138
2026-08-13 07:58:00+00:00,613.76,613.76,613.57,613.57,52.752453451975922534
2026-08-13 07:59:00+00:00,613.57,613.8,613.57,613.8,0.34076
2026-08-13 08:00:00+00:00,613.8,614.06,613.8,613.89,157.63515
2026-08-13 08:01:00+00:00,613.89,613.96,613.84,613.94,0.30875
2026-08-13 08:02:00+00:00,613.94,613.96,613.94,613.94,0.49047
2026-08-13 08:03:00+00:00,613.94,614.06,613.57,613.86,0.26076
2026-08-13 08:04:00+00:00,613.86,613.96,613.71,613.9,0.33883
2026-08-13 08:05:00+00:00,613.9,613.91,613.74,613.77,500.96162
2026-08-13 08:06:00+00:00,613.77,613.77,613.57,613.57,96.44921
2026-08-13 08:07:00+00:00,613.57,613.67,613.57,613.66,0.34865
2026-08-13 08:08:00+00:00,613.66,613.69,613.57,613.57,0.30335
2026-08-13 08:09:00+00:00,613.57,613.76,613.57,613.58,0.48573
2026-08-13 08:10:00+00:00,613.58,613.76,613.57,613.65,0.33315
2026-08-13 08:11:00+00:00,613.65,613.86,613.57,613.6,149.00914
2026-08-13 08:12:00+00:00,613.6,613.6,613.38,613.39,1839.00733
2026-08-13 08:13:00+00:00,613.39,613.56,613.35,613.44,1839.14222
2026-08-13 08:14:00+00:00,613.44,613.57,613.44,613.56,0.33187
2026-08-13 08:15:00+00:00,613.56,613.56,613.44,613.56,0.31066
2026-08-13 08:16:00+00:00,613.56,613.76,613.44,613.66,52.71844
2026-08-13 08:17:00+00:00,613.66,613.71,613.54,613.66,0.38044
2026-08-13 08:18:00+00:00,613.66,613.66,613.54,613.66,0.25595
2026-08-13 08:19:00+00:00,613.66,613.66,613.47,613.47,0.14771
2026-08-13 08:20:00+00:00,613.47,613.65,613.47,613.64,0.28524
2026-08-13 08:21:00+00:00,613.64,613.76,613.55,613.63,0.27311
2026-08-13 08:22:00+00:00,613.63,613.93,613.62,613.63,0.26183
2026-08-13 08:23:00+00:00,613.63,613.66,613.44,613.56,0.38424
2026-08-13 08:24:00+00:00,613.56,613.66,613.45,613.66,0.35752
2026-08-13 08:25:00+00:00,613.66,613.9,613.64,613.89,96.51628
2026-08-13 08:26:00+00:00,613.89,614.03,613.84,614.02,52.93342
2026-08-13 08:27:00+00:00,614.02,614.23,613.94,614.18,89.13201
2026-08-13 08:28:00+00:00,614.18,614.19,613.84,613.84,246.4802
2026-08-13 08:29:00+00:00,613.84,613.92,613.84,613.92,0.49892
2026-08-13 08:30:00+00:00,613.92,614.16,613.84,614.04,5.040324573303713506
2026-08-13 08:31:00+00:00,614.04,614.16,614.04,614.16,4.573598841457426261
2026-08-13 08:32:00+00:00,614.16,614.36,613.84,614.33,52.72589
2026-08-13 08:33:00+00:00,614.33,614.36,614.24,614.24,0.36203
2026-08-13 08:34:00+00:00,614.24,614.36,613.84,614.25,0.27677
2026-08-13 08:35:00+00:00,614.25,614.36,614.25,614.36,0.32585
2026-08-13 08:36:00+00:00,614.36,614.48,614.26,614.27,3.61393105862295536
2026-08-13 08:37:00+00:00,614.27,614.27,614.14,614.26,0.306657205916111894
2026-08-13 08:38:00+00:00,614.26,614.48,614.14,614.48,0.35561
2026-08-13 08:39:00+00:00,614.48,614.48,613.98,614.43,0.34876
2026-08-13 08:40:00+00:00,614.43,614.46,614.34,614.35,0.37757526255819253
2026-08-13 08:41:00+00:00,614.35,614.46,614.34,614.44,3.849897491618111389
2026-08-13 08:42:00+00:00,614.44,614.45,614.34,614.37,0.30653
2026-08-13 08:43:00+00:00,614.37,614.46,614.34,614.46,0.18218
2026-08-13 08:44:00+00:00,614.46,614.56,614.24,614.56,106.689822266631948964
2026-08-13 08:45:00+00:00,614.56,614.56,614.14,614.25,0.444817733368051036
2026-08-13 08:46:00+00:00,614.25,614.36,614.24,614.24,0.34362
2026-08-13 08:47:00+00:00,614.24,614.56,614.24,614.55,98.511617127533163148
2026-08-13 08:48:00+00:00,614.55,614.56,614.3,614.3,96.24601
2026-08-13 08:49:00+00:00,614.3,614.66,614.3,614.5,0.2897
2026-08-13 08:50:00+00:00,614.5,614.56,614.24,614.36,0.32811
2026-08-13 08:51:00+00:00,614.36,614.55,614.34,614.44,56.60595009541953658
2026-08-13 08:52:00+00:00,614.44,614.56,614.44,614.48,0.1938
2026-08-13 08:53:00+00:00,614.48,614.56,614.34,614.42,0.40743
2026-08-13 08:54:00+00:00,614.42,614.44,613.84,613.84,96.22756
2026-08-13 08:55:00+00:00,613.84,614.46,613.84,614.34,52.76609
2026-08-13 08:56:00+00:00,614.34,614.46,614.34,614.34,0.35054
2026-08-13 08:57:00+00:00,614.34,614.46,614.34,614.39,0.29269
2026-08-13 08:58:00+00:00,614.39,614.46,614.34,614.45,0.39536
2026-08-13 08:59:00+00:00,614.45,614.46,614.35,614.46,0.17824
2026-08-13 09:00:00+00:00,614.46,614.46,614.34,614.46,0.870229567715369215
2026-08-13 09:01:00+00:00,614.46,614.46,614.34,614.35,0.22699
2026-08-13 09:02:00+00:00,614.35,614.46,614.34,614.34,0.26031
2026-08-13 09:03:00+00:00,614.34,614.36,614.14,614.26,384.62579
2026-08-13 09:04:00+00:00,614.26,614.3,614.07,614.09,0.35561
2026-08-13 09:05:00+00:00,614.09,614.13,613.78,613.79,401.56985
2026-08-13 09:06:00+00:00,613.79,613.81,613.54,613.59,0.40535
2026-08-13 09:07:00+00:00,613.59,613.66,613.44,613.47,52.83784
2026-08-13 09:08:00+00:00,613.47,613.47,613.4,613.46,0.3119
2026-08-13 09:09:00+00:00,613.46,613.46,613.26,613.29,106.07956
2026-08-13 09:10:00+00:00,613.29,613.46,613.27,613.43,0.39256
2026-08-13 09:11:00+00:00,613.43,613.46,613.24,613.46,0.30569
2026-08-13 09:12:00+00:00,613.46,613.46,613.19,613.23,52.90045
2026-08-13 09:13:00+00:00,613.23,613.27,613.14,613.26,157.7572
2026-08-13 09:14:00+00:00,613.26,613.27,612.74,612.76,1379.15759
2026-08-13 09:15:00+00:00,612.76,612.83,612.61,612.82,430.59595
2026-08-13 09:16:00+00:00,612.82,612.96,612.74,612.95,89.46954
2026-08-13 09:17:00+00:00,612.95,613.15,612.94,613.13,367.95446
2026-08-13 09:18:00+00:00,613.13,613.16,613.04,613.16,0.39767
2026-08-13 09:19:00+00:00,613.16,613.43,613.04,613.39,800.27846
2026-08-13 09:20:00+00:00,613.39,613.43,613.36,613.36,0.32346
2026-08-13 09:21:00+00:00,613.36,613.43,613.24,613.25,800.14468
2026-08-13 09:22:00+00:00,613.25,613.25,613.02,613.02,580.19481
2026-08-13 09:23:00+00:00,613.02,613.05,612.64,612.72,0.35072
2026-08-13 09:24:00+00:00,612.72,612.72,612.34,612.34,158.678482143113050841
2026-08-13 09:25:00+00:00,612.34,612.34,612.1,612.1,659.405346019422707069
2026-08-13 09:26:00+00:00,612.1,612.36,612.1,612.34,650.703983980577292931
2026-08-13 09:27:00+00:00,612.34,612.56,612.34,612.34,464.47949
2026-08-13 09:28:00+00:00,612.34,612.55,612.34,612.39,0.38255
2026-08-13 09:29:00+00:00,612.39,612.43,612.39,612.42,0.30313
2026-08-13 09:30:00+00:00,612.42,612.43,612.14,612.43,0.42136
2026-08-13 09:31:00+00:00,612.43,612.63,612.14,612.25,0.7890163310092582
2026-08-13 09:32:00+00:00,612.25,612.25,612.14,612.23,0.25275
2026-08-13 09:33:00+00:00,612.23,612.36,612.16,612.36,53.555952532621298972
2026-08-13 09:34:00+00:00,612.36,612.36,612.04,612.14,3.75037924893786727
2026-08-13 09:35:00+00:00,612.14,612.16,612.04,612.15,0.39125
2026-08-13 09:36:00+00:00,612.15,612.16,611.77,611.77,150.015499567715369215
2026-08-13 09:37:00+00:00,611.77,611.78,611.77,611.78,0.2015
2026-08-13 09:38:00+00:00,611.78,611.96,611.74,611.96,0.35995
2026-08-13 09:39:00+00:00,611.96,612.06,611.87,612.06,0.34101
2026-08-13 09:40:00+00:00,612.06,612.06,611.94,611.96,0.29935
2026-08-13 09:41:00+00:00,611.96,612.06,611.74,611.77,53.05721
2026-08-13 09:42:00+00:00,611.77,612.06,611.74,611.84,96.93473
2026-08-13 09:43:00+00:00,611.84,611.86,611.74,611.76,0.35019
2026-08-13 09:44:00+00:00,611.76,611.86,611.74,611.84,0.32903
2026-08-13 09:45:00+00:00,611.84,611.96,611.84,611.84,0.661568746323289103
2026-08-13 09:46:00+00:00,611.84,612.06,611.77,611.94,53.05343
2026-08-13 09:47:00+00:00,611.94,612.06,611.94,611.96,0.31472
2026-08-13 09:48:00+00:00,611.96,612.06,611.74,611.84,53.10692
2026-08-13 09:49:00+00:00,611.84,611.97,611.77,611.96,0.44353
2026-08-13 09:50:00+00:00,611.96,612.15,611.74,612.12,53.12481
2026-08-13 09:51:00+00:00,612.12,612.14,612.04,612.14,0.29717
2026-08-13 09:52:00+00:00,612.14,612.35,612.14,612.16,140.65944
2026-08-13 09:53:00+00:00,612.16,612.36,612.14,612.36,96.9290063310092582
2026-08-13 09:54:00+00:00,612.36,612.46,611.4,612.34,1.175237093262053003
2026-08-13 09:55:00+00:00,612.34,612.36,612.24,612.34,3.448243839787040029
2026-08-13 09:56:00+00:00,612.34,612.34,612.26,612.33,0.13178
2026-08-13 09:57:00+00:00,612.33,612.33,612.24,612.24,0.31719
2026-08-13 09:58:00+00:00,612.24,612.33,612.24,612.28,0.2168
2026-08-13 09:59:00+00:00,612.28,612.33,612.24,612.33,0.24242
2026-08-13 10:00:00+00:00,612.33,612.46,611.97,612.11,99.489601936859649982
2026-08-13 10:01:00+00:00,612.11,612.16,611.84,611.87,102.98316
2026-08-13 10:02:00+00:00,611.87,611.88,611.21,611.27,888.346940578781830805
2026-08-13 10:03:00+00:00,611.27,611.36,611.27,611.36,0.3197
2026-08-13 10:04:00+00:00,611.36,611.51,611.25,611.48,1404.31429
2026-08-13 10:05:00+00:00,611.48,611.53,611.13,611.52,4266.019677491618111389
2026-08-13 10:06:00+00:00,611.52,611.96,611.52,611.96,1162.345268063140350018
2026-08-13 10:07:00+00:00,611.96,611.96,611.74,611.75,105.54487
2026-08-13 10:08:00+00:00,611.75,611.75,611.21,611.46,1931.32215
2026-08-13 10:09:00+00:00,611.46,611.52,611.35,611.39,620.74549
2026-08-13 10:10:00+00:00,611.39,611.4,611.24,611.35,0.35745
2026-08-13 10:11:00+00:00,611.35,611.59,611.35,611.54,620.76389
2026-08-13 10:12:00+00:00,611.54,611.59,611.24,611.25,1969.16435
2026-08-13 10:13:00+00:00,611.25,611.43,611.24,611.43,0.36234
2026-08-13 10:14:00+00:00,611.43,611.43,611.27,611.43,0.59273
2026-08-13 10:15:00+00:00,611.43,611.43,611.34,611.42,0.33228
2026-08-13 10:16:00+00:00,611.42,611.43,611.38,611.4,0.2581
2026-08-13 10:17:00+00:00,611.4,611.43,611.24,611.28,0.52935
2026-08-13 10:18:00+00:00,611.28,611.56,611.25,611.55,0.36192
2026-08-13 10:19:00+00:00,611.55,611.65,610.95,611.58,53.00968
2026-08-13 10:20:00+00:00,611.58,611.59,611.44,611.44,0.37445
2026-08-13 10:21:00+00:00,611.44,611.8,611.44,611.79,52.88958
2026-08-13 10:22:00+00:00,611.79,611.83,611.79,611.79,0.46922
2026-08-13 10:23:00+00:00,611.79,611.83,611.64,611.73,0.46183
2026-08-13 10:24:00+00:00,611.73,611.84,611.64,611.64,0.441296864129724074
2026-08-13 10:25:00+00:00,611.64,611.76,611.54,611.64,0.39319
2026-08-13 10:26:00+00:00,611.64,611.76,611.55,611.65,0.33355
2026-08-13 10:27:00+00:00,611.65,611.65,611.11,611.15,285.146298355330945488
2026-08-13 10:28:00+00:00,611.15,611.15,610.7,610.74,955.07854
2026-08-13 10:29:00+00:00,610.74,610.9,610.74,610.88,970.865811829962693893
2026-08-13 10:30:00+00:00,610.88,610.9,610.84,610.9,0.43757
2026-08-13 10:31:00+00:00,610.9,610.92,610.64,610.85,53.12711
2026-08-13 10:32:00+00:00,610.85,610.96,610.74,610.92,53.07588
2026-08-13 10:33:00+00:00,610.92,610.96,610.78,610.83,2.095753283345066387
2026-08-13 10:34:00+00:00,610.83,610.83,610.54,610.54,170.23338
2026-08-13 10:35:00+00:00,610.54,610.76,610.54,610.71,149.55153
2026-08-13 10:36:00+00:00,610.71,610.76,610.54,610.62,0.4434
2026-08-13 10:37:00+00:00,610.62,610.66,610.54,610.66,0.44947
2026-08-13 10:38:00+00:00,610.66,610.66,610.54,610.54,0.27813
2026-08-13 10:39:00+00:00,610.54,610.93,610.54,610.67,149.54472
2026-08-13 10:40:00+00:00,610.67,610.7,610.64,610.65,0.4032
2026-08-13 10:41:00+00:00,610.65,610.7,610.64,610.67,0.48329
2026-08-13 10:42:00+00:00,610.67,610.86,610.64,610.82,0.39273
2026-08-13 10:43:00+00:00,610.82,611.06,610.82,610.94,133.67454
2026-08-13 10:44:00+00:00,610.94,611.06,610.84,611.06,0.47638
2026-08-13 10:45:00+00:00,611.06,611.06,610.78,611.03,0.33136
2026-08-13 10:46:00+00:00,611.03,611.06,610.94,611.04,0.28532
2026-08-13 10:47:00+00:00,611.04,611.16,610.99,611.04,263.62379
2026-08-13 10:48:00+00:00,611.04,611.16,610.94,611.04,0.30856
2026-08-13 10:49:00+00:00,611.04,611.06,610.94,610.99,0.39331
2026-08-13 10:50:00+00:00,610.99,611.06,610.84,610.86,54.60949983793075223
2026-08-13 10:51:00+00:00,610.86,610.86,610.84,610.86,0.34964
2026-08-13 10:52:00+00:00,610.86,611.16,610.84,610.96,149.38816
2026-08-13 10:53:00+00:00,610.96,611.16,610.94,611.06,53.11173
2026-08-13 10:54:00+00:00,611.06,611.06,610.84,610.96,0.588841298567630156
2026-08-13 10:55:00+00:00,610.96,611.16,610.84,611.06,0.26742
2026-08-13 10:56:00+00:00,611.06,611.15,610.94,610.94,0.37375
2026-08-13 10:57:00+00:00,610.94,611.16,610.85,611.16,96.99138
2026-08-13 10:58:00+00:00,611.16,611.16,610.84,610.86,96.88646
2026-08-13 10:59:00+00:00,610.86,610.88,610.74,610.86,105.9338
2026-08-13 11:00:00+00:00,610.86,610.86,610.74,610.86,0.3211
2026-08-13 11:01:00+00:00,610.86,610.89,610.74,610.89,0.27219
2026-08-13 11:02:00+00:00,610.89,610.96,610.85,610.96,0.35732
2026-08-13 11:03:00+00:00,610.96,611.16,610.84,610.84,105.58437
2026-08-13 11:04:00+00:00,610.84,610.96,610.84,610.96,0.29562
2026-08-13 11:05:00+00:00,610.96,610.96,610.74,610.79,0.21324
2026-08-13 11:06:00+00:00,610.79,610.86,610.65,610.77,0.3464
2026-08-13 11:07:00+00:00,610.77,610.89,610.74,610.88,0.23352
2026-08-13 11:08:00+00:00,610.88,610.96,610.8,610.86,0.33884
2026-08-13 11:09:00+00:00,610.86,610.86,610.74,610.86,0.33517
2026-08-13 11:10:00+00:00,610.86,610.86,610.64,610.64,0.30869
2026-08-13 11:11:00+00:00,610.64,610.76,610.64,610.76,0.37079
2026-08-13 11:12:00+00:00,610.76,611.23,610.71,611.22,440.98859
2026-08-13 11:13:00+00:00,611.22,611.43,611.14,611.43,165.450730694912769388
2026-08-13 11:14:00+00:00,611.43,611.43,611.42,611.42,0.22501
2026-08-13 11:15:00+00:00,611.42,611.43,611.24,611.24,163.38518
2026-08-13 11:16:00+00:00,611.24,611.43,611.15,611.38,163.33479
2026-08-13 11:17:00+00:00,611.38,611.43,611.14,611.24,0.44564
2026-08-13 11:18:00+00:00,611.24,611.26,611.24,611.25,0.33622
2026-08-13 11:19:00+00:00,611.25,611.26,611.04,611.25,53.16019
2026-08-13 11:20:00+00:00,611.25,611.36,611.13,611.26,0.31389
2026-08-13 11:21:00+00:00,611.26,611.26,610.98,611.05,0.36242
2026-08-13 11:22:00+00:00,611.05,611.06,610.85,610.92,53.09913
2026-08-13 11:23:00+00:00,610.92,610.92,610.65,610.85,97.06035
2026-08-13 11:24:00+00:00,610.85,610.86,610.64,610.64,1.430364126822801263
2026-08-13 11:25:00+00:00,610.64,610.86,610.64,610.76,0.49045
2026-08-13 11:26:00+00:00,610.76,610.76,610.54,610.61,53.21763
2026-08-13 11:27:00+00:00,610.61,610.76,610.59,610.76,52.96357
2026-08-13 11:28:00+00:00,610.76,610.76,610,610.49,862.902667814691007919
2026-08-13 11:29:00+00:00,610.49,610.56,610.44,610.55,0.33989
2026-08-13 11:30:00+00:00,610.55,610.57,610.14,610.2,97.07802
2026-08-13 11:31:00+00:00,610.2,610.2,607.58,608.82,4605.487296583381436033
2026-08-13 11:32:00+00:00,608.82,608.96,608.18,608.21,1000.65669
2026-08-13 11:33:00+00:00,608.21,608.66,608.21,608.44,515.83923
2026-08-13 11:34:00+00:00,608.44,608.98,608.44,608.97,97.45247
2026-08-13 11:35:00+00:00,608.97,608.97,608.24,608.38,231.41117
2026-08-13 11:36:00+00:00,608.38,608.59,608.27,608.34,97.44271
2026-08-13 11:37:00+00:00,608.34,608.76,608.34,608.71,53.34539
2026-08-13 11:38:00+00:00,608.71,609.06,608.68,608.84,373.29063
2026-08-13 11:39:00+00:00,608.84,609.09,608.84,608.84,0.38813
2026-08-13 11:40:00+00:00,608.84,609.15,608.84,608.94,150.17297
2026-08-13 11:41:00+00:00,608.94,609.06,608.74,608.84,319.13134
2026-08-13 11:42:00+00:00,608.84,608.86,608.74,608.74,0.39193
2026-08-13 11:43:00+00:00,608.74,608.96,608.74,608.9,0.33034
2026-08-13 11:44:00+00:00,608.9,609.06,608.76,609.06,0.36146
2026-08-13 11:45:00+00:00,609.06,609.16,608.94,608.97,0.46897
2026-08-13 11:46:00+00:00,608.97,609.16,608.96,609.13,53.18393
2026-08-13 11:47:00+00:00,609.13,609.16,609.12,609.16,0.530601263462043603
2026-08-13 11:48:00+00:00,609.16,609.16,609.12,609.16,0.26094
2026-08-13 11:49:00+00:00,609.16,609.33,609.13,609.32,3214.87173
2026-08-13 11:50:00+00:00,609.32,609.32,609.04,609.04,97.25303
2026-08-13 11:51:00+00:00,609.04,609.06,608.94,609.05,0.34703
2026-08-13 11:52:00+00:00,609.05,609.07,608.94,609.06,0.27329
2026-08-13 11:53:00+00:00,609.06,609.06,608.84,608.9,556.86745
2026-08-13 11:54:00+00:00,608.9,609.06,608.84,608.86,0.41106
2026-08-13 11:55:00+00:00,608.86,609.06,608.86,609.05,0.3431
2026-08-13 11:56:00+00:00,609.05,609.06,608.94,608.94,0.36528
2026-08-13 11:57:00+00:00,608.94,609.33,608.94,609.21,149.89994
2026-08-13 11:58:00+00:00,609.21,609.26,609.21,609.26,0.31915
2026-08-13 11:59:00+00:00,609.26,609.26,609.04,609.14,0.48222
2026-08-13 12:00:00+00:00,609.14,609.22,608.81,608.81,239.69988
2026-08-13 12:01:00+00:00,608.81,608.96,608.76,608.94,715.50012
2026-08-13 12:02:00+00:00,608.94,609.16,608.94,609.03,361.29928
2026-08-13 12:03:00+00:00,609.03,609.16,608.77,609.05,0.23658
2026-08-13 12:04:00+00:00,609.05,609.23,609.05,609.19,0.35684
2026-08-13 12:05:00+00:00,609.19,609.36,609.14,609.35,0.35067
2026-08-13 12:06:00+00:00,609.35,609.73,609.24,609.69,239.55713
2026-08-13 12:07:00+00:00,609.69,609.73,609.68,609.7,1.290720716441411888
2026-08-13 12:08:00+00:00,609.7,609.81,609.64,609.74,0.45301
2026-08-13 12:09:00+00:00,609.74,609.98,609.64,609.96,53.20111
2026-08-13 12:10:00+00:00,609.96,609.97,609.74,609.96,0.52041
2026-08-13 12:11:00+00:00,609.96,609.96,609.55,609.58,53.09613
2026-08-13 12:12:00+00:00,609.58,609.73,609.54,609.71,0.27258
2026-08-13 12:13:00+00:00,609.71,609.72,609.12,609.12,133.84849
2026-08-13 12:14:00+00:00,609.12,609.26,609.04,609.22,0.41904216675143143
2026-08-13 12:15:00+00:00,609.22,609.26,609.14,609.26,0.41071
2026-08-13 12:16:00+00:00,609.26,609.36,609.14,609.26,0.5574521823084862
2026-08-13 12:17:00+00:00,609.26,609.36,608.81,608.81,230.97244
2026-08-13 12:18:00+00:00,608.81,608.82,608.74,608.79,0.958834477884176926
2026-08-13 12:19:00+00:00,608.79,609.06,608.74,609.06,230.430425522115823074
2026-08-13 12:20:00+00:00,609.06,609.06,608.84,608.96,0.41615
2026-08-13 12:21:00+00:00,608.96,609.04,608.86,608.92,53.22263
2026-08-13 12:22:00+00:00,608.92,608.97,608.85,608.97,0.24403
2026-08-13 12:23:00+00:00,608.97,609.16,608.84,609.16,159.043490542559303948
2026-08-13 12:24:00+00:00,609.16,609.3,609.1,609.1,1823.020524728720348026
2026-08-13 12:25:00+00:00,609.1,609.14,609.1,609.13,0.3001
2026-08-13 12:26:00+00:00,609.13,609.57,609.04,609.57,706.0803
2026-08-13 12:27:00+00:00,609.57,609.6,609.57,609.58,0.37131
2026-08-13 12:28:00+00:00,609.58,609.74,609.57,609.64,89.86802
2026-08-13 12:29:00+00:00,609.64,609.66,609.64,609.64,0.21937
2026-08-13 12:30:00+00:00,609.64,610.48,609.4,609.42,4513.595814225665163103
2026-08-13 12:31:00+00:00,609.42,609.56,608.99,608.99,722.99464
2026-08-13 12:32:00+00:00,608.99,609.01,608.97,609.01,0.40792
2026-08-13 12:33:00+00:00,609.01,609.34,608.89,609.34,149.9829
2026-08-13 12:34:00+00:00,609.34,609.96,609.33,609.96,297.91377
2026-08-13 12:35:00+00:00,609.96,610.1,609.9,609.9,328.3174
2026-08-13 12:36:00+00:00,609.9,610.06,609.9,609.94,53.09954
2026-08-13 12:37:00+00:00,609.94,610.29,609.94,610.16,0.40873
2026-08-13 12:38:00+00:00,610.16,610.16,609.94,609.94,53.15816
2026-08-13 12:39:00+00:00,609.94,610.06,609.84,609.84,53.07994
2026-08-13 12:40:00+00:00,609.84,609.85,609.46,609.51,195.40672
2026-08-13 12:41:00+00:00,609.51,609.51,609.44,609.44,0.35901
2026-08-13 12:42:00+00:00,609.44,609.66,609.44,609.56,0.4407
2026-08-13 12:43:00+00:00,609.56,609.66,609.54,609.54,0.33771
2026-08-13 12:44:00+00:00,609.54,609.86,609.54,609.75,53.06193
2026-08-13 12:45:00+00:00,609.75,609.76,609.54,609.61,107.264441603253739176
2026-08-13 12:46:00+00:00,609.61,609.62,609.34,609.34,941.694304198373130412
2026-08-13 12:47:00+00:00,609.34,609.73,609.07,609.71,1628.37841
2026-08-13 12:48:00+00:00,609.71,609.76,609.64,609.76,0.36445
2026-08-13 12:49:00+00:00,609.76,609.86,609.65,609.77,0.38418
2026-08-13 12:50:00+00:00,609.77,610.06,609.77,609.92,142.66404
2026-08-13 12:51:00+00:00,609.92,609.96,609.74,609.83,5.400644702959731381
2026-08-13 12:52:00+00:00,609.83,609.96,609.74,609.74,0.3919
2026-08-13 12:53:00+00:00,609.74,609.96,609.74,609.84,0.27246
2026-08-13 12:54:00+00:00,609.84,610.06,609.84,609.93,0.43482
2026-08-13 12:55:00+00:00,609.93,609.95,609.84,609.87,0.30716
2026-08-13 12:56:00+00:00,609.87,610.06,609.84,609.94,0.4853
2026-08-13 12:57:00+00:00,609.94,610.26,609.94,610.22,96.96788
2026-08-13 12:58:00+00:00,610.22,610.26,609.73,609.73,186.83814
2026-08-13 12:59:00+00:00,609.73,610.06,609.54,610.06,239.538095821033572438
2026-08-13 13:00:00+00:00,610.06,610.07,609.84,609.88,53.22607
2026-08-13 13:01:00+00:00,609.88,609.96,609.75,609.96,0.38502
2026-08-13 13:02:00+00:00,609.96,610.16,609.93,610.16,0.39852
2026-08-13 13:03:00+00:00,610.16,610.46,610.04,610.37,225.538409177765763994
2026-08-13 13:04:00+00:00,610.37,610.41,610.24,610.24,0.46846
2026-08-13 13:05:00+00:00,610.24,610.26,610.13,610.16,0.4369
2026-08-13 13:06:00+00:00,610.16,610.6,610.16,610.6,307.86731
2026-08-13 13:07:00+00:00,610.6,610.76,610.54,610.56,1647.72492
2026-08-13 13:08:00+00:00,610.56,610.76,610.18,610.66,158.65939
2026-08-13 13:09:00+00:00,610.66,610.66,610.34,610.34,53.11098
2026-08-13 13:10:00+00:00,610.34,610.46,610.24,610.24,53.779692745617911327
2026-08-13 13:11:00+00:00,610.24,610.33,610.14,610.21,0.37997
2026-08-13 13:12:00+00:00,610.21,610.25,610.14,610.24,0.37085
2026-08-13 13:13:00+00:00,610.24,610.26,610.04,610.06,53.06442
2026-08-13 13:14:00+00:00,610.06,610.06,609.77,609.84,355.12263
2026-08-13 13:15:00+00:00,609.84,610.04,609.74,609.75,97.24907
2026-08-13 13:16:00+00:00,609.75,610.36,609.75,610.28,1.965813380935978132
2026-08-13 13:17:00+00:00,610.28,610.46,610.28,610.35,0.37208
2026-08-13 13:18:00+00:00,610.35,610.46,610.34,610.34,0.43771
2026-08-13 13:19:00+00:00,610.34,610.73,610.34,610.38,0.24755
2026-08-13 13:20:00+00:00,610.38,610.46,610.24,610.28,53.07838
2026-08-13 13:21:00+00:00,610.28,610.28,610.26,610.26,0.30751
2026-08-13 13:22:00+00:00,610.26,610.38,610.14,610.35,1.751593774883263701
2026-08-13 13:23:00+00:00,610.35,610.46,609.94,610.02,231.896383774883263701
2026-08-13 13:24:00+00:00,610.02,610.87,609.89,609.89,519.45617784518519733
2026-08-13 13:25:00+00:00,609.89,609.9,609.88,609.89,0.32092
2026-08-13 13:26:00+00:00,609.89,610.33,609.89,610.31,230.43691
2026-08-13 13:27:00+00:00,610.31,610.33,610.1,610.15,36.99747
2026-08-13 13:28:00+00:00,610.15,610.15,609.94,609.96,0.33588
2026-08-13 13:29:00+00:00,609.96,610.2,609.96,610.19,0.34347
2026-08-13 13:30:00+00:00,610.19,611.1,610.03,610.21,0.49536
2026-08-13 13:31:00+00:00,610.21,610.26,609.54,609.55,170.5348
2026-08-13 13:32:00+00:00,609.55,609.93,609.55,609.64,124.91148
2026-08-13 13:33:00+00:00,609.64,610.23,609.64,610.05,280.12552
2026-08-13 13:34:00+00:00,610.05,610.26,610.05,610.26,169.22422
2026-08-13 13:35:00+00:00,610.26,610.75,610.26,610.54,237.51043
2026-08-13 13:36:00+00:00,610.54,610.86,610.54,610.66,193.59698
2026-08-13 13:37:00+00:00,610.66,611.1,610.54,611.1,484.77745
2026-08-13 13:38:00+00:00,611.1,611.1,611.08,611.08,0.30218
2026-08-13 13:39:00+00:00,611.08,611.1,610.61,610.62,0.23443
2026-08-13 13:40:00+00:00,610.62,611.05,610.62,611.04,0.0382
2026-08-13 13:41:00+00:00,611.04,611.93,611.04,611.44,1775.892017303214396829
2026-08-13 13:42:00+00:00,611.44,611.45,611.34,611.42,0.36698
2026-08-13 13:43:00+00:00,611.42,611.45,611.24,611.27,53.16413
2026-08-13 13:44:00+00:00,611.27,611.61,611.07,611.16,825.46385
2026-08-13 13:45:00+00:00,611.16,611.16,610.74,610.74,170.1672
2026-08-13 13:46:00+00:00,610.74,611.01,610.63,611.01,97.121
2026-08-13 13:47:00+00:00,611.01,611.16,610.84,611.05,0.37142
2026-08-13 13:48:00+00:00,611.05,611.34,611.05,611.22,0.35531
2026-08-13 13:49:00+00:00,611.22,611.38,611.14,611.38,0.51751
2026-08-13 13:50:00+00:00,611.38,611.39,611.14,611.14,465.56443
2026-08-13 13:51:00+00:00,611.14,611.39,611.14,611.3,0.43906
2026-08-13 13:52:00+00:00,611.3,611.36,611.08,611.14,1940.59227
2026-08-13 13:53:00+00:00,611.14,611.36,610.97,611.15,966.35004
2026-08-13 13:54:00+00:00,611.15,611.23,610.97,611.01,509.43748
2026-08-13 13:55:00+00:00,611.01,611.07,610.97,611.07,0.32448
2026-08-13 13:56:00+00:00,611.07,611.07,610.74,610.87,2512.232528011791680314
2026-08-13 13:57:00+00:00,610.87,610.89,610.84,610.88,0.4902
2026-08-13 13:58:00+00:00,610.88,610.96,610.85,610.96,0.46402
2026-08-13 13:59:00+00:00,610.96,610.96,610.84,610.85,0.26482
2026-08-13 14:00:00+00:00,610.85,610.94,610.57,610.8,105.79325
2026-08-13 14:01:00+00:00,610.8,610.86,610.54,610.54,96.94522
2026-08-13 14:02:00+00:00,610.54,610.86,610.46,610.85,202.5629
2026-08-13 14:03:00+00:00,610.85,611.06,610.74,611.06,96.90974
2026-08-13 14:04:00+00:00,611.06,611.06,610.84,610.96,0.44572
2026-08-13 14:05:00+00:00,610.96,611.16,610.84,611.16,96.91342
2026-08-13 14:06:00+00:00,611.16,611.16,610.94,611.02,105.75772
2026-08-13 14:07:00+00:00,611.02,611.43,610.94,611.4,254.76525
2026-08-13 14:08:00+00:00,611.4,611.43,611.14,611.14,96.92474
2026-08-13 14:09:00+00:00,611.14,611.15,610.84,610.96,96.74408
2026-08-13 14:10:00+00:00,610.96,611.06,610.94,611.06,0.407910030438909436
2026-08-13 14:11:00+00:00,611.06,611.36,610.94,611.24,53.735434237869629145
2026-08-13 14:12:00+00:00,611.24,611.86,611.24,611.86,169.88766
2026-08-13 14:13:00+00:00,611.86,611.86,611.3,611.3,512.548008275862068965
2026-08-13 14:14:00+00:00,611.3,611.33,611.28,611.33,2.625171459512120299
2026-08-13 14:15:00+00:00,611.33,611.45,611.04,611.45,232.75375
2026-08-13 14:16:00+00:00,611.45,611.45,610.84,611.26,193.62924
2026-08-13 14:17:00+00:00,611.26,611.31,611.13,611.26,53.09289
2026-08-13 14:18:00+00:00,611.26,611.26,610.84,610.95,404.37258
2026-08-13 14:19:00+00:00,610.95,611.06,610.94,611,0.39136
2026-08-13 14:20:00+00:00,611,611,610.51,610.69,501.13075
2026-08-13 14:21:00+00:00,610.69,611.16,610.69,611.03,440.64613
2026-08-13 14:22:00+00:00,611.03,611.04,610.84,610.92,140.84712
2026-08-13 14:23:00+00:00,610.92,610.92,610.4,610.4,709.73468
2026-08-13 14:24:00+00:00,610.4,610.76,610.36,610.75,326.87528
2026-08-13 14:25:00+00:00,610.75,610.75,610.54,610.66,0.33612
2026-08-13 14:26:00+00:00,610.66,610.66,610.54,610.66,0.38008
2026-08-13 14:27:00+00:00,610.66,610.66,610.29,610.36,149.99856
2026-08-13 14:28:00+00:00,610.36,610.36,610.17,610.29,567.02186
2026-08-13 14:29:00+00:00,610.29,610.36,610.05,610.22,651.11671
2026-08-13 14:30:00+00:00,610.22,610.46,610.04,610.09,0.42669
2026-08-13 14:31:00+00:00,610.09,610.69,610.09,610.69,580.14215
2026-08-13 14:32:00+00:00,610.69,611.06,610.69,611.05,327.91989
2026-08-13 14:33:00+00:00,611.05,611.22,610.82,610.82,717.31186
2026-08-13 14:34:00+00:00,610.82,611.16,610.82,611.14,149.62794
2026-08-13 14:35:00+00:00,611.14,611.53,611.14,611.4,846.67371
2026-08-13 14:36:00+00:00,611.4,611.66,611.24,611.66,1254.13062
2026-08-13 14:37:00+00:00,611.66,611.73,611.64,611.71,0.37481
2026-08-13 14:38:00+00:00,611.71,611.76,611.35,611.35,186.21886
2026-08-13 14:39:00+00:00,611.35,611.37,611.21,611.21,97.04202
2026-08-13 14:40:00+00:00,611.21,611.21,611.04,611.16,0.32525
2026-08-13 14:41:00+00:00,611.16,611.16,610.94,611.15,53.15189
2026-08-13 14:42:00+00:00,611.15,611.23,610.5,611.13,702.06974
2026-08-13 14:43:00+00:00,611.13,611.13,610.89,610.89,369.36707
2026-08-13 14:44:00+00:00,610.89,610.92,610.89,610.92,0.41941
2026-08-13 14:45:00+00:00,610.92,611.12,610.9,610.91,737.95924
2026-08-13 14:46:00+00:00,610.91,610.92,610.55,610.55,755.97146
2026-08-13 14:47:00+00:00,610.55,610.56,610.39,610.4,1388.083187293867190698
2026-08-13 14:48:00+00:00,610.4,610.65,610.3,610.51,208.246660997182729476
2026-08-13 14:49:00+00:00,610.51,610.56,610.3,610.33,6.537201162805936895
2026-08-13 14:50:00+00:00,610.33,610.34,610.2,610.2,523.08764
2026-08-13 14:51:00+00:00,610.2,610.56,610.2,610.54,651.21755
2026-08-13 14:52:00+00:00,610.54,610.56,610.34,610.35,53.14018
2026-08-13 14:53:00+00:00,610.35,610.46,610.24,610.43,106.01313
2026-08-13 14:54:00+00:00,610.43,610.45,610.21,610.23,96.97871
2026-08-13 14:55:00+00:00,610.23,610.42,610.22,610.29,149.73318
2026-08-13 14:56:00+00:00,610.29,610.29,610.25,610.28,0.43951
2026-08-13 14:57:00+00:00,610.28,610.29,610.24,610.28,0.938567796160922867
2026-08-13 14:58:00+00:00,610.28,611.1,610.14,610.34,791.835131772487638756
2026-08-13 14:59:00+00:00,610.34,610.35,610.17,610.18,791.24249
2026-08-13 15:00:00+00:00,610.18,610.56,610.17,610.54,1126.68965
2026-08-13 15:01:00+00:00,610.54,610.56,610.34,610.44,1.12892568784072527
2026-08-13 15:02:00+00:00,610.44,610.53,610.34,610.34,53.55238
2026-08-13 15:03:00+00:00,610.34,610.46,610.14,610.24,53.486014582309179693
2026-08-13 15:04:00+00:00,610.24,610.26,610.17,610.24,0.26278
2026-08-13 15:05:00+00:00,610.24,610.25,609.94,609.95,53.21571
2026-08-13 15:06:00+00:00,609.95,609.98,609.75,609.8,239.27864
2026-08-13 15:07:00+00:00,609.8,609.95,609.74,609.74,1463.48204
2026-08-13 15:08:00+00:00,609.74,609.76,609.64,609.76,0.32292
2026-08-13 15:09:00+00:00,609.76,609.76,609.64,609.76,0.29981
2026-08-13 15:10:00+00:00,609.76,609.86,609.74,609.83,0.36083
2026-08-13 15:11:00+00:00,609.83,609.96,609.76,609.95,53.10833
2026-08-13 15:12:00+00:00,609.95,610.15,609.84,609.94,264.35981
2026-08-13 15:13:00+00:00,609.94,610.05,609.35,609.94,0.931760932031198793
2026-08-13 15:14:00+00:00,609.94,610.16,609.94,609.94,53.15373
2026-08-13 15:15:00+00:00,609.94,609.95,609.64,609.64,186.37664
2026-08-13 15:16:00+00:00,609.64,609.93,609.64,609.77,780.91425
2026-08-13 15:17:00+00:00,609.77,610.03,609.76,610.03,53.27209
2026-08-13 15:18:00+00:00,610.03,610.03,609.94,609.95,0.33446
2026-08-13 15:19:00+00:00,609.95,610.47,609.94,610.29,392.80855
2026-08-13 15:20:00+00:00,610.29,610.56,610.24,610.56,433.83387
2026-08-13 15:21:00+00:00,610.56,610.56,610.3,610.44,105.9193
2026-08-13 15:22:00+00:00,610.44,610.46,610.43,610.46,0.3515
2026-08-13 15:23:00+00:00,610.46,610.46,610.04,610.08,149.8204
2026-08-13 15:24:00+00:00,610.08,610.16,609.94,610.01,0.29978
2026-08-13 15:25:00+00:00,610.01,610.06,609.61,609.61,230.64814
2026-08-13 15:26:00+00:00,609.61,609.66,609.37,609.66,0.39685
2026-08-13 15:27:00+00:00,609.66,609.66,609.35,609.48,731.370531872282443921
2026-08-13 15:28:00+00:00,609.48,609.54,608.7,608.89,655.36698
2026-08-13 15:29:00+00:00,608.89,608.89,608.27,608.41,3454.28834
2026-08-13 15:30:00+00:00,608.41,608.41,606.96,607.57,5872.150311878667795969
2026-08-13 15:31:00+00:00,607.57,608.25,607.57,608.05,999.23794
2026-08-13 15:32:00+00:00,608.05,608.26,607.89,608.05,97.59589
2026-08-13 15:33:00+00:00,608.05,608.54,608.05,608.46,842.50836
2026-08-13 15:34:00+00:00,608.46,608.56,608.02,608.29,754.63946
2026-08-13 15:35:00+00:00,608.29,608.66,608.27,608.55,668.54453
2026-08-13 15:36:00+00:00,608.55,608.86,608.54,608.86,920.643254477884176926
2026-08-13 15:37:00+00:00,608.86,609.02,608.74,608.94,4541.376258011791680314
2026-08-13 15:38:00+00:00,608.94,609.12,608.8,609.11,1108.66728751032414276
2026-08-13 15:39:00+00:00,609.11,609.52,609.11,609.51,2540.97947
2026-08-13 15:40:00+00:00,609.51,609.69,609.34,609.4,2632.57921
2026-08-13 15:41:00+00:00,609.4,609.46,609.34,609.34,0.63027
2026-08-13 15:42:00+00:00,609.34,609.56,609.34,609.54,53.13529
2026-08-13 15:43:00+00:00,609.54,609.76,609.54,609.59,0.29199
2026-08-13 15:44:00+00:00,609.59,609.66,609.14,609.22,239.62281
2026-08-13 15:45:00+00:00,609.22,609.23,608.95,608.96,98.098116051742605213
2026-08-13 15:46:00+00:00,608.96,609.06,608.75,608.86,267.82719
2026-08-13 15:47:00+00:00,608.86,608.92,608.64,608.64,53.17279
2026-08-13 15:48:00+00:00,608.64,608.76,608.44,608.76,820.23729
2026-08-13 15:49:00+00:00,608.76,608.81,608.44,608.81,555.61941
2026-08-13 15:50:00+00:00,608.81,608.96,608.8,608.94,292.56106
2026-08-13 15:51:00+00:00,608.94,609.06,608.77,608.78,909.17219
2026-08-13 15:52:00+00:00,608.78,608.8,608.67,608.69,0.37186
2026-08-13 15:53:00+00:00,608.69,608.69,608.47,608.51,255.91982
2026-08-13 15:54:00+00:00,608.51,608.84,608.44,608.84,555.72204
2026-08-13 15:55:00+00:00,608.84,608.85,608.69,608.84,687.63666
2026-08-13 15:56:00+00:00,608.84,609.03,608.83,608.86,3078.6188
2026-08-13 15:57:00+00:00,608.86,608.87,608.4,608.52,2490.04742
2026-08-13 15:58:00+00:00,608.52,608.52,608.21,608.24,1713.08519
2026-08-13 15:59:00+00:00,608.24,608.26,607.71,607.78,0.59924
2026-08-13 16:00:00+00:00,607.78,607.78,607.39,607.65,7406.97626
2026-08-13 16:01:00+00:00,607.65,607.86,607.65,607.8,309.33802
2026-08-13 16:02:00+00:00,607.8,607.89,607,607.76,1398.06598
2026-08-13 16:03:00+00:00,607.76,608.09,607.76,608.09,466.36397
2026-08-13 16:04:00+00:00,608.09,608.17,607.94,608.17,392.66748
2026-08-13 16:05:00+00:00,608.17,608.46,607.76,608.46,53.35899
2026-08-13 16:06:00+00:00,608.46,608.46,608.18,608.19,362.04784
2026-08-13 16:07:00+00:00,608.19,608.2,607.77,607.77,475.55081
2026-08-13 16:08:00+00:00,607.77,608.18,607.65,608.18,615.44953
2026-08-13 16:09:00+00:00,608.18,608.2,607.87,608.02,97.5333
2026-08-13 16:10:00+00:00,608.02,608.44,607.94,608.34,840.42671
2026-08-13 16:11:00+00:00,608.34,608.8,608.34,608.54,231.99676
2026-08-13 16:12:00+00:00,608.54,608.66,608.54,608.57,0.40843
2026-08-13 16:13:00+00:00,608.57,608.8,607.94,608.18,53.687860997182729476
2026-08-13 16:14:00+00:00,608.18,608.46,608.18,608.44,97.383869002817270524
2026-08-13 16:15:00+00:00,608.44,608.46,608.34,608.46,0.41981
2026-08-13 16:16:00+00:00,608.46,608.73,608.34,608.38,194.13955
2026-08-13 16:17:00+00:00,608.38,608.73,608.24,608.46,194.29478
2026-08-13 16:18:00+00:00,608.46,608.66,608.42,608.56,0.41151
2026-08-13 16:19:00+00:00,608.56,608.8,608.54,608.77,97.23376
2026-08-13 16:20:00+00:00,608.77,608.96,608.42,608.89,737.629148379998357829
2026-08-13 16:21:00+00:00,608.89,609.48,608.89,609.48,525.60323
2026-08-13 16:22:00+00:00,609.48,609.65,609.48,609.58,1949.34472
2026-08-13 16:23:00+00:00,609.58,609.78,609.56,609.61,729.02878
2026-08-13 16:24:00+00:00,609.61,609.62,609.04,609.07,1583.637977786289594986
2026-08-13 16:25:00+00:00,609.07,609.3,609.06,609.25,1571.068121263462043603
2026-08-13 16:26:00+00:00,609.25,609.28,609.04,609.05,97.271578736537956397
2026-08-13 16:27:00+00:00,609.05,609.16,608.24,608.24,802.53658
2026-08-13 16:28:00+00:00,608.24,608.38,608.04,608.38,3113.44897
2026-08-13 16:29:00+00:00,608.38,608.41,607.97,607.97,1746.17029
2026-08-13 16:30:00+00:00,607.97,608.71,607.97,608.65,7554.5616
2026-08-13 16:31:00+00:00,608.65,608.97,608.42,608.84,920.85485
2026-08-13 16:32:00+00:00,608.84,608.92,608.64,608.84,396.97218
2026-08-13 16:33:00+00:00,608.84,608.89,608.54,608.68,150.23847
2026-08-13 16:34:00+00:00,608.68,608.93,608.54,608.82,106.28729
2026-08-13 16:35:00+00:00,608.82,608.96,608.65,608.84,0.4052
2026-08-13 16:36:00+00:00,608.84,608.96,608.54,608.56,97.44591
2026-08-13 16:37:00+00:00,608.56,608.76,607.86,607.86,914.46484
2026-08-13 16:38:00+00:00,607.86,607.96,607.64,607.7,2957.2024
2026-08-13 16:39:00+00:00,607.7,607.7,606.36,606.95,3241.153183055577716116
2026-08-13 16:40:00+00:00,606.95,607.23,606.84,607.1,278.46701
2026-08-13 16:41:00+00:00,607.1,607.1,606.27,606.27,333.138975266825406918
2026-08-13 16:42:00+00:00,606.27,606.31,605.62,605.88,3563.889757224268013417
2026-08-13 16:43:00+00:00,605.88,606.46,605.3,606.3,916.620674248897486761
2026-08-13 16:44:00+00:00,606.3,606.91,606.04,606.91,285.3225
2026-08-13 16:45:00+00:00,606.91,606.92,606.54,606.56,559.12769
2026-08-13 16:46:00+00:00,606.56,606.57,605.94,606.55,753.467542166647208306
2026-08-13 16:47:00+00:00,606.55,606.86,606.55,606.85,339.981058837194063105
2026-08-13 16:48:00+00:00,606.85,607.49,606.85,607.49,5170.035705737958930697
2026-08-13 16:49:00+00:00,607.49,607.88,607.34,607.59,4045.594074262041069303
2026-08-13 16:50:00+00:00,607.59,607.86,607.59,607.86,53.36753
2026-08-13 16:51:00+00:00,607.86,607.86,607.64,607.76,106.35094
2026-08-13 16:52:00+00:00,607.76,607.76,606.84,606.84,771.514510720610988576
2026-08-13 16:53:00+00:00,606.84,607.13,606.74,607.13,650.63661
2026-08-13 16:54:00+00:00,607.13,607.16,606.94,607.05,532.12127
2026-08-13 16:55:00+00:00,607.05,607.26,607.04,607.24,53.4153
2026-08-13 16:56:00+00:00,607.24,607.76,607.24,607.75,1333.82111
2026-08-13 16:57:00+00:00,607.75,607.76,607.44,607.44,508.77173
2026-08-13 16:58:00+00:00,607.44,607.45,607.27,607.31,53.20576
2026-08-13 16:59:00+00:00,607.31,607.64,607.27,607.59,312.2343
2026-08-13 17:00:00+00:00,607.59,607.76,607.17,607.75,312.25619
2026-08-13 17:01:00+00:00,607.75,608.05,607.64,608.03,2258.992726505938969903
2026-08-13 17:02:00+00:00,608.03,608.22,607.71,607.86,5381.52951
2026-08-13 17:03:00+00:00,607.86,608.01,607.84,608.01,3162.57849
2026-08-13 17:04:00+00:00,608.01,608.3,607.99,608.13,4086.45398
2026-08-13 17:05:00+00:00,608.13,608.16,608.11,608.16,0.648367467605077945
2026-08-13 17:06:00+00:00,608.16,608.36,608.13,608.35,2254.54753736936469156
2026-08-13 17:07:00+00:00,608.35,608.46,608.25,608.36,0.45829
2026-08-13 17:08:00+00:00,608.36,608.47,608.14,608.46,247.25938
2026-08-13 17:09:00+00:00,608.46,608.46,608.34,608.46,0.37082
2026-08-13 17:10:00+00:00,608.46,608.51,608.34,608.36,0.44968
2026-08-13 17:11:00+00:00,608.36,608.73,608.34,608.58,97.25622
2026-08-13 17:12:00+00:00,608.58,608.66,608.36,608.64,0.720673960193758855
2026-08-13 17:13:00+00:00,608.64,608.66,608.54,608.54,7.888596781074599582
2026-08-13 17:14:00+00:00,608.54,608.66,608.37,608.44,0.2707
2026-08-13 17:15:00+00:00,608.44,608.46,607.99,608.03,337.23622
2026-08-13 17:16:00+00:00,608.03,608.33,607.97,608.24,425.851541969658250745
2026-08-13 17:17:00+00:00,608.24,608.33,608.14,608.21,0.33069
2026-08-13 17:18:00+00:00,608.21,608.21,608,608,0.41477
2026-08-13 17:19:00+00:00,608,608.06,607.84,607.88,53.50885
2026-08-13 17:20:00+00:00,607.88,608.15,607.88,608.04,1076.6101
2026-08-13 17:21:00+00:00,608.04,608.42,608.04,608.29,491.39369
2026-08-13 17:22:00+00:00,608.29,608.3,608.14,608.24,0.36631
2026-08-13 17:23:00+00:00,608.24,608.36,608.14,608.25,0.39431
2026-08-13 17:24:00+00:00,608.25,608.36,608.14,608.24,0.19198
2026-08-13 17:25:00+00:00,608.24,608.54,608.24,608.36,150.16234
2026-08-13 17:26:00+00:00,608.36,608.36,608.24,608.35,0.25176
2026-08-13 17:27:00+00:00,608.35,608.35,607.97,608.01,97.20563
2026-08-13 17:28:00+00:00,608.01,608.26,607.94,608.17,194.19722
2026-08-13 17:29:00+00:00,608.17,608.26,607.87,607.87,0.42672
2026-08-13 17:30:00+00:00,607.87,608.16,607.87,608.04,0.3814
2026-08-13 17:31:00+00:00,608.04,608.06,607.84,607.84,0.29241
2026-08-13 17:32:00+00:00,607.84,608.37,607.84,608.37,187.110942252779788143
2026-08-13 17:33:00+00:00,608.37,608.48,608.04,608.04,178.41534
2026-08-13 17:34:00+00:00,608.04,608.11,607.84,608.06,413.3921331960461285
2026-08-13 17:35:00+00:00,608.06,608.06,607.84,607.86,0.35677
2026-08-13 17:36:00+00:00,607.86,608.06,607.84,607.84,0.29036
2026-08-13 17:37:00+00:00,607.84,607.99,607.74,607.9,53.4554
2026-08-13 17:38:00+00:00,607.9,608,607.84,607.99,53.23868
2026-08-13 17:39:00+00:00,607.99,608.22,607.73,607.9,97.45868
2026-08-13 17:40:00+00:00,607.9,608.26,607.86,608.14,106.38166
2026-08-13 17:41:00+00:00,608.14,608.26,608.14,608.14,0.36988
2026-08-13 17:42:00+00:00,608.14,608.53,608.14,608.43,97.42964
2026-08-13 17:43:00+00:00,608.43,608.46,608.34,608.37,0.33847
2026-08-13 17:44:00+00:00,608.37,608.66,608.37,608.64,53.23231
2026-08-13 17:45:00+00:00,608.64,608.85,608.62,608.85,573.2209
2026-08-13 17:46:00+00:00,608.85,608.86,608.79,608.8,0.38715
2026-08-13 17:47:00+00:00,608.8,608.86,608.79,608.86,0.41994
2026-08-13 17:48:00+00:00,608.86,608.86,608.81,608.86,0.38204
2026-08-13 17:49:00+00:00,608.86,609.09,608.84,608.85,0.27881
2026-08-13 17:50:00+00:00,608.85,609.09,608.64,608.65,53.26623
2026-08-13 17:51:00+00:00,608.65,608.69,608.44,608.44,934.76955
2026-08-13 17:52:00+00:00,608.44,608.66,608.44,608.66,0.34387
2026-08-13 17:53:00+00:00,608.66,609.09,608.6,609.09,0.38494
2026-08-13 17:54:00+00:00,609.09,609.09,608.54,608.54,97.4043
2026-08-13 17:55:00+00:00,608.54,608.63,608.54,608.56,0.31401
2026-08-13 17:56:00+00:00,608.56,608.6,608.42,608.42,97.20574
2026-08-13 17:57:00+00:00,608.42,608.43,608.34,608.43,0.24481
2026-08-13 17:58:00+00:00,608.43,608.62,608.43,608.53,0.37254
2026-08-13 17:59:00+00:00,608.53,608.53,608.24,608.33,159.18492
2026-08-13 18:00:00+00:00,608.33,608.46,608.15,608.17,150.35415
2026-08-13 18:01:00+00:00,608.17,608.35,608.14,608.35,106.3988
2026-08-13 18:02:00+00:00,608.35,608.36,608.32,608.32,0.42422
2026-08-13 18:03:00+00:00,608.32,608.66,608.15,608.66,97.30245
2026-08-13 18:04:00+00:00,608.66,608.83,608.64,608.66,97.36365
2026-08-13 18:05:00+00:00,608.66,608.93,608.56,608.57,0.39965
2026-08-13 18:06:00+00:00,608.57,608.66,608.34,608.36,97.37929
2026-08-13 18:07:00+00:00,608.36,608.46,608.34,608.46,0.30201
2026-08-13 18:08:00+00:00,608.46,608.46,608.24,608.28,53.44006
2026-08-13 18:09:00+00:00,608.28,608.46,608.14,608.16,203.08567
2026-08-13 18:10:00+00:00,608.16,608.21,608.15,608.21,0.3436
2026-08-13 18:11:00+00:00,608.21,608.21,608.14,608.15,1.759575819894042435
2026-08-13 18:12:00+00:00,608.15,608.21,607.76,607.88,588.180074180105957565
2026-08-13 18:13:00+00:00,607.88,608.43,607.88,608.43,776.586775819894042435
2026-08-13 18:14:00+00:00,608.43,608.81,608.04,608.05,1359.155744180105957565
2026-08-13 18:15:00+00:00,608.05,608.81,608.05,608.39,1722.79898
2026-08-13 18:16:00+00:00,608.39,608.9,608.34,608.45,0.50609
2026-08-13 18:17:00+00:00,608.45,608.56,608.45,608.56,0.27835
2026-08-13 18:18:00+00:00,608.56,608.75,608.55,608.73,715.74007
2026-08-13 18:19:00+00:00,608.73,608.96,608.73,608.95,1445.81981
2026-08-13 18:20:00+00:00,608.95,609.08,608.93,608.94,0.41389
2026-08-13 18:21:00+00:00,608.94,608.96,608.93,608.96,0.762093909616395165
2026-08-13 18:22:00+00:00,608.96,608.96,608.44,608.44,2946.622366090383604835
2026-08-13 18:23:00+00:00,608.44,608.56,608.38,608.39,44.57709
2026-08-13 18:24:00+00:00,608.39,608.39,608.17,608.21,195.4126
2026-08-13 18:25:00+00:00,608.21,608.56,608.21,608.52,292.1731
2026-08-13 18:26:00+00:00,608.52,608.56,608.17,608.2,1457.299918366884130609
2026-08-13 18:27:00+00:00,608.2,608.23,608,608,0.39382
2026-08-13 18:28:00+00:00,608,608.36,608,608.06,53.36978
2026-08-13 18:29:00+00:00,608.06,608.09,608,608.09,0.39224
2026-08-13 18:30:00+00:00,608.09,608.36,608.04,608.36,0.36778
2026-08-13 18:31:00+00:00,608.36,608.36,608.03,608.18,97.48011
2026-08-13 18:32:00+00:00,608.18,608.46,608.18,608.35,53.29636
2026-08-13 18:33:00+00:00,608.35,608.73,608.34,608.57,194.3041
2026-08-13 18:34:00+00:00,608.57,608.58,608.03,608.03,300.3828
2026-08-13 18:35:00+00:00,608.03,608.22,607.94,608.22,205.408280341389430812
2026-08-13 18:36:00+00:00,608.22,608.34,608.18,608.31,344.13214
2026-08-13 18:37:00+00:00,608.31,608.73,608.16,608.68,186.99462
2026-08-13 18:38:00+00:00,608.68,608.73,608.58,608.58,134.12258
2026-08-13 18:39:00+00:00,608.58,608.59,608.34,608.36,97.37091
2026-08-13 18:40:00+00:00,608.36,608.46,608.34,608.37,0.32529
2026-08-13 18:41:00+00:00,608.37,608.66,608.36,608.65,97.19684
2026-08-13 18:42:00+00:00,608.65,609.23,608.64,609.05,357.77311
2026-08-13 18:43:00+00:00,609.05,609.3,609.02,609.03,0.41569
2026-08-13 18:44:00+00:00,609.03,609.16,608.89,609.12,370.133153879051940181
2026-08-13 18:45:00+00:00,609.12,609.56,609.04,609.34,945.276165269240872077
2026-08-13 18:46:00+00:00,609.34,609.44,609.14,609.2,106.06983
2026-08-13 18:47:00+00:00,609.2,609.26,609.06,609.08,0.33694
2026-08-13 18:48:00+00:00,609.08,609.16,608.98,609.06,0.38808
2026-08-13 18:49:00+00:00,609.06,609.22,609.02,609.16,53.17645
2026-08-13 18:50:00+00:00,609.16,609.26,609.14,609.26,0.3143
2026-08-13 18:51:00+00:00,609.26,609.46,609.15,609.16,0.38153
2026-08-13 18:52:00+00:00,609.16,609.46,609.16,609.44,53.08936
2026-08-13 18:53:00+00:00,609.44,609.73,609.38,609.55,644.54389
2026-08-13 18:54:00+00:00,609.55,609.89,609.38,609.51,539.056339232585596221
2026-08-13 18:55:00+00:00,609.51,609.86,609.5,609.5,53.31375
2026-08-13 18:56:00+00:00,609.5,609.66,609.5,609.6,0.378223917606927315
2026-08-13 18:57:00+00:00,609.6,609.93,609.6,609.84,149.863876082393072685
2026-08-13 18:58:00+00:00,609.84,609.96,609.57,609.64,203.04252
2026-08-13 18:59:00+00:00,609.64,609.66,609.64,609.66,0.38115
2026-08-13 19:00:00+00:00,609.66,609.76,609.51,609.51,99.511836396352065085
2026-08-13 19:01:00+00:00,609.51,609.86,609.5,609.75,149.99169242001640689
2026-08-13 19:02:00+00:00,609.75,609.76,609.44,609.66,0.45836
2026-08-13 19:03:00+00:00,609.66,609.66,609.44,609.63,106.05798
2026-08-13 19:04:00+00:00,609.63,609.73,609.54,609.66,0.41847
2026-08-13 19:05:00+00:00,609.66,609.66,609.44,609.64,0.33501
2026-08-13 19:06:00+00:00,609.64,609.96,609.64,609.96,105.92927
2026-08-13 19:07:00+00:00,609.96,610.13,609.84,610.13,105.79711
2026-08-13 19:08:00+00:00,610.13,610.33,610.1,610.33,226.051645741028475095
2026-08-13 19:09:00+00:00,610.33,610.36,610.31,610.31,7.257986371962708698
2026-08-13 19:10:00+00:00,610.31,610.34,610.14,610.14,195.06891
2026-08-13 19:11:00+00:00,610.14,610.26,610.04,610.22,202.67155
2026-08-13 19:12:00+00:00,610.22,610.26,610.04,610.04,0.43368
2026-08-13 19:13:00+00:00,610.04,610.16,609.68,609.74,916.77621
2026-08-13 19:14:00+00:00,609.74,609.74,609.57,609.61,90.518628675010581152
2026-08-13 19:15:00+00:00,609.61,609.61,609.54,609.61,0.433748804841203452
2026-08-13 19:16:00+00:00,609.61,609.61,609.45,609.51,0.47501
2026-08-13 19:17:00+00:00,609.51,609.86,609.51,609.74,97.12416
2026-08-13 19:18:00+00:00,609.74,609.86,609.74,609.77,0.2633
2026-08-13 19:19:00+00:00,609.77,609.86,609.77,609.86,0.335
2026-08-13 19:20:00+00:00,609.86,610.06,609.84,609.99,317.157117467605077945
2026-08-13 19:21:00+00:00,609.99,610.06,609.84,609.96,0.805279121518362081
2026-08-13 19:22:00+00:00,609.96,610.06,609.84,609.84,4.684087984261005
2026-08-13 19:23:00+00:00,609.84,610.06,609.78,609.81,0.25089
2026-08-13 19:24:00+00:00,609.81,610.6,609.64,609.71,53.691004748479342654
2026-08-13 19:25:00+00:00,609.71,609.72,609.46,609.56,53.20504
2026-08-13 19:26:00+00:00,609.56,609.64,609.44,609.62,53.21687
2026-08-13 19:27:00+00:00,609.62,609.66,609.44,609.47,107.356027734554973648
2026-08-13 19:28:00+00:00,609.47,609.66,609.44,609.64,106.07848
2026-08-13 19:29:00+00:00,609.64,609.86,609.48,609.68,53.0724
2026-08-13 19:30:00+00:00,609.68,609.94,608.8,609.94,0.38123
2026-08-13 19:31:00+00:00,609.94,609.96,609.73,609.84,0.41254
2026-08-13 19:32:00+00:00,609.84,610.06,609.74,609.83,0.972935823407815729
2026-08-13 19:33:00+00:00,609.83,609.86,609.75,609.86,0.23351
2026-08-13 19:34:00+00:00,609.86,609.96,609.76,609.94,0.25801
2026-08-13 19:35:00+00:00,609.94,610.23,609.84,609.84,0.43807
2026-08-13 19:36:00+00:00,609.84,610.06,609.76,610.04,53.09281
2026-08-13 19:37:00+00:00,610.04,610.06,610.02,610.06,0.29048
2026-08-13 19:38:00+00:00,610.06,610.06,609.98,609.98,0.51021
2026-08-13 19:39:00+00:00,609.98,610.06,609.76,610.04,0.40339
2026-08-13 19:40:00+00:00,610.04,610.24,609.94,609.94,264.19994
2026-08-13 19:41:00+00:00,609.94,610.01,609.76,610,0.24132
2026-08-13 19:42:00+00:00,610,610.01,610,610,0.573018366884130609
2026-08-13 19:43:00+00:00,610,610.01,609.52,609.53,1465.720761872282443921
2026-08-13 19:44:00+00:00,609.53,609.66,609.01,609.64,1517.851698127717556079
2026-08-13 19:45:00+00:00,609.64,610.26,609.63,610.08,325.51586
2026-08-13 19:46:00+00:00,610.08,610.16,609.88,610.04,53.24569
2026-08-13 19:47:00+00:00,610.04,610.23,609.94,610.13,53.07188
2026-08-13 19:48:00+00:00,610.13,610.16,609.94,609.96,53.34262
2026-08-13 19:49:00+00:00,609.96,610.06,609.84,610.06,0.41254
2026-08-13 19:50:00+00:00,610.06,610.06,609.94,609.95,0.37451
2026-08-13 19:51:00+00:00,609.95,610.06,609.94,609.94,0.32613
2026-08-13 19:52:00+00:00,609.94,610.06,609.67,609.85,98.357672128050380477
2026-08-13 19:53:00+00:00,609.85,609.86,609.74,609.75,0.361937467605077945
2026-08-13 19:54:00+00:00,609.75,609.96,609.75,609.85,0.32155
2026-08-13 19:55:00+00:00,609.85,609.97,609.85,609.94,0.14164
2026-08-13 19:56:00+00:00,609.94,610.06,609.86,609.96,0.26997
2026-08-13 19:57:00+00:00,609.96,610.16,609.94,610.06,0.38081
2026-08-13 19:58:00+00:00,610.06,610.06,609.88,610.04,0.27754
2026-08-13 19:59:00+00:00,610.04,610.04,609.84,609.92,0.33569
2026-08-13 20:00:00+00:00,609.92,610.16,609.84,609.86,0.29935
2026-08-13 20:01:00+00:00,609.86,610.06,609.74,609.76,0.35415
2026-08-13 20:02:00+00:00,609.76,609.97,609.64,609.97,149.90774
2026-08-13 20:03:00+00:00,609.97,609.97,609.84,609.96,0.31302
2026-08-13 20:04:00+00:00,609.96,609.96,609.84,609.87,0.37522
2026-08-13 20:05:00+00:00,609.87,609.96,609.74,609.86,0.52657
2026-08-13 20:06:00+00:00,609.86,609.86,609.64,609.73,0.40377
2026-08-13 20:07:00+00:00,609.73,609.96,609.73,609.96,0.33037
2026-08-13 20:08:00+00:00,609.96,610.06,609.85,610.04,53.09889
2026-08-13 20:09:00+00:00,610.04,610.16,610.04,610.14,0.32331
2026-08-13 20:10:00+00:00,610.14,610.16,609.94,609.94,146.78169
2026-08-13 20:11:00+00:00,609.94,609.96,609.86,609.91,0.32919
2026-08-13 20:12:00+00:00,609.91,610.06,609.73,609.91,105.97325
2026-08-13 20:13:00+00:00,609.91,610.23,609.84,610.14,97.0843
2026-08-13 20:14:00+00:00,610.14,610.51,610.14,610.5,1157.6702
2026-08-13 20:15:00+00:00,610.5,610.66,610.27,610.62,847.05395
2026-08-13 20:16:00+00:00,610.62,611.04,610.54,611.02,2836.00008
2026-08-13 20:17:00+00:00,611.02,611.1,610.84,611.09,145.014168747940691927
2026-08-13 20:18:00+00:00,611.09,611.1,611.04,611.09,0.35194
2026-08-13 20:19:00+00:00,611.09,611.26,611.04,611.21,83.28372
2026-08-13 20:20:00+00:00,611.21,611.26,610.94,610.96,0.3867
2026-08-13 20:21:00+00:00,610.96,611.15,610.94,611.01,0.44285
2026-08-13 20:22:00+00:00,611.01,611.06,610.85,610.94,105.81659
2026-08-13 20:23:00+00:00,610.94,610.97,610,610.84,1.912231903888961634
2026-08-13 20:24:00+00:00,610.84,610.96,610.84,610.9,1.831136540453587045
2026-08-13 20:25:00+00:00,610.9,611.13,610.9,610.94,0.36829
2026-08-13 20:26:00+00:00,610.94,611.06,610.89,610.92,53.02245
2026-08-13 20:27:00+00:00,610.92,611.06,610.9,610.97,0.26764
2026-08-13 20:28:00+00:00,610.97,611.16,610.97,611.14,0.31245
2026-08-13 20:29:00+00:00,611.14,611.15,611.04,611.05,7.284759018804925937
2026-08-13 20:30:00+00:00,611.05,611.29,611.05,611.29,52.850847353157782761
2026-08-13 20:31:00+00:00,611.29,611.29,611.01,611.09,0.35288
2026-08-13 20:32:00+00:00,611.09,611.15,611.04,611.04,0.37882
2026-08-13 20:33:00+00:00,611.04,611.2,611.04,611.16,0.24655
2026-08-13 20:34:00+00:00,611.16,611.2,611.14,611.14,0.30137
2026-08-13 20:35:00+00:00,611.14,611.15,611.04,611.13,0.27314
2026-08-13 20:36:00+00:00,611.13,611.23,610.94,610.94,53.06494
2026-08-13 20:37:00+00:00,610.94,611.13,610.94,611.1,0.48492
2026-08-13 20:38:00+00:00,611.1,611.18,610.94,610.97,52.94098
2026-08-13 20:39:00+00:00,610.97,610.99,610.67,610.76,96.90168
2026-08-13 20:40:00+00:00,610.76,610.86,610.74,610.75,0.29527
2026-08-13 20:41:00+00:00,610.75,610.75,610.54,610.65,1.894534919399709368
2026-08-13 20:42:00+00:00,610.65,610.66,610.54,610.64,0.32085
2026-08-13 20:43:00+00:00,610.64,610.81,610.54,610.8,193.31664
2026-08-13 20:44:00+00:00,610.8,610.81,610.54,610.55,0.4851
2026-08-13 20:45:00+00:00,610.55,610.66,610.55,610.56,0.24673
2026-08-13 20:46:00+00:00,610.56,610.66,610.44,610.66,53.22386
2026-08-13 20:47:00+00:00,610.66,610.78,610.57,610.77,96.68359
2026-08-13 20:48:00+00:00,610.77,610.86,610.74,610.76,0.22601
2026-08-13 20:49:00+00:00,610.76,610.86,610.76,610.86,0.33684
2026-08-13 20:50:00+00:00,610.86,610.86,610.64,610.76,0.33008
2026-08-13 20:51:00+00:00,610.76,610.85,610.64,610.73,0.36474
2026-08-13 20:52:00+00:00,610.73,610.74,610.56,610.64,96.95544
2026-08-13 20:53:00+00:00,610.64,610.86,610.64,610.86,0.39782
2026-08-13 20:54:00+00:00,610.86,610.96,610.67,610.67,53.08183
2026-08-13 20:55:00+00:00,610.67,610.86,610.64,610.86,0.34202
2026-08-13 20:56:00+00:00,610.86,610.86,610.74,610.82,0.30139
2026-08-13 20:57:00+00:00,610.82,610.96,610.77,610.86,0.27226
2026-08-13 20:58:00+00:00,610.86,611.23,610.69,610.76,53.01963
2026-08-13 20:59:00+00:00,610.76,610.76,610.54,610.63,53.04865
2026-08-13 21:00:00+00:00,610.63,610.66,610.54,610.66,0.386980182741079128
2026-08-13 21:01:00+00:00,610.66,610.66,610.54,610.6,0.38502
2026-08-13 21:02:00+00:00,610.6,610.66,610.48,610.66,0.36445
2026-08-13 21:03:00+00:00,610.66,610.93,610.52,610.84,52.89792
2026-08-13 21:04:00+00:00,610.84,610.86,610.84,610.84,0.34186
2026-08-13 21:05:00+00:00,610.84,610.86,610.81,610.85,0.29993
2026-08-13 21:06:00+00:00,610.85,610.93,610.81,610.85,0.33296
2026-08-13 21:07:00+00:00,610.85,610.97,610.85,610.96,0.2336
2026-08-13 21:08:00+00:00,610.96,610.97,610.74,610.77,53.10981
2026-08-13 21:09:00+00:00,610.77,610.92,610.64,610.91,288.33343
2026-08-13 21:10:00+00:00,610.91,610.99,610.91,610.94,0.35691
2026-08-13 21:11:00+00:00,610.94,611.06,610.94,611.06,0.15252
2026-08-13 21:12:00+00:00,611.06,611.06,610.97,611.06,0.25008
2026-08-13 21:13:00+00:00,611.06,611.06,611.04,611.04,0.46832
2026-08-13 21:14:00+00:00,611.04,611.06,610.98,611.06,0.31248
2026-08-13 21:15:00+00:00,611.06,611.26,610.94,610.94,105.80173
2026-08-13 21:16:00+00:00,610.94,610.96,610.94,610.96,0.36298
2026-08-13 21:17:00+00:00,610.96,610.96,610.94,610.96,0.42496
2026-08-13 21:18:00+00:00,610.96,611.01,610.94,610.96,0.32314
2026-08-13 21:19:00+00:00,610.96,611.03,610.94,611.03,0.35604
2026-08-13 21:20:00+00:00,611.03,611.05,610.94,611.05,0.32134
2026-08-13 21:21:00+00:00,611.05,611.05,610.94,610.94,0.31577
2026-08-13 21:22:00+00:00,610.94,611.16,610.94,611.16,0.26893
2026-08-13 21:23:00+00:00,611.16,611.16,611.04,611.15,0.38609
2026-08-13 21:24:00+00:00,611.15,611.53,611.14,611.42,56.367595269240872077
2026-08-13 21:25:00+00:00,611.42,611.44,611.24,611.36,0.29212
2026-08-13 21:26:00+00:00,611.36,611.36,611.24,611.24,0.25393
2026-08-13 21:27:00+00:00,611.24,611.36,611.24,611.32,0.13747
2026-08-13 21:28:00+00:00,611.32,611.36,611.27,611.36,0.21086
2026-08-13 21:29:00+00:00,611.36,611.63,611.3,611.58,52.72155
2026-08-13 21:30:00+00:00,611.58,611.58,611.44,611.56,0.29248
2026-08-13 21:31:00+00:00,611.56,611.66,610.5,611.54,53.200643485195597513
2026-08-13 21:32:00+00:00,611.54,611.66,611.54,611.66,0.33855
2026-08-13 21:33:00+00:00,611.66,611.66,611.54,611.66,0.30596
2026-08-13 21:34:00+00:00,611.66,611.76,611.44,611.44,105.54379
2026-08-13 21:35:00+00:00,611.44,611.66,611.44,611.45,0.42857
2026-08-13 21:36:00+00:00,611.45,611.56,611.44,611.46,0.49678625351559945
2026-08-13 21:37:00+00:00,611.46,611.66,611.34,611.46,0.32528
2026-08-13 21:38:00+00:00,611.46,611.46,611.26,611.36,0.30819
2026-08-13 21:39:00+00:00,611.36,611.46,611.24,611.37,0.4517
2026-08-13 21:40:00+00:00,611.37,611.37,611.14,611.17,53.04105
2026-08-13 21:41:00+00:00,611.17,611.54,610.97,611.13,149.58435
2026-08-13 21:42:00+00:00,611.13,611.36,610.97,611.19,605.940839908626002201
2026-08-13 21:43:00+00:00,611.19,611.76,611.14,611.52,630.63752
2026-08-13 21:44:00+00:00,611.52,611.83,611.45,611.83,298.50952
2026-08-13 21:45:00+00:00,611.83,611.83,611.35,611.36,133.60355
2026-08-13 21:46:00+00:00,611.36,611.46,611.34,611.34,0.37485
2026-08-13 21:47:00+00:00,611.34,611.46,611.34,611.46,0.36195
2026-08-13 21:48:00+00:00,611.46,611.56,611.44,611.44,0.2903
2026-08-13 21:49:00+00:00,611.44,611.66,611.44,611.54,0.28099
2026-08-13 21:50:00+00:00,611.54,611.66,611.54,611.59,0.30269
2026-08-13 21:51:00+00:00,611.59,611.66,611.27,611.28,96.96816
2026-08-13 21:52:00+00:00,611.28,611.29,610.97,611.27,193.53148
2026-08-13 21:53:00+00:00,611.27,611.34,611.08,611.24,0.39197
2026-08-13 21:54:00+00:00,611.24,611.29,611.14,611.25,0.33367
2026-08-13 21:55:00+00:00,611.25,611.25,610.87,610.97,96.95635
2026-08-13 21:56:00+00:00,610.97,611.16,610.95,611.16,149.3159
2026-08-13 21:57:00+00:00,611.16,611.16,611.13,611.16,0.23615
2026-08-13 21:58:00+00:00,611.16,611.16,611.16,611.16,0
2026-08-13 21:59:00+00:00,611.16,611.17,611.16,611.16,0.08446
2026-08-13 22:00:00+00:00,611.16,611.47,611.16,611.46,0.56161
2026-08-13 22:01:00+00:00,611.46,611.66,611.34,611.63,105.72125
2026-08-13 22:02:00+00:00,611.63,611.65,611.59,611.65,0.26093
2026-08-13 22:03:00+00:00,611.65,611.66,611.48,611.49,210.90365
2026-08-13 22:04:00+00:00,611.49,611.66,611.44,611.44,263.28129
2026-08-13 22:05:00+00:00,611.44,611.82,611.44,611.79,1264.65369
2026-08-13 22:06:00+00:00,611.79,611.83,611.74,611.75,1.498113870001302592
2026-08-13 22:07:00+00:00,611.75,612.06,611.74,612.06,308.723667865132569456
2026-08-13 22:08:00+00:00,612.06,612.06,610.8,611.99,710.47535
2026-08-13 22:09:00+00:00,611.99,611.99,611.64,611.64,535.13944
2026-08-13 22:10:00+00:00,611.64,611.86,611.64,611.67,2.042869203179714648
2026-08-13 22:11:00+00:00,611.67,611.76,611.64,611.75,0.47554546791990192
2026-08-13 22:12:00+00:00,611.75,611.76,611.64,611.72,0.2871
2026-08-13 22:13:00+00:00,611.72,611.76,611.66,611.66,0.22849
2026-08-13 22:14:00+00:00,611.66,611.76,611.54,611.54,53.52082065380322967
2026-08-13 22:15:00+00:00,611.54,611.66,611.54,611.64,0.42279
2026-08-13 22:16:00+00:00,611.64,611.76,611.37,611.76,0.37226
2026-08-13 22:17:00+00:00,611.76,611.86,611.34,611.34,105.83618
2026-08-13 22:18:00+00:00,611.34,611.41,611.34,611.41,0.23672
2026-08-13 22:19:00+00:00,611.41,611.41,611.34,611.41,0.33267
2026-08-13 22:20:00+00:00,611.41,611.41,611.24,611.24,3.624394922795079822
2026-08-13 22:21:00+00:00,611.24,611.36,611.14,611.14,52.95262
2026-08-13 22:22:00+00:00,611.14,611.54,611.14,611.45,650.40441
2026-08-13 22:23:00+00:00,611.45,611.56,611.24,611.34,666.12904
2026-08-13 22:24:00+00:00,611.34,611.43,611.24,611.43,0.40648
2026-08-13 22:25:00+00:00,611.43,611.43,611.26,611.36,0.29352
2026-08-13 22:26:00+00:00,611.36,611.36,611.24,611.26,0.20142
2026-08-13 22:27:00+00:00,611.26,611.36,611.24,611.34,0.21402
2026-08-13 22:28:00+00:00,611.34,611.66,611.14,611.5,393.72193
2026-08-13 22:29:00+00:00,611.5,611.56,611.5,611.56,0.24619
2026-08-13 22:30:00+00:00,611.56,611.56,611.38,611.4,0.34461
2026-08-13 22:31:00+00:00,611.4,611.46,611.3,611.46,0.39748
2026-08-13 22:32:00+00:00,611.46,611.46,611.34,611.44,0.43448
2026-08-13 22:33:00+00:00,611.44,611.56,611.44,611.46,0.25771
2026-08-13 22:34:00+00:00,611.46,611.56,611.44,611.53,0.36944
2026-08-13 22:35:00+00:00,611.53,611.53,611.52,611.52,0.28171
2026-08-13 22:36:00+00:00,611.52,611.52,611.34,611.35,0.28613
2026-08-13 22:37:00+00:00,611.35,611.44,611.35,611.36,0.16013
2026-08-13 22:38:00+00:00,611.36,611.44,611.34,611.34,0.30396
2026-08-13 22:39:00+00:00,611.34,611.44,611.34,611.36,0.16625
2026-08-13 22:40:00+00:00,611.36,611.44,611.24,611.24,0.28047
2026-08-13 22:41:00+00:00,611.24,611.3,611.12,611.14,0.42196
2026-08-13 22:42:00+00:00,611.14,611.26,611.14,611.23,0.29954
2026-08-13 22:43:00+00:00,611.23,611.36,611.23,611.25,0.2004
2026-08-13 22:44:00+00:00,611.25,611.25,611.14,611.2,0.19909
2026-08-13 22:45:00+00:00,611.2,611.22,611.14,611.14,0.12183
2026-08-13 22:46:00+00:00,611.14,611.36,611.14,611.26,0.23564
2026-08-13 22:47:00+00:00,611.26,611.36,611.25,611.31,0.2804
2026-08-13 22:48:00+00:00,611.31,611.36,611.28,611.28,0.27473
2026-08-13 22:49:00+00:00,611.28,611.34,611.26,611.28,0.1988
2026-08-13 22:50:00+00:00,611.28,611.46,611.25,611.38,0.20088
2026-08-13 22:51:00+00:00,611.38,611.46,611.35,611.35,0.46049
2026-08-13 22:52:00+00:00,611.35,611.46,611.35,611.46,0.38591
2026-08-13 22:53:00+00:00,611.46,611.46,611.43,611.44,0.29806
2026-08-13 22:54:00+00:00,611.44,611.44,611.34,611.37,0.13513
2026-08-13 22:55:00+00:00,611.37,611.79,611.15,611.44,5.936671829733348124
2026-08-13 22:56:00+00:00,611.44,611.46,611.39,611.39,0.35574
2026-08-13 22:57:00+00:00,611.39,611.46,611.39,611.39,0.27677
2026-08-13 22:58:00+00:00,611.39,611.45,610.97,611.03,149.39882
2026-08-13 22:59:00+00:00,611.03,611.03,610.98,611.02,0.41913
2026-08-13 23:00:00+00:00,611.02,611.06,610.87,610.94,2.044860855277154967
2026-08-13 23:01:00+00:00,610.94,611.16,610.87,610.94,0.667948803369773654
2026-08-13 23:02:00+00:00,610.94,611.06,610.88,610.91,53.2582
2026-08-13 23:03:00+00:00,610.91,610.91,610.88,610.89,0.31074
2026-08-13 23:04:00+00:00,610.89,610.91,610.74,610.79,36.8871
2026-08-13 23:05:00+00:00,610.79,610.86,610.64,610.74,53.09335
2026-08-13 23:06:00+00:00,610.74,610.86,610.64,610.71,53.03792
2026-08-13 23:07:00+00:00,610.71,610.86,610.68,610.82,0.24366
2026-08-13 23:08:00+00:00,610.82,610.86,610.77,610.79,0.31061
2026-08-13 23:09:00+00:00,610.79,610.86,610.79,610.82,0.30048
2026-08-13 23:10:00+00:00,610.82,610.96,610.78,610.96,0.31535
2026-08-13 23:11:00+00:00,610.96,610.96,610.79,610.86,0.26292
2026-08-13 23:12:00+00:00,610.86,610.9,610.73,610.74,52.96759
2026-08-13 23:13:00+00:00,610.74,610.86,610.73,610.73,0.22997
2026-08-13 23:14:00+00:00,610.73,610.86,610.68,610.86,211.12364
2026-08-13 23:15:00+00:00,610.86,610.86,610.74,610.74,0.21946
2026-08-13 23:16:00+00:00,610.74,610.95,610.74,610.94,0.3487
2026-08-13 23:17:00+00:00,610.94,610.96,610.84,610.94,0.4004
2026-08-13 23:18:00+00:00,610.94,611.06,610.84,610.87,0.45116
2026-08-13 23:19:00+00:00,610.87,611.06,610.84,611.04,0.54001
2026-08-13 23:20:00+00:00,611.04,611.16,611.04,611.15,0.28179
2026-08-13 23:21:00+00:00,611.15,611.26,611.06,611.26,0.23753
2026-08-13 23:22:00+00:00,611.26,611.26,611.14,611.26,0.30022
2026-08-13 23:23:00+00:00,611.26,611.42,611.14,611.22,53.10741
2026-08-13 23:24:00+00:00,611.22,611.26,611.14,611.14,0.37503
2026-08-13 23:25:00+00:00,611.14,611.26,611.14,611.24,0.31656
2026-08-13 23:26:00+00:00,611.24,611.26,611.14,611.26,0.31443
2026-08-13 23:27:00+00:00,611.26,611.36,611.14,611.26,0.30309
2026-08-13 23:28:00+00:00,611.26,611.36,611.14,611.14,1.94696477366255144
2026-08-13 23:29:00+00:00,611.14,611.26,611.14,611.21,0.474090912931697971
2026-08-13 23:30:00+00:00,611.21,611.27,611.21,611.26,0.27415
2026-08-13 23:31:00+00:00,611.26,611.27,611.26,611.26,0.1864
2026-08-13 23:32:00+00:00,611.26,611.27,611.26,611.26,0.23403
2026-08-13 23:33:00+00:00,611.26,611.36,611.26,611.35,0.37162
2026-08-13 23:34:00+00:00,611.35,611.36,611.34,611.34,1.239356898175397292
2026-08-13 23:35:00+00:00,611.34,611.36,611.14,611.34,0.41848
2026-08-13 23:36:00+00:00,611.34,611.35,611.18,611.26,0.33606
2026-08-13 23:37:00+00:00,611.26,611.26,611.19,611.22,0.28602
2026-08-13 23:38:00+00:00,611.22,611.26,611.19,611.19,0.33774
2026-08-13 23:39:00+00:00,611.19,611.23,611.14,611.19,0.33341
2026-08-13 23:40:00+00:00,611.19,611.26,611.14,611.14,0.44458
2026-08-13 23:41:00+00:00,611.14,611.16,611.04,611.09,0.33541
2026-08-13 23:42:00+00:00,611.09,611.26,611.04,611.26,0.36321
2026-08-13 23:43:00+00:00,611.26,611.33,610.94,611.3,149.59076
2026-08-13 23:44:00+00:00,611.3,611.43,611.24,611.41,53.15378
2026-08-13 23:45:00+00:00,611.41,611.41,610.94,610.94,404.32238
2026-08-13 23:46:00+00:00,610.94,611.06,610.94,610.96,0.30839
2026-08-13 23:47:00+00:00,610.96,611.04,610.84,610.96,0.51318
2026-08-13 23:48:00+00:00,610.96,611.02,610.84,610.84,0.37821
2026-08-13 23:49:00+00:00,610.84,610.96,610.84,610.84,0.45176
2026-08-13 23:50:00+00:00,610.84,610.96,610.84,610.91,0.28423
2026-08-13 23:51:00+00:00,610.91,611.02,610.91,611.01,0.39864
2026-08-13 23:52:00+00:00,611.01,611.33,611.01,611.02,0.17379
2026-08-13 23:53:00+00:00,611.02,611.06,610.74,610.77,53.2901
2026-08-13 23:54:00+00:00,610.77,610.8,610.57,610.57,202.45025
2026-08-13 23:55:00+00:00,610.57,610.64,610.54,610.54,0.42498
2026-08-13 23:56:00+00:00,610.54,610.86,610.54,610.85,0.36345
2026-08-13 23:57:00+00:00,610.85,610.86,610.65,610.84,0.31885
2026-08-13 23:58:00+00:00,610.84,610.96,610.74,610.84,0.31844
2026-08-13 23:59:00+00:00,610.84,610.96,610.75,610.96,0.31199
2026-08-14 00:00:00+00:00,610.96,611.33,610.94,611.33,387.94138
2026-08-14 00:01:00+00:00,611.33,611.33,611.26,611.32,0.27655
2026-08-14 00:02:00+00:00,611.32,611.46,611.31,611.43,89.47064
2026-08-14 00:03:00+00:00,611.43,611.43,611.16,611.24,282.782847502643003838
2026-08-14 00:04:00+00:00,611.24,611.36,611.24,611.36,0.34107
2026-08-14 00:05:00+00:00,611.36,611.46,611.34,611.36,0.33685
2026-08-14 00:06:00+00:00,611.36,611.46,611.25,611.25,0.35145
2026-08-14 00:07:00+00:00,611.25,611.36,611.14,611.16,0.34548
2026-08-14 00:08:00+00:00,611.16,611.26,611.04,611.26,0.3843
2026-08-14 00:09:00+00:00,611.26,611.36,611.15,611.23,0.27019
2026-08-14 00:10:00+00:00,611.23,611.26,611.16,611.26,0.22772
2026-08-14 00:11:00+00:00,611.26,611.26,611.24,611.25,0.24305
2026-08-14 00:12:00+00:00,611.25,611.26,611.22,611.23,0.2204
2026-08-14 00:13:00+00:00,611.23,611.26,611.22,611.22,0.38807
2026-08-14 00:14:00+00:00,611.22,611.26,611.22,611.25,0.29815
2026-08-14 00:15:00+00:00,611.25,611.53,611.24,611.53,96.8533
2026-08-14 00:16:00+00:00,611.53,611.53,611.22,611.25,96.86166
2026-08-14 00:17:00+00:00,611.25,611.36,611.22,611.25,0.32638
2026-08-14 00:18:00+00:00,611.25,611.26,611.17,611.19,0.35287
2026-08-14 00:19:00+00:00,611.19,611.36,611.18,611.35,0.35728
2026-08-14 00:20:00+00:00,611.35,611.65,611.26,611.65,142.03936
2026-08-14 00:21:00+00:00,611.65,611.66,611.26,611.65,0.44066
2026-08-14 00:22:00+00:00,611.65,611.66,611.64,611.66,0.34749
2026-08-14 00:23:00+00:00,611.66,611.66,611.54,611.56,0.42077
2026-08-14 00:24:00+00:00,611.56,611.66,611.54,611.65,0.35684
2026-08-14 00:25:00+00:00,611.65,611.66,611.39,611.39,53.20281
2026-08-14 00:26:00+00:00,611.39,611.39,611.34,611.34,0.37016
2026-08-14 00:27:00+00:00,611.34,611.39,611.19,611.26,96.78214
2026-08-14 00:28:00+00:00,611.26,611.26,611.07,611.16,316.18832
2026-08-14 00:29:00+00:00,611.16,611.26,610.97,611.06,228.5907
2026-08-14 00:30:00+00:00,611.06,611.36,610.1,611.1,0.56307
2026-08-14 00:31:00+00:00,611.1,611.16,610.95,610.96,0.39077
2026-08-14 00:32:00+00:00,610.96,611.06,610.94,610.94,73.63256
2026-08-14 00:33:00+00:00,610.94,610.97,610.94,610.96,0.44346
2026-08-14 00:34:00+00:00,610.96,611,610.94,610.95,0.51294
2026-08-14 00:35:00+00:00,610.95,611.26,610.94,611.14,35.5643
2026-08-14 00:36:00+00:00,611.14,611.26,611.03,611.24,0.4656
2026-08-14 00:37:00+00:00,611.24,611.26,611.06,611.08,0.34113
2026-08-14 00:38:00+00:00,611.08,611.27,611.05,611.07,0.2379
2026-08-14 00:39:00+00:00,611.07,611.08,611.04,611.04,0.24119
2026-08-14 00:40:00+00:00,611.04,611.22,610.94,610.94,52.92338
2026-08-14 00:41:00+00:00,610.94,611.06,610.94,611.05,0.34702
2026-08-14 00:42:00+00:00,611.05,611.18,610.97,611.05,52.9276
2026-08-14 00:43:00+00:00,611.05,611.26,610.88,610.88,202.46481
2026-08-14 00:44:00+00:00,610.88,611.16,610.67,611.05,105.744
2026-08-14 00:45:00+00:00,611.05,611.18,610.94,610.95,0.36677
2026-08-14 00:46:00+00:00,610.95,611.13,610.84,610.84,53.507183169629702386
2026-08-14 00:47:00+00:00,610.84,611.06,610.65,610.93,560.12682
2026-08-14 00:48:00+00:00,610.93,611.16,610.68,610.68,149.8103
2026-08-14 00:49:00+00:00,610.68,610.86,610.64,610.86,149.65808
2026-08-14 00:50:00+00:00,610.86,610.86,610.81,610.84,0.40162
2026-08-14 00:51:00+00:00,610.84,610.86,610.74,610.83,0.27018
2026-08-14 00:52:00+00:00,610.83,611.06,610.74,611.06,96.61479
2026-08-14 00:53:00+00:00,611.06,611.06,610.94,610.94,0.36583
2026-08-14 00:54:00+00:00,610.94,611.12,610.94,611.04,53.05264
2026-08-14 00:55:00+00:00,611.04,611.16,610.94,610.94,0.43999
2026-08-14 00:56:00+00:00,610.94,611.06,610.83,610.95,0.29305
2026-08-14 00:57:00+00:00,610.95,611.06,610.94,611.05,0.17845
2026-08-14 00:58:00+00:00,611.05,611.25,611.04,611.25,0.28175
2026-08-14 00:59:00+00:00,611.25,611.36,611.14,611.25,0.34303
2026-08-14 01:00:00+00:00,611.25,611.26,611.09,611.16,0.39505
2026-08-14 01:01:00+00:00,611.16,611.36,611.14,611.26,0.38803
2026-08-14 01:02:00+00:00,611.26,611.36,611.24,611.36,0.32714
2026-08-14 01:03:00+00:00,611.36,611.68,611.16,611.26,0.35993
2026-08-14 01:04:00+00:00,611.26,611.36,611.14,611.36,53.08892
2026-08-14 01:05:00+00:00,611.36,611.36,611.24,611.24,0.26086
2026-08-14 01:06:00+00:00,611.24,611.36,611.24,611.36,0.38899
2026-08-14 01:07:00+00:00,611.36,611.46,611.14,611.19,0.35507
2026-08-14 01:08:00+00:00,611.19,611.26,611.04,611.04,52.9759
2026-08-14 01:09:00+00:00,611.04,611.05,611.04,611.04,0.21663
2026-08-14 01:10:00+00:00,611.04,611.05,610.87,610.89,96.69208
2026-08-14 01:11:00+00:00,610.89,610.89,610.62,610.62,636.442594193140586776
2026-08-14 01:12:00+00:00,610.62,610.65,610.35,610.37,89.76607
2026-08-14 01:13:00+00:00,610.37,610.56,610.22,610.56,0.33223
2026-08-14 01:14:00+00:00,610.56,610.66,610.44,610.44,0.41937
2026-08-14 01:15:00+00:00,610.44,610.66,610.39,610.4,53.15292
2026-08-14 01:16:00+00:00,610.4,610.56,610.22,610.55,0.50322
2026-08-14 01:17:00+00:00,610.55,610.59,610.51,610.52,0.42603
2026-08-14 01:18:00+00:00,610.52,610.56,610.51,610.51,0.26315
2026-08-14 01:19:00+00:00,610.51,610.56,610.48,610.56,0.34351
2026-08-14 01:20:00+00:00,610.56,610.76,610.51,610.76,149.46284
2026-08-14 01:21:00+00:00,610.76,610.76,610.64,610.64,0.25127
2026-08-14 01:22:00+00:00,610.64,611.13,610.64,611.13,96.93435
2026-08-14 01:23:00+00:00,611.13,611.26,611.04,611.07,0.39556
2026-08-14 01:24:00+00:00,611.07,611.16,611.04,611.07,0.37168
2026-08-14 01:25:00+00:00,611.07,611.28,611.07,611.28,96.74474
2026-08-14 01:26:00+00:00,611.28,611.28,611.05,611.1,96.69222
2026-08-14 01:27:00+00:00,611.1,611.26,611.1,611.24,0.29851
2026-08-14 01:28:00+00:00,611.24,611.26,610.94,610.94,53.10971
2026-08-14 01:29:00+00:00,610.94,611.15,610.92,610.98,0.36921
2026-08-14 01:30:00+00:00,610.98,611.8,610.53,610.97,0.55864
2026-08-14 01:31:00+00:00,610.97,610.99,610.84,610.84,0.29901
2026-08-14 01:32:00+00:00,610.84,610.96,610.84,610.96,0.28397
2026-08-14 01:33:00+00:00,610.96,611.06,610.89,610.89,0.21316
2026-08-14 01:34:00+00:00,610.89,611.2,610.88,611.2,44.14729
2026-08-14 01:35:00+00:00,611.2,611.22,611.15,611.2,0.57307
2026-08-14 01:36:00+00:00,611.2,611.26,611.14,611.17,0.35138
2026-08-14 01:37:00+00:00,611.17,611.28,611.05,611.23,0.4184
2026-08-14 01:38:00+00:00,611.23,611.25,610.94,610.95,96.84604
2026-08-14 01:39:00+00:00,610.95,611.16,610.94,611.15,105.71145
2026-08-14 01:40:00+00:00,611.15,611.26,610.96,610.96,1519.12371
2026-08-14 01:41:00+00:00,610.96,611.46,610.96,611.34,238.81913
2026-08-14 01:42:00+00:00,611.34,611.56,611.34,611.39,0.3736
2026-08-14 01:43:00+00:00,611.39,611.4,611.27,611.27,0.30863
2026-08-14 01:44:00+00:00,611.27,611.36,611.14,611.36,52.90658
2026-08-14 01:45:00+00:00,611.36,611.46,611.24,611.27,0.38724
2026-08-14 01:46:00+00:00,611.27,611.3,611.04,611.04,96.98007
2026-08-14 01:47:00+00:00,611.04,611.16,611.04,611.16,0.2709
2026-08-14 01:48:00+00:00,611.16,611.36,611.15,611.33,96.65901
2026-08-14 01:49:00+00:00,611.33,611.36,611.24,611.36,0.32669
2026-08-14 01:50:00+00:00,611.36,611.36,611.14,611.35,0.26126
2026-08-14 01:51:00+00:00,611.35,611.36,611.24,611.28,0.3699
2026-08-14 01:52:00+00:00,611.28,611.33,611.24,611.27,0.17416
2026-08-14 01:53:00+00:00,611.27,611.33,611.24,611.27,0.31794
2026-08-14 01:54:00+00:00,611.27,611.33,611.24,611.32,0.20998
2026-08-14 01:55:00+00:00,611.32,611.32,611.04,611.04,53.04598
2026-08-14 01:56:00+00:00,611.04,611.16,611.04,611.04,0.46918
2026-08-14 01:57:00+00:00,611.04,611.33,610.97,611.3,1132.68463
2026-08-14 01:58:00+00:00,611.3,611.33,611.24,611.3,0.3747
2026-08-14 01:59:00+00:00,611.3,611.46,611.24,611.46,0.39183
2026-08-14 02:00:00+00:00,611.46,611.66,611.37,611.56,105.54001
2026-08-14 02:01:00+00:00,611.56,611.59,611.44,611.55,0.41498
2026-08-14 02:02:00+00:00,611.55,611.56,611.39,611.39,0.22547
2026-08-14 02:03:00+00:00,611.39,611.56,611.37,611.51,0.23924
2026-08-14 02:04:00+00:00,611.51,611.56,611.45,611.56,0.37152
2026-08-14 02:05:00+00:00,611.56,611.65,611.36,611.54,52.59344
2026-08-14 02:06:00+00:00,611.54,611.76,611.54,611.76,52.99401
2026-08-14 02:07:00+00:00,611.76,612.06,611.74,612.05,529.36553
2026-08-14 02:08:00+00:00,612.05,612.11,611.87,611.88,1035.26815
2026-08-14 02:09:00+00:00,611.88,611.89,611.87,611.89,0.35859
2026-08-14 02:10:00+00:00,611.89,611.89,611.87,611.89,0.33025
2026-08-14 02:11:00+00:00,611.89,611.96,611.74,611.77,254.38916
2026-08-14 02:12:00+00:00,611.77,611.85,611.47,611.47,614.41438
2026-08-14 02:13:00+00:00,611.47,611.48,611.34,611.34,485.59304
2026-08-14 02:14:00+00:00,611.34,611.35,611.24,611.26,0.23433
2026-08-14 02:15:00+00:00,611.26,611.36,611.24,611.24,0.33731
2026-08-14 02:16:00+00:00,611.24,611.36,611.24,611.26,0.3449
2026-08-14 02:17:00+00:00,611.26,611.35,611.17,611.2,52.94819
2026-08-14 02:18:00+00:00,611.2,611.23,610.74,610.75,1039.64301
2026-08-14 02:19:00+00:00,610.75,610.83,610.63,610.64,156.77685
2026-08-14 02:20:00+00:00,610.64,610.64,610.63,610.64,0.25507
2026-08-14 02:21:00+00:00,610.64,610.64,610.42,610.43,216.63619
2026-08-14 02:22:00+00:00,610.43,610.56,610.43,610.44,0.33776
2026-08-14 02:23:00+00:00,610.44,610.56,610.44,610.44,0.3191
2026-08-14 02:24:00+00:00,610.44,610.66,610.44,610.56,0.33412
2026-08-14 02:25:00+00:00,610.56,610.56,610.22,610.33,148.87075
2026-08-14 02:26:00+00:00,610.33,610.36,610.24,610.34,0.28128
2026-08-14 02:27:00+00:00,610.34,610.34,610.24,610.28,0.26946
2026-08-14 02:28:00+00:00,610.28,610.34,610.24,610.24,49.09221
2026-08-14 02:29:00+00:00,610.24,610.26,610.13,610.13,0.31454
2026-08-14 02:30:00+00:00,610.13,610.3,610.13,610.29,0.35401
2026-08-14 02:31:00+00:00,610.29,610.46,610.23,610.46,53.11089
2026-08-14 02:32:00+00:00,610.46,610.66,610.44,610.48,0.38366
2026-08-14 02:33:00+00:00,610.48,610.77,610.47,610.66,193.59083
2026-08-14 02:34:00+00:00,610.66,610.86,610.54,610.76,53.07377
2026-08-14 02:35:00+00:00,610.76,610.96,610.68,610.86,58.070593450675399099
2026-08-14 02:36:00+00:00,610.86,610.96,610.84,610.87,0.39869
2026-08-14 02:37:00+00:00,610.87,610.96,610.87,610.96,0.28137
2026-08-14 02:38:00+00:00,610.96,610.96,610.91,610.96,0.36233
2026-08-14 02:39:00+00:00,610.96,611.07,610.93,611.07,149.56027
2026-08-14 02:40:00+00:00,611.07,611.36,610.94,611.36,186.22687
2026-08-14 02:41:00+00:00,611.36,611.76,611.36,611.73,335.14845
2026-08-14 02:42:00+00:00,611.73,611.95,611.73,611.86,293.04142
2026-08-14 02:43:00+00:00,611.86,611.94,611.73,611.82,53.16558
2026-08-14 02:44:00+00:00,611.82,611.86,611.28,611.86,149.71326
2026-08-14 02:45:00+00:00,611.86,612.17,611.83,612.16,1152.57505
2026-08-14 02:46:00+00:00,612.16,612.26,612.16,612.2,0.37481
2026-08-14 02:47:00+00:00,612.2,612.66,612.14,612.66,233.934967984261005
2026-08-14 02:48:00+00:00,612.66,612.66,612.54,612.54,0.28162
2026-08-14 02:49:00+00:00,612.54,612.64,612.44,612.52,53.12908
2026-08-14 02:50:00+00:00,612.52,612.52,612.48,612.5,0.39723
2026-08-14 02:51:00+00:00,612.5,612.66,612.5,612.66,0.38891
2026-08-14 02:52:00+00:00,612.66,612.66,612.25,612.3,149.23469
2026-08-14 02:53:00+00:00,612.3,612.56,611.4,612.46,107.396363619887337741
2026-08-14 02:54:00+00:00,612.46,612.56,612.44,612.56,0.45205
2026-08-14 02:55:00+00:00,612.56,612.69,612.48,612.54,96.5343
2026-08-14 02:56:00+00:00,612.54,612.83,612.16,612.23,96.79543
2026-08-14 02:57:00+00:00,612.23,612.46,612.19,612.28,753.76473
2026-08-14 02:58:00+00:00,612.28,612.29,612.24,612.28,0.30242
2026-08-14 02:59:00+00:00,612.28,612.63,612.24,612.55,1175.53197
2026-08-14 03:00:00+00:00,612.55,612.76,612.52,612.72,96.79017
2026-08-14 03:01:00+00:00,612.72,612.72,612.67,612.67,0.36453
2026-08-14 03:02:00+00:00,612.67,612.7,612.54,612.56,149.21448
2026-08-14 03:03:00+00:00,612.56,612.56,612.34,612.34,0.35579
2026-08-14 03:04:00+00:00,612.34,612.46,612.24,612.43,96.92209
2026-08-14 03:05:00+00:00,612.43,612.43,612.24,612.25,5.172443450675399099
2026-08-14 03:06:00+00:00,612.25,612.46,612.24,612.45,0.44188
2026-08-14 03:07:00+00:00,612.45,612.64,612.44,612.52,262.91777
2026-08-14 03:08:00+00:00,612.52,612.55,612.35,612.42,0.44902
2026-08-14 03:09:00+00:00,612.42,612.46,612.36,612.46,0.28804
2026-08-14 03:10:00+00:00,612.46,612.46,612.32,612.46,52.89586
2026-08-14 03:11:00+00:00,612.46,612.47,612.34,612.38,0.28533
2026-08-14 03:12:00+00:00,612.38,612.46,612.38,612.44,0.40871
2026-08-14 03:13:00+00:00,612.44,612.56,612.42,612.55,0.29676
2026-08-14 03:14:00+00:00,612.55,612.56,612.44,612.56,0.39794
2026-08-14 03:15:00+00:00,612.56,612.66,612.24,612.26,53.04795
2026-08-14 03:16:00+00:00,612.26,612.56,612.24,612.55,0.45587
2026-08-14 03:17:00+00:00,612.55,612.56,612.44,612.47,0.26363
2026-08-14 03:18:00+00:00,612.47,612.83,612.47,612.81,149.36589
2026-08-14 03:19:00+00:00,612.81,613.39,612.79,613.16,428.35778510553615895
2026-08-14 03:20:00+00:00,613.16,613.16,612.66,612.66,96.69192
2026-08-14 03:21:00+00:00,612.66,612.66,612.34,612.41,149.2012
2026-08-14 03:22:00+00:00,612.41,612.66,612.24,612.54,359.58821
2026-08-14 03:23:00+00:00,612.54,612.56,612.44,612.47,0.41627
2026-08-14 03:24:00+00:00,612.47,612.56,612.44,612.56,0.32179
2026-08-14 03:25:00+00:00,612.56,612.56,612.44,612.45,0.26986
2026-08-14 03:26:00+00:00,612.45,612.54,612.24,612.43,0.42947
2026-08-14 03:27:00+00:00,612.43,612.46,612.24,612.27,0.4973
2026-08-14 03:28:00+00:00,612.27,612.46,612.24,612.39,0.359
2026-08-14 03:29:00+00:00,612.39,612.42,612.36,612.37,0.25921
2026-08-14 03:30:00+00:00,612.37,612.6,612.36,612.59,0.43822
2026-08-14 03:31:00+00:00,612.59,612.66,612.48,612.5,0.33483
2026-08-14 03:32:00+00:00,612.5,612.66,612.34,612.54,96.78301
2026-08-14 03:33:00+00:00,612.54,612.66,612.24,612.24,155.516707345999412398
2026-08-14 03:34:00+00:00,612.24,612.25,612.24,612.24,0.2565
2026-08-14 03:35:00+00:00,612.24,612.25,612.14,612.2,0.23671
2026-08-14 03:36:00+00:00,612.2,612.36,612.16,612.24,0.35226
2026-08-14 03:37:00+00:00,612.24,612.36,612.14,612.36,0.39675
2026-08-14 03:38:00+00:00,612.36,612.36,612.15,612.23,0.28939
2026-08-14 03:39:00+00:00,612.23,612.26,612.19,612.23,0.32519
2026-08-14 03:40:00+00:00,612.23,612.36,612.22,612.26,0.27839
2026-08-14 03:41:00+00:00,612.26,612.53,611.94,611.94,0.39229
2026-08-14 03:42:00+00:00,611.94,612.06,611.94,612.04,0.3453
2026-08-14 03:43:00+00:00,612.04,612.06,611.98,611.99,0.17829
2026-08-14 03:44:00+00:00,611.99,612.06,611.99,612.06,0.25042
2026-08-14 03:45:00+00:00,612.06,612.15,612,612.04,0.339
2026-08-14 03:46:00+00:00,612.04,612.16,612.04,612.08,0.43928
2026-08-14 03:47:00+00:00,612.08,612.16,611.54,611.54,133.25962
2026-08-14 03:48:00+00:00,611.54,611.66,611.54,611.64,0.40148
2026-08-14 03:49:00+00:00,611.64,611.66,611.64,611.64,0.33502
2026-08-14 03:50:00+00:00,611.64,611.66,611.46,611.51,96.62089
2026-08-14 03:51:00+00:00,611.51,611.56,611.44,611.54,6.905293599515011848
2026-08-14 03:52:00+00:00,611.54,611.66,611.54,611.54,0.2756
2026-08-14 03:53:00+00:00,611.54,611.85,611.54,611.79,96.79674
2026-08-14 03:54:00+00:00,611.79,611.86,611.63,611.76,5.451999295779252623
2026-08-14 03:55:00+00:00,611.76,611.96,611.76,611.94,52.95164
2026-08-14 03:56:00+00:00,611.94,611.96,611.94,611.94,0.39399
2026-08-14 03:57:00+00:00,611.94,611.96,611.94,611.94,0.39092
2026-08-14 03:58:00+00:00,611.94,611.96,611.94,611.94,0.43042
2026-08-14 03:59:00+00:00,611.94,611.96,611.94,611.96,0.39691
2026-08-14 04:00:00+00:00,611.96,611.96,611.74,611.77,104.71601
2026-08-14 04:01:00+00:00,611.77,611.94,611.57,611.94,0.27923
2026-08-14 04:02:00+00:00,611.94,612.18,611.94,612.16,96.97305
2026-08-14 04:03:00+00:00,612.16,612.37,612.14,612.36,141.9862
2026-08-14 04:04:00+00:00,612.36,612.53,612.36,612.52,1200.34816
2026-08-14 04:05:00+00:00,612.52,612.53,612.47,612.53,0.42434
2026-08-14 04:06:00+00:00,612.53,612.53,612.51,612.52,0.26056
2026-08-14 04:07:00+00:00,612.52,612.66,612.5,612.66,119.42637
2026-08-14 04:08:00+00:00,612.66,612.66,612.55,612.66,0.33048
2026-08-14 04:09:00+00:00,612.66,612.8,612.63,612.8,106.850865619165741889
2026-08-14 04:10:00+00:00,612.8,612.86,612.76,612.85,0.40871
2026-08-14 04:11:00+00:00,612.85,612.85,612.55,612.56,96.60054
2026-08-14 04:12:00+00:00,612.56,612.64,612.44,612.63,0.36536
2026-08-14 04:13:00+00:00,612.63,612.66,612.44,612.53,0.33164
2026-08-14 04:14:00+00:00,612.53,612.53,612.34,612.34,0.29412
2026-08-14 04:15:00+00:00,612.34,612.52,612.17,612.52,0.4041
2026-08-14 04:16:00+00:00,612.52,612.66,612.46,612.46,0.44606
2026-08-14 04:17:00+00:00,612.46,612.56,612.44,612.54,0.37349
2026-08-14 04:18:00+00:00,612.54,612.83,612.53,612.55,0.2849
2026-08-14 04:19:00+00:00,612.55,612.56,612.53,612.55,0.52459
2026-08-14 04:20:00+00:00,612.55,612.56,612.47,612.47,0.49356
2026-08-14 04:21:00+00:00,612.47,612.56,612.46,612.54,0.2667
2026-08-14 04:22:00+00:00,612.54,612.55,612.47,612.51,0.2762
2026-08-14 04:23:00+00:00,612.51,612.54,612.48,612.48,0.15053
2026-08-14 04:24:00+00:00,612.48,612.52,612.07,612.07,308.727289881708180573
2026-08-14 04:25:00+00:00,612.07,612.08,611.83,611.83,96.8785
2026-08-14 04:26:00+00:00,611.83,611.96,611.74,611.94,96.71411
2026-08-14 04:27:00+00:00,611.94,611.96,611.84,611.96,0.30511
2026-08-14 04:28:00+00:00,611.96,612.04,611.76,611.96,298.38557
2026-08-14 04:29:00+00:00,611.96,611.96,611.85,611.95,0.24175
2026-08-14 04:30:00+00:00,611.95,611.95,611.89,611.89,0.1965
2026-08-14 04:31:00+00:00,611.89,612.08,611.89,612.07,0.28424
2026-08-14 04:32:00+00:00,612.07,612.16,612.04,612.04,0.27663
2026-08-14 04:33:00+00:00,612.04,612.16,612.04,612.16,0.40963
2026-08-14 04:34:00+00:00,612.16,612.26,612.05,612.08,0.31502
2026-08-14 04:35:00+00:00,612.08,612.15,612.07,612.07,0.41474
2026-08-14 04:36:00+00:00,612.07,612.08,612.07,612.07,0.30104
2026-08-14 04:37:00+00:00,612.07,612.13,612.07,612.09,0.3908
2026-08-14 04:38:00+00:00,612.09,612.16,612.08,612.08,0.34604
2026-08-14 04:39:00+00:00,612.08,612.16,612.08,612.08,0.30561
2026-08-14 04:40:00+00:00,612.08,612.2,611.9,612.2,0.3202
2026-08-14 04:41:00+00:00,612.2,612.25,612.14,612.25,0.30879
2026-08-14 04:42:00+00:00,612.25,612.26,612.14,612.16,0.35314
2026-08-14 04:43:00+00:00,612.16,612.26,612.05,612.06,52.96321
2026-08-14 04:44:00+00:00,612.06,612.26,611.9,611.92,52.93943
2026-08-14 04:45:00+00:00,611.92,611.92,611.57,611.57,126.04891
2026-08-14 04:46:00+00:00,611.57,611.58,611.54,611.58,0.29535
2026-08-14 04:47:00+00:00,611.58,611.66,611.54,611.57,0.37085
2026-08-14 04:48:00+00:00,611.57,611.96,611.54,611.96,0.36483
2026-08-14 04:49:00+00:00,611.96,611.96,611.58,611.58,0.39907
2026-08-14 04:50:00+00:00,611.58,611.66,611.54,611.54,0.28107
2026-08-14 04:51:00+00:00,611.54,611.66,611.54,611.64,0.33506
2026-08-14 04:52:00+00:00,611.64,611.93,611.6,611.66,0.34026
2026-08-14 04:53:00+00:00,611.66,611.66,611.35,611.46,0.20972
2026-08-14 04:54:00+00:00,611.46,611.46,611.34,611.35,0.38713
2026-08-14 04:55:00+00:00,611.35,611.46,611.34,611.46,0.31162
2026-08-14 04:56:00+00:00,611.46,611.46,611.04,611.07,383.83383
2026-08-14 04:57:00+00:00,611.07,611.07,610.84,610.96,1190.60197
2026-08-14 04:58:00+00:00,610.96,610.96,610.84,610.96,0.24356
2026-08-14 04:59:00+00:00,610.96,611.15,610.77,610.87,149.46248
2026-08-14 05:00:00+00:00,610.87,611.23,610.84,611.16,96.91266
2026-08-14 05:01:00+00:00,611.16,611.29,611.14,611.27,238.72873
2026-08-14 05:02:00+00:00,611.27,611.35,611.17,611.24,0.35455
2026-08-14 05:03:00+00:00,611.24,611.63,611.24,611.36,0.25626
2026-08-14 05:04:00+00:00,611.36,611.63,611.27,611.32,0.26084
2026-08-14 05:05:00+00:00,611.32,611.32,611.14,611.26,0.35514
2026-08-14 05:06:00+00:00,611.26,611.26,611.05,611.05,0.2809
2026-08-14 05:07:00+00:00,611.05,611.23,611.04,611.07,0.33595
2026-08-14 05:08:00+00:00,611.07,611.13,610.83,610.83,202.38841
2026-08-14 05:09:00+00:00,610.83,610.96,610.74,610.74,53.01684
2026-08-14 05:10:00+00:00,610.74,610.86,610.63,610.76,0.40104
2026-08-14 05:11:00+00:00,610.76,610.76,610.54,610.64,0.34463
2026-08-14 05:12:00+00:00,610.64,610.66,610.54,610.58,0.32488
2026-08-14 05:13:00+00:00,610.58,610.76,610.5,610.76,5.452319295779252623
2026-08-14 05:14:00+00:00,610.76,610.86,610.75,610.86,0.30642
2026-08-14 05:15:00+00:00,610.86,610.86,610.23,610.23,0.41054
2026-08-14 05:16:00+00:00,610.23,611.03,610.23,610.91,53.07881
2026-08-14 05:17:00+00:00,610.91,610.96,610.84,610.96,0.37159
2026-08-14 05:18:00+00:00,610.96,610.96,610.74,610.74,0.39494
2026-08-14 05:19:00+00:00,610.74,610.86,610.58,610.62,96.94248
2026-08-14 05:20:00+00:00,610.62,610.66,610.54,610.66,0.47401242001640689
2026-08-14 05:21:00+00:00,610.66,610.86,610.47,610.84,96.90455
2026-08-14 05:22:00+00:00,610.84,610.86,610.74,610.86,0.31303
2026-08-14 05:23:00+00:00,610.86,610.86,610.37,610.38,704.82628
2026-08-14 05:24:00+00:00,610.38,610.47,610.34,610.47,0.47663
2026-08-14 05:25:00+00:00,610.47,610.76,610.45,610.46,193.51574
2026-08-14 05:26:00+00:00,610.46,610.56,610.44,610.56,0.37295
2026-08-14 05:27:00+00:00,610.56,610.56,610.44,610.47,0.36094
2026-08-14 05:28:00+00:00,610.47,610.56,610.23,610.52,0.452693543673415896
2026-08-14 05:29:00+00:00,610.52,610.6,610.24,610.59,52.82655
2026-08-14 05:30:00+00:00,610.59,610.62,610.35,610.53,0.5948
2026-08-14 05:31:00+00:00,610.53,610.54,610.44,610.44,0.917053570531348711
2026-08-14 05:32:00+00:00,610.44,610.55,610.44,610.44,0.39545
2026-08-14 05:33:00+00:00,610.44,610.7,610.17,610.56,0.45045
2026-08-14 05:34:00+00:00,610.56,610.66,610.34,610.53,53.17122
2026-08-14 05:35:00+00:00,610.53,610.66,610.44,610.5,0.25987
2026-08-14 05:36:00+00:00,610.5,611.23,610.44,610.54,2.24594939354233378
2026-08-14 05:37:00+00:00,610.54,610.56,610.45,610.56,0.34668
2026-08-14 05:38:00+00:00,610.56,610.56,610.55,610.56,0.2662
2026-08-14 05:39:00+00:00,610.56,610.56,610.54,610.55,0.251433091423048138
2026-08-14 05:40:00+00:00,610.55,610.56,610.44,610.54,0.37625757998359311
2026-08-14 05:41:00+00:00,610.54,610.64,610.47,610.54,0.26374
2026-08-14 05:42:00+00:00,610.54,610.76,610.54,610.66,0.563678926613760942
2026-08-14 05:43:00+00:00,610.66,610.76,610.54,610.73,0.363796668850311169
2026-08-14 05:44:00+00:00,610.73,610.76,610.58,610.65,0.32023
2026-08-14 05:45:00+00:00,610.65,610.93,610.54,610.54,0.51266
2026-08-14 05:46:00+00:00,610.54,610.66,610.54,610.56,0.34401
2026-08-14 05:47:00+00:00,610.56,610.76,610.54,610.54,0.37341
2026-08-14 05:48:00+00:00,610.54,610.66,610.54,610.66,0.43596
2026-08-14 05:49:00+00:00,610.66,611.6,609.7,610.54,10.485945894591809416
2026-08-14 05:50:00+00:00,610.54,610.66,610.54,610.54,0.374735797006517538
2026-08-14 05:51:00+00:00,610.54,610.76,610.54,610.76,1.322928395629455464
2026-08-14 05:52:00+00:00,610.76,610.76,610.58,610.68,0.3303
2026-08-14 05:53:00+00:00,610.68,610.78,610.6,610.64,0.32873
2026-08-14 05:54:00+00:00,610.64,610.76,610.62,610.66,0.21929
2026-08-14 05:55:00+00:00,610.66,610.66,610.62,610.62,0.04378
2026-08-14 05:56:00+00:00,610.62,610.86,610.62,610.75,53.0043
2026-08-14 05:57:00+00:00,610.75,610.75,610.66,610.7,0.2083
2026-08-14 05:58:00+00:00,610.7,610.92,610.54,610.54,0.38517
2026-08-14 05:59:00+00:00,610.54,610.55,610.54,610.54,0.20077
2026-08-14 06:00:00+00:00,610.54,610.55,610.14,610.16,133.56881
2026-08-14 06:01:00+00:00,610.16,610.23,610.04,610.18,55.397866396352065085
2026-08-14 06:02:00+00:00,610.18,610.31,610.04,610.24,0.36744
2026-08-14 06:03:00+00:00,610.24,610.36,610.04,610.07,105.96241
2026-08-14 06:04:00+00:00,610.07,610.34,610.04,610.25,53.22067
2026-08-14 06:05:00+00:00,610.25,610.36,610.14,610.24,0.29085
2026-08-14 06:06:00+00:00,610.24,610.63,610.24,610.36,0.37476
2026-08-14 06:07:00+00:00,610.36,610.36,610.14,610.17,0.784086703372333103
2026-08-14 06:08:00+00:00,610.17,610.26,610.14,610.14,0.3018
2026-08-14 06:09:00+00:00,610.14,610.26,610.14,610.26,0.37864
2026-08-14 06:10:00+00:00,610.26,610.26,609.8,610.06,97.1433
2026-08-14 06:11:00+00:00,610.06,610.06,609.84,609.86,53.09584
2026-08-14 06:12:00+00:00,609.86,609.96,609.84,609.86,0.3491
2026-08-14 06:13:00+00:00,609.86,609.96,609.83,609.83,0.24492
2026-08-14 06:14:00+00:00,609.83,609.86,609.59,609.76,311.44899
2026-08-14 06:15:00+00:00,609.76,609.76,609.71,609.76,0.45203
2026-08-14 06:16:00+00:00,609.76,609.76,609.42,609.53,133.31448
2026-08-14 06:17:00+00:00,609.53,609.66,609.37,609.56,103.54343
2026-08-14 06:18:00+00:00,609.56,609.56,609.23,609.26,53.30909
2026-08-14 06:19:00+00:00,609.26,609.27,609.23,609.23,0.30696
2026-08-14 06:20:00+00:00,609.23,609.26,609.23,609.24,0.539472459056705847
2026-08-14 06:21:00+00:00,609.24,609.26,608.94,608.94,64.909667540943294153
2026-08-14 06:22:00+00:00,608.94,609.06,608.84,608.9,53.24629
2026-08-14 06:23:00+00:00,608.9,608.9,608.88,608.9,0.29149
2026-08-14 06:24:00+00:00,608.9,608.9,608.75,608.76,53.29306
2026-08-14 06:25:00+00:00,608.76,608.76,608.75,608.76,0.21426
2026-08-14 06:26:00+00:00,608.76,608.76,608.58,608.7,0.922079199178644763
2026-08-14 06:27:00+00:00,608.7,608.7,608.54,608.56,0.3652
2026-08-14 06:28:00+00:00,608.56,608.66,608.34,608.36,0.40821
2026-08-14 06:29:00+00:00,608.36,608.76,608.24,608.25,2.408223619887337741
2026-08-14 06:30:00+00:00,608.25,608.63,608.25,608.63,0.44125
2026-08-14 06:31:00+00:00,608.63,608.66,608.44,608.63,0.36985
2026-08-14 06:32:00+00:00,608.63,608.75,608.54,608.72,0.31575
2026-08-14 06:33:00+00:00,608.72,608.86,608.64,608.85,53.1626
2026-08-14 06:34:00+00:00,608.85,608.96,608.54,608.64,255.83705
2026-08-14 06:35:00+00:00,608.64,608.86,608.64,608.74,0.38619
2026-08-14 06:36:00+00:00,608.74,608.86,608.54,608.55,53.24188
2026-08-14 06:37:00+00:00,608.55,608.64,608.44,608.44,0.35297
2026-08-14 06:38:00+00:00,608.44,608.46,608.24,608.26,53.35432
2026-08-14 06:39:00+00:00,608.26,608.26,608.11,608.22,0.41409
2026-08-14 06:40:00+00:00,608.22,608.46,608.14,608.46,97.45425
2026-08-14 06:41:00+00:00,608.46,608.46,608.14,608.32,0.41301
2026-08-14 06:42:00+00:00,608.32,608.33,608.14,608.14,0.45226
2026-08-14 06:43:00+00:00,608.14,608.59,608.04,608.59,1160.35331
2026-08-14 06:44:00+00:00,608.59,608.59,608.24,608.34,239.91108
2026-08-14 06:45:00+00:00,608.34,608.49,608.34,608.48,53.33144
2026-08-14 06:46:00+00:00,608.48,608.76,608.34,608.75,134.01109
2026-08-14 06:47:00+00:00,608.75,608.76,608.64,608.67,0.50365
2026-08-14 06:48:00+00:00,608.67,608.76,608.5,608.76,170.58123
2026-08-14 06:49:00+00:00,608.76,608.96,608.64,608.69,97.45765
2026-08-14 06:50:00+00:00,608.69,609.06,608.69,609,752.64566
2026-08-14 06:51:00+00:00,609,609,608.94,608.96,0.37359
2026-08-14 06:52:00+00:00,608.96,609.3,608.56,608.9,277.12529
2026-08-14 06:53:00+00:00,608.9,609.15,608.74,608.76,255.98069
2026-08-14 06:54:00+00:00,608.76,608.95,608.76,608.76,0.26598
2026-08-14 06:55:00+00:00,608.76,608.85,608.76,608.76,0.20126
2026-08-14 06:56:00+00:00,608.76,609.06,608.76,608.92,106.19992
2026-08-14 06:57:00+00:00,608.92,608.96,608.84,608.84,97.21589
2026-08-14 06:58:00+00:00,608.84,608.86,608.65,608.67,214.90882
2026-08-14 06:59:00+00:00,608.67,608.76,608.64,608.76,0.30521
2026-08-14 07:00:00+00:00,608.76,608.86,608.42,608.48,89.91967
2026-08-14 07:01:00+00:00,608.48,608.96,608.41,608.54,0.996087932300029491
2026-08-14 07:02:00+00:00,608.54,608.86,608.46,608.86,159.579086703372333103
2026-08-14 07:03:00+00:00,608.86,609.03,608.81,609,495.952567556584664717
2026-08-14 07:04:00+00:00,609,609.03,609,609.03,0.27248
2026-08-14 07:05:00+00:00,609.03,609.26,609.01,609.26,437.136087807742972689
2026-08-14 07:06:00+00:00,609.26,609.46,609.21,609.46,628.63057
2026-08-14 07:07:00+00:00,609.46,609.46,609.04,609.04,97.26742
2026-08-14 07:08:00+00:00,609.04,609.16,609.02,609.03,53.2354
2026-08-14 07:09:00+00:00,609.03,609.16,609.03,609.15,53.11462
2026-08-14 07:10:00+00:00,609.15,609.16,609.04,609.16,0.29231
2026-08-14 07:11:00+00:00,609.16,609.26,609.1,609.15,0.22996
2026-08-14 07:12:00+00:00,609.15,609.43,609.14,609.38,97.06595
2026-08-14 07:13:00+00:00,609.38,609.41,609.24,609.36,0.27011
2026-08-14 07:14:00+00:00,609.36,609.36,609.24,609.3,0.33247
2026-08-14 07:15:00+00:00,609.3,609.36,609.17,609.18,53.31388
2026-08-14 07:16:00+00:00,609.18,609.2,609.14,609.2,0.912728309352175315
2026-08-14 07:17:00+00:00,609.2,609.2,609.11,609.12,0.38469
2026-08-14 07:18:00+00:00,609.12,609.26,609.09,609.26,53.795875850295469468
2026-08-14 07:19:00+00:00,609.26,609.26,609.25,609.25,0.253090671406641248
2026-08-14 07:20:00+00:00,609.25,609.54,609.25,609.25,0.32091
2026-08-14 07:21:00+00:00,609.25,609.29,609.25,609.27,3.678359149994255608
2026-08-14 07:22:00+00:00,609.27,609.3,609.26,609.29,1.675625126436591376
2026-08-14 07:23:00+00:00,609.29,609.3,609.27,609.27,0.51651
2026-08-14 07:24:00+00:00,609.27,609.34,609.25,609.26,5.434825795581406287
2026-08-14 07:25:00+00:00,609.26,609.46,609.25,609.39,0.48992
2026-08-14 07:26:00+00:00,609.39,609.46,609.34,609.45,0.32173
2026-08-14 07:27:00+00:00,609.45,609.46,609.34,609.44,0.26003
2026-08-14 07:28:00+00:00,609.44,609.46,609.23,609.23,98.251313346952070375
2026-08-14 07:29:00+00:00,609.23,609.36,609.23,609.28,98.040800905300773378
2026-08-14 07:30:00+00:00,609.28,609.36,609.24,609.24,1.591547561752895064
2026-08-14 07:31:00+00:00,609.24,609.35,609.24,609.3,0.27489
2026-08-14 07:32:00+00:00,609.3,609.35,609.05,609.14,0.30132
2026-08-14 07:33:00+00:00,609.14,609.14,608.77,608.78,97.32101
2026-08-14 07:34:00+00:00,608.78,608.86,608.64,608.76,0.3763
2026-08-14 07:35:00+00:00,608.76,608.76,608.64,608.76,0.28739
2026-08-14 07:36:00+00:00,608.76,608.76,608.64,608.76,0.31783
2026-08-14 07:37:00+00:00,608.76,608.76,608.64,608.69,0.30551
2026-08-14 07:38:00+00:00,608.69,608.71,608.24,608.26,240.07081
2026-08-14 07:39:00+00:00,608.26,608.26,608.24,608.24,0.45977
2026-08-14 07:40:00+00:00,608.24,608.46,607.91,607.92,53.27247
2026-08-14 07:41:00+00:00,607.92,608.22,607.92,608.22,0.26658
2026-08-14 07:42:00+00:00,608.22,608.73,608.22,608.6,53.33276
2026-08-14 07:43:00+00:00,608.6,608.67,608.54,608.66,0.27846
2026-08-14 07:44:00+00:00,608.66,608.66,608.54,608.59,0.21378
2026-08-14 07:45:00+00:00,608.59,608.66,608.44,608.46,53.29028
2026-08-14 07:46:00+00:00,608.46,608.66,608.34,608.46,0.40756
2026-08-14 07:47:00+00:00,608.46,608.46,608.12,608.12,150.49011
2026-08-14 07:48:00+00:00,608.12,608.13,608.05,608.13,0.33864
2026-08-14 07:49:00+00:00,608.13,608.46,608.12,608.46,97.1384
2026-08-14 07:50:00+00:00,608.46,608.46,607.53,608.34,5.495909700659730199
2026-08-14 07:51:00+00:00,608.34,608.46,608.23,608.23,0.43622
2026-08-14 07:52:00+00:00,608.23,608.26,608.14,608.14,53.31243
2026-08-14 07:53:00+00:00,608.14,608.26,608.08,608.16,0.45033
2026-08-14 07:54:00+00:00,608.16,608.16,607.97,608,53.53004
2026-08-14 07:55:00+00:00,608,608.02,607.94,607.94,0.34393
2026-08-14 07:56:00+00:00,607.94,607.98,607.76,607.76,97.27988
2026-08-14 07:57:00+00:00,607.76,607.96,607.53,607.84,0.28434
2026-08-14 07:58:00+00:00,607.84,607.96,607.84,607.88,0.3356
2026-08-14 07:59:00+00:00,607.88,607.96,607.74,607.79,53.3764
2026-08-14 08:00:00+00:00,607.79,607.81,607.74,607.78,0.36268
2026-08-14 08:01:00+00:00,607.78,607.78,607.57,607.65,1253.75642
2026-08-14 08:02:00+00:00,607.65,607.66,607.45,607.65,116.34749
2026-08-14 08:03:00+00:00,607.65,607.8,607.27,607.78,100.390730720610988576
2026-08-14 08:04:00+00:00,607.78,607.86,607.74,607.74,0.47692
2026-08-14 08:05:00+00:00,607.74,608.23,607.74,608.01,576.94858
2026-08-14 08:06:00+00:00,608.01,608.15,607.97,608.09,134.19146
2026-08-14 08:07:00+00:00,608.09,608.16,607.94,608.14,0.35386
2026-08-14 08:08:00+00:00,608.14,608.16,607.94,608.05,0.28977
2026-08-14 08:09:00+00:00,608.05,608.16,607.94,607.94,3.634195012574171173
2026-08-14 08:10:00+00:00,607.94,608.06,607.94,607.96,1.983212740699319101
2026-08-14 08:11:00+00:00,607.96,608.02,607.74,607.83,53.31767
2026-08-14 08:12:00+00:00,607.83,607.83,607.74,607.78,0.33382
2026-08-14 08:13:00+00:00,607.78,608.03,607.66,607.66,97.62816
2026-08-14 08:14:00+00:00,607.66,607.72,607.57,607.57,53.4509
2026-08-14 08:15:00+00:00,607.57,607.93,607.57,607.92,812.56037
2026-08-14 08:16:00+00:00,607.92,608.03,607.84,607.97,89.99742
2026-08-14 08:17:00+00:00,607.97,608.03,607.74,607.86,0.43093
2026-08-14 08:18:00+00:00,607.86,607.86,607.64,607.65,53.657739463568748765
2026-08-14 08:19:00+00:00,607.65,607.69,607.47,607.47,1580.72293
2026-08-14 08:20:00+00:00,607.47,607.69,607.47,607.54,0.29351
2026-08-14 08:21:00+00:00,607.54,608.19,607.29,608.19,6566.472250536431251235
2026-08-14 08:22:00+00:00,608.19,608.19,607.58,607.58,1382.98678
2026-08-14 08:23:00+00:00,607.58,607.58,607.34,607.45,0.45879
2026-08-14 08:24:00+00:00,607.45,607.55,606.9,607.55,1.13393318468086657
2026-08-14 08:25:00+00:00,607.55,607.56,606.94,607.07,53.49713
2026-08-14 08:26:00+00:00,607.07,607.14,606.9,606.9,97.64165
2026-08-14 08:27:00+00:00,606.9,607.06,606.9,607.01,150.57379
2026-08-14 08:28:00+00:00,607.01,607.16,606.9,607.07,0.39923
2026-08-14 08:29:00+00:00,607.07,607.3,606.92,607.15,53.48044
2026-08-14 08:30:00+00:00,607.15,607.24,607.04,607.13,0.832739224487107715
2026-08-14 08:31:00+00:00,607.13,607.17,606.77,606.84,53.34664
2026-08-14 08:32:00+00:00,606.84,606.85,606.74,606.81,0.44908
2026-08-14 08:33:00+00:00,606.81,606.86,606.78,606.78,0.32238
2026-08-14 08:34:00+00:00,606.78,607.13,606.73,607.13,90.94701273505390268
2026-08-14 08:35:00+00:00,607.13,607.53,607.13,607.53,217.78352
2026-08-14 08:36:00+00:00,607.53,607.53,607.44,607.44,0.28586
2026-08-14 08:37:00+00:00,607.44,607.83,607.42,607.7,97.58162
2026-08-14 08:38:00+00:00,607.7,607.89,607.64,607.88,134.398125569133101985
2026-08-14 08:39:00+00:00,607.88,608.03,607.71,607.91,239.439748136545032835
2026-08-14 08:40:00+00:00,607.91,607.96,607.83,607.89,0.4229
2026-08-14 08:41:00+00:00,607.89,607.96,607.84,607.86,0.36195
2026-08-14 08:42:00+00:00,607.86,607.96,607.79,607.79,0.31792
2026-08-14 08:43:00+00:00,607.79,607.86,607.74,607.79,0.32998
2026-08-14 08:44:00+00:00,607.79,607.86,607.64,607.8,0.47184
2026-08-14 08:45:00+00:00,607.8,607.96,607.64,607.74,0.43332
2026-08-14 08:46:00+00:00,607.74,608.06,607.74,608.03,53.45009
2026-08-14 08:47:00+00:00,608.03,608.06,607.99,608.04,0.33717
2026-08-14 08:48:00+00:00,608.04,608.26,608.04,608.18,520.97446
2026-08-14 08:49:00+00:00,608.18,608.26,608.18,608.2,0.29486
2026-08-14 08:50:00+00:00,608.2,608.25,608.18,608.22,0.29906
2026-08-14 08:51:00+00:00,608.22,608.26,608.2,608.26,0.625591257787006822
2026-08-14 08:52:00+00:00,608.26,608.26,607.94,608.06,520.66312
2026-08-14 08:53:00+00:00,608.06,608.26,608.04,608.15,0.19385
2026-08-14 08:54:00+00:00,608.15,608.16,608.09,608.13,0.17893
2026-08-14 08:55:00+00:00,608.13,608.36,608.13,608.24,0.47169
2026-08-14 08:56:00+00:00,608.24,608.5,608.24,608.49,97.31544
2026-08-14 08:57:00+00:00,608.49,608.56,608.44,608.56,0.33385
2026-08-14 08:58:00+00:00,608.56,608.76,608.56,608.74,150.22109
2026-08-14 08:59:00+00:00,608.74,608.96,608.74,608.74,373.43001
2026-08-14 09:00:00+00:00,608.74,608.96,608.74,608.78,0.43575
2026-08-14 09:01:00+00:00,608.78,608.99,608.64,608.68,0.30723
2026-08-14 09:02:00+00:00,608.68,608.75,608.45,608.45,0.44761
2026-08-14 09:03:00+00:00,608.45,608.56,608.44,608.48,0.34282
2026-08-14 09:04:00+00:00,608.48,608.48,608.26,608.45,0.22553
2026-08-14 09:05:00+00:00,608.45,608.56,608.34,608.56,0.34598
2026-08-14 09:06:00+00:00,608.56,608.66,608.44,608.65,1.712256904829700572
2026-08-14 09:07:00+00:00,608.65,608.76,608.54,608.64,0.3448
2026-08-14 09:08:00+00:00,608.64,608.76,608.64,608.76,0.20303
2026-08-14 09:09:00+00:00,608.76,608.76,608.64,608.76,0.31927
2026-08-14 09:10:00+00:00,608.76,608.76,608.54,608.54,53.13862
2026-08-14 09:11:00+00:00,608.54,608.76,608.54,608.68,0.41098
2026-08-14 09:12:00+00:00,608.68,608.86,608.47,608.52,106.11738
2026-08-14 09:13:00+00:00,608.52,608.93,608.47,608.86,405.84087
2026-08-14 09:14:00+00:00,608.86,609,608.86,609,94.88977
2026-08-14 09:15:00+00:00,609,609,608.64,608.64,403.27463
2026-08-14 09:16:00+00:00,608.64,608.76,608.64,608.76,0.36493
2026-08-14 09:17:00+00:00,608.76,608.86,608.66,608.81,53.13113
2026-08-14 09:18:00+00:00,608.81,608.86,608.74,608.74,0.32144
2026-08-14 09:19:00+00:00,608.74,608.86,608.74,608.75,0.44331482146963177
2026-08-14 09:20:00+00:00,608.75,608.96,608.75,608.93,793.36891
2026-08-14 09:21:00+00:00,608.93,608.96,608.93,608.96,0.552856837999835782
2026-08-14 09:22:00+00:00,608.96,609,608.93,608.93,1.233561832640852907
2026-08-14 09:23:00+00:00,608.93,609,608.93,608.99,0.4804
2026-08-14 09:24:00+00:00,608.99,609.16,608.84,609.16,208.210234949623648404
2026-08-14 09:25:00+00:00,609.16,609.17,609.04,609.17,0.29179
2026-08-14 09:26:00+00:00,609.17,609.26,609.04,609.2,0.38617
2026-08-14 09:27:00+00:00,609.2,609.36,609.06,609.07,53.23321
2026-08-14 09:28:00+00:00,609.07,609.07,608.44,608.46,159.17321
2026-08-14 09:29:00+00:00,608.46,608.51,607.5,608.33,2.447738466634882535
2026-08-14 09:30:00+00:00,608.33,608.34,608.14,608.18,53.28005
2026-08-14 09:31:00+00:00,608.18,608.26,608.14,608.14,0.3389
2026-08-14 09:32:00+00:00,608.14,608.36,608.04,608.29,97.4869
2026-08-14 09:33:00+00:00,608.29,608.36,608.14,608.36,0.3603
2026-08-14 09:34:00+00:00,608.36,608.45,608.24,608.45,53.15814
2026-08-14 09:35:00+00:00,608.45,608.46,608.42,608.46,0.3149
2026-08-14 09:36:00+00:00,608.46,608.56,608.34,608.46,0.32124
2026-08-14 09:37:00+00:00,608.46,608.46,608.24,608.36,0.29923
2026-08-14 09:38:00+00:00,608.36,608.46,608.14,608.16,97.697789439284744658
2026-08-14 09:39:00+00:00,608.16,608.26,607.87,607.99,53.248793162000164218
2026-08-14 09:40:00+00:00,607.99,608.01,607.84,607.84,0.3947
2026-08-14 09:41:00+00:00,607.84,608.05,607.84,607.85,0.4063
2026-08-14 09:42:00+00:00,607.85,608.06,607.84,607.96,0.41939
2026-08-14 09:43:00+00:00,607.96,608.06,607.94,608.04,0.29397
2026-08-14 09:44:00+00:00,608.04,608.06,607.96,607.99,0.27319
2026-08-14 09:45:00+00:00,607.99,608.16,607.98,608.04,96.97316
2026-08-14 09:46:00+00:00,608.04,608.25,608.04,608.24,0.31069
2026-08-14 09:47:00+00:00,608.24,608.26,608.14,608.26,0.34669
2026-08-14 09:48:00+00:00,608.26,608.26,608.04,608.05,53.42942
2026-08-14 09:49:00+00:00,608.05,608.16,608.04,608.04,53.22258
2026-08-14 09:50:00+00:00,608.04,608.46,608.04,608.24,211.9864
2026-08-14 09:51:00+00:00,608.24,608.36,607.98,607.98,203.2003
2026-08-14 09:52:00+00:00,607.98,608.13,607.96,608.09,0.47255
2026-08-14 09:53:00+00:00,608.09,608.16,607.96,607.97,0.38648
2026-08-14 09:54:00+00:00,607.97,608.26,607.96,608.25,53.44415
2026-08-14 09:55:00+00:00,608.25,608.26,608.21,608.22,0.58071
2026-08-14 09:56:00+00:00,608.22,609,607.96,608.04,317.70203
2026-08-14 09:57:00+00:00,608.04,608.16,607.96,608.05,0.20855
2026-08-14 09:58:00+00:00,608.05,608.05,607.77,607.82,141.52516
2026-08-14 09:59:00+00:00,607.82,607.84,607.77,607.84,2.831459211451427037
2026-08-14 10:00:00+00:00,607.84,607.84,607.66,607.74,228.66246
2026-08-14 10:01:00+00:00,607.74,607.77,607.51,607.56,0.34572
2026-08-14 10:02:00+00:00,607.56,607.7,607.52,607.69,0.24368
2026-08-14 10:03:00+00:00,607.69,608.02,607.69,607.94,194.110164517345400919
2026-08-14 10:04:00+00:00,607.94,608.26,607.94,608.16,53.30666
2026-08-14 10:05:00+00:00,608.16,608.24,608.04,608.05,4.737696835598919973
2026-08-14 10:06:00+00:00,608.05,608.08,607.85,608.05,0.38922
2026-08-14 10:07:00+00:00,608.05,608.06,607.83,607.86,0.45897
2026-08-14 10:08:00+00:00,607.86,607.86,607.74,607.74,0.10435
2026-08-14 10:09:00+00:00,607.74,607.92,607.64,607.86,159.15297
2026-08-14 10:10:00+00:00,607.86,607.96,607.74,607.96,0.30127
2026-08-14 10:11:00+00:00,607.96,608.06,607.52,608.04,0.36229
2026-08-14 10:12:00+00:00,608.04,608.16,608.03,608.03,0.4144
2026-08-14 10:13:00+00:00,608.03,608.16,607.54,607.74,401.8832
2026-08-14 10:14:00+00:00,607.74,607.74,607.54,607.65,53.49808
2026-08-14 10:15:00+00:00,607.65,607.91,607.57,607.62,150.67086
2026-08-14 10:16:00+00:00,607.62,607.62,607.39,607.54,209.16196
2026-08-14 10:17:00+00:00,607.54,607.66,607.3,607.36,2.023427866009311174
2026-08-14 10:18:00+00:00,607.36,607.46,607.14,607.23,68.35425
2026-08-14 10:19:00+00:00,607.23,607.26,607.04,607.06,4.523958884867502064
2026-08-14 10:20:00+00:00,607.06,607.26,607,607.26,0.35681
2026-08-14 10:21:00+00:00,607.26,607.28,607.04,607.04,0.41165
2026-08-14 10:22:00+00:00,607.04,607.16,606.78,606.78,147.17327
2026-08-14 10:23:00+00:00,606.78,606.83,606.54,606.61,143.9739993387669252
2026-08-14 10:24:00+00:00,606.61,606.61,606.34,606.34,159.66932
2026-08-14 10:25:00+00:00,606.34,606.46,606.07,606.4,53.47814
2026-08-14 10:26:00+00:00,606.4,606.41,606.04,606.04,142.70306
2026-08-14 10:27:00+00:00,606.04,606.25,606,606.05,53.5373
2026-08-14 10:28:00+00:00,606.05,606.26,606,606.06,5.470497036499240974
2026-08-14 10:29:00+00:00,606.06,607.05,606,606.56,451.05841
2026-08-14 10:30:00+00:00,606.56,606.76,606.22,606.7,0.44939
2026-08-14 10:31:00+00:00,606.7,606.86,606.68,606.83,44.59255
2026-08-14 10:32:00+00:00,606.83,606.96,606.74,606.82,97.45114
2026-08-14 10:33:00+00:00,606.82,606.85,606.44,606.74,97.57264
2026-08-14 10:34:00+00:00,606.74,606.74,606.44,606.66,0.44862
2026-08-14 10:35:00+00:00,606.66,606.66,606.57,606.65,0.31795
2026-08-14 10:36:00+00:00,606.65,606.86,606.63,606.74,0.29569
2026-08-14 10:37:00+00:00,606.74,606.76,606.34,606.34,0.34495
2026-08-14 10:38:00+00:00,606.34,606.46,606.08,606.08,0.40657
2026-08-14 10:39:00+00:00,606.08,606.56,606,606.48,0.38634
2026-08-14 10:40:00+00:00,606.48,606.66,606.44,606.66,1.331376604223705037
2026-08-14 10:41:00+00:00,606.66,606.75,606.44,606.46,0.46002
2026-08-14 10:42:00+00:00,606.46,606.56,606.46,606.5,0.22098
2026-08-14 10:43:00+00:00,606.5,606.51,606,606.07,134.41157
2026-08-14 10:44:00+00:00,606.07,606.12,606.04,606.12,0.43393
2026-08-14 10:45:00+00:00,606.12,606.28,606.07,606.25,44.42885
2026-08-14 10:46:00+00:00,606.25,606.26,606.14,606.14,97.26492
2026-08-14 10:47:00+00:00,606.14,606.14,606.04,606.12,4.400208638474459045
2026-08-14 10:48:00+00:00,606.12,606.12,606,606,0.34018
2026-08-14 10:49:00+00:00,606,606.16,606,606.16,0.63869
2026-08-14 10:50:00+00:00,606.16,606.16,606,606.14,0.30948
2026-08-14 10:51:00+00:00,606.14,606.16,606.04,606.04,0.27939
2026-08-14 10:52:00+00:00,606.04,606.27,606.04,606.26,97.4986
2026-08-14 10:53:00+00:00,606.26,606.27,606.04,606.08,194.79622
2026-08-14 10:54:00+00:00,606.08,606.14,606.08,606.13,53.45022
2026-08-14 10:55:00+00:00,606.13,606.26,605.87,605.89,151.380249009900990099
2026-08-14 10:56:00+00:00,605.89,606.01,605.84,605.85,249.97189
2026-08-14 10:57:00+00:00,605.85,606,605.84,605.84,0.39671
2026-08-14 10:58:00+00:00,605.84,606.23,605.84,606.21,97.73277
2026-08-14 10:59:00+00:00,606.21,606.28,606.11,606.28,37.23497
2026-08-14 11:00:00+00:00,606.28,606.28,605.61,605.82,466.141166335607153777
2026-08-14 11:01:00+00:00,605.82,606.03,605.67,606.01,1763.92689
2026-08-14 11:02:00+00:00,606.01,606.19,605.94,606.04,202.26561
2026-08-14 11:03:00+00:00,606.04,606.16,605.77,606.04,0.44544
2026-08-14 11:04:00+00:00,606.04,606.46,605.5,605.5,442.76356
2026-08-14 11:05:00+00:00,605.5,605.56,603.3,605,4251.054630698905158726
2026-08-14 11:06:00+00:00,605,605,604.44,604.49,142.398187205916111894
2026-08-14 11:07:00+00:00,604.49,604.66,604.47,604.56,0.41604
2026-08-14 11:08:00+00:00,604.56,605.03,604.55,605.01,1424.81334
2026-08-14 11:09:00+00:00,605.01,605.06,604.94,604.97,0.28315
2026-08-14 11:10:00+00:00,604.97,605.04,604.54,604.55,151.352403657052130193
2026-08-14 11:11:00+00:00,604.55,604.58,604.14,604.18,802.087636342947869807
2026-08-14 11:12:00+00:00,604.18,604.58,604.14,604.46,940.290351400397382477
2026-08-14 11:13:00+00:00,604.46,604.58,604.34,604.45,0.44586
2026-08-14 11:14:00+00:00,604.45,604.56,604.04,604.2,0.53641
2026-08-14 11:15:00+00:00,604.2,604.26,603.65,603.82,1199.71381
2026-08-14 11:16:00+00:00,603.82,604.21,603.74,604.21,499.49014
2026-08-14 11:17:00+00:00,604.21,604.75,604.14,604.72,642.49866
2026-08-14 11:18:00+00:00,604.72,604.76,604.55,604.55,143.84378
2026-08-14 11:19:00+00:00,604.55,604.93,604.54,604.93,810.09076
2026-08-14 11:20:00+00:00,604.93,604.93,604.63,604.84,2558.88171
2026-08-14 11:21:00+00:00,604.84,605,604.84,604.85,393.02636
2026-08-14 11:22:00+00:00,604.85,604.96,604.74,604.74,0.45276
2026-08-14 11:23:00+00:00,604.74,604.96,604.74,604.95,0.27263
2026-08-14 11:24:00+00:00,604.95,605.23,604.84,605.19,106.02525
2026-08-14 11:25:00+00:00,605.19,605.21,605.04,605.05,53.65054
2026-08-14 11:26:00+00:00,605.05,605.23,605.04,605.15,106.66316
2026-08-14 11:27:00+00:00,605.15,605.16,605.04,605.06,0.45041
2026-08-14 11:28:00+00:00,605.06,605.16,605.06,605.11,0.40729
2026-08-14 11:29:00+00:00,605.11,605.42,605.08,605.41,0.40416
2026-08-14 11:30:00+00:00,605.41,605.41,605.31,605.33,0.40124
2026-08-14 11:31:00+00:00,605.33,605.36,605.22,605.26,0.48664
2026-08-14 11:32:00+00:00,605.26,605.57,605.18,605.57,187.88742
2026-08-14 11:33:00+00:00,605.57,605.66,605.54,605.62,0.47208
2026-08-14 11:34:00+00:00,605.62,605.76,605.54,605.63,53.54662
2026-08-14 11:35:00+00:00,605.63,605.76,605.54,605.64,0.37836
2026-08-14 11:36:00+00:00,605.64,605.86,605.64,605.75,0.31873
2026-08-14 11:37:00+00:00,605.75,605.96,605.75,605.96,0.980733257625775782
2026-08-14 11:38:00+00:00,605.96,606.06,605.84,605.96,1.012467209469075801
2026-08-14 11:39:00+00:00,605.96,605.97,605.54,605.54,248.41313
2026-08-14 11:40:00+00:00,605.54,605.76,605.54,605.64,0.32254
2026-08-14 11:41:00+00:00,605.64,605.85,605.54,605.75,0.31003
2026-08-14 11:42:00+00:00,605.75,605.84,605.67,605.67,0.33877
2026-08-14 11:43:00+00:00,605.67,605.74,605.67,605.73,0.26978
2026-08-14 11:44:00+00:00,605.73,605.84,605.68,605.84,0.2614
2026-08-14 11:45:00+00:00,605.84,605.96,605.84,605.94,0.41499
2026-08-14 11:46:00+00:00,605.94,605.96,605.74,605.75,0.29911
2026-08-14 11:47:00+00:00,605.75,605.76,605.54,605.54,0.26051
2026-08-14 11:48:00+00:00,605.54,605.59,605.34,605.35,0.53956
2026-08-14 11:49:00+00:00,605.35,605.56,605.34,605.44,53.43858
2026-08-14 11:50:00+00:00,605.44,605.66,605.44,605.65,0.35896
2026-08-14 11:51:00+00:00,605.65,605.83,605.64,605.71,0.2788
2026-08-14 11:52:00+00:00,605.71,605.8,605.64,605.65,53.532881738915035917
2026-08-14 11:53:00+00:00,605.65,605.76,605.54,605.61,53.469608261084964083
2026-08-14 11:54:00+00:00,605.61,605.63,605.54,605.63,0.1909
2026-08-14 11:55:00+00:00,605.63,605.76,605.57,605.66,53.50282
2026-08-14 11:56:00+00:00,605.66,605.76,605.35,605.37,0.39106
2026-08-14 11:57:00+00:00,605.37,605.56,605.34,605.35,53.57274
2026-08-14 11:58:00+00:00,605.35,605.66,605.34,605.43,106.72479
2026-08-14 11:59:00+00:00,605.43,605.46,605.07,605.15,98.922411343099777981
2026-08-14 12:00:00+00:00,605.15,605.43,605.05,605.42,257.58495
2026-08-14 12:01:00+00:00,605.42,605.43,605.21,605.24,204.15422
2026-08-14 12:02:00+00:00,605.24,605.42,605.23,605.41,1054.89322
2026-08-14 12:03:00+00:00,605.41,605.56,605.4,605.56,2191.87418
2026-08-14 12:04:00+00:00,605.56,605.56,605.27,605.27,97.79842
2026-08-14 12:05:00+00:00,605.27,605.56,605.27,605.56,53.57749
2026-08-14 12:06:00+00:00,605.56,605.56,605.18,605.25,0.39392
2026-08-14 12:07:00+00:00,605.25,605.63,605.25,605.53,731.68494
2026-08-14 12:08:00+00:00,605.53,605.83,605.44,605.5,0.25045
2026-08-14 12:09:00+00:00,605.5,605.56,605.24,605.26,0.37081
2026-08-14 12:10:00+00:00,605.26,605.46,605.14,605.14,53.50993
2026-08-14 12:11:00+00:00,605.14,605.36,605.14,605.14,106.79943
2026-08-14 12:12:00+00:00,605.14,605.26,605.04,605.04,53.56366
2026-08-14 12:13:00+00:00,605.04,605.05,604.66,604.66,0.39292
2026-08-14 12:14:00+00:00,604.66,605.16,604.66,605.16,0.32437
2026-08-14 12:15:00+00:00,605.16,605.43,605.04,605.41,97.76034
2026-08-14 12:16:00+00:00,605.41,605.53,605.34,605.53,53.60742
2026-08-14 12:17:00+00:00,605.53,605.53,605.05,605.36,53.60483
2026-08-14 12:18:00+00:00,605.36,605.46,605.34,605.44,0.46719
2026-08-14 12:19:00+00:00,605.44,605.46,605.2,605.29,0.30129
2026-08-14 12:20:00+00:00,605.29,605.46,605.24,605.46,0.920602283599841416
2026-08-14 12:21:00+00:00,605.46,605.46,605.36,605.38,0.23179
2026-08-14 12:22:00+00:00,605.38,605.84,605.37,605.44,329.44953
2026-08-14 12:23:00+00:00,605.44,605.85,605.34,605.8,143.67991
2026-08-14 12:24:00+00:00,605.8,606.13,605.78,606.12,513.250631244142989397
2026-08-14 12:25:00+00:00,606.12,606.13,606.12,606.12,0.25507
2026-08-14 12:26:00+00:00,606.12,606.12,605.94,606.01,0.51959
2026-08-14 12:27:00+00:00,606.01,606.04,605.68,605.78,97.50161
2026-08-14 12:28:00+00:00,605.78,605.79,605.78,605.78,0.18934
2026-08-14 12:29:00+00:00,605.78,606,605.78,606,150.5266
2026-08-14 12:30:00+00:00,606,606.12,605.84,605.84,53.62548
2026-08-14 12:31:00+00:00,605.84,606.16,605.81,606.14,3.065188890695498934
2026-08-14 12:32:00+00:00,606.14,606.26,605.94,605.97,53.824653169629702386
2026-08-14 12:33:00+00:00,605.97,606.03,605,605.87,0.600738664029196352
2026-08-14 12:34:00+00:00,605.87,605.88,605.84,605.84,0.255067316541775327
2026-08-14 12:35:00+00:00,605.84,605.96,605.66,605.67,194.953362683458224673
2026-08-14 12:36:00+00:00,605.67,605.72,605.64,605.64,0.4473
2026-08-14 12:37:00+00:00,605.64,605.66,605.57,605.61,1.981092935707517216
2026-08-14 12:38:00+00:00,605.61,605.76,605.57,605.57,0.33714
2026-08-14 12:39:00+00:00,605.57,605.68,605.44,605.44,35.466494380834258111
2026-08-14 12:40:00+00:00,605.44,605.66,605.44,605.64,0.32046
2026-08-14 12:41:00+00:00,605.64,605.66,605.54,605.64,0.31484
2026-08-14 12:42:00+00:00,605.64,605.64,605.54,605.56,0.20233
2026-08-14 12:43:00+00:00,605.56,605.96,605.54,605.85,151.247519137139649308
2026-08-14 12:44:00+00:00,605.85,605.86,605.65,605.69,301.34436
2026-08-14 12:45:00+00:00,605.69,605.69,605.31,605.36,523.92203
2026-08-14 12:46:00+00:00,605.36,605.63,605.12,605.19,336.73077
2026-08-14 12:47:00+00:00,605.19,605.19,604.9,605.05,647.06637
2026-08-14 12:48:00+00:00,605.05,605.29,605.05,605.24,310.13837
2026-08-14 12:49:00+00:00,605.24,605.46,605.23,605.36,0.39723
2026-08-14 12:50:00+00:00,605.36,605.46,605.24,605.42,0.37768
2026-08-14 12:51:00+00:00,605.42,605.42,605.23,605.23,0.54024
2026-08-14 12:52:00+00:00,605.23,605.23,604.84,604.91,172.828
2026-08-14 12:53:00+00:00,604.91,604.96,604.84,604.84,0.3794
2026-08-14 12:54:00+00:00,604.84,604.96,604.84,604.84,0.34644
2026-08-14 12:55:00+00:00,604.84,605.1,604.84,605.1,97.83014
2026-08-14 12:56:00+00:00,605.1,605.16,605.04,605.04,0.29536
2026-08-14 12:57:00+00:00,605.04,605.16,604.92,604.94,97.94039
2026-08-14 12:58:00+00:00,604.94,604.94,604.74,604.76,131.49514
2026-08-14 12:59:00+00:00,604.76,604.95,604.74,604.84,106.72156
2026-08-14 13:00:00+00:00,604.84,604.96,604.84,604.96,0.40432
2026-08-14 13:01:00+00:00,604.96,604.96,604.74,604.87,0.43727
2026-08-14 13:02:00+00:00,604.87,604.96,604.74,604.86,0.51242
2026-08-14 13:03:00+00:00,604.86,604.96,604.74,604.84,0.37464
2026-08-14 13:04:00+00:00,604.84,604.94,604.64,604.73,213.27221
2026-08-14 13:05:00+00:00,604.73,604.86,604.55,604.59,53.64218
2026-08-14 13:06:00+00:00,604.59,604.6,604.29,604.31,198.387239976495168451
2026-08-14 13:07:00+00:00,604.31,604.31,604.27,604.31,0.30027
2026-08-14 13:08:00+00:00,604.31,604.31,604.24,604.3,5.353437781390997868
2026-08-14 13:09:00+00:00,604.3,604.36,604.14,604.18,3.890484541806953795
2026-08-14 13:10:00+00:00,604.18,604.26,604.14,604.14,0.41737
2026-08-14 13:11:00+00:00,604.14,604.17,603.61,603.97,100.977918814979704072
2026-08-14 13:12:00+00:00,603.97,604.26,603.97,604.25,327.044718501562071255
2026-08-14 13:13:00+00:00,604.25,604.46,604.14,604.43,55.400958024145730992
2026-08-14 13:14:00+00:00,604.43,604.46,604.4,604.45,0.49239
2026-08-14 13:15:00+00:00,604.45,604.76,604.34,604.64,107.04719
2026-08-14 13:16:00+00:00,604.64,604.76,604.44,604.46,53.64926
2026-08-14 13:17:00+00:00,604.46,604.54,604.27,604.44,621.69872
2026-08-14 13:18:00+00:00,604.44,604.66,604.44,604.66,0.36366
2026-08-14 13:19:00+00:00,604.66,604.66,604.54,604.65,0.41496
2026-08-14 13:20:00+00:00,604.65,604.94,604.35,604.35,0.42297
2026-08-14 13:21:00+00:00,604.35,604.66,604.35,604.55,0.33054
2026-08-14 13:22:00+00:00,604.55,604.76,604.48,604.76,0.39294
2026-08-14 13:23:00+00:00,604.76,604.76,604.72,604.72,0.3748
2026-08-14 13:24:00+00:00,604.72,604.94,604.7,604.91,106.72422
2026-08-14 13:25:00+00:00,604.91,605.09,604.84,605.09,58.53442
2026-08-14 13:26:00+00:00,605.09,605.26,605.04,605.21,53.63599
2026-08-14 13:27:00+00:00,605.21,605.26,605.14,605.25,0.41793
2026-08-14 13:28:00+00:00,605.25,605.26,605.14,605.26,0.47253
2026-08-14 13:29:00+00:00,605.26,605.26,604.91,605.01,0.42185
2026-08-14 13:30:00+00:00,605.01,605.1,604.84,604.94,0.47867
2026-08-14 13:31:00+00:00,604.94,604.96,604.74,604.74,0.30137
2026-08-14 13:32:00+00:00,604.74,604.75,604.44,604.52,310.93441
2026-08-14 13:33:00+00:00,604.52,605.03,604.34,604.36,151.26606
2026-08-14 13:34:00+00:00,604.36,604.55,604.35,604.37,0.45241
2026-08-14 13:35:00+00:00,604.37,604.4,604.14,604.14,676.78129
2026-08-14 13:36:00+00:00,604.14,604.16,603.94,603.94,157.40215
2026-08-14 13:37:00+00:00,603.94,604.06,603.78,603.96,53.64032
2026-08-14 13:38:00+00:00,603.96,604.73,603.84,604.63,195.86723
2026-08-14 13:39:00+00:00,604.63,604.72,603.98,604,195.83436
2026-08-14 13:40:00+00:00,604,604.43,604,604.43,441.67493
2026-08-14 13:41:00+00:00,604.43,604.66,604.33,604.65,179.35586
2026-08-14 13:42:00+00:00,604.65,604.9,604.13,604.55,716.0903
2026-08-14 13:43:00+00:00,604.55,604.76,604.3,604.43,97.99122
2026-08-14 13:44:00+00:00,604.43,604.76,604.38,604.73,0.34536
2026-08-14 13:45:00+00:00,604.73,604.86,604.56,604.79,0.44804
2026-08-14 13:46:00+00:00,604.79,604.96,604.74,604.86,4.946380140980920719
2026-08-14 13:47:00+00:00,604.86,604.86,604.54,604.64,97.92848
2026-08-14 13:48:00+00:00,604.64,604.86,604.54,604.85,0.37942
2026-08-14 13:49:00+00:00,604.85,604.85,604.54,604.54,1317.16807
2026-08-14 13:50:00+00:00,604.54,604.54,604.34,604.35,257.64974
2026-08-14 13:51:00+00:00,604.35,604.36,604.25,604.35,0.45795
2026-08-14 13:52:00+00:00,604.35,604.36,604.14,604.14,0.41663
2026-08-14 13:53:00+00:00,604.14,604.42,604.14,604.26,142.38491
2026-08-14 13:54:00+00:00,604.26,604.27,604.05,604.1,240.20236
2026-08-14 13:55:00+00:00,604.1,604.16,603.94,604.16,0.42973
2026-08-14 13:56:00+00:00,604.16,604.16,604,604.06,0.4995
2026-08-14 13:57:00+00:00,604.06,604.16,604.04,604.12,0.29017
2026-08-14 13:58:00+00:00,604.12,604.15,604.04,604.04,0.46061
2026-08-14 13:59:00+00:00,604.04,604.26,604.04,604.26,0.40313
2026-08-14 14:00:00+00:00,604.26,604.63,604.24,604.63,359.70366
2026-08-14 14:01:00+00:00,604.63,604.63,604.27,604.3,404.08693
2026-08-14 14:02:00+00:00,604.3,604.36,604.04,604.04,37.41794
2026-08-14 14:03:00+00:00,604.04,604.26,604.04,604.14,0.47298
2026-08-14 14:04:00+00:00,604.14,604.46,604.14,604.44,106.74934
2026-08-14 14:05:00+00:00,604.44,604.46,604.27,604.44,0.4764
2026-08-14 14:06:00+00:00,604.44,604.63,604.44,604.54,204.38151
2026-08-14 14:07:00+00:00,604.54,604.58,604.27,604.28,98.06111
2026-08-14 14:08:00+00:00,604.28,604.36,604.17,604.26,180.89993
2026-08-14 14:09:00+00:00,604.26,604.36,604.04,604.14,0.51323
2026-08-14 14:10:00+00:00,604.14,604.46,604.14,604.39,0.36714
2026-08-14 14:11:00+00:00,604.39,604.73,604.35,604.71,98.00631
2026-08-14 14:12:00+00:00,604.71,604.71,604.36,604.66,0.40672
2026-08-14 14:13:00+00:00,604.66,604.76,603.84,603.94,492.32213
2026-08-14 14:14:00+00:00,603.94,603.94,603.77,603.84,0.41556
2026-08-14 14:15:00+00:00,603.84,604.12,603.77,604.12,53.93732
2026-08-14 14:16:00+00:00,604.12,604.16,603.84,603.89,53.66605
2026-08-14 14:17:00+00:00,603.89,604.33,603.84,604.25,106.95747
2026-08-14 14:18:00+00:00,604.25,604.25,603.77,603.79,98.19123
2026-08-14 14:19:00+00:00,603.79,603.79,603.41,603.46,1701.40774
2026-08-14 14:20:00+00:00,603.46,603.66,603.4,603.5,151.78594
2026-08-14 14:21:00+00:00,603.5,603.63,603.05,603.46,197.538668140123449483
2026-08-14 14:22:00+00:00,603.46,603.86,603.44,603.86,421.941178912157092997
2026-08-14 14:23:00+00:00,603.86,604.02,603.82,604,1559.27711
2026-08-14 14:24:00+00:00,604,604.03,603.84,603.84,3268.94459
2026-08-14 14:25:00+00:00,603.84,604.25,603.84,604.24,200.668205665076841547
2026-08-14 14:26:00+00:00,604.24,604.49,604.24,604.46,1015.53764
2026-08-14 14:27:00+00:00,604.46,604.89,604.46,604.86,600.47759
2026-08-14 14:28:00+00:00,604.86,604.86,604.24,604.24,384.51026
2026-08-14 14:29:00+00:00,604.24,604.79,604.04,604.48,877.79577
2026-08-14 14:30:00+00:00,604.48,604.79,603.67,604.5,0.55225
2026-08-14 14:31:00+00:00,604.5,604.93,604.45,604.93,98.04782
2026-08-14 14:32:00+00:00,604.93,604.96,604.74,604.96,338.93475
2026-08-14 14:33:00+00:00,604.96,605.03,604.84,605.03,53.497120246393043019
2026-08-14 14:34:00+00:00,605.03,605.16,604.84,605.12,523.281640246393043019
2026-08-14 14:35:00+00:00,605.12,605.14,605.05,605.05,0.30886
2026-08-14 14:36:00+00:00,605.05,605.36,605.04,605.36,1508.70921
2026-08-14 14:37:00+00:00,605.36,605.69,605.04,605.65,351.312749753606956981
2026-08-14 14:38:00+00:00,605.65,605.66,605.54,605.54,0.32578
2026-08-14 14:39:00+00:00,605.54,605.76,605.54,605.6,56.968145665076841547
2026-08-14 14:40:00+00:00,605.6,605.86,605.58,605.69,0.375
2026-08-14 14:41:00+00:00,605.69,605.78,605.57,605.64,6.496223287913268995
2026-08-14 14:42:00+00:00,605.64,605.76,605.58,605.58,0.30828
2026-08-14 14:43:00+00:00,605.58,605.62,605.44,605.55,0.30911
2026-08-14 14:44:00+00:00,605.55,605.66,605.54,605.57,0.20669
2026-08-14 14:45:00+00:00,605.57,605.63,605.57,605.62,0.09164
2026-08-14 14:46:00+00:00,605.62,605.76,605.27,605.29,97.82886
2026-08-14 14:47:00+00:00,605.29,605.3,605.04,605.17,90.555
2026-08-14 14:48:00+00:00,605.17,605.34,605.14,605.25,143.75661
2026-08-14 14:49:00+00:00,605.25,605.34,604.6,604.76,135.07415
2026-08-14 14:50:00+00:00,604.76,604.76,604.64,604.73,0.31449
2026-08-14 14:51:00+00:00,604.73,604.76,604.24,604.24,39.01458
2026-08-14 14:52:00+00:00,604.24,604.36,604.15,604.15,53.77775
2026-08-14 14:53:00+00:00,604.15,604.2,604.14,604.2,0.41295
2026-08-14 14:54:00+00:00,604.2,604.35,604.19,604.35,53.30637
2026-08-14 14:55:00+00:00,604.35,604.36,604.12,604.12,98.00364
2026-08-14 14:56:00+00:00,604.12,604.13,603.77,603.86,135.06007
2026-08-14 14:57:00+00:00,603.86,603.93,603.55,603.9,501.108103929620693616
2026-08-14 14:58:00+00:00,603.9,604.15,603.9,604.07,180.94151
2026-08-14 14:59:00+00:00,604.07,604.24,604.04,604.13,0.42572
2026-08-14 15:00:00+00:00,604.13,604.16,604.04,604.16,1.034335346436698215
2026-08-14 15:01:00+00:00,604.16,604.16,604.05,604.05,4.413117743345252284
2026-08-14 15:02:00+00:00,604.05,604.35,604.04,604.34,97.98693
2026-08-14 15:03:00+00:00,604.34,604.36,604.24,604.36,0.35527
2026-08-14 15:04:00+00:00,604.36,604.73,604.24,604.73,302.12846
2026-08-14 15:05:00+00:00,604.73,604.73,604.61,604.64,0.46547
2026-08-14 15:06:00+00:00,604.64,604.85,604.44,604.64,287.13145
2026-08-14 15:07:00+00:00,604.64,604.76,604.54,604.74,97.92217
2026-08-14 15:08:00+00:00,604.74,604.86,604.56,604.75,0.3383
2026-08-14 15:09:00+00:00,604.75,604.83,604.64,604.65,958.69472
2026-08-14 15:10:00+00:00,604.65,604.86,604.65,604.84,1011.76652
2026-08-14 15:11:00+00:00,604.84,605.03,604.83,604.98,1075.10711
2026-08-14 15:12:00+00:00,604.98,604.98,604.83,604.9,0.37583
2026-08-14 15:13:00+00:00,604.9,605.03,604.74,604.82,1011.83426
2026-08-14 15:14:00+00:00,604.82,604.96,604.69,604.69,0.45894
2026-08-14 15:15:00+00:00,604.69,604.96,604.69,604.8,0.32782
2026-08-14 15:16:00+00:00,604.8,605,604.77,604.99,53.511880671406641248
2026-08-14 15:17:00+00:00,604.99,605,604.76,604.91,195.38033
2026-08-14 15:18:00+00:00,604.91,605.06,604.82,604.84,0.3289
2026-08-14 15:19:00+00:00,604.84,605.06,604.84,604.95,0.37069
2026-08-14 15:20:00+00:00,604.95,605.33,604.75,605.28,53.64279
2026-08-14 15:21:00+00:00,605.28,605.7,605.28,605.29,797.33384
2026-08-14 15:22:00+00:00,605.29,605.68,605.24,605.29,0.32687
2026-08-14 15:23:00+00:00,605.29,605.56,605.14,605.48,53.77223
2026-08-14 15:24:00+00:00,605.48,605.5,605.34,605.4,0.3677
2026-08-14 15:25:00+00:00,605.4,605.46,605.34,605.36,0.36418
2026-08-14 15:26:00+00:00,605.36,605.46,605.14,605.14,97.71658
2026-08-14 15:27:00+00:00,605.14,605.26,604.87,605.18,0.35772
2026-08-14 15:28:00+00:00,605.18,605.37,605.14,605.37,97.67495
2026-08-14 15:29:00+00:00,605.37,606.3,605.33,605.69,5513.856530062229172775
2026-08-14 15:30:00+00:00,605.69,606.3,605.48,605.48,862.42197
2026-08-14 15:31:00+00:00,605.48,605.67,605.24,605.26,0.34193
2026-08-14 15:32:00+00:00,605.26,605.36,605.01,605.26,248.49604
2026-08-14 15:33:00+00:00,605.26,605.46,605.22,605.46,0.36485
2026-08-14 15:34:00+00:00,605.46,605.56,605.24,605.47,54.310702927961412029
2026-08-14 15:35:00+00:00,605.47,606.23,605.46,606.23,97.90244
2026-08-14 15:36:00+00:00,606.23,606.36,606.14,606.19,307.21806
2026-08-14 15:37:00+00:00,606.19,606.63,606.19,606.59,2571.22093
2026-08-14 15:38:00+00:00,606.59,606.76,606.44,606.76,53.63905
2026-08-14 15:39:00+00:00,606.76,606.91,606.54,606.76,363.08491
2026-08-14 15:40:00+00:00,606.76,606.76,606.54,606.64,0.35532
2026-08-14 15:41:00+00:00,606.64,607.03,606.59,606.59,1.795975873828404258
2026-08-14 15:42:00+00:00,606.59,606.66,606.54,606.63,0.3249
2026-08-14 15:43:00+00:00,606.63,606.66,606.44,606.55,0.46209
2026-08-14 15:44:00+00:00,606.55,606.66,606.35,606.44,97.66038
2026-08-14 15:45:00+00:00,606.44,606.73,606.44,606.65,248.12599
2026-08-14 15:46:00+00:00,606.65,607.03,606.65,606.86,3691.43007
2026-08-14 15:47:00+00:00,606.86,607.19,606.84,607.15,2553.366969449937790583
2026-08-14 15:48:00+00:00,607.15,607.16,606.94,606.99,893.11058
2026-08-14 15:49:00+00:00,606.99,606.99,606.84,606.84,362.60337
2026-08-14 15:50:00+00:00,606.84,606.86,606.64,606.74,0.35847
2026-08-14 15:51:00+00:00,606.74,606.86,606.74,606.76,0.29616
2026-08-14 15:52:00+00:00,606.76,606.86,606.74,606.82,4.24139402510229726
2026-08-14 15:53:00+00:00,606.82,607.13,606.41,606.94,98.278612912987557869
2026-08-14 15:54:00+00:00,606.94,607.06,606.94,607.05,4.885756043760503509
2026-08-14 15:55:00+00:00,607.05,607.45,606.94,607.44,150.70912
2026-08-14 15:56:00+00:00,607.44,607.44,607.14,607.17,53.44187
2026-08-14 15:57:00+00:00,607.17,607.26,607.01,607.01,0.44694
2026-08-14 15:58:00+00:00,607.01,607.06,606.94,606.96,0.25624
2026-08-14 15:59:00+00:00,606.96,607.16,606.74,606.86,6.356448603110739921
2026-08-14 16:00:00+00:00,606.86,606.96,606.74,606.84,2.74404323863365584
2026-08-14 16:01:00+00:00,606.84,606.96,606.83,606.84,0.2867
2026-08-14 16:02:00+00:00,606.84,607.05,606.74,606.95,0.41488
2026-08-14 16:03:00+00:00,606.95,607.06,606.94,606.94,0.36573
2026-08-14 16:04:00+00:00,606.94,607.16,606.94,607.13,0.37566
2026-08-14 16:05:00+00:00,607.13,607.15,606.84,606.96,53.39538
2026-08-14 16:06:00+00:00,606.96,606.96,606.57,606.61,310.027138082525871728
2026-08-14 16:07:00+00:00,606.61,606.86,606.59,606.74,416.051908082525871728
2026-08-14 16:08:00+00:00,606.74,606.96,606.72,606.74,150.898138082525871728
2026-08-14 16:09:00+00:00,606.74,606.86,606.54,606.65,1.632496220524265102
2026-08-14 16:10:00+00:00,606.65,606.86,606.63,606.84,53.527888082525871728
2026-08-14 16:11:00+00:00,606.84,607.06,606.73,607.06,206.584980455422993297
2026-08-14 16:12:00+00:00,607.06,607.06,606.57,606.77,97.73898
2026-08-14 16:13:00+00:00,606.77,607.13,606.74,607.04,300.96405
2026-08-14 16:14:00+00:00,607.04,607.19,606.96,607.05,134.46174
2026-08-14 16:15:00+00:00,607.05,607.16,606.64,606.74,231.90433
2026-08-14 16:16:00+00:00,606.74,606.8,606.59,606.76,0.52621
2026-08-14 16:17:00+00:00,606.76,607.03,606.64,606.76,0.38744
2026-08-14 16:18:00+00:00,606.76,606.86,606.74,606.86,6.999808619047080599
2026-08-14 16:19:00+00:00,606.86,606.86,606.74,606.84,0.32228
2026-08-14 16:20:00+00:00,606.84,606.86,606.54,606.57,102.188706043760503509
2026-08-14 16:21:00+00:00,606.57,606.61,606.44,606.48,0.53911
2026-08-14 16:22:00+00:00,606.48,606.66,606.44,606.64,0.52292
2026-08-14 16:23:00+00:00,606.64,606.92,606.63,606.9,97.70836
2026-08-14 16:24:00+00:00,606.9,607.07,606.84,606.99,134.4068
2026-08-14 16:25:00+00:00,606.99,607.08,606.94,607.04,53.785336725859058412
2026-08-14 16:26:00+00:00,607.04,607.16,606.77,607.04,97.58378
2026-08-14 16:27:00+00:00,607.04,607.16,606.84,607.07,194.69569
2026-08-14 16:28:00+00:00,607.07,607.16,606.77,606.78,97.61288
2026-08-14 16:29:00+00:00,606.78,606.87,606.09,606.77,0.44568
2026-08-14 16:30:00+00:00,606.77,606.85,606.74,606.85,0.37927
2026-08-14 16:31:00+00:00,606.85,606.85,606.74,606.76,0.43678
2026-08-14 16:32:00+00:00,606.76,606.85,606.74,606.74,0.37353
2026-08-14 16:33:00+00:00,606.74,607.31,606.74,606.86,0.73676
2026-08-14 16:34:00+00:00,606.86,607.31,606.84,606.95,0.47914
2026-08-14 16:35:00+00:00,606.95,607.16,606.87,607.16,104.350432130323749897
2026-08-14 16:36:00+00:00,607.16,607.34,607.14,607.34,54.384592307717640084
2026-08-14 16:37:00+00:00,607.34,607.36,607.14,607.26,559.03173
2026-08-14 16:38:00+00:00,607.26,607.26,607.14,607.14,0.40314
2026-08-14 16:39:00+00:00,607.14,607.26,607.14,607.14,0.34469
2026-08-14 16:40:00+00:00,607.14,607.26,607.14,607.18,0.38136
2026-08-14 16:41:00+00:00,607.18,607.43,607.18,607.34,99.040246691748258839
2026-08-14 16:42:00+00:00,607.34,607.36,607.14,607.17,53.44783
2026-08-14 16:43:00+00:00,607.17,607.17,607.14,607.17,0.26598
2026-08-14 16:44:00+00:00,607.17,607.17,607.15,607.16,0.19955
2026-08-14 16:45:00+00:00,607.16,607.16,606.97,606.97,1370.02559
2026-08-14 16:46:00+00:00,606.97,607.16,606.77,606.78,2293.982317709747577934
2026-08-14 16:47:00+00:00,606.78,607.16,606.66,606.71,121.09224
2026-08-14 16:48:00+00:00,606.71,607.03,606.7,606.99,739.813556725859058412
2026-08-14 16:49:00+00:00,606.99,607.06,606.99,607.05,0.38595
2026-08-14 16:50:00+00:00,607.05,607.06,606.84,606.84,611.404565766519618361
2026-08-14 16:51:00+00:00,606.84,606.89,606.84,606.85,0.31549
2026-08-14 16:52:00+00:00,606.85,607.06,606.68,607.04,106.731862311952007383
2026-08-14 16:53:00+00:00,607.04,607.06,606.94,606.94,0.29412
2026-08-14 16:54:00+00:00,606.94,607.16,606.94,606.96,0.36104
2026-08-14 16:55:00+00:00,606.96,607.16,606.96,607.06,0.28441
2026-08-14 16:56:00+00:00,607.06,607.06,607.02,607.06,0.38437
2026-08-14 16:57:00+00:00,607.06,607.26,607.02,607.14,247.49625
2026-08-14 16:58:00+00:00,607.14,607.43,607.04,607.43,1303.11619
2026-08-14 16:59:00+00:00,607.43,607.53,607.24,607.24,8.192844438041389981
2026-08-14 17:00:00+00:00,607.24,607.32,607.06,607.12,468.80277
2026-08-14 17:01:00+00:00,607.12,607.26,607.11,607.26,0.33293
2026-08-14 17:02:00+00:00,607.26,607.26,607.04,607.07,53.42932
2026-08-14 17:03:00+00:00,607.07,607.08,607.07,607.07,0.23401
2026-08-14 17:04:00+00:00,607.07,607.08,607.02,607.02,0.25076
2026-08-14 17:05:00+00:00,607.02,607.06,606.84,606.87,53.44746
2026-08-14 17:06:00+00:00,606.87,606.89,606.84,606.86,0.28098
2026-08-14 17:07:00+00:00,606.86,606.86,606.64,606.65,0.45299
2026-08-14 17:08:00+00:00,606.65,606.76,606.64,606.64,0.30392
2026-08-14 17:09:00+00:00,606.64,606.76,606.64,606.65,0.34032
2026-08-14 17:10:00+00:00,606.65,606.96,606.65,606.86,0.36525
2026-08-14 17:11:00+00:00,606.86,606.86,606.64,606.64,0.30923
2026-08-14 17:12:00+00:00,606.64,606.76,606.63,606.66,0.29207
2026-08-14 17:13:00+00:00,606.66,606.86,606.64,606.86,0.3051
2026-08-14 17:14:00+00:00,606.86,607.06,606.76,607.06,106.33486
2026-08-14 17:15:00+00:00,607.06,607.16,607.03,607.04,0.879816746061115524
2026-08-14 17:16:00+00:00,607.04,607.16,607.04,607.15,0.36635
2026-08-14 17:17:00+00:00,607.15,607.41,607.15,607.24,193.87807
2026-08-14 17:18:00+00:00,607.24,607.36,607.17,607.36,0.32209
2026-08-14 17:19:00+00:00,607.36,607.36,607.24,607.29,0.29018
2026-08-14 17:20:00+00:00,607.29,607.36,607.24,607.26,0.34297
2026-08-14 17:21:00+00:00,607.26,607.32,607.03,607.25,0.24835
2026-08-14 17:22:00+00:00,607.25,607.53,607.24,607.53,0.43163
2026-08-14 17:23:00+00:00,607.53,608.22,607.34,607.56,4.597062552779581165
2026-08-14 17:24:00+00:00,607.56,607.83,607.44,607.48,1.409926220524265102
2026-08-14 17:25:00+00:00,607.48,607.56,607.46,607.55,0.27945
2026-08-14 17:26:00+00:00,607.55,607.56,606.81,607.36,0.33674
2026-08-14 17:27:00+00:00,607.36,607.36,607.27,607.29,0.33
2026-08-14 17:28:00+00:00,607.29,607.55,607.24,607.55,150.11824
2026-08-14 17:29:00+00:00,607.55,607.55,607.21,607.53,0.39643
2026-08-14 17:30:00+00:00,607.53,608.4,607.21,607.35,54.95307983793075223
2026-08-14 17:31:00+00:00,607.35,607.46,607.21,607.44,0.56864
2026-08-14 17:32:00+00:00,607.44,607.56,607.36,607.56,66.567983979892536231
2026-08-14 17:33:00+00:00,607.56,607.56,607.44,607.44,0.35497
2026-08-14 17:34:00+00:00,607.44,607.56,607.44,607.54,0.30164
2026-08-14 17:35:00+00:00,607.54,607.56,607.44,607.48,0.24366
2026-08-14 17:36:00+00:00,607.48,607.5,607.24,607.25,103.668566379544347227
2026-08-14 17:37:00+00:00,607.25,607.36,607.21,607.21,0.31273
2026-08-14 17:38:00+00:00,607.21,607.34,607.21,607.26,0.3244
2026-08-14 17:39:00+00:00,607.26,607.36,607.24,607.34,1.137923257625775782
2026-08-14 17:40:00+00:00,607.34,607.46,607.21,607.46,0.40733
2026-08-14 17:41:00+00:00,607.46,607.73,607.23,607.73,53.37307
2026-08-14 17:42:00+00:00,607.73,607.93,607.52,607.57,397.92842
2026-08-14 17:43:00+00:00,607.57,607.62,607.04,607.14,194.93063203005274437
2026-08-14 17:44:00+00:00,607.14,607.14,606.67,606.81,526.22917
2026-08-14 17:45:00+00:00,606.81,606.86,606.81,606.86,0.3154
2026-08-14 17:46:00+00:00,606.86,606.96,606.74,606.93,0.35376
2026-08-14 17:47:00+00:00,606.93,607.06,606.84,606.94,0.39127
2026-08-14 17:48:00+00:00,606.94,607.06,606.94,606.94,0.37458
2026-08-14 17:49:00+00:00,606.94,607.16,606.94,607,0.41189
2026-08-14 17:50:00+00:00,607,607.16,606.64,606.94,495.57334
2026-08-14 17:51:00+00:00,606.94,607.04,606.74,606.74,106.45011
2026-08-14 17:52:00+00:00,606.74,606.76,606.64,606.76,0.36876
2026-08-14 17:53:00+00:00,606.76,606.76,606.46,606.65,97.62678
2026-08-14 17:54:00+00:00,606.65,606.66,606.46,606.54,0.41153
2026-08-14 17:55:00+00:00,606.54,606.66,606.14,606.14,765.88994
2026-08-14 17:56:00+00:00,606.14,606.36,605.94,606.16,413.289
2026-08-14 17:57:00+00:00,606.16,606.3,605.87,606.29,608.07925
2026-08-14 17:58:00+00:00,606.29,606.3,606.29,606.29,0.392936690384425338
2026-08-14 17:59:00+00:00,606.29,606.32,606.29,606.29,1.289809104942168358
2026-08-14 18:00:00+00:00,606.29,606.46,606.29,606.39,442.52715
2026-08-14 18:01:00+00:00,606.39,606.46,606.04,606.04,0.34145
2026-08-14 18:02:00+00:00,606.04,606.16,606.03,606.1,0.55692
2026-08-14 18:03:00+00:00,606.1,606.16,606.04,606.04,6.499744718075186979
2026-08-14 18:04:00+00:00,606.04,606.36,606.04,606.36,95.004151109304501066
2026-08-14 18:05:00+00:00,606.36,606.46,606.24,606.29,0.30514
2026-08-14 18:06:00+00:00,606.29,606.36,606.14,606.16,0.41585
2026-08-14 18:07:00+00:00,606.16,606.16,606.04,606.16,0.30809
2026-08-14 18:08:00+00:00,606.16,606.26,606.04,606.14,0.37258
2026-08-14 18:09:00+00:00,606.14,606.14,605.74,605.85,55.276583572977883376
2026-08-14 18:10:00+00:00,605.85,606.26,605.1,606.16,108.237779148485677131
2026-08-14 18:11:00+00:00,606.16,606.36,606.04,606.26,0.48747
2026-08-14 18:12:00+00:00,606.26,606.26,606.2,606.25,0.09183
2026-08-14 18:13:00+00:00,606.25,606.25,606,606.14,53.45032
2026-08-14 18:14:00+00:00,606.14,606.42,606.14,606.16,248.26451
2026-08-14 18:15:00+00:00,606.16,606.33,606.14,606.24,2088.92362
2026-08-14 18:16:00+00:00,606.24,606.49,606.14,606.48,103.275225736566322847
2026-08-14 18:17:00+00:00,606.48,606.72,606.48,606.67,346.72449
2026-08-14 18:18:00+00:00,606.67,606.96,606.67,606.95,511.43053
2026-08-14 18:19:00+00:00,606.95,607.29,606.84,607.24,1942.01841
2026-08-14 18:20:00+00:00,607.24,607.29,606.92,607.04,1352.83381
2026-08-14 18:21:00+00:00,607.04,607.04,606.94,606.94,0.50941
2026-08-14 18:22:00+00:00,606.94,606.96,606.84,606.84,0.33202
2026-08-14 18:23:00+00:00,606.84,606.96,606.84,606.84,0.553546229697229268
2026-08-14 18:24:00+00:00,606.84,606.96,606.57,606.66,100.83344073698533554
2026-08-14 18:25:00+00:00,606.66,606.86,606.66,606.81,203.55783
2026-08-14 18:26:00+00:00,606.81,606.96,606.81,606.96,6.630316109414011662
2026-08-14 18:27:00+00:00,606.96,606.96,606.74,606.86,53.45383
2026-08-14 18:28:00+00:00,606.86,606.86,606.64,606.67,53.29626
2026-08-14 18:29:00+00:00,606.67,606.69,606.5,606.5,194.8334
2026-08-14 18:30:00+00:00,606.5,606.51,606.12,606.45,221.78728
2026-08-14 18:31:00+00:00,606.45,606.54,606.34,606.34,53.65645941021242908
2026-08-14 18:32:00+00:00,606.34,606.46,606.15,606.21,106.43626
2026-08-14 18:33:00+00:00,606.21,606.36,606.07,606.32,0.39046
2026-08-14 18:34:00+00:00,606.32,606.34,606.14,606.22,534.88991
2026-08-14 18:35:00+00:00,606.22,606.36,606.22,606.32,1.031516782240078244
2026-08-14 18:36:00+00:00,606.32,606.46,606.24,606.45,0.3433
2026-08-14 18:37:00+00:00,606.45,606.46,606.26,606.26,1.389373990538037773
2026-08-14 18:38:00+00:00,606.26,606.66,606.15,606.66,53.51809
2026-08-14 18:39:00+00:00,606.66,606.86,606.65,606.79,362.76866
2026-08-14 18:40:00+00:00,606.79,606.96,606.74,606.87,134.5323
2026-08-14 18:41:00+00:00,606.87,606.97,606.84,606.96,1.604020880805640813
2026-08-14 18:42:00+00:00,606.96,606.96,606.65,606.86,97.59607
2026-08-14 18:43:00+00:00,606.86,606.86,606.64,606.65,97.59005
2026-08-14 18:44:00+00:00,606.65,606.65,606.54,606.56,0.27618
2026-08-14 18:45:00+00:00,606.56,606.93,606.54,606.77,97.49619
2026-08-14 18:46:00+00:00,606.77,606.78,606.65,606.66,0.28295
2026-08-14 18:47:00+00:00,606.66,606.75,606.45,606.45,53.43193
2026-08-14 18:48:00+00:00,606.45,606.63,606.21,606.22,143.49433
2026-08-14 18:49:00+00:00,606.22,606.23,606.14,606.21,0.31505
2026-08-14 18:50:00+00:00,606.21,606.36,606.14,606.28,0.36205
2026-08-14 18:51:00+00:00,606.28,606.36,606.24,606.31,0.31114
2026-08-14 18:52:00+00:00,606.31,606.46,606.24,606.37,53.19947
2026-08-14 18:53:00+00:00,606.37,606.46,606.37,606.45,0.48053
2026-08-14 18:54:00+00:00,606.45,606.66,606.44,606.55,0.32903
2026-08-14 18:55:00+00:00,606.55,606.56,606.44,606.53,0.28064
2026-08-14 18:56:00+00:00,606.53,606.56,606.44,606.44,0.3313
2026-08-14 18:57:00+00:00,606.44,606.56,606.44,606.49,0.32031
2026-08-14 18:58:00+00:00,606.49,606.56,606.45,606.46,0.27644
2026-08-14 18:59:00+00:00,606.46,606.56,606.46,606.56,0.30569
2026-08-14 19:00:00+00:00,606.56,606.56,606.04,606.04,150.60774
2026-08-14 19:01:00+00:00,606.04,606.36,606.04,606.3,790.87105
2026-08-14 19:02:00+00:00,606.3,606.36,606.24,606.24,0.35513
2026-08-14 19:03:00+00:00,606.24,606.36,606.24,606.36,0.3545
2026-08-14 19:04:00+00:00,606.36,606.36,606.12,606.26,0.33285
2026-08-14 19:05:00+00:00,606.26,606.26,606.14,606.22,0.28944
2026-08-14 19:06:00+00:00,606.22,606.36,606.05,606.05,0.32144
2026-08-14 19:07:00+00:00,606.05,606.26,606.04,606.04,0.28599
2026-08-14 19:08:00+00:00,606.04,606.26,606.04,606.26,0.480688387831194113
2026-08-14 19:09:00+00:00,606.26,606.46,606.22,606.46,0.36341
2026-08-14 19:10:00+00:00,606.46,606.73,606.34,606.35,259.507708717680264556
2026-08-14 19:11:00+00:00,606.35,606.49,606.24,606.3,0.914220926529973666
2026-08-14 19:12:00+00:00,606.3,606.36,606.24,606.25,0.28967
2026-08-14 19:13:00+00:00,606.25,606.46,606.17,606.26,658.28101
2026-08-14 19:14:00+00:00,606.26,606.46,606.24,606.26,0.34348
2026-08-14 19:15:00+00:00,606.26,606.46,606.24,606.37,0.34681
2026-08-14 19:16:00+00:00,606.37,606.38,606.17,606.24,0.42797
2026-08-14 19:17:00+00:00,606.24,606.46,606.24,606.46,53.34031
2026-08-14 19:18:00+00:00,606.46,606.55,606.24,606.44,628.62105
2026-08-14 19:19:00+00:00,606.44,606.56,606.44,606.44,0.33792
2026-08-14 19:20:00+00:00,606.44,606.54,606.24,606.4,53.38392
2026-08-14 19:21:00+00:00,606.4,606.56,606.4,606.56,0.39375
2026-08-14 19:22:00+00:00,606.56,606.76,606.55,606.76,53.34265
2026-08-14 19:23:00+00:00,606.76,606.76,606.5,606.5,97.88296
2026-08-14 19:24:00+00:00,606.5,606.51,606.24,606.3,134.52088
2026-08-14 19:25:00+00:00,606.3,606.36,606.24,606.31,0.30688
2026-08-14 19:26:00+00:00,606.31,606.31,606.14,606.2,0.34742
2026-08-14 19:27:00+00:00,606.2,606.35,606.14,606.27,0.27993
2026-08-14 19:28:00+00:00,606.27,606.36,606.26,606.36,0.22564
2026-08-14 19:29:00+00:00,606.36,606.46,606.17,606.17,53.50253
2026-08-14 19:30:00+00:00,606.17,606.18,605.91,605.97,0.34474
2026-08-14 19:31:00+00:00,605.97,606.09,605.74,605.85,0.46724
2026-08-14 19:32:00+00:00,605.85,605.96,605.74,605.9,106.808611531287654952
2026-08-14 19:33:00+00:00,605.9,605.96,605.76,605.76,0.48005
2026-08-14 19:34:00+00:00,605.76,605.86,605.5,605.56,97.74565
2026-08-14 19:35:00+00:00,605.56,605.63,605.44,605.5,53.62495
2026-08-14 19:36:00+00:00,605.5,605.68,605.44,605.54,195.28361
2026-08-14 19:37:00+00:00,605.54,605.66,605.48,605.64,0.864202640986742299
2026-08-14 19:38:00+00:00,605.64,605.76,605.64,605.76,0.30064
2026-08-14 19:39:00+00:00,605.76,605.86,605.54,605.74,0.717781721007016095
2026-08-14 19:40:00+00:00,605.74,605.86,605.74,605.8,0.22664
2026-08-14 19:41:00+00:00,605.8,605.96,605.72,605.93,54.377693165417753276
2026-08-14 19:42:00+00:00,605.93,606.05,605.84,606.01,53.36321
2026-08-14 19:43:00+00:00,606.01,606.33,606.01,606.31,97.8717
2026-08-14 19:44:00+00:00,606.31,606.56,606.24,606.53,134.43678
2026-08-14 19:45:00+00:00,606.53,606.66,606.51,606.54,53.48366
2026-08-14 19:46:00+00:00,606.54,606.67,606.34,606.37,53.43092
2026-08-14 19:47:00+00:00,606.37,606.46,606.24,606.46,0.34357
2026-08-14 19:48:00+00:00,606.46,606.66,606.35,606.58,97.66768
2026-08-14 19:49:00+00:00,606.58,606.76,606.54,606.76,0.31838
2026-08-14 19:50:00+00:00,606.76,606.76,606.59,606.6,0.31962
2026-08-14 19:51:00+00:00,606.6,606.86,606.57,606.67,97.57044
2026-08-14 19:52:00+00:00,606.67,606.86,606.67,606.76,0.39035
2026-08-14 19:53:00+00:00,606.76,607.03,606.64,606.72,0.685681742699675885
2026-08-14 19:54:00+00:00,606.72,606.87,606.65,606.86,104.941376223652383296
2026-08-14 19:55:00+00:00,606.86,606.87,606.86,606.86,0.2531
2026-08-14 19:56:00+00:00,606.86,606.94,606.84,606.94,0.387040269806341403
2026-08-14 19:57:00+00:00,606.94,606.96,606.74,606.78,0.33592
2026-08-14 19:58:00+00:00,606.78,606.95,606.78,606.95,0.24286
2026-08-14 19:59:00+00:00,606.95,606.95,606.77,606.77,0.24728
2026-08-14 20:00:00+00:00,606.77,606.78,606.64,606.76,0.31372
2026-08-14 20:01:00+00:00,606.76,606.96,606.54,606.55,1.430980110905730129
2026-08-14 20:02:00+00:00,606.55,607.06,606.55,607.05,97.742652914038179069
2026-08-14 20:03:00+00:00,607.05,607.06,606.78,606.86,192.582560110905730129
2026-08-14 20:04:00+00:00,606.86,607.06,606.84,607.02,468.9357
2026-08-14 20:05:00+00:00,607.02,607.26,607.02,607.23,424.65169
2026-08-14 20:06:00+00:00,607.23,607.25,607.14,607.15,0.48887
2026-08-14 20:07:00+00:00,607.15,607.26,607.05,607.26,0.4041
2026-08-14 20:08:00+00:00,607.26,607.26,607.14,607.23,0.31484
2026-08-14 20:09:00+00:00,607.23,607.36,607.16,607.29,53.38064
2026-08-14 20:10:00+00:00,607.29,607.46,607.29,607.46,0.43716
2026-08-14 20:11:00+00:00,607.46,607.46,607.34,607.36,0.413595187672856578
2026-08-14 20:12:00+00:00,607.36,607.36,607.24,607.36,0.33065
2026-08-14 20:13:00+00:00,607.36,607.36,607.22,607.22,0.37866
2026-08-14 20:14:00+00:00,607.22,607.35,607.16,607.35,0.28588
2026-08-14 20:15:00+00:00,607.35,607.36,607.15,607.24,0.35573
2026-08-14 20:16:00+00:00,607.24,607.24,607.14,607.17,0.23446
2026-08-14 20:17:00+00:00,607.17,607.17,607.04,607.04,0.25805
2026-08-14 20:18:00+00:00,607.04,607.18,607.04,607.05,0.40247
2026-08-14 20:19:00+00:00,607.05,607.22,607.02,607.15,0.36114
2026-08-14 20:20:00+00:00,607.15,607.16,607.04,607.04,0.32576
2026-08-14 20:21:00+00:00,607.04,607.16,606.54,607.02,0.36878
2026-08-14 20:22:00+00:00,607.02,607.04,606.94,607.02,0.25227
2026-08-14 20:23:00+00:00,607.02,607.04,606.94,606.96,0.26483
2026-08-14 20:24:00+00:00,606.96,607.04,606.94,606.94,0.23054
2026-08-14 20:25:00+00:00,606.94,606.96,606.84,606.86,1.584682801540600683
2026-08-14 20:26:00+00:00,606.86,606.96,606.86,606.95,0.2918
2026-08-14 20:27:00+00:00,606.95,607.14,606.84,607.11,97.30119
2026-08-14 20:28:00+00:00,607.11,607.16,607.04,607.05,0.24423
2026-08-14 20:29:00+00:00,607.05,607.16,607.05,607.14,0.21945
2026-08-14 20:30:00+00:00,607.14,607.28,607.14,607.26,0.29613
2026-08-14 20:31:00+00:00,607.26,607.27,607.15,607.15,0.36032
2026-08-14 20:32:00+00:00,607.15,607.27,607.13,607.14,106.33669
2026-08-14 20:33:00+00:00,607.14,607.2,606.94,606.98,53.36023
2026-08-14 20:34:00+00:00,606.98,607.11,606.97,607.1,0.32184
2026-08-14 20:35:00+00:00,607.1,607.26,607.04,607.16,0.41782
2026-08-14 20:36:00+00:00,607.16,607.16,607.04,607.16,0.31316
2026-08-14 20:37:00+00:00,607.16,607.16,606.97,607.16,53.47792
2026-08-14 20:38:00+00:00,607.16,607.43,607.04,607.16,0.25438
2026-08-14 20:39:00+00:00,607.16,607.26,607.14,607.14,0.05306
2026-08-14 20:40:00+00:00,607.14,607.14,607.09,607.13,0.1639
2026-08-14 20:41:00+00:00,607.13,607.13,607.11,607.13,0.03687
2026-08-14 20:42:00+00:00,607.13,607.26,607.09,607.26,53.26025
2026-08-14 20:43:00+00:00,607.26,607.26,606.86,606.86,203.63923
2026-08-14 20:44:00+00:00,606.86,607.06,606.85,607.06,460.06928
2026-08-14 20:45:00+00:00,607.06,607.06,606.94,606.94,0.26497
2026-08-14 20:46:00+00:00,606.94,607.06,606.84,606.89,0.36712
2026-08-14 20:47:00+00:00,606.89,606.96,606.84,606.85,1.544871861868688115
2026-08-14 20:48:00+00:00,606.85,606.96,606.69,606.7,415.119159587370641356
2026-08-14 20:49:00+00:00,606.7,606.76,606.64,606.75,0.38902
2026-08-14 20:50:00+00:00,606.75,606.76,606.64,606.67,0.31502
2026-08-14 20:51:00+00:00,606.67,606.76,606.64,606.68,0.3753
2026-08-14 20:52:00+00:00,606.68,606.86,606.64,606.77,0.40317
2026-08-14 20:53:00+00:00,606.77,607.13,606.74,607.13,0.28501
2026-08-14 20:54:00+00:00,607.13,607.13,606.76,606.86,0.2242
2026-08-14 20:55:00+00:00,606.86,607.13,606.77,606.86,0.15313
2026-08-14 20:56:00+00:00,606.86,606.86,606.64,606.85,0.36172
2026-08-14 20:57:00+00:00,606.85,606.96,606.74,606.95,0.35232
2026-08-14 20:58:00+00:00,606.95,607.16,606.84,607.15,97.74265
2026-08-14 20:59:00+00:00,607.15,607.16,607.04,607.04,0.35652
2026-08-14 21:00:00+00:00,607.04,607.26,607.04,607.14,0.39125
2026-08-14 21:01:00+00:00,607.14,607.26,607.06,607.1,0.49693
2026-08-14 21:02:00+00:00,607.1,607.16,606.86,606.89,53.33729
2026-08-14 21:03:00+00:00,606.89,606.89,606.88,606.89,0.1674
2026-08-14 21:04:00+00:00,606.89,607.16,606.85,607.16,97.63096
2026-08-14 21:05:00+00:00,607.16,607.36,606.95,606.95,0.39529
2026-08-14 21:06:00+00:00,606.95,607.04,606.67,606.96,0.21248
2026-08-14 21:07:00+00:00,606.96,607.16,606.96,607.06,0.28761
2026-08-14 21:08:00+00:00,607.06,607.13,606.97,607.13,0.20195
2026-08-14 21:09:00+00:00,607.13,607.14,606.94,606.95,0.3888
2026-08-14 21:10:00+00:00,606.95,607.06,606.94,607.05,0.21943
2026-08-14 21:11:00+00:00,607.05,607.06,606.95,607.05,0.22737
2026-08-14 21:12:00+00:00,607.05,607.16,606.97,606.97,0.21466
2026-08-14 21:13:00+00:00,606.97,607.23,606.84,607.23,150.44748
2026-08-14 21:14:00+00:00,607.23,607.26,606.86,606.86,0.38468
2026-08-14 21:15:00+00:00,606.86,607.08,606.77,607.04,0.42663
2026-08-14 21:16:00+00:00,607.04,607.16,607.04,607.15,0.41791
2026-08-14 21:17:00+00:00,607.15,607.36,607.11,607.29,97.40644
2026-08-14 21:18:00+00:00,607.29,607.36,607.24,607.28,0.45278
2026-08-14 21:19:00+00:00,607.28,607.36,607.14,607.19,53.51675
2026-08-14 21:20:00+00:00,607.19,607.26,607.14,607.26,0.30892
2026-08-14 21:21:00+00:00,607.26,607.36,607.15,607.19,0.38111
2026-08-14 21:22:00+00:00,607.19,607.36,607.19,607.34,0.3372
2026-08-14 21:23:00+00:00,607.34,607.34,607.24,607.32,0.30351
2026-08-14 21:24:00+00:00,607.32,607.36,607.27,607.29,0.20687
2026-08-14 21:25:00+00:00,607.29,607.46,607.29,607.44,0.42117
2026-08-14 21:26:00+00:00,607.44,607.44,607.37,607.4,0.18358
2026-08-14 21:27:00+00:00,607.4,607.46,607.39,607.45,0.29937
2026-08-14 21:28:00+00:00,607.45,607.46,607.14,607.14,97.832985797006517538
2026-08-14 21:29:00+00:00,607.14,607.16,606.87,607.09,423.80708
2026-08-14 21:30:00+00:00,607.09,607.66,607.09,607.37,1.360530412629358644
2026-08-14 21:31:00+00:00,607.37,607.46,607.37,607.42,0.27265
2026-08-14 21:32:00+00:00,607.42,607.46,607.37,607.37,0.3491
2026-08-14 21:33:00+00:00,607.37,607.46,607.25,607.25,0.37751
2026-08-14 21:34:00+00:00,607.25,607.36,606.4,607.2,1.118317299880791564
2026-08-14 21:35:00+00:00,607.2,607.26,607.14,607.14,0.35747
2026-08-14 21:36:00+00:00,607.14,607.26,607.13,607.13,0.33465
2026-08-14 21:37:00+00:00,607.13,607.14,607.04,607.13,0.20212
2026-08-14 21:38:00+00:00,607.13,607.26,607.13,607.14,0.29335
2026-08-14 21:39:00+00:00,607.14,607.24,607.14,607.16,0.23712
2026-08-14 21:40:00+00:00,607.16,607.43,607.16,607.35,0.39238
2026-08-14 21:41:00+00:00,607.35,607.43,607.24,607.34,0.45152
2026-08-14 21:42:00+00:00,607.34,607.56,607.13,607.13,0.23067
2026-08-14 21:43:00+00:00,607.13,607.14,606.77,606.91,256.88605
2026-08-14 21:44:00+00:00,606.91,606.92,606.84,606.88,0.22441
2026-08-14 21:45:00+00:00,606.88,607.36,606.88,607.25,256.60857
2026-08-14 21:46:00+00:00,607.25,607.36,607.14,607.15,53.41161
2026-08-14 21:47:00+00:00,607.15,607.2,607.14,607.2,0.26749
2026-08-14 21:48:00+00:00,607.2,607.23,607.17,607.2,0.50082
2026-08-14 21:49:00+00:00,607.2,607.24,607.2,607.24,0.20947
2026-08-14 21:50:00+00:00,607.24,607.24,607.21,607.22,0.33989
2026-08-14 21:51:00+00:00,607.22,607.24,607.19,607.21,0.42765
2026-08-14 21:52:00+00:00,607.21,607.21,606.87,606.88,5277.47902
2026-08-14 21:53:00+00:00,606.88,606.96,606.84,606.84,0.36279
2026-08-14 21:54:00+00:00,606.84,606.96,606.84,606.85,0.30388
2026-08-14 21:55:00+00:00,606.85,606.86,606.73,606.75,0.38965
2026-08-14 21:56:00+00:00,606.75,606.96,606.57,606.95,0.3198
2026-08-14 21:57:00+00:00,606.95,607.21,606.84,606.96,0.35433
2026-08-14 21:58:00+00:00,606.96,607.36,606.94,607.33,187.42156
2026-08-14 21:59:00+00:00,607.33,607.33,607.24,607.26,0.386
2026-08-14 22:00:00+00:00,607.26,607.45,607.14,607.43,106.38645
2026-08-14 22:01:00+00:00,607.43,607.53,607.34,607.53,0.32048
2026-08-14 22:02:00+00:00,607.53,607.53,607.44,607.47,0.36516
2026-08-14 22:03:00+00:00,607.47,607.53,607.47,607.5,0.21831
2026-08-14 22:04:00+00:00,607.5,607.53,607.5,607.5,0.207
2026-08-14 22:05:00+00:00,607.5,607.53,607.47,607.53,0.19134
2026-08-14 22:06:00+00:00,607.53,607.53,607.47,607.53,0.31517
2026-08-14 22:07:00+00:00,607.53,607.53,607.05,607.09,53.60944
2026-08-14 22:08:00+00:00,607.09,607.25,607.04,607.25,150.73322
2026-08-14 22:09:00+00:00,607.25,607.26,607.14,607.14,0.30871
2026-08-14 22:10:00+00:00,607.14,607.26,607.14,607.26,0.14703
2026-08-14 22:11:00+00:00,607.26,607.26,606.84,607.06,247.88632
2026-08-14 22:12:00+00:00,607.06,607.13,607.01,607.13,0.32938
2026-08-14 22:13:00+00:00,607.13,607.36,607.11,607.36,97.62337
2026-08-14 22:14:00+00:00,607.36,607.36,607.24,607.24,0.42276
2026-08-14 22:15:00+00:00,607.24,607.32,607.04,607.04,0.28239
2026-08-14 22:16:00+00:00,607.04,607.15,606.67,606.95,53.51941
2026-08-14 22:17:00+00:00,606.95,607.06,606.94,606.94,0.718981058235835414
2026-08-14 22:18:00+00:00,606.94,607.26,606.94,607.22,97.130158941764164586
2026-08-14 22:19:00+00:00,607.22,607.46,607.22,607.41,143.15239
2026-08-14 22:20:00+00:00,607.41,607.46,607.39,607.46,0.33861
2026-08-14 22:21:00+00:00,607.46,607.46,607.39,607.42,0.31108
2026-08-14 22:22:00+00:00,607.42,607.42,607.34,607.35,0.22856
2026-08-14 22:23:00+00:00,607.35,607.53,607.34,607.53,0.52913
2026-08-14 22:24:00+00:00,607.53,607.53,607.14,607.14,419.50643
2026-08-14 22:25:00+00:00,607.14,607.35,607.14,607.14,0.33827
2026-08-14 22:26:00+00:00,607.14,607.26,607.14,607.14,0.31173
2026-08-14 22:27:00+00:00,607.14,607.25,607.04,607.04,0.30058
2026-08-14 22:28:00+00:00,607.04,607.21,607.04,607.06,0.34393
2026-08-14 22:29:00+00:00,607.06,607.16,607.04,607.04,0.435
2026-08-14 22:30:00+00:00,607.04,607.27,607,607.25,0.46308
2026-08-14 22:31:00+00:00,607.25,607.25,606.83,606.86,0.17353
2026-08-14 22:32:00+00:00,606.86,607.46,606.85,607.14,150.71071
2026-08-14 22:33:00+00:00,607.14,607.34,606.98,607.11,570.18539
2026-08-14 22:34:00+00:00,607.11,607.14,607.09,607.13,0.27667
2026-08-14 22:35:00+00:00,607.13,607.14,607.09,607.14,0.29889
2026-08-14 22:36:00+00:00,607.14,607.14,607.12,607.14,0.34273
2026-08-14 22:37:00+00:00,607.14,607.24,607.11,607.15,0.40403
2026-08-14 22:38:00+00:00,607.15,607.26,607.14,607.14,0.35159
2026-08-14 22:39:00+00:00,607.14,607.26,607.14,607.26,0.33665
2026-08-14 22:40:00+00:00,607.26,607.26,607.14,607.17,0.35569
2026-08-14 22:41:00+00:00,607.17,607.26,607.04,607.04,0.47208
2026-08-14 22:42:00+00:00,607.04,607.24,607.04,607.04,0.30242
2026-08-14 22:43:00+00:00,607.04,607.26,606.94,607.03,0.43449
2026-08-14 22:44:00+00:00,607.03,607.03,606.42,606.76,53.3978
2026-08-14 22:45:00+00:00,606.76,607.07,606.56,606.94,106.30003
2026-08-14 22:46:00+00:00,606.94,607.16,606.89,607.06,106.577791058235835414
2026-08-14 22:47:00+00:00,607.06,607.07,607.06,607.07,53.218
2026-08-14 22:48:00+00:00,607.07,607.16,607.04,607.16,0.2219
2026-08-14 22:49:00+00:00,607.16,607.16,607.04,607.16,0.39401
2026-08-14 22:50:00+00:00,607.16,607.16,607.04,607.15,0.22815
2026-08-14 22:51:00+00:00,607.15,607.16,606.84,606.92,53.33674
2026-08-14 22:52:00+00:00,606.92,606.96,606.84,606.96,0.3684
2026-08-14 22:53:00+00:00,606.96,606.96,606.84,606.89,0.2786
2026-08-14 22:54:00+00:00,606.89,606.92,606.84,606.9,0.24189
2026-08-14 22:55:00+00:00,606.9,606.93,606.88,606.93,0.20425
2026-08-14 22:56:00+00:00,606.93,607.06,606.87,606.96,0.30458
2026-08-14 22:57:00+00:00,606.96,607.05,606.87,607.04,0.31311
2026-08-14 22:58:00+00:00,607.04,607.14,606.96,607.14,0.23607
2026-08-14 22:59:00+00:00,607.14,607.14,607.04,607.13,0.18354
2026-08-14 23:00:00+00:00,607.13,607.16,607.04,607.09,0.25264
2026-08-14 23:01:00+00:00,607.09,607.26,607.09,607.14,0.15993
2026-08-14 23:02:00+00:00,607.14,607.14,607.1,607.1,0.42075
2026-08-14 23:03:00+00:00,607.1,607.12,607.09,607.1,0.43583
2026-08-14 23:04:00+00:00,607.1,607.24,607.08,607.24,53.36683
2026-08-14 23:05:00+00:00,607.24,607.42,607.04,607.06,53.24641
2026-08-14 23:06:00+00:00,607.06,607.16,607.04,607.16,0.30213
2026-08-14 23:07:00+00:00,607.16,607.16,607.06,607.14,0.18419
2026-08-14 23:08:00+00:00,607.14,607.14,607.04,607.04,0.13063
2026-08-14 23:09:00+00:00,607.04,607.09,607.04,607.04,0.53249
2026-08-14 23:10:00+00:00,607.04,607.07,607.04,607.04,0.34664
2026-08-14 23:11:00+00:00,607.04,607.06,606.94,606.99,97.10515
2026-08-14 23:12:00+00:00,606.99,607.09,606.87,607.04,97.45711
2026-08-14 23:13:00+00:00,607.04,607.43,607.04,607.36,97.55823
2026-08-14 23:14:00+00:00,607.36,607.36,607.28,607.28,0.39509
2026-08-14 23:15:00+00:00,607.28,607.3,607.14,607.14,0.49076
2026-08-14 23:16:00+00:00,607.14,607.26,607.14,607.26,0.42115
2026-08-14 23:17:00+00:00,607.26,607.36,607.26,607.3,0.31614
2026-08-14 23:18:00+00:00,607.3,607.36,607.26,607.36,0.20015
2026-08-14 23:19:00+00:00,607.36,607.44,607.28,607.36,0.26278
2026-08-14 23:20:00+00:00,607.36,607.46,607.29,607.31,0.26183
2026-08-14 23:21:00+00:00,607.31,607.36,607.26,607.34,0.25929
2026-08-14 23:22:00+00:00,607.34,607.34,607.14,607.14,53.37243
2026-08-14 23:23:00+00:00,607.14,607.26,607.14,607.19,0.20411
2026-08-14 23:24:00+00:00,607.19,607.33,607.18,607.18,0.40311
2026-08-14 23:25:00+00:00,607.18,607.46,607.08,607.46,0.38797
2026-08-14 23:26:00+00:00,607.46,607.56,607.38,607.47,2.085363572977883376
2026-08-14 23:27:00+00:00,607.47,607.56,607.44,607.54,0.33148
2026-08-14 23:28:00+00:00,607.54,607.56,607.24,607.36,97.7642
2026-08-14 23:29:00+00:00,607.36,607.56,607.35,607.51,0.39401
2026-08-14 23:30:00+00:00,607.51,607.56,607.51,607.55,0.2548
2026-08-14 23:31:00+00:00,607.55,607.56,607.35,607.46,0.27901
2026-08-14 23:32:00+00:00,607.46,607.56,607.4,607.45,0.44446
2026-08-14 23:33:00+00:00,607.45,607.46,607.29,607.36,0.30348
2026-08-14 23:34:00+00:00,607.36,607.46,607.25,607.26,0.782015339668319032
2026-08-14 23:35:00+00:00,607.26,607.29,607.14,607.24,0.35389
2026-08-14 23:36:00+00:00,607.24,607.36,607.04,607.36,159.63799
2026-08-14 23:37:00+00:00,607.36,607.66,606.97,607.66,203.47471
2026-08-14 23:38:00+00:00,607.66,607.93,607.62,607.93,1592.57938
2026-08-14 23:39:00+00:00,607.93,608.16,607.91,607.99,195.34652
2026-08-14 23:40:00+00:00,607.99,608.32,607.99,608.31,798.782120907655880031
2026-08-14 23:41:00+00:00,608.31,608.54,608.31,608.32,2197.496964743104534886
2026-08-14 23:42:00+00:00,608.32,608.56,608.32,608.39,360.26649
2026-08-14 23:43:00+00:00,608.39,608.4,608.34,608.4,0.45306
2026-08-14 23:44:00+00:00,608.4,608.4,608.21,608.21,106.13666
2026-08-14 23:45:00+00:00,608.21,608.21,608.16,608.21,0.27484
2026-08-14 23:46:00+00:00,608.21,608.4,608.18,608.4,105.92962
2026-08-14 23:47:00+00:00,608.4,608.4,608.34,608.36,0.27648
2026-08-14 23:48:00+00:00,608.36,608.56,608.24,608.44,0.34722
2026-08-14 23:49:00+00:00,608.44,608.56,608.44,608.53,0.31645
2026-08-14 23:50:00+00:00,608.53,608.56,608.53,608.55,0.43165
2026-08-14 23:51:00+00:00,608.55,608.76,608.55,608.69,60.313106300632231365
2026-08-14 23:52:00+00:00,608.69,608.76,608.64,608.68,0.33871
2026-08-14 23:53:00+00:00,608.68,608.76,608.51,608.51,98.510618385511697476
2026-08-14 23:54:00+00:00,608.51,608.56,608.44,608.56,0.29562
2026-08-14 23:55:00+00:00,608.56,608.56,608.44,608.47,0.29814
2026-08-14 23:56:00+00:00,608.47,608.56,608.44,608.49,0.3188
2026-08-14 23:57:00+00:00,608.49,608.66,608.44,608.56,0.33321
2026-08-14 23:58:00+00:00,608.56,608.66,608.44,608.44,0.37465
2026-08-14 23:59:00+00:00,608.44,608.56,608.28,608.29,97.23298
2026-08-15 00:00:00+00:00,608.29,608.3,607.94,608.12,260.70453
2026-08-15 00:01:00+00:00,608.12,608.12,607.54,608.04,0.50485
2026-08-15 00:02:00+00:00,608.04,608.06,607.84,607.96,0.48123
2026-08-15 00:03:00+00:00,607.96,607.96,607.44,607.44,365.03863
2026-08-15 00:04:00+00:00,607.44,607.55,607.34,607.54,320.69792
2026-08-15 00:05:00+00:00,607.54,607.56,607.4,607.44,0.37755
2026-08-15 00:06:00+00:00,607.44,607.77,607.44,607.77,275.14369
2026-08-15 00:07:00+00:00,607.77,607.83,607.75,607.81,0.39913
2026-08-15 00:08:00+00:00,607.81,607.86,607.74,607.85,0.31509
2026-08-15 00:09:00+00:00,607.85,608.06,607.84,608.06,0.34727
2026-08-15 00:10:00+00:00,608.06,608.06,607.94,607.94,0.604844875152153173
2026-08-15 00:11:00+00:00,607.94,608.11,607.94,608.04,0.4307
2026-08-15 00:12:00+00:00,608.04,608.26,608.04,608.18,0.37004
2026-08-15 00:13:00+00:00,608.18,608.26,607.94,607.97,0.38756
2026-08-15 00:14:00+00:00,607.97,608.06,607.94,607.99,0.32027
2026-08-15 00:15:00+00:00,607.99,608.06,607.94,607.96,0.30551
2026-08-15 00:16:00+00:00,607.96,608.06,607.94,607.94,0.27715
2026-08-15 00:17:00+00:00,607.94,608.06,607.94,608.06,0.26653
2026-08-15 00:18:00+00:00,608.06,608.06,607.94,608.06,0.29474
2026-08-15 00:19:00+00:00,608.06,608.16,607.97,608.06,0.28912
2026-08-15 00:20:00+00:00,608.06,608.3,607.98,607.98,0.29346
2026-08-15 00:21:00+00:00,607.98,608.06,607.94,607.94,0.35929
2026-08-15 00:22:00+00:00,607.94,608,607.94,607.96,0.34494
2026-08-15 00:23:00+00:00,607.96,607.99,607.94,607.94,0.25781
2026-08-15 00:24:00+00:00,607.94,608.36,607.94,608.27,53.30373
2026-08-15 00:25:00+00:00,608.27,608.33,608.14,608.21,0.50524
2026-08-15 00:26:00+00:00,608.21,608.36,607.95,607.95,97.39919
2026-08-15 00:27:00+00:00,607.95,608.03,607.76,608.01,338.89354
2026-08-15 00:28:00+00:00,608.01,608.03,607.75,608.01,0.3605
2026-08-15 00:29:00+00:00,608.01,608.07,607.84,607.91,53.29643
2026-08-15 00:30:00+00:00,607.91,608.23,607.83,607.93,0.40714
2026-08-15 00:31:00+00:00,607.93,607.94,607.45,607.91,0.11478
2026-08-15 00:32:00+00:00,607.91,608.16,607.5,608.16,126.76802
2026-08-15 00:33:00+00:00,608.16,608.16,608.12,608.16,0.28746
2026-08-15 00:34:00+00:00,608.16,608.16,607.94,607.97,0.54818
2026-08-15 00:35:00+00:00,607.97,607.97,607.84,607.86,0.44895
2026-08-15 00:36:00+00:00,607.86,607.96,607.84,607.94,0.27933
2026-08-15 00:37:00+00:00,607.94,607.96,607.84,607.91,0.53934
2026-08-15 00:38:00+00:00,607.91,607.94,607.74,607.8,53.30542
2026-08-15 00:39:00+00:00,607.8,607.86,607.74,607.74,0.40975
2026-08-15 00:40:00+00:00,607.74,607.86,607.74,607.86,0.29893
2026-08-15 00:41:00+00:00,607.86,607.86,607.74,607.74,0.22441
2026-08-15 00:42:00+00:00,607.74,607.95,607.72,607.72,0.32827
2026-08-15 00:43:00+00:00,607.72,608.2,607.64,608.2,0.22798
2026-08-15 00:44:00+00:00,608.2,608.26,608.14,608.15,0.62285
2026-08-15 00:45:00+00:00,608.15,608.26,608.03,608.23,53.26236
2026-08-15 00:46:00+00:00,608.23,608.36,608.12,608.12,0.34424
2026-08-15 00:47:00+00:00,608.12,608.36,608.12,608.26,0.37014
2026-08-15 00:48:00+00:00,608.26,608.36,608.08,608.08,0.36459
2026-08-15 00:49:00+00:00,608.08,608.16,608.04,608.06,0.3598
2026-08-15 00:50:00+00:00,608.06,608.16,608.04,608.12,0.31445
2026-08-15 00:51:00+00:00,608.12,608.16,608.04,608.07,0.32054
2026-08-15 00:52:00+00:00,608.07,608.26,608.06,608.16,53.0888
2026-08-15 00:53:00+00:00,608.16,608.26,608.15,608.21,0.32415
2026-08-15 00:54:00+00:00,608.21,608.36,607.87,608.24,0.3889
2026-08-15 00:55:00+00:00,608.24,608.36,608.24,608.25,0.35001
2026-08-15 00:56:00+00:00,608.25,608.36,608.24,608.34,0.38879
2026-08-15 00:57:00+00:00,608.34,608.36,608.14,608.17,97.33832
2026-08-15 00:58:00+00:00,608.17,608.33,607.96,608.32,203.04169
2026-08-15 00:59:00+00:00,608.32,608.33,608.02,608.04,53.43875
2026-08-15 01:00:00+00:00,608.04,608.56,608.04,608.54,261.79131
2026-08-15 01:01:00+00:00,608.54,608.56,608.44,608.44,0.3519
2026-08-15 01:02:00+00:00,608.44,608.66,608.44,608.61,0.27533
2026-08-15 01:03:00+00:00,608.61,608.66,608.44,608.56,0.35544
2026-08-15 01:04:00+00:00,608.56,608.56,608.45,608.55,0.33199
2026-08-15 01:05:00+00:00,608.55,608.66,608.37,608.39,53.328
2026-08-15 01:06:00+00:00,608.39,608.46,608.33,608.33,0.38544
2026-08-15 01:07:00+00:00,608.33,608.34,608.33,608.33,0.22215
2026-08-15 01:08:00+00:00,608.33,608.33,608.17,608.26,1949.49226
2026-08-15 01:09:00+00:00,608.26,608.26,608.14,608.24,0.35343
2026-08-15 01:10:00+00:00,608.24,608.36,608.17,608.36,53.01061
2026-08-15 01:11:00+00:00,608.36,608.46,608.24,608.44,0.45625
2026-08-15 01:12:00+00:00,608.44,608.72,608.23,608.71,97.29151
2026-08-15 01:13:00+00:00,608.71,608.73,608.45,608.54,53.37262
2026-08-15 01:14:00+00:00,608.54,608.66,608.44,608.66,0.41394
2026-08-15 01:15:00+00:00,608.66,608.66,608.44,608.55,0.47316
2026-08-15 01:16:00+00:00,608.55,608.55,608.38,608.47,0.47717
2026-08-15 01:17:00+00:00,608.47,608.51,608.44,608.44,0.18651
2026-08-15 01:18:00+00:00,608.44,608.9,608.44,608.55,1.136398491628204392
2026-08-15 01:19:00+00:00,608.55,608.9,608.48,608.48,0.29232
2026-08-15 01:20:00+00:00,608.48,608.56,608.38,608.51,0.46367
2026-08-15 01:21:00+00:00,608.51,608.56,608.44,608.5,0.369
2026-08-15 01:22:00+00:00,608.5,608.82,608.44,608.5,0.26295
2026-08-15 01:23:00+00:00,608.5,608.51,608.44,608.5,0.16305
2026-08-15 01:24:00+00:00,608.5,608.66,608.5,608.57,0.38307
2026-08-15 01:25:00+00:00,608.57,608.76,608.57,608.64,0.35511
2026-08-15 01:26:00+00:00,608.64,608.89,608.64,608.74,0.32994
2026-08-15 01:27:00+00:00,608.74,608.76,608.64,608.74,0.39604
2026-08-15 01:28:00+00:00,608.74,608.76,608.64,608.76,0.26951
2026-08-15 01:29:00+00:00,608.76,608.76,608.66,608.76,0.49195
2026-08-15 01:30:00+00:00,608.76,608.79,608.64,608.66,0.44454
2026-08-15 01:31:00+00:00,608.66,609,608.54,608.54,53.38524
2026-08-15 01:32:00+00:00,608.54,608.66,608.54,608.6,0.3266
2026-08-15 01:33:00+00:00,608.6,608.76,608.59,608.76,0.13061
2026-08-15 01:34:00+00:00,608.76,608.86,608.59,608.74,0.37297
2026-08-15 01:35:00+00:00,608.74,609.03,608.64,608.66,53.28872
2026-08-15 01:36:00+00:00,608.66,609.03,608.54,608.56,1.945652584899731107
2026-08-15 01:37:00+00:00,608.56,608.66,608.54,608.63,0.32358
2026-08-15 01:38:00+00:00,608.63,608.76,608.44,608.47,159.44999
2026-08-15 01:39:00+00:00,608.47,608.56,608.44,608.44,0.36335
2026-08-15 01:40:00+00:00,608.44,608.6,608.34,608.34,53.28285
2026-08-15 01:41:00+00:00,608.34,608.56,608.34,608.48,0.44218
2026-08-15 01:42:00+00:00,608.48,608.83,608.44,608.44,53.34682
2026-08-15 01:43:00+00:00,608.44,608.89,608.44,608.64,300.01561
2026-08-15 01:44:00+00:00,608.64,608.81,608.47,608.64,53.25398
2026-08-15 01:45:00+00:00,608.64,608.69,608.44,608.44,0.36369
2026-08-15 01:46:00+00:00,608.44,608.56,608.34,608.38,53.27457
2026-08-15 01:47:00+00:00,608.38,608.46,608.17,608.46,0.33117
2026-08-15 01:48:00+00:00,608.46,608.46,608.24,608.36,0.41297
2026-08-15 01:49:00+00:00,608.36,608.36,608.24,608.25,0.3092
2026-08-15 01:50:00+00:00,608.25,608.36,608.24,608.34,0.41278
2026-08-15 01:51:00+00:00,608.34,608.46,608.26,608.36,0.31238
2026-08-15 01:52:00+00:00,608.36,608.36,608.05,608.05,0.50752
2026-08-15 01:53:00+00:00,608.05,608.06,607.94,608.05,0.24728
2026-08-15 01:54:00+00:00,608.05,608.06,607.94,608.06,0.34306
2026-08-15 01:55:00+00:00,608.06,608.06,607.94,608.06,0.24482
2026-08-15 01:56:00+00:00,608.06,608.06,607.94,607.94,0.34126
2026-08-15 01:57:00+00:00,607.94,608.06,607.94,607.94,0.32843
2026-08-15 01:58:00+00:00,607.94,608.06,607.94,608.05,0.37824
2026-08-15 01:59:00+00:00,608.05,608.16,608.05,608.16,0.30264
2026-08-15 02:00:00+00:00,608.16,608.16,608.08,608.13,0.47384
2026-08-15 02:01:00+00:00,608.13,608.25,608.13,608.19,0.36091
2026-08-15 02:02:00+00:00,608.19,608.26,608.14,608.26,0.35083
2026-08-15 02:03:00+00:00,608.26,608.26,608.14,608.26,0.40593
2026-08-15 02:04:00+00:00,608.26,608.36,608.24,608.28,0.3062
2026-08-15 02:05:00+00:00,608.28,608.46,608.14,608.46,0.28533
2026-08-15 02:06:00+00:00,608.46,608.46,608.34,608.46,0.39444
2026-08-15 02:07:00+00:00,608.46,608.46,608.35,608.42,0.23966
2026-08-15 02:08:00+00:00,608.42,608.42,608.09,608.11,388.55445
2026-08-15 02:09:00+00:00,608.11,608.11,608.09,608.1,0.23215
2026-08-15 02:10:00+00:00,608.1,608.43,608.09,608.27,141.21554
2026-08-15 02:11:00+00:00,608.27,608.36,608.26,608.27,0.22063
2026-08-15 02:12:00+00:00,608.27,608.36,608.24,608.34,0.26865
2026-08-15 02:13:00+00:00,608.34,608.46,608.34,608.36,0.25854
2026-08-15 02:14:00+00:00,608.36,608.36,608.15,608.34,0.22702
2026-08-15 02:15:00+00:00,608.34,608.45,608.24,608.44,53.32313
2026-08-15 02:16:00+00:00,608.44,608.46,608.38,608.45,0.34816
2026-08-15 02:17:00+00:00,608.45,608.46,608.38,608.41,0.32556
2026-08-15 02:18:00+00:00,608.41,608.46,608.41,608.46,0.24574
2026-08-15 02:19:00+00:00,608.46,608.46,608.4,608.41,0.26968
2026-08-15 02:20:00+00:00,608.41,608.44,608.4,608.41,0.34176
2026-08-15 02:21:00+00:00,608.41,608.63,608.07,608.63,3218.55424
2026-08-15 02:22:00+00:00,608.63,608.63,608.58,608.61,0.50273
2026-08-15 02:23:00+00:00,608.61,608.76,608.6,608.76,2038.08043
2026-08-15 02:24:00+00:00,608.76,608.76,608.73,608.73,0.42709
2026-08-15 02:25:00+00:00,608.73,608.76,608.73,608.73,0.51938
2026-08-15 02:26:00+00:00,608.73,608.76,608.71,608.74,0.5184
2026-08-15 02:27:00+00:00,608.74,608.75,608.71,608.75,0.33441
2026-08-15 02:28:00+00:00,608.75,608.75,608.71,608.74,0.36077
2026-08-15 02:29:00+00:00,608.74,608.75,608.64,608.68,0.28514
2026-08-15 02:30:00+00:00,608.68,609.28,608.58,608.85,0.44039
2026-08-15 02:31:00+00:00,608.85,608.86,608.79,608.85,0.3926
2026-08-15 02:32:00+00:00,608.85,608.86,608.85,608.85,0.27692
2026-08-15 02:33:00+00:00,608.85,608.96,608.83,608.96,0.26642
2026-08-15 02:34:00+00:00,608.96,608.96,608.57,608.68,97.45516
2026-08-15 02:35:00+00:00,608.68,608.76,608.64,608.71,0.40473
2026-08-15 02:36:00+00:00,608.71,608.75,608.54,608.63,53.2348
2026-08-15 02:37:00+00:00,608.63,608.63,608.34,608.37,97.46302
2026-08-15 02:38:00+00:00,608.37,608.66,608.34,608.54,53.31618
2026-08-15 02:39:00+00:00,608.54,608.69,608.54,608.67,53.19213
2026-08-15 02:40:00+00:00,608.67,608.76,608.64,608.64,0.38599
2026-08-15 02:41:00+00:00,608.64,608.96,608.64,608.84,53.09013
2026-08-15 02:42:00+00:00,608.84,608.93,608.84,608.84,0.50479
2026-08-15 02:43:00+00:00,608.84,609.06,608.84,609.06,0.2751
2026-08-15 02:44:00+00:00,609.06,609.28,608.87,609.23,0.30737
2026-08-15 02:45:00+00:00,609.23,609.28,608.74,608.84,0.928446703372333103
2026-08-15 02:46:00+00:00,608.84,608.96,608.84,608.96,0.27182
2026-08-15 02:47:00+00:00,608.96,608.96,608.87,608.92,0.19921
2026-08-15 02:48:00+00:00,608.92,608.95,608.76,608.85,0.37521
2026-08-15 02:49:00+00:00,608.85,608.96,608.84,608.95,0.3296
2026-08-15 02:50:00+00:00,608.95,608.96,608.84,608.84,0.30675
2026-08-15 02:51:00+00:00,608.84,608.96,608.84,608.96,0.30313
2026-08-15 02:52:00+00:00,608.96,608.96,608.64,608.64,53.36881
2026-08-15 02:53:00+00:00,608.64,608.67,608.64,608.66,0.48092
2026-08-15 02:54:00+00:00,608.66,608.75,608.47,608.66,0.33904
2026-08-15 02:55:00+00:00,608.66,608.76,608.64,608.65,0.31801
2026-08-15 02:56:00+00:00,608.65,608.72,608.65,608.69,0.09909
2026-08-15 02:57:00+00:00,608.69,608.71,608.67,608.71,0.21921
2026-08-15 02:58:00+00:00,608.71,608.86,608.66,608.78,53.19693
2026-08-15 02:59:00+00:00,608.78,608.86,608.76,608.77,0.17996
2026-08-15 03:00:00+00:00,608.77,609.06,608.77,609.05,106.20602
2026-08-15 03:01:00+00:00,609.05,609.13,608.94,609.06,0.36722
2026-08-15 03:02:00+00:00,609.06,609.16,608.94,609.04,0.35588
2026-08-15 03:03:00+00:00,609.04,609.16,609.04,609.16,0.31839
2026-08-15 03:04:00+00:00,609.16,609.43,609.16,609.36,1102.118175798319327731
2026-08-15 03:05:00+00:00,609.36,609.36,608.86,609.34,53.0516
2026-08-15 03:06:00+00:00,609.34,609.46,609.25,609.37,0.36381
2026-08-15 03:07:00+00:00,609.37,609.46,609.24,609.24,53.32298
2026-08-15 03:08:00+00:00,609.24,609.36,609.14,609.36,0.46862
2026-08-15 03:09:00+00:00,609.36,609.46,609.24,609.45,0.27819
2026-08-15 03:10:00+00:00,609.45,609.56,609.41,609.56,0.749576725859058412
2026-08-15 03:11:00+00:00,609.56,609.56,609.44,609.52,0.24587
2026-08-15 03:12:00+00:00,609.52,609.61,609.52,609.55,0.35584
2026-08-15 03:13:00+00:00,609.55,609.86,609.54,609.7,69.214941055957291578
2026-08-15 03:14:00+00:00,609.7,610.1,609.7,610.06,97.092940959648342964
2026-08-15 03:15:00+00:00,610.06,610.18,609.7,609.76,0.30578
2026-08-15 03:16:00+00:00,609.76,610.72,609.73,610.71,3425.359129040351657036
2026-08-15 03:17:00+00:00,610.71,610.73,610.68,610.68,0.74919421012746684
2026-08-15 03:18:00+00:00,610.68,611.02,610.68,611,1235.70540602247635369
2026-08-15 03:19:00+00:00,611,611.18,610.99,611.16,1015.13074
2026-08-15 03:20:00+00:00,611.16,611.16,610.88,610.93,0.41713
2026-08-15 03:21:00+00:00,610.93,611.06,610.9,611,53.28887
2026-08-15 03:22:00+00:00,611,611.06,610.67,610.7,0.43792
2026-08-15 03:23:00+00:00,610.7,611.14,610.7,611.04,0.31359
2026-08-15 03:24:00+00:00,611.04,611.16,610.94,611.06,0.36635
2026-08-15 03:25:00+00:00,611.06,611.14,610.84,610.87,105.71449
2026-08-15 03:26:00+00:00,610.87,610.92,610.57,610.57,1357.3132
2026-08-15 03:27:00+00:00,610.57,610.76,610.54,610.69,1410.03724
2026-08-15 03:28:00+00:00,610.69,610.76,610.69,610.74,0.36515
2026-08-15 03:29:00+00:00,610.74,610.76,610.67,610.76,0.52798
2026-08-15 03:30:00+00:00,610.76,610.88,610.75,610.84,43.8488
2026-08-15 03:31:00+00:00,610.84,610.89,610.84,610.86,0.40963
2026-08-15 03:32:00+00:00,610.86,610.99,610.84,610.84,0.34656
2026-08-15 03:33:00+00:00,610.84,610.86,610.74,610.77,0.33498
2026-08-15 03:34:00+00:00,610.77,610.86,610.63,610.63,96.92003
2026-08-15 03:35:00+00:00,610.63,610.64,610.34,610.34,397.31259
2026-08-15 03:36:00+00:00,610.34,610.55,610.34,610.55,105.73796
2026-08-15 03:37:00+00:00,610.55,610.56,610.48,610.54,0.48898
2026-08-15 03:38:00+00:00,610.54,610.54,610.24,610.28,97.13949
2026-08-15 03:39:00+00:00,610.28,610.36,610.24,610.24,0.767311518647178344
2026-08-15 03:40:00+00:00,610.24,610.46,610.24,610.34,52.95364
2026-08-15 03:41:00+00:00,610.34,610.46,610.34,610.43,0.27101
2026-08-15 03:42:00+00:00,610.43,610.56,610.36,610.56,52.95542
2026-08-15 03:43:00+00:00,610.56,610.56,610.34,610.36,53.1292
2026-08-15 03:44:00+00:00,610.36,610.46,610.34,610.4,0.45871
2026-08-15 03:45:00+00:00,610.4,610.46,610.38,610.44,0.26423
2026-08-15 03:46:00+00:00,610.44,610.46,610.24,610.28,0.40733
2026-08-15 03:47:00+00:00,610.28,610.46,610.28,610.46,0.35231
2026-08-15 03:48:00+00:00,610.46,610.46,610.26,610.26,0.34754
2026-08-15 03:49:00+00:00,610.26,610.36,610.24,610.28,0.25495
2026-08-15 03:50:00+00:00,610.28,610.36,610.25,610.34,0.27421
2026-08-15 03:51:00+00:00,610.34,610.36,610.26,610.33,0.27921
2026-08-15 03:52:00+00:00,610.33,610.36,610.26,610.35,0.30473
2026-08-15 03:53:00+00:00,610.35,610.36,610.26,610.34,0.26662
2026-08-15 03:54:00+00:00,610.34,610.47,610.29,610.46,0.37804
2026-08-15 03:55:00+00:00,610.46,610.56,610.44,610.56,0.44281
2026-08-15 03:56:00+00:00,610.56,610.66,610.45,610.6,53.22834
2026-08-15 03:57:00+00:00,610.6,610.66,610.6,610.66,0.50365
2026-08-15 03:58:00+00:00,610.66,610.76,610.64,610.66,0.39473
2026-08-15 03:59:00+00:00,610.66,610.76,610.32,610.64,105.62551
2026-08-15 04:00:00+00:00,610.64,610.96,610.64,610.95,149.83958
2026-08-15 04:01:00+00:00,610.95,611.23,610.61,611.1,53.06361
2026-08-15 04:02:00+00:00,611.1,611.36,611.06,611.35,142.32049
2026-08-15 04:03:00+00:00,611.35,611.51,611.14,611.5,123.937774727908182306
2026-08-15 04:04:00+00:00,611.5,611.5,611.24,611.26,96.8558
2026-08-15 04:05:00+00:00,611.26,611.26,610.94,610.95,307.65048
2026-08-15 04:06:00+00:00,610.95,611.16,610.6,611.11,105.68809
2026-08-15 04:07:00+00:00,611.11,611.11,610.84,610.84,53.12892
2026-08-15 04:08:00+00:00,610.84,610.89,610.84,610.88,0.36482
2026-08-15 04:09:00+00:00,610.88,611.06,610.88,610.98,0.27135
2026-08-15 04:10:00+00:00,610.98,611.06,610.78,610.96,105.83102
2026-08-15 04:11:00+00:00,610.96,610.96,610.74,610.76,0.3281
2026-08-15 04:12:00+00:00,610.76,610.96,610.68,610.96,0.34654
2026-08-15 04:13:00+00:00,610.96,611.15,610.74,611.15,105.65309
2026-08-15 04:14:00+00:00,611.15,611.25,611.04,611.16,0.32477
2026-08-15 04:15:00+00:00,611.16,611.17,611.14,611.14,0.30569
2026-08-15 04:16:00+00:00,611.14,611.26,610.94,611.05,0.39475
2026-08-15 04:17:00+00:00,611.05,611.06,610.95,611.06,0.28888
2026-08-15 04:18:00+00:00,611.06,611.16,610.96,611.06,0.38275
2026-08-15 04:19:00+00:00,611.06,611.16,610.84,610.84,0.40407
2026-08-15 04:20:00+00:00,610.84,610.96,610.74,610.74,53.07598
2026-08-15 04:21:00+00:00,610.74,610.96,610.64,610.93,52.95934
2026-08-15 04:22:00+00:00,610.93,610.96,610.78,610.85,0.32343
2026-08-15 04:23:00+00:00,610.85,610.96,610.84,610.96,0.31425
2026-08-15 04:24:00+00:00,610.96,610.96,610.84,610.85,0.30837
2026-08-15 04:25:00+00:00,610.85,610.96,610.84,610.96,0.36495
2026-08-15 04:26:00+00:00,610.96,610.96,610.84,610.95,2.328723137478050596
2026-08-15 04:27:00+00:00,610.95,610.96,610.84,610.87,2.289833395324471219
2026-08-15 04:28:00+00:00,610.87,610.96,610.8,610.8,0.35831
2026-08-15 04:29:00+00:00,610.8,610.86,610.49,610.49,96.82153
2026-08-15 04:30:00+00:00,610.49,610.65,610.49,610.64,96.90042
2026-08-15 04:31:00+00:00,610.64,610.76,610.54,610.76,0.37759
2026-08-15 04:32:00+00:00,610.76,610.76,610.64,610.73,0.26879
2026-08-15 04:33:00+00:00,610.73,610.95,610.64,610.9,0.777402620881362105
2026-08-15 04:34:00+00:00,610.9,611.06,610.76,611.05,0.503415187672856578
2026-08-15 04:35:00+00:00,611.05,611.23,610.84,611.21,149.59859
2026-08-15 04:36:00+00:00,611.21,611.36,611.21,611.34,126.0803
2026-08-15 04:37:00+00:00,611.34,611.36,611.24,611.24,0.30881
2026-08-15 04:38:00+00:00,611.24,611.8,611.24,611.44,0.569683477830071834
2026-08-15 04:39:00+00:00,611.44,611.91,611.44,611.91,882.138954703319518765
2026-08-15 04:40:00+00:00,611.91,612.16,611.84,612.16,1042.088185864213027918
2026-08-15 04:41:00+00:00,612.16,612.26,611.94,611.96,465.31489
2026-08-15 04:42:00+00:00,611.96,612.16,611.96,612.04,1.318790615753148509
2026-08-15 04:43:00+00:00,612.04,612.16,612.04,612.14,0.28429
2026-08-15 04:44:00+00:00,612.14,612.69,612.14,612.69,361.632149384246851491
2026-08-15 04:45:00+00:00,612.69,612.69,612.34,612.41,362.48732
2026-08-15 04:46:00+00:00,612.41,612.41,612.14,612.26,54.41229889131063915
2026-08-15 04:47:00+00:00,612.26,612.26,611.3,611.38,216.39859
2026-08-15 04:48:00+00:00,611.38,611.38,611,611,335.49979
2026-08-15 04:49:00+00:00,611,611.56,611,611.55,537.25719
2026-08-15 04:50:00+00:00,611.55,611.56,611.44,611.44,0.30552
2026-08-15 04:51:00+00:00,611.44,611.83,611.44,611.83,96.89619
2026-08-15 04:52:00+00:00,611.83,611.83,611.54,611.66,89.69593
2026-08-15 04:53:00+00:00,611.66,611.7,611.45,611.64,52.81956
2026-08-15 04:54:00+00:00,611.64,611.76,611.64,611.74,0.29847
2026-08-15 04:55:00+00:00,611.74,611.96,611.74,611.76,0.26511
2026-08-15 04:56:00+00:00,611.76,611.96,611.74,611.84,0.32755
2026-08-15 04:57:00+00:00,611.84,611.96,611.84,611.95,0.38084
2026-08-15 04:58:00+00:00,611.95,611.96,611.84,611.93,0.26079
2026-08-15 04:59:00+00:00,611.93,611.96,611.84,611.86,0.27292
2026-08-15 05:00:00+00:00,611.86,612.16,611.84,612.16,96.78652
2026-08-15 05:01:00+00:00,612.16,612.16,611.47,611.47,473.68929
2026-08-15 05:02:00+00:00,611.47,612.06,611.47,611.72,870.99276
2026-08-15 05:03:00+00:00,611.72,611.76,611.64,611.67,0.37604
2026-08-15 05:04:00+00:00,611.67,611.76,611.54,611.56,53.19018
2026-08-15 05:05:00+00:00,611.56,611.58,611.54,611.54,2.443679061774420353
2026-08-15 05:06:00+00:00,611.54,611.58,611.54,611.56,5.182069024935157647
2026-08-15 05:07:00+00:00,611.56,611.76,611.54,611.76,99.834325131290291186
2026-08-15 05:08:00+00:00,611.76,611.76,611.57,611.7,99.93417
2026-08-15 05:09:00+00:00,611.7,611.7,611.64,611.68,0.27345
2026-08-15 05:10:00+00:00,611.68,611.7,611.54,611.7,53.07997
2026-08-15 05:11:00+00:00,611.7,611.7,611.44,611.44,1412.93343
2026-08-15 05:12:00+00:00,611.44,611.59,611.43,611.59,52.95228
2026-08-15 05:13:00+00:00,611.59,611.83,611.44,611.77,96.80813
2026-08-15 05:14:00+00:00,611.77,611.83,611.77,611.78,0.33662
2026-08-15 05:15:00+00:00,611.78,611.83,611.77,611.79,0.43933
2026-08-15 05:16:00+00:00,611.79,611.81,611.37,611.49,177.21595
2026-08-15 05:17:00+00:00,611.49,611.56,611.44,611.44,0.44663
2026-08-15 05:18:00+00:00,611.44,611.56,611.32,611.45,0.46195
2026-08-15 05:19:00+00:00,611.45,611.56,611.24,611.33,97.0055
2026-08-15 05:20:00+00:00,611.33,611.36,611.24,611.24,0.36857
2026-08-15 05:21:00+00:00,611.24,611.36,610.97,611.01,96.86413
2026-08-15 05:22:00+00:00,611.01,611.06,610.76,610.91,1811.41934
2026-08-15 05:23:00+00:00,610.91,610.92,610.89,610.91,0.39428
2026-08-15 05:24:00+00:00,610.91,611.06,610.67,610.67,96.95842
2026-08-15 05:25:00+00:00,610.67,610.78,610.67,610.74,0.35237
2026-08-15 05:26:00+00:00,610.74,610.86,610.74,610.86,0.30453
2026-08-15 05:27:00+00:00,610.86,610.96,610.74,610.91,52.98079
2026-08-15 05:28:00+00:00,610.91,610.96,610.91,610.95,0.36209
2026-08-15 05:29:00+00:00,610.95,611.23,610.95,611.22,2179.19741
2026-08-15 05:30:00+00:00,611.22,611.37,611.22,611.34,0.34873
2026-08-15 05:31:00+00:00,611.34,611.36,611.14,611.26,0.36382
2026-08-15 05:32:00+00:00,611.26,611.26,611.14,611.24,0.28324
2026-08-15 05:33:00+00:00,611.24,612.3,611.14,611.36,121.17263
2026-08-15 05:34:00+00:00,611.36,611.36,611.24,611.36,0.23777
2026-08-15 05:35:00+00:00,611.36,611.36,610.87,610.87,149.6596
2026-08-15 05:36:00+00:00,610.87,610.93,610.87,610.93,0.2608
2026-08-15 05:37:00+00:00,610.93,610.93,610.87,610.89,0.27534
2026-08-15 05:38:00+00:00,610.89,610.92,610.74,610.81,0.23808
2026-08-15 05:39:00+00:00,610.81,610.86,610.74,610.86,0.32398
2026-08-15 05:40:00+00:00,610.86,610.96,610.74,610.9,0.31649
2026-08-15 05:41:00+00:00,610.9,611.02,610.86,610.99,0.2964
2026-08-15 05:42:00+00:00,610.99,611.08,610.98,611.05,0.26922
2026-08-15 05:43:00+00:00,611.05,611.08,611.05,611.05,0.33991
2026-08-15 05:44:00+00:00,611.05,611.15,611.01,611.14,0.29498
2026-08-15 05:45:00+00:00,611.14,611.25,611.01,611.02,96.85613
2026-08-15 05:46:00+00:00,611.02,611.06,610.98,611.01,0.35363
2026-08-15 05:47:00+00:00,611.01,611.21,610.94,610.94,0.39482
2026-08-15 05:48:00+00:00,610.94,610.95,610.94,610.94,0.20361
2026-08-15 05:49:00+00:00,610.94,610.95,610.76,610.82,781.81428
2026-08-15 05:50:00+00:00,610.82,610.95,610.8,610.95,0.34523
2026-08-15 05:51:00+00:00,610.95,611.06,610.91,610.94,0.39183
2026-08-15 05:52:00+00:00,610.94,611.06,610.94,611.06,0.26003
2026-08-15 05:53:00+00:00,611.06,611.16,610.94,611.06,0.29313
2026-08-15 05:54:00+00:00,611.06,611.22,611.02,611.06,0.33245
2026-08-15 05:55:00+00:00,611.06,611.06,610.83,610.85,96.93899
2026-08-15 05:56:00+00:00,610.85,611.03,610.74,610.86,0.44668
2026-08-15 05:57:00+00:00,610.86,610.86,610.74,610.83,0.34124
2026-08-15 05:58:00+00:00,610.83,610.96,610.74,610.88,0.442868937005940982
2026-08-15 05:59:00+00:00,610.88,611.06,610.84,611.06,53.045041184598258136
2026-08-15 06:00:00+00:00,611.06,611.26,610.94,611.17,96.936318815401741864
2026-08-15 06:01:00+00:00,611.17,611.26,611.17,611.22,52.97103
2026-08-15 06:02:00+00:00,611.22,611.36,611.14,611.23,133.52536
2026-08-15 06:03:00+00:00,611.23,611.53,611.17,611.36,0.42513
2026-08-15 06:04:00+00:00,611.36,611.46,611.34,611.46,53.02742
2026-08-15 06:05:00+00:00,611.46,611.46,611.24,611.24,0.3695
2026-08-15 06:06:00+00:00,611.24,611.46,611.24,611.46,0.31375
2026-08-15 06:07:00+00:00,611.46,611.79,611.33,611.78,311.63724
2026-08-15 06:08:00+00:00,611.78,611.79,611.74,611.75,0.34942
2026-08-15 06:09:00+00:00,611.75,611.96,611.74,611.9,0.27998
2026-08-15 06:10:00+00:00,611.9,611.96,611.88,611.96,0.42158
2026-08-15 06:11:00+00:00,611.96,611.96,611.84,611.96,0.41549
2026-08-15 06:12:00+00:00,611.96,611.96,611.74,611.96,0.47295
2026-08-15 06:13:00+00:00,611.96,611.96,611.74,611.93,0.38714
2026-08-15 06:14:00+00:00,611.93,611.96,611.44,611.44,105.73529
2026-08-15 06:15:00+00:00,611.44,611.67,611.44,611.66,158.423608235680288856
2026-08-15 06:16:00+00:00,611.66,611.86,611.54,611.86,0.36753
2026-08-15 06:17:00+00:00,611.86,611.86,611.64,611.76,158.240144613800542607
2026-08-15 06:18:00+00:00,611.76,611.85,611.64,611.64,0.669508275862068965
2026-08-15 06:19:00+00:00,611.64,611.86,611.64,611.65,0.495014021347085992
2026-08-15 06:20:00+00:00,611.65,611.86,611.63,611.76,105.70524
2026-08-15 06:21:00+00:00,611.76,611.86,611.65,611.66,0.34033
2026-08-15 06:22:00+00:00,611.66,611.86,611.66,611.86,0.26525
2026-08-15 06:23:00+00:00,611.86,611.86,611.77,611.86,0.31932
2026-08-15 06:24:00+00:00,611.86,611.86,611.77,611.83,0.351
2026-08-15 06:25:00+00:00,611.83,612.26,611.79,612.24,281.280609215686274508
2026-08-15 06:26:00+00:00,612.24,612.25,611.83,611.84,192.84636
2026-08-15 06:27:00+00:00,611.84,611.96,611.81,611.84,52.97958
2026-08-15 06:28:00+00:00,611.84,611.96,611.47,611.55,96.93259
2026-08-15 06:29:00+00:00,611.55,611.67,611.46,611.66,0.30842
2026-08-15 06:30:00+00:00,611.66,611.84,610.8,611.83,9.143100017280122639
2026-08-15 06:31:00+00:00,611.83,611.84,611.74,611.84,0.35902
2026-08-15 06:32:00+00:00,611.84,611.87,611.74,611.78,0.38068
2026-08-15 06:33:00+00:00,611.78,611.94,611.78,611.92,52.95101
2026-08-15 06:34:00+00:00,611.92,612.06,611.84,612.06,52.95506
2026-08-15 06:35:00+00:00,612.06,612.16,612.05,612.09,0.4042
2026-08-15 06:36:00+00:00,612.09,612.16,612.04,612.04,0.41352
2026-08-15 06:37:00+00:00,612.04,612.26,612.01,612.14,0.40171
2026-08-15 06:38:00+00:00,612.14,612.14,611.77,611.84,96.695
2026-08-15 06:39:00+00:00,611.84,611.85,611.84,611.84,0.19967
2026-08-15 06:40:00+00:00,611.84,611.96,611.84,611.96,0.34987
2026-08-15 06:41:00+00:00,611.96,611.96,611.84,611.93,0.32689
2026-08-15 06:42:00+00:00,611.93,611.98,611.86,611.97,53.02458
2026-08-15 06:43:00+00:00,611.97,612.05,611.96,611.96,210.66066
2026-08-15 06:44:00+00:00,611.96,612.04,611.75,611.78,96.72185
2026-08-15 06:45:00+00:00,611.78,611.86,611.57,611.57,96.80144
2026-08-15 06:46:00+00:00,611.57,611.76,611.57,611.76,149.41268
2026-08-15 06:47:00+00:00,611.76,611.76,611.74,611.76,0.40738
2026-08-15 06:48:00+00:00,611.76,611.84,611.74,611.75,0.34016
2026-08-15 06:49:00+00:00,611.75,611.92,611.74,611.74,0.59264
2026-08-15 06:50:00+00:00,611.74,611.86,611.74,611.79,0.29622
2026-08-15 06:51:00+00:00,611.79,612.05,611.74,611.74,0.30103
2026-08-15 06:52:00+00:00,611.74,612.13,611.74,611.86,0.28527
2026-08-15 06:53:00+00:00,611.86,611.86,611.81,611.86,0.28968
2026-08-15 06:54:00+00:00,611.86,611.96,611.74,611.81,0.692415793162587878
2026-08-15 06:55:00+00:00,611.81,612.15,611.75,612.15,133.30869
2026-08-15 06:56:00+00:00,612.15,612.53,612.15,612.34,517.53909
2026-08-15 06:57:00+00:00,612.34,612.53,612.34,612.36,298.39409
2026-08-15 06:58:00+00:00,612.36,612.36,612.24,612.33,0.32968
2026-08-15 06:59:00+00:00,612.33,612.36,612.24,612.26,0.32366
2026-08-15 07:00:00+00:00,612.26,612.46,612.23,612.35,0.42667
2026-08-15 07:01:00+00:00,612.35,612.51,612.24,612.46,0.40654
2026-08-15 07:02:00+00:00,612.46,612.56,612.44,612.56,0.29293
2026-08-15 07:03:00+00:00,612.56,612.66,612.24,612.24,0.40151
2026-08-15 07:04:00+00:00,612.24,612.46,612.24,612.38,0.31406
2026-08-15 07:05:00+00:00,612.38,612.42,612.07,612.24,52.98282
2026-08-15 07:06:00+00:00,612.24,612.36,612.24,612.35,0.33844
2026-08-15 07:07:00+00:00,612.35,612.35,612.24,612.27,0.09936
2026-08-15 07:08:00+00:00,612.27,612.3,611.87,612.16,96.70619
2026-08-15 07:09:00+00:00,612.16,612.16,612.04,612.08,0.24001
2026-08-15 07:10:00+00:00,612.08,612.14,611.94,611.94,53.00257
2026-08-15 07:11:00+00:00,611.94,611.96,611.77,611.8,351.01609
2026-08-15 07:12:00+00:00,611.8,611.8,611.77,611.79,0.42687
2026-08-15 07:13:00+00:00,611.79,612.06,611.77,612.05,446.77668
2026-08-15 07:14:00+00:00,612.05,612.06,611.78,611.88,446.73457
2026-08-15 07:15:00+00:00,611.88,611.88,611.85,611.87,0.26048
2026-08-15 07:16:00+00:00,611.87,611.87,611.74,611.77,0.39973
2026-08-15 07:17:00+00:00,611.77,611.86,611.74,611.86,0.33115
2026-08-15 07:18:00+00:00,611.86,611.86,611.54,611.54,149.20735
2026-08-15 07:19:00+00:00,611.54,611.66,611.54,611.54,0.337
2026-08-15 07:20:00+00:00,611.54,611.66,611.54,611.55,0.24079
2026-08-15 07:21:00+00:00,611.55,611.64,611.55,611.6,0.22328
2026-08-15 07:22:00+00:00,611.6,611.63,611.54,611.55,0.21216
2026-08-15 07:23:00+00:00,611.55,611.56,611.54,611.54,0.46145
2026-08-15 07:24:00+00:00,611.54,611.56,611.54,611.55,0.3899
2026-08-15 07:25:00+00:00,611.55,611.76,611.54,611.75,3158.08027
2026-08-15 07:26:00+00:00,611.75,611.75,611.54,611.65,0.28728
2026-08-15 07:27:00+00:00,611.65,611.66,611.51,611.51,0.35928
2026-08-15 07:28:00+00:00,611.51,611.56,611.44,611.47,0.39234
2026-08-15 07:29:00+00:00,611.47,611.67,611.45,611.61,0.4219
2026-08-15 07:30:00+00:00,611.61,611.62,611.6,611.6,0.29776
2026-08-15 07:31:00+00:00,611.6,611.62,611.59,611.59,2.326272516595271573
2026-08-15 07:32:00+00:00,611.59,611.62,611.59,611.61,0.31611
2026-08-15 07:33:00+00:00,611.61,611.71,611.6,611.6,0.14524
2026-08-15 07:34:00+00:00,611.6,611.6,611.6,611.6,0
2026-08-15 07:35:00+00:00,611.6,611.66,611.45,611.66,0.10885
2026-08-15 07:36:00+00:00,611.66,611.76,611.62,611.67,0.31172
2026-08-15 07:37:00+00:00,611.67,611.76,611.64,611.76,2.293912516595271573
2026-08-15 07:38:00+00:00,611.76,611.76,610.7,611.73,0.680281141799920708
2026-08-15 07:39:00+00:00,611.73,611.86,611.25,611.83,52.87457
2026-08-15 07:40:00+00:00,611.83,611.86,611.74,611.83,0.49755
2026-08-15 07:41:00+00:00,611.83,611.84,611.64,611.74,53.06019
2026-08-15 07:42:00+00:00,611.74,611.86,611.65,611.86,0.2344
2026-08-15 07:43:00+00:00,611.86,611.86,611.27,611.32,149.59787
2026-08-15 07:44:00+00:00,611.32,611.48,611.27,611.34,149.53095
2026-08-15 07:45:00+00:00,611.34,611.36,611.33,611.35,0.34872
2026-08-15 07:46:00+00:00,611.35,611.63,611.17,611.62,150.756596411883894906
2026-08-15 07:47:00+00:00,611.62,611.66,611.46,611.47,0.29069
2026-08-15 07:48:00+00:00,611.47,611.56,611.44,611.56,0.36971
2026-08-15 07:49:00+00:00,611.56,611.56,611.44,611.48,0.36679
2026-08-15 07:50:00+00:00,611.48,611.66,611.48,611.57,0.31503
2026-08-15 07:51:00+00:00,611.57,611.76,611.56,611.62,0.28792
2026-08-15 07:52:00+00:00,611.62,611.66,611.57,611.65,0.14888
2026-08-15 07:53:00+00:00,611.65,611.66,611.57,611.66,0.20823
2026-08-15 07:54:00+00:00,611.66,611.76,611.62,611.64,0.24796
2026-08-15 07:55:00+00:00,611.64,611.66,611.34,611.34,0.48902
2026-08-15 07:56:00+00:00,611.34,611.46,611.25,611.34,0.44683
2026-08-15 07:57:00+00:00,611.34,611.66,611.34,611.65,52.99805
2026-08-15 07:58:00+00:00,611.65,611.66,611.54,611.66,0.45343
2026-08-15 07:59:00+00:00,611.66,611.93,611.54,611.92,149.31736
2026-08-15 08:00:00+00:00,611.92,611.93,611.92,611.92,1.208254943255373303
2026-08-15 08:01:00+00:00,611.92,612.16,611.92,612.16,0.41431
2026-08-15 08:02:00+00:00,612.16,612.23,611.92,612.23,0.3519
2026-08-15 08:03:00+00:00,612.23,612.36,612.22,612.36,0.37904
2026-08-15 08:04:00+00:00,612.36,612.46,612.24,612.31,105.51421
2026-08-15 08:05:00+00:00,612.31,612.31,612.14,612.15,52.95449
2026-08-15 08:06:00+00:00,612.15,612.31,612.14,612.25,0.40843
2026-08-15 08:07:00+00:00,612.25,612.26,611.57,611.58,412.56641
2026-08-15 08:08:00+00:00,611.58,611.76,611.54,611.54,37.13616
2026-08-15 08:09:00+00:00,611.54,611.66,611.54,611.57,0.649768373030557762
2026-08-15 08:10:00+00:00,611.57,611.66,611.39,611.39,96.91417
2026-08-15 08:11:00+00:00,611.39,611.63,611.24,611.63,447.77311
2026-08-15 08:12:00+00:00,611.63,611.73,611.36,611.72,1028.06877
2026-08-15 08:13:00+00:00,611.72,611.76,611.64,611.64,0.401054630920122335
2026-08-15 08:14:00+00:00,611.64,611.82,611.64,611.66,0.42557
2026-08-15 08:15:00+00:00,611.66,611.76,611.41,611.41,96.70686
2026-08-15 08:16:00+00:00,611.41,611.46,610.62,611.46,1.439830871357079776
2026-08-15 08:17:00+00:00,611.46,611.46,611.24,611.45,0.50205
2026-08-15 08:18:00+00:00,611.45,611.55,611.44,611.44,0.37184
2026-08-15 08:19:00+00:00,611.44,611.56,611.26,611.31,149.5655
2026-08-15 08:20:00+00:00,611.31,611.31,611.06,611.09,1757.520037962069811166
2026-08-15 08:21:00+00:00,611.09,611.31,611.07,611.16,1757.398379799090343902
2026-08-15 08:22:00+00:00,611.16,611.17,610.97,610.99,597.615482037930188834
2026-08-15 08:23:00+00:00,610.99,611.02,610.94,610.95,0.45783
2026-08-15 08:24:00+00:00,610.95,611.26,610.94,611.26,0.27559
2026-08-15 08:25:00+00:00,611.26,611.26,610.94,610.94,1.198444666735715874
2026-08-15 08:26:00+00:00,610.94,611.06,610.84,610.85,53.140884459791182535
2026-08-15 08:27:00+00:00,610.85,611.06,610.84,611.05,96.99367
2026-08-15 08:28:00+00:00,611.05,611.06,611.03,611.03,0.41976
2026-08-15 08:29:00+00:00,611.03,612,610.93,611.11,518.497857754862477958
2026-08-15 08:30:00+00:00,611.11,611.21,611.11,611.19,0.39951
2026-08-15 08:31:00+00:00,611.19,611.43,611.14,611.4,0.37872
2026-08-15 08:32:00+00:00,611.4,611.46,611.34,611.46,0.39544
2026-08-15 08:33:00+00:00,611.46,611.46,611.34,611.41,0.32623
2026-08-15 08:34:00+00:00,611.41,611.41,611.14,611.17,939.42588
2026-08-15 08:35:00+00:00,611.17,611.56,611.17,611.37,96.88364
2026-08-15 08:36:00+00:00,611.37,611.46,611.34,611.36,0.30743
2026-08-15 08:37:00+00:00,611.36,611.49,611.33,611.33,52.83885
2026-08-15 08:38:00+00:00,611.33,611.46,611.24,611.34,0.27654
2026-08-15 08:39:00+00:00,611.34,611.44,611.33,611.44,0.15508
2026-08-15 08:40:00+00:00,611.44,611.47,611.33,611.41,0.39342
2026-08-15 08:41:00+00:00,611.41,611.46,611.24,611.25,53.01193
2026-08-15 08:42:00+00:00,611.25,611.56,611.25,611.38,0.31952
2026-08-15 08:43:00+00:00,611.38,611.53,611.16,611.31,632.47041
2026-08-15 08:44:00+00:00,611.31,611.46,611.17,611.41,0.37251
2026-08-15 08:45:00+00:00,611.41,611.45,611.24,611.24,0.39826
2026-08-15 08:46:00+00:00,611.24,611.46,611.24,611.46,0.38968
2026-08-15 08:47:00+00:00,611.46,611.72,611.33,611.47,0.30639
2026-08-15 08:48:00+00:00,611.47,611.66,611.47,611.63,52.96536
2026-08-15 08:49:00+00:00,611.63,611.76,611.63,611.64,0.29656
2026-08-15 08:50:00+00:00,611.64,611.76,611.64,611.65,0.33829
2026-08-15 08:51:00+00:00,611.65,611.84,611.64,611.82,0.36738
2026-08-15 08:52:00+00:00,611.82,611.86,611.66,611.74,0.38338
2026-08-15 08:53:00+00:00,611.74,611.76,611.69,611.71,0.28289
2026-08-15 08:54:00+00:00,611.71,611.86,611.24,611.25,275.44569
2026-08-15 08:55:00+00:00,611.25,611.42,611.24,611.42,125.91973
2026-08-15 08:56:00+00:00,611.42,611.43,611.11,611.26,261.7619
2026-08-15 08:57:00+00:00,611.26,611.26,611.14,611.18,0.4088
2026-08-15 08:58:00+00:00,611.18,611.21,611.04,611.11,0.51186
2026-08-15 08:59:00+00:00,611.11,611.16,610.84,610.9,518.62421
2026-08-15 09:00:00+00:00,610.9,611.26,610.84,610.84,571.30177
2026-08-15 09:01:00+00:00,610.84,610.85,610.84,610.85,0.23107
2026-08-15 09:02:00+00:00,610.85,610.85,610.57,610.57,2508.66731
2026-08-15 09:03:00+00:00,610.57,610.65,610.34,610.38,242.16547
2026-08-15 09:04:00+00:00,610.38,610.43,610.24,610.28,128.347021602981074101
2026-08-15 09:05:00+00:00,610.28,610.45,610.25,610.43,156.80698
2026-08-15 09:06:00+00:00,610.43,610.46,610.34,610.36,0.38775
2026-08-15 09:07:00+00:00,610.36,610.46,610.34,610.44,0.4869
2026-08-15 09:08:00+00:00,610.44,610.65,610.44,610.65,0.31255
2026-08-15 09:09:00+00:00,610.65,610.66,610.45,610.47,0.21782
2026-08-15 09:10:00+00:00,610.47,610.66,610.47,610.62,53.08899
2026-08-15 09:11:00+00:00,610.62,610.66,610.62,610.64,0.416
2026-08-15 09:12:00+00:00,610.64,610.83,610.45,610.81,105.434008808252587172
2026-08-15 09:13:00+00:00,610.81,610.83,610.81,610.82,0.521098937005940982
2026-08-15 09:14:00+00:00,610.82,610.94,610.74,610.86,976.53967
2026-08-15 09:15:00+00:00,610.86,610.89,610.57,610.77,193.56642
2026-08-15 09:16:00+00:00,610.77,610.93,610.77,610.93,0.4287
2026-08-15 09:17:00+00:00,610.93,610.93,610.77,610.92,0.31719
2026-08-15 09:18:00+00:00,610.92,610.93,610.8,610.86,0.33324
2026-08-15 09:19:00+00:00,610.86,611.01,610.86,611.01,0.28092
2026-08-15 09:20:00+00:00,611.01,611.16,611,611.09,0.40281
2026-08-15 09:21:00+00:00,611.09,611.16,611.04,611.06,0.44294
2026-08-15 09:22:00+00:00,611.06,611.36,610.98,611.24,0.41723
2026-08-15 09:23:00+00:00,611.24,611.36,611.24,611.35,0.27613
2026-08-15 09:24:00+00:00,611.35,611.56,611.14,611.56,110.71123
2026-08-15 09:25:00+00:00,611.56,611.56,611.47,611.56,0.37494
2026-08-15 09:26:00+00:00,611.56,611.66,611.5,611.65,1412.79188
2026-08-15 09:27:00+00:00,611.65,611.66,611.54,611.66,0.384
2026-08-15 09:28:00+00:00,611.66,611.76,611.54,611.66,0.27904
2026-08-15 09:29:00+00:00,611.66,611.68,611.54,611.55,0.28872
2026-08-15 09:30:00+00:00,611.55,611.68,611.2,611.47,0.44583
2026-08-15 09:31:00+00:00,611.47,611.58,611.42,611.46,0.1899
2026-08-15 09:32:00+00:00,611.46,612.4,611.46,612.4,0.259400402348669468
2026-08-15 09:33:00+00:00,612.4,612.4,611.47,611.58,0.46556
2026-08-15 09:34:00+00:00,611.58,611.66,611.42,611.42,0.30858
2026-08-15 09:35:00+00:00,611.42,611.86,611.42,611.85,96.80839
2026-08-15 09:36:00+00:00,611.85,611.86,611.74,611.74,0.36845
2026-08-15 09:37:00+00:00,611.74,612.06,611.42,612.06,0.35539
2026-08-15 09:38:00+00:00,612.06,612.06,611.94,611.94,0.38753
2026-08-15 09:39:00+00:00,611.94,612.06,611.94,612.05,0.32415
2026-08-15 09:40:00+00:00,612.05,612.06,611.67,611.69,456.41521
2026-08-15 09:41:00+00:00,611.69,611.76,611.64,611.76,0.41893
2026-08-15 09:42:00+00:00,611.76,611.76,611.42,611.69,0.35
2026-08-15 09:43:00+00:00,611.69,611.69,611.42,611.68,0.2529
2026-08-15 09:44:00+00:00,611.68,611.86,611.65,611.76,0.24412
2026-08-15 09:45:00+00:00,611.76,611.76,611.66,611.7,0.24472
2026-08-15 09:46:00+00:00,611.7,611.96,611.7,611.95,0.4342
2026-08-15 09:47:00+00:00,611.95,612.38,611.86,612.22,229.81871
2026-08-15 09:48:00+00:00,612.22,612.26,612.14,612.25,0.38718
2026-08-15 09:49:00+00:00,612.25,612.26,612.14,612.26,0.3353
2026-08-15 09:50:00+00:00,612.26,612.26,612.04,612.15,0.30558
2026-08-15 09:51:00+00:00,612.15,612.26,612.04,612.15,0.19429
2026-08-15 09:52:00+00:00,612.15,612.26,612.15,612.24,0.3132
2026-08-15 09:53:00+00:00,612.24,612.26,612.21,612.24,0.33992
2026-08-15 09:54:00+00:00,612.24,612.53,612.22,612.26,0.22302
2026-08-15 09:55:00+00:00,612.26,612.46,612.23,612.37,105.42462
2026-08-15 09:56:00+00:00,612.37,612.55,612.34,612.52,89.49743
2026-08-15 09:57:00+00:00,612.52,612.54,612.34,612.46,0.47491
2026-08-15 09:58:00+00:00,612.46,612.46,612.24,612.24,52.99274
2026-08-15 09:59:00+00:00,612.24,612.36,612.24,612.26,1.121973769987397914
2026-08-15 10:00:00+00:00,612.26,612.56,612.24,612.46,2.158990213640579857
2026-08-15 10:01:00+00:00,612.46,612.46,612.36,612.4,0.29338
2026-08-15 10:02:00+00:00,612.4,612.4,612.14,612.14,53.01095
2026-08-15 10:03:00+00:00,612.14,612.16,612.04,612.04,0.39432
2026-08-15 10:04:00+00:00,612.04,612.06,611.94,611.98,0.4
2026-08-15 10:05:00+00:00,611.98,612.06,611.88,611.9,0.37202
2026-08-15 10:06:00+00:00,611.9,612.06,611.87,612.05,0.40397
2026-08-15 10:07:00+00:00,612.05,612.16,611.94,611.95,0.33847
2026-08-15 10:08:00+00:00,611.95,612.16,611.86,612.04,0.42054
2026-08-15 10:09:00+00:00,612.04,612.15,611.94,612.08,0.30667
2026-08-15 10:10:00+00:00,612.08,612.16,612.06,612.12,0.21632
2026-08-15 10:11:00+00:00,612.12,612.2,612.04,612.2,0.33337
2026-08-15 10:12:00+00:00,612.2,612.2,612.08,612.09,0.19148
2026-08-15 10:13:00+00:00,612.09,612.16,611.69,611.86,353.24241
2026-08-15 10:14:00+00:00,611.86,611.86,611.69,611.76,96.92575
2026-08-15 10:15:00+00:00,611.76,611.86,611.47,611.6,96.7698
2026-08-15 10:16:00+00:00,611.6,611.61,611.42,611.44,5.866635374082159158
2026-08-15 10:17:00+00:00,611.44,611.66,611.42,611.55,53.04065
2026-08-15 10:18:00+00:00,611.55,611.56,611.42,611.45,0.26631
2026-08-15 10:19:00+00:00,611.45,611.54,611.42,611.46,0.13807
2026-08-15 10:20:00+00:00,611.46,611.76,611.44,611.64,96.81446
2026-08-15 10:21:00+00:00,611.64,611.76,611.64,611.76,0.29938
2026-08-15 10:22:00+00:00,611.76,611.76,611.64,611.75,0.39881
2026-08-15 10:23:00+00:00,611.75,611.86,611.74,611.86,0.3371
2026-08-15 10:24:00+00:00,611.86,612.13,611.77,611.86,0.25942
2026-08-15 10:25:00+00:00,611.86,612.13,611.86,612.13,44.22477
2026-08-15 10:26:00+00:00,612.13,612.13,611.8,612.04,1.544618817714511664
2026-08-15 10:27:00+00:00,612.04,612.13,612.04,612.05,0.398707962069811166
2026-08-15 10:28:00+00:00,612.05,612.13,612.04,612.04,0.3481
2026-08-15 10:29:00+00:00,612.04,612.13,612.04,612.06,0.3063
2026-08-15 10:30:00+00:00,612.06,612.17,611.94,611.99,53.05369
2026-08-15 10:31:00+00:00,611.99,612.2,611.96,612.2,53.01188
2026-08-15 10:32:00+00:00,612.2,612.36,612.05,612.15,53.01443
2026-08-15 10:33:00+00:00,612.15,612.15,612.14,612.14,0.22725
2026-08-15 10:34:00+00:00,612.14,612.15,612.14,612.14,0.20691
2026-08-15 10:35:00+00:00,612.14,612.15,611.94,612.04,0.413280839174550267
2026-08-15 10:36:00+00:00,612.04,612.26,611.94,612.24,241.44473
2026-08-15 10:37:00+00:00,612.24,612.26,612.03,612.26,500.00264
2026-08-15 10:38:00+00:00,612.26,612.26,611.94,612.06,0.40338
2026-08-15 10:39:00+00:00,612.06,612.26,611.94,612.26,96.5638
2026-08-15 10:40:00+00:00,612.26,612.36,612.16,612.17,0.28705
2026-08-15 10:41:00+00:00,612.17,612.26,612.17,612.23,0.25969
2026-08-15 10:42:00+00:00,612.23,612.26,612.14,612.14,0.45604
2026-08-15 10:43:00+00:00,612.14,612.26,611.85,612.02,149.42488
2026-08-15 10:44:00+00:00,612.02,612.06,611.4,611.96,0.39658
2026-08-15 10:45:00+00:00,611.96,611.96,611.84,611.84,0.3311
2026-08-15 10:46:00+00:00,611.84,611.94,611.84,611.88,0.27529
2026-08-15 10:47:00+00:00,611.88,611.93,611.84,611.87,0.19784
2026-08-15 10:48:00+00:00,611.87,611.93,611.84,611.86,0.24388
2026-08-15 10:49:00+00:00,611.86,611.91,611.84,611.87,0.18356
2026-08-15 10:50:00+00:00,611.87,611.96,611.87,611.96,0.758745005979707994
2026-08-15 10:51:00+00:00,611.96,612.06,611.9,612.06,0.46797
2026-08-15 10:52:00+00:00,612.06,612.16,611.93,611.98,0.39807
2026-08-15 10:53:00+00:00,611.98,612.16,611.98,612.15,53.02806
2026-08-15 10:54:00+00:00,612.15,612.16,612.05,612.05,0.33556
2026-08-15 10:55:00+00:00,612.05,612.16,612.04,612.06,0.33705
2026-08-15 10:56:00+00:00,612.06,612.26,612.04,612.16,0.39361
2026-08-15 10:57:00+00:00,612.16,612.26,612.12,612.13,52.90454
2026-08-15 10:58:00+00:00,612.13,612.16,611.91,612.06,96.81091
2026-08-15 10:59:00+00:00,612.06,612.06,611.84,611.87,53.12664
2026-08-15 11:00:00+00:00,611.87,611.87,611.74,611.74,0.45758
2026-08-15 11:01:00+00:00,611.74,611.86,611.74,611.84,0.38309
2026-08-15 11:02:00+00:00,611.84,611.86,611.64,611.75,0.33742
2026-08-15 11:03:00+00:00,611.75,611.76,611.64,611.64,0.29857
2026-08-15 11:04:00+00:00,611.64,611.73,611.64,611.67,0.29857
2026-08-15 11:05:00+00:00,611.67,611.86,611.41,611.86,0.30275
2026-08-15 11:06:00+00:00,611.86,611.96,611.42,611.96,0.33158
2026-08-15 11:07:00+00:00,611.96,611.96,611.41,611.96,149.52888
2026-08-15 11:08:00+00:00,611.96,611.96,611.75,611.87,0.36933
2026-08-15 11:09:00+00:00,611.87,611.88,611.74,611.74,0.43625
2026-08-15 11:10:00+00:00,611.74,611.86,611.68,611.81,0.31291
2026-08-15 11:11:00+00:00,611.81,611.86,611.64,611.74,0.45469
2026-08-15 11:12:00+00:00,611.74,611.76,611.65,611.75,0.33506
2026-08-15 11:13:00+00:00,611.75,612.16,611.74,612.1,229.91084
2026-08-15 11:14:00+00:00,612.1,612.11,612.04,612.04,0.35246
2026-08-15 11:15:00+00:00,612.04,612.16,612.04,612.16,0.32821
2026-08-15 11:16:00+00:00,612.16,612.26,612.15,612.25,0.32691
2026-08-15 11:17:00+00:00,612.25,612.26,612.16,612.25,0.31158
2026-08-15 11:18:00+00:00,612.25,612.36,612.2,612.31,0.3434
2026-08-15 11:19:00+00:00,612.31,612.46,612.21,612.26,105.7811
2026-08-15 11:20:00+00:00,612.26,612.26,612.14,612.15,0.3717
2026-08-15 11:21:00+00:00,612.15,612.23,612.15,612.23,0.17618
2026-08-15 11:22:00+00:00,612.23,612.23,611.94,611.96,359.64036
2026-08-15 11:23:00+00:00,611.96,612.06,611.84,612.02,96.77363
2026-08-15 11:24:00+00:00,612.02,612.06,611.96,612.06,0.33821
2026-08-15 11:25:00+00:00,612.06,612.06,611.84,611.84,0.31147
2026-08-15 11:26:00+00:00,611.84,611.92,611.84,611.84,0.32812
2026-08-15 11:27:00+00:00,611.84,611.92,611.84,611.84,0.4042
2026-08-15 11:28:00+00:00,611.84,612.26,611.84,612.26,185.94026
2026-08-15 11:29:00+00:00,612.26,612.26,612.24,612.24,0.48217
2026-08-15 11:30:00+00:00,612.24,612.26,612.14,612.24,0.4409
2026-08-15 11:31:00+00:00,612.24,612.26,612.04,612.11,0.37803
2026-08-15 11:32:00+00:00,612.11,612.2,612.04,612.05,0.3227
2026-08-15 11:33:00+00:00,612.05,612.16,611.94,611.94,0.35076
2026-08-15 11:34:00+00:00,611.94,612.06,611.94,611.96,0.39948
2026-08-15 11:35:00+00:00,611.96,612.06,611.94,611.96,0.2982
2026-08-15 11:36:00+00:00,611.96,612.06,611.84,611.84,0.36564
2026-08-15 11:37:00+00:00,611.84,611.96,611.74,611.85,0.43152
2026-08-15 11:38:00+00:00,611.85,612.06,611.74,611.96,53.17117
2026-08-15 11:39:00+00:00,611.96,612.43,611.94,612.36,185.7615
2026-08-15 11:40:00+00:00,612.36,612.36,612.25,612.32,0.29734
2026-08-15 11:41:00+00:00,612.32,612.34,612.14,612.21,0.3978
2026-08-15 11:42:00+00:00,612.21,612.36,612.14,612.3,0.33667
2026-08-15 11:43:00+00:00,612.3,612.32,611.84,611.84,904.65923
2026-08-15 11:44:00+00:00,611.84,611.96,611.84,611.86,0.37662
2026-08-15 11:45:00+00:00,611.86,612.16,611.86,612.16,0.37313
2026-08-15 11:46:00+00:00,612.16,612.16,611.94,612.04,0.32835
2026-08-15 11:47:00+00:00,612.04,612.05,611.84,611.87,52.92751
2026-08-15 11:48:00+00:00,611.87,611.87,611.69,611.71,508.83195
2026-08-15 11:49:00+00:00,611.71,611.76,611.67,611.72,0.38318
2026-08-15 11:50:00+00:00,611.72,611.73,611.67,611.73,0.32571
2026-08-15 11:51:00+00:00,611.73,611.73,611.67,611.73,0.46589
2026-08-15 11:52:00+00:00,611.73,611.73,611.67,611.73,0.45119
2026-08-15 11:53:00+00:00,611.73,611.76,611.64,611.64,0.29096
2026-08-15 11:54:00+00:00,611.64,611.76,611.64,611.64,0.31168
2026-08-15 11:55:00+00:00,611.64,611.76,611.64,611.65,0.33772
2026-08-15 11:56:00+00:00,611.65,611.76,611.64,611.73,0.34019
2026-08-15 11:57:00+00:00,611.73,611.86,611.67,611.67,0.35257
2026-08-15 11:58:00+00:00,611.67,612.27,611.65,612.26,185.92493
2026-08-15 11:59:00+00:00,612.26,612.29,612.04,612.06,52.88706
2026-08-15 12:00:00+00:00,612.06,612.16,611.84,611.84,202.08373
2026-08-15 12:01:00+00:00,611.84,612.06,611.84,612.04,3.287194849495048534
2026-08-15 12:02:00+00:00,612.04,612.06,611.94,611.97,0.30138
2026-08-15 12:03:00+00:00,611.97,612.16,611.97,612.14,52.68065
2026-08-15 12:04:00+00:00,612.14,612.16,612.1,612.14,0.35448
2026-08-15 12:05:00+00:00,612.14,612.3,612.04,612.28,106.384650069276517874
2026-08-15 12:06:00+00:00,612.28,613.14,612.24,613.13,2437.701480022154161828
2026-08-15 12:07:00+00:00,613.13,613.14,612.43,612.76,1299.707549746322761931
2026-08-15 12:08:00+00:00,612.76,612.83,612.74,612.74,0.31913
2026-08-15 12:09:00+00:00,612.74,613.13,612.71,613.02,201.8648
2026-08-15 12:10:00+00:00,613.02,613.06,612.84,612.89,53.02691
2026-08-15 12:11:00+00:00,612.89,612.91,612.64,612.64,884.65536
2026-08-15 12:12:00+00:00,612.64,612.86,612.64,612.86,0.21504
2026-08-15 12:13:00+00:00,612.86,612.86,612.64,612.74,0.34486
2026-08-15 12:14:00+00:00,612.74,612.86,612.74,612.74,4.564578335346150079
2026-08-15 12:15:00+00:00,612.74,612.76,612.64,612.66,6.516411040391676866
2026-08-15 12:16:00+00:00,612.66,612.76,612.64,612.76,0.38657
2026-08-15 12:17:00+00:00,612.76,612.76,612.64,612.67,0.32713
2026-08-15 12:18:00+00:00,612.67,612.76,612.64,612.64,0.27283
2026-08-15 12:19:00+00:00,612.64,612.71,612.54,612.54,0.22714
2026-08-15 12:20:00+00:00,612.54,612.66,612.54,612.54,0.30671
2026-08-15 12:21:00+00:00,612.54,612.65,612.54,612.54,0.09622
2026-08-15 12:22:00+00:00,612.54,612.64,612.44,612.48,149.10134
2026-08-15 12:23:00+00:00,612.48,612.56,612.34,612.34,1.269232328633140435
2026-08-15 12:24:00+00:00,612.34,612.46,612.08,612.08,185.90502
2026-08-15 12:25:00+00:00,612.08,612.09,612.06,612.08,0.34421
2026-08-15 12:26:00+00:00,612.08,612.09,611.84,611.94,30.80552
2026-08-15 12:27:00+00:00,611.94,611.96,611.93,611.93,0.38572
2026-08-15 12:28:00+00:00,611.93,611.96,611.93,611.93,0.40212
2026-08-15 12:29:00+00:00,611.93,611.96,611.76,611.96,0.41626
2026-08-15 12:30:00+00:00,611.96,611.96,611.88,611.93,0.32691
2026-08-15 12:31:00+00:00,611.93,611.96,611.74,611.79,0.34348
2026-08-15 12:32:00+00:00,611.79,611.86,611.64,611.67,53.02984
2026-08-15 12:33:00+00:00,611.67,611.68,611.54,611.66,0.35906
2026-08-15 12:34:00+00:00,611.66,611.86,611.63,611.86,149.14047
2026-08-15 12:35:00+00:00,611.86,611.86,611.74,611.86,0.25884
2026-08-15 12:36:00+00:00,611.86,611.86,611.74,611.86,0.32763
2026-08-15 12:37:00+00:00,611.86,611.86,611.74,611.74,2.763451780378567458
2026-08-15 12:38:00+00:00,611.74,611.95,611.74,611.75,0.40282
2026-08-15 12:39:00+00:00,611.75,612.13,611.74,611.74,0.31849
2026-08-15 12:40:00+00:00,611.74,611.86,610.8,611.65,5.577841717819264843
2026-08-15 12:41:00+00:00,611.65,611.77,611.54,611.63,53.04957
2026-08-15 12:42:00+00:00,611.63,611.86,610.8,611.86,110.822610884018002349
2026-08-15 12:43:00+00:00,611.86,611.96,611.74,611.85,0.35054
2026-08-15 12:44:00+00:00,611.85,611.96,611.74,611.96,1.77121395853967123
2026-08-15 12:45:00+00:00,611.96,611.96,611.84,611.94,0.37336
2026-08-15 12:46:00+00:00,611.94,611.95,611.57,611.66,97.04469
2026-08-15 12:47:00+00:00,611.66,611.66,611.44,611.45,0.33995
2026-08-15 12:48:00+00:00,611.45,611.56,611.44,611.44,0.27939
2026-08-15 12:49:00+00:00,611.44,611.56,610.92,611.1,133.43212
2026-08-15 12:50:00+00:00,611.1,611.16,610.94,610.94,53.01331
2026-08-15 12:51:00+00:00,610.94,610.95,610.74,610.74,0.36637
2026-08-15 12:52:00+00:00,610.74,611.16,610.58,611.03,202.35474
2026-08-15 12:53:00+00:00,611.03,611.13,610.94,611.03,316.444
2026-08-15 12:54:00+00:00,611.03,611.04,610.94,611.04,211.08264
2026-08-15 12:55:00+00:00,611.04,611.16,610.94,611.16,53.03145
2026-08-15 12:56:00+00:00,611.16,611.16,611.04,611.16,0.30664
2026-08-15 12:57:00+00:00,611.16,611.43,611.07,611.43,96.865144181342363017
2026-08-15 12:58:00+00:00,611.43,611.56,611.39,611.41,0.36497
2026-08-15 12:59:00+00:00,611.41,611.7,611.41,611.64,0.44149
2026-08-15 13:00:00+00:00,611.64,611.65,611.24,611.3,96.64578
2026-08-15 13:01:00+00:00,611.3,611.36,611.14,611.16,53.01544
2026-08-15 13:02:00+00:00,611.16,611.16,610.84,610.84,1150.95349
2026-08-15 13:03:00+00:00,610.84,610.86,610.73,610.73,0.41462
2026-08-15 13:04:00+00:00,610.73,611.06,610.64,611.03,97.16765
2026-08-15 13:05:00+00:00,611.03,611.06,610.58,611.06,0.39076
2026-08-15 13:06:00+00:00,611.06,611.06,610.58,610.96,1.503187865269706147
2026-08-15 13:07:00+00:00,610.96,610.96,610.74,610.77,0.511769332940367423
2026-08-15 13:08:00+00:00,610.77,610.86,610.64,610.66,53.21562
2026-08-15 13:09:00+00:00,610.66,610.67,610.32,610.36,1480.665508530021718186
2026-08-15 13:10:00+00:00,610.36,610.63,610.33,610.37,149.91446
2026-08-15 13:11:00+00:00,610.37,610.46,610.34,610.34,0.2957
2026-08-15 13:12:00+00:00,610.34,610.46,609.5,610.44,12.86059055543658643
2026-08-15 13:13:00+00:00,610.44,610.46,610.34,610.44,0.29394
2026-08-15 13:14:00+00:00,610.44,610.63,610.24,610.35,8.099971626396290913
2026-08-15 13:15:00+00:00,610.35,610.36,610.24,610.31,0.37488
2026-08-15 13:16:00+00:00,610.31,610.74,610.24,610.65,223.06192
2026-08-15 13:17:00+00:00,610.65,610.66,610.24,610.24,133.66823
2026-08-15 13:18:00+00:00,610.24,610.36,609.94,609.94,187.053169311531277648
2026-08-15 13:19:00+00:00,609.94,609.95,609.84,609.86,0.2993
2026-08-15 13:20:00+00:00,609.86,609.9,609.64,609.64,3.372373404675679435
2026-08-15 13:21:00+00:00,609.64,609.86,609.47,609.76,0.864442448580664605
2026-08-15 13:22:00+00:00,609.76,609.76,609.64,609.64,0.38441
2026-08-15 13:23:00+00:00,609.64,610.06,609.64,610.06,96.92859
2026-08-15 13:24:00+00:00,610.06,610.06,609.84,610.05,55.189140404817227839
2026-08-15 13:25:00+00:00,610.05,610.56,609.84,610.54,223.12040022932022932
2026-08-15 13:26:00+00:00,610.54,610.56,610.25,610.53,117.41903022932022932
2026-08-15 13:27:00+00:00,610.53,610.56,610.44,610.56,8.351169303138083127
2026-08-15 13:28:00+00:00,610.56,610.56,610.54,610.54,0.31879
2026-08-15 13:29:00+00:00,610.54,610.63,610.54,610.55,0.31715
2026-08-15 13:30:00+00:00,610.55,610.73,610.53,610.55,0.30145
2026-08-15 13:31:00+00:00,610.55,610.59,610.23,610.35,59.15206
2026-08-15 13:32:00+00:00,610.35,610.46,610.3,610.3,0.3467
2026-08-15 13:33:00+00:00,610.3,610.36,610.3,610.3,0.36152
2026-08-15 13:34:00+00:00,610.3,610.56,610.26,610.45,399.12796
2026-08-15 13:35:00+00:00,610.45,610.66,610.45,610.66,564.0848
2026-08-15 13:36:00+00:00,610.66,610.66,610.45,610.47,0.39772
2026-08-15 13:37:00+00:00,610.47,610.56,610.44,610.53,0.31273
2026-08-15 13:38:00+00:00,610.53,610.63,610.34,610.34,361.04963
2026-08-15 13:39:00+00:00,610.34,610.34,610.07,610.21,0.40334
2026-08-15 13:40:00+00:00,610.21,610.21,609.94,609.98,53.22446
2026-08-15 13:41:00+00:00,609.98,609.98,609.96,609.97,0.22773
2026-08-15 13:42:00+00:00,609.97,610.11,609.96,609.98,0.18299
2026-08-15 13:43:00+00:00,609.98,610.06,609.94,609.94,0.37287
2026-08-15 13:44:00+00:00,609.94,610.21,609.94,610.15,0.24355
2026-08-15 13:45:00+00:00,610.15,610.21,609.84,609.91,845.90291
2026-08-15 13:46:00+00:00,609.91,610.21,609.64,609.86,53.07102
2026-08-15 13:47:00+00:00,609.86,609.86,609.74,609.86,0.36538
2026-08-15 13:48:00+00:00,609.86,610.06,609.74,609.98,105.73047
2026-08-15 13:49:00+00:00,609.98,610.16,609.84,609.89,266.026658013049608183
2026-08-15 13:50:00+00:00,609.89,609.89,609.84,609.89,0.579353544409647641
2026-08-15 13:51:00+00:00,609.89,609.89,609.64,609.64,0.35304
2026-08-15 13:52:00+00:00,609.64,609.76,609.64,609.64,0.38598
2026-08-15 13:53:00+00:00,609.64,609.76,609.64,609.67,0.31181
2026-08-15 13:54:00+00:00,609.67,609.76,609.28,609.74,0.40518190540230262
2026-08-15 13:55:00+00:00,609.74,609.96,609.74,609.94,97.13667
2026-08-15 13:56:00+00:00,609.94,610.06,609.94,610.06,0.35057
2026-08-15 13:57:00+00:00,610.06,610.26,609.95,610.26,53.14098
2026-08-15 13:58:00+00:00,610.26,610.26,610.04,610.14,0.39658
2026-08-15 13:59:00+00:00,610.14,610.33,610.04,610.05,0.35807
2026-08-15 14:00:00+00:00,610.05,610.26,610.05,610.26,0.26121
2026-08-15 14:01:00+00:00,610.26,610.26,610.07,610.16,0.18621
2026-08-15 14:02:00+00:00,610.16,610.16,610.08,610.11,0.28185
2026-08-15 14:03:00+00:00,610.11,610.13,610.07,610.07,0.1794
2026-08-15 14:04:00+00:00,610.07,610.16,610.07,610.08,5.101320314077765392
2026-08-15 14:05:00+00:00,610.08,610.33,610.07,610.07,0.35943
2026-08-15 14:06:00+00:00,610.07,610.26,609.84,609.92,2.947126653017155449
2026-08-15 14:07:00+00:00,609.92,610.04,609.92,610.04,0.38214
2026-08-15 14:08:00+00:00,610.04,610.16,609.97,610.04,53.07436
2026-08-15 14:09:00+00:00,610.04,610.26,610.04,610.26,0.29278
2026-08-15 14:10:00+00:00,610.26,610.33,610.04,610.16,109.576958242523555919
2026-08-15 14:11:00+00:00,610.16,610.16,609.98,609.99,8.940023377467941529
2026-08-15 14:12:00+00:00,609.99,610.06,609.94,609.94,8.281202849886722569
2026-08-15 14:13:00+00:00,609.94,610.06,609.84,609.93,0.39558
2026-08-15 14:14:00+00:00,609.93,609.96,609.71,609.74,139.041803620066261208
2026-08-15 14:15:00+00:00,609.74,609.74,609.67,609.7,0.38639
2026-08-15 14:16:00+00:00,609.7,609.74,609.49,609.5,133.80564
2026-08-15 14:17:00+00:00,609.5,609.51,609.42,609.45,0.3931
2026-08-15 14:18:00+00:00,609.45,609.66,609.29,609.35,83.7586
2026-08-15 14:19:00+00:00,609.35,609.46,609.28,609.35,6.818684039848973228
2026-08-15 14:20:00+00:00,609.35,609.56,609.14,609.22,55.933488085429001789
2026-08-15 14:21:00+00:00,609.22,609.36,609.05,609.15,0.495328565611454091
2026-08-15 14:22:00+00:00,609.15,609.26,609.05,609.09,0.647767775880536248
2026-08-15 14:23:00+00:00,609.09,609.16,609.05,609.16,4.731402435664142695
2026-08-15 14:24:00+00:00,609.16,609.25,609.05,609.2,0.35531
2026-08-15 14:25:00+00:00,609.2,609.36,609.14,609.25,0.40613
2026-08-15 14:26:00+00:00,609.25,609.26,609.14,609.25,0.43971
2026-08-15 14:27:00+00:00,609.25,609.56,609.24,609.56,105.98647
2026-08-15 14:28:00+00:00,609.56,609.56,609.35,609.43,0.31038
2026-08-15 14:29:00+00:00,609.43,609.66,609.36,609.62,150.04867
2026-08-15 14:30:00+00:00,609.62,609.73,609.62,609.66,0.3743
2026-08-15 14:31:00+00:00,609.66,609.76,609.63,609.76,1.243233382473114764
2026-08-15 14:32:00+00:00,609.76,609.86,609.71,609.74,0.474813544409647641
2026-08-15 14:33:00+00:00,609.74,610.06,609.74,609.86,2410.32917
2026-08-15 14:34:00+00:00,609.86,610.05,609.84,609.96,0.5413
2026-08-15 14:35:00+00:00,609.96,610.26,609.87,610.25,105.93898
2026-08-15 14:36:00+00:00,610.25,610.44,610.24,610.41,142.33513
2026-08-15 14:37:00+00:00,610.41,610.41,609.87,609.87,1392.24467
2026-08-15 14:38:00+00:00,609.87,609.89,609.87,609.89,0.36697
2026-08-15 14:39:00+00:00,609.89,610.05,609.87,610.05,1100.86682
2026-08-15 14:40:00+00:00,610.05,610.05,609.87,609.9,0.24541
2026-08-15 14:41:00+00:00,609.9,610.22,609.89,610.16,898.64703
2026-08-15 14:42:00+00:00,610.16,610.16,609.94,610.06,53.20441
2026-08-15 14:43:00+00:00,610.06,610.06,609.84,609.96,53.17981
2026-08-15 14:44:00+00:00,609.96,610.06,609.84,610.06,0.26937
2026-08-15 14:45:00+00:00,610.06,610.06,609.94,610.06,1.110842954750709912
2026-08-15 14:46:00+00:00,610.06,610.06,609.84,609.91,0.3988
2026-08-15 14:47:00+00:00,609.91,610.05,609.84,609.92,1.231921838955225531
2026-08-15 14:48:00+00:00,609.92,609.96,609.84,609.94,0.30687
2026-08-15 14:49:00+00:00,609.94,609.96,609.88,609.95,0.27922
2026-08-15 14:50:00+00:00,609.95,609.95,609.64,609.66,53.3395
2026-08-15 14:51:00+00:00,609.66,610.06,609.66,610.06,978.27805
2026-08-15 14:52:00+00:00,610.06,610.36,610.05,610.35,246.27417
2026-08-15 14:53:00+00:00,610.35,610.53,610.34,610.44,653.0903
2026-08-15 14:54:00+00:00,610.44,610.58,610.44,610.44,0.29919
2026-08-15 14:55:00+00:00,610.44,610.76,610.44,610.74,547.49352
2026-08-15 14:56:00+00:00,610.74,610.76,610.74,610.75,0.44261
2026-08-15 14:57:00+00:00,610.75,610.85,610.74,610.84,1.415127865269706147
2026-08-15 14:58:00+00:00,610.84,610.96,610.84,610.87,0.39425
2026-08-15 14:59:00+00:00,610.87,610.96,610.84,610.94,0.31121
2026-08-15 15:00:00+00:00,610.94,611.06,610.87,611.05,1.896234977582509905
2026-08-15 15:01:00+00:00,611.05,611.05,610.87,610.87,1369.46954
2026-08-15 15:02:00+00:00,610.87,611.23,610.87,611.21,149.57094
2026-08-15 15:03:00+00:00,611.21,611.23,611.21,611.23,0.38895
2026-08-15 15:04:00+00:00,611.23,611.49,611.21,611.45,125.80907
2026-08-15 15:05:00+00:00,611.45,611.55,611.44,611.44,0.36769
2026-08-15 15:06:00+00:00,611.44,611.56,611.35,611.35,3.618162447017358995
2026-08-15 15:07:00+00:00,611.35,611.46,611.15,611.15,53.06997
2026-08-15 15:08:00+00:00,611.15,611.4,611.14,611.34,105.96995022932022932
2026-08-15 15:09:00+00:00,611.34,611.36,611.14,611.14,0.774924721454164689
2026-08-15 15:10:00+00:00,611.14,611.26,611.14,611.17,0.31663
2026-08-15 15:11:00+00:00,611.17,611.26,611.04,611.16,0.34325
2026-08-15 15:12:00+00:00,611.16,611.16,611.04,611.04,0.31613
2026-08-15 15:13:00+00:00,611.04,611.26,611.04,611.07,0.29681
2026-08-15 15:14:00+00:00,611.07,611.26,611.04,611.16,0.33699
2026-08-15 15:15:00+00:00,611.16,611.45,611.16,611.34,149.51653
2026-08-15 15:16:00+00:00,611.34,611.56,611.24,611.51,53.02669
2026-08-15 15:17:00+00:00,611.51,611.68,611.44,611.65,53.03047
2026-08-15 15:18:00+00:00,611.65,611.76,611.64,611.64,0.31181
2026-08-15 15:19:00+00:00,611.64,611.85,611.64,611.64,53.0326
2026-08-15 15:20:00+00:00,611.64,611.76,611.37,611.37,352.89525
2026-08-15 15:21:00+00:00,611.37,611.58,610.96,610.96,244.6836
2026-08-15 15:22:00+00:00,610.96,611.23,610.94,611.15,184.73144
2026-08-15 15:23:00+00:00,611.15,611.16,610.94,610.94,242.707748577800612845
2026-08-15 15:24:00+00:00,610.94,610.96,610.87,610.88,0.28287
2026-08-15 15:25:00+00:00,610.88,611.06,610.74,610.85,0.48734
2026-08-15 15:26:00+00:00,610.85,611.06,610.74,611.06,53.08267
2026-08-15 15:27:00+00:00,611.06,611.23,610.94,611.06,0.4204
2026-08-15 15:28:00+00:00,611.06,611.16,611.04,611.14,2.288613751893281853
2026-08-15 15:29:00+00:00,611.14,611.17,611.01,611.01,270.97116
2026-08-15 15:30:00+00:00,611.01,611.06,610.89,611.06,0.32301
2026-08-15 15:31:00+00:00,611.06,611.06,610.89,611,0.28866
2026-08-15 15:32:00+00:00,611,611.06,611,611.01,0.36321
2026-08-15 15:33:00+00:00,611.01,611.33,610.1,611.2,215.80033332351322353
2026-08-15 15:34:00+00:00,611.2,611.2,610.95,611.05,199.580089313133550667
2026-08-15 15:35:00+00:00,611.05,611.33,610.93,611.15,53.04928
2026-08-15 15:36:00+00:00,611.15,611.33,611.15,611.26,667.30588
2026-08-15 15:37:00+00:00,611.26,611.33,611.14,611.28,53.20277
2026-08-15 15:38:00+00:00,611.28,611.33,611.13,611.13,97.126138004975147982
2026-08-15 15:39:00+00:00,611.13,611.16,611.04,611.06,0.35085
2026-08-15 15:40:00+00:00,611.06,611.26,611.06,611.24,0.39947
2026-08-15 15:41:00+00:00,611.24,611.33,611.18,611.18,0.31311
2026-08-15 15:42:00+00:00,611.18,611.26,610.94,610.97,55.778341711528153511
2026-08-15 15:43:00+00:00,610.97,611.06,610.94,611.06,0.39853
2026-08-15 15:44:00+00:00,611.06,611.16,610.74,610.76,0.4072
2026-08-15 15:45:00+00:00,610.76,611.46,610,611.46,814.366731995024852018
2026-08-15 15:46:00+00:00,611.46,611.89,611.44,611.72,1088.356913364063971899
2026-08-15 15:47:00+00:00,611.72,611.76,611.54,611.58,1176.8823
2026-08-15 15:48:00+00:00,611.58,611.66,611.56,611.66,0.40831
2026-08-15 15:49:00+00:00,611.66,611.79,611.64,611.71,147.08995
2026-08-15 15:50:00+00:00,611.71,611.96,611.7,611.77,53.18094
2026-08-15 15:51:00+00:00,611.77,611.99,611.64,611.64,1.62794917581862889
2026-08-15 15:52:00+00:00,611.64,611.86,611.64,611.86,0.34634
2026-08-15 15:53:00+00:00,611.86,611.86,611.74,611.84,0.27913
2026-08-15 15:54:00+00:00,611.84,611.86,611.76,611.76,0.2644
2026-08-15 15:55:00+00:00,611.76,611.86,611.49,611.49,0.37199
2026-08-15 15:56:00+00:00,611.49,611.86,611.48,611.86,0.781897913631463757
2026-08-15 15:57:00+00:00,611.86,611.97,611.84,611.89,0.41363
2026-08-15 15:58:00+00:00,611.89,612.1,611.84,612.09,316.13092524253559391
2026-08-15 15:59:00+00:00,612.09,612.1,611.94,611.94,0.3845
2026-08-15 16:00:00+00:00,611.94,612.06,611.67,611.73,96.83548
2026-08-15 16:01:00+00:00,611.73,611.96,611.73,611.95,254.73184
2026-08-15 16:02:00+00:00,611.95,612.06,611.91,611.94,0.35587
2026-08-15 16:03:00+00:00,611.94,612.06,611.94,612.03,0.29223
2026-08-15 16:04:00+00:00,612.03,612.09,611.64,611.75,0.34145
2026-08-15 16:05:00+00:00,611.75,611.86,611.74,611.78,0.31862
2026-08-15 16:06:00+00:00,611.78,611.86,611.74,611.76,0.30566
2026-08-15 16:07:00+00:00,611.76,611.86,611.64,611.64,0.38159
2026-08-15 16:08:00+00:00,611.64,612.06,611.64,611.96,0.38915
2026-08-15 16:09:00+00:00,611.96,611.96,611.84,611.96,0.37766
2026-08-15 16:10:00+00:00,611.96,612.36,611.84,612.18,539.43413614120985319
2026-08-15 16:11:00+00:00,612.18,612.24,612.18,612.22,0.42206
2026-08-15 16:12:00+00:00,612.22,612.24,611.79,611.8,597.95378
2026-08-15 16:13:00+00:00,611.8,611.96,611.7,611.7,650.48659
2026-08-15 16:14:00+00:00,611.7,611.76,611.64,611.76,0.29283
2026-08-15 16:15:00+00:00,611.76,611.76,611.54,611.54,0.35974
2026-08-15 16:16:00+00:00,611.54,611.66,611.54,611.54,0.839120739408407868
2026-08-15 16:17:00+00:00,611.54,611.66,611.54,611.54,0.41959
2026-08-15 16:18:00+00:00,611.54,611.62,611.54,611.56,0.18504
2026-08-15 16:19:00+00:00,611.56,611.66,611.5,611.66,0.46928
2026-08-15 16:20:00+00:00,611.66,611.66,611.44,611.45,0.32023
2026-08-15 16:21:00+00:00,611.45,611.66,611.44,611.65,0.34842
2026-08-15 16:22:00+00:00,611.65,611.76,611.44,611.58,210.96594
2026-08-15 16:23:00+00:00,611.58,611.66,611.54,611.58,1.405361338979171435
2026-08-15 16:24:00+00:00,611.58,611.85,611.54,611.79,9.210929943422031495
2026-08-15 16:25:00+00:00,611.79,612.06,611.78,611.96,96.91401
2026-08-15 16:26:00+00:00,611.96,612.06,611.94,612.03,0.3631
2026-08-15 16:27:00+00:00,612.03,612.16,611.94,612.16,0.41785
2026-08-15 16:28:00+00:00,612.16,612.5,612.04,612.16,0.297430839174550267
2026-08-15 16:29:00+00:00,612.16,612.5,612.05,612.09,0.46546
2026-08-15 16:30:00+00:00,612.09,612.5,612,612.16,0.55201
2026-08-15 16:31:00+00:00,612.16,612.16,611.67,611.75,350.98699
2026-08-15 16:32:00+00:00,611.75,612.06,611.75,611.95,44.17869
2026-08-15 16:33:00+00:00,611.95,612.06,611.94,611.94,0.30834
2026-08-15 16:34:00+00:00,611.94,612.06,611.84,611.87,52.855714603994377798
2026-08-15 16:35:00+00:00,611.87,612.06,611.79,611.79,1.293226898175397292
2026-08-15 16:36:00+00:00,611.79,611.85,611.74,611.83,0.3455
2026-08-15 16:37:00+00:00,611.83,611.83,611.64,611.71,61.663408798953091637
2026-08-15 16:38:00+00:00,611.71,611.71,611.64,611.71,0.27304
2026-08-15 16:39:00+00:00,611.71,611.71,611.7,611.71,0.21052
2026-08-15 16:40:00+00:00,611.71,611.8,611.54,611.74,0.26777
2026-08-15 16:41:00+00:00,611.74,611.83,611.64,611.76,0.32788
2026-08-15 16:42:00+00:00,611.76,611.76,611.64,611.74,0.27389
2026-08-15 16:43:00+00:00,611.74,611.74,611.68,611.71,0.34048
2026-08-15 16:44:00+00:00,611.71,611.86,611.64,611.74,6.945718471560097857
2026-08-15 16:45:00+00:00,611.74,611.96,611.74,611.96,0.29058
2026-08-15 16:46:00+00:00,611.96,611.96,611.85,611.94,0.44436
2026-08-15 16:47:00+00:00,611.94,612.06,611.94,611.95,43.99167
2026-08-15 16:48:00+00:00,611.95,612.06,611.61,611.75,415.51074
2026-08-15 16:49:00+00:00,611.75,611.76,611.75,611.76,0.21578
2026-08-15 16:50:00+00:00,611.76,611.96,611.47,611.96,0.35033
2026-08-15 16:51:00+00:00,611.96,611.96,611.74,611.94,0.28728
2026-08-15 16:52:00+00:00,611.94,611.96,611.74,611.83,0.29268
2026-08-15 16:53:00+00:00,611.83,611.96,611.83,611.95,0.40764
2026-08-15 16:54:00+00:00,611.95,611.96,611.84,611.84,0.38453
2026-08-15 16:55:00+00:00,611.84,612.06,611.84,612.06,43.56164
2026-08-15 16:56:00+00:00,612.06,612.16,611.84,611.93,96.71024
2026-08-15 16:57:00+00:00,611.93,611.96,611.78,611.88,0.788675732099915875
2026-08-15 16:58:00+00:00,611.88,612.06,611.88,612.04,210.82153
2026-08-15 16:59:00+00:00,612.04,612.06,611.77,611.77,396.32298
2026-08-15 17:00:00+00:00,611.77,611.77,611.58,611.59,368.50444
