time,open,high,low,close,volume
2026-08-10 00:00:00+00:00,1909.82,1909.82,1909.82,1909.82,0
2026-08-10 00:01:00+00:00,1909.82,1909.82,1908.15,1908.19,59.50131
2026-08-10 00:02:00+00:00,1908.19,1910.38,1907.52,1909.88,2153.4976
2026-08-10 00:03:00+00:00,1909.88,1910.67,1909.88,1910.15,1011.7295
2026-08-10 00:04:00+00:00,1910.15,1910.15,1909.63,1909.63,2031.19551
2026-08-10 00:05:00+00:00,1909.63,1911.79,1909.63,1911.79,32.00264
2026-08-10 00:06:00+00:00,1911.79,1912.35,1910.99,1911.02,147.64656
2026-08-10 00:07:00+00:00,1911.02,1913.35,1911.02,1913.35,2055.285714000491685802
2026-08-10 00:08:00+00:00,1913.35,1914.33,1913.02,1914.33,2155.40386
2026-08-10 00:09:00+00:00,1914.33,1915.98,1914.33,1915.34,557.1917
2026-08-10 00:10:00+00:00,1915.34,1922.36,1914.92,1922.36,12442.121284000491685802
2026-08-10 00:11:00+00:00,1922.36,1925.91,1921.02,1922.37,28831.57577
2026-08-10 00:12:00+00:00,1922.37,1924.34,1921.66,1922.97,8572.15034
2026-08-10 00:13:00+00:00,1922.97,1923.8,1921.49,1921.49,24603.90016
2026-08-10 00:14:00+00:00,1921.49,1921.49,1920.66,1920.98,23.48309
2026-08-10 00:15:00+00:00,1920.98,1921.12,1919.99,1920.53,176.11816
2026-08-10 00:16:00+00:00,1920.53,1921.53,1919.64,1921.53,1157.91469
2026-08-10 00:17:00+00:00,1921.53,1921.85,1920.47,1920.47,2057.30177
2026-08-10 00:18:00+00:00,1920.47,1921,1919.98,1919.98,1623.711430032238214717
2026-08-10 00:19:00+00:00,1919.98,1920.35,1918.98,1918.98,1054.073103628599253199
2026-08-10 00:20:00+00:00,1918.98,1918.99,1917.02,1917.6,225.362860708876461298
2026-08-10 00:21:00+00:00,1917.6,1917.6,1915.53,1916.88,4173.139725565078586742
2026-08-10 00:22:00+00:00,1916.88,1918.47,1916.6,1916.98,32.295918225164457381
2026-08-10 00:23:00+00:00,1916.98,1917.02,1915.98,1915.98,65.04936
2026-08-10 00:24:00+00:00,1915.98,1916.01,1912.86,1913.82,5211.052078981876540254
2026-08-10 00:25:00+00:00,1913.82,1914.53,1913.47,1914.02,17562.75568
2026-08-10 00:26:00+00:00,1914.02,1914.5,1913.28,1913.99,2119.366515783724455129
2026-08-10 00:27:00+00:00,1913.99,1915.01,1913.99,1914.48,229.79938
2026-08-10 00:28:00+00:00,1914.48,1914.53,1913.93,1914.02,142.348947441763292593
2026-08-10 00:29:00+00:00,1914.02,1914.02,1912.66,1913.21,103.09975
2026-08-10 00:30:00+00:00,1913.21,1914.49,1912.3,1914.49,12593.304096825864872353
2026-08-10 00:31:00+00:00,1914.49,1915.09,1914.16,1914.47,62.26011
2026-08-10 00:32:00+00:00,1914.47,1915.02,1913.71,1915.02,97.01602
2026-08-10 00:33:00+00:00,1915.02,1915.03,1914.57,1915.01,93.65731
2026-08-10 00:34:00+00:00,1915.01,1915.02,1913.33,1914.52,9205.24588
2026-08-10 00:35:00+00:00,1914.52,1914.53,1912.59,1912.59,4144.782434791691867149
2026-08-10 00:36:00+00:00,1912.59,1913.49,1911.36,1911.36,6543.79796
2026-08-10 00:37:00+00:00,1911.36,1911.84,1909.74,1911.46,592.181919576823967707
2026-08-10 00:38:00+00:00,1911.46,1912.01,1911.04,1911.33,87.78983
2026-08-10 00:39:00+00:00,1911.33,1911.53,1907.63,1907.63,4814.875752146903944691
2026-08-10 00:40:00+00:00,1907.63,1909.36,1907.28,1908.67,1071.09851
2026-08-10 00:41:00+00:00,1908.67,1909.34,1907.61,1909,20.40236
2026-08-10 00:42:00+00:00,1909,1909,1907.65,1908.02,67.75977
2026-08-10 00:43:00+00:00,1908.02,1908.02,1905.15,1905.59,7756.376357441763292593
2026-08-10 00:44:00+00:00,1905.59,1906.35,1905.5,1906.01,65.72053
2026-08-10 00:45:00+00:00,1906.01,1907.52,1906.01,1907.07,3290.36708
2026-08-10 00:46:00+00:00,1907.07,1907.77,1906.2,1907.77,2216.964580047739310943
2026-08-10 00:47:00+00:00,1907.77,1909.01,1907.69,1909.01,824.728319952260689057
2026-08-10 00:48:00+00:00,1909.01,1910.83,1909.01,1910.02,6091.4891
2026-08-10 00:49:00+00:00,1910.02,1910.53,1909.33,1910.53,4159.49603
2026-08-10 00:50:00+00:00,1910.53,1912.36,1910.53,1912.16,2011.20361
2026-08-10 00:51:00+00:00,1912.16,1916.36,1912.02,1916.36,337.129938474300636424
2026-08-10 00:52:00+00:00,1916.36,1916.36,1913.63,1913.63,2079.194231890356008691
2026-08-10 00:53:00+00:00,1913.63,1914.02,1913.43,1913.98,45.002460021107407446
2026-08-10 00:54:00+00:00,1913.98,1914.33,1913.47,1914,3157.89296
2026-08-10 00:55:00+00:00,1914,1914.98,1914,1914.51,94.87959
2026-08-10 00:56:00+00:00,1914.51,1914.98,1913.47,1913.53,177.93348
2026-08-10 00:57:00+00:00,1913.53,1913.53,1913.12,1913.42,35.56884
2026-08-10 00:58:00+00:00,1913.42,1913.42,1912.15,1912.18,1082.9884
2026-08-10 00:59:00+00:00,1912.18,1912.18,1910.65,1911.81,2000.8236
2026-08-10 01:00:00+00:00,1911.81,1912.28,1910.68,1912.28,874.61113
2026-08-10 01:01:00+00:00,1912.28,1913.48,1912.02,1913.46,4204.75075
2026-08-10 01:02:00+00:00,1913.46,1914.35,1912.93,1913.67,78.78401
2026-08-10 01:03:00+00:00,1913.67,1914.31,1912.67,1914.31,0.58268
2026-08-10 01:04:00+00:00,1914.31,1914.32,1911.53,1913.36,2117.927121890356008691
2026-08-10 01:05:00+00:00,1913.36,1913.36,1911.35,1911.47,7115.88727
2026-08-10 01:06:00+00:00,1911.47,1911.47,1907.04,1907.05,4151.76275
2026-08-10 01:07:00+00:00,1907.05,1911.35,1907.05,1911.35,1086.97234
2026-08-10 01:08:00+00:00,1911.35,1912,1909.64,1911.69,37409.82388057943338478
2026-08-10 01:09:00+00:00,1911.69,1912.53,1911.67,1912.52,200.02127
2026-08-10 01:10:00+00:00,1912.52,1914.46,1912.52,1914.46,251.49445
2026-08-10 01:11:00+00:00,1914.46,1914.59,1912.43,1912.43,2089.00335
2026-08-10 01:12:00+00:00,1912.43,1913.02,1912.36,1913.02,110.51322
2026-08-10 01:13:00+00:00,1913.02,1913.02,1912.48,1912.67,104.65257
2026-08-10 01:14:00+00:00,1912.67,1913.44,1912.01,1913.33,1225.65761
2026-08-10 01:15:00+00:00,1913.33,1915.53,1913.02,1915.53,5570.62071
2026-08-10 01:16:00+00:00,1915.53,1915.85,1914.99,1915.85,70.21546
2026-08-10 01:17:00+00:00,1915.85,1916.95,1915.02,1915.99,956.38298
2026-08-10 01:18:00+00:00,1915.99,1916.46,1915.47,1915.47,4128.76394
2026-08-10 01:19:00+00:00,1915.47,1915.99,1914.64,1915.98,248.514800436666631861
2026-08-10 01:20:00+00:00,1915.98,1916.14,1915.48,1915.48,31.54598
2026-08-10 01:21:00+00:00,1915.48,1915.98,1914.29,1914.99,991.97723
2026-08-10 01:22:00+00:00,1914.99,1915.53,1914.93,1914.98,42363.38467
2026-08-10 01:23:00+00:00,1914.98,1915.84,1914.98,1915.84,212.12639
2026-08-10 01:24:00+00:00,1915.84,1916.02,1915.59,1916,31.80209
2026-08-10 01:25:00+00:00,1916,1916.01,1915.98,1915.99,0.86551
2026-08-10 01:26:00+00:00,1915.99,1917.49,1915.99,1917.02,4503.87097
2026-08-10 01:27:00+00:00,1917.02,1917.56,1916.67,1916.67,319.78488
2026-08-10 01:28:00+00:00,1916.67,1916.99,1915.43,1916.01,2186.86374
2026-08-10 01:29:00+00:00,1916.01,1916.01,1913.99,1914.16,6997.03907
2026-08-10 01:30:00+00:00,1914.16,1915.67,1913.39,1914.98,8133.50324
2026-08-10 01:31:00+00:00,1914.98,1915.84,1914.15,1914.15,2076.19065
2026-08-10 01:32:00+00:00,1914.15,1916.35,1913.64,1915.19,2046.68324
2026-08-10 01:33:00+00:00,1915.19,1915.19,1913.97,1914.53,109.95452
2026-08-10 01:34:00+00:00,1914.53,1915,1914.02,1914.75,412.61088
2026-08-10 01:35:00+00:00,1914.75,1914.99,1913.99,1914.61,93.17417
2026-08-10 01:36:00+00:00,1914.61,1914.84,1913.93,1913.99,68.106734075759701159
2026-08-10 01:37:00+00:00,1913.99,1913.99,1913.01,1913.02,25077.25032
2026-08-10 01:38:00+00:00,1913.02,1913.02,1911.74,1913.01,32.074275976619391302
2026-08-10 01:39:00+00:00,1913.01,1914.02,1912.01,1914,2131.165
2026-08-10 01:40:00+00:00,1914,1914,1912.98,1912.98,101.09754
2026-08-10 01:41:00+00:00,1912.98,1914.51,1912.98,1914.51,2646.51846
2026-08-10 01:42:00+00:00,1914.51,1914.58,1913.52,1913.99,4138.97197
2026-08-10 01:43:00+00:00,1913.99,1914.02,1913.19,1913.98,108.30379
2026-08-10 01:44:00+00:00,1913.98,1914.5,1913.98,1914.33,5271.61486
2026-08-10 01:45:00+00:00,1914.33,1915.36,1914,1915.35,35.0368
2026-08-10 01:46:00+00:00,1915.35,1915.49,1914.67,1915.49,4572.52765
2026-08-10 01:47:00+00:00,1915.49,1919.39,1915.49,1918.32,12173.77232
2026-08-10 01:48:00+00:00,1918.32,1919.02,1917.65,1919.02,197.62088
2026-08-10 01:49:00+00:00,1919.02,1924.81,1919.02,1924.79,80699.495900436666631861
2026-08-10 01:50:00+00:00,1924.79,1930.24,1924.79,1927.24,28011.271207062496864613
2026-08-10 01:51:00+00:00,1927.24,1928.33,1926.02,1927.76,2084.8683
2026-08-10 01:52:00+00:00,1927.76,1930.09,1926.39,1927.36,2260.354933112913442085
2026-08-10 01:53:00+00:00,1927.36,1927.36,1924.65,1924.65,1.99471
2026-08-10 01:54:00+00:00,1924.65,1925.01,1923.65,1924.49,118.21479
2026-08-10 01:55:00+00:00,1924.49,1924.85,1923.02,1923.51,190.15136
2026-08-10 01:56:00+00:00,1923.51,1924.04,1922.69,1923.68,189.80343
2026-08-10 01:57:00+00:00,1923.68,1924,1923.68,1923.98,0.82653
2026-08-10 01:58:00+00:00,1923.98,1924.53,1923.96,1924.52,142.091173388392810736
2026-08-10 01:59:00+00:00,1924.52,1924.53,1923.98,1924.53,35.14517
2026-08-10 02:00:00+00:00,1924.53,1925.5,1923.46,1923.8,4327.29189
2026-08-10 02:01:00+00:00,1923.8,1923.98,1921.46,1921.63,17497.598032533480057305
2026-08-10 02:02:00+00:00,1921.63,1922.36,1920.98,1920.99,119.344862291856584699
2026-08-10 02:03:00+00:00,1920.99,1921.52,1920.64,1920.64,0.427531297784422434
2026-08-10 02:04:00+00:00,1920.64,1922.64,1920.64,1922.64,173.70361
2026-08-10 02:05:00+00:00,1922.64,1922.64,1921.65,1921.96,1362.59471
2026-08-10 02:06:00+00:00,1921.96,1922.82,1921.96,1922.82,105.79929
2026-08-10 02:07:00+00:00,1922.82,1922.83,1920.93,1920.97,41.37326
2026-08-10 02:08:00+00:00,1920.97,1921.2,1919.8,1920.28,2050.50715
2026-08-10 02:09:00+00:00,1920.28,1921.37,1920.28,1921.37,2062.49286
2026-08-10 02:10:00+00:00,1921.37,1922.11,1920.93,1921.8,108.15853
2026-08-10 02:11:00+00:00,1921.8,1922.02,1921.2,1921.99,76.20775
2026-08-10 02:12:00+00:00,1921.99,1922,1921.32,1921.99,47.60419
2026-08-10 02:13:00+00:00,1921.99,1922.01,1920.5,1920.67,97.63426
2026-08-10 02:14:00+00:00,1920.67,1921.02,1920.16,1921.02,160.94848
2026-08-10 02:15:00+00:00,1921.02,1921.02,1920,1920,256.81751
2026-08-10 02:16:00+00:00,1920,1920,1918.65,1918.99,2587.270506782365381519
2026-08-10 02:17:00+00:00,1918.99,1919,1916.01,1916.11,6390.67333
2026-08-10 02:18:00+00:00,1916.11,1916.11,1913.66,1915.02,3304.45135
2026-08-10 02:19:00+00:00,1915.02,1915.04,1913.66,1914.02,1731.625308934105329848
2026-08-10 02:20:00+00:00,1914.02,1914.02,1912.68,1913.67,227.41398
2026-08-10 02:21:00+00:00,1913.67,1914.85,1912.72,1914.85,17560.20758
2026-08-10 02:22:00+00:00,1914.85,1915.45,1914.47,1915.45,1166.05856
2026-08-10 02:23:00+00:00,1915.45,1915.53,1914.99,1914.99,0.65555
2026-08-10 02:24:00+00:00,1914.99,1915.02,1913.59,1913.6,2110.39527
2026-08-10 02:25:00+00:00,1913.6,1913.6,1912.99,1913.03,4592.54177
2026-08-10 02:26:00+00:00,1913.03,1914.03,1912.19,1913.82,6033.27034
2026-08-10 02:27:00+00:00,1913.82,1914.35,1912.67,1913.04,163.29278
2026-08-10 02:28:00+00:00,1913.04,1914.62,1913.01,1914.62,112.22842
2026-08-10 02:29:00+00:00,1914.62,1915.07,1914.12,1914.47,312.2248
2026-08-10 02:30:00+00:00,1914.47,1915.53,1914.47,1915.53,97.886019282447480369
2026-08-10 02:31:00+00:00,1915.53,1916,1915.02,1915.58,93.38821
2026-08-10 02:32:00+00:00,1915.58,1916.02,1915.56,1916,1.59693
2026-08-10 02:33:00+00:00,1916,1916,1914.98,1915.02,27.4678
2026-08-10 02:34:00+00:00,1915.02,1915.67,1914.98,1915.1,124.68528
2026-08-10 02:35:00+00:00,1915.1,1915.52,1914.93,1915.41,217.74549
2026-08-10 02:36:00+00:00,1915.41,1916.53,1915.02,1916.53,2150.71445
2026-08-10 02:37:00+00:00,1916.53,1916.53,1915.99,1916.02,94.53504
2026-08-10 02:38:00+00:00,1916.02,1916.02,1915.63,1915.99,2000.27457
2026-08-10 02:39:00+00:00,1915.99,1916.85,1915.99,1916.85,125.04095
2026-08-10 02:40:00+00:00,1916.85,1918.04,1916.85,1918,3347.570128809851231403
2026-08-10 02:41:00+00:00,1918,1919.04,1917.95,1917.95,580.785859028235149543
2026-08-10 02:42:00+00:00,1917.95,1917.95,1917.95,1917.95,0
2026-08-10 02:43:00+00:00,1917.95,1924.03,1917.95,1924.03,6808.59733
2026-08-10 02:44:00+00:00,1924.03,1926.3,1924.02,1925.26,120.58271
2026-08-10 02:45:00+00:00,1925.26,1925.59,1922.65,1923.06,418.04639
2026-08-10 02:46:00+00:00,1923.06,1923.6,1923,1923.33,100.74215
2026-08-10 02:47:00+00:00,1923.33,1924.02,1923.01,1924,35.39781
2026-08-10 02:48:00+00:00,1924,1924.68,1923.98,1923.98,2031.49022
2026-08-10 02:49:00+00:00,1923.98,1923.98,1922.33,1922.4,2472.40234
2026-08-10 02:50:00+00:00,1922.4,1923.85,1922.4,1923.85,2091.17228
2026-08-10 02:51:00+00:00,1923.85,1924.15,1923.01,1924.15,62.34745
2026-08-10 02:52:00+00:00,1924.15,1924.47,1922.75,1922.75,62.94941
2026-08-10 02:53:00+00:00,1922.75,1923,1922.47,1922.49,2634.63154
2026-08-10 02:54:00+00:00,1922.49,1923.02,1921.93,1923,39.549983811995006231
2026-08-10 02:55:00+00:00,1923,1923.02,1923,1923.02,0.00005
2026-08-10 02:56:00+00:00,1923.02,1923.02,1922.15,1922.15,76.78433
2026-08-10 02:57:00+00:00,1922.15,1923.1,1922,1923.1,84.40935
2026-08-10 02:58:00+00:00,1923.1,1923.33,1923.01,1923.01,61.50058
2026-08-10 02:59:00+00:00,1923.01,1923.01,1922.98,1923,0.67289
2026-08-10 03:00:00+00:00,1923,1923.52,1922.47,1922.47,4167.35121
2026-08-10 03:01:00+00:00,1922.47,1924.01,1922.28,1923.19,35.17968
2026-08-10 03:02:00+00:00,1923.19,1924,1922.98,1923.02,66.9671
2026-08-10 03:03:00+00:00,1923.02,1923.02,1922.63,1922.63,2011.1598
2026-08-10 03:04:00+00:00,1922.63,1922.63,1921.95,1922.33,292.42338
2026-08-10 03:05:00+00:00,1922.33,1922.79,1921.68,1921.77,145.62932
2026-08-10 03:06:00+00:00,1921.77,1921.98,1921.02,1921.02,159.206246597853415898
2026-08-10 03:07:00+00:00,1921.02,1921.09,1920.64,1921,1.28401
2026-08-10 03:08:00+00:00,1921,1922.02,1921,1921.16,218.39865
2026-08-10 03:09:00+00:00,1921.16,1922.01,1920.98,1922.01,54.75236
2026-08-10 03:10:00+00:00,1922.01,1922.02,1920.63,1920.63,2157.09005
2026-08-10 03:11:00+00:00,1920.63,1920.63,1919.22,1919.22,896.99121
2026-08-10 03:12:00+00:00,1919.22,1920.35,1916.64,1917,4289.78316
2026-08-10 03:13:00+00:00,1917,1917.53,1913.65,1915.37,36633.64916
2026-08-10 03:14:00+00:00,1915.37,1916.01,1915.37,1915.98,0.97667
2026-08-10 03:15:00+00:00,1915.98,1915.98,1914.43,1914.43,113.281362433126605274
2026-08-10 03:16:00+00:00,1914.43,1914.44,1912.53,1912.67,4059.34355
2026-08-10 03:17:00+00:00,1912.67,1916.77,1912.67,1916.77,3168.426
2026-08-10 03:18:00+00:00,1916.77,1919.45,1916.77,1919.45,21820.73505
2026-08-10 03:19:00+00:00,1919.45,1919.93,1918.99,1918.99,809.12055
2026-08-10 03:20:00+00:00,1918.99,1920.99,1918.99,1920.47,212.78944
2026-08-10 03:21:00+00:00,1920.47,1920.47,1919.02,1919.71,3135.42788
2026-08-10 03:22:00+00:00,1919.71,1920.03,1918.99,1919.99,90.56588
2026-08-10 03:23:00+00:00,1919.99,1920.85,1919.55,1920.67,2216.639334319441913736
2026-08-10 03:24:00+00:00,1920.67,1923.4,1920.67,1922.81,7419.10192
2026-08-10 03:25:00+00:00,1922.81,1924.32,1922.8,1923.94,92.0792
2026-08-10 03:26:00+00:00,1923.94,1924.01,1921.15,1921.15,5307.84079139874763764
2026-08-10 03:27:00+00:00,1921.15,1921.15,1919.82,1919.98,1.05812
2026-08-10 03:28:00+00:00,1919.98,1919.98,1919.52,1919.85,105.01954
2026-08-10 03:29:00+00:00,1919.85,1919.98,1917.48,1917.48,100.79404
2026-08-10 03:30:00+00:00,1917.48,1917.57,1916.99,1917,70.23181
2026-08-10 03:31:00+00:00,1917,1917.49,1917,1917,272.95696
2026-08-10 03:32:00+00:00,1917,1917.01,1916.3,1916.51,4118.854157267063568674
2026-08-10 03:33:00+00:00,1916.51,1918.12,1916.49,1918.12,2180.343121564660929566
2026-08-10 03:34:00+00:00,1918.12,1918.53,1917.99,1918.51,2106.67556
2026-08-10 03:35:00+00:00,1918.51,1919.74,1918.02,1919.68,767.71124
2026-08-10 03:36:00+00:00,1919.68,1919.68,1918.64,1919.01,138.55501
2026-08-10 03:37:00+00:00,1919.01,1919.99,1918.98,1919.67,164.17608
2026-08-10 03:38:00+00:00,1919.67,1919.99,1919.2,1919.2,141.6849
2026-08-10 03:39:00+00:00,1919.2,1920.36,1917.87,1919,3064.901574829002068667
2026-08-10 03:40:00+00:00,1919,1920.02,1919,1919.41,220.25457
2026-08-10 03:41:00+00:00,1919.41,1919.98,1918.99,1919.48,294.71944
2026-08-10 03:42:00+00:00,1919.48,1919.99,1919.48,1919.99,115.13279
2026-08-10 03:43:00+00:00,1919.99,1920.01,1918.65,1918.68,38.88233
2026-08-10 03:44:00+00:00,1918.68,1918.93,1918,1918.54,65.29415
2026-08-10 03:45:00+00:00,1918.54,1919.01,1918.19,1918.99,104.65781
2026-08-10 03:46:00+00:00,1918.99,1919.99,1918.98,1919.99,3062.57547
2026-08-10 03:47:00+00:00,1919.99,1919.99,1918.97,1918.98,35.32292
2026-08-10 03:48:00+00:00,1918.98,1919.53,1918.98,1918.99,538.67729
2026-08-10 03:49:00+00:00,1918.99,1919.53,1918.98,1918.98,116.36503
2026-08-10 03:50:00+00:00,1918.98,1919.53,1918.98,1919.53,110.3202
2026-08-10 03:51:00+00:00,1919.53,1919.53,1918.63,1918.99,2062.1031
2026-08-10 03:52:00+00:00,1918.99,1918.99,1918.43,1918.67,866.35254
2026-08-10 03:53:00+00:00,1918.67,1918.98,1917.58,1917.72,2402.73049
2026-08-10 03:54:00+00:00,1917.72,1918.02,1917.38,1917.67,197.954470565782604169
2026-08-10 03:55:00+00:00,1917.67,1917.98,1917.17,1917.17,2456.12343
2026-08-10 03:56:00+00:00,1917.17,1917.99,1916.7,1916.96,150.858888321113985297
2026-08-10 03:57:00+00:00,1916.96,1916.99,1915.7,1916.01,2960.69809
2026-08-10 03:58:00+00:00,1916.01,1916.53,1915.16,1916.53,2209.062
2026-08-10 03:59:00+00:00,1916.53,1916.55,1915.85,1916.33,190.62576
2026-08-10 04:00:00+00:00,1916.33,1916.68,1915.93,1916.68,1.00111
2026-08-10 04:01:00+00:00,1916.68,1917.07,1916.68,1917.07,0.93185
2026-08-10 04:02:00+00:00,1917.07,1917.46,1916.68,1916.72,70.28949
2026-08-10 04:03:00+00:00,1916.72,1918.98,1916.71,1918.67,1192.37053
2026-08-10 04:04:00+00:00,1918.67,1918.98,1918.29,1918.29,98.87085
2026-08-10 04:05:00+00:00,1918.29,1919.35,1918,1918,97.42815
2026-08-10 04:06:00+00:00,1918,1918.02,1917.67,1917.67,44.70375
2026-08-10 04:07:00+00:00,1917.67,1918.35,1917.16,1917.52,157.25017
2026-08-10 04:08:00+00:00,1917.52,1918.52,1917.52,1918.52,31.97107
2026-08-10 04:09:00+00:00,1918.52,1919.08,1918.35,1918.5,224.18464
2026-08-10 04:10:00+00:00,1918.5,1918.98,1917.52,1918.03,159.46666
2026-08-10 04:11:00+00:00,1918.03,1918.03,1917.95,1917.99,0.65683
2026-08-10 04:12:00+00:00,1917.99,1919,1917.97,1918.53,162.12209
2026-08-10 04:13:00+00:00,1918.53,1918.67,1918.02,1918.44,426.66395
2026-08-10 04:14:00+00:00,1918.44,1919.35,1918.02,1919.35,64.4168
2026-08-10 04:15:00+00:00,1919.35,1919.46,1918.99,1919.02,1.15926
2026-08-10 04:16:00+00:00,1919.02,1919.02,1918.98,1918.98,0.45722
2026-08-10 04:17:00+00:00,1918.98,1919.01,1918.17,1918.38,159.14687
2026-08-10 04:18:00+00:00,1918.38,1919.85,1918.01,1919.84,2073.08658
2026-08-10 04:19:00+00:00,1919.84,1919.93,1918.96,1918.98,11.02004
2026-08-10 04:20:00+00:00,1918.98,1919.04,1918.98,1919.01,0.72604
2026-08-10 04:21:00+00:00,1919.01,1919.45,1918.97,1919,58.46166
2026-08-10 04:22:00+00:00,1919,1919.52,1918.63,1919.02,1193.753099969293603799
2026-08-10 04:23:00+00:00,1919.02,1919.02,1918.96,1918.98,0.6078
2026-08-10 04:24:00+00:00,1918.98,1919.06,1917.85,1917.85,67.47963
2026-08-10 04:25:00+00:00,1917.85,1918.52,1917.85,1918.01,212.82398
2026-08-10 04:26:00+00:00,1918.01,1919.02,1918.01,1919.01,63.2866
2026-08-10 04:27:00+00:00,1919.01,1919.02,1918.98,1918.99,0.90129
2026-08-10 04:28:00+00:00,1918.99,1919.62,1918.98,1919.62,50.35229
2026-08-10 04:29:00+00:00,1919.62,1919.72,1918.4,1918.47,1130.51678
2026-08-10 04:30:00+00:00,1918.47,1919.01,1918.47,1918.47,182.86455
2026-08-10 04:31:00+00:00,1918.47,1919.25,1918.32,1919.25,4.58267
2026-08-10 04:32:00+00:00,1919.25,1919.25,1918.98,1919,1.07272
2026-08-10 04:33:00+00:00,1919,1919,1917.99,1918.03,32.05707
2026-08-10 04:34:00+00:00,1918.03,1919.01,1917.99,1918.98,19.72555901809688484
2026-08-10 04:35:00+00:00,1918.98,1919.02,1918.97,1919.01,0.6465
2026-08-10 04:36:00+00:00,1919.01,1919.02,1918.39,1918.39,46.8881
2026-08-10 04:37:00+00:00,1918.39,1919.01,1918.17,1919.01,35.62491
2026-08-10 04:38:00+00:00,1919.01,1919.33,1918.99,1919.33,31.07715
2026-08-10 04:39:00+00:00,1919.33,1919.4,1918,1918.01,12.71928
2026-08-10 04:40:00+00:00,1918.01,1918.01,1912.65,1912.65,24315.13347
2026-08-10 04:41:00+00:00,1912.65,1914.36,1910.64,1914.09,2.127549832081739036
2026-08-10 04:42:00+00:00,1914.09,1914.11,1912.64,1913.98,92.671408361072796389
2026-08-10 04:43:00+00:00,1913.98,1916.04,1913.98,1915.83,2332.83631
2026-08-10 04:44:00+00:00,1915.83,1916.02,1915.48,1915.97,0.57029
2026-08-10 04:45:00+00:00,1915.97,1916.53,1915.97,1916.01,31.82291825203103558
2026-08-10 04:46:00+00:00,1916.01,1916.98,1916.01,1916.5,313.008414337209969087
2026-08-10 04:47:00+00:00,1916.5,1917.53,1916.5,1917.53,2607.847653257819020538
2026-08-10 04:48:00+00:00,1917.53,1917.98,1916.63,1916.65,2050.1675
2026-08-10 04:49:00+00:00,1916.65,1916.98,1915.65,1916.02,108.13433
2026-08-10 04:50:00+00:00,1916.02,1916.82,1916.02,1916.82,309.38528
2026-08-10 04:51:00+00:00,1916.82,1917.02,1916.52,1916.99,2.33806
2026-08-10 04:52:00+00:00,1916.99,1917.01,1915.75,1915.99,112.94764
2026-08-10 04:53:00+00:00,1915.99,1916.53,1915.98,1915.98,310.41974
2026-08-10 04:54:00+00:00,1915.98,1916.51,1915.98,1916.41,247.06834
2026-08-10 04:55:00+00:00,1916.41,1916.41,1916,1916.01,0.52718
2026-08-10 04:56:00+00:00,1916.01,1916.01,1914.27,1914.27,5129.06013
2026-08-10 04:57:00+00:00,1914.27,1914.41,1913.62,1914.02,38836.852640260797333514
2026-08-10 04:58:00+00:00,1914.02,1914.47,1913.43,1914.33,145.65207
2026-08-10 04:59:00+00:00,1914.33,1914.54,1914,1914.53,138.49244
2026-08-10 05:00:00+00:00,1914.53,1915.2,1913.99,1914.98,89.11012
2026-08-10 05:01:00+00:00,1914.98,1915.45,1914.98,1914.99,2088.37071
2026-08-10 05:02:00+00:00,1914.99,1915.85,1914.99,1915.85,38.52969
2026-08-10 05:03:00+00:00,1915.85,1916.33,1915.77,1916.33,32.04672
2026-08-10 05:04:00+00:00,1916.33,1916.99,1916.02,1916.55,186.29534
2026-08-10 05:05:00+00:00,1916.55,1917.33,1916.54,1917.33,62.24095
2026-08-10 05:06:00+00:00,1917.33,1917.53,1917,1917.33,674.90745
2026-08-10 05:07:00+00:00,1917.33,1917.33,1916.18,1917,4107.18321
2026-08-10 05:08:00+00:00,1917,1917.07,1916.98,1917.02,0.41664
2026-08-10 05:09:00+00:00,1917.02,1917.63,1916.97,1916.99,71.53416
2026-08-10 05:10:00+00:00,1916.99,1917.03,1916.99,1917.01,1.13229
2026-08-10 05:11:00+00:00,1917.01,1917.02,1915.37,1915.37,3422.33716
2026-08-10 05:12:00+00:00,1915.37,1915.52,1915.01,1915.02,124.80875
2026-08-10 05:13:00+00:00,1915.02,1915.02,1914.47,1914.6,4050.01724
2026-08-10 05:14:00+00:00,1914.6,1915.03,1914.6,1914.98,0.81467
2026-08-10 05:15:00+00:00,1914.98,1916.12,1914.98,1916.02,8013.40505
2026-08-10 05:16:00+00:00,1916.02,1916.63,1915.97,1916.47,97.21149
2026-08-10 05:17:00+00:00,1916.47,1916.53,1916.01,1916.53,270.4962
2026-08-10 05:18:00+00:00,1916.53,1916.67,1915.56,1915.56,16.9253
2026-08-10 05:19:00+00:00,1915.56,1915.99,1915.43,1915.43,27.34932
2026-08-10 05:20:00+00:00,1915.43,1916.47,1915.43,1916.01,143.2495
2026-08-10 05:21:00+00:00,1916.01,1916.48,1915.98,1916.3,97.99495
2026-08-10 05:22:00+00:00,1916.3,1917.02,1916,1917.01,71.37718
2026-08-10 05:23:00+00:00,1917.01,1918.35,1917.01,1917.96,1707.99249
2026-08-10 05:24:00+00:00,1917.96,1918.53,1917.52,1918.53,73.82766
2026-08-10 05:25:00+00:00,1918.53,1920.34,1918.53,1919,1042.606041670809704405
2026-08-10 05:26:00+00:00,1919,1919,1918.67,1918.67,30.7795
2026-08-10 05:27:00+00:00,1918.67,1918.85,1918.02,1918.51,161.03431
2026-08-10 05:28:00+00:00,1918.51,1919.02,1918.07,1918.96,31.185660428873672471
2026-08-10 05:29:00+00:00,1918.96,1919.41,1918.96,1919.4,2035.81833
2026-08-10 05:30:00+00:00,1919.4,1919.4,1918.95,1918.99,1.408333088801271669
2026-08-10 05:31:00+00:00,1918.99,1919.57,1918.98,1919.33,581.172866611201379536
2026-08-10 05:32:00+00:00,1919.33,1919.33,1918.97,1919,1.784770260797333514
2026-08-10 05:33:00+00:00,1919,1919.46,1918.98,1919.02,93.47098
2026-08-10 05:34:00+00:00,1919.02,1919.68,1918.99,1919.68,166.76637
2026-08-10 05:35:00+00:00,1919.68,1920.36,1919.68,1920.36,22.609956211193065799
2026-08-10 05:36:00+00:00,1920.36,1920.36,1919.47,1919.47,16.07145
2026-08-10 05:37:00+00:00,1919.47,1921.31,1919.07,1920.83,6952.30659591159237403
2026-08-10 05:38:00+00:00,1920.83,1921,1919.65,1920.23,170.935330530634979535
2026-08-10 05:39:00+00:00,1920.23,1920.23,1919.98,1919.99,0.91081
2026-08-10 05:40:00+00:00,1919.99,1920,1919.93,1919.98,0.84579
2026-08-10 05:41:00+00:00,1919.98,1920.01,1919.98,1919.98,1.22137
2026-08-10 05:42:00+00:00,1919.98,1920.5,1919.98,1919.99,1081.61631
2026-08-10 05:43:00+00:00,1919.99,1920.52,1919.99,1919.99,287.38085
2026-08-10 05:44:00+00:00,1919.99,1920.62,1919.99,1920.61,196.89729
2026-08-10 05:45:00+00:00,1920.61,1921,1920.61,1920.61,37.63116
2026-08-10 05:46:00+00:00,1920.61,1921.01,1920,1920,187.59892
2026-08-10 05:47:00+00:00,1920,1920,1919.98,1919.98,0.022550328690496181
2026-08-10 05:48:00+00:00,1919.98,1920.47,1919.98,1920.02,62.366162214009782445
2026-08-10 05:49:00+00:00,1920.02,1920.02,1919.98,1920.01,0.468105185161961279
2026-08-10 05:50:00+00:00,1920.01,1920.52,1920.01,1920.52,80.85777
2026-08-10 05:51:00+00:00,1920.52,1921.43,1920.02,1921.01,2160.250955181458507406
2026-08-10 05:52:00+00:00,1921.01,1921.04,1920.6,1921.03,21.639258329676882248
2026-08-10 05:53:00+00:00,1921.03,1923.18,1921.03,1922.98,8351.572399265998763583
2026-08-10 05:54:00+00:00,1922.98,1923.56,1922.97,1923.52,76.77384
2026-08-10 05:55:00+00:00,1923.52,1924.37,1923.52,1923.59,2014.89579
2026-08-10 05:56:00+00:00,1923.59,1923.98,1923.02,1923.02,62.00385
2026-08-10 05:57:00+00:00,1923.02,1923.09,1922.99,1923.09,1.17054
2026-08-10 05:58:00+00:00,1923.09,1923.09,1922.28,1922.28,215.790243362004529631
2026-08-10 05:59:00+00:00,1922.28,1922.51,1922.02,1922.51,63.738017505163115211
2026-08-10 06:00:00+00:00,1922.51,1923.02,1922.51,1922.98,2.011707444860964335
2026-08-10 06:01:00+00:00,1922.98,1923.15,1922.2,1923.01,260.02977
2026-08-10 06:02:00+00:00,1923.01,1923.51,1923.01,1923.24,2092.34871
2026-08-10 06:03:00+00:00,1923.24,1924.16,1923,1923.99,57.315322694690449461
2026-08-10 06:04:00+00:00,1923.99,1924.36,1923.88,1923.88,0.552551386434887349
2026-08-10 06:05:00+00:00,1923.88,1924.36,1923.88,1924.36,0.02600293313085716
2026-08-10 06:06:00+00:00,1924.36,1925.53,1924.36,1925.01,210.262887809411388654
2026-08-10 06:07:00+00:00,1925.01,1926.74,1924.18,1924.18,6242.566908087647790996
2026-08-10 06:08:00+00:00,1924.18,1924.99,1923.97,1924.59,185.81796
2026-08-10 06:09:00+00:00,1924.59,1925.02,1923.97,1924,150.6013
2026-08-10 06:10:00+00:00,1924,1924.18,1923.96,1923.96,2.445462416467005181
2026-08-10 06:11:00+00:00,1923.96,1925.02,1923.96,1924.98,87.220984074342572174
2026-08-10 06:12:00+00:00,1924.98,1925,1924.98,1924.99,0.71475
2026-08-10 06:13:00+00:00,1924.99,1925.02,1924.47,1925,51.24718
2026-08-10 06:14:00+00:00,1925,1925,1924.67,1924.99,22.53691
2026-08-10 06:15:00+00:00,1924.99,1925,1924.97,1925,1.017690017983080267
2026-08-10 06:16:00+00:00,1925,1925.46,1923.99,1924,2150.11954154419037917
2026-08-10 06:17:00+00:00,1924,1924.02,1923.37,1923.97,2166.008737583532994819
2026-08-10 06:18:00+00:00,1923.97,1926.39,1923.88,1926.39,2498.63638
2026-08-10 06:19:00+00:00,1926.39,1928.33,1926.02,1928.33,8787.581175211792964271
2026-08-10 06:20:00+00:00,1928.33,1928.55,1927.07,1927.21,6167.1697
2026-08-10 06:21:00+00:00,1927.21,1927.21,1926.65,1927.02,0.95649
2026-08-10 06:22:00+00:00,1927.02,1927.02,1926.16,1926.16,194.70619
2026-08-10 06:23:00+00:00,1926.16,1926.31,1925.64,1925.98,28.471092111284451378
2026-08-10 06:24:00+00:00,1925.98,1926.37,1925.47,1926.37,5930.535795740995046606
2026-08-10 06:25:00+00:00,1926.37,1926.37,1925.18,1925.19,4047.7913
2026-08-10 06:26:00+00:00,1925.19,1925.19,1924.98,1925.01,1.63969
2026-08-10 06:27:00+00:00,1925.01,1925.01,1924.54,1924.55,62.95872
2026-08-10 06:28:00+00:00,1924.55,1924.98,1924.36,1924.38,189.526613073244678356
2026-08-10 06:29:00+00:00,1924.38,1925.01,1924.36,1925.01,964.813275449186610844
2026-08-10 06:30:00+00:00,1925.01,1925.04,1924.99,1925.02,1.03396
2026-08-10 06:31:00+00:00,1925.02,1925.1,1925,1925.04,1.2883
2026-08-10 06:32:00+00:00,1925.04,1925.04,1925.01,1925.02,1.05965
2026-08-10 06:33:00+00:00,1925.02,1925.33,1925,1925,1.369627111727258881
2026-08-10 06:34:00+00:00,1925,1925.02,1925,1925,0.74385
2026-08-10 06:35:00+00:00,1925,1925.02,1924.98,1924.98,1.636742467532467532
2026-08-10 06:36:00+00:00,1924.98,1925.02,1924.98,1925.02,0.506732467532467532
2026-08-10 06:37:00+00:00,1925.02,1925.02,1925.01,1925.01,1.45076
2026-08-10 06:38:00+00:00,1925.01,1925.02,1924.99,1925.02,0.85055
2026-08-10 06:39:00+00:00,1925.02,1925.02,1924.98,1925.01,0.804436249239196984
2026-08-10 06:40:00+00:00,1925.01,1925.02,1924.11,1924.63,16128.94607
2026-08-10 06:41:00+00:00,1924.63,1925.61,1923.64,1925.61,18596.546354881504638336
2026-08-10 06:42:00+00:00,1925.61,1925.77,1925.01,1925.02,27.06939
2026-08-10 06:43:00+00:00,1925.02,1925.78,1924.98,1925.02,11843.582512433049667614
2026-08-10 06:44:00+00:00,1925.02,1926.75,1925.02,1926.75,17070.820570916630325736
2026-08-10 06:45:00+00:00,1926.75,1926.75,1926.01,1926.02,0.67666
2026-08-10 06:46:00+00:00,1926.02,1926.03,1925.8,1926.03,1.16188
2026-08-10 06:47:00+00:00,1926.03,1926.04,1925.98,1925.99,0.95616
2026-08-10 06:48:00+00:00,1925.99,1926.02,1925.98,1925.98,0.47993
2026-08-10 06:49:00+00:00,1925.98,1926.52,1925.98,1926.1,73.60197
2026-08-10 06:50:00+00:00,1926.1,1926.85,1926,1926.84,7380.82253
2026-08-10 06:51:00+00:00,1926.84,1926.84,1925.54,1925.98,2117.3143
2026-08-10 06:52:00+00:00,1925.98,1926.98,1925.98,1926.55,76.181796673609199461
2026-08-10 06:53:00+00:00,1926.55,1927.2,1926.48,1926.99,27.043600811206529527
2026-08-10 06:54:00+00:00,1926.99,1927.02,1926.98,1926.98,1.43344
2026-08-10 06:55:00+00:00,1926.98,1927.02,1926.98,1926.98,1.008083653328213138
2026-08-10 06:56:00+00:00,1926.98,1927.66,1926.98,1927.66,1620.67007
2026-08-10 06:57:00+00:00,1927.66,1927.99,1926.98,1926.98,4950.53294
2026-08-10 06:58:00+00:00,1926.98,1926.98,1926.98,1926.98,0.08291
2026-08-10 06:59:00+00:00,1926.98,1927.02,1926.98,1927.01,0.81138
2026-08-10 07:00:00+00:00,1927.01,1927.99,1926.5,1926.52,2150.411635993829756121
2026-08-10 07:01:00+00:00,1926.52,1927,1925.93,1926.47,77.199692388722975625
2026-08-10 07:02:00+00:00,1926.47,1926.96,1925.65,1926.07,75.25849
2026-08-10 07:03:00+00:00,1926.07,1926.11,1926.06,1926.11,0.28291
2026-08-10 07:04:00+00:00,1926.11,1926.11,1926.11,1926.11,0
2026-08-10 07:05:00+00:00,1926.11,1926.11,1926.11,1926.11,0
2026-08-10 07:06:00+00:00,1926.11,1926.11,1926.11,1926.11,0
2026-08-10 07:07:00+00:00,1926.11,1926.11,1926.11,1926.11,0
2026-08-10 07:08:00+00:00,1926.11,1926.11,1926.11,1926.11,0
2026-08-10 07:09:00+00:00,1926.11,1926.11,1926.11,1926.11,0
2026-08-10 07:10:00+00:00,1926.11,1926.11,1925.68,1925.68,0.958105744545806309
2026-08-10 07:11:00+00:00,1925.68,1925.68,1925.68,1925.68,0
2026-08-10 07:12:00+00:00,1925.68,1925.68,1925.68,1925.68,0
2026-08-10 07:13:00+00:00,1925.68,1925.68,1925.68,1925.68,0
2026-08-10 07:14:00+00:00,1925.68,1925.68,1925.68,1925.68,0
2026-08-10 07:15:00+00:00,1925.68,1927.09,1925.25,1925.25,1.479756256760644045
2026-08-10 07:16:00+00:00,1925.25,1926,1924.97,1926,67.87946
2026-08-10 07:17:00+00:00,1926,1926.51,1925.98,1926,2237.11688
2026-08-10 07:18:00+00:00,1926,1926.51,1926,1926.33,143.40455
2026-08-10 07:19:00+00:00,1926.33,1926.53,1926.02,1926.52,143.01915
2026-08-10 07:20:00+00:00,1926.52,1927.15,1926.48,1926.99,171.14125
2026-08-10 07:21:00+00:00,1926.99,1927,1926.53,1926.99,20.400853785106469077
2026-08-10 07:22:00+00:00,1926.99,1927.81,1926.99,1927.47,24.868167998693549646
2026-08-10 07:23:00+00:00,1927.47,1927.48,1926.98,1927.48,73.79013
2026-08-10 07:24:00+00:00,1927.48,1928.5,1927.07,1928.33,1317.25963
2026-08-10 07:25:00+00:00,1928.33,1928.5,1927.99,1927.99,6.604192882265503146
2026-08-10 07:26:00+00:00,1927.99,1927.99,1927.99,1927.99,0
2026-08-10 07:27:00+00:00,1927.99,1927.99,1926.95,1926.95,34.900110179999688581
2026-08-10 07:28:00+00:00,1926.95,1928.02,1926.95,1928.01,12.40202932032698994
2026-08-10 07:29:00+00:00,1928.01,1929.33,1928.01,1928.81,932.965758972214431355
2026-08-10 07:30:00+00:00,1928.81,1929.2,1928.48,1928.5,27.105907778428244199
2026-08-10 07:31:00+00:00,1928.5,1929.02,1928.5,1929.01,0.752933185431458148
2026-08-10 07:32:00+00:00,1929.01,1929.38,1928.97,1929.37,2031.69729
2026-08-10 07:33:00+00:00,1929.37,1929.66,1929.01,1929.53,70.16905
2026-08-10 07:34:00+00:00,1929.53,1930.02,1929.44,1929.49,308.023428193067960164
2026-08-10 07:35:00+00:00,1929.49,1929.99,1927.71,1928.23,3861.94299
2026-08-10 07:36:00+00:00,1928.23,1928.23,1926.65,1927.99,1.212220492740751313
2026-08-10 07:37:00+00:00,1927.99,1929.85,1927.99,1929.85,162.18774
2026-08-10 07:38:00+00:00,1929.85,1929.85,1929.15,1929.15,1.33175
2026-08-10 07:39:00+00:00,1929.15,1929.15,1927.47,1927.48,8199.68562
2026-08-10 07:40:00+00:00,1927.48,1927.99,1927.48,1927.98,0.18636
2026-08-10 07:41:00+00:00,1927.98,1927.98,1927.02,1927.69,233.61936
2026-08-10 07:42:00+00:00,1927.69,1927.69,1926.96,1926.99,123.88944
2026-08-10 07:43:00+00:00,1926.99,1927.01,1926.98,1926.98,1.12959
2026-08-10 07:44:00+00:00,1926.98,1927.07,1926.98,1927.06,1.58812
2026-08-10 07:45:00+00:00,1927.06,1927.32,1926.68,1927,2.02347
2026-08-10 07:46:00+00:00,1927,1927.19,1926.5,1926.5,133.79515
2026-08-10 07:47:00+00:00,1926.5,1926.53,1926.49,1926.53,1.95561
2026-08-10 07:48:00+00:00,1926.53,1926.53,1925.5,1925.5,2115.32373
2026-08-10 07:49:00+00:00,1925.5,1925.98,1924.63,1924.63,8185.33619
2026-08-10 07:50:00+00:00,1924.63,1925.82,1924.51,1925.82,92.261950141537172686
2026-08-10 07:51:00+00:00,1925.82,1926,1925.01,1925.01,238.80006
2026-08-10 07:52:00+00:00,1925.01,1925.02,1924.99,1924.99,0.63963
2026-08-10 07:53:00+00:00,1924.99,1924.99,1924.02,1924.02,188.13454
2026-08-10 07:54:00+00:00,1924.02,1924.04,1924.01,1924.02,1.41114
2026-08-10 07:55:00+00:00,1924.02,1924.02,1923.97,1923.99,0.58551
2026-08-10 07:56:00+00:00,1923.99,1924.03,1923.99,1924.03,0.16671
2026-08-10 07:57:00+00:00,1924.03,1924.03,1924.03,1924.03,0
2026-08-10 07:58:00+00:00,1924.03,1924.41,1924.01,1924.33,88.17464
2026-08-10 07:59:00+00:00,1924.33,1924.64,1924.02,1924.63,158.10847
2026-08-10 08:00:00+00:00,1924.63,1925.19,1924.63,1925.01,61.25135
2026-08-10 08:01:00+00:00,1925.01,1926.47,1925,1926.02,10975.86593
2026-08-10 08:02:00+00:00,1926.02,1926.89,1926.01,1926.86,103.05488
2026-08-10 08:03:00+00:00,1926.86,1927.28,1926.84,1927.28,0.58081
2026-08-10 08:04:00+00:00,1927.28,1927.28,1926.64,1926.64,6.015948934105329848
2026-08-10 08:05:00+00:00,1926.64,1927,1925.98,1926.5,39.995135755353671483
2026-08-10 08:06:00+00:00,1926.5,1926.5,1925.36,1925.99,2244.20032
2026-08-10 08:07:00+00:00,1925.99,1926.02,1925.98,1925.98,0.29388
2026-08-10 08:08:00+00:00,1925.98,1926.02,1925.01,1925.53,148.35995
2026-08-10 08:09:00+00:00,1925.53,1925.82,1924.97,1925.81,70.03135
2026-08-10 08:10:00+00:00,1925.81,1926.01,1925.81,1925.98,0.90896
2026-08-10 08:11:00+00:00,1925.98,1926.1,1925.98,1926.01,1.07023
2026-08-10 08:12:00+00:00,1926.01,1926.02,1925.97,1926.01,1.457316567844570669
2026-08-10 08:13:00+00:00,1926.01,1926.01,1925.98,1925.99,0.17717
2026-08-10 08:14:00+00:00,1925.99,1926.83,1925.99,1926.62,2052.41993
2026-08-10 08:15:00+00:00,1926.62,1926.62,1925.49,1925.67,2079.95599
2026-08-10 08:16:00+00:00,1925.67,1926.53,1925.67,1926.53,66.14675
2026-08-10 08:17:00+00:00,1926.53,1927.02,1926,1926.98,101.751481408085201351
2026-08-10 08:18:00+00:00,1926.98,1927.02,1926.98,1926.99,2.613552495106375003
2026-08-10 08:19:00+00:00,1926.99,1927.02,1926.98,1926.99,0.998250179999688581
2026-08-10 08:20:00+00:00,1926.99,1927,1925.99,1925.99,207.81851
2026-08-10 08:21:00+00:00,1925.99,1926.04,1925.88,1926.02,0.98622
2026-08-10 08:22:00+00:00,1926.02,1927.02,1926.01,1927,192.33973
2026-08-10 08:23:00+00:00,1927,1927.43,1926.98,1927.33,2617.06428
2026-08-10 08:24:00+00:00,1927.33,1928.35,1927.02,1927.92,4883.525512416467005181
2026-08-10 08:25:00+00:00,1927.92,1928.57,1927.92,1928.57,2167.592274243627846882
2026-08-10 08:26:00+00:00,1928.57,1928.85,1928.07,1928.85,23.44508
2026-08-10 08:27:00+00:00,1928.85,1928.85,1927.37,1927.49,4166.262454661763147224
2026-08-10 08:28:00+00:00,1927.49,1927.98,1926.98,1927.02,69.666964661763147224
2026-08-10 08:29:00+00:00,1927.02,1927.48,1927.01,1927.33,306.910025175097276264
2026-08-10 08:30:00+00:00,1927.33,1928.01,1927.01,1928,130.67767
2026-08-10 08:31:00+00:00,1928,1928.02,1927.01,1927.33,70.072718080598096414
2026-08-10 08:32:00+00:00,1927.33,1927.52,1926.98,1927.45,291.95401
2026-08-10 08:33:00+00:00,1927.45,1927.85,1927.02,1927.82,310.37298
2026-08-10 08:34:00+00:00,1927.82,1927.82,1927,1927.44,78.30371
2026-08-10 08:35:00+00:00,1927.44,1927.59,1926.99,1927.58,499.47505
2026-08-10 08:36:00+00:00,1927.58,1927.58,1926.99,1927.01,35.04062
2026-08-10 08:37:00+00:00,1927.01,1927.03,1925.89,1926.02,1317.59438
2026-08-10 08:38:00+00:00,1926.02,1926.02,1925.92,1925.98,0.60117
2026-08-10 08:39:00+00:00,1925.98,1925.98,1925.25,1925.25,126.16862
2026-08-10 08:40:00+00:00,1925.25,1925.35,1924.8,1924.98,1.65046
2026-08-10 08:41:00+00:00,1924.98,1924.99,1923.55,1923.55,4027.3794
2026-08-10 08:42:00+00:00,1923.55,1923.93,1922.45,1922.93,2.93082
2026-08-10 08:43:00+00:00,1922.93,1923.83,1922.36,1923.83,179.46707
2026-08-10 08:44:00+00:00,1923.83,1924.59,1923.83,1924.33,2183.51377
2026-08-10 08:45:00+00:00,1924.33,1924.45,1923.5,1923.69,1228.35507
2026-08-10 08:46:00+00:00,1923.69,1924.02,1923.69,1924.02,0.87208
2026-08-10 08:47:00+00:00,1924.02,1924.65,1923.93,1923.93,146.335390397373015213
2026-08-10 08:48:00+00:00,1923.93,1925.02,1923.93,1924.98,52.813687454594868632
2026-08-10 08:49:00+00:00,1924.98,1925.02,1924.98,1924.98,0.525727735292284033
2026-08-10 08:50:00+00:00,1924.98,1924.98,1924.98,1924.98,0
2026-08-10 08:51:00+00:00,1924.98,1925.04,1924.88,1925.02,0.334066824980617191
2026-08-10 08:52:00+00:00,1925.02,1926.62,1925.01,1926.02,9335.40417
2026-08-10 08:53:00+00:00,1926.02,1926.02,1925.02,1925.02,2187.04519
2026-08-10 08:54:00+00:00,1925.02,1925.02,1925,1925,0.22372
2026-08-10 08:55:00+00:00,1925,1925.45,1924.98,1925.33,240.26458
2026-08-10 08:56:00+00:00,1925.33,1925.53,1925.02,1925.52,373.5121
2026-08-10 08:57:00+00:00,1925.52,1926.46,1925.02,1926.45,2306.849508976673565107
2026-08-10 08:58:00+00:00,1926.45,1926.46,1925.99,1926.02,93.5476
2026-08-10 08:59:00+00:00,1926.02,1926.04,1925.98,1926.02,0.42222
2026-08-10 09:00:00+00:00,1926.02,1926.02,1924.67,1925.47,131.251778396109207208
2026-08-10 09:01:00+00:00,1925.47,1925.47,1925,1925.04,2.075387508022015912
2026-08-10 09:02:00+00:00,1925.04,1925.07,1924.53,1924.53,2.11954
2026-08-10 09:03:00+00:00,1924.53,1925.48,1924.26,1925.48,61.3182
2026-08-10 09:04:00+00:00,1925.48,1925.49,1925.47,1925.49,3.77842
2026-08-10 09:05:00+00:00,1925.49,1925.9,1925.49,1925.89,3.90359
2026-08-10 09:06:00+00:00,1925.89,1925.89,1925.89,1925.89,0
2026-08-10 09:07:00+00:00,1925.89,1925.89,1925.39,1925.78,7.99918
2026-08-10 09:08:00+00:00,1925.78,1925.79,1924.65,1924.65,0.2659
2026-08-10 09:09:00+00:00,1924.65,1924.65,1924.65,1924.65,0
2026-08-10 09:10:00+00:00,1924.65,1924.65,1924.65,1924.65,0
2026-08-10 09:11:00+00:00,1924.65,1924.65,1924.65,1924.65,0
2026-08-10 09:12:00+00:00,1924.65,1924.65,1924.65,1924.65,0
2026-08-10 09:13:00+00:00,1924.65,1926.46,1924.65,1926.46,61.96332
2026-08-10 09:14:00+00:00,1926.46,1926.46,1926.46,1926.46,0
2026-08-10 09:15:00+00:00,1926.46,1926.46,1926.46,1926.46,0
2026-08-10 09:16:00+00:00,1926.46,1926.46,1926.46,1926.46,0
2026-08-10 09:17:00+00:00,1926.46,1926.46,1926.46,1926.46,0
2026-08-10 09:18:00+00:00,1926.46,1926.46,1924.71,1924.98,0.26054
2026-08-10 09:19:00+00:00,1924.98,1924.98,1924.98,1924.98,0
2026-08-10 09:20:00+00:00,1924.98,1924.98,1923.99,1924.01,199.9147
2026-08-10 09:21:00+00:00,1924.01,1924.02,1923.96,1923.97,0.81985
2026-08-10 09:22:00+00:00,1923.97,1924.46,1923.96,1924.46,31.36464
2026-08-10 09:23:00+00:00,1924.46,1924.48,1924.01,1924.01,149.8922
2026-08-10 09:24:00+00:00,1924.01,1924.02,1923.98,1924.02,0.535363944011892015
2026-08-10 09:25:00+00:00,1924.02,1924.02,1923.47,1923.47,374.889013287334513931
2026-08-10 09:26:00+00:00,1923.47,1923.48,1923.45,1923.47,32.418397272683511535
2026-08-10 09:27:00+00:00,1923.47,1923.48,1922.63,1923.02,2747.755704818556953762
2026-08-10 09:28:00+00:00,1923.02,1923.02,1922.36,1922.36,230.73493
2026-08-10 09:29:00+00:00,1922.36,1923.36,1922.16,1922.16,5431.171792279381135545
2026-08-10 09:30:00+00:00,1922.16,1922.17,1920.33,1920.99,3516.480767809195561673
2026-08-10 09:31:00+00:00,1920.99,1921.01,1919.14,1919.14,585.879327669542600026
2026-08-10 09:32:00+00:00,1919.14,1919.2,1918.96,1918.96,1.24881178770016814
2026-08-10 09:33:00+00:00,1918.96,1918.99,1917.5,1918.99,4069.97284
2026-08-10 09:34:00+00:00,1918.99,1919.02,1918.49,1919.01,172.24736
2026-08-10 09:35:00+00:00,1919.01,1919.02,1918,1918.23,193.62934
2026-08-10 09:36:00+00:00,1918.23,1918.99,1917.83,1917.98,35.39228
2026-08-10 09:37:00+00:00,1917.98,1918.01,1916.65,1917.02,109.813465936711148673
2026-08-10 09:38:00+00:00,1917.02,1918,1916.98,1917.02,70.019809215340676229
2026-08-10 09:39:00+00:00,1917.02,1917.98,1917.02,1917.67,269.076912075933178512
2026-08-10 09:40:00+00:00,1917.67,1918.07,1916.98,1918.02,143.767613766084082709
2026-08-10 09:41:00+00:00,1918.02,1918.02,1917.5,1918.02,204.848267324310255075
2026-08-10 09:42:00+00:00,1918.02,1918.02,1916.98,1917.57,252.952276597853415898
2026-08-10 09:43:00+00:00,1917.57,1917.86,1916.7,1916.99,1516.926003752451696365
2026-08-10 09:44:00+00:00,1916.99,1917.85,1916.98,1917.04,133.558340328690496181
2026-08-10 09:45:00+00:00,1917.04,1917.46,1916.98,1916.98,62.66367
2026-08-10 09:46:00+00:00,1916.98,1917.36,1916.01,1916.99,248.257436588440893771
2026-08-10 09:47:00+00:00,1916.99,1917.02,1916.48,1917.02,70.03145
2026-08-10 09:48:00+00:00,1917.02,1917.02,1915.68,1916.98,121.184472356460657386
2026-08-10 09:49:00+00:00,1916.98,1916.98,1915.66,1916.01,10.372663289963439736
2026-08-10 09:50:00+00:00,1916.01,1917.02,1915.54,1916.98,2127.05707
2026-08-10 09:51:00+00:00,1916.98,1917.02,1916.35,1916.35,270.2052
2026-08-10 09:52:00+00:00,1916.35,1916.35,1916.34,1916.34,0.1122
2026-08-10 09:53:00+00:00,1916.34,1916.59,1915.26,1915.31,14.42649
2026-08-10 09:54:00+00:00,1915.31,1916.02,1915,1915.98,35.540421754275430338
2026-08-10 09:55:00+00:00,1915.98,1916.53,1915.98,1916.53,2104.985924221609857677
2026-08-10 09:56:00+00:00,1916.53,1916.98,1916.16,1916.17,35.871873752451696365
2026-08-10 09:57:00+00:00,1916.17,1916.37,1915.41,1916.02,4117.600712065670751595
2026-08-10 09:58:00+00:00,1916.02,1916.03,1915.81,1916.01,0.94308
2026-08-10 09:59:00+00:00,1916.01,1916.01,1915.01,1915.34,76.89206
2026-08-10 10:00:00+00:00,1915.34,1915.52,1915,1915.52,41.60621
2026-08-10 10:01:00+00:00,1915.52,1916.8,1914.99,1916.79,1144.04554
2026-08-10 10:02:00+00:00,1916.79,1917.52,1916.78,1917.52,2054.38163
2026-08-10 10:03:00+00:00,1917.52,1917.52,1917.52,1917.52,0
2026-08-10 10:04:00+00:00,1917.52,1917.52,1917.52,1917.52,0
2026-08-10 10:05:00+00:00,1917.52,1919.36,1917.52,1919.32,6.26256891693119211
2026-08-10 10:06:00+00:00,1919.32,1919.32,1918.25,1918.25,169.4687
2026-08-10 10:07:00+00:00,1918.25,1918.25,1918.25,1918.25,0
2026-08-10 10:08:00+00:00,1918.25,1918.25,1918.25,1918.25,0
2026-08-10 10:09:00+00:00,1918.25,1919.33,1917.98,1919.33,0.34317
2026-08-10 10:10:00+00:00,1919.33,1919.33,1919.33,1919.33,0
2026-08-10 10:11:00+00:00,1919.33,1919.33,1919.33,1919.33,0
2026-08-10 10:12:00+00:00,1919.33,1919.33,1919.33,1919.33,0
2026-08-10 10:13:00+00:00,1919.33,1919.33,1918.54,1918.54,118.919
2026-08-10 10:14:00+00:00,1918.54,1918.98,1918.47,1918.47,122.9035
2026-08-10 10:15:00+00:00,1918.47,1918.47,1918.47,1918.47,0
2026-08-10 10:16:00+00:00,1918.47,1919.36,1918.42,1918.47,199.558778312434343503
2026-08-10 10:17:00+00:00,1918.47,1919.36,1918.2,1918.23,577.474070765002992962
2026-08-10 10:18:00+00:00,1918.23,1918.23,1918.23,1918.23,0
2026-08-10 10:19:00+00:00,1918.23,1918.23,1918.23,1918.23,0
2026-08-10 10:20:00+00:00,1918.23,1919.35,1918.17,1919.35,0.289285161283596405
2026-08-10 10:21:00+00:00,1919.35,1919.79,1919.31,1919.76,1999.773530815482702828
2026-08-10 10:22:00+00:00,1919.76,1920.12,1919.76,1920.01,0.77403
2026-08-10 10:23:00+00:00,1920.01,1920.01,1919.43,1919.43,88.87911
2026-08-10 10:24:00+00:00,1919.43,1919.98,1919.43,1919.47,748.79315
2026-08-10 10:25:00+00:00,1919.47,1919.98,1919.45,1919.67,650.44712
2026-08-10 10:26:00+00:00,1919.67,1919.98,1919.48,1919.5,420.17651
2026-08-10 10:27:00+00:00,1919.5,1920.07,1918.64,1918.64,566.108876549843462287
2026-08-10 10:28:00+00:00,1918.64,1920.36,1918.22,1918.61,2242.076273729471440904
2026-08-10 10:29:00+00:00,1918.61,1920.36,1917.64,1918.41,74.943129802941743918
2026-08-10 10:30:00+00:00,1918.41,1918.74,1917.68,1917.68,0.24939
2026-08-10 10:31:00+00:00,1917.68,1918.6,1917.68,1918.45,154.55564
2026-08-10 10:32:00+00:00,1918.45,1918.53,1917.98,1917.98,37.82674
2026-08-10 10:33:00+00:00,1917.98,1918,1917.27,1917.99,278.42103
2026-08-10 10:34:00+00:00,1917.99,1918,1917.98,1917.99,0.25401
2026-08-10 10:35:00+00:00,1917.99,1917.99,1917.01,1917.29,153.996209935322345086
2026-08-10 10:36:00+00:00,1917.29,1917.98,1917.02,1917.47,176.60352
2026-08-10 10:37:00+00:00,1917.47,1917.47,1916.21,1916.21,2068.1672
2026-08-10 10:38:00+00:00,1916.21,1916.99,1916.18,1916.53,2122.2766
2026-08-10 10:39:00+00:00,1916.53,1916.53,1915.96,1916.02,4.62869
2026-08-10 10:40:00+00:00,1916.02,1916.99,1916.02,1916.47,183.998727585400972433
2026-08-10 10:41:00+00:00,1916.47,1917.02,1915.8,1917.02,1570.78367
2026-08-10 10:42:00+00:00,1917.02,1917.02,1916.02,1916.93,1.17758
2026-08-10 10:43:00+00:00,1916.93,1916.99,1916.93,1916.98,0.344
2026-08-10 10:44:00+00:00,1916.98,1917.01,1916.98,1916.98,0.3196
2026-08-10 10:45:00+00:00,1916.98,1916.98,1916.01,1916.01,0.11559
2026-08-10 10:46:00+00:00,1916.01,1917.01,1916.01,1917.01,65.87556
2026-08-10 10:47:00+00:00,1917.01,1917.41,1917,1917.41,2032.92438
2026-08-10 10:48:00+00:00,1917.41,1917.46,1916.98,1917.45,267.23243
2026-08-10 10:49:00+00:00,1917.45,1918,1917.02,1917.99,287.87844
2026-08-10 10:50:00+00:00,1917.99,1917.99,1916.98,1916.98,15.61769
2026-08-10 10:51:00+00:00,1916.98,1916.98,1916.98,1916.98,0
2026-08-10 10:52:00+00:00,1916.98,1916.98,1916.85,1916.85,0.12286
2026-08-10 10:53:00+00:00,1916.85,1916.87,1916.65,1916.65,0.15023
2026-08-10 10:54:00+00:00,1916.65,1917.01,1916.65,1916.92,0.37509
2026-08-10 10:55:00+00:00,1916.92,1916.92,1916.01,1916.33,30.93974
2026-08-10 10:56:00+00:00,1916.33,1917.02,1916.02,1916.99,100.59502
2026-08-10 10:57:00+00:00,1916.99,1916.99,1916.99,1916.99,0
2026-08-10 10:58:00+00:00,1916.99,1916.99,1916.92,1916.93,0.21557
2026-08-10 10:59:00+00:00,1916.93,1916.93,1916.93,1916.93,0
2026-08-10 11:00:00+00:00,1916.93,1916.93,1916,1916.01,0.390345815269843754
2026-08-10 11:01:00+00:00,1916.01,1916.01,1916.01,1916.01,0.30694
2026-08-10 11:02:00+00:00,1916.01,1916.02,1916,1916.02,0.83202
2026-08-10 11:03:00+00:00,1916.02,1916.02,1915.98,1915.98,1.18618
2026-08-10 11:04:00+00:00,1915.98,1916.02,1915.98,1916.02,0.58213
2026-08-10 11:05:00+00:00,1916.02,1916.03,1915.42,1915.97,2101.138582200916483126
2026-08-10 11:06:00+00:00,1915.97,1916.04,1915.96,1916.02,1.536705815269843754
2026-08-10 11:07:00+00:00,1916.02,1916.03,1916,1916.03,0.65005
2026-08-10 11:08:00+00:00,1916.03,1916.03,1915.91,1915.94,1.40059
2026-08-10 11:09:00+00:00,1915.94,1915.95,1915.56,1915.85,0.43672897106193258
2026-08-10 11:10:00+00:00,1915.85,1915.99,1915.59,1915.93,146.12446
2026-08-10 11:11:00+00:00,1915.93,1915.98,1914.37,1914.8,3137.70815
2026-08-10 11:12:00+00:00,1914.8,1914.98,1913.64,1914.07,823.292109935322345086
2026-08-10 11:13:00+00:00,1914.07,1915.08,1914.02,1914.99,324.79283
2026-08-10 11:14:00+00:00,1914.99,1915.53,1914.99,1915.53,153.99585
2026-08-10 11:15:00+00:00,1915.53,1916.04,1915.53,1915.99,1.30693
2026-08-10 11:16:00+00:00,1915.99,1917.04,1915.99,1917.03,206.6818
2026-08-10 11:17:00+00:00,1917.03,1917.4,1916.98,1916.99,2050.52041
2026-08-10 11:18:00+00:00,1916.99,1917.01,1916.99,1917.01,0.48085
2026-08-10 11:19:00+00:00,1917.01,1917.67,1916.98,1917.67,159.35146
2026-08-10 11:20:00+00:00,1917.67,1917.67,1917.64,1917.67,1.4562
2026-08-10 11:21:00+00:00,1917.67,1918.84,1917.67,1918.83,2140.581295161283596405
2026-08-10 11:22:00+00:00,1918.83,1919.03,1918.44,1918.47,225.06445
2026-08-10 11:23:00+00:00,1918.47,1918.47,1917.45,1917.47,2084.5359
2026-08-10 11:24:00+00:00,1917.47,1917.47,1916.99,1917.01,2.06994
2026-08-10 11:25:00+00:00,1917.01,1918,1916.98,1917.98,62.26502
2026-08-10 11:26:00+00:00,1917.98,1917.98,1917.98,1917.98,0.0842
2026-08-10 11:27:00+00:00,1917.98,1918.39,1917.98,1918.39,32.37946
2026-08-10 11:28:00+00:00,1918.39,1918.56,1917.98,1917.98,601.084933477451741879
2026-08-10 11:29:00+00:00,1917.98,1917.98,1917.98,1917.98,0
2026-08-10 11:30:00+00:00,1917.98,1918.85,1917.98,1918.47,48.69403
2026-08-10 11:31:00+00:00,1918.47,1918.64,1918.02,1918.53,551.62299
2026-08-10 11:32:00+00:00,1918.53,1918.63,1918.02,1918.53,295.54574
2026-08-10 11:33:00+00:00,1918.53,1918.64,1918.01,1918.63,351.33742
2026-08-10 11:34:00+00:00,1918.63,1919.65,1918.63,1919.65,2550.86513
2026-08-10 11:35:00+00:00,1919.65,1919.65,1919.01,1919.01,32.4733
2026-08-10 11:36:00+00:00,1919.01,1919.01,1918.5,1918.5,32.184304894369318863
2026-08-10 11:37:00+00:00,1918.5,1918.5,1917.94,1917.99,27.52568
2026-08-10 11:38:00+00:00,1917.99,1918.33,1917.99,1918.33,57.10148
2026-08-10 11:39:00+00:00,1918.33,1918.33,1918,1918,0.10411
2026-08-10 11:40:00+00:00,1918,1918.45,1918,1918.02,251.02147
2026-08-10 11:41:00+00:00,1918.02,1918.02,1917.98,1918,0.55307
2026-08-10 11:42:00+00:00,1918,1918,1918,1918,0
2026-08-10 11:43:00+00:00,1918,1918,1918,1918,0
2026-08-10 11:44:00+00:00,1918,1918,1918,1918,0
2026-08-10 11:45:00+00:00,1918,1918,1918,1918,0
2026-08-10 11:46:00+00:00,1918,1918.3,1918,1918.3,0.19359
2026-08-10 11:47:00+00:00,1918.3,1918.3,1918.3,1918.3,0
2026-08-10 11:48:00+00:00,1918.3,1919.05,1917.67,1918.03,79.73939
2026-08-10 11:49:00+00:00,1918.03,1918.03,1918.03,1918.03,0
2026-08-10 11:50:00+00:00,1918.03,1918.03,1917.49,1917.51,362.87356
2026-08-10 11:51:00+00:00,1917.51,1917.8,1917.02,1917.33,31.02186
2026-08-10 11:52:00+00:00,1917.33,1917.33,1917.33,1917.33,0
2026-08-10 11:53:00+00:00,1917.33,1918.01,1917.02,1917.97,155.81021
2026-08-10 11:54:00+00:00,1917.97,1918.43,1917.97,1918.42,93.83178
2026-08-10 11:55:00+00:00,1918.42,1919.54,1917.98,1919.53,2373.09482
2026-08-10 11:56:00+00:00,1919.53,1920.53,1918.99,1919.02,7006.65244877570592278
2026-08-10 11:57:00+00:00,1919.02,1919.02,1919.02,1919.02,0
2026-08-10 11:58:00+00:00,1919.02,1919.02,1918.99,1919,0.26036
2026-08-10 11:59:00+00:00,1919,1919.61,1919,1919.53,452.64762
2026-08-10 12:00:00+00:00,1919.53,1919.6,1918.99,1918.99,259.46469
2026-08-10 12:01:00+00:00,1918.99,1920.02,1918.98,1920.02,35.88872
2026-08-10 12:02:00+00:00,1920.02,1921.49,1919.99,1921.49,9247.82634
2026-08-10 12:03:00+00:00,1921.49,1922.33,1919.99,1920.85,733.142501519738553225
2026-08-10 12:04:00+00:00,1920.85,1922.53,1920.85,1922.53,4925.751290410728102407
2026-08-10 12:05:00+00:00,1922.53,1922.56,1920.48,1920.48,3046.367963477451741879
2026-08-10 12:06:00+00:00,1920.48,1921.04,1920.1,1920.98,8.57481
2026-08-10 12:07:00+00:00,1920.98,1921.84,1920.98,1920.99,6120.73423
2026-08-10 12:08:00+00:00,1920.99,1921.04,1920.99,1921.02,0.45536
2026-08-10 12:09:00+00:00,1921.02,1921.33,1921.02,1921.33,49.628
2026-08-10 12:10:00+00:00,1921.33,1922.06,1921.02,1921.45,287.27788
2026-08-10 12:11:00+00:00,1921.45,1922.02,1921.39,1921.99,98.603568166620461666
2026-08-10 12:12:00+00:00,1921.99,1921.99,1920.65,1920.84,135.18264
2026-08-10 12:13:00+00:00,1920.84,1920.98,1919.53,1919.54,180.44856
2026-08-10 12:14:00+00:00,1919.54,1920.02,1919.54,1920.01,1036.198901061946902654
2026-08-10 12:15:00+00:00,1920.01,1920.01,1919.07,1919.12,62.20477
2026-08-10 12:16:00+00:00,1919.12,1919.12,1918.45,1918.99,2080.039513043294094808
2026-08-10 12:17:00+00:00,1918.99,1918.99,1918.01,1918.01,66.371827230636801838
2026-08-10 12:18:00+00:00,1918.01,1918.02,1917.03,1917.04,2014.57545
2026-08-10 12:19:00+00:00,1917.04,1918.02,1917.02,1917.67,175.547730704960835509
2026-08-10 12:20:00+00:00,1917.67,1918.01,1917.37,1917.37,173.22237
2026-08-10 12:21:00+00:00,1917.37,1918.51,1917.37,1917.99,68.569912179353493222
2026-08-10 12:22:00+00:00,1917.99,1918.01,1917.02,1918,88.71753
2026-08-10 12:23:00+00:00,1918,1918,1916.98,1917.06,289.710882959404723052
2026-08-10 12:24:00+00:00,1917.06,1917.06,1916.98,1916.99,0.49367
2026-08-10 12:25:00+00:00,1916.99,1917.54,1916.93,1917,328.04485
2026-08-10 12:26:00+00:00,1917,1917.12,1915.94,1916.15,6131.29427
2026-08-10 12:27:00+00:00,1916.15,1916.46,1915.93,1915.96,130.48332
2026-08-10 12:28:00+00:00,1915.96,1916.02,1915.56,1915.96,62.25457
2026-08-10 12:29:00+00:00,1915.96,1916.02,1915.96,1916.02,0.56437
2026-08-10 12:30:00+00:00,1916.02,1916.02,1915.5,1915.98,73.393334230373707371
2026-08-10 12:31:00+00:00,1915.98,1916.02,1915.8,1916.02,9.39573
2026-08-10 12:32:00+00:00,1916.02,1916.02,1914.98,1914.99,153.487986175285496565
2026-08-10 12:33:00+00:00,1914.99,1915.01,1914.26,1914.98,2242.05983
2026-08-10 12:34:00+00:00,1914.98,1914.98,1913.88,1914.02,5532.64029
2026-08-10 12:35:00+00:00,1914.02,1914.07,1912.64,1914.07,2032.273027986008432557
2026-08-10 12:36:00+00:00,1914.07,1914.07,1913.39,1913.96,266.46133
2026-08-10 12:37:00+00:00,1913.96,1914,1913.47,1913.47,66.18627
2026-08-10 12:38:00+00:00,1913.47,1913.98,1913.42,1913.42,155.3211
2026-08-10 12:39:00+00:00,1913.42,1913.69,1912.58,1912.58,115.73026
2026-08-10 12:40:00+00:00,1912.58,1912.98,1911.99,1911.99,291.110050397373015213
2026-08-10 12:41:00+00:00,1911.99,1912.04,1911.08,1911.09,4032.796506527238891764
2026-08-10 12:42:00+00:00,1911.09,1912.8,1911.09,1912.8,0.30343
2026-08-10 12:43:00+00:00,1912.8,1914.04,1912.8,1913.67,111.106655815899581589
2026-08-10 12:44:00+00:00,1913.67,1914.99,1913.67,1914.98,2088.662804816775535402
2026-08-10 12:45:00+00:00,1914.98,1914.98,1913.99,1914.01,61.54898
2026-08-10 12:46:00+00:00,1914.01,1914.02,1913.32,1913.98,2142.34238
2026-08-10 12:47:00+00:00,1913.98,1914.02,1913.09,1913.54,63.170294014990429597
2026-08-10 12:48:00+00:00,1913.54,1914.01,1913,1913.01,25.32408
2026-08-10 12:49:00+00:00,1913.01,1913.01,1911.54,1911.54,5635.56459
2026-08-10 12:50:00+00:00,1911.54,1911.84,1910.65,1911.04,1058.070671277804901923
2026-08-10 12:51:00+00:00,1911.04,1911.04,1909.8,1909.83,2086.111977594939449168
2026-08-10 12:52:00+00:00,1909.83,1909.83,1908.54,1909.02,2321.110687735963708367
2026-08-10 12:53:00+00:00,1909.02,1909.02,1908.47,1908.54,168.29666
2026-08-10 12:54:00+00:00,1908.54,1909.53,1907.67,1909.52,3194.860687475638852472
2026-08-10 12:55:00+00:00,1909.52,1909.53,1907.61,1907.61,6027.251731304347826086
2026-08-10 12:56:00+00:00,1907.61,1907.61,1905.99,1906.06,5827.665134471498536679
2026-08-10 12:57:00+00:00,1906.06,1907.35,1905.96,1907,111.184038738756786465
2026-08-10 12:58:00+00:00,1907,1907.35,1905.06,1905.12,2635.80182
2026-08-10 12:59:00+00:00,1905.12,1905.16,1903.64,1905.16,1.98013831610150928
2026-08-10 13:00:00+00:00,1905.16,1905.85,1904.16,1905.85,42556.87366
2026-08-10 13:01:00+00:00,1905.85,1907.02,1905.49,1907.02,163.76612
2026-08-10 13:02:00+00:00,1907.02,1907.84,1906.64,1907.31,77.77824
2026-08-10 13:03:00+00:00,1907.31,1907.31,1904.64,1906.01,2105.459823071088440115
2026-08-10 13:04:00+00:00,1906.01,1906.85,1905.98,1906.85,39.336149485834207764
2026-08-10 13:05:00+00:00,1906.85,1907.02,1906.85,1907,0.44734
2026-08-10 13:06:00+00:00,1907,1907.53,1906.98,1907.53,2032.41824
2026-08-10 13:07:00+00:00,1907.53,1908.36,1907.5,1907.52,83.033422631248922513
2026-08-10 13:08:00+00:00,1907.52,1907.52,1906.98,1907.02,0.463728768018289645
2026-08-10 13:09:00+00:00,1907.02,1908,1907.02,1907.99,93.31126
2026-08-10 13:10:00+00:00,1907.99,1908.47,1907.98,1907.98,93.94813
2026-08-10 13:11:00+00:00,1907.98,1908.64,1907.98,1908.45,461.95348
2026-08-10 13:12:00+00:00,1908.45,1908.45,1907.01,1907.98,848.58087
2026-08-10 13:13:00+00:00,1907.98,1908.8,1907.98,1908.79,2090.74824
2026-08-10 13:14:00+00:00,1908.79,1908.85,1907.64,1907.98,3021.519195617204121646
2026-08-10 13:15:00+00:00,1907.98,1908.02,1907.97,1907.99,0.73238
2026-08-10 13:16:00+00:00,1907.99,1909.02,1907.98,1909.02,53.66365
2026-08-10 13:17:00+00:00,1909.02,1909.36,1908.98,1909.02,53.187325318916364457
2026-08-10 13:18:00+00:00,1909.02,1909.53,1908.99,1909.53,2090.515346560540890084
2026-08-10 13:19:00+00:00,1909.53,1909.75,1908.98,1909.01,36.896700668754992636
2026-08-10 13:20:00+00:00,1909.01,1909.36,1907.19,1907.19,5181.804262539909978688
2026-08-10 13:21:00+00:00,1907.19,1907.85,1906.98,1906.98,215.292857343616101168
2026-08-10 13:22:00+00:00,1906.98,1907.53,1906.64,1907.53,137.376191379974251389
2026-08-10 13:23:00+00:00,1907.53,1908.02,1907.48,1907.48,44.450911415781292547
2026-08-10 13:24:00+00:00,1907.48,1907.85,1906.98,1907.53,228.200758958241376646
2026-08-10 13:25:00+00:00,1907.53,1907.53,1905.59,1906.26,12054.686062495006631612
2026-08-10 13:26:00+00:00,1906.26,1907.02,1906.26,1906.47,141.092156853000115409
2026-08-10 13:27:00+00:00,1906.47,1907.02,1905.98,1905.98,77.22238130668754453
2026-08-10 13:28:00+00:00,1905.98,1907.02,1905.98,1907.01,52.40805
2026-08-10 13:29:00+00:00,1907.01,1907.41,1906.99,1907.04,373.222521233750911102
2026-08-10 13:30:00+00:00,1907.04,1907.53,1905.65,1906.98,112.318129705449135159
2026-08-10 13:31:00+00:00,1906.98,1907.02,1906.15,1906.99,143.308215764251694257
2026-08-10 13:32:00+00:00,1906.99,1907.89,1905.65,1906.39,6767.425861711702587411
2026-08-10 13:33:00+00:00,1906.39,1907.35,1905.94,1906.1,144.65518
2026-08-10 13:34:00+00:00,1906.1,1906.1,1899.64,1899.64,4704.699033469569915282
2026-08-10 13:35:00+00:00,1899.64,1901.34,1896.64,1901,7207.781323571805604478
2026-08-10 13:36:00+00:00,1901,1905.36,1901,1905.36,6292.517970923050185107
2026-08-10 13:37:00+00:00,1905.36,1906.36,1903.3,1903.3,7235.336594136967246706
2026-08-10 13:38:00+00:00,1903.3,1903.53,1902.64,1902.65,77.037242477862037293
2026-08-10 13:39:00+00:00,1902.65,1902.65,1900.02,1900.91,6354.29253
2026-08-10 13:40:00+00:00,1900.91,1901.44,1898.65,1900.85,5088.978792489982405984
2026-08-10 13:41:00+00:00,1900.85,1901.02,1899.06,1899.85,62.07663
2026-08-10 13:42:00+00:00,1899.85,1901.33,1899.67,1900.86,31.42206
2026-08-10 13:43:00+00:00,1900.86,1901.42,1899.21,1900.08,6296.66421
2026-08-10 13:44:00+00:00,1900.08,1901.35,1899.65,1900.02,264.389199560227936417
2026-08-10 13:45:00+00:00,1900.02,1902,1899.88,1899.93,2588.139480259260725979
2026-08-10 13:46:00+00:00,1899.93,1901.35,1898.65,1899.24,2076.578708147078893497
2026-08-10 13:47:00+00:00,1899.24,1899.69,1898.64,1899.53,128.056664221609857677
2026-08-10 13:48:00+00:00,1899.53,1899.53,1898.31,1898.31,9229.34471
2026-08-10 13:49:00+00:00,1898.31,1898.98,1894.64,1896.66,6799.044779997629632282
2026-08-10 13:50:00+00:00,1896.66,1898.37,1896.07,1898.37,6889.00097
2026-08-10 13:51:00+00:00,1898.37,1899.88,1897.53,1897.54,10430.783446487129049309
2026-08-10 13:52:00+00:00,1897.54,1899.33,1895.58,1896.54,8272.839261766371248985
2026-08-10 13:53:00+00:00,1896.54,1896.55,1894.02,1894.85,4339.100380315540717007
2026-08-10 13:54:00+00:00,1894.85,1895.68,1894.02,1895.29,8643.327323258782906199
2026-08-10 13:55:00+00:00,1895.29,1895.99,1895.01,1895.37,130.90592
2026-08-10 13:56:00+00:00,1895.37,1897.2,1895.37,1897.2,2773.62726409009389176
2026-08-10 13:57:00+00:00,1897.2,1897.97,1897.02,1897.97,3707.75529
2026-08-10 13:58:00+00:00,1897.97,1898.83,1897.58,1898.83,2132.611613526356037233
2026-08-10 13:59:00+00:00,1898.83,1898.98,1897.15,1897.15,2128.878624185408956231
2026-08-10 14:00:00+00:00,1897.15,1899.03,1895.64,1899,16507.194337321263373381
2026-08-10 14:01:00+00:00,1899,1901.36,1898.58,1901.33,27361.788632558139534883
2026-08-10 14:02:00+00:00,1901.33,1901.8,1900.02,1900.02,6290.473944515114122951
2026-08-10 14:03:00+00:00,1900.02,1900.53,1899.15,1899.15,69.941415835759096078
2026-08-10 14:04:00+00:00,1899.15,1899.85,1898.99,1899.03,1070.55154
2026-08-10 14:05:00+00:00,1899.03,1899.47,1898.33,1899.46,9346.61283
2026-08-10 14:06:00+00:00,1899.46,1899.53,1897.64,1899.02,5053.526200362593912718
2026-08-10 14:07:00+00:00,1899.02,1899.02,1898.33,1898.8,161.813537397710397994
2026-08-10 14:08:00+00:00,1898.8,1899,1896.44,1896.44,3736.14633
2026-08-10 14:09:00+00:00,1896.44,1897.85,1896.09,1897.85,205.346033825440844484
2026-08-10 14:10:00+00:00,1897.85,1898.24,1896.42,1896.98,4204.02162
2026-08-10 14:11:00+00:00,1896.98,1898.5,1896.98,1898.5,2192.35257
2026-08-10 14:12:00+00:00,1898.5,1898.97,1898.02,1898.95,1014.32164
2026-08-10 14:13:00+00:00,1898.95,1899.35,1898.93,1898.98,64.31448
2026-08-10 14:14:00+00:00,1898.98,1900.47,1898.98,1900.33,13340.411524736842105263
2026-08-10 14:15:00+00:00,1900.33,1901.77,1900.02,1900.02,2080.74523
2026-08-10 14:16:00+00:00,1900.02,1900.04,1899,1899,1.71476
2026-08-10 14:17:00+00:00,1899,1899.56,1898.53,1899.02,2096.59812
2026-08-10 14:18:00+00:00,1899.02,1899.53,1898.96,1899.02,32.10893857088882075
2026-08-10 14:19:00+00:00,1899.02,1900.32,1898.94,1899.02,230.94277
2026-08-10 14:20:00+00:00,1899.02,1899.85,1898.98,1899.33,203.002698182077307935
2026-08-10 14:21:00+00:00,1899.33,1899.79,1898,1898,2037.71738
2026-08-10 14:22:00+00:00,1898,1898.53,1897.63,1898.02,38015.84681
2026-08-10 14:23:00+00:00,1898.02,1898.35,1897.15,1897.5,4031.306217663348492593
2026-08-10 14:24:00+00:00,1897.5,1897.5,1896.52,1896.99,2059.802724791691867149
2026-08-10 14:25:00+00:00,1896.99,1897.53,1895.98,1897.53,82.332138076111720529
2026-08-10 14:26:00+00:00,1897.53,1899.11,1897.53,1899.11,1955.3945
2026-08-10 14:27:00+00:00,1899.11,1900.51,1899.11,1900,63.22339
2026-08-10 14:28:00+00:00,1900,1900.01,1899.48,1899.98,610.65495
2026-08-10 14:29:00+00:00,1899.98,1899.98,1898.95,1898.98,62.9732
2026-08-10 14:30:00+00:00,1898.98,1899.01,1898.4,1899,2302.05773
2026-08-10 14:31:00+00:00,1899,1899,1898.15,1898.15,110.12132
2026-08-10 14:32:00+00:00,1898.15,1898.19,1896.9,1897.53,2186.97065
2026-08-10 14:33:00+00:00,1897.53,1897.93,1896.99,1897.33,162.393804064312071692
2026-08-10 14:34:00+00:00,1897.33,1898.56,1897.02,1898.56,2229.63835
2026-08-10 14:35:00+00:00,1898.56,1901.36,1898.02,1900,32824.875376853000115409
2026-08-10 14:36:00+00:00,1900,1900.2,1898.9,1898.91,3020.001085936739934511
2026-08-10 14:37:00+00:00,1898.91,1899.02,1898.91,1899.01,1.036346024223275408
2026-08-10 14:38:00+00:00,1899.01,1899.01,1897.81,1897.87,2028.2272
2026-08-10 14:39:00+00:00,1897.87,1898,1896.65,1898,1399.23641
2026-08-10 14:40:00+00:00,1898,1899.02,1897.99,1899.01,2039.75536
2026-08-10 14:41:00+00:00,1899.01,1900.02,1899.01,1899.99,3049.85689
2026-08-10 14:42:00+00:00,1899.99,1901.36,1899.99,1900.99,16539.394344341006698084
2026-08-10 14:43:00+00:00,1900.99,1902.36,1900.44,1900.67,637.991023295096549543
2026-08-10 14:44:00+00:00,1900.67,1900.98,1899.63,1899.64,2045.19865
2026-08-10 14:45:00+00:00,1899.64,1900.45,1899.02,1900.44,15627.03568
2026-08-10 14:46:00+00:00,1900.44,1900.51,1898.27,1898.27,2757.72755
2026-08-10 14:47:00+00:00,1898.27,1898.28,1896.47,1896.81,2146.76332
2026-08-10 14:48:00+00:00,1896.81,1896.99,1894.64,1895.36,65.169439205509952844
2026-08-10 14:49:00+00:00,1895.36,1897.36,1895.02,1895.4,555.82586
2026-08-10 14:50:00+00:00,1895.4,1896.83,1895.39,1896.83,21202.96743
2026-08-10 14:51:00+00:00,1896.83,1896.85,1894.81,1894.82,4024.823412998011592888
2026-08-10 14:52:00+00:00,1894.82,1894.83,1893.62,1894.53,5417.653755936739934511
2026-08-10 14:53:00+00:00,1894.53,1894.53,1892.41,1892.5,2029.212793421630795822
2026-08-10 14:54:00+00:00,1892.5,1893.56,1892.5,1893.56,1070.905231471230892265
2026-08-10 14:55:00+00:00,1893.56,1893.79,1892.63,1892.63,4088.12483
2026-08-10 14:56:00+00:00,1892.63,1893.85,1892.63,1893.27,85.39638
2026-08-10 14:57:00+00:00,1893.27,1894.02,1891.46,1893.02,6614.238645761004582415
2026-08-10 14:58:00+00:00,1893.02,1893.02,1891.15,1891.6,2113.530292548676620645
2026-08-10 14:59:00+00:00,1891.6,1893.36,1891.02,1892.88,139.942118599894225721
2026-08-10 15:00:00+00:00,1892.88,1892.96,1887.64,1889.53,8517.457366827063781937
2026-08-10 15:01:00+00:00,1889.53,1889.97,1887,1889.59,26318.20613
2026-08-10 15:02:00+00:00,1889.59,1891.06,1889.59,1891,380.860953301420221628
2026-08-10 15:03:00+00:00,1891,1891,1889.65,1889.99,208.822068703071316479
2026-08-10 15:04:00+00:00,1889.99,1891,1889.02,1889.85,1702.54725
2026-08-10 15:05:00+00:00,1889.85,1890.88,1888.99,1890.33,2103.60306112693890864
2026-08-10 15:06:00+00:00,1890.33,1891.02,1889.98,1890.2,138.755500769698733038
2026-08-10 15:07:00+00:00,1890.2,1891.43,1890.2,1890.85,204.98847
2026-08-10 15:08:00+00:00,1890.85,1891.37,1890.01,1890.01,31225.21313
2026-08-10 15:09:00+00:00,1890.01,1891.02,1888.8,1890.47,39140.132437172909648904
2026-08-10 15:10:00+00:00,1890.47,1890.47,1889.98,1889.98,4.711720021107407446
2026-08-10 15:11:00+00:00,1889.98,1890.85,1888.67,1888.67,2151.364112222786515837
2026-08-10 15:12:00+00:00,1888.67,1889.98,1886.33,1886.33,10860.047071759223887316
2026-08-10 15:13:00+00:00,1886.33,1886.33,1875.64,1878.53,11242.529899041233763873
2026-08-10 15:14:00+00:00,1878.53,1878.53,1873.64,1876.36,22979.726356812591620043
2026-08-10 15:15:00+00:00,1876.36,1879.78,1873.64,1879.78,2.521272405929098936
2026-08-10 15:16:00+00:00,1879.78,1880.07,1878.47,1878.47,2129.611658384697130712
2026-08-10 15:17:00+00:00,1878.47,1878.8,1877.88,1878.33,129.97576
2026-08-10 15:18:00+00:00,1878.33,1878.85,1875.07,1876.42,15014.563629346665433659
2026-08-10 15:19:00+00:00,1876.42,1876.42,1874.67,1875.85,136.328861850159727003
2026-08-10 15:20:00+00:00,1875.85,1876.85,1875.85,1876.52,12554.622909274769901458
2026-08-10 15:21:00+00:00,1876.52,1877.02,1876.16,1876.48,37.408467066171627391
2026-08-10 15:22:00+00:00,1876.48,1876.48,1875.51,1875.51,1206.02051
2026-08-10 15:23:00+00:00,1875.51,1878.16,1875.01,1878.16,1694.937220535932745227
2026-08-10 15:24:00+00:00,1878.16,1878.16,1873.63,1873.63,3085.440800203527448373
2026-08-10 15:25:00+00:00,1873.63,1874.85,1870.23,1870.23,10112.611538876856368819
2026-08-10 15:26:00+00:00,1870.23,1873.85,1870.23,1873.85,11376.569282231700182222
2026-08-10 15:27:00+00:00,1873.85,1874.36,1872.6,1874.02,4211.45597748250471558
2026-08-10 15:28:00+00:00,1874.02,1876.36,1874.02,1876.35,2751.439533759477509226
2026-08-10 15:29:00+00:00,1876.35,1876.35,1875.01,1876.01,356.57288
2026-08-10 15:30:00+00:00,1876.01,1876.36,1875.19,1876,36.081308487910364619
2026-08-10 15:31:00+00:00,1876,1877.36,1875.99,1876.85,2098.831175099852794089
2026-08-10 15:32:00+00:00,1876.85,1879.36,1876.85,1877.88,41.228021093908045109
2026-08-10 15:33:00+00:00,1877.88,1878.02,1877.88,1878,1.107811653059060545
2026-08-10 15:34:00+00:00,1878,1878.02,1877.27,1877.27,648.472483995418458266
2026-08-10 15:35:00+00:00,1877.27,1877.36,1875.95,1877.36,4081.83992330611812109
2026-08-10 15:36:00+00:00,1877.36,1877.36,1874.65,1874.65,2056.525540091600368746
2026-08-10 15:37:00+00:00,1874.65,1875.64,1873.66,1874.85,2165.6692
2026-08-10 15:38:00+00:00,1874.85,1875.42,1874.18,1875.38,138.52245
2026-08-10 15:39:00+00:00,1875.38,1877.36,1875.02,1877.35,58.57696
2026-08-10 15:40:00+00:00,1877.35,1877.35,1875.48,1876.85,93.50703
2026-08-10 15:41:00+00:00,1876.85,1878.36,1876.85,1878.3,0.509621038536751429
2026-08-10 15:42:00+00:00,1878.3,1879.36,1878.02,1878.02,86.772146802963323075
2026-08-10 15:43:00+00:00,1878.02,1878.52,1877.81,1878.02,139.51597
2026-08-10 15:44:00+00:00,1878.02,1879.48,1877.02,1877.39,6207.48514576355625187
2026-08-10 15:45:00+00:00,1877.39,1877.39,1876.38,1876.55,2059.94578
2026-08-10 15:46:00+00:00,1876.55,1876.98,1876.02,1876.33,256.47774
2026-08-10 15:47:00+00:00,1876.33,1878.36,1876.33,1877.67,2150.090710889857563886
2026-08-10 15:48:00+00:00,1877.67,1877.99,1876.01,1876.02,6201.19425998833633761
2026-08-10 15:49:00+00:00,1876.02,1876.07,1875.37,1875.98,2079.524843854120095548
2026-08-10 15:50:00+00:00,1875.98,1877.46,1875.98,1877.46,2142.12401
2026-08-10 15:51:00+00:00,1877.46,1878.19,1877.45,1878.19,1815.69898
2026-08-10 15:52:00+00:00,1878.19,1879.37,1878.19,1878.98,1.37647
2026-08-10 15:53:00+00:00,1878.98,1879.02,1876.46,1876.46,5932.74096
2026-08-10 15:54:00+00:00,1876.46,1877.35,1876.02,1876.47,13.890308323613614675
2026-08-10 15:55:00+00:00,1876.47,1876.98,1875.63,1876.01,2111.911049867962530771
2026-08-10 15:56:00+00:00,1876.01,1876.85,1875.02,1875.53,4156.462158323613614675
2026-08-10 15:57:00+00:00,1875.53,1876.45,1875.53,1875.98,2032.54291
2026-08-10 15:58:00+00:00,1875.98,1876.02,1875.98,1875.99,0.266303237870925987
2026-08-10 15:59:00+00:00,1875.99,1876.85,1875.99,1876.01,243.91145
2026-08-10 16:00:00+00:00,1876.01,1876.01,1874.43,1875.12,6528.481354386513394878
2026-08-10 16:01:00+00:00,1875.12,1876.54,1875.01,1876.54,66.24105
2026-08-10 16:02:00+00:00,1876.54,1876.56,1875.48,1876.42,21457.328208666005692903
2026-08-10 16:03:00+00:00,1876.42,1877.46,1876.02,1877.33,2159.41086
2026-08-10 16:04:00+00:00,1877.33,1877.49,1876.53,1877.33,95.96424
2026-08-10 16:05:00+00:00,1877.33,1877.83,1877,1877.47,85.528993475366178428
2026-08-10 16:06:00+00:00,1877.47,1877.66,1876.98,1876.98,0.5716
2026-08-10 16:07:00+00:00,1876.98,1877.77,1876.98,1877.01,91.068722348337851617
2026-08-10 16:08:00+00:00,1877.01,1877.98,1876.15,1876.15,2160.60228
2026-08-10 16:09:00+00:00,1876.15,1877.2,1876.01,1876.01,1.031815763905198287
2026-08-10 16:10:00+00:00,1876.01,1876.02,1875.03,1875.64,2096.293540953406431735
2026-08-10 16:11:00+00:00,1875.64,1876.01,1875.12,1875.8,86.67853
2026-08-10 16:12:00+00:00,1875.8,1876.53,1874.65,1875.53,512.87433
2026-08-10 16:13:00+00:00,1875.53,1876.02,1875.01,1875.01,206.65358
2026-08-10 16:14:00+00:00,1875.01,1875.64,1874.63,1874.99,2067.45275
2026-08-10 16:15:00+00:00,1874.99,1874.99,1874.15,1874.15,147.25502826679715358
2026-08-10 16:16:00+00:00,1874.15,1875.36,1874.02,1875.36,3155.369757488927141121
2026-08-10 16:17:00+00:00,1875.36,1875.85,1873.64,1873.88,4972.17492262653169952
2026-08-10 16:18:00+00:00,1873.88,1874.01,1872.65,1873.44,256.18414
2026-08-10 16:19:00+00:00,1873.44,1873.98,1872,1872.67,13104.240543947344816998
2026-08-10 16:20:00+00:00,1872.67,1873.98,1872.01,1873.48,29762.376861104199482072
2026-08-10 16:21:00+00:00,1873.48,1873.48,1868.69,1868.83,2736.55040295416678951
2026-08-10 16:22:00+00:00,1868.83,1872.53,1868.83,1872.52,1087.309
2026-08-10 16:23:00+00:00,1872.52,1874.35,1872.52,1873.98,12485.817053425679275439
2026-08-10 16:24:00+00:00,1873.98,1875.04,1873.98,1875.02,218.844
2026-08-10 16:25:00+00:00,1875.02,1875.02,1874.47,1874.47,99.03662
2026-08-10 16:26:00+00:00,1874.47,1875.02,1874.38,1875.02,5.93573797594621665
2026-08-10 16:27:00+00:00,1875.02,1875.02,1874.59,1874.67,253.133909043998174686
2026-08-10 16:28:00+00:00,1874.67,1874.98,1874.01,1874.33,389.03872
2026-08-10 16:29:00+00:00,1874.33,1874.85,1874.02,1874.02,170.789185307924213445
2026-08-10 16:30:00+00:00,1874.02,1874.54,1874.01,1874.02,280.627950090910130054
2026-08-10 16:31:00+00:00,1874.02,1874.98,1873.63,1873.63,2102.851543644593578123
2026-08-10 16:32:00+00:00,1873.63,1874.4,1872.45,1874.02,4648.338333019834746034
2026-08-10 16:33:00+00:00,1874.02,1874.02,1873.02,1873.55,313.288914962503759146
2026-08-10 16:34:00+00:00,1873.55,1874,1872.62,1872.62,2442.66344
2026-08-10 16:35:00+00:00,1872.62,1873.7,1872.62,1873.69,197.838753107338657511
2026-08-10 16:36:00+00:00,1873.69,1874.53,1873.69,1874.53,90.735282193768672641
2026-08-10 16:37:00+00:00,1874.53,1874.85,1874.02,1874.84,122.55014
2026-08-10 16:38:00+00:00,1874.84,1875.01,1873.98,1874.99,76.558800957817409721
2026-08-10 16:39:00+00:00,1874.99,1875.91,1874.99,1875.91,3304.445454030783005393
2026-08-10 16:40:00+00:00,1875.91,1876.91,1875.91,1876.91,81.107568059572608113
2026-08-10 16:41:00+00:00,1876.91,1876.98,1875.51,1875.51,2783.96715
2026-08-10 16:42:00+00:00,1875.51,1876.55,1874.65,1874.65,85.56306
2026-08-10 16:43:00+00:00,1874.65,1874.84,1873.68,1873.68,3014.35665
2026-08-10 16:44:00+00:00,1873.68,1873.68,1871.55,1872.2,51.366918508517047423
2026-08-10 16:45:00+00:00,1872.2,1873.15,1870.64,1871.98,3079.064063341088655268
2026-08-10 16:46:00+00:00,1871.98,1872,1871.03,1871.03,129.53044
2026-08-10 16:47:00+00:00,1871.03,1872.42,1870.64,1872.02,134.692787684411184341
2026-08-10 16:48:00+00:00,1872.02,1872.02,1871.16,1871.98,122.86375
2026-08-10 16:49:00+00:00,1871.98,1871.98,1871.98,1871.98,0.19428
2026-08-10 16:50:00+00:00,1871.98,1872.02,1870.44,1871.47,305.098923548118435352
2026-08-10 16:51:00+00:00,1871.47,1872.02,1871.47,1871.98,1.177632307351236424
2026-08-10 16:52:00+00:00,1871.98,1872.4,1871.47,1872.02,70.693782599741458816
2026-08-10 16:53:00+00:00,1872.02,1872.02,1869.74,1869.74,5868.988055062872135159
2026-08-10 16:54:00+00:00,1869.74,1869.74,1868.15,1868.53,2200.876886228111321165
2026-08-10 16:55:00+00:00,1868.53,1869.44,1868.53,1869.33,2105.535233482974110434
2026-08-10 16:56:00+00:00,1869.33,1870.33,1869,1870.33,65.092595670463769769
2026-08-10 16:57:00+00:00,1870.33,1870.33,1870,1870,2.11749824472019921
2026-08-10 16:58:00+00:00,1870,1871.36,1869.99,1870.67,117.248038986746472851
2026-08-10 16:59:00+00:00,1870.67,1871.04,1870.67,1871.02,49.502502656748140276
2026-08-10 17:00:00+00:00,1871.02,1872.33,1870.99,1870.99,107.020183466511249133
2026-08-10 17:01:00+00:00,1870.99,1871.02,1869.11,1869.11,2753.39269951439002053
2026-08-10 17:02:00+00:00,1869.11,1869.6,1868.73,1869.02,5328.01203
2026-08-10 17:03:00+00:00,1869.02,1869.85,1868.98,1869.33,2236.522649027212376362
2026-08-10 17:04:00+00:00,1869.33,1869.85,1868.65,1869.04,1627.438479279102448364
2026-08-10 17:05:00+00:00,1869.04,1869.04,1867.48,1868.15,4534.681262499652702793
2026-08-10 17:06:00+00:00,1868.15,1869.58,1868.02,1869.57,149.63476456051735259
2026-08-10 17:07:00+00:00,1869.57,1870.21,1868.41,1870.21,150.972267596574767362
2026-08-10 17:08:00+00:00,1870.21,1872.53,1870,1872.53,2399.08922
2026-08-10 17:09:00+00:00,1872.53,1873.29,1872.04,1872.43,97.017792870561085562
2026-08-10 17:10:00+00:00,1872.43,1874.04,1872.04,1874.01,3227.259536235299009668
2026-08-10 17:11:00+00:00,1874.01,1874.54,1873.48,1874.54,132.133407371607517815
2026-08-10 17:12:00+00:00,1874.54,1874.62,1873.98,1873.98,1.535743377976249332
2026-08-10 17:13:00+00:00,1873.98,1874.47,1873.88,1874.02,276.031386369851475675
2026-08-10 17:14:00+00:00,1874.02,1874.61,1873.98,1873.98,55.834424083214714525
2026-08-10 17:15:00+00:00,1873.98,1874.02,1872.64,1873,256.599942699126844272
2026-08-10 17:16:00+00:00,1873,1873.51,1872.56,1873.01,1025.79848
2026-08-10 17:17:00+00:00,1873.01,1873.01,1872.49,1872.96,71.41318
2026-08-10 17:18:00+00:00,1872.96,1872.96,1872.02,1872.02,11.58796030197286063
2026-08-10 17:19:00+00:00,1872.02,1872.58,1871.99,1872.52,96.08965038514066355
2026-08-10 17:20:00+00:00,1872.52,1872.85,1872.02,1872.85,133.12839664722722935
2026-08-10 17:21:00+00:00,1872.85,1873.02,1872.15,1872.15,72.412161789461022764
2026-08-10 17:22:00+00:00,1872.15,1873,1872,1872.67,618.839292564102564102
2026-08-10 17:23:00+00:00,1872.67,1873.85,1872.02,1873.85,2190.70998824974961613
2026-08-10 17:24:00+00:00,1873.85,1874.02,1872.98,1873.47,195.133478777228858451
2026-08-10 17:25:00+00:00,1873.47,1874.63,1873.45,1874.62,3190.513418777228858451
2026-08-10 17:26:00+00:00,1874.62,1875.02,1874.62,1874.99,1.529683353617885962
2026-08-10 17:27:00+00:00,1874.99,1875.99,1874.52,1874.99,233.381986646382114038
2026-08-10 17:28:00+00:00,1874.99,1875,1873.37,1873.52,3272.03419
2026-08-10 17:29:00+00:00,1873.52,1873.85,1873.52,1873.67,8.469121093345572342
2026-08-10 17:30:00+00:00,1873.67,1874.04,1873.01,1874.02,71.59554
2026-08-10 17:31:00+00:00,1874.02,1875.19,1874,1874.88,91.649412747324242602
2026-08-10 17:32:00+00:00,1874.88,1875.02,1874.01,1874.02,61.852826792660398115
2026-08-10 17:33:00+00:00,1874.02,1875.02,1873.98,1875.02,105.113497487518912285
2026-08-10 17:34:00+00:00,1875.02,1875.74,1875,1875.02,1199.050672747324242602
2026-08-10 17:35:00+00:00,1875.02,1875.33,1875.01,1875.01,31.63911
2026-08-10 17:36:00+00:00,1875.01,1875.02,1874.9,1874.9,0.43906
2026-08-10 17:37:00+00:00,1874.9,1875.02,1874.16,1874.38,236.511914640569499419
2026-08-10 17:38:00+00:00,1874.38,1874.39,1873.98,1874.33,95.35459
2026-08-10 17:39:00+00:00,1874.33,1874.99,1873.98,1874.97,120.68314
2026-08-10 17:40:00+00:00,1874.97,1876.2,1874.97,1876.02,2098.77264
2026-08-10 17:41:00+00:00,1876.02,1876.02,1875.98,1875.99,0.82340640371976696
2026-08-10 17:42:00+00:00,1875.99,1875.99,1875.31,1875.31,0.19085
2026-08-10 17:43:00+00:00,1875.31,1876.36,1875.31,1876.36,0.92077493512340326
2026-08-10 17:44:00+00:00,1876.36,1876.36,1876.33,1876.36,1.674234614438572766
2026-08-10 17:45:00+00:00,1876.36,1876.36,1873.06,1873.53,2942.327463970665822338
2026-08-10 17:46:00+00:00,1873.53,1874.02,1873.47,1873.98,206.24868107774750367
2026-08-10 17:47:00+00:00,1873.98,1874.02,1873.47,1873.67,365.96489
2026-08-10 17:48:00+00:00,1873.67,1873.98,1873.2,1873.3,36.17207
2026-08-10 17:49:00+00:00,1873.3,1873.99,1873.02,1873.5,397.36408
2026-08-10 17:50:00+00:00,1873.5,1874.85,1873.48,1874.42,2068.438622332158730502
2026-08-10 17:51:00+00:00,1874.42,1874.85,1873.81,1873.81,219.042037023243497152
2026-08-10 17:52:00+00:00,1873.81,1873.99,1873.53,1873.98,2327.08906
2026-08-10 17:53:00+00:00,1873.98,1874.02,1873.36,1873.48,441.608268198199382184
2026-08-10 17:54:00+00:00,1873.48,1874.01,1872.99,1873,155.51114269909728604
2026-08-10 17:55:00+00:00,1873,1873.02,1871.64,1872.8,2105.913060355477205196
2026-08-10 17:56:00+00:00,1872.8,1872.98,1871.75,1872.53,1156.412498103885292877
2026-08-10 17:57:00+00:00,1872.53,1873.04,1872.04,1872.04,139.668689855282688992
2026-08-10 17:58:00+00:00,1872.04,1872.98,1872.02,1872.53,162.12781
2026-08-10 17:59:00+00:00,1872.53,1873.02,1872.51,1872.54,304.769033136434311064
2026-08-10 18:00:00+00:00,1872.54,1874.02,1872.54,1873.93,1109.99404332944544587
2026-08-10 18:01:00+00:00,1873.93,1874.02,1873.33,1873.53,153.16387
2026-08-10 18:02:00+00:00,1873.53,1873.98,1873,1873.04,161.446082983776905948
2026-08-10 18:03:00+00:00,1873.04,1873.56,1871.64,1873.02,1036.580122983776905948
2026-08-10 18:04:00+00:00,1873.02,1873.02,1872.18,1872.18,40.28184
2026-08-10 18:05:00+00:00,1872.18,1873.07,1872.02,1873.07,210.391925576392630966
2026-08-10 18:06:00+00:00,1873.07,1873.07,1872.04,1873.02,260.192333165792649713
2026-08-10 18:07:00+00:00,1873.02,1873.53,1872.81,1873.02,199.364319979177900812
2026-08-10 18:08:00+00:00,1873.02,1873.06,1872.99,1873.01,0.843262983776905948
2026-08-10 18:09:00+00:00,1873.01,1873.01,1871.51,1872.01,2256.489200900481292748
2026-08-10 18:10:00+00:00,1872.01,1873.02,1872.01,1872.67,122.90823
2026-08-10 18:11:00+00:00,1872.67,1873.33,1872.54,1873.33,147.2191
2026-08-10 18:12:00+00:00,1873.33,1873.33,1872.15,1872.15,25.20656
2026-08-10 18:13:00+00:00,1872.15,1872.98,1871.98,1871.98,258.58854
2026-08-10 18:14:00+00:00,1871.98,1872,1870.89,1870.9,2774.90154
2026-08-10 18:15:00+00:00,1870.9,1871.06,1870.41,1870.5,2567.31216
2026-08-10 18:16:00+00:00,1870.5,1871.56,1870.47,1870.47,12337.47998
2026-08-10 18:17:00+00:00,1870.47,1871.02,1869.99,1870.99,72.01928
2026-08-10 18:18:00+00:00,1870.99,1872.2,1870.98,1872.01,2114.695939680992037282
2026-08-10 18:19:00+00:00,1872.01,1872.03,1870.65,1871.39,233.54443
2026-08-10 18:20:00+00:00,1871.39,1871.39,1870.98,1870.98,0.7383
2026-08-10 18:21:00+00:00,1870.98,1871.64,1870.98,1871.59,167.84089
2026-08-10 18:22:00+00:00,1871.59,1872.2,1871,1871.01,136.85673
2026-08-10 18:23:00+00:00,1871.01,1872.01,1871.01,1871.88,220.34976
2026-08-10 18:24:00+00:00,1871.88,1872.85,1871.88,1872.85,1831.43703
2026-08-10 18:25:00+00:00,1872.85,1873.74,1872.85,1873.73,2034.25217
2026-08-10 18:26:00+00:00,1873.73,1873.98,1872.72,1873,85.72811
2026-08-10 18:27:00+00:00,1873,1873,1872,1872,4.74279
2026-08-10 18:28:00+00:00,1872,1872,1870.88,1871.44,32.32977
2026-08-10 18:29:00+00:00,1871.44,1871.49,1870.98,1871.48,101.60887
2026-08-10 18:30:00+00:00,1871.48,1871.48,1870.53,1870.53,2134.09472
2026-08-10 18:31:00+00:00,1870.53,1871.85,1870.53,1871.84,342.16881
2026-08-10 18:32:00+00:00,1871.84,1872.04,1871.82,1872.04,0.63052
2026-08-10 18:33:00+00:00,1872.04,1872.04,1871.51,1871.55,242.25851
2026-08-10 18:34:00+00:00,1871.55,1872.02,1871.04,1871.98,62.14423
2026-08-10 18:35:00+00:00,1871.98,1872.07,1871.19,1871.2,68.112820967836564705
2026-08-10 18:36:00+00:00,1871.2,1871.25,1869.5,1869.51,8429.622585320380874985
2026-08-10 18:37:00+00:00,1869.51,1869.98,1868.64,1868.64,89.110859437353063982
2026-08-10 18:38:00+00:00,1868.64,1870.2,1868.64,1869.68,208.09535602534009565
2026-08-10 18:39:00+00:00,1869.68,1870.62,1869.68,1870.46,251.832755320152870593
2026-08-10 18:40:00+00:00,1870.46,1870.83,1869.73,1870.54,57.077555320152870593
2026-08-10 18:41:00+00:00,1870.54,1870.64,1870.02,1870.64,86.63022768263326064
2026-08-10 18:42:00+00:00,1870.64,1871.01,1870.07,1870.56,333.243763776186782713
2026-08-10 18:43:00+00:00,1870.56,1870.98,1870.56,1870.98,0.225500042738695615
2026-08-10 18:44:00+00:00,1870.98,1872.02,1870.98,1872.02,27.011014765342812131
2026-08-10 18:45:00+00:00,1872.02,1872.02,1868.64,1869.11,5077.52060710917907458
2026-08-10 18:46:00+00:00,1869.11,1870.35,1867.21,1867.21,405.97247302843439534
2026-08-10 18:47:00+00:00,1867.21,1869.45,1867.21,1869.2,4268.275025803850084356
2026-08-10 18:48:00+00:00,1869.2,1870.46,1869.02,1870.45,139.53646
2026-08-10 18:49:00+00:00,1870.45,1871.53,1870.02,1871.53,3588.84374
2026-08-10 18:50:00+00:00,1871.53,1871.99,1870.98,1870.99,14.05919
2026-08-10 18:51:00+00:00,1870.99,1872.35,1870.97,1871.98,58.47134
2026-08-10 18:52:00+00:00,1871.98,1871.99,1871.01,1871.01,58.73605
2026-08-10 18:53:00+00:00,1871.01,1871.61,1870.99,1870.99,25.4207
2026-08-10 18:54:00+00:00,1870.99,1871.02,1870.99,1871.02,0.20534
2026-08-10 18:55:00+00:00,1871.02,1872.02,1871.02,1872.02,36.697255382100618583
2026-08-10 18:56:00+00:00,1872.02,1872.53,1872.01,1872.33,218.144365192019595964
2026-08-10 18:57:00+00:00,1872.33,1873.01,1872.02,1872.99,79.3057
2026-08-10 18:58:00+00:00,1872.99,1873.02,1872.48,1872.48,44.684629305537013996
2026-08-10 18:59:00+00:00,1872.48,1872.48,1871.91,1871.97,13.151841338701356778
2026-08-10 19:00:00+00:00,1871.97,1873.07,1871.37,1872.93,2074.023211875100094594
2026-08-10 19:01:00+00:00,1872.93,1873.02,1872.2,1872.6,2106.936075952764243346
2026-08-10 19:02:00+00:00,1872.6,1873.02,1872.34,1872.67,92.578983794958387108
2026-08-10 19:03:00+00:00,1872.67,1873.52,1872.5,1873.51,2118.931593740267964791
2026-08-10 19:04:00+00:00,1873.51,1873.54,1873.02,1873.53,2110.674739786348793487
2026-08-10 19:05:00+00:00,1873.53,1873.53,1872.63,1872.63,1986.3916
2026-08-10 19:06:00+00:00,1872.63,1873.52,1872.63,1873.51,1801.83392
2026-08-10 19:07:00+00:00,1873.51,1873.55,1872.99,1873.33,272.21269
2026-08-10 19:08:00+00:00,1873.33,1874,1873.02,1873.99,265.347036911482129894
2026-08-10 19:09:00+00:00,1873.99,1874.02,1873.49,1873.67,146.309202379339794398
2026-08-10 19:10:00+00:00,1873.67,1874.02,1873.49,1873.5,437.746055916160903354
2026-08-10 19:11:00+00:00,1873.5,1874.02,1873.5,1873.99,0.15988
2026-08-10 19:12:00+00:00,1873.99,1874.37,1873.98,1873.98,2577.792943175735624881
2026-08-10 19:13:00+00:00,1873.98,1874.02,1873.98,1874.02,0.851076244990326585
2026-08-10 19:14:00+00:00,1874.02,1874.38,1874,1874.38,31.83804
2026-08-10 19:15:00+00:00,1874.38,1875,1874,1874.63,3992.46232
2026-08-10 19:16:00+00:00,1874.63,1875.39,1874.63,1874.67,2096.152135946342091264
2026-08-10 19:17:00+00:00,1874.67,1875.6,1874.67,1875.59,298.93587
2026-08-10 19:18:00+00:00,1875.59,1875.75,1875.13,1875.13,2.339667544501904202
2026-08-10 19:19:00+00:00,1875.13,1876.02,1875.13,1875.5,265.220547806969788106
2026-08-10 19:20:00+00:00,1875.5,1876.02,1875.5,1875.96,33.46887
2026-08-10 19:21:00+00:00,1875.96,1876.02,1875.96,1876.02,1.06451
2026-08-10 19:22:00+00:00,1876.02,1876.96,1876.01,1876.01,108.71943083356869934
2026-08-10 19:23:00+00:00,1876.01,1877.01,1876.01,1876.99,202.123
2026-08-10 19:24:00+00:00,1876.99,1877.02,1876.99,1877.01,1.233259255247289192
2026-08-10 19:25:00+00:00,1877.01,1877.71,1876.98,1877,36.25291
2026-08-10 19:26:00+00:00,1877,1877,1877,1877,0
2026-08-10 19:27:00+00:00,1877,1877.02,1876.35,1876.67,85.469266388070277629
2026-08-10 19:28:00+00:00,1876.67,1877.02,1875.99,1876.99,0.91272
2026-08-10 19:29:00+00:00,1876.99,1877.75,1875.98,1877.74,36.494813816257065471
2026-08-10 19:30:00+00:00,1877.74,1880.36,1877.52,1879,12073.887847855080835655
2026-08-10 19:31:00+00:00,1879,1880.32,1878.98,1878.98,71.207292976801340831
2026-08-10 19:32:00+00:00,1878.98,1879.07,1878.47,1879.03,151.81764970032542615
2026-08-10 19:33:00+00:00,1879.03,1879.8,1878.94,1878.94,2052.45637707666207189
2026-08-10 19:34:00+00:00,1878.94,1880.36,1878.94,1879.01,34.603706581877441713
2026-08-10 19:35:00+00:00,1879.01,1879.02,1878.15,1878.24,2071.759614686585992892
2026-08-10 19:36:00+00:00,1878.24,1878.24,1877.89,1877.99,13.184774339949236892
2026-08-10 19:37:00+00:00,1877.99,1878.02,1875.51,1875.51,4907.272078544289549733
2026-08-10 19:38:00+00:00,1875.51,1876.97,1875.51,1876.97,1383.875881214656526571
2026-08-10 19:39:00+00:00,1876.97,1877.07,1876.47,1876.99,18.75328
2026-08-10 19:40:00+00:00,1876.99,1877.53,1876.99,1877.33,2234.294997861939465098
2026-08-10 19:41:00+00:00,1877.33,1877.33,1876.98,1876.98,1.281280727445151253
2026-08-10 19:42:00+00:00,1876.98,1878.36,1876.98,1878.36,0.213149172448337969
2026-08-10 19:43:00+00:00,1878.36,1878.36,1878.34,1878.35,0.158700769698733038
2026-08-10 19:44:00+00:00,1878.35,1878.35,1878.28,1878.28,0.047795195932357217
2026-08-10 19:45:00+00:00,1878.28,1878.98,1878.02,1878.59,301.491286045898342801
2026-08-10 19:46:00+00:00,1878.59,1879.02,1878.02,1878.43,177.301281269542188901
2026-08-10 19:47:00+00:00,1878.43,1878.98,1877.98,1877.98,174.0218
2026-08-10 19:48:00+00:00,1877.98,1878.02,1877.02,1877.33,2627.110033342029880626
2026-08-10 19:49:00+00:00,1877.33,1878.02,1877.33,1878.02,185.207801517906595186
2026-08-10 19:50:00+00:00,1878.02,1878.02,1877.47,1877.47,134.17292
2026-08-10 19:51:00+00:00,1877.47,1877.88,1877.02,1877.42,140.214768676524638715
2026-08-10 19:52:00+00:00,1877.42,1877.42,1876.01,1877,2989.83148
2026-08-10 19:53:00+00:00,1877,1877.02,1876.15,1876.15,322.289297762394282882
2026-08-10 19:54:00+00:00,1876.15,1877.02,1876,1877.01,34.854871508862334545
2026-08-10 19:55:00+00:00,1877.01,1877.01,1876.01,1876.02,263.609657996789035033
2026-08-10 19:56:00+00:00,1876.02,1876.02,1875.98,1875.98,1.932353883209724846
2026-08-10 19:57:00+00:00,1875.98,1876.1,1875.93,1876.02,1.631790132086651151
2026-08-10 19:58:00+00:00,1876.02,1876.53,1876,1876,421.803513514116058026
2026-08-10 19:59:00+00:00,1876,1877.66,1876,1877.66,3783.12808
2026-08-10 20:00:00+00:00,1877.66,1877.66,1876.99,1876.99,40.78754
2026-08-10 20:01:00+00:00,1876.99,1877.96,1876.99,1877.53,312.753271230364400504
2026-08-10 20:02:00+00:00,1877.53,1877.97,1876.94,1877.67,61.15003
2026-08-10 20:03:00+00:00,1877.67,1877.98,1877.42,1877.43,110.93583
2026-08-10 20:04:00+00:00,1877.43,1878.02,1877.43,1878.02,999.66543
2026-08-10 20:05:00+00:00,1878.02,1878.84,1878.01,1878.33,114.96741
2026-08-10 20:06:00+00:00,1878.33,1878.33,1877,1877.52,90.747405904142578012
2026-08-10 20:07:00+00:00,1877.52,1878.04,1877.52,1878.03,1.187601990294636677
2026-08-10 20:08:00+00:00,1878.03,1878.03,1877.61,1877.98,32.485235426633353514
2026-08-10 20:09:00+00:00,1877.98,1878.02,1877.58,1877.61,33.30526653059060545
2026-08-10 20:10:00+00:00,1877.61,1878.03,1877.61,1878.02,0.879778210976970112
2026-08-10 20:11:00+00:00,1878.02,1878.02,1877.88,1877.93,2.29967630796471913
2026-08-10 20:12:00+00:00,1877.93,1878.53,1877.93,1878.01,30577.310986217678690133
2026-08-10 20:13:00+00:00,1878.01,1878.02,1877.98,1878.01,0.55861
2026-08-10 20:14:00+00:00,1878.01,1878.01,1877.34,1877.98,68.68475
2026-08-10 20:15:00+00:00,1877.98,1878.02,1876.97,1878.02,122.808045521222579252
2026-08-10 20:16:00+00:00,1878.02,1878.02,1877.49,1877.95,32.5352876250260487
2026-08-10 20:17:00+00:00,1877.95,1878.02,1876.94,1877.99,2.255998063504425168
2026-08-10 20:18:00+00:00,1877.99,1878.04,1877.98,1877.99,0.663973223170266845
2026-08-10 20:19:00+00:00,1877.99,1878.02,1877.99,1878.02,0.32108
2026-08-10 20:20:00+00:00,1878.02,1878.02,1878,1878.02,1.40391
2026-08-10 20:21:00+00:00,1878.02,1878.02,1877.49,1877.67,120.253546950732356857
2026-08-10 20:22:00+00:00,1877.67,1878.02,1877.51,1877.51,59.336801156933827827
2026-08-10 20:23:00+00:00,1877.51,1878.02,1877.48,1877.51,65.010506099396547591
2026-08-10 20:24:00+00:00,1877.51,1877.93,1877.51,1877.93,0.28311
2026-08-10 20:25:00+00:00,1877.93,1878,1877.54,1878,26.02022
2026-08-10 20:26:00+00:00,1878,1878.02,1877.49,1877.49,21.77213
2026-08-10 20:27:00+00:00,1877.49,1877.88,1877.47,1877.47,18.44191
2026-08-10 20:28:00+00:00,1877.47,1877.9,1877.47,1877.89,0.1801
2026-08-10 20:29:00+00:00,1877.89,1878.53,1877.89,1878.53,2094.56583
2026-08-10 20:30:00+00:00,1878.53,1878.53,1877.99,1878.33,32.0889
2026-08-10 20:31:00+00:00,1878.33,1878.83,1878.02,1878.77,35.86164
2026-08-10 20:32:00+00:00,1878.77,1879,1878.77,1879,0.79796
2026-08-10 20:33:00+00:00,1879,1879,1878.98,1878.98,0.19849
2026-08-10 20:34:00+00:00,1878.98,1879.01,1878.98,1878.98,0.955189756733786618
2026-08-10 20:35:00+00:00,1878.98,1878.99,1878.55,1878.56,372.79587
2026-08-10 20:36:00+00:00,1878.56,1879.75,1878.56,1879.74,10059.95746
2026-08-10 20:37:00+00:00,1879.74,1880.02,1879.34,1879.34,78.245799092162060191
2026-08-10 20:38:00+00:00,1879.34,1879.34,1878.98,1879.02,0.517274939950826735
2026-08-10 20:39:00+00:00,1879.02,1879.12,1877.97,1877.97,2131.92536
2026-08-10 20:40:00+00:00,1877.97,1878.54,1877.97,1878.54,27.455224834844266527
2026-08-10 20:41:00+00:00,1878.54,1879,1878.04,1878.98,37.823715194891442079
2026-08-10 20:42:00+00:00,1878.98,1879.36,1878.98,1879.32,0.42901
2026-08-10 20:43:00+00:00,1879.32,1880.35,1879.32,1879.98,0.86162
2026-08-10 20:44:00+00:00,1879.98,1879.98,1879.98,1879.98,0.10777
2026-08-10 20:45:00+00:00,1879.98,1880.35,1878.93,1880.35,71.286655007217796418
2026-08-10 20:46:00+00:00,1880.35,1880.35,1878.58,1880.33,185.84808
2026-08-10 20:47:00+00:00,1880.33,1880.36,1878.98,1880.36,0.627254905738571162
2026-08-10 20:48:00+00:00,1880.36,1880.36,1877.7,1877.71,49.735457124721541655
2026-08-10 20:49:00+00:00,1877.71,1878.56,1877.67,1878.53,245.60684
2026-08-10 20:50:00+00:00,1878.53,1879.01,1878.02,1878.98,72.49949
2026-08-10 20:51:00+00:00,1878.98,1879.01,1878.98,1879,0.15917
2026-08-10 20:52:00+00:00,1879,1879.02,1878.98,1878.98,0.43724
2026-08-10 20:53:00+00:00,1878.98,1879.53,1878.98,1879.5,2251.98331
2026-08-10 20:54:00+00:00,1879.5,1879.52,1878.99,1879.02,0.42563
2026-08-10 20:55:00+00:00,1879.02,1879.02,1878.64,1879,0.48902735304927743
2026-08-10 20:56:00+00:00,1879,1879.02,1879,1879.01,0.17538
2026-08-10 20:57:00+00:00,1879.01,1879.01,1878.37,1878.37,4251.917781323475361285
2026-08-10 20:58:00+00:00,1878.37,1878.98,1877.68,1878.38,71.201708605513186485
2026-08-10 20:59:00+00:00,1878.38,1879.04,1878.38,1879.04,5.148706249535202096
2026-08-10 21:00:00+00:00,1879.04,1879.04,1877.98,1877.98,35.72935
2026-08-10 21:01:00+00:00,1877.98,1878,1876.53,1877.05,10628.280141867917982649
2026-08-10 21:02:00+00:00,1877.05,1878.36,1875.72,1876.98,179.350098271691762309
2026-08-10 21:03:00+00:00,1876.98,1877.57,1876.96,1877.02,130.764218666005692903
2026-08-10 21:04:00+00:00,1877.02,1877.02,1876.98,1876.99,0.607677984059658757
2026-08-10 21:05:00+00:00,1876.99,1877.02,1876.93,1876.99,14.93752197128221169
2026-08-10 21:06:00+00:00,1876.99,1877,1876.55,1876.98,95.28537
2026-08-10 21:07:00+00:00,1876.98,1877.02,1876.35,1877,32.348442936691053834
2026-08-10 21:08:00+00:00,1877,1877.04,1876.89,1876.94,1.108695500850952404
2026-08-10 21:09:00+00:00,1876.94,1877.02,1876.94,1876.99,0.49912
2026-08-10 21:10:00+00:00,1876.99,1876.99,1876.32,1876.32,35.760719619065890729
2026-08-10 21:11:00+00:00,1876.32,1876.32,1875.98,1875.99,0.60786
2026-08-10 21:12:00+00:00,1875.99,1875.99,1875.98,1875.99,0.120702159805572729
2026-08-10 21:13:00+00:00,1875.99,1876,1874.67,1874.98,11544.50218847742257979
2026-08-10 21:14:00+00:00,1874.98,1875.02,1874.93,1875.02,0.616468359030668054
2026-08-10 21:15:00+00:00,1875.02,1875.02,1874.99,1875,0.26718
2026-08-10 21:16:00+00:00,1875,1875.02,1874.99,1875.02,0.19518
2026-08-10 21:17:00+00:00,1875.02,1875.04,1874.98,1874.99,1.504566690204695516
2026-08-10 21:18:00+00:00,1874.99,1875,1874.98,1874.99,1.12485004746616036
2026-08-10 21:19:00+00:00,1874.99,1875.03,1874.99,1874.99,0.73738
2026-08-10 21:20:00+00:00,1874.99,1875.02,1874.61,1875,1277.56398
2026-08-10 21:21:00+00:00,1875,1875,1874.01,1874.01,76.93843
2026-08-10 21:22:00+00:00,1874.01,1875.12,1873.98,1874.51,1361.006383959034690729
2026-08-10 21:23:00+00:00,1874.51,1874.99,1874.51,1874.67,1139.80515
2026-08-10 21:24:00+00:00,1874.67,1874.99,1873.98,1874,291.86527
2026-08-10 21:25:00+00:00,1874,1874.02,1873.5,1874.02,2352.176486238161745478
2026-08-10 21:26:00+00:00,1874.02,1874.48,1873.47,1874.33,369.366285329781474384
2026-08-10 21:27:00+00:00,1874.33,1874.64,1874.02,1874.61,154.202558109653028469
2026-08-10 21:28:00+00:00,1874.61,1875.6,1874.61,1875.6,390.37284
2026-08-10 21:29:00+00:00,1875.6,1876.27,1875.6,1876.27,1465.45245
2026-08-10 21:30:00+00:00,1876.27,1876.33,1876.03,1876.06,8.771766526148019291
2026-08-10 21:31:00+00:00,1876.06,1876.06,1875.67,1875.67,109.10135
2026-08-10 21:32:00+00:00,1875.67,1876,1875.5,1875.98,246.58915
2026-08-10 21:33:00+00:00,1875.98,1876.04,1875.98,1875.99,0.57253
2026-08-10 21:34:00+00:00,1875.99,1876,1875.98,1876,0.40336
2026-08-10 21:35:00+00:00,1876,1876,1875.98,1876,1.12059
2026-08-10 21:36:00+00:00,1876,1876.51,1876,1876.51,3070.30848
2026-08-10 21:37:00+00:00,1876.51,1877.02,1876.02,1877.01,36.73203
2026-08-10 21:38:00+00:00,1877.01,1877.01,1875.98,1875.98,540.116441911126281319
2026-08-10 21:39:00+00:00,1875.98,1876.02,1875.52,1875.93,2038.35841
2026-08-10 21:40:00+00:00,1875.93,1876.02,1875.42,1875.54,447.763984988005444861
2026-08-10 21:41:00+00:00,1875.54,1876.02,1875.32,1875.32,50.1770865889089174
2026-08-10 21:42:00+00:00,1875.32,1875.32,1875.3,1875.31,0.40073
2026-08-10 21:43:00+00:00,1875.31,1875.45,1874.73,1875.35,1.26965
2026-08-10 21:44:00+00:00,1875.35,1875.35,1873.98,1873.99,202.75586
2026-08-10 21:45:00+00:00,1873.99,1875.04,1873.99,1875.03,0.85641
2026-08-10 21:46:00+00:00,1875.03,1875.03,1874.15,1874.4,153.85689
2026-08-10 21:47:00+00:00,1874.4,1874.4,1873.59,1873.59,59.642128594342125421
2026-08-10 21:48:00+00:00,1873.59,1874.02,1873.5,1873.67,177.067637682018819686
2026-08-10 21:49:00+00:00,1873.67,1873.98,1873.44,1873.45,261.28538
2026-08-10 21:50:00+00:00,1873.45,1873.45,1872.44,1872.99,2329.818219690461986852
2026-08-10 21:51:00+00:00,1872.99,1873.38,1872.92,1873.33,90.854794931551659279
2026-08-10 21:52:00+00:00,1873.33,1874.01,1873.33,1874.01,1.32336
2026-08-10 21:53:00+00:00,1874.01,1874.01,1874.01,1874.01,0
2026-08-10 21:54:00+00:00,1874.01,1874.01,1872.96,1873.33,299.143566881666470921
2026-08-10 21:55:00+00:00,1873.33,1873.99,1873.02,1873.96,209.84777
2026-08-10 21:56:00+00:00,1873.96,1874.02,1873.96,1874.01,1.147941206338401989
2026-08-10 21:57:00+00:00,1874.01,1874.02,1873.98,1873.98,0.613425134612619234
2026-08-10 21:58:00+00:00,1873.98,1874.02,1873.98,1874.02,0.68761
2026-08-10 21:59:00+00:00,1874.02,1874.02,1873,1873.33,95.4223
2026-08-10 22:00:00+00:00,1873.33,1874.02,1873.02,1874.02,104.956
2026-08-10 22:01:00+00:00,1874.02,1874.02,1872.62,1873.07,2083.02444
2026-08-10 22:02:00+00:00,1873.07,1874.8,1873.07,1874.53,3282.59912
2026-08-10 22:03:00+00:00,1874.53,1875.02,1873.99,1873.99,109.027756881666470921
2026-08-10 22:04:00+00:00,1873.99,1874.02,1872.35,1872.35,3041.531680461546349231
2026-08-10 22:05:00+00:00,1872.35,1873.36,1871,1872.33,3635.270966248647719351
2026-08-10 22:06:00+00:00,1872.33,1872.95,1872.02,1872.95,60.606477038430081544
2026-08-10 22:07:00+00:00,1872.95,1873.1,1872.47,1872.73,3.380384257402483689
2026-08-10 22:08:00+00:00,1872.73,1873.84,1872.73,1873.84,2083.93202994168168805
2026-08-10 22:09:00+00:00,1873.84,1874.43,1873.84,1874.33,2221.19684
2026-08-10 22:10:00+00:00,1874.33,1874.66,1874.02,1874.64,238.36099
2026-08-10 22:11:00+00:00,1874.64,1875.96,1874.64,1875.64,2947.94933
2026-08-10 22:12:00+00:00,1875.64,1876.01,1875.36,1875.36,66.70484
2026-08-10 22:13:00+00:00,1875.36,1876.01,1875.36,1875.98,173.708029446795808057
2026-08-10 22:14:00+00:00,1875.98,1876.53,1875.96,1875.99,2036.550162936691053834
2026-08-10 22:15:00+00:00,1875.99,1876.46,1875.99,1876.44,222.07755
2026-08-10 22:16:00+00:00,1876.44,1877.02,1876.04,1877.02,26.17823
2026-08-10 22:17:00+00:00,1877.02,1877.02,1876.02,1876.51,169.29817
2026-08-10 22:18:00+00:00,1876.51,1876.86,1876.02,1876.86,252.94235
2026-08-10 22:19:00+00:00,1876.86,1876.86,1876.86,1876.86,0
2026-08-10 22:20:00+00:00,1876.86,1876.99,1876.36,1876.38,1502.63441
2026-08-10 22:21:00+00:00,1876.38,1876.44,1874.67,1874.97,70.73337
2026-08-10 22:22:00+00:00,1874.97,1876.02,1874.97,1874.98,1.678491711040034873
2026-08-10 22:23:00+00:00,1874.98,1875.02,1874.98,1874.99,1.725629446795808057
2026-08-10 22:24:00+00:00,1874.99,1875,1874.52,1874.59,256.973388454477082522
2026-08-10 22:25:00+00:00,1874.59,1874.98,1874.35,1874.94,561.45618
2026-08-10 22:26:00+00:00,1874.94,1875.45,1874.94,1875.04,524.07279
2026-08-10 22:27:00+00:00,1875.04,1875.44,1874.98,1875.44,747.542064564324647203
2026-08-10 22:28:00+00:00,1875.44,1875.56,1875.02,1875.53,386.91192
2026-08-10 22:29:00+00:00,1875.53,1876.35,1875.53,1876.35,6.48693
2026-08-10 22:30:00+00:00,1876.35,1876.35,1876.02,1876.02,0.2742
2026-08-10 22:31:00+00:00,1876.02,1876.02,1874.52,1874.67,2688.32292
2026-08-10 22:32:00+00:00,1874.67,1875.02,1874.48,1875.01,209.17911
2026-08-10 22:33:00+00:00,1875.01,1875.01,1873.53,1873.68,2096.28409
2026-08-10 22:34:00+00:00,1873.68,1873.68,1870.64,1870.65,7667.180152683698789881
2026-08-10 22:35:00+00:00,1870.65,1872.9,1870.65,1872.9,1041.49543
2026-08-10 22:36:00+00:00,1872.9,1872.99,1871.65,1872.98,36.68289
2026-08-10 22:37:00+00:00,1872.98,1873.84,1872.58,1873.47,1269.62207
2026-08-10 22:38:00+00:00,1873.47,1873.47,1872.98,1872.99,1.08
2026-08-10 22:39:00+00:00,1872.99,1873.02,1872.42,1872.99,2066.56091
2026-08-10 22:40:00+00:00,1872.99,1873.46,1872.98,1873.01,110.27574
2026-08-10 22:41:00+00:00,1873.01,1873.21,1872.98,1873.2,0.448
2026-08-10 22:42:00+00:00,1873.2,1873.21,1873.2,1873.2,0.7886
2026-08-10 22:43:00+00:00,1873.2,1873.2,1873.2,1873.2,0
2026-08-10 22:44:00+00:00,1873.2,1873.2,1873.2,1873.2,0
2026-08-10 22:45:00+00:00,1873.2,1874.32,1873.2,1874.32,49.0907
2026-08-10 22:46:00+00:00,1874.32,1874.32,1874.32,1874.32,0
2026-08-10 22:47:00+00:00,1874.32,1874.32,1874.32,1874.32,0
2026-08-10 22:48:00+00:00,1874.32,1874.32,1874.32,1874.32,0
2026-08-10 22:49:00+00:00,1874.32,1875,1874.32,1874.99,1.91134
2026-08-10 22:50:00+00:00,1874.99,1874.99,1874.99,1874.99,0
2026-08-10 22:51:00+00:00,1874.99,1875.02,1874.99,1875.02,0.131032067439192791
2026-08-10 22:52:00+00:00,1875.02,1875.02,1874.99,1875,2.890804257402483689
2026-08-10 22:53:00+00:00,1875,1875.02,1874.81,1875.02,0.46188
2026-08-10 22:54:00+00:00,1875.02,1875.02,1874.98,1874.98,0.37861
2026-08-10 22:55:00+00:00,1874.98,1875.02,1874.98,1875,0.97657
2026-08-10 22:56:00+00:00,1875,1875.04,1874.97,1875.01,1.130929921478378246
2026-08-10 22:57:00+00:00,1875.01,1875.02,1874.99,1874.99,1.04985
2026-08-10 22:58:00+00:00,1874.99,1875.02,1874.99,1875.01,0.66149
2026-08-10 22:59:00+00:00,1875.01,1875.52,1875,1875.52,2022.856003055091108531
2026-08-10 23:00:00+00:00,1875.52,1875.53,1875.02,1875.4,32.37087017709222126
2026-08-10 23:01:00+00:00,1875.4,1875.4,1873.63,1873.63,2062.153842067439192791
2026-08-10 23:02:00+00:00,1873.63,1874.02,1873.5,1873.67,41.43224
2026-08-10 23:03:00+00:00,1873.67,1873.98,1873.5,1873.93,260.19899
2026-08-10 23:04:00+00:00,1873.93,1874.02,1873.93,1874.02,0.39069
2026-08-10 23:05:00+00:00,1874.02,1874.33,1873.99,1874.01,32.15241
2026-08-10 23:06:00+00:00,1874.01,1874.02,1873.51,1874.02,75.95351
2026-08-10 23:07:00+00:00,1874.02,1874.81,1874.01,1874.01,68.44544
2026-08-10 23:08:00+00:00,1874.01,1874.02,1873.79,1873.99,0.9325
2026-08-10 23:09:00+00:00,1873.99,1873.99,1873.5,1873.5,4032.21111
2026-08-10 23:10:00+00:00,1873.5,1874.04,1873.5,1874.01,0.79886
2026-08-10 23:11:00+00:00,1874.01,1874.16,1873.64,1873.64,0.24241
2026-08-10 23:12:00+00:00,1873.64,1874.04,1873.42,1873.47,125.95493
2026-08-10 23:13:00+00:00,1873.47,1873.98,1873.47,1873.52,45.75248
2026-08-10 23:14:00+00:00,1873.52,1874.02,1873.49,1873.99,215.29953
2026-08-10 23:15:00+00:00,1873.99,1874.01,1873.98,1873.98,0.66331
2026-08-10 23:16:00+00:00,1873.98,1874.58,1873.98,1874.45,301.49077
2026-08-10 23:17:00+00:00,1874.45,1874.57,1873.99,1874.52,258.844049016281501397
2026-08-10 23:18:00+00:00,1874.52,1875.36,1874.02,1875.36,190.279952193768672641
2026-08-10 23:19:00+00:00,1875.36,1875.36,1875.36,1875.36,0
2026-08-10 23:20:00+00:00,1875.36,1875.36,1873.49,1873.49,0.314697132474573377
2026-08-10 23:21:00+00:00,1873.49,1874.33,1873.34,1873.85,1.003263614631391006
2026-08-10 23:22:00+00:00,1873.85,1873.98,1873.19,1873.19,32.651608159153366312
2026-08-10 23:23:00+00:00,1873.19,1873.36,1871.99,1872.01,59948.178568775037121705
2026-08-10 23:24:00+00:00,1872.01,1873.04,1872.01,1873.01,37.41172
2026-08-10 23:25:00+00:00,1873.01,1873.02,1872.98,1873.02,1.651830279510565128
2026-08-10 23:26:00+00:00,1873.02,1873.02,1873.02,1873.02,0.465291347663132267
2026-08-10 23:27:00+00:00,1873.02,1873.02,1871.98,1871.98,12.877134297542720784
2026-08-10 23:28:00+00:00,1871.98,1872.59,1871.6,1872.59,2131.54969
2026-08-10 23:29:00+00:00,1872.59,1873.02,1872.02,1872.99,72.46523
2026-08-10 23:30:00+00:00,1872.99,1873,1872.48,1872.68,154.37023
2026-08-10 23:31:00+00:00,1872.68,1872.98,1872.48,1872.67,514.90289
2026-08-10 23:32:00+00:00,1872.67,1872.98,1872,1872,305.00549
2026-08-10 23:33:00+00:00,1872,1872.02,1871.42,1871.99,2080.47433
2026-08-10 23:34:00+00:00,1871.99,1871.99,1871,1871.01,25294.42871
2026-08-10 23:35:00+00:00,1871.01,1871.01,1869.64,1870.9,2271.800519957921891541
2026-08-10 23:36:00+00:00,1870.9,1871.02,1870.9,1871.02,0.40829
2026-08-10 23:37:00+00:00,1871.02,1872.18,1871.01,1871.01,2430.32107
2026-08-10 23:38:00+00:00,1871.01,1871.01,1870.99,1870.99,0.19854
2026-08-10 23:39:00+00:00,1870.99,1870.99,1869.33,1869.74,3704.07178
2026-08-10 23:40:00+00:00,1869.74,1871.02,1869.74,1870.98,2036.37128
2026-08-10 23:41:00+00:00,1870.98,1871.67,1870.98,1871.47,2234.83069
2026-08-10 23:42:00+00:00,1871.47,1871.64,1871.19,1871.54,27.77215
2026-08-10 23:43:00+00:00,1871.54,1871.54,1870.67,1870.67,0.105988341282458929
2026-08-10 23:44:00+00:00,1870.67,1870.68,1870.66,1870.66,0.163182263767089504
2026-08-10 23:45:00+00:00,1870.66,1870.66,1870.66,1870.66,0
2026-08-10 23:46:00+00:00,1870.66,1870.66,1870.66,1870.66,0
2026-08-10 23:47:00+00:00,1870.66,1872.36,1870.66,1870.69,1.135485768756954452
2026-08-10 23:48:00+00:00,1870.69,1870.69,1870.69,1870.69,0
2026-08-10 23:49:00+00:00,1870.69,1870.96,1870.63,1870.63,1059.3636
2026-08-10 23:50:00+00:00,1870.63,1871.98,1870.63,1871.67,179.79611
2026-08-10 23:51:00+00:00,1871.67,1872.66,1871.67,1872.65,310.19744
2026-08-10 23:52:00+00:00,1872.65,1872.65,1872,1872.43,198.73109
2026-08-10 23:53:00+00:00,1872.43,1872.85,1872.02,1872.85,85.68987
2026-08-10 23:54:00+00:00,1872.85,1873.01,1871.99,1872.02,259.00041
2026-08-10 23:55:00+00:00,1872.02,1872.59,1872.02,1872.59,80.55165
2026-08-10 23:56:00+00:00,1872.59,1873,1871.98,1872.98,322.61199
2026-08-10 23:57:00+00:00,1872.98,1873.01,1871.98,1872.01,67.87005
2026-08-10 23:58:00+00:00,1872.01,1872.02,1871.99,1872.02,0.74909
2026-08-10 23:59:00+00:00,1872.02,1872.02,1872.02,1872.02,0
2026-08-11 00:00:00+00:00,1872.02,1872.53,1871.51,1872.53,2463.57466
2026-08-11 00:01:00+00:00,1872.53,1872.53,1871.01,1871.01,31.633269107819106351
2026-08-11 00:02:00+00:00,1871.01,1871.4,1870.32,1871.4,2207.90752
2026-08-11 00:03:00+00:00,1871.4,1871.68,1871.02,1871.17,464.18499
2026-08-11 00:04:00+00:00,1871.17,1871.69,1870.97,1871.69,67.90223
2026-08-11 00:05:00+00:00,1871.69,1872.1,1871.01,1871.41,130.53086
2026-08-11 00:06:00+00:00,1871.41,1871.53,1870.38,1870.98,2354.376249370764313661
2026-08-11 00:07:00+00:00,1870.98,1871.01,1870.33,1870.33,10.71441
2026-08-11 00:08:00+00:00,1870.33,1872.01,1870.33,1872.01,2170.44655
2026-08-11 00:09:00+00:00,1872.01,1872.02,1871.47,1871.47,64.23355
2026-08-11 00:10:00+00:00,1871.47,1871.99,1871.35,1871.44,296.1747
2026-08-11 00:11:00+00:00,1871.44,1871.98,1870.93,1871.01,72.568068681796078892
2026-08-11 00:12:00+00:00,1871.01,1872.52,1870.99,1872.44,2289.92402
2026-08-11 00:13:00+00:00,1872.44,1872.84,1871.99,1872.83,235.3932
2026-08-11 00:14:00+00:00,1872.83,1873.12,1872.57,1872.98,58.50059
2026-08-11 00:15:00+00:00,1872.98,1872.99,1872,1872.01,133.92637
2026-08-11 00:16:00+00:00,1872.01,1872.4,1871.63,1872.39,2145.05368
2026-08-11 00:17:00+00:00,1872.39,1872.49,1872.02,1872.49,312.9896
2026-08-11 00:18:00+00:00,1872.49,1872.49,1872.02,1872.02,0.09521
2026-08-11 00:19:00+00:00,1872.02,1872.46,1871.99,1872.01,253.2686
2026-08-11 00:20:00+00:00,1872.01,1872.02,1871.26,1871.26,64.033677917496176154
2026-08-11 00:21:00+00:00,1871.26,1873,1870.88,1871.65,9158.184427355055059712
2026-08-11 00:22:00+00:00,1871.65,1873.02,1871.65,1872.8,84.184331412307588925
2026-08-11 00:23:00+00:00,1872.8,1872.99,1872.15,1872.15,655.350625740082068256
2026-08-11 00:24:00+00:00,1872.15,1872.53,1871.98,1872.33,257.342082121325374536
2026-08-11 00:25:00+00:00,1872.33,1873.77,1872.02,1873.77,1670.8384
2026-08-11 00:26:00+00:00,1873.77,1874.04,1873.77,1874,0.7542
2026-08-11 00:27:00+00:00,1874,1874.02,1873.99,1874.02,4.000659525298556045
2026-08-11 00:28:00+00:00,1874.02,1874.02,1873.97,1873.99,1.121834795847049345
2026-08-11 00:29:00+00:00,1873.99,1875.02,1873.99,1875.02,89.641669749098916861
2026-08-11 00:30:00+00:00,1875.02,1875.02,1874.98,1874.98,1.44928
2026-08-11 00:31:00+00:00,1874.98,1875.26,1874.02,1874.98,159.06194
2026-08-11 00:32:00+00:00,1874.98,1874.98,1873.6,1873.67,1209.064147876449936506
2026-08-11 00:33:00+00:00,1873.67,1874.02,1873.25,1873.67,679.220390089299964694
2026-08-11 00:34:00+00:00,1873.67,1873.99,1873.6,1873.67,571.85843
2026-08-11 00:35:00+00:00,1873.67,1874,1873.67,1873.67,95.28601
2026-08-11 00:36:00+00:00,1873.67,1873.99,1873.15,1873.15,1063.0917568221821652
2026-08-11 00:37:00+00:00,1873.15,1873.15,1871.8,1871.8,6472.87194
2026-08-11 00:38:00+00:00,1871.8,1873.07,1871.8,1873.02,43.30432
2026-08-11 00:39:00+00:00,1873.02,1873.02,1872.99,1873.02,1.337007876924062595
2026-08-11 00:40:00+00:00,1873.02,1873.02,1872.98,1873.02,0.46925
2026-08-11 00:41:00+00:00,1873.02,1873.02,1871.64,1871.64,37.229130841105556562
2026-08-11 00:42:00+00:00,1871.64,1873.36,1871.64,1873.36,2.336110398560999785
2026-08-11 00:43:00+00:00,1873.36,1873.36,1873.36,1873.36,0
2026-08-11 00:44:00+00:00,1873.36,1873.36,1871.64,1871.64,1.257347876924062595
2026-08-11 00:45:00+00:00,1871.64,1874.36,1871.64,1873.7,1.691299868022530316
2026-08-11 00:46:00+00:00,1873.7,1874.08,1872.98,1873.48,110.85048
2026-08-11 00:47:00+00:00,1873.48,1873.49,1873.02,1873.02,357.96783
2026-08-11 00:48:00+00:00,1873.02,1873.02,1872.59,1872.67,158.23006
2026-08-11 00:49:00+00:00,1872.67,1873,1872.67,1873,63.15068
2026-08-11 00:50:00+00:00,1873,1873.33,1873,1873.33,31.6205
2026-08-11 00:51:00+00:00,1873.33,1874.11,1873,1873,32.2174
2026-08-11 00:52:00+00:00,1873,1873.44,1873,1873.4,509.2816
2026-08-11 00:53:00+00:00,1873.4,1873.46,1873.02,1873.02,63.75125
2026-08-11 00:54:00+00:00,1873.02,1874.02,1873.02,1874.02,134.52461
2026-08-11 00:55:00+00:00,1874.02,1874.37,1873.47,1874.37,1212.56452
2026-08-11 00:56:00+00:00,1874.37,1874.71,1874.01,1874.02,17.657346786943506171
2026-08-11 00:57:00+00:00,1874.02,1874.12,1873.98,1873.98,0.328026595599303917
2026-08-11 00:58:00+00:00,1873.98,1874.98,1873.98,1874.8,73.73504
2026-08-11 00:59:00+00:00,1874.8,1874.98,1873.94,1873.94,1666.560826198961762336
2026-08-11 01:00:00+00:00,1873.94,1874.69,1873.94,1874.69,99.23892
2026-08-11 01:01:00+00:00,1874.69,1874.93,1873.45,1873.45,2055.12785
2026-08-11 01:02:00+00:00,1873.45,1873.98,1872.67,1872.67,108.97796
2026-08-11 01:03:00+00:00,1872.67,1873.5,1872.52,1873.49,165.22053
2026-08-11 01:04:00+00:00,1873.49,1874.46,1873.02,1874.45,2161.83802
2026-08-11 01:05:00+00:00,1874.45,1874.74,1874.02,1874.71,103.73385
2026-08-11 01:06:00+00:00,1874.71,1874.75,1874.02,1874.5,2286.83913
2026-08-11 01:07:00+00:00,1874.5,1874.5,1873.93,1874.33,158.65889
2026-08-11 01:08:00+00:00,1874.33,1874.44,1873.36,1873.36,2214.77403
2026-08-11 01:09:00+00:00,1873.36,1873.98,1873.35,1873.98,4.95057
2026-08-11 01:10:00+00:00,1873.98,1875.49,1873.98,1875.48,1303.945856660490272617
2026-08-11 01:11:00+00:00,1875.48,1876.02,1874.64,1876.02,1186.414229446795808057
2026-08-11 01:12:00+00:00,1876.02,1876.63,1876.02,1876.59,134.590621219457563955
2026-08-11 01:13:00+00:00,1876.59,1877,1876.02,1876.98,334.60169
2026-08-11 01:14:00+00:00,1876.98,1877.02,1876.01,1876.39,58.852673391380342324
2026-08-11 01:15:00+00:00,1876.39,1876.49,1874.28,1875.2,6089.72084
2026-08-11 01:16:00+00:00,1875.2,1876.02,1875.2,1875.45,218.226716888983706232
2026-08-11 01:17:00+00:00,1875.45,1876.02,1875.15,1875.15,40.36947
2026-08-11 01:18:00+00:00,1875.15,1875.15,1874.15,1874.15,1430.45624
2026-08-11 01:19:00+00:00,1874.15,1874.15,1873.15,1873.27,278.21699
2026-08-11 01:20:00+00:00,1873.27,1875.01,1873.02,1875.01,162.61338
2026-08-11 01:21:00+00:00,1875.01,1875.02,1874.97,1874.99,1.61053
2026-08-11 01:22:00+00:00,1874.99,1875.84,1874.96,1875.84,2607.38727
2026-08-11 01:23:00+00:00,1875.84,1876.53,1875.53,1876.53,74.14083
2026-08-11 01:24:00+00:00,1876.53,1878.04,1876.53,1877.5,559.588287412471392829
2026-08-11 01:25:00+00:00,1877.5,1877.5,1876.45,1876.6,2088.671009099416085131
2026-08-11 01:26:00+00:00,1876.6,1876.98,1875.99,1876.53,323.55708
2026-08-11 01:27:00+00:00,1876.53,1876.61,1875.99,1875.99,127.224923874185888547
2026-08-11 01:28:00+00:00,1875.99,1877,1875.99,1876.99,109.59439
2026-08-11 01:29:00+00:00,1876.99,1876.99,1876.99,1876.99,0
2026-08-11 01:30:00+00:00,1876.99,1877.03,1876.98,1877.03,0.79393
2026-08-11 01:31:00+00:00,1877.03,1877.03,1875.8,1876,63.48545664722722935
2026-08-11 01:32:00+00:00,1876,1876.01,1876,1876.01,0.09615
2026-08-11 01:33:00+00:00,1876.01,1876.98,1875.99,1876.5,544.34296
2026-08-11 01:34:00+00:00,1876.5,1876.98,1875.96,1876.01,172.40839
2026-08-11 01:35:00+00:00,1876.01,1876.02,1875.63,1875.98,2064.03041
2026-08-11 01:36:00+00:00,1875.98,1876.02,1875.67,1875.67,31.91317
2026-08-11 01:37:00+00:00,1875.67,1876.02,1875.67,1876,0.52518
2026-08-11 01:38:00+00:00,1876,1876.02,1875.98,1875.98,0.31251
2026-08-11 01:39:00+00:00,1875.98,1876.02,1874.99,1874.99,49.62818
2026-08-11 01:40:00+00:00,1874.99,1875.42,1874.98,1875.02,158.92705
2026-08-11 01:41:00+00:00,1875.02,1875.02,1874.1,1874.37,4621.03887
2026-08-11 01:42:00+00:00,1874.37,1874.47,1873.49,1874.22,33.21997
2026-08-11 01:43:00+00:00,1874.22,1875.35,1874.22,1875.03,0.5671
2026-08-11 01:44:00+00:00,1875.03,1875.03,1875.03,1875.03,0
2026-08-11 01:45:00+00:00,1875.03,1875.03,1875.03,1875.03,0
2026-08-11 01:46:00+00:00,1875.03,1875.84,1875.03,1875.82,18.65858
2026-08-11 01:47:00+00:00,1875.82,1876,1875.36,1876,196.14343
2026-08-11 01:48:00+00:00,1876,1876.02,1875.98,1875.99,0.72154
2026-08-11 01:49:00+00:00,1875.99,1876.68,1875.99,1876.67,202.464535589445190442
2026-08-11 01:50:00+00:00,1876.67,1877.32,1876.67,1877,24.11088664722722935
2026-08-11 01:51:00+00:00,1877,1877.01,1876.98,1876.98,0.51165
2026-08-11 01:52:00+00:00,1876.98,1877.02,1876.98,1877.01,0.20119
2026-08-11 01:53:00+00:00,1877.01,1877.98,1877.01,1877.67,68.4277
2026-08-11 01:54:00+00:00,1877.67,1877.98,1876.99,1876.99,90.03277
2026-08-11 01:55:00+00:00,1876.99,1876.99,1876.99,1876.99,0
2026-08-11 01:56:00+00:00,1876.99,1877.02,1876.98,1877.01,0.47835
2026-08-11 01:57:00+00:00,1877.01,1877.02,1876.98,1876.98,0.82219
2026-08-11 01:58:00+00:00,1876.98,1877.56,1876.98,1877.56,67.86777
2026-08-11 01:59:00+00:00,1877.56,1877.62,1877,1877.02,138.91266
2026-08-11 02:00:00+00:00,1877.02,1878.36,1877.02,1878,36.6197132944544587
2026-08-11 02:01:00+00:00,1878,1878.02,1877.99,1877.99,0.402192707745391422
2026-08-11 02:02:00+00:00,1877.99,1878.77,1877.98,1878,5454.74792
2026-08-11 02:03:00+00:00,1878,1878.01,1877.98,1877.99,0.60966
2026-08-11 02:04:00+00:00,1877.99,1878.33,1877.99,1878.33,59.18985
2026-08-11 02:05:00+00:00,1878.33,1878.33,1877.98,1878,0.67148
2026-08-11 02:06:00+00:00,1878,1878.02,1877.98,1878,0.96458
2026-08-11 02:07:00+00:00,1878,1878,1877.01,1877.53,2613.4326
2026-08-11 02:08:00+00:00,1877.53,1877.67,1877.53,1877.67,0.32911
2026-08-11 02:09:00+00:00,1877.67,1877.67,1877.67,1877.67,0
2026-08-11 02:10:00+00:00,1877.67,1878,1877.67,1877.99,0.53975
2026-08-11 02:11:00+00:00,1877.99,1878.02,1877.99,1878.02,0.0814
2026-08-11 02:12:00+00:00,1878.02,1878.02,1877.12,1877.7,107.95499
2026-08-11 02:13:00+00:00,1877.7,1878,1876.99,1876.99,23.56217
2026-08-11 02:14:00+00:00,1876.99,1877.02,1876.99,1877,0.2568
2026-08-11 02:15:00+00:00,1877,1878.02,1877,1877.67,211.23214
2026-08-11 02:16:00+00:00,1877.67,1878.01,1877.47,1877.47,1058.99572
2026-08-11 02:17:00+00:00,1877.47,1877.98,1877.4,1877.4,153.1467
2026-08-11 02:18:00+00:00,1877.4,1877.98,1877.18,1877.67,251.79194
2026-08-11 02:19:00+00:00,1877.67,1877.67,1876.98,1877.01,1.03673
2026-08-11 02:20:00+00:00,1877.01,1877.02,1876.98,1876.98,1.03403
2026-08-11 02:21:00+00:00,1876.98,1877.02,1876.98,1877.02,0.49334
2026-08-11 02:22:00+00:00,1877.02,1877.02,1876.54,1877,2032.87923
2026-08-11 02:23:00+00:00,1877,1877.02,1876.98,1876.99,0.69797
2026-08-11 02:24:00+00:00,1876.99,1877.02,1876.98,1877.01,0.57482
2026-08-11 02:25:00+00:00,1877.01,1877.02,1876.51,1876.57,113.93355
2026-08-11 02:26:00+00:00,1876.57,1876.98,1876.49,1876.67,445.780793896156489952
2026-08-11 02:27:00+00:00,1876.67,1877.01,1876.5,1876.57,176.72409
2026-08-11 02:28:00+00:00,1876.57,1876.98,1876.49,1876.61,189.93636
2026-08-11 02:29:00+00:00,1876.61,1877,1876.53,1876.98,227.30274
2026-08-11 02:30:00+00:00,1876.98,1877,1876.58,1876.98,180.78832
2026-08-11 02:31:00+00:00,1876.98,1877.06,1876.98,1877,1.03197
2026-08-11 02:32:00+00:00,1877,1877.46,1876.98,1876.99,91.19645
2026-08-11 02:33:00+00:00,1876.99,1877.02,1876.98,1876.98,0.20096
2026-08-11 02:34:00+00:00,1876.98,1877.02,1876.98,1877,0.59009
2026-08-11 02:35:00+00:00,1877,1877.01,1876.61,1877,46.19282
2026-08-11 02:36:00+00:00,1877,1877.02,1876.99,1877.01,0.9785
2026-08-11 02:37:00+00:00,1877.01,1877.02,1877.01,1877.02,0.30348
2026-08-11 02:38:00+00:00,1877.02,1877.03,1876.59,1876.59,32.563128349870526772
2026-08-11 02:39:00+00:00,1876.59,1876.99,1876.56,1876.57,270.15469
2026-08-11 02:40:00+00:00,1876.57,1877.02,1876.56,1877.02,221.20971
2026-08-11 02:41:00+00:00,1877.02,1877.52,1876.98,1877.51,128.13871
2026-08-11 02:42:00+00:00,1877.51,1877.52,1877.51,1877.51,0.38211
2026-08-11 02:43:00+00:00,1877.51,1877.51,1877.51,1877.51,0
2026-08-11 02:44:00+00:00,1877.51,1877.51,1877.51,1877.51,0
2026-08-11 02:45:00+00:00,1877.51,1877.51,1877.51,1877.51,0
2026-08-11 02:46:00+00:00,1877.51,1878.29,1876.64,1878.27,4.133929525298556045
2026-08-11 02:47:00+00:00,1878.27,1878.27,1878.27,1878.27,0
2026-08-11 02:48:00+00:00,1878.27,1878.27,1878.27,1878.27,0
2026-08-11 02:49:00+00:00,1878.27,1878.27,1878.27,1878.27,0
2026-08-11 02:50:00+00:00,1878.27,1878.27,1878.27,1878.27,0
2026-08-11 02:51:00+00:00,1878.27,1878.27,1878.27,1878.27,0
2026-08-11 02:52:00+00:00,1878.27,1878.27,1878.27,1878.27,0
2026-08-11 02:53:00+00:00,1878.27,1878.27,1878.27,1878.27,0
2026-08-11 02:54:00+00:00,1878.27,1878.27,1878.27,1878.27,0
2026-08-11 02:55:00+00:00,1878.27,1878.27,1878.27,1878.27,0
2026-08-11 02:56:00+00:00,1878.27,1878.27,1878.27,1878.27,0
2026-08-11 02:57:00+00:00,1878.27,1878.27,1878.27,1878.27,0
2026-08-11 02:58:00+00:00,1878.27,1878.27,1878.27,1878.27,0
2026-08-11 02:59:00+00:00,1878.27,1878.27,1877.46,1877.85,3.97061
2026-08-11 03:00:00+00:00,1877.85,1877.85,1877.85,1877.85,0
2026-08-11 03:01:00+00:00,1877.85,1878.98,1877.78,1878.98,85.38369
2026-08-11 03:02:00+00:00,1878.98,1879.02,1878.98,1878.98,3.520003429725009423
2026-08-11 03:03:00+00:00,1878.98,1879.33,1878.98,1879.33,31.51414
2026-08-11 03:04:00+00:00,1879.33,1879.64,1879.02,1879.53,1165.57068
2026-08-11 03:05:00+00:00,1879.53,1879.63,1878.98,1878.98,0.812539756733786618
2026-08-11 03:06:00+00:00,1878.98,1878.98,1878.98,1878.98,0
2026-08-11 03:07:00+00:00,1878.98,1878.98,1878.98,1878.98,0
2026-08-11 03:08:00+00:00,1878.98,1879.02,1878.98,1879.02,0.94788
2026-08-11 03:09:00+00:00,1879.02,1879.33,1879.01,1879.02,108.11495
2026-08-11 03:10:00+00:00,1879.02,1879.02,1878.98,1879.02,0.25408
2026-08-11 03:11:00+00:00,1879.02,1879.39,1878.98,1879.33,64.33654
2026-08-11 03:12:00+00:00,1879.33,1880.12,1879.02,1879.96,37.82736
2026-08-11 03:13:00+00:00,1879.96,1880.12,1879.47,1879.47,1518.48189
2026-08-11 03:14:00+00:00,1879.47,1879.96,1879.47,1879.47,29.19608
2026-08-11 03:15:00+00:00,1879.47,1879.59,1879,1879.01,1.45026
2026-08-11 03:16:00+00:00,1879.01,1879.53,1879.01,1879.33,267.15807282968499733
2026-08-11 03:17:00+00:00,1879.33,1880.02,1879.02,1879.99,36.663366020513475267
2026-08-11 03:18:00+00:00,1879.99,1880.04,1879.98,1880.04,0.57571
2026-08-11 03:19:00+00:00,1880.04,1880.66,1879.88,1879.88,2046.006309335617054803
2026-08-11 03:20:00+00:00,1879.88,1879.98,1879.02,1879.02,268.84066
2026-08-11 03:21:00+00:00,1879.02,1879.13,1878.98,1879.01,0.75111
2026-08-11 03:22:00+00:00,1879.01,1879.6,1878.98,1879.53,89.41365
2026-08-11 03:23:00+00:00,1879.53,1880.48,1879.53,1880.33,2089.25692
2026-08-11 03:24:00+00:00,1880.33,1880.33,1879.93,1879.99,1.22737335955703399
2026-08-11 03:25:00+00:00,1879.99,1880.02,1879.98,1879.98,1.13336
2026-08-11 03:26:00+00:00,1879.98,1880.53,1879.98,1880.53,99.12183
2026-08-11 03:27:00+00:00,1880.53,1880.69,1880.02,1880.69,2165.85451
2026-08-11 03:28:00+00:00,1880.69,1880.69,1879.97,1879.98,1.798959222805614635
2026-08-11 03:29:00+00:00,1879.98,1880.01,1879.44,1879.55,5669.48884
2026-08-11 03:30:00+00:00,1879.55,1879.98,1878.98,1879.48,1593.857806332763878466
2026-08-11 03:31:00+00:00,1879.48,1879.99,1879.02,1879.99,158.381560047914137864
2026-08-11 03:32:00+00:00,1879.99,1879.99,1879.47,1879.8,197.86527
2026-08-11 03:33:00+00:00,1879.8,1880.02,1879.57,1879.88,151.279085052724524362
2026-08-11 03:34:00+00:00,1879.88,1879.99,1879.51,1879.52,254.14842
2026-08-11 03:35:00+00:00,1879.52,1880.04,1879.52,1879.99,120.97471
2026-08-11 03:36:00+00:00,1879.99,1880.02,1879.59,1880,32.8279
2026-08-11 03:37:00+00:00,1880,1880.02,1879.99,1879.99,0.7746
2026-08-11 03:38:00+00:00,1879.99,1880.03,1879.98,1880.02,0.53825
2026-08-11 03:39:00+00:00,1880.02,1880.66,1880.02,1880.64,69.48797
2026-08-11 03:40:00+00:00,1880.64,1880.84,1880.64,1880.84,6426.044017487529619509
2026-08-11 03:41:00+00:00,1880.84,1880.84,1880,1880,9.17179
2026-08-11 03:42:00+00:00,1880,1880.02,1880,1880,0.62901
2026-08-11 03:43:00+00:00,1880,1880,1880,1880,0
2026-08-11 03:44:00+00:00,1880,1880,1880,1880,0
2026-08-11 03:45:00+00:00,1880,1880,1880,1880,0
2026-08-11 03:46:00+00:00,1880,1880,1879.68,1879.68,2.04978
2026-08-11 03:47:00+00:00,1879.68,1879.69,1879.67,1879.68,0.55878
2026-08-11 03:48:00+00:00,1879.68,1879.69,1879.67,1879.67,0.65227
2026-08-11 03:49:00+00:00,1879.67,1879.72,1879.66,1879.71,1.263216665035165934
2026-08-11 03:50:00+00:00,1879.71,1880.36,1879.71,1880.36,0.660576811998679313
2026-08-11 03:51:00+00:00,1880.36,1880.36,1880.36,1880.36,0
2026-08-11 03:52:00+00:00,1880.36,1880.36,1880.36,1880.36,0
2026-08-11 03:53:00+00:00,1880.36,1880.36,1880.36,1880.36,0
2026-08-11 03:54:00+00:00,1880.36,1880.36,1880.36,1880.36,0
2026-08-11 03:55:00+00:00,1880.36,1880.36,1879.98,1879.99,0.53047
2026-08-11 03:56:00+00:00,1879.99,1880.19,1879.99,1880.19,0.45938
2026-08-11 03:57:00+00:00,1880.19,1880.24,1879.81,1879.81,1.068691141237732602
2026-08-11 03:58:00+00:00,1879.81,1880.22,1879.8,1879.8,0.54293
2026-08-11 03:59:00+00:00,1879.8,1880.1,1879.8,1880.1,0.26465
2026-08-11 04:00:00+00:00,1880.1,1880.1,1880.1,1880.1,0
2026-08-11 04:01:00+00:00,1880.1,1881.16,1880.07,1881.16,3.077532213112705779
2026-08-11 04:02:00+00:00,1881.16,1881.17,1880.52,1880.52,233.520462669942538303
2026-08-11 04:03:00+00:00,1880.52,1880.98,1880.04,1880.04,441.40527
2026-08-11 04:04:00+00:00,1880.04,1880.04,1879.52,1879.53,1280.050843106612269214
2026-08-11 04:05:00+00:00,1879.53,1879.98,1879.49,1879.53,599.949502971055191571
2026-08-11 04:06:00+00:00,1879.53,1879.98,1879.5,1879.52,612.29461
2026-08-11 04:07:00+00:00,1879.52,1879.98,1879.1,1879.1,2274.41426
2026-08-11 04:08:00+00:00,1879.1,1879.1,1878.98,1878.98,0.648118915913761993
2026-08-11 04:09:00+00:00,1878.98,1879.02,1878.98,1879.01,1.68188
2026-08-11 04:10:00+00:00,1879.01,1879.01,1878.98,1878.99,0.632438915913761993
2026-08-11 04:11:00+00:00,1878.99,1879.02,1878.99,1879.01,0.43819
2026-08-11 04:12:00+00:00,1879.01,1879.01,1879.01,1879.01,0
2026-08-11 04:13:00+00:00,1879.01,1879.01,1878.99,1879,1.04772
2026-08-11 04:14:00+00:00,1879,1879,1878.98,1878.98,0.50498
2026-08-11 04:15:00+00:00,1878.98,1879.01,1878.98,1878.98,0.81817
2026-08-11 04:16:00+00:00,1878.98,1879.02,1878.98,1878.98,0.68152
2026-08-11 04:17:00+00:00,1878.98,1878.99,1878.98,1878.99,0.10148
2026-08-11 04:18:00+00:00,1878.99,1879.01,1878.98,1879,0.68934
2026-08-11 04:19:00+00:00,1879,1879.02,1878.98,1879.01,1.69616
2026-08-11 04:20:00+00:00,1879.01,1879.02,1878.98,1878.99,2.52086
2026-08-11 04:21:00+00:00,1878.99,1879.02,1878.98,1879.02,1.54177
2026-08-11 04:22:00+00:00,1879.02,1879.51,1879.02,1879.33,765.74255
2026-08-11 04:23:00+00:00,1879.33,1879.51,1878.98,1878.98,390.64426
2026-08-11 04:24:00+00:00,1878.98,1879.02,1878.98,1878.98,1.03991
2026-08-11 04:25:00+00:00,1878.98,1879.02,1878.98,1879.01,0.30632
2026-08-11 04:26:00+00:00,1879.01,1879.01,1878.98,1878.98,0.56592
2026-08-11 04:27:00+00:00,1878.98,1879.02,1878.98,1879.02,2.122586985493578853
2026-08-11 04:28:00+00:00,1879.02,1879.02,1878.98,1878.98,0.84471
2026-08-11 04:29:00+00:00,1878.98,1878.98,1878.98,1878.98,0
2026-08-11 04:30:00+00:00,1878.98,1879.02,1878.98,1879.02,0.84999
2026-08-11 04:31:00+00:00,1879.02,1879.02,1879,1879.01,0.39077
2026-08-11 04:32:00+00:00,1879.01,1879.01,1878.98,1878.99,0.77277
2026-08-11 04:33:00+00:00,1878.99,1879.02,1878.98,1879.02,0.53333
2026-08-11 04:34:00+00:00,1879.02,1879.02,1877.98,1878.04,2227.06896
2026-08-11 04:35:00+00:00,1878.04,1878.04,1877.96,1878.04,2.202664398717263495
2026-08-11 04:36:00+00:00,1878.04,1878.04,1877.64,1878.02,1.112609684264464186
2026-08-11 04:37:00+00:00,1878.02,1878.02,1877.31,1877.31,2167.214246073609831684
2026-08-11 04:38:00+00:00,1877.31,1877.32,1877.02,1877.03,14.30653
2026-08-11 04:39:00+00:00,1877.03,1877.63,1876.98,1877.63,68.85686
2026-08-11 04:40:00+00:00,1877.63,1877.63,1877.01,1877.33,281.84808
2026-08-11 04:41:00+00:00,1877.33,1877.39,1877.01,1877.02,63.27978
2026-08-11 04:42:00+00:00,1877.02,1878.36,1877.02,1878.36,0.532691689462595054
2026-08-11 04:43:00+00:00,1878.36,1878.36,1878.35,1878.36,1.852604202710159776
2026-08-11 04:44:00+00:00,1878.36,1878.36,1878.36,1878.36,0
2026-08-11 04:45:00+00:00,1878.36,1878.36,1878.36,1878.36,0
2026-08-11 04:46:00+00:00,1878.36,1878.36,1876.83,1876.83,0.063918384987541654
2026-08-11 04:47:00+00:00,1876.83,1878.28,1876.83,1878.28,0.15212
2026-08-11 04:48:00+00:00,1878.28,1878.28,1876.8,1876.8,0.319488817891373801
2026-08-11 04:49:00+00:00,1876.8,1878.34,1876.77,1878.34,0.929415648688730466
2026-08-11 04:50:00+00:00,1878.34,1878.34,1875.65,1875.65,1947.484191182108626199
2026-08-11 04:51:00+00:00,1875.65,1876.04,1875.65,1876.03,0.90334
2026-08-11 04:52:00+00:00,1876.03,1876.03,1875.97,1875.97,0.75994
2026-08-11 04:53:00+00:00,1875.97,1876.01,1875.6,1875.67,81.57347
2026-08-11 04:54:00+00:00,1875.67,1876.01,1875.5,1876.01,1.00044
2026-08-11 04:55:00+00:00,1876.01,1876.02,1876.01,1876.02,0.439854356435617977
2026-08-11 04:56:00+00:00,1876.02,1876.02,1876.02,1876.02,0.079873055091108531
2026-08-11 04:57:00+00:00,1876.02,1876.02,1875.42,1875.43,622.68026
2026-08-11 04:58:00+00:00,1875.43,1875.99,1875.41,1875.93,250.59609
2026-08-11 04:59:00+00:00,1875.93,1876.02,1875.48,1875.48,204.270049529907227307
2026-08-11 05:00:00+00:00,1875.48,1875.48,1875,1875,2.834101976637327127
2026-08-11 05:01:00+00:00,1875,1875.02,1875,1875,1.87075
2026-08-11 05:02:00+00:00,1875,1875.2,1875,1875.2,29.17246
2026-08-11 05:03:00+00:00,1875.2,1875.65,1875,1875.63,479.852668317309486863
2026-08-11 05:04:00+00:00,1875.63,1876,1875.02,1875.98,151.279610228435768182
2026-08-11 05:05:00+00:00,1875.98,1876.02,1875.01,1875.48,356.535505981016969795
2026-08-11 05:06:00+00:00,1875.48,1875.99,1875.48,1875.59,584.862957850314820837
2026-08-11 05:07:00+00:00,1875.59,1876.02,1875.59,1875.99,64.21081
2026-08-11 05:08:00+00:00,1875.99,1876.01,1875.98,1876.01,0.95128
2026-08-11 05:09:00+00:00,1876.01,1876.02,1875.98,1875.99,2.02292
2026-08-11 05:10:00+00:00,1875.99,1876.02,1875.98,1875.99,2.082916807712194627
2026-08-11 05:11:00+00:00,1875.99,1876.02,1875.98,1875.99,2.132319522325886106
2026-08-11 05:12:00+00:00,1875.99,1876.01,1875.88,1875.98,0.969755700629641674
2026-08-11 05:13:00+00:00,1875.98,1876.02,1875.98,1876.02,0.75549
2026-08-11 05:14:00+00:00,1876.02,1876.02,1875.98,1875.98,0.75261
2026-08-11 05:15:00+00:00,1875.98,1876.02,1875.98,1876.01,0.65504
2026-08-11 05:16:00+00:00,1876.01,1876.03,1876.01,1876.02,0.22505
2026-08-11 05:17:00+00:00,1876.02,1876.04,1876.01,1876.02,0.51875
2026-08-11 05:18:00+00:00,1876.02,1876.02,1874.56,1874.57,2031.5546702331039633
2026-08-11 05:19:00+00:00,1874.57,1874.57,1873.64,1873.96,28.94594330761265827
2026-08-11 05:20:00+00:00,1873.96,1873.98,1871.61,1872.01,3321.686916012594281839
2026-08-11 05:21:00+00:00,1872.01,1872.44,1871.02,1872.43,2262.727026121529451479
2026-08-11 05:22:00+00:00,1872.43,1872.62,1871.98,1872.02,135.11165
2026-08-11 05:23:00+00:00,1872.02,1873.02,1871.96,1873.02,182.785973040935813294
2026-08-11 05:24:00+00:00,1873.02,1873.02,1872.98,1872.98,0.361977234042553191
2026-08-11 05:25:00+00:00,1872.98,1873.01,1872.98,1872.98,0.780355110492489697
2026-08-11 05:26:00+00:00,1872.98,1873.01,1872.5,1872.98,154.09578282968499733
2026-08-11 05:27:00+00:00,1872.98,1872.98,1872.98,1872.98,0
2026-08-11 05:28:00+00:00,1872.98,1873.03,1872.98,1872.98,1.02632
2026-08-11 05:29:00+00:00,1872.98,1873.02,1872.98,1873,1.702438088884617643
2026-08-11 05:30:00+00:00,1873,1873.02,1872.67,1873,127.715198240690109365
2026-08-11 05:31:00+00:00,1873,1873.02,1872.56,1872.99,232.440911877182304513
2026-08-11 05:32:00+00:00,1872.99,1873,1872.98,1872.98,0.15889
2026-08-11 05:33:00+00:00,1872.98,1874.56,1872.98,1874.33,5666.77446
2026-08-11 05:34:00+00:00,1874.33,1874.98,1874.02,1874.67,342.3982
2026-08-11 05:35:00+00:00,1874.67,1875.8,1874.53,1875.79,1076.6427
2026-08-11 05:36:00+00:00,1875.79,1876,1875.4,1875.8,92.30034
2026-08-11 05:37:00+00:00,1875.8,1876.02,1875.8,1876.02,1.417959450583425284
2026-08-11 05:38:00+00:00,1876.02,1876.02,1875.98,1875.98,1.014998432297581681
2026-08-11 05:39:00+00:00,1875.98,1876.01,1875.98,1875.99,0.71537
2026-08-11 05:40:00+00:00,1875.99,1876.02,1875.53,1875.55,245.73418
2026-08-11 05:41:00+00:00,1875.55,1875.98,1875.53,1875.53,373.0492
2026-08-11 05:42:00+00:00,1875.53,1875.53,1875.53,1875.53,0
2026-08-11 05:43:00+00:00,1875.53,1876.36,1874.64,1876.36,0.715313203437091269
2026-08-11 05:44:00+00:00,1876.36,1876.36,1874.64,1874.64,5.659954521929088362
2026-08-11 05:45:00+00:00,1874.64,1876.36,1874.64,1876.36,0.479678762831329572
2026-08-11 05:46:00+00:00,1876.36,1876.36,1876.36,1876.36,0
2026-08-11 05:47:00+00:00,1876.36,1876.36,1876.36,1876.36,0
2026-08-11 05:48:00+00:00,1876.36,1876.36,1874.64,1874.64,0.564392282300196918
2026-08-11 05:49:00+00:00,1874.64,1876.36,1874.64,1874.64,1.797530724279100006
2026-08-11 05:50:00+00:00,1874.64,1874.64,1874.64,1874.64,0
2026-08-11 05:51:00+00:00,1874.64,1874.64,1874.64,1874.64,0
2026-08-11 05:52:00+00:00,1874.64,1874.64,1874.64,1874.64,0
2026-08-11 05:53:00+00:00,1874.64,1874.64,1874.64,1874.64,0
2026-08-11 05:54:00+00:00,1874.64,1875,1874.15,1874.15,82.10832
2026-08-11 05:55:00+00:00,1874.15,1874.15,1873.9,1873.98,0.61055
2026-08-11 05:56:00+00:00,1873.98,1874.51,1873.98,1874.33,378.56054
2026-08-11 05:57:00+00:00,1874.33,1874.51,1874.02,1874.33,575.43525
2026-08-11 05:58:00+00:00,1874.33,1874.33,1873.98,1873.98,32.87837
2026-08-11 05:59:00+00:00,1873.98,1874.01,1873.47,1873.47,2035.68288
2026-08-11 06:00:00+00:00,1873.47,1873.47,1873.01,1873.02,0.31637
2026-08-11 06:01:00+00:00,1873.02,1873.02,1872.98,1873.02,0.819673458127447946
2026-08-11 06:02:00+00:00,1873.02,1873.02,1871.07,1871.53,6042.898867245494724814
2026-08-11 06:03:00+00:00,1871.53,1872.83,1871.12,1872.8,2073.894317008547008547
2026-08-11 06:04:00+00:00,1872.8,1873.02,1872.01,1872.02,33.380357008547008547
2026-08-11 06:05:00+00:00,1872.02,1872.33,1872.02,1872.33,108.606
2026-08-11 06:06:00+00:00,1872.33,1873.55,1872.2,1873.53,2076.816248048621125517
2026-08-11 06:07:00+00:00,1873.53,1873.53,1873.01,1873.01,0.08301
2026-08-11 06:08:00+00:00,1873.01,1874.02,1872.99,1874.02,121.11976
2026-08-11 06:09:00+00:00,1874.02,1874.02,1873.98,1874.02,0.45772
2026-08-11 06:10:00+00:00,1874.02,1874.02,1873.98,1873.98,0.12073
2026-08-11 06:11:00+00:00,1873.98,1874.02,1873.98,1873.98,0.30098
2026-08-11 06:12:00+00:00,1873.98,1874.01,1873.98,1873.98,1.92589
2026-08-11 06:13:00+00:00,1873.98,1874.02,1873.98,1873.98,5.453824397011739594
2026-08-11 06:14:00+00:00,1873.98,1874.01,1873.27,1873.27,636.383120364240172859
2026-08-11 06:15:00+00:00,1873.27,1873.84,1873.02,1873.33,473.50996
2026-08-11 06:16:00+00:00,1873.33,1873.57,1872.98,1873.53,587.00155
2026-08-11 06:17:00+00:00,1873.53,1874.02,1873.02,1874.02,249.07998
2026-08-11 06:18:00+00:00,1874.02,1874.02,1873.99,1874.01,1.411901835199197447
2026-08-11 06:19:00+00:00,1874.01,1874.01,1873.5,1873.88,351.44776
2026-08-11 06:20:00+00:00,1873.88,1873.88,1872.6,1873.02,2017.404077419187062569
2026-08-11 06:21:00+00:00,1873.02,1873.04,1872.93,1873.02,1.049796427059845734
2026-08-11 06:22:00+00:00,1873.02,1873.02,1872.48,1872.96,108.81591
2026-08-11 06:23:00+00:00,1872.96,1873.02,1872.96,1873.02,1.35486
2026-08-11 06:24:00+00:00,1873.02,1873.02,1872.89,1872.89,0.982717698442787992
2026-08-11 06:25:00+00:00,1872.89,1872.98,1872.01,1872.01,5716.23836654844567888
2026-08-11 06:26:00+00:00,1872.01,1872.01,1871.98,1871.98,0.19443
2026-08-11 06:27:00+00:00,1871.98,1872.01,1871.3,1871.3,40.504335049081733387
2026-08-11 06:28:00+00:00,1871.3,1871.99,1871.02,1871.98,95.26576
2026-08-11 06:29:00+00:00,1871.98,1872.02,1871.48,1871.8,143.77252
2026-08-11 06:30:00+00:00,1871.8,1872,1871.34,1871.47,316.99711
2026-08-11 06:31:00+00:00,1871.47,1872.02,1871.18,1871.19,183.50677
2026-08-11 06:32:00+00:00,1871.19,1871.2,1870.98,1871,1.000472973892293651
2026-08-11 06:33:00+00:00,1871,1871,1870.98,1870.99,0.64749
2026-08-11 06:34:00+00:00,1870.99,1871.43,1870.98,1871.43,32.55805
2026-08-11 06:35:00+00:00,1871.43,1872,1871.02,1871.98,114.67878
2026-08-11 06:36:00+00:00,1871.98,1872,1870.99,1871.51,134.17248
2026-08-11 06:37:00+00:00,1871.51,1872.02,1871.02,1871.67,66.71417
2026-08-11 06:38:00+00:00,1871.67,1873,1871.19,1872.98,3866.07026
2026-08-11 06:39:00+00:00,1872.98,1874.02,1872.98,1873.8,2617.23494
2026-08-11 06:40:00+00:00,1873.8,1873.98,1873.27,1873.27,321.72452
2026-08-11 06:41:00+00:00,1873.27,1873.8,1873.01,1873.45,200.05205
2026-08-11 06:42:00+00:00,1873.45,1873.45,1873.45,1873.45,0
2026-08-11 06:43:00+00:00,1873.45,1873.45,1873.45,1873.45,0
2026-08-11 06:44:00+00:00,1873.45,1873.45,1873.45,1873.45,0
2026-08-11 06:45:00+00:00,1873.45,1873.45,1873.45,1873.45,0
2026-08-11 06:46:00+00:00,1873.45,1873.45,1873.45,1873.45,0
2026-08-11 06:47:00+00:00,1873.45,1873.45,1873.45,1873.45,0
2026-08-11 06:48:00+00:00,1873.45,1873.45,1873.45,1873.45,0
2026-08-11 06:49:00+00:00,1873.45,1873.45,1873.45,1873.45,0
2026-08-11 06:50:00+00:00,1873.45,1873.45,1872.71,1872.71,0.34597
2026-08-11 06:51:00+00:00,1872.71,1872.71,1872.71,1872.71,0
2026-08-11 06:52:00+00:00,1872.71,1872.71,1871.18,1871.58,46.04018
2026-08-11 06:53:00+00:00,1871.58,1871.98,1870.67,1871.33,104.72654
2026-08-11 06:54:00+00:00,1871.33,1871.33,1870.49,1870.93,2103.90124
2026-08-11 06:55:00+00:00,1870.93,1872.21,1870.93,1871.98,68.459342973892293651
2026-08-11 06:56:00+00:00,1871.98,1872.5,1871.98,1872.5,32.23171
2026-08-11 06:57:00+00:00,1872.5,1872.67,1871.99,1872.67,35.83485
2026-08-11 06:58:00+00:00,1872.67,1873.33,1872.67,1872.98,4.95661
2026-08-11 06:59:00+00:00,1872.98,1873.44,1872.98,1873.44,159.52809
2026-08-11 07:00:00+00:00,1873.44,1874.02,1873.04,1874,64.97587
2026-08-11 07:01:00+00:00,1874,1874.02,1873.99,1874,1.6325
2026-08-11 07:02:00+00:00,1874,1874.59,1873.98,1874.33,1671.631941889766719834
2026-08-11 07:03:00+00:00,1874.33,1874.33,1873.48,1873.48,196.656736009184120112
2026-08-11 07:04:00+00:00,1873.48,1873.98,1873.48,1873.96,89.050791889766719834
2026-08-11 07:05:00+00:00,1873.96,1874.57,1873.96,1874.56,72.065043457737895012
2026-08-11 07:06:00+00:00,1874.56,1874.56,1873.41,1873.54,4181.557026067288581415
2026-08-11 07:07:00+00:00,1873.54,1874,1873.54,1874,171.11261
2026-08-11 07:08:00+00:00,1874,1874.02,1873.98,1873.98,0.47839
2026-08-11 07:09:00+00:00,1873.98,1874.02,1873.98,1874,0.74049
2026-08-11 07:10:00+00:00,1874,1874.01,1873.48,1873.48,120.4486
2026-08-11 07:11:00+00:00,1873.48,1873.98,1873.15,1873.15,82.3761
2026-08-11 07:12:00+00:00,1873.15,1873.61,1872.99,1873.53,303.94426
2026-08-11 07:13:00+00:00,1873.53,1873.58,1872.99,1873.01,0.73425
2026-08-11 07:14:00+00:00,1873.01,1873.01,1872.94,1872.99,0.85635
2026-08-11 07:15:00+00:00,1872.99,1872.99,1871.02,1871.46,6193.57579
2026-08-11 07:16:00+00:00,1871.46,1872.18,1871.46,1871.88,5.14091
2026-08-11 07:17:00+00:00,1871.88,1872.02,1871.51,1871.52,32.64332
2026-08-11 07:18:00+00:00,1871.52,1871.52,1870.98,1870.99,0.65384
2026-08-11 07:19:00+00:00,1870.99,1871,1870.67,1871,75.364424123691990052
2026-08-11 07:20:00+00:00,1871,1871,1869.8,1870.64,7136.450855326909097468
2026-08-11 07:21:00+00:00,1870.64,1870.98,1870.02,1870.53,158.50863
2026-08-11 07:22:00+00:00,1870.53,1871.02,1870.47,1870.54,79.82399323613614675
2026-08-11 07:23:00+00:00,1870.54,1870.98,1870.54,1870.98,260.8008
2026-08-11 07:24:00+00:00,1870.98,1871.02,1870.67,1870.67,95.397959252699562161
2026-08-11 07:25:00+00:00,1870.67,1871,1870.67,1870.93,221.1308
2026-08-11 07:26:00+00:00,1870.93,1871.02,1870,1870.98,293.833651400346214207
2026-08-11 07:27:00+00:00,1870.98,1871.02,1870.47,1870.99,71.768747132474573377
2026-08-11 07:28:00+00:00,1870.99,1871.01,1870.55,1870.98,79.780643784636632959
2026-08-11 07:29:00+00:00,1870.98,1871.01,1870.48,1870.67,308.859152176227462906
2026-08-11 07:30:00+00:00,1870.67,1872.63,1870.67,1872.63,6325.365316339053168707
2026-08-11 07:31:00+00:00,1872.63,1873.33,1872.62,1873,4742.326213687615890092
2026-08-11 07:32:00+00:00,1873,1873.47,1872.98,1872.98,33634.893140992127216835
2026-08-11 07:33:00+00:00,1872.98,1874.2,1872.98,1874.2,40.753288700416979936
2026-08-11 07:34:00+00:00,1874.2,1874.84,1873.93,1874.84,2053.9899
2026-08-11 07:35:00+00:00,1874.84,1877.35,1874.84,1877,2311.165943687615890092
2026-08-11 07:36:00+00:00,1877,1877.18,1876.47,1876.52,169.53976664722722935
2026-08-11 07:37:00+00:00,1876.52,1876.52,1875.99,1876.33,473.96841
2026-08-11 07:38:00+00:00,1876.33,1877.53,1876.02,1877.53,2162.19533
2026-08-11 07:39:00+00:00,1877.53,1878.44,1877.53,1878.44,2748.581565070573878672
2026-08-11 07:40:00+00:00,1878.44,1878.45,1877.01,1877.02,71.87599910048590993
2026-08-11 07:41:00+00:00,1877.02,1877.02,1876.56,1877.02,96.013798891445417561
2026-08-11 07:42:00+00:00,1877.02,1878.36,1876.23,1878.36,3.869546796077312549
2026-08-11 07:43:00+00:00,1878.36,1878.36,1875.93,1876.63,72.425210713340024497
2026-08-11 07:44:00+00:00,1876.63,1877.36,1875.64,1877.36,274.194980541028165034
2026-08-11 07:45:00+00:00,1877.36,1877.49,1875.64,1877.02,2053.514210108538898292
2026-08-11 07:46:00+00:00,1877.02,1877.53,1875.64,1877.5,107.035067789240274865
2026-08-11 07:47:00+00:00,1877.5,1877.85,1877.01,1877.33,639.419907194971956867
2026-08-11 07:48:00+00:00,1877.33,1877.46,1875.66,1877.42,628.756040701132650267
2026-08-11 07:49:00+00:00,1877.42,1877.44,1877.02,1877.02,126.745608440819837747
2026-08-11 07:50:00+00:00,1877.02,1877.02,1875.64,1877.02,5.942588788735947203
2026-08-11 07:51:00+00:00,1877.02,1877.46,1877.02,1877.12,330.66853000624936839
2026-08-11 07:52:00+00:00,1877.12,1878.37,1877.02,1878.01,2192.537564269353477866
2026-08-11 07:53:00+00:00,1878.01,1878.03,1876.7,1876.71,25.652241662522164654
2026-08-11 07:54:00+00:00,1876.71,1876.98,1875.96,1875.96,3497.39086
2026-08-11 07:55:00+00:00,1875.96,1876.04,1875.96,1875.99,0.57579304792006962
2026-08-11 07:56:00+00:00,1875.99,1876.02,1875.42,1875.98,4075.234333338111495056
2026-08-11 07:57:00+00:00,1875.98,1876.02,1875.98,1876.02,0.351091108808305538
2026-08-11 07:58:00+00:00,1876.02,1876.33,1876.02,1876.33,157.414562793388899181
2026-08-11 07:59:00+00:00,1876.33,1876.53,1876.02,1876.53,284.2444
2026-08-11 08:00:00+00:00,1876.53,1877.04,1876.46,1876.96,0.930388871291771689
2026-08-11 08:01:00+00:00,1876.96,1877.75,1876.96,1876.99,56.058191738338166302
2026-08-11 08:02:00+00:00,1876.99,1878.04,1876.99,1878.04,33.00382439726931831
2026-08-11 08:03:00+00:00,1878.04,1878.04,1877.98,1877.99,1.005464482390608324
2026-08-11 08:04:00+00:00,1877.99,1878,1877,1877.33,399.75873
2026-08-11 08:05:00+00:00,1877.33,1878.01,1877.02,1877.62,254.33968
2026-08-11 08:06:00+00:00,1877.62,1878,1876.98,1876.98,138.06706
2026-08-11 08:07:00+00:00,1876.98,1877.04,1876.98,1877.01,1.10543
2026-08-11 08:08:00+00:00,1877.01,1877.01,1876,1876.02,2017.08908
2026-08-11 08:09:00+00:00,1876.02,1876.02,1875.98,1875.98,0.31856
2026-08-11 08:10:00+00:00,1875.98,1876.02,1875.98,1876.02,0.18105
2026-08-11 08:11:00+00:00,1876.02,1876.46,1876.01,1876.33,908.51796
2026-08-11 08:12:00+00:00,1876.33,1876.46,1874.64,1874.87,1334.080574214585508234
2026-08-11 08:13:00+00:00,1874.87,1875.45,1874.87,1875.45,2.496079670249369631
2026-08-11 08:14:00+00:00,1875.45,1875.45,1874.64,1874.99,0.302474838929606272
2026-08-11 08:15:00+00:00,1874.99,1875.55,1874.98,1875.14,815.936808864160894899
2026-08-11 08:16:00+00:00,1875.14,1875.83,1874.98,1875.83,51.082148238036130008
2026-08-11 08:17:00+00:00,1875.83,1876.01,1874.64,1875.01,107.801801571369463341
2026-08-11 08:18:00+00:00,1875.01,1875.02,1874.98,1875,2.440242195565163688
2026-08-11 08:19:00+00:00,1875,1875.02,1874.98,1874.98,1.589250814813292566
2026-08-11 08:20:00+00:00,1874.98,1875.5,1874.98,1875.01,179.715171095713085121
2026-08-11 08:21:00+00:00,1875.01,1876.16,1874.98,1875.33,448.925964040668994003
2026-08-11 08:22:00+00:00,1875.33,1876.02,1875.02,1876.01,103.12475
2026-08-11 08:23:00+00:00,1876.01,1876.02,1875.4,1875.47,214.182289629129791754
2026-08-11 08:24:00+00:00,1875.47,1876.02,1875.47,1875.97,98.674410999703024287
2026-08-11 08:25:00+00:00,1875.97,1876.53,1875.97,1876.53,2113.50986
2026-08-11 08:26:00+00:00,1876.53,1876.98,1875.97,1875.97,282.42654
2026-08-11 08:27:00+00:00,1875.97,1876.44,1875.97,1876.43,593.07894
2026-08-11 08:28:00+00:00,1876.43,1876.52,1875.99,1876.01,156.45629
2026-08-11 08:29:00+00:00,1876.01,1876.02,1875.98,1876.02,0.20826
2026-08-11 08:30:00+00:00,1876.02,1876.02,1876.02,1876.02,0
2026-08-11 08:31:00+00:00,1876.02,1876.02,1876,1876,0.35949
2026-08-11 08:32:00+00:00,1876,1876,1875.5,1875.53,2393.43539
2026-08-11 08:33:00+00:00,1875.53,1876,1875.47,1875.97,389.49209797775573968
2026-08-11 08:34:00+00:00,1875.97,1876.01,1875.47,1876.01,175.551386595599303917
2026-08-11 08:35:00+00:00,1876.01,1876.02,1875.98,1875.98,0.40942
2026-08-11 08:36:00+00:00,1875.98,1876.52,1875.93,1876.03,166.636471097963969726
2026-08-11 08:37:00+00:00,1876.03,1876.53,1875.99,1876.33,88.94435
2026-08-11 08:38:00+00:00,1876.33,1876.33,1875.98,1876.02,0.84771
2026-08-11 08:39:00+00:00,1876.02,1876.41,1874.64,1876.33,154.252379692544196771
2026-08-11 08:40:00+00:00,1876.33,1876.53,1875.99,1876.53,153.96041
2026-08-11 08:41:00+00:00,1876.53,1877.9,1876.53,1877.9,4880.063140548981984863
2026-08-11 08:42:00+00:00,1877.9,1878.36,1877.61,1878.34,0.814558879790192048
2026-08-11 08:43:00+00:00,1878.34,1878.34,1877.5,1877.53,529.8254
2026-08-11 08:44:00+00:00,1877.53,1877.98,1877.52,1877.96,1.758266330791189127
2026-08-11 08:45:00+00:00,1877.96,1878.32,1877.96,1878.32,0.130681498932187232
2026-08-11 08:46:00+00:00,1878.32,1878.32,1877.47,1877.67,184.267332768929014729
2026-08-11 08:47:00+00:00,1877.67,1878.33,1876.93,1878.33,0.74533
2026-08-11 08:48:00+00:00,1878.33,1878.35,1876.59,1876.67,124.306178024523042675
2026-08-11 08:49:00+00:00,1876.67,1878.36,1876.6,1876.8,103.326800091600368746
2026-08-11 08:50:00+00:00,1876.8,1878.36,1876.6,1876.96,17.44402580173626965
2026-08-11 08:51:00+00:00,1876.96,1876.99,1876.41,1876.99,67.34456
2026-08-11 08:52:00+00:00,1876.99,1877.01,1876.47,1876.48,63.49808
2026-08-11 08:53:00+00:00,1876.48,1878.35,1876.44,1878.35,119.51219
2026-08-11 08:54:00+00:00,1878.35,1879.84,1878.33,1878.99,3311.643932333315596232
2026-08-11 08:55:00+00:00,1878.99,1879.52,1878.99,1879.02,178.09086
2026-08-11 08:56:00+00:00,1879.02,1879.02,1878.02,1878.99,2284.62915
2026-08-11 08:57:00+00:00,1878.99,1879.02,1878.99,1879,0.19617
2026-08-11 08:58:00+00:00,1879,1879,1878.56,1878.67,201.59631
2026-08-11 08:59:00+00:00,1878.67,1879.04,1878.57,1878.67,642.21695837557290918
2026-08-11 09:00:00+00:00,1878.67,1879.01,1878.47,1878.47,396.19022
2026-08-11 09:01:00+00:00,1878.47,1878.47,1877.98,1878.01,0.42107
2026-08-11 09:02:00+00:00,1878.01,1878.02,1877.98,1878.02,0.374596951634169836
2026-08-11 09:03:00+00:00,1878.02,1878.02,1877.47,1877.47,2006.695690349254535
2026-08-11 09:04:00+00:00,1877.47,1877.99,1877.47,1877.67,346.781887159966543214
2026-08-11 09:05:00+00:00,1877.67,1878.02,1877.67,1878.02,0.992624748589101044
2026-08-11 09:06:00+00:00,1878.02,1878.02,1877.98,1877.98,1.316883094224023774
2026-08-11 09:07:00+00:00,1877.98,1878.02,1877.25,1877.4,72.753118458676899188
2026-08-11 09:08:00+00:00,1877.4,1877.44,1877.26,1877.32,0.8898
2026-08-11 09:09:00+00:00,1877.32,1877.33,1876.78,1876.78,31.79353
2026-08-11 09:10:00+00:00,1876.78,1877.02,1876.78,1877.02,0.76321
2026-08-11 09:11:00+00:00,1877.02,1877.02,1877,1877.02,0.63235
2026-08-11 09:12:00+00:00,1877.02,1877.02,1876.97,1876.97,0.54414
2026-08-11 09:13:00+00:00,1876.97,1877.02,1876.63,1876.63,2007.063075379231504193
2026-08-11 09:14:00+00:00,1876.63,1876.99,1876.58,1876.98,221.60461
2026-08-11 09:15:00+00:00,1876.98,1877.04,1876.62,1876.67,126.794899494839621551
2026-08-11 09:16:00+00:00,1876.67,1877.02,1876.67,1876.99,1.518882936691053834
2026-08-11 09:17:00+00:00,1876.99,1877.78,1876.3,1877.78,127.40236
2026-08-11 09:18:00+00:00,1877.78,1879.19,1877.78,1879.19,8795.19213
2026-08-11 09:19:00+00:00,1879.19,1879.2,1879.02,1879.02,0.705362715967924739
2026-08-11 09:20:00+00:00,1879.02,1879.52,1878.34,1878.41,83952.918727907741120061
2026-08-11 09:21:00+00:00,1878.41,1878.98,1878.36,1878.36,111.05028
2026-08-11 09:22:00+00:00,1878.36,1879.02,1878.01,1879.02,544.272105333567060915
2026-08-11 09:23:00+00:00,1879.02,1879.02,1879,1879.02,0.53040837557290918
2026-08-11 09:24:00+00:00,1879.02,1879.02,1878.98,1878.98,2.595931395701560014
2026-08-11 09:25:00+00:00,1878.98,1879.53,1878.98,1879.51,229.980756902109087949
2026-08-11 09:26:00+00:00,1879.51,1879.51,1879.01,1879.02,221.652222756236868571
2026-08-11 09:27:00+00:00,1879.02,1879.02,1878.99,1879.02,0.3775
2026-08-11 09:28:00+00:00,1879.02,1879.02,1879.02,1879.02,0.532403730374727067
2026-08-11 09:29:00+00:00,1879.02,1879.02,1878.98,1879.02,0.18931
2026-08-11 09:30:00+00:00,1879.02,1879.02,1878.98,1878.98,0.07927
2026-08-11 09:31:00+00:00,1878.98,1879.4,1878.98,1878.99,193.1867
2026-08-11 09:32:00+00:00,1878.99,1879.02,1878.33,1878.33,36.17502
2026-08-11 09:33:00+00:00,1878.33,1878.51,1877.98,1877.98,122.06568
2026-08-11 09:34:00+00:00,1877.98,1878.29,1877.98,1878.02,0.673959797764768493
2026-08-11 09:35:00+00:00,1878.02,1878.02,1877.99,1877.99,1.65819
2026-08-11 09:36:00+00:00,1877.99,1878.04,1877.98,1878,0.98824
2026-08-11 09:37:00+00:00,1878,1878.02,1877.96,1877.98,1.366511520815451787
2026-08-11 09:38:00+00:00,1877.98,1878.04,1877.98,1878.03,0.876040553987710461
2026-08-11 09:39:00+00:00,1878.03,1878.03,1877.98,1877.99,1.01054
2026-08-11 09:40:00+00:00,1877.99,1878.02,1877.98,1878.02,0.52044
2026-08-11 09:41:00+00:00,1878.02,1879.02,1878.02,1879.02,193.714286243873364234
2026-08-11 09:42:00+00:00,1879.02,1879.36,1879.02,1879.36,1.629145388773913909
2026-08-11 09:43:00+00:00,1879.36,1879.75,1879.35,1879.41,1.521428682698446477
2026-08-11 09:44:00+00:00,1879.41,1879.75,1879.41,1879.75,0.175689797764768493
2026-08-11 09:45:00+00:00,1879.75,1880,1879.49,1879.67,91.26903
2026-08-11 09:46:00+00:00,1879.67,1879.99,1879.02,1879.43,246.22083
2026-08-11 09:47:00+00:00,1879.43,1880.02,1879.02,1879.99,33.524015528680799057
2026-08-11 09:48:00+00:00,1879.99,1880.52,1879.98,1879.99,3130.434054642418193725
2026-08-11 09:49:00+00:00,1879.99,1880.02,1879.88,1880.02,1.353678722858418956
2026-08-11 09:50:00+00:00,1880.02,1880.02,1878.64,1878.64,0.468437093325674532
2026-08-11 09:51:00+00:00,1878.64,1881.06,1878.64,1880.68,54.645195415557906661
2026-08-11 09:52:00+00:00,1880.68,1882.02,1880.5,1881.8,6534.273631552470045126
2026-08-11 09:53:00+00:00,1881.8,1881.85,1880.15,1881.47,18619.131895544378195792
2026-08-11 09:54:00+00:00,1881.47,1881.51,1880.98,1881.43,311.985523218326999444
2026-08-11 09:55:00+00:00,1881.43,1882.01,1880.99,1881.98,63.95606
2026-08-11 09:56:00+00:00,1881.98,1882.02,1881.42,1881.67,386.412020260003768037
2026-08-11 09:57:00+00:00,1881.67,1882.01,1881.67,1882.01,1.492668082720969707
2026-08-11 09:58:00+00:00,1882.01,1884.48,1882.01,1884.48,13362.940372830205135755
2026-08-11 09:59:00+00:00,1884.48,1885.36,1882.64,1884.54,84.094518954350771919
2026-08-11 10:00:00+00:00,1884.54,1885.03,1883.48,1883.48,2233.29787
2026-08-11 10:01:00+00:00,1883.48,1884.02,1883.48,1884.02,63.95973
2026-08-11 10:02:00+00:00,1884.02,1885.5,1884,1884.98,14316.519225325560931973
2026-08-11 10:03:00+00:00,1884.98,1885.53,1884.49,1885.15,104.483864979821808072
2026-08-11 10:04:00+00:00,1885.15,1885.85,1884.98,1885.47,157.531173351398303735
2026-08-11 10:05:00+00:00,1885.47,1888.37,1884.99,1887.47,13903.608119964728272548
2026-08-11 10:06:00+00:00,1887.47,1888,1886.52,1886.52,2218.401283943804599181
2026-08-11 10:07:00+00:00,1886.52,1886.99,1885.56,1885.56,1620.874365156207908043
2026-08-11 10:08:00+00:00,1885.56,1886.04,1885.48,1885.93,87.879626506314256611
2026-08-11 10:09:00+00:00,1885.93,1886.04,1885.51,1886.04,88.31132099525355456
2026-08-11 10:10:00+00:00,1886.04,1886.04,1885.57,1885.57,42.754721662522164654
2026-08-11 10:11:00+00:00,1885.57,1886.02,1885.2,1885.85,93.31452
2026-08-11 10:12:00+00:00,1885.85,1886.02,1885.17,1885.29,237.420709332184672821
2026-08-11 10:13:00+00:00,1885.29,1885.3,1884.94,1884.99,3.451539266514057665
2026-08-11 10:14:00+00:00,1884.99,1885.01,1884.47,1884.49,214.11208
2026-08-11 10:15:00+00:00,1884.49,1884.49,1883.36,1883.36,2086.558609450583425284
2026-08-11 10:16:00+00:00,1883.36,1884,1882.98,1883.97,1359.0906418773863173
2026-08-11 10:17:00+00:00,1883.97,1884.01,1883.97,1884,0.47007
2026-08-11 10:18:00+00:00,1884,1884,1883,1883,141.537622876104368029
2026-08-11 10:19:00+00:00,1883,1883.02,1882.98,1882.98,1.995135545585221
2026-08-11 10:20:00+00:00,1882.98,1883.02,1882.98,1883.01,1.22057090248643137
2026-08-11 10:21:00+00:00,1883.01,1883.02,1882.98,1883.02,1.472382810023616208
2026-08-11 10:22:00+00:00,1883.02,1883.5,1882.47,1883.49,4340.162578141857365965
2026-08-11 10:23:00+00:00,1883.49,1884.28,1883.02,1883.48,879.843569464895270757
2026-08-11 10:24:00+00:00,1883.48,1883.48,1882.99,1882.99,0.17162
2026-08-11 10:25:00+00:00,1882.99,1884.26,1882.99,1883.98,102.40285
2026-08-11 10:26:00+00:00,1883.98,1884.01,1883.98,1884.01,0.07739
2026-08-11 10:27:00+00:00,1884.01,1884.61,1884.01,1884.6,73.44353
2026-08-11 10:28:00+00:00,1884.6,1886,1884.59,1886,39.700151261930010604
2026-08-11 10:29:00+00:00,1886,1887.02,1886,1886.99,2118.72795575189040765
2026-08-11 10:30:00+00:00,1886.99,1887.49,1886.99,1887.01,44634.234865019500817628
2026-08-11 10:31:00+00:00,1887.01,1887.01,1885.11,1885.11,8512.10623
2026-08-11 10:32:00+00:00,1885.11,1885.98,1884.64,1885.08,29.339295098510910847
2026-08-11 10:33:00+00:00,1885.08,1885.53,1884.96,1885.53,35.89011426965175268
2026-08-11 10:34:00+00:00,1885.53,1886,1885.53,1885.99,0.58106
2026-08-11 10:35:00+00:00,1885.99,1885.99,1884.98,1884.98,36.77181
2026-08-11 10:36:00+00:00,1884.98,1886,1884.98,1886,133.37508
2026-08-11 10:37:00+00:00,1886,1886,1886,1886,0
2026-08-11 10:38:00+00:00,1886,1886.02,1884.64,1885.67,65.953090279536441133
2026-08-11 10:39:00+00:00,1885.67,1886.02,1885.47,1885.48,96.336130956448573658
2026-08-11 10:40:00+00:00,1885.48,1885.48,1884.98,1884.98,1.00518
2026-08-11 10:41:00+00:00,1884.98,1885.53,1884.64,1885.53,18.567955932023592311
2026-08-11 10:42:00+00:00,1885.53,1885.53,1885.53,1885.53,0
2026-08-11 10:43:00+00:00,1885.53,1885.53,1885.53,1885.53,0
2026-08-11 10:44:00+00:00,1885.53,1885.53,1885.53,1885.53,0
2026-08-11 10:45:00+00:00,1885.53,1885.53,1885.53,1885.53,0
2026-08-11 10:46:00+00:00,1885.53,1886.25,1884.73,1884.75,0.269511626002472477
2026-08-11 10:47:00+00:00,1884.75,1886.26,1884.75,1886.26,0.527721854922824456
2026-08-11 10:48:00+00:00,1886.26,1886.99,1886.25,1886.99,5.921433792306942537
2026-08-11 10:49:00+00:00,1886.99,1886.99,1886.57,1886.99,0.91642
2026-08-11 10:50:00+00:00,1886.99,1887.01,1886.56,1887,152.63754
2026-08-11 10:51:00+00:00,1887,1887.02,1886.99,1887.02,0.86802
2026-08-11 10:52:00+00:00,1887.02,1887.02,1885.98,1885.98,17.016092953635241771
2026-08-11 10:53:00+00:00,1885.98,1886.02,1885.98,1886.01,0.87111378612824034
2026-08-11 10:54:00+00:00,1886.01,1886.02,1885.48,1885.49,101.850093801275732398
2026-08-11 10:55:00+00:00,1885.49,1885.98,1885.01,1885.01,94.50212
2026-08-11 10:56:00+00:00,1885.01,1885.98,1885.01,1885.45,135.26544
2026-08-11 10:57:00+00:00,1885.45,1885.98,1885.41,1885.41,109.371629430786937589
2026-08-11 10:58:00+00:00,1885.41,1886.02,1885.41,1885.97,25.267159430786937589
2026-08-11 10:59:00+00:00,1885.97,1886,1885.38,1885.38,51.201051220176590954
2026-08-11 11:00:00+00:00,1885.38,1886.02,1885.36,1886.01,3.965287285722394426
2026-08-11 11:01:00+00:00,1886.01,1889.36,1886.01,1889.32,6330.596678331598203657
2026-08-11 11:02:00+00:00,1889.32,1891.48,1887.64,1891.48,2007.447216939785239812
2026-08-11 11:03:00+00:00,1891.48,1892.36,1889.64,1889.64,2071.561519336237541697
2026-08-11 11:04:00+00:00,1889.64,1893.38,1889.64,1892,85.248200853881705185
2026-08-11 11:05:00+00:00,1892,1892.6,1891.56,1891.98,14469.557662636796300134
2026-08-11 11:06:00+00:00,1891.98,1891.99,1891.18,1891.49,256.078420322786999039
2026-08-11 11:07:00+00:00,1891.49,1892,1891.17,1891.98,4.550289456932767647
2026-08-11 11:08:00+00:00,1891.98,1892.04,1891.96,1892.02,0.836455901566563074
2026-08-11 11:09:00+00:00,1892.02,1892.02,1891,1891.02,56.074526330791189127
2026-08-11 11:10:00+00:00,1891.02,1893.84,1891.02,1893.52,13747.661576119273619009
2026-08-11 11:11:00+00:00,1893.52,1895.36,1893.52,1894.11,2098.468793420992563881
2026-08-11 11:12:00+00:00,1894.11,1895.35,1893.67,1894.5,261.74604
2026-08-11 11:13:00+00:00,1894.5,1894.98,1892.65,1892.98,3179.14924
2026-08-11 11:14:00+00:00,1892.98,1892.99,1892.96,1892.96,0.49761
2026-08-11 11:15:00+00:00,1892.96,1893.01,1892.37,1892.47,2146.820104057909753777
2026-08-11 11:16:00+00:00,1892.47,1892.47,1891.38,1891.39,2044.920604057909753777
2026-08-11 11:17:00+00:00,1891.39,1891.39,1889.65,1890.83,3272.049022083198953866
2026-08-11 11:18:00+00:00,1890.83,1891.02,1890.83,1891.02,0.50332
2026-08-11 11:19:00+00:00,1891.02,1891.02,1890.98,1890.98,0.99961
2026-08-11 11:20:00+00:00,1890.98,1891.85,1890.98,1891.81,109.62902
2026-08-11 11:21:00+00:00,1891.81,1892.02,1891.81,1892.02,0.548212572457036627
2026-08-11 11:22:00+00:00,1892.02,1893.5,1891.24,1891.45,6181.022952231380802521
2026-08-11 11:23:00+00:00,1891.45,1891.47,1891.02,1891.02,0.37666
2026-08-11 11:24:00+00:00,1891.02,1891.02,1890.98,1890.99,1.274295182443151771
2026-08-11 11:25:00+00:00,1890.99,1891.02,1890.98,1890.98,1.182249829118244088
2026-08-11 11:26:00+00:00,1890.98,1891.82,1890.98,1891.53,88.598103181004291873
2026-08-11 11:27:00+00:00,1891.53,1892.04,1891.53,1891.99,7.976571186645159351
2026-08-11 11:28:00+00:00,1891.99,1891.99,1890.98,1890.98,135.7120385855731424
2026-08-11 11:29:00+00:00,1890.98,1891.02,1890.98,1891.01,0.54801
2026-08-11 11:30:00+00:00,1891.01,1892.02,1891.01,1891.98,108.024070382450409881
2026-08-11 11:31:00+00:00,1891.98,1892.01,1890.98,1891.33,171.733028737239954137
2026-08-11 11:32:00+00:00,1891.33,1891.47,1890.98,1890.98,65.356581514781035739
2026-08-11 11:33:00+00:00,1890.98,1892.36,1890.98,1890.98,1.483719975893330003
2026-08-11 11:34:00+00:00,1890.98,1892.36,1890.98,1891.01,1.225773624163602454
2026-08-11 11:35:00+00:00,1891.01,1892.01,1891,1891.99,32.189496439937317931
2026-08-11 11:36:00+00:00,1891.99,1892.02,1891.96,1892.02,8.314805501962181005
2026-08-11 11:37:00+00:00,1892.02,1892.12,1891.38,1891.47,132.164167309154332395
2026-08-11 11:38:00+00:00,1891.47,1891.47,1890.98,1890.99,1.69489907437689986
2026-08-11 11:39:00+00:00,1890.99,1891.02,1890.98,1890.98,1.014973905257990858
2026-08-11 11:40:00+00:00,1890.98,1891.53,1890.98,1891.33,187.907598155356236249
2026-08-11 11:41:00+00:00,1891.33,1892.02,1891.33,1892,1.080854171392902346
2026-08-11 11:42:00+00:00,1892,1892.04,1892,1892,0.318524171392902346
2026-08-11 11:43:00+00:00,1892,1892,1892,1892,0.0044
2026-08-11 11:44:00+00:00,1892,1892.36,1890.64,1892.36,16.8441151872585814
2026-08-11 11:45:00+00:00,1892.36,1892.36,1890.67,1890.67,0.1241
2026-08-11 11:46:00+00:00,1890.67,1892.36,1890.67,1892.36,0.594587063741256327
2026-08-11 11:47:00+00:00,1892.36,1892.36,1892.35,1892.36,0.277073756696149341
2026-08-11 11:48:00+00:00,1892.36,1892.36,1890.64,1890.64,4.615606336217862245
2026-08-11 11:49:00+00:00,1890.64,1890.64,1890.64,1890.64,0
2026-08-11 11:50:00+00:00,1890.64,1892.34,1890.64,1891.65,0.27079
2026-08-11 11:51:00+00:00,1891.65,1892.33,1891.65,1892.05,0.24934
2026-08-11 11:52:00+00:00,1892.05,1892.82,1891.64,1891.99,167.714805237080171137
2026-08-11 11:53:00+00:00,1891.99,1892.53,1891.99,1892.51,487.1477
2026-08-11 11:54:00+00:00,1892.51,1893,1892.02,1892.96,160.184852539530939678
2026-08-11 11:55:00+00:00,1892.96,1893.02,1892.36,1892.98,325.68379
2026-08-11 11:56:00+00:00,1892.98,1893.02,1892.93,1893.01,1.37927082469156694
2026-08-11 11:57:00+00:00,1893.01,1893.02,1892.98,1892.98,2.945880697668473474
2026-08-11 11:58:00+00:00,1892.98,1893.02,1891.64,1892.47,168.063538768442628694
2026-08-11 11:59:00+00:00,1892.47,1893.02,1892.15,1892.19,345.372851024648638152
2026-08-11 12:00:00+00:00,1892.19,1894.08,1892.19,1893.01,3669.850700048307194717
2026-08-11 12:01:00+00:00,1893.01,1893.95,1892.49,1893.95,25011.043476578532409694
2026-08-11 12:02:00+00:00,1893.95,1894.48,1893.95,1893.99,5.141211794072216216
2026-08-11 12:03:00+00:00,1893.99,1894.07,1892.88,1893.33,199.002605377438362349
2026-08-11 12:04:00+00:00,1893.33,1894.36,1892.47,1894.36,2092.779864488732834594
2026-08-11 12:05:00+00:00,1894.36,1894.36,1892.57,1892.98,388.405071317152827587
2026-08-11 12:06:00+00:00,1892.98,1894.36,1891.64,1893.51,435.555776965747193427
2026-08-11 12:07:00+00:00,1893.51,1894.53,1893.51,1894.53,2043.22336276926130144
2026-08-11 12:08:00+00:00,1894.53,1895.43,1894.53,1895.02,2613.129873528945155712
2026-08-11 12:09:00+00:00,1895.02,1896.85,1894.98,1895.8,2226.910408414365827565
2026-08-11 12:10:00+00:00,1895.8,1896.98,1894.65,1894.65,6094.750238253779451621
2026-08-11 12:11:00+00:00,1894.65,1895.02,1893.64,1895.01,129.299463432391191136
2026-08-11 12:12:00+00:00,1895.01,1895.02,1893.4,1893.53,2056.488575030996101739
2026-08-11 12:13:00+00:00,1893.53,1894.47,1893.52,1893.98,16501.407925529214892402
2026-08-11 12:14:00+00:00,1893.98,1894.85,1893.98,1894.85,30.284329114779410954
2026-08-11 12:15:00+00:00,1894.85,1894.85,1893.97,1894.02,40.590601266198798573
2026-08-11 12:16:00+00:00,1894.02,1894.53,1893.96,1894.53,70.027779786207232165
2026-08-11 12:17:00+00:00,1894.53,1894.72,1893.15,1893.41,3346.912828819352314759
2026-08-11 12:18:00+00:00,1893.41,1893.41,1892.64,1892.64,21.876386153142392832
2026-08-11 12:19:00+00:00,1892.64,1892.65,1892.61,1892.65,3.086003367225769548
2026-08-11 12:20:00+00:00,1892.65,1893.36,1891.64,1892,4630.806734468456301103
2026-08-11 12:21:00+00:00,1892,1892.53,1891.99,1892.51,161.48618347164606596
2026-08-11 12:22:00+00:00,1892.51,1892.85,1891.16,1891.41,2209.387243039259574455
2026-08-11 12:23:00+00:00,1891.41,1891.98,1890.02,1890.02,2146.432151707278481629
2026-08-11 12:24:00+00:00,1890.02,1890.5,1889.88,1890.12,55.604437312263649012
2026-08-11 12:25:00+00:00,1890.12,1890.12,1888.64,1889.4,2087.146146476481446615
2026-08-11 12:26:00+00:00,1889.4,1889.4,1888.63,1888.98,87.153115713013708349
2026-08-11 12:27:00+00:00,1888.98,1889.01,1888.98,1888.98,1.752758461266455968
2026-08-11 12:28:00+00:00,1888.98,1889.02,1888.56,1889.02,136.765258248517290332
2026-08-11 12:29:00+00:00,1889.02,1889.53,1889,1889,1063.02961
2026-08-11 12:30:00+00:00,1889,1889.61,1887.8,1888.68,7254.456073886751062699
2026-08-11 12:31:00+00:00,1888.68,1889.43,1888.47,1889.33,1072.525231212817277855
2026-08-11 12:32:00+00:00,1889.33,1889.85,1888.98,1889.84,68.800165788305792417
2026-08-11 12:33:00+00:00,1889.84,1890.02,1889.83,1889.98,1.357095897558007249
2026-08-11 12:34:00+00:00,1889.98,1890.53,1889.98,1890.53,2094.121165897558007249
2026-08-11 12:35:00+00:00,1890.53,1891.75,1890.53,1891.75,4359.163399555216034855
2026-08-11 12:36:00+00:00,1891.75,1891.75,1888.81,1890.37,37245.81441
2026-08-11 12:37:00+00:00,1890.37,1891.32,1889.98,1890.68,182.476827232995842193
2026-08-11 12:38:00+00:00,1890.68,1891.12,1890.67,1890.98,6.674031603517413792
2026-08-11 12:39:00+00:00,1890.98,1891.03,1890.98,1891.02,0.85464
2026-08-11 12:40:00+00:00,1891.02,1891.02,1889.65,1889.72,40.620696825010256334
2026-08-11 12:41:00+00:00,1889.72,1890.01,1889.68,1889.99,1.709092547873417707
2026-08-11 12:42:00+00:00,1889.99,1891.36,1888.01,1888.47,753.213917672340271094
2026-08-11 12:43:00+00:00,1888.47,1889.02,1887.64,1889.02,140.134163359227240318
2026-08-11 12:44:00+00:00,1889.02,1889.02,1887.45,1888.04,2042.340318411230866197
2026-08-11 12:45:00+00:00,1888.04,1888.85,1887.98,1888.57,149.744098657094533644
2026-08-11 12:46:00+00:00,1888.57,1888.66,1887.8,1888.02,1.896160843221542817
2026-08-11 12:47:00+00:00,1888.02,1888.84,1887.98,1888.8,354.012599984406949996
2026-08-11 12:48:00+00:00,1888.8,1889.02,1887.99,1888.02,181.692295812452898764
2026-08-11 12:49:00+00:00,1888.02,1888.02,1886.8,1887.02,42.493125852506954686
2026-08-11 12:50:00+00:00,1887.02,1887.93,1886.96,1887.38,165.088191086298161403
2026-08-11 12:51:00+00:00,1887.38,1887.38,1886.99,1887.02,1.504698886015829839
2026-08-11 12:52:00+00:00,1887.02,1887.04,1887.02,1887.02,1.357473378019142345
2026-08-11 12:53:00+00:00,1887.02,1887.04,1887.02,1887.04,0.490065827043670709
2026-08-11 12:54:00+00:00,1887.04,1887.04,1886.54,1886.55,2153.54665
2026-08-11 12:55:00+00:00,1886.55,1886.99,1885.64,1886.98,205.125712487912676474
2026-08-11 12:56:00+00:00,1886.98,1887.02,1886.94,1887.02,1.89797459855765902
2026-08-11 12:57:00+00:00,1887.02,1887.02,1886.99,1886.99,0.699807103571506384
2026-08-11 12:58:00+00:00,1886.99,1887.04,1886.99,1887.02,1.060078736102426046
2026-08-11 12:59:00+00:00,1887.02,1887.02,1887.01,1887.01,0.10178
2026-08-11 13:00:00+00:00,1887.01,1887.48,1886.47,1887.46,328.699798028949947851
2026-08-11 13:01:00+00:00,1887.46,1888.33,1887.02,1887.48,275.331294527032781171
2026-08-11 13:02:00+00:00,1887.48,1887.98,1887.47,1887.49,322.329756282738338921
2026-08-11 13:03:00+00:00,1887.49,1887.98,1886.24,1886.24,2266.12486
2026-08-11 13:04:00+00:00,1886.24,1886.98,1886.24,1886.98,1513.217709116420536135
2026-08-11 13:05:00+00:00,1886.98,1887.04,1886.47,1887.04,95.224892655777505988
2026-08-11 13:06:00+00:00,1887.04,1888.36,1885.64,1887.53,3298.573622814872300421
2026-08-11 13:07:00+00:00,1887.53,1888.82,1887.53,1888.81,2283.195689471051132102
2026-08-11 13:08:00+00:00,1888.81,1891.36,1888.67,1891.36,7274.431874825960209586
2026-08-11 13:09:00+00:00,1891.36,1891.36,1889.98,1890.84,44.439790193066531255
2026-08-11 13:10:00+00:00,1890.84,1891.36,1890.71,1891.02,5.093774365126609791
2026-08-11 13:11:00+00:00,1891.02,1891.02,1889.79,1889.98,85.965297598088418524
2026-08-11 13:12:00+00:00,1889.98,1890.02,1889.01,1889.01,70.021529372580325624
2026-08-11 13:13:00+00:00,1889.01,1889.02,1888.9,1889.02,3.161896254802408126
2026-08-11 13:14:00+00:00,1889.02,1889.02,1888.98,1889.02,2.353662851775536071
2026-08-11 13:15:00+00:00,1889.02,1889.02,1887.64,1887.99,2063.527513802076070808
2026-08-11 13:16:00+00:00,1887.99,1888.89,1887.99,1887.99,1550.008772478304843381
2026-08-11 13:17:00+00:00,1887.99,1888.09,1887.46,1887.48,5790.345453342029880626
2026-08-11 13:18:00+00:00,1887.48,1887.98,1886.15,1886.15,184.695975351835961303
2026-08-11 13:19:00+00:00,1886.15,1886.56,1885.64,1886.56,164.77101135241292997
2026-08-11 13:20:00+00:00,1886.56,1886.56,1885.93,1886.43,282.347413470491134496
2026-08-11 13:21:00+00:00,1886.43,1887.06,1885.99,1887.02,220.618126097560975609
2026-08-11 13:22:00+00:00,1887.02,1887.02,1886.96,1886.99,5.729180030404278194
2026-08-11 13:23:00+00:00,1886.99,1887.02,1885.97,1885.97,37.241651070719661438
2026-08-11 13:24:00+00:00,1885.97,1886.02,1885.97,1886.02,2.304001189225628722
2026-08-11 13:25:00+00:00,1886.02,1886.02,1885,1885.01,2140.437795431661802138
2026-08-11 13:26:00+00:00,1885.01,1885.07,1883.98,1885.07,27.747004663517197917
2026-08-11 13:27:00+00:00,1885.07,1885.53,1885.01,1885.4,3352.418645291932398847
2026-08-11 13:28:00+00:00,1885.4,1886.04,1885.4,1886.01,38.851599767955176645
2026-08-11 13:29:00+00:00,1886.01,1886.02,1885.99,1886.02,0.168612707897038941
2026-08-11 13:30:00+00:00,1886.02,1887.54,1885.99,1886.68,58476.006383878544343021
2026-08-11 13:31:00+00:00,1886.68,1887.36,1884.07,1884.07,5729.07931004667374559
2026-08-11 13:32:00+00:00,1884.07,1886.38,1884.07,1885.99,17.732396936575655644
2026-08-11 13:33:00+00:00,1885.99,1888.36,1885.53,1885.53,4107.861608708076918843
2026-08-11 13:34:00+00:00,1885.53,1886.21,1883.64,1885.37,40961.908253929111943034
2026-08-11 13:35:00+00:00,1885.37,1885.59,1882.64,1884,50.430044387461926012
2026-08-11 13:36:00+00:00,1884,1884,1882.98,1883.15,160.633686498505134799
2026-08-11 13:37:00+00:00,1883.15,1887.35,1883.15,1886.62,27461.19473
2026-08-11 13:38:00+00:00,1886.62,1887.36,1884.64,1886.19,4265.668977398022413464
2026-08-11 13:39:00+00:00,1886.19,1887.49,1885.56,1887.49,8264.571
2026-08-11 13:40:00+00:00,1887.49,1891.36,1887.49,1890.2,2719.415552366109117505
2026-08-11 13:41:00+00:00,1890.2,1891.36,1887.62,1890.36,1772.964217260165788635
2026-08-11 13:42:00+00:00,1890.36,1891.43,1888.64,1890.65,3923.058306747288402356
2026-08-11 13:43:00+00:00,1890.65,1890.65,1888.64,1890.33,28.632481571788199952
2026-08-11 13:44:00+00:00,1890.33,1890.5,1889.5,1889.51,2059.90693
2026-08-11 13:45:00+00:00,1889.51,1890.53,1887.57,1887.57,8610.500620669685843376
2026-08-11 13:46:00+00:00,1887.57,1889.53,1887.04,1889.53,38110.95158
2026-08-11 13:47:00+00:00,1889.53,1890.8,1889.35,1889.35,6118.987482662235956483
2026-08-11 13:48:00+00:00,1889.35,1889.99,1889.02,1889.67,112.75896
2026-08-11 13:49:00+00:00,1889.67,1890.37,1889.3,1890.37,6054.82033
2026-08-11 13:50:00+00:00,1890.37,1890.94,1888.98,1888.98,177.39184702939495905
2026-08-11 13:51:00+00:00,1888.98,1889.06,1886.64,1887.06,4000.689312662235956483
2026-08-11 13:52:00+00:00,1887.06,1888.02,1887.01,1888.02,223.73488
2026-08-11 13:53:00+00:00,1888.02,1889.02,1887.96,1889.01,6309.02731
2026-08-11 13:54:00+00:00,1889.01,1889.01,1887.47,1887.57,1166.576000502813423899
2026-08-11 13:55:00+00:00,1887.57,1888.36,1886.65,1887.33,274.231553049550032432
2026-08-11 13:56:00+00:00,1887.33,1889.31,1886.99,1888.74,4187.292759960217252207
2026-08-11 13:57:00+00:00,1888.74,1890.36,1888.74,1889.74,962.60710005291005291
2026-08-11 13:58:00+00:00,1889.74,1890.02,1888.25,1888.4,69.15109
2026-08-11 13:59:00+00:00,1888.4,1890.12,1888.02,1889.33,3229.00315
2026-08-11 14:00:00+00:00,1889.33,1889.33,1887.63,1889.33,4153.955709376113330541
2026-08-11 14:01:00+00:00,1889.33,1889.83,1888,1889.82,89.12339
2026-08-11 14:02:00+00:00,1889.82,1889.82,1886.8,1887.67,2253.590033694379926495
2026-08-11 14:03:00+00:00,1887.67,1888.71,1887.02,1888.7,2130.490194617980683136
2026-08-11 14:04:00+00:00,1888.7,1888.71,1887.98,1888.47,139.009628666135586998
2026-08-11 14:05:00+00:00,1888.47,1888.88,1888.02,1888.53,887.21846
2026-08-11 14:06:00+00:00,1888.53,1889.01,1887.99,1888.4,82.75052
2026-08-11 14:07:00+00:00,1888.4,1888.53,1885.57,1886.53,4234.687342549571440382
2026-08-11 14:08:00+00:00,1886.53,1888.36,1885.44,1888.36,1205.752437209093660884
2026-08-11 14:09:00+00:00,1888.36,1888.52,1887.01,1887.5,81.17414
2026-08-11 14:10:00+00:00,1887.5,1888.01,1886.88,1887.99,671.304449103409871695
2026-08-11 14:11:00+00:00,1887.99,1889.35,1887.48,1887.48,4135.764
2026-08-11 14:12:00+00:00,1887.48,1888.98,1886.64,1888.51,2117.471863000983606011
2026-08-11 14:13:00+00:00,1888.51,1888.98,1887.93,1888.42,294.39103
2026-08-11 14:14:00+00:00,1888.42,1889.01,1887.98,1888.58,275.573273666826487667
2026-08-11 14:15:00+00:00,1888.58,1890.2,1888.41,1890.2,2727.387251073368558147
2026-08-11 14:16:00+00:00,1890.2,1890.85,1889.7,1890.01,406.165609116420536135
2026-08-11 14:17:00+00:00,1890.01,1890.01,1888.41,1888.41,238.83403
2026-08-11 14:18:00+00:00,1888.41,1888.49,1886.7,1888.49,9207.707378991802386109
2026-08-11 14:19:00+00:00,1888.49,1888.49,1887.15,1887.15,97.332296569244866287
2026-08-11 14:20:00+00:00,1887.15,1887.98,1886.46,1887.02,296.051412422111404935
2026-08-11 14:21:00+00:00,1887.02,1887.02,1885.97,1885.98,2019.39154998833633761
2026-08-11 14:22:00+00:00,1885.98,1885.98,1881.83,1881.83,54201.371757021727478674
2026-08-11 14:23:00+00:00,1881.83,1884.35,1881.83,1881.84,47473.02652663556356696
2026-08-11 14:24:00+00:00,1881.84,1883.31,1876.64,1876.64,8616.290519387901992371
2026-08-11 14:25:00+00:00,1876.64,1878.5,1874.64,1878.5,4073.573216109723779532
2026-08-11 14:26:00+00:00,1878.5,1880.02,1878.31,1880.02,2007.170989723083912488
2026-08-11 14:27:00+00:00,1880.02,1880.37,1878.59,1879.14,33278.120765711140302825
2026-08-11 14:28:00+00:00,1879.14,1880.84,1877.63,1880.84,12359.452528705187860072
2026-08-11 14:29:00+00:00,1880.84,1880.84,1879.53,1879.98,2040.14432
2026-08-11 14:30:00+00:00,1879.98,1880.01,1877.79,1877.79,3580.69682
2026-08-11 14:31:00+00:00,1877.79,1878.85,1876.64,1878.85,109.811490353512753308
2026-08-11 14:32:00+00:00,1878.85,1879.02,1877.07,1879.02,4786.63678
2026-08-11 14:33:00+00:00,1879.02,1879.02,1877.95,1878.98,113.27065
2026-08-11 14:34:00+00:00,1878.98,1878.99,1878.01,1878.53,188.479380728480345719
2026-08-11 14:35:00+00:00,1878.53,1880.33,1878.53,1880.04,1220.165770728480345719
2026-08-11 14:36:00+00:00,1880.04,1880.6,1878.67,1878.67,190.899802555199761994
2026-08-11 14:37:00+00:00,1878.67,1878.79,1876.65,1876.65,3443.809604255319148937
2026-08-11 14:38:00+00:00,1876.65,1876.75,1874.47,1875.45,22866.5978
2026-08-11 14:39:00+00:00,1875.45,1876.02,1875.07,1875.2,87.56379
2026-08-11 14:40:00+00:00,1875.2,1876.04,1873.43,1875.02,2433.323876990171040734
2026-08-11 14:41:00+00:00,1875.02,1875.95,1874.52,1875.54,9158.404504853521418367
2026-08-11 14:42:00+00:00,1875.54,1876.35,1874.89,1876.2,36.52357
2026-08-11 14:43:00+00:00,1876.2,1877.02,1875.99,1875.99,76.99882
2026-08-11 14:44:00+00:00,1875.99,1876.47,1875.8,1876.45,222.771855430514093366
2026-08-11 14:45:00+00:00,1876.45,1877.07,1876.45,1877.02,1.055196067288581415
2026-08-11 14:46:00+00:00,1877.02,1878.02,1877.02,1877.02,2193.576812671946822053
2026-08-11 14:47:00+00:00,1877.02,1877.59,1876.5,1877.42,3149.04321
2026-08-11 14:48:00+00:00,1877.42,1877.52,1876.84,1876.97,0.80623
2026-08-11 14:49:00+00:00,1876.97,1876.97,1875.65,1876.51,0.64254
2026-08-11 14:50:00+00:00,1876.51,1876.51,1871.64,1873.36,6115.764832920299030371
2026-08-11 14:51:00+00:00,1873.36,1874.35,1872.03,1872.99,83.486036786943506171
2026-08-11 14:52:00+00:00,1872.99,1874.36,1870.64,1873.93,4443.055684596209313121
2026-08-11 14:53:00+00:00,1873.93,1873.95,1872.02,1873.02,90.032139531826308665
2026-08-11 14:54:00+00:00,1873.02,1873.02,1872.42,1872.47,158.36042
2026-08-11 14:55:00+00:00,1872.47,1872.99,1872,1872,235.83902
2026-08-11 14:56:00+00:00,1872,1873.4,1872,1872.47,2167.41068
2026-08-11 14:57:00+00:00,1872.47,1872.47,1869.64,1870.02,10149.886019154991893829
2026-08-11 14:58:00+00:00,1870.02,1871.27,1868.64,1870.99,49.994098014405495933
2026-08-11 14:59:00+00:00,1870.99,1873.36,1870.99,1873.02,1433.881379902548366298
2026-08-11 15:00:00+00:00,1873.02,1873.85,1871.65,1873.32,15265.429339005461847368
2026-08-11 15:01:00+00:00,1873.32,1873.85,1872.82,1873.02,70.58147
2026-08-11 15:02:00+00:00,1873.02,1874.6,1872.67,1874.6,8528.724387277173944322
2026-08-11 15:03:00+00:00,1874.6,1875,1874.02,1874.99,193.81025
2026-08-11 15:04:00+00:00,1874.99,1875,1874.01,1874.5,185.536067585427122277
2026-08-11 15:05:00+00:00,1874.5,1875,1874.02,1874.99,80.60416
2026-08-11 15:06:00+00:00,1874.99,1875,1873.98,1873.98,610.81822
2026-08-11 15:07:00+00:00,1873.98,1876.68,1873.98,1876.03,5061.609809743787763372
2026-08-11 15:08:00+00:00,1876.03,1876.75,1875.63,1876.14,4113.345065604033104712
2026-08-11 15:09:00+00:00,1876.14,1876.14,1875.47,1875.86,22.06137
2026-08-11 15:10:00+00:00,1875.86,1875.98,1875.15,1875.15,39.59573
2026-08-11 15:11:00+00:00,1875.15,1875.15,1872.63,1872.71,4077.81587
2026-08-11 15:12:00+00:00,1872.71,1873.99,1872.12,1873,17119.207536087617378668
2026-08-11 15:13:00+00:00,1873,1873.84,1872.59,1872.59,2247.01756
2026-08-11 15:14:00+00:00,1872.59,1873.37,1871.99,1873,109.270466757221513139
2026-08-11 15:15:00+00:00,1873,1873,1871.15,1871.22,2115.129933470146060241
2026-08-11 15:16:00+00:00,1871.22,1871.44,1869.21,1869.21,1043.684166064340045118
2026-08-11 15:17:00+00:00,1869.21,1870.53,1868.64,1869.08,3660.654678570510301456
2026-08-11 15:18:00+00:00,1869.08,1870.19,1868.65,1868.65,114.327594517586744536
2026-08-11 15:19:00+00:00,1868.65,1872.53,1868.65,1872.53,1385.76198
2026-08-11 15:20:00+00:00,1872.53,1872.53,1871.33,1872.48,153.3699432944544587
2026-08-11 15:21:00+00:00,1872.48,1875.53,1872,1875.53,59251.29232
2026-08-11 15:22:00+00:00,1875.53,1876.15,1875,1875,133.25996
2026-08-11 15:23:00+00:00,1875,1875.99,1873.65,1873.82,37.563043333333333333
2026-08-11 15:24:00+00:00,1873.82,1873.99,1873.52,1873.98,64.36348
2026-08-11 15:25:00+00:00,1873.98,1875.32,1873.98,1874.96,1551.511007658348452972
2026-08-11 15:26:00+00:00,1874.96,1876.02,1874.61,1875.67,1901.46781
2026-08-11 15:27:00+00:00,1875.67,1876.83,1875.01,1876.19,2173.913592820054908441
2026-08-11 15:28:00+00:00,1876.19,1876.61,1875.48,1876.01,7716.167478517740740543
2026-08-11 15:29:00+00:00,1876.01,1876.99,1875.98,1876.47,113.54884
2026-08-11 15:30:00+00:00,1876.47,1877,1875.15,1875.15,3243.68875
2026-08-11 15:31:00+00:00,1875.15,1875.15,1874.89,1875.01,1.273664938426338273
2026-08-11 15:32:00+00:00,1875.01,1875.02,1874.63,1874.99,2046.25611
2026-08-11 15:33:00+00:00,1874.99,1874.99,1873.51,1873.51,2099.57464
2026-08-11 15:34:00+00:00,1873.51,1873.96,1870.63,1870.63,8676.572100172468959362
2026-08-11 15:35:00+00:00,1870.63,1871.36,1869.64,1871.36,1.209197557463680373
2026-08-11 15:36:00+00:00,1871.36,1871.36,1864.64,1866.07,11962.45120943608395921
2026-08-11 15:37:00+00:00,1866.07,1866.07,1857.64,1859.77,19977.305673431151137129
2026-08-11 15:38:00+00:00,1859.77,1860.02,1856.64,1860.02,15326.921064282544854535
2026-08-11 15:39:00+00:00,1860.02,1860.02,1858.19,1858.53,2122.2206
2026-08-11 15:40:00+00:00,1858.53,1860.36,1858.53,1860.36,45039.555787153476263729
2026-08-11 15:41:00+00:00,1860.36,1860.36,1855.51,1855.85,226.996479893351015866
2026-08-11 15:42:00+00:00,1855.85,1857.36,1852.64,1857.36,10214.375647631996883876
2026-08-11 15:43:00+00:00,1857.36,1858.23,1856.56,1858.02,4162.502405077781065045
2026-08-11 15:44:00+00:00,1858.02,1858.53,1857.98,1858.52,4.46865900978561417
2026-08-11 15:45:00+00:00,1858.52,1859.02,1857.47,1857.47,2078.956953080677929227
2026-08-11 15:46:00+00:00,1857.47,1860.36,1857.37,1860.36,3069.13826833434519541
2026-08-11 15:47:00+00:00,1860.36,1861.36,1858.64,1858.66,231.360627606301512191
2026-08-11 15:48:00+00:00,1858.66,1859.16,1857.28,1857.28,5.86661
2026-08-11 15:49:00+00:00,1857.28,1858.36,1856.11,1857.53,15617.458641778084079944
2026-08-11 15:50:00+00:00,1857.53,1859.39,1856.99,1859.39,3163.53031
2026-08-11 15:51:00+00:00,1859.39,1859.4,1857,1857,57.464724977876820721
2026-08-11 15:52:00+00:00,1857,1857.98,1856.64,1857.01,95.965760295824627477
2026-08-11 15:53:00+00:00,1857.01,1857.51,1856.01,1856.15,2125.494812619837202292
2026-08-11 15:54:00+00:00,1856.15,1856.99,1855.63,1855.81,138.04062
2026-08-11 15:55:00+00:00,1855.81,1857.92,1855.81,1857.92,2086.87445
2026-08-11 15:56:00+00:00,1857.92,1858.85,1857.92,1858.85,2105.346948278132868487
2026-08-11 15:57:00+00:00,1858.85,1859.33,1858.83,1859.33,31.442171721867131513
2026-08-11 15:58:00+00:00,1859.33,1863,1859.02,1863,217.333726273992516219
2026-08-11 15:59:00+00:00,1863,1863.02,1862.01,1862.01,77.60708
2026-08-11 16:00:00+00:00,1862.01,1862.01,1860.47,1860.49,4236.032
2026-08-11 16:01:00+00:00,1860.49,1862.35,1860.49,1861.98,20.526170243327878729
2026-08-11 16:02:00+00:00,1861.98,1863.12,1861.47,1863.12,2206.12943
2026-08-11 16:03:00+00:00,1863.12,1863.61,1862.96,1863.51,884.637769187474570632
2026-08-11 16:04:00+00:00,1863.51,1864.31,1862.89,1862.9,1505.325202820054908441
2026-08-11 16:05:00+00:00,1862.9,1863.48,1862.2,1863.01,2266.76578
2026-08-11 16:06:00+00:00,1863.01,1863.12,1861.63,1861.63,2223.73436274986981054
2026-08-11 16:07:00+00:00,1861.63,1862,1859,1859,6701.03233
2026-08-11 16:08:00+00:00,1859,1861.36,1858.64,1861.17,3008.842121042717400925
2026-08-11 16:09:00+00:00,1861.17,1864.48,1861.12,1864.48,2329.452179947861224978
2026-08-11 16:10:00+00:00,1864.48,1865.18,1863.02,1865.18,3556.6653
2026-08-11 16:11:00+00:00,1865.18,1865.27,1863,1863.47,4097.813613614995760574
2026-08-11 16:12:00+00:00,1863.47,1864,1862.91,1862.98,48.47233
2026-08-11 16:13:00+00:00,1862.98,1863.02,1862.4,1862.41,2118.81794
2026-08-11 16:14:00+00:00,1862.41,1863.74,1862.01,1863.74,2117.11937
2026-08-11 16:15:00+00:00,1863.74,1864.19,1862.54,1862.98,2222.26094
2026-08-11 16:16:00+00:00,1862.98,1863.5,1862.27,1863.04,3201.64263
2026-08-11 16:17:00+00:00,1863.04,1863.53,1862.2,1863.53,2132.99279
2026-08-11 16:18:00+00:00,1863.53,1865.85,1863.53,1865.53,5086.02223
2026-08-11 16:19:00+00:00,1865.53,1866.25,1865.15,1865.53,85.19038
2026-08-11 16:20:00+00:00,1865.53,1866.02,1864.98,1864.98,37.777259560227936417
2026-08-11 16:21:00+00:00,1864.98,1866,1864.98,1865.99,70.01714
2026-08-11 16:22:00+00:00,1865.99,1866.01,1865.02,1865.56,230.42062
2026-08-11 16:23:00+00:00,1865.56,1865.98,1864.65,1864.96,395.46911
2026-08-11 16:24:00+00:00,1864.96,1865.99,1864.96,1865.67,281.20562
2026-08-11 16:25:00+00:00,1865.67,1865.98,1864.98,1865.04,147.207398771443718835
2026-08-11 16:26:00+00:00,1865.04,1865.04,1863.99,1864.01,2011.830990126541537702
2026-08-11 16:27:00+00:00,1864.01,1865.36,1863.98,1864.5,129.469849352596985275
2026-08-11 16:28:00+00:00,1864.5,1864.5,1863.15,1863.15,3419.84432
2026-08-11 16:29:00+00:00,1863.15,1863.15,1862.98,1862.98,0.53114
2026-08-11 16:30:00+00:00,1862.98,1863.85,1862.47,1863.85,27900.39426883653505428
2026-08-11 16:31:00+00:00,1863.85,1864.86,1863.53,1863.53,4015.24834
2026-08-11 16:32:00+00:00,1863.53,1863.55,1862.4,1862.4,2116.342228558265902781
2026-08-11 16:33:00+00:00,1862.4,1862.99,1862.4,1862.99,2086.87825
2026-08-11 16:34:00+00:00,1862.99,1862.99,1861.64,1862.52,393.042100359269221064
2026-08-11 16:35:00+00:00,1862.52,1862.98,1862,1862,171.36432
2026-08-11 16:36:00+00:00,1862,1863.07,1861.63,1862.67,2107.784189470882461797
2026-08-11 16:37:00+00:00,1862.67,1864.5,1862.67,1864.5,649.069
2026-08-11 16:38:00+00:00,1864.5,1865.33,1864.18,1864.48,167.062908656571524663
2026-08-11 16:39:00+00:00,1864.48,1864.99,1863.42,1863.67,2203.621031275167785234
2026-08-11 16:40:00+00:00,1863.67,1863.98,1863.2,1863.48,431.07328
2026-08-11 16:41:00+00:00,1863.48,1864.4,1863.48,1863.98,2098.908894766789343233
2026-08-11 16:42:00+00:00,1863.98,1863.99,1863.98,1863.99,0.10747
2026-08-11 16:43:00+00:00,1863.99,1863.99,1863.43,1863.47,271.54018
2026-08-11 16:44:00+00:00,1863.47,1863.47,1862.59,1862.98,2032.5021
2026-08-11 16:45:00+00:00,1862.98,1863.64,1862.25,1862.25,2892.206733518980817858
2026-08-11 16:46:00+00:00,1862.25,1863.01,1862.1,1862.12,4892.080155671584101011
2026-08-11 16:47:00+00:00,1862.12,1863.02,1861.99,1863.01,149.840385156144324805
2026-08-11 16:48:00+00:00,1863.01,1864.01,1863,1863.99,1091.41533
2026-08-11 16:49:00+00:00,1863.99,1864.48,1863.94,1864.45,626.52737
2026-08-11 16:50:00+00:00,1864.45,1864.85,1863.97,1864.33,156.68047
2026-08-11 16:51:00+00:00,1864.33,1864.8,1864.02,1864.33,446.85872
2026-08-11 16:52:00+00:00,1864.33,1864.51,1862.66,1862.66,2352.70706
2026-08-11 16:53:00+00:00,1862.66,1864,1862.66,1863.96,197.57542
2026-08-11 16:54:00+00:00,1863.96,1864.02,1863.96,1864,1.208743165792649713
2026-08-11 16:55:00+00:00,1864,1864.02,1863.98,1863.99,1.777688620469855327
2026-08-11 16:56:00+00:00,1863.99,1864.08,1863.99,1864.01,0.5982
2026-08-11 16:57:00+00:00,1864.01,1864.02,1863.99,1863.99,0.56101
2026-08-11 16:58:00+00:00,1863.99,1864.49,1863.99,1864.23,95.78211
2026-08-11 16:59:00+00:00,1864.23,1864.23,1863.98,1863.98,0.67389
2026-08-11 17:00:00+00:00,1863.98,1865.63,1863.98,1865.62,2371.4764
2026-08-11 17:01:00+00:00,1865.62,1865.62,1864.39,1864.4,2254.74314
2026-08-11 17:02:00+00:00,1864.4,1864.98,1863.86,1863.86,63.15531
2026-08-11 17:03:00+00:00,1863.86,1864.22,1863.81,1864.01,2.97168
2026-08-11 17:04:00+00:00,1864.01,1864.01,1862.74,1862.89,2052.64588
2026-08-11 17:05:00+00:00,1862.89,1863.04,1862.37,1862.57,157.136330847129649537
2026-08-11 17:06:00+00:00,1862.57,1863.03,1861.64,1862.99,104.024885127782772813
2026-08-11 17:07:00+00:00,1862.99,1863.37,1862.98,1863.01,32.42685
2026-08-11 17:08:00+00:00,1863.01,1863.04,1862.47,1862.47,293.195619948309456202
2026-08-11 17:09:00+00:00,1862.47,1862.47,1862.02,1862.42,146.19933
2026-08-11 17:10:00+00:00,1862.42,1862.51,1861.98,1862.42,244.40672
2026-08-11 17:11:00+00:00,1862.42,1863.53,1862.02,1863.52,1132.09539
2026-08-11 17:12:00+00:00,1863.52,1864.84,1863.52,1864.84,126.67864664166931355
2026-08-11 17:13:00+00:00,1864.84,1864.85,1863.58,1863.58,4026.78651
2026-08-11 17:14:00+00:00,1863.58,1864.42,1863.01,1863.02,135.806197849554857855
2026-08-11 17:15:00+00:00,1863.02,1863.53,1863.02,1863.12,120.86271
2026-08-11 17:16:00+00:00,1863.12,1863.12,1862.5,1862.5,2148.97114
2026-08-11 17:17:00+00:00,1862.5,1863.85,1862.49,1863.69,12151.0551
2026-08-11 17:18:00+00:00,1863.69,1863.83,1862.98,1863.01,20.61124
2026-08-11 17:19:00+00:00,1863.01,1864.02,1863.01,1863.67,88.63365
2026-08-11 17:20:00+00:00,1863.67,1863.67,1862.77,1862.99,0.47358
2026-08-11 17:21:00+00:00,1862.99,1863.64,1862.01,1863.64,1131.6272
2026-08-11 17:22:00+00:00,1863.64,1863.64,1863.02,1863.53,811.86741
2026-08-11 17:23:00+00:00,1863.53,1864.69,1863.02,1864.69,3725.1617
2026-08-11 17:24:00+00:00,1864.69,1865.28,1864.19,1864.99,1137.52825
2026-08-11 17:25:00+00:00,1864.99,1866.87,1864.99,1866.29,7959.075210995729907258
2026-08-11 17:26:00+00:00,1866.29,1866.29,1864.98,1865.8,127.46239
2026-08-11 17:27:00+00:00,1865.8,1865.8,1864.01,1864.02,605.87065
2026-08-11 17:28:00+00:00,1864.02,1864.02,1863.63,1864.01,2064.4227
2026-08-11 17:29:00+00:00,1864.01,1864.99,1863.98,1864.98,33.47901
2026-08-11 17:30:00+00:00,1864.98,1865.53,1864,1864.01,2042.35757
2026-08-11 17:31:00+00:00,1864.01,1864.84,1863.63,1863.63,1050.34364
2026-08-11 17:32:00+00:00,1863.63,1864,1863.63,1863.63,1070.47327
2026-08-11 17:33:00+00:00,1863.63,1864.84,1863.6,1864.67,130.70978
2026-08-11 17:34:00+00:00,1864.67,1864.67,1863.1,1863.1,2124.33181
2026-08-11 17:35:00+00:00,1863.1,1864.04,1863.1,1863.98,36.94039
2026-08-11 17:36:00+00:00,1863.98,1863.99,1863.01,1863.01,383.05635
2026-08-11 17:37:00+00:00,1863.01,1863.01,1862.63,1862.63,2066.64945
2026-08-11 17:38:00+00:00,1862.63,1863.02,1862.01,1862.02,169.450568835212023617
2026-08-11 17:39:00+00:00,1862.02,1862.98,1862.02,1862.67,428.47138
2026-08-11 17:40:00+00:00,1862.67,1863.02,1862.15,1862.46,217.08987
2026-08-11 17:41:00+00:00,1862.46,1863.53,1862.46,1863.53,2165.95916
2026-08-11 17:42:00+00:00,1863.53,1864.04,1863.53,1864,0.38613
2026-08-11 17:43:00+00:00,1864,1864.02,1863.98,1864.02,0.737931620821353473
2026-08-11 17:44:00+00:00,1864.02,1864.02,1863.99,1864,0.35082
2026-08-11 17:45:00+00:00,1864,1864.02,1863.15,1864.02,119.61409
2026-08-11 17:46:00+00:00,1864.02,1864.51,1864,1864.51,30185.723164938426338273
2026-08-11 17:47:00+00:00,1864.51,1864.51,1863.41,1863.51,131.76745
2026-08-11 17:48:00+00:00,1863.51,1863.98,1863.4,1863.47,107.76464
2026-08-11 17:49:00+00:00,1863.47,1863.47,1862.28,1862.28,3523.08269
2026-08-11 17:50:00+00:00,1862.28,1864.35,1862.28,1864.32,0.84632
2026-08-11 17:51:00+00:00,1864.32,1864.32,1864.32,1864.32,0
2026-08-11 17:52:00+00:00,1864.32,1864.32,1862.99,1862.99,188.90271
2026-08-11 17:53:00+00:00,1862.99,1863.65,1862.98,1863.64,118.79096
2026-08-11 17:54:00+00:00,1863.64,1865.02,1863.64,1865.02,2035.93112
2026-08-11 17:55:00+00:00,1865.02,1866.04,1864.99,1866.02,66.574467106499965166
2026-08-11 17:56:00+00:00,1866.02,1866.02,1865.02,1865.04,102.03021
2026-08-11 17:57:00+00:00,1865.04,1865.04,1864.47,1864.47,36.528261620821353473
2026-08-11 17:58:00+00:00,1864.47,1864.98,1864.11,1864.11,4074.00495
2026-08-11 17:59:00+00:00,1864.11,1864.25,1863.93,1864.05,1.31015
2026-08-11 18:00:00+00:00,1864.05,1864.53,1863.6,1863.99,82.360970435652486416
2026-08-11 18:01:00+00:00,1863.99,1864.04,1863.67,1864.02,33.128410225792073071
2026-08-11 18:02:00+00:00,1864.02,1864.66,1863.98,1864.33,78.40999
2026-08-11 18:03:00+00:00,1864.33,1864.33,1863.98,1864,0.86776
2026-08-11 18:04:00+00:00,1864,1864.43,1863.41,1863.47,215.15194
2026-08-11 18:05:00+00:00,1863.47,1864,1863.01,1863.98,100.1559
2026-08-11 18:06:00+00:00,1863.98,1864,1862.99,1863.01,32.88873
2026-08-11 18:07:00+00:00,1863.01,1863.53,1862.96,1862.98,127.70515
2026-08-11 18:08:00+00:00,1862.98,1863.01,1862.4,1862.51,2179.89556
2026-08-11 18:09:00+00:00,1862.51,1864.01,1862.26,1864.01,182.18905
2026-08-11 18:10:00+00:00,1864.01,1864.37,1863.98,1864.02,2032.43461
2026-08-11 18:11:00+00:00,1864.02,1864.02,1864.01,1864.01,0.58915
2026-08-11 18:12:00+00:00,1864.01,1864.01,1863.16,1863.16,220.054350883266438723
2026-08-11 18:13:00+00:00,1863.16,1864.02,1862.65,1863.98,99.93576
2026-08-11 18:14:00+00:00,1863.98,1864.02,1863.02,1863.32,99.6364
2026-08-11 18:15:00+00:00,1863.32,1863.84,1862.98,1862.98,64.16237
2026-08-11 18:16:00+00:00,1862.98,1863.38,1862.98,1863.38,32.35731
2026-08-11 18:17:00+00:00,1863.38,1863.38,1863.02,1863.02,0.24861
2026-08-11 18:18:00+00:00,1863.02,1863.04,1863.01,1863.01,0.63575
2026-08-11 18:19:00+00:00,1863.01,1864.02,1863,1864,152.866549862221342143
2026-08-11 18:20:00+00:00,1864,1865,1864,1864.6,5289.71639
2026-08-11 18:21:00+00:00,1864.6,1864.81,1863.99,1864.81,65.08543
2026-08-11 18:22:00+00:00,1864.81,1865.02,1864.8,1864.98,0.83938
2026-08-11 18:23:00+00:00,1864.98,1865.02,1864.98,1865,1.931138637977488266
2026-08-11 18:24:00+00:00,1865,1865,1865,1865,0
2026-08-11 18:25:00+00:00,1865,1865,1863.98,1864.42,145.89832
2026-08-11 18:26:00+00:00,1864.42,1865.02,1863.99,1864.19,55.07739
2026-08-11 18:27:00+00:00,1864.19,1864.21,1862.58,1862.58,3059.29158
2026-08-11 18:28:00+00:00,1862.58,1863,1862.36,1862.51,87.774455833565095925
2026-08-11 18:29:00+00:00,1862.51,1862.98,1861.13,1861.13,347.08184
2026-08-11 18:30:00+00:00,1861.13,1862.01,1860.65,1861.99,1568.86298
2026-08-11 18:31:00+00:00,1861.99,1863.01,1861.98,1863.01,1146.42229
2026-08-11 18:32:00+00:00,1863.01,1863.45,1862.46,1863.18,1148.07873
2026-08-11 18:33:00+00:00,1863.18,1863.53,1859.64,1860.85,4620.508155630990695184
2026-08-11 18:34:00+00:00,1860.85,1863.85,1860.85,1863.85,3087.225955525137696915
2026-08-11 18:35:00+00:00,1863.85,1866.35,1863.83,1864.33,84119.09696
2026-08-11 18:36:00+00:00,1864.33,1865.53,1864.33,1865.53,4064.34582
2026-08-11 18:37:00+00:00,1865.53,1865.53,1864.57,1864.57,155.22743
2026-08-11 18:38:00+00:00,1864.57,1864.63,1862.65,1863,2797.19966
2026-08-11 18:39:00+00:00,1863,1863.02,1862.46,1862.98,2053.44017
2026-08-11 18:40:00+00:00,1862.98,1862.98,1860.98,1860.98,2881.786988702301803412
2026-08-11 18:41:00+00:00,1860.98,1861.5,1860.98,1861.01,709.813018531889290012
2026-08-11 18:42:00+00:00,1861.01,1861.01,1860.16,1861.01,33459.42674
2026-08-11 18:43:00+00:00,1861.01,1863.07,1861.01,1863.01,212.83653
2026-08-11 18:44:00+00:00,1863.01,1863.02,1862.98,1862.98,1.0129
2026-08-11 18:45:00+00:00,1862.98,1863,1862.97,1862.98,0.78965
2026-08-11 18:46:00+00:00,1862.98,1863.8,1862.97,1863.37,87.64019
2026-08-11 18:47:00+00:00,1863.37,1863.38,1862.59,1863.02,2066.42538
2026-08-11 18:48:00+00:00,1863.02,1863.85,1862.98,1863.85,39.79735
2026-08-11 18:49:00+00:00,1863.85,1864.35,1863.59,1863.99,0.28065
2026-08-11 18:50:00+00:00,1863.99,1864.35,1863.48,1864.35,141.54873
2026-08-11 18:51:00+00:00,1864.35,1865.31,1864,1864,37.400483004291845493
2026-08-11 18:52:00+00:00,1864,1864.64,1863.99,1864.02,641.30716
2026-08-11 18:53:00+00:00,1864.02,1864.02,1863.49,1864,2227.49663
2026-08-11 18:54:00+00:00,1864,1864.01,1863.98,1864,0.67567
2026-08-11 18:55:00+00:00,1864,1864.02,1862.65,1862.65,70.95305
2026-08-11 18:56:00+00:00,1862.65,1864.04,1862.65,1863.94,1.44432
2026-08-11 18:57:00+00:00,1863.94,1864.07,1863.94,1863.98,15.559237591917034939
2026-08-11 18:58:00+00:00,1863.98,1865.2,1863.98,1864.66,135.576686481019182142
2026-08-11 18:59:00+00:00,1864.66,1865.32,1864.66,1865.01,0.9143
2026-08-11 19:00:00+00:00,1865.01,1865.47,1864.99,1865.02,2032.28634
2026-08-11 19:01:00+00:00,1865.02,1865.52,1864.93,1864.98,105.137921079662715962
2026-08-11 19:02:00+00:00,1864.98,1865.02,1864,1864.33,131.64247
2026-08-11 19:03:00+00:00,1864.33,1864.53,1864.01,1864.01,134.56651
2026-08-11 19:04:00+00:00,1864.01,1864.03,1863.39,1863.98,4021.18755
2026-08-11 19:05:00+00:00,1863.98,1864.02,1863.98,1864.02,0.46528
2026-08-11 19:06:00+00:00,1864.02,1864.02,1863.98,1864,1.924917106499965166
2026-08-11 19:07:00+00:00,1864,1864.4,1863.98,1864.4,7.480907347924042484
2026-08-11 19:08:00+00:00,1864.4,1864.4,1863.48,1863.51,33.1292
2026-08-11 19:09:00+00:00,1863.51,1863.52,1862.28,1863,4079.526421079662715962
2026-08-11 19:10:00+00:00,1863,1863.03,1862.57,1863.02,64.10731
2026-08-11 19:11:00+00:00,1863.02,1863.02,1862.02,1862.54,47.277378278132868487
2026-08-11 19:12:00+00:00,1862.54,1863.46,1862.54,1862.98,2032.1689
2026-08-11 19:13:00+00:00,1862.98,1863.42,1862.94,1863.4,143.45568
2026-08-11 19:14:00+00:00,1863.4,1863.43,1862.16,1862.32,290.46482
2026-08-11 19:15:00+00:00,1862.32,1863.12,1862.31,1863.01,41.30808
2026-08-11 19:16:00+00:00,1863.01,1863.6,1863,1863.53,3163.18703
2026-08-11 19:17:00+00:00,1863.53,1864.02,1863.53,1863.99,0.65457984656164166
2026-08-11 19:18:00+00:00,1863.99,1865.03,1863.99,1865.02,3945.80573
2026-08-11 19:19:00+00:00,1865.02,1865.57,1864.96,1865.02,2622.00524
2026-08-11 19:20:00+00:00,1865.02,1866.02,1865,1865.99,73.292864374660365256
2026-08-11 19:21:00+00:00,1865.99,1867.57,1865.98,1867.18,4522.921199389394750937
2026-08-11 19:22:00+00:00,1867.18,1868.36,1866.19,1866.2,84.900512318714662326
2026-08-11 19:23:00+00:00,1866.2,1867.02,1866.02,1867.02,99.17428
2026-08-11 19:24:00+00:00,1867.02,1867.02,1866.56,1866.96,64.19382
2026-08-11 19:25:00+00:00,1866.96,1868.78,1866.56,1868.38,7285.281579705336167687
2026-08-11 19:26:00+00:00,1868.38,1869.33,1868.38,1868.78,3.180464178159459994
2026-08-11 19:27:00+00:00,1868.78,1869.25,1868.73,1869.25,28.40196
2026-08-11 19:28:00+00:00,1869.25,1869.25,1868.4,1868.47,95.64308
2026-08-11 19:29:00+00:00,1868.47,1868.99,1868.47,1868.99,208.727406951114145217
2026-08-11 19:30:00+00:00,1868.99,1871.41,1868.99,1871.02,5847.568145852994653855
2026-08-11 19:31:00+00:00,1871.02,1871.98,1870.61,1870.61,4796.95422
2026-08-11 19:32:00+00:00,1870.61,1870.98,1869.21,1869.21,77.18011
2026-08-11 19:33:00+00:00,1869.21,1869.25,1867.98,1867.98,449.45011
2026-08-11 19:34:00+00:00,1867.98,1868.33,1867.98,1868.01,26.897497986602911577
2026-08-11 19:35:00+00:00,1868.01,1868.02,1867.99,1868.02,0.676522013397088423
2026-08-11 19:36:00+00:00,1868.02,1868.44,1867.93,1868.43,62.563297986602911577
2026-08-11 19:37:00+00:00,1868.43,1869.4,1868.43,1869.4,4738.129103003916228249
2026-08-11 19:38:00+00:00,1869.4,1869.95,1868.98,1869.68,151.79994314353270958
2026-08-11 19:39:00+00:00,1869.68,1870.67,1869.68,1870.15,2629.81332
2026-08-11 19:40:00+00:00,1870.15,1870.6,1869.53,1869.53,4076.66834
2026-08-11 19:41:00+00:00,1869.53,1869.53,1869.01,1869.53,75.11202
2026-08-11 19:42:00+00:00,1869.53,1871.33,1869.53,1870.58,11378.72273
2026-08-11 19:43:00+00:00,1870.58,1871.01,1870.58,1870.67,25.92969
2026-08-11 19:44:00+00:00,1870.67,1870.98,1870,1870.42,127.65931
2026-08-11 19:45:00+00:00,1870.42,1871.72,1870.02,1871.72,3200.07579
2026-08-11 19:46:00+00:00,1871.72,1874.46,1871.68,1874,7002.217352556010649618
2026-08-11 19:47:00+00:00,1874,1875.6,1873.98,1875.02,2437.089916200379629624
2026-08-11 19:48:00+00:00,1875.02,1875.49,1873.8,1875.49,2094.45759
2026-08-11 19:49:00+00:00,1875.49,1875.82,1873.65,1873.65,32.47052
2026-08-11 19:50:00+00:00,1873.65,1873.65,1873.25,1873.5,0.45037
2026-08-11 19:51:00+00:00,1873.5,1875.68,1873.5,1875,8203.179005602077629523
2026-08-11 19:52:00+00:00,1875,1876.32,1875,1876.01,50.455824386669026437
2026-08-11 19:53:00+00:00,1876.01,1878.85,1876,1877.43,7454.376668810601971636
2026-08-11 19:54:00+00:00,1877.43,1880.46,1877.4,1880.01,12603.808136278251711394
2026-08-11 19:55:00+00:00,1880.01,1880.04,1878.98,1878.99,32.598126755023650042
2026-08-11 19:56:00+00:00,1878.99,1881.85,1878.99,1881.79,6052.845137864982992157
2026-08-11 19:57:00+00:00,1881.79,1884.36,1881.72,1882.88,29.031624350466389309
2026-08-11 19:58:00+00:00,1882.88,1883.02,1882.88,1882.96,0.366
2026-08-11 19:59:00+00:00,1882.96,1882.98,1880.75,1881.47,8071.860427362997289296
2026-08-11 20:00:00+00:00,1881.47,1882.36,1880.98,1882.02,97.678482437697418542
2026-08-11 20:01:00+00:00,1882.02,1882.02,1880.4,1881.21,230.208443333333333333
2026-08-11 20:02:00+00:00,1881.21,1881.21,1880.98,1880.98,0.774550126541537702
2026-08-11 20:03:00+00:00,1880.98,1881.02,1880.88,1881.01,0.279903329828352086
2026-08-11 20:04:00+00:00,1881.01,1882.42,1880.59,1881.01,5836.46222
2026-08-11 20:05:00+00:00,1881.01,1883.02,1881.01,1882.48,2245.139116402314557634
2026-08-11 20:06:00+00:00,1882.48,1883,1882,1882,272.541417513637910652
2026-08-11 20:07:00+00:00,1882,1884.75,1881.98,1884.01,2276.004126422844544639
2026-08-11 20:08:00+00:00,1884.01,1884.53,1883.15,1883.15,7176.30549260361317747
2026-08-11 20:09:00+00:00,1883.15,1883.99,1882.63,1883.98,7158.9175
2026-08-11 20:10:00+00:00,1883.98,1884,1882.88,1882.89,40.7999
2026-08-11 20:11:00+00:00,1882.89,1882.99,1882.02,1882.47,2342.41996
2026-08-11 20:12:00+00:00,1882.47,1882.98,1881.94,1882.01,36.53592
2026-08-11 20:13:00+00:00,1882.01,1882.02,1882,1882,0.3588
2026-08-11 20:14:00+00:00,1882,1882.02,1881.99,1882.01,0.37616
2026-08-11 20:15:00+00:00,1882.01,1882.01,1880.59,1880.98,4163.552361981371808912
2026-08-11 20:16:00+00:00,1880.98,1881.02,1879.61,1879.62,3021.833694780056155875
2026-08-11 20:17:00+00:00,1879.62,1879.62,1879.6,1879.6,0.53268
2026-08-11 20:18:00+00:00,1879.6,1880.11,1878.98,1880.11,106.64391
2026-08-11 20:19:00+00:00,1880.11,1880.11,1878.98,1879.02,67.112906955789378116
2026-08-11 20:20:00+00:00,1879.02,1880.36,1878.99,1880.36,29.09395
2026-08-11 20:21:00+00:00,1880.36,1880.51,1880,1880.49,209.62507
2026-08-11 20:22:00+00:00,1880.49,1880.49,1880,1880.01,32.06478
2026-08-11 20:23:00+00:00,1880.01,1880.19,1880.01,1880.19,0.32425
2026-08-11 20:24:00+00:00,1880.19,1880.19,1879.32,1879.32,2095.42656
2026-08-11 20:25:00+00:00,1879.32,1879.32,1878.48,1878.48,2087.76101
2026-08-11 20:26:00+00:00,1878.48,1879.65,1878.47,1878.98,118.10084
2026-08-11 20:27:00+00:00,1878.98,1880.02,1878.98,1880.01,40.142108420849018906
2026-08-11 20:28:00+00:00,1880.01,1880.52,1879.98,1879.98,1063.427395744680851063
2026-08-11 20:29:00+00:00,1879.98,1880.58,1879.98,1880.53,260.76695
2026-08-11 20:30:00+00:00,1880.53,1881.27,1880.01,1880.02,894.243123674755034163
2026-08-11 20:31:00+00:00,1880.02,1882.85,1879.98,1882.85,2045.542677665321443154
2026-08-11 20:32:00+00:00,1882.85,1883.36,1881.49,1881.5,569.576832239004131748
2026-08-11 20:33:00+00:00,1881.5,1881.51,1879.98,1880,2062.220260750390356463
2026-08-11 20:34:00+00:00,1880,1880.02,1879.16,1880.01,160.134503674755034163
2026-08-11 20:35:00+00:00,1880.01,1880.01,1879.99,1879.99,0.1754
2026-08-11 20:36:00+00:00,1879.99,1880,1879.31,1879.53,103.19317
2026-08-11 20:37:00+00:00,1879.53,1879.99,1879.15,1879.99,189.51465
2026-08-11 20:38:00+00:00,1879.99,1880.02,1879.98,1879.99,1.84487
2026-08-11 20:39:00+00:00,1879.99,1880,1879.98,1880,0.24476
2026-08-11 20:40:00+00:00,1880,1881.02,1879.98,1881.02,27040.053558205277946749
2026-08-11 20:41:00+00:00,1881.02,1881.02,1880.5,1880.5,31.916753698107991728
2026-08-11 20:42:00+00:00,1880.5,1881.02,1879.36,1879.36,1084.151582957855570117
2026-08-11 20:43:00+00:00,1879.36,1879.37,1878.98,1878.98,1.54488
2026-08-11 20:44:00+00:00,1878.98,1879.52,1878.98,1879.52,31.62664
2026-08-11 20:45:00+00:00,1879.52,1880.02,1879.02,1879.98,39.97573
2026-08-11 20:46:00+00:00,1879.98,1880.77,1879.98,1880.68,2035.74356
2026-08-11 20:47:00+00:00,1880.68,1881.51,1879.96,1881.01,3080.65706
2026-08-11 20:48:00+00:00,1881.01,1881.02,1880.99,1881.01,0.86511
2026-08-11 20:49:00+00:00,1881.01,1881.01,1880.4,1880.4,0.10618
2026-08-11 20:50:00+00:00,1880.4,1880.4,1879.57,1879.99,126.084
2026-08-11 20:51:00+00:00,1879.99,1879.99,1879.18,1879.18,141.81911
2026-08-11 20:52:00+00:00,1879.18,1880.2,1879,1879.53,0.418
2026-08-11 20:53:00+00:00,1879.53,1880.51,1879.53,1880.35,78.3887
2026-08-11 20:54:00+00:00,1880.35,1880.35,1880,1880,0.16243
2026-08-11 20:55:00+00:00,1880,1880.53,1880,1880.53,15.287
2026-08-11 20:56:00+00:00,1880.53,1881.44,1880.53,1881.02,96.25034
2026-08-11 20:57:00+00:00,1881.02,1881.02,1880.48,1880.49,4174.209177749803606476
2026-08-11 20:58:00+00:00,1880.49,1881.02,1880.17,1880.17,1104.614812689945604491
2026-08-11 20:59:00+00:00,1880.17,1881.85,1880.17,1881.57,373.382713191770054747
2026-08-11 21:00:00+00:00,1881.57,1882.73,1881.42,1882.72,3179.26325
2026-08-11 21:01:00+00:00,1882.72,1882.73,1881.51,1881.52,4040.88732
2026-08-11 21:02:00+00:00,1881.52,1881.53,1881.04,1881.04,1.84531
2026-08-11 21:03:00+00:00,1881.04,1881.04,1880.96,1881.01,0.42463
2026-08-11 21:04:00+00:00,1881.01,1881.01,1880.98,1880.98,0.356661924405932698
2026-08-11 21:05:00+00:00,1880.98,1881.02,1880.98,1881.01,1.501519589986547347
2026-08-11 21:06:00+00:00,1881.01,1881.02,1880.99,1880.99,0.617
2026-08-11 21:07:00+00:00,1880.99,1881,1880.98,1880.98,0.38166
2026-08-11 21:08:00+00:00,1880.98,1881,1880.98,1881,0.02282
2026-08-11 21:09:00+00:00,1881,1881.98,1881,1881.47,248.52686
2026-08-11 21:10:00+00:00,1881.47,1882.02,1881.1,1882.02,1539.28225965905829072
2026-08-11 21:11:00+00:00,1882.02,1884.85,1881.92,1884.27,6874.511626690806413485
2026-08-11 21:12:00+00:00,1884.27,1885.36,1883.01,1883.21,17.194247046133573032
2026-08-11 21:13:00+00:00,1883.21,1883.22,1883.08,1883.08,0.18558
2026-08-11 21:14:00+00:00,1883.08,1883.49,1883.01,1883.33,490.4746
2026-08-11 21:15:00+00:00,1883.33,1884.02,1882.99,1883,153.82185
2026-08-11 21:16:00+00:00,1883,1883,1881.48,1881.67,4100.49949
2026-08-11 21:17:00+00:00,1881.67,1882,1881.01,1881.02,87.52933
2026-08-11 21:18:00+00:00,1881.02,1882,1880.66,1880.9,185.325773973633827237
2026-08-11 21:19:00+00:00,1880.9,1880.94,1880.9,1880.94,0.524800740252421611
2026-08-11 21:20:00+00:00,1880.94,1881.5,1880.94,1881,8.52959
2026-08-11 21:21:00+00:00,1881,1881.02,1880.67,1880.98,32.09365
2026-08-11 21:22:00+00:00,1880.98,1881.01,1879.92,1879.92,146.866679282033665407
2026-08-11 21:23:00+00:00,1879.92,1880.33,1879.89,1880.02,59.640297001593293143
2026-08-11 21:24:00+00:00,1880.02,1881.02,1880.02,1880.99,19.68199
2026-08-11 21:25:00+00:00,1880.99,1882.41,1880.99,1882.01,4682.62538
2026-08-11 21:26:00+00:00,1882.01,1882.02,1881.8,1881.8,27.56466
2026-08-11 21:27:00+00:00,1881.8,1881.8,1881.8,1881.8,0
2026-08-11 21:28:00+00:00,1881.8,1881.99,1880.98,1880.99,63.50559
2026-08-11 21:29:00+00:00,1880.99,1881,1880.49,1880.49,2063.37893
2026-08-11 21:30:00+00:00,1880.49,1880.98,1880.15,1880.15,148.45934
2026-08-11 21:31:00+00:00,1880.15,1880.98,1880.02,1880.67,90.97924
2026-08-11 21:32:00+00:00,1880.67,1880.98,1880.54,1880.56,264.69457
2026-08-11 21:33:00+00:00,1880.56,1881,1880.01,1880.02,94.41485
2026-08-11 21:34:00+00:00,1880.02,1880.02,1879.93,1879.98,0.974447522642342943
2026-08-11 21:35:00+00:00,1879.98,1880.03,1879.96,1879.98,1.407974374660365256
2026-08-11 21:36:00+00:00,1879.98,1879.98,1879.98,1879.98,0
2026-08-11 21:37:00+00:00,1879.98,1881.02,1879.98,1881.01,30.29746
2026-08-11 21:38:00+00:00,1881.01,1881.53,1880.52,1880.67,2132.037
2026-08-11 21:39:00+00:00,1880.67,1880.99,1880.47,1880.48,44.259124523127398135
2026-08-11 21:40:00+00:00,1880.48,1881.02,1880.02,1881.02,42.48175
2026-08-11 21:41:00+00:00,1881.02,1881.02,1880.98,1880.99,0.51352
2026-08-11 21:42:00+00:00,1880.99,1882,1880.99,1881.84,4291.11524
2026-08-11 21:43:00+00:00,1881.84,1881.99,1881.02,1881.58,97.28661
2026-08-11 21:44:00+00:00,1881.58,1882.35,1880.97,1881.98,264.45829
2026-08-11 21:45:00+00:00,1881.98,1882.06,1881.55,1881.93,42.359080698156314754
2026-08-11 21:46:00+00:00,1881.93,1882.59,1881.63,1882.25,4243.59573
2026-08-11 21:47:00+00:00,1882.25,1883.41,1881.88,1883.41,152.76849
2026-08-11 21:48:00+00:00,1883.41,1883.46,1881.66,1882.12,148.83439
2026-08-11 21:49:00+00:00,1882.12,1882.12,1881.32,1882,1500.32491
2026-08-11 21:50:00+00:00,1882,1882,1881.2,1881.53,272.874
2026-08-11 21:51:00+00:00,1881.53,1881.98,1881.53,1881.75,113.7878
2026-08-11 21:52:00+00:00,1881.75,1881.98,1881.02,1881.44,340.45669
2026-08-11 21:53:00+00:00,1881.44,1881.99,1881.44,1881.67,495.48148
2026-08-11 21:54:00+00:00,1881.67,1882,1881.53,1881.98,149.57865
2026-08-11 21:55:00+00:00,1881.98,1882.51,1881.98,1882.01,129.2717
2026-08-11 21:56:00+00:00,1882.01,1882.52,1881.98,1882.52,94.96479
2026-08-11 21:57:00+00:00,1882.52,1883.36,1882.02,1883.36,54.799886781975448655
2026-08-11 21:58:00+00:00,1883.36,1884.36,1882.96,1884.35,3148.698781512763045225
2026-08-11 21:59:00+00:00,1884.35,1884.36,1883.98,1884.01,1.220544687078477644
2026-08-11 22:00:00+00:00,1884.01,1884.77,1884.01,1884.76,61.25612
2026-08-11 22:01:00+00:00,1884.76,1887.35,1884.76,1885.64,5009.122051174259311817
2026-08-11 22:02:00+00:00,1885.64,1886.36,1884.66,1885.53,8873.25841478695405063
2026-08-11 22:03:00+00:00,1885.53,1885.53,1884.4,1884.4,4102.69848
2026-08-11 22:04:00+00:00,1884.4,1884.45,1883.12,1883.84,323.59379
2026-08-11 22:05:00+00:00,1883.84,1884.34,1882.98,1883.99,133.70722
2026-08-11 22:06:00+00:00,1883.99,1884.01,1882.89,1883.53,181.90221
2026-08-11 22:07:00+00:00,1883.53,1883.99,1883.5,1883.5,164.68959
2026-08-11 22:08:00+00:00,1883.5,1883.72,1882.58,1883.01,2017.00156
2026-08-11 22:09:00+00:00,1883.01,1883.01,1882.18,1882.19,124.69975
2026-08-11 22:10:00+00:00,1882.19,1882.51,1882,1882.51,252.37373
2026-08-11 22:11:00+00:00,1882.51,1883.02,1882.07,1883.02,20.56058
2026-08-11 22:12:00+00:00,1883.02,1883.53,1882.98,1883.53,2031.25545
2026-08-11 22:13:00+00:00,1883.53,1884.33,1883.52,1883.55,51.88378
2026-08-11 22:14:00+00:00,1883.55,1884.04,1882.88,1883.49,201.023884692144373673
2026-08-11 22:15:00+00:00,1883.49,1883.53,1883.02,1883.52,548.51202
2026-08-11 22:16:00+00:00,1883.52,1883.85,1883.02,1883.85,49.47042
2026-08-11 22:17:00+00:00,1883.85,1884.69,1883.02,1883.93,1431.41306
2026-08-11 22:18:00+00:00,1883.93,1883.99,1882.99,1882.99,62.35664
2026-08-11 22:19:00+00:00,1882.99,1883.41,1882.47,1882.59,176.72753
2026-08-11 22:20:00+00:00,1882.59,1883.02,1882.2,1883.01,226.0008
2026-08-11 22:21:00+00:00,1883.01,1883.02,1882.57,1882.57,0.74482
2026-08-11 22:22:00+00:00,1882.57,1882.99,1882.5,1882.5,206.29602
2026-08-11 22:23:00+00:00,1882.5,1883.02,1882.5,1882.99,0.72172
2026-08-11 22:24:00+00:00,1882.99,1883.01,1882.96,1882.99,1.53503
2026-08-11 22:25:00+00:00,1882.99,1883.02,1882.36,1882.36,150.914
2026-08-11 22:26:00+00:00,1882.36,1882.98,1882.36,1882.48,156.93456
2026-08-11 22:27:00+00:00,1882.48,1882.98,1882.35,1882.47,390.60264
2026-08-11 22:28:00+00:00,1882.47,1882.7,1881.99,1882.7,164.74106
2026-08-11 22:29:00+00:00,1882.7,1883.02,1882.69,1882.99,0.64038
2026-08-11 22:30:00+00:00,1882.99,1883.37,1882.63,1882.98,6054.79382
2026-08-11 22:31:00+00:00,1882.98,1882.98,1881.98,1881.98,235.652
2026-08-11 22:32:00+00:00,1881.98,1883.02,1881.98,1882.67,1804.76932
2026-08-11 22:33:00+00:00,1882.67,1884.04,1882.01,1883.99,1200.59399
2026-08-11 22:34:00+00:00,1883.99,1883.99,1883.36,1883.47,196.873493674755034163
2026-08-11 22:35:00+00:00,1883.47,1884.02,1883.47,1884.02,88.422743565274172227
2026-08-11 22:36:00+00:00,1884.02,1884.02,1882.98,1882.99,27.94836
2026-08-11 22:37:00+00:00,1882.99,1882.99,1882.51,1882.51,26.72482
2026-08-11 22:38:00+00:00,1882.51,1882.98,1882.17,1882.19,182.26145
2026-08-11 22:39:00+00:00,1882.19,1882.41,1881.98,1881.98,94.96432
2026-08-11 22:40:00+00:00,1881.98,1882.53,1881.98,1882.03,240.76613
2026-08-11 22:41:00+00:00,1882.03,1882.03,1881.98,1882.01,0.125061823649659533
2026-08-11 22:42:00+00:00,1882.01,1882.02,1881.15,1881.15,2868.588898176350340467
2026-08-11 22:43:00+00:00,1881.15,1881.29,1879.64,1879.64,2018.512430854324378702
2026-08-11 22:44:00+00:00,1879.64,1880.02,1879.64,1879.98,0.70309
2026-08-11 22:45:00+00:00,1879.98,1880.01,1879.47,1879.47,4031.717949145675621298
2026-08-11 22:46:00+00:00,1879.47,1880.06,1879.47,1879.98,89.83677
2026-08-11 22:47:00+00:00,1879.98,1879.98,1879.47,1879.67,81.91564
2026-08-11 22:48:00+00:00,1879.67,1879.98,1879.26,1879.28,45.45164
2026-08-11 22:49:00+00:00,1879.28,1879.28,1879.28,1879.28,0
2026-08-11 22:50:00+00:00,1879.28,1879.28,1879.28,1879.28,0
2026-08-11 22:51:00+00:00,1879.28,1879.28,1879.28,1879.28,0
2026-08-11 22:52:00+00:00,1879.28,1879.28,1879.28,1879.28,0
2026-08-11 22:53:00+00:00,1879.28,1882.47,1879.28,1881.5,7022.67468
2026-08-11 22:54:00+00:00,1881.5,1881.99,1881.45,1881.73,282.78674
2026-08-11 22:55:00+00:00,1881.73,1881.73,1881.73,1881.73,0
2026-08-11 22:56:00+00:00,1881.73,1882.23,1881.73,1882.02,1.71384
2026-08-11 22:57:00+00:00,1882.02,1882.02,1881.98,1882.01,0.8783
2026-08-11 22:58:00+00:00,1882.01,1882.01,1881.16,1881.16,113.85059
2026-08-11 22:59:00+00:00,1881.16,1882.02,1881.16,1881.98,177.42024
2026-08-11 23:00:00+00:00,1881.98,1881.98,1880.63,1880.63,2077.81737
2026-08-11 23:01:00+00:00,1880.63,1880.96,1880.01,1880.01,608.35556
2026-08-11 23:02:00+00:00,1880.01,1880.01,1879.59,1879.59,28.07528
2026-08-11 23:03:00+00:00,1879.59,1879.98,1879.02,1879.39,224.2885
2026-08-11 23:04:00+00:00,1879.39,1879.47,1878.98,1879.41,451.341434215122517703
2026-08-11 23:05:00+00:00,1879.41,1879.41,1878.99,1879.01,0.79377
2026-08-11 23:06:00+00:00,1879.01,1879.02,1878.98,1878.99,2.661900698156314754
2026-08-11 23:07:00+00:00,1878.99,1879.41,1878.98,1879.4,170.74789
2026-08-11 23:08:00+00:00,1879.4,1879.41,1878.98,1879.04,63.80498
2026-08-11 23:09:00+00:00,1879.04,1879.08,1878.64,1879.08,994.06236
2026-08-11 23:10:00+00:00,1879.08,1879.5,1879,1879.49,96.540696643851096116
2026-08-11 23:11:00+00:00,1879.49,1879.49,1878.98,1879.02,1.370939349812102885
2026-08-11 23:12:00+00:00,1879.02,1879.02,1878.98,1878.98,0.28344
2026-08-11 23:13:00+00:00,1878.98,1879.02,1878.98,1879,0.38909
2026-08-11 23:14:00+00:00,1879,1879.02,1878.98,1878.99,0.78357
2026-08-11 23:15:00+00:00,1878.99,1879.01,1878.36,1878.48,104.946339675996146867
2026-08-11 23:16:00+00:00,1878.48,1879.02,1878.48,1878.67,20.07379
2026-08-11 23:17:00+00:00,1878.67,1879.04,1878.67,1878.98,57.29655480813161624
2026-08-11 23:18:00+00:00,1878.98,1878.98,1878.48,1878.5,1.178134422404175406
2026-08-11 23:19:00+00:00,1878.5,1879.01,1878.2,1879,19507.54391
2026-08-11 23:20:00+00:00,1879,1879,1879,1879,0
2026-08-11 23:21:00+00:00,1879,1879.02,1879,1879.01,0.22662
2026-08-11 23:22:00+00:00,1879.01,1879.02,1878.98,1878.98,0.34476
2026-08-11 23:23:00+00:00,1878.98,1878.98,1878.98,1878.98,0
2026-08-11 23:24:00+00:00,1878.98,1879.64,1878.98,1879.62,100.24831
2026-08-11 23:25:00+00:00,1879.62,1879.65,1879.02,1879.62,36.24578
2026-08-11 23:26:00+00:00,1879.62,1880.04,1879.62,1880.02,13.74579
2026-08-11 23:27:00+00:00,1880.02,1880.02,1879.48,1880.01,32.32974
2026-08-11 23:28:00+00:00,1880.01,1880.01,1879.98,1879.98,0.327936241670322142
2026-08-11 23:29:00+00:00,1879.98,1880.04,1879.98,1880.04,1.804925711140302825
2026-08-11 23:30:00+00:00,1880.04,1880.04,1879.99,1880.01,0.50494
2026-08-11 23:31:00+00:00,1880.01,1880.01,1879.99,1879.99,0.0889
2026-08-11 23:32:00+00:00,1879.99,1879.99,1879.99,1879.99,0.1597
2026-08-11 23:33:00+00:00,1879.99,1880.55,1879.98,1880.55,184.98853
2026-08-11 23:34:00+00:00,1880.55,1881.71,1880.55,1881.7,6193.29989
2026-08-11 23:35:00+00:00,1881.7,1882.55,1881.7,1881.98,6777.358186054440506028
2026-08-11 23:36:00+00:00,1881.98,1882.02,1881.98,1882.01,0.36296
2026-08-11 23:37:00+00:00,1882.01,1883.12,1882.01,1883.02,49.455284555798221995
2026-08-11 23:38:00+00:00,1883.02,1883.02,1882.48,1882.48,55.35259
2026-08-11 23:39:00+00:00,1882.48,1882.48,1881.98,1881.98,1.632
2026-08-11 23:40:00+00:00,1881.98,1883.03,1881.98,1883.03,35.63114
2026-08-11 23:41:00+00:00,1883.03,1883.53,1882.98,1883.53,1073.99301
2026-08-11 23:42:00+00:00,1883.53,1883.55,1882.98,1883.55,72.0776
2026-08-11 23:43:00+00:00,1883.55,1883.55,1883.55,1883.55,0.28289
2026-08-11 23:44:00+00:00,1883.55,1883.55,1882.99,1883.44,285.95034
2026-08-11 23:45:00+00:00,1883.44,1883.45,1883.01,1883.44,119.88503
2026-08-11 23:46:00+00:00,1883.44,1883.45,1883.02,1883.44,94.64246
2026-08-11 23:47:00+00:00,1883.44,1883.44,1882.98,1882.98,0.2073
2026-08-11 23:48:00+00:00,1882.98,1882.98,1882.98,1882.98,0
2026-08-11 23:49:00+00:00,1882.98,1882.98,1882.98,1882.98,0
2026-08-11 23:50:00+00:00,1882.98,1882.98,1882.98,1882.98,0
2026-08-11 23:51:00+00:00,1882.98,1883.48,1882.98,1883.33,56.83658
2026-08-11 23:52:00+00:00,1883.33,1883.33,1883.01,1883.01,0.07283
2026-08-11 23:53:00+00:00,1883.01,1883.01,1881.97,1882.33,31.55142
2026-08-11 23:54:00+00:00,1882.33,1883,1881.99,1883,39.3417
2026-08-11 23:55:00+00:00,1883,1883,1881.67,1881.67,0.27911
2026-08-11 23:56:00+00:00,1881.67,1882.53,1881.67,1882.1,121.65967
2026-08-11 23:57:00+00:00,1882.1,1882.1,1881.67,1882.02,0.495
2026-08-11 23:58:00+00:00,1882.02,1882.02,1882.01,1882.01,0.07894
2026-08-11 23:59:00+00:00,1882.01,1882.02,1881.99,1882.02,0.29211
2026-08-12 00:00:00+00:00,1882.02,1882.02,1881.57,1881.57,3.80666
2026-08-12 00:01:00+00:00,1881.57,1881.57,1880.06,1880.33,15.48432
2026-08-12 00:02:00+00:00,1880.33,1881.02,1880.29,1880.95,113.92779
2026-08-12 00:03:00+00:00,1880.95,1881.44,1880.95,1881.33,3196.892513809596989663
2026-08-12 00:04:00+00:00,1881.33,1881.33,1880.67,1880.99,62.61523
2026-08-12 00:05:00+00:00,1880.99,1881.52,1880.61,1881.33,480.09425
2026-08-12 00:06:00+00:00,1881.33,1881.33,1880.98,1881,0.96576
2026-08-12 00:07:00+00:00,1881,1881,1880.47,1880.47,65.88052
2026-08-12 00:08:00+00:00,1880.47,1881.36,1880.47,1881.35,0.88382
2026-08-12 00:09:00+00:00,1881.35,1881.81,1881.02,1881.02,18.95494
2026-08-12 00:10:00+00:00,1881.02,1881.02,1880.02,1880.33,2174.75136
2026-08-12 00:11:00+00:00,1880.33,1880.53,1880.02,1880.33,347.97422
2026-08-12 00:12:00+00:00,1880.33,1880.56,1880.02,1880.47,335.83935
2026-08-12 00:13:00+00:00,1880.47,1881.01,1880.47,1881.01,14.15283
2026-08-12 00:14:00+00:00,1881.01,1881.59,1881.01,1881.58,145.94662
2026-08-12 00:15:00+00:00,1881.58,1881.58,1880.48,1880.48,56.96873
2026-08-12 00:16:00+00:00,1880.48,1880.48,1879.98,1879.98,0.84369
2026-08-12 00:17:00+00:00,1879.98,1880.02,1879.98,1880.01,0.72447
2026-08-12 00:18:00+00:00,1880.01,1880.46,1879.92,1879.92,28.503143151079730699
2026-08-12 00:19:00+00:00,1879.92,1880.01,1879.92,1880.01,0.19621
2026-08-12 00:20:00+00:00,1880.01,1880.98,1879.88,1879.88,339.035879520210587957
2026-08-12 00:21:00+00:00,1879.88,1881.02,1879.88,1880.95,1.237776501563294151
2026-08-12 00:22:00+00:00,1880.95,1881.02,1880.02,1880.53,137.54096
2026-08-12 00:23:00+00:00,1880.53,1881.56,1880.02,1881.56,67.88327
2026-08-12 00:24:00+00:00,1881.56,1882.02,1881.2,1882.02,14.34618
2026-08-12 00:25:00+00:00,1882.02,1882.76,1881.66,1882.41,2100.66851
2026-08-12 00:26:00+00:00,1882.41,1882.53,1882.01,1882.52,63.86655
2026-08-12 00:27:00+00:00,1882.52,1882.53,1882.01,1882.53,151.98758
2026-08-12 00:28:00+00:00,1882.53,1883,1882.53,1882.98,0.26133
2026-08-12 00:29:00+00:00,1882.98,1882.98,1881.56,1881.57,2092.65787
2026-08-12 00:30:00+00:00,1881.57,1882.02,1881.02,1881.99,50.51894
2026-08-12 00:31:00+00:00,1881.99,1882.04,1881.67,1882.01,80.26048
2026-08-12 00:32:00+00:00,1882.01,1882.79,1881.97,1882.79,2181.94916
2026-08-12 00:33:00+00:00,1882.79,1882.81,1881.57,1881.67,2094.70108
2026-08-12 00:34:00+00:00,1881.67,1882.51,1881.67,1882.49,126.10388
2026-08-12 00:35:00+00:00,1882.49,1882.99,1881.99,1882.67,244.09348
2026-08-12 00:36:00+00:00,1882.67,1883.04,1881.47,1881.47,2138.769034471818415818
2026-08-12 00:37:00+00:00,1881.47,1881.99,1881.16,1881.99,31.5911
2026-08-12 00:38:00+00:00,1881.99,1881.99,1881.53,1881.67,534.03379
2026-08-12 00:39:00+00:00,1881.67,1881.98,1880.96,1881,584.509897967815823178
2026-08-12 00:40:00+00:00,1881,1881.02,1881,1881,0.2018
2026-08-12 00:41:00+00:00,1881,1881.01,1881,1881.01,0.07191
2026-08-12 00:42:00+00:00,1881.01,1881.02,1880.43,1881.01,33.41043
2026-08-12 00:43:00+00:00,1881.01,1881.01,1881,1881.01,0.1246
2026-08-12 00:44:00+00:00,1881.01,1881.01,1881.01,1881.01,0
2026-08-12 00:45:00+00:00,1881.01,1881.98,1880.99,1881.98,191.67578
2026-08-12 00:46:00+00:00,1881.98,1882.76,1881.98,1882.76,1189.32494
2026-08-12 00:47:00+00:00,1882.76,1882.76,1881.2,1881.2,2135.43351
2026-08-12 00:48:00+00:00,1881.2,1882.35,1881.02,1882.01,36.52998
2026-08-12 00:49:00+00:00,1882.01,1882.24,1882,1882.19,0.74823
2026-08-12 00:50:00+00:00,1882.19,1882.19,1882.19,1882.19,0
2026-08-12 00:51:00+00:00,1882.19,1882.19,1882.19,1882.19,0
2026-08-12 00:52:00+00:00,1882.19,1882.34,1882.19,1882.34,0.08925
2026-08-12 00:53:00+00:00,1882.34,1882.34,1882.34,1882.34,0
2026-08-12 00:54:00+00:00,1882.34,1882.34,1882.34,1882.34,0
2026-08-12 00:55:00+00:00,1882.34,1882.34,1882.34,1882.34,0
2026-08-12 00:56:00+00:00,1882.34,1882.34,1882.34,1882.34,0
2026-08-12 00:57:00+00:00,1882.34,1882.34,1882.34,1882.34,0
2026-08-12 00:58:00+00:00,1882.34,1882.34,1882.34,1882.34,0
2026-08-12 00:59:00+00:00,1882.34,1882.34,1882.34,1882.34,0
2026-08-12 01:00:00+00:00,1882.34,1882.53,1880.81,1882.53,37.31669
2026-08-12 01:01:00+00:00,1882.53,1883.02,1882.53,1883.02,0.31134
2026-08-12 01:02:00+00:00,1883.02,1883.02,1882.15,1882.47,292.96251
2026-08-12 01:03:00+00:00,1882.47,1882.47,1881.99,1882.01,1.32233
2026-08-12 01:04:00+00:00,1882.01,1882.84,1882.01,1882.84,398.28842
2026-08-12 01:05:00+00:00,1882.84,1883.04,1882.84,1883.02,1.535509936485008124
2026-08-12 01:06:00+00:00,1883.02,1883.07,1882.98,1883.01,0.832024547173218058
2026-08-12 01:07:00+00:00,1883.01,1883.01,1882.98,1882.99,0.37361
2026-08-12 01:08:00+00:00,1882.99,1883.74,1882.99,1883.01,32.31934
2026-08-12 01:09:00+00:00,1883.01,1883.01,1882.01,1882.02,2060.52174
2026-08-12 01:10:00+00:00,1882.02,1883.43,1882.02,1883.33,2309.99459
2026-08-12 01:11:00+00:00,1883.33,1884.04,1883.02,1884.03,374.26159
2026-08-12 01:12:00+00:00,1884.03,1884.03,1884,1884.01,0.6812
2026-08-12 01:13:00+00:00,1884.01,1884.75,1884,1884.74,3208.7185019588008597
2026-08-12 01:14:00+00:00,1884.74,1885.4,1884.71,1884.94,9229.269566282975459176
2026-08-12 01:15:00+00:00,1884.94,1885.98,1883.17,1883.95,4534.627811061539067567
2026-08-12 01:16:00+00:00,1883.95,1884.02,1883.15,1883.38,36.434322251941687341
2026-08-12 01:17:00+00:00,1883.38,1883.98,1882.25,1882.3,54.82945
2026-08-12 01:18:00+00:00,1882.3,1882.3,1881.55,1881.57,27.71103
2026-08-12 01:19:00+00:00,1881.57,1882.49,1881.57,1882.33,255.2703
2026-08-12 01:20:00+00:00,1882.33,1882.53,1882.33,1882.53,1.26312
2026-08-12 01:21:00+00:00,1882.53,1882.53,1881.67,1881.8,66.81851
2026-08-12 01:22:00+00:00,1881.8,1882.01,1881.42,1881.62,221.52911
2026-08-12 01:23:00+00:00,1881.62,1881.99,1881.62,1881.98,0.21056
2026-08-12 01:24:00+00:00,1881.98,1882.53,1881.98,1882.53,90.10504
2026-08-12 01:25:00+00:00,1882.53,1882.73,1882.04,1882.04,87.68504
2026-08-12 01:26:00+00:00,1882.04,1882.43,1881.98,1882.43,63.55583
2026-08-12 01:27:00+00:00,1882.43,1882.65,1882.02,1882.65,67.17992
2026-08-12 01:28:00+00:00,1882.65,1883.09,1882.02,1882.53,94.64894
2026-08-12 01:29:00+00:00,1882.53,1883,1882.2,1882.2,283.70738
2026-08-12 01:30:00+00:00,1882.2,1882.2,1881.46,1881.47,200.17002
2026-08-12 01:31:00+00:00,1881.47,1881.47,1881.01,1881.02,0.87815
2026-08-12 01:32:00+00:00,1881.02,1881.02,1880.5,1880.98,2186.50397
2026-08-12 01:33:00+00:00,1880.98,1881.59,1880.98,1881.53,228.62312
2026-08-12 01:34:00+00:00,1881.53,1881.95,1881.02,1881.94,89.35939
2026-08-12 01:35:00+00:00,1881.94,1882.02,1881.2,1881.6,13.65274
2026-08-12 01:36:00+00:00,1881.6,1881.98,1881.02,1881.45,100.25571
2026-08-12 01:37:00+00:00,1881.45,1881.89,1881.45,1881.89,0.23113
2026-08-12 01:38:00+00:00,1881.89,1882,1881.89,1882,0.28692
2026-08-12 01:39:00+00:00,1882,1882.02,1881.99,1881.99,0.93084
2026-08-12 01:40:00+00:00,1881.99,1883.36,1881.99,1883.36,3526.57335
2026-08-12 01:41:00+00:00,1883.36,1883.36,1882.98,1882.99,1.44285
2026-08-12 01:42:00+00:00,1882.99,1883.53,1882.99,1883.52,36.09994
2026-08-12 01:43:00+00:00,1883.52,1884.36,1883.52,1884.36,1.91678560819203941
2026-08-12 01:44:00+00:00,1884.36,1885.35,1884.34,1885.01,6001.007485291740357413
2026-08-12 01:45:00+00:00,1885.01,1885.01,1883.99,1884.02,20.6689
2026-08-12 01:46:00+00:00,1884.02,1884.55,1883.98,1884.55,25.406519100530197654
2026-08-12 01:47:00+00:00,1884.55,1884.55,1884.01,1884.33,1129.38867
2026-08-12 01:48:00+00:00,1884.33,1885.34,1884.01,1885.34,443.64449
2026-08-12 01:49:00+00:00,1885.34,1885.35,1885.32,1885.35,0.17688
2026-08-12 01:50:00+00:00,1885.35,1885.35,1885.35,1885.35,0
2026-08-12 01:51:00+00:00,1885.35,1885.35,1885.35,1885.35,0
2026-08-12 01:52:00+00:00,1885.35,1885.35,1884.76,1885.12,0.363672654440279498
2026-08-12 01:53:00+00:00,1885.12,1885.12,1884.66,1884.66,3.6968
2026-08-12 01:54:00+00:00,1884.66,1884.66,1883.53,1883.54,0.570325796616844784
2026-08-12 01:55:00+00:00,1883.54,1883.54,1882.97,1882.98,1.53743
2026-08-12 01:56:00+00:00,1882.98,1883.83,1882.97,1883.83,189.14533
2026-08-12 01:57:00+00:00,1883.83,1884.02,1883.77,1884.02,0.68133
2026-08-12 01:58:00+00:00,1884.02,1884.02,1884,1884,0.4361
2026-08-12 01:59:00+00:00,1884,1884,1883.98,1883.99,1.51545
2026-08-12 02:00:00+00:00,1883.99,1884.85,1883.99,1884.84,2027.83634
2026-08-12 02:01:00+00:00,1884.84,1885.8,1884.84,1885.78,2795.22358
2026-08-12 02:02:00+00:00,1885.78,1885.96,1885.01,1885.02,15.29595
2026-08-12 02:03:00+00:00,1885.02,1885.02,1884.18,1884.18,1188.56988
2026-08-12 02:04:00+00:00,1884.18,1884.98,1884,1884.26,337.26288
2026-08-12 02:05:00+00:00,1884.26,1884.63,1884.02,1884.62,231.04232
2026-08-12 02:06:00+00:00,1884.62,1885.54,1884.62,1885.54,2035.36341
2026-08-12 02:07:00+00:00,1885.54,1886.53,1885.02,1886.52,2470.093623735861698563
2026-08-12 02:08:00+00:00,1886.52,1886.53,1884.99,1886.01,4644.310655828374340722
2026-08-12 02:09:00+00:00,1886.01,1886.57,1886.01,1886.53,311.44364
2026-08-12 02:10:00+00:00,1886.53,1887.36,1885.75,1885.98,1766.51979
2026-08-12 02:11:00+00:00,1885.98,1885.99,1885,1885.01,1241.87433
2026-08-12 02:12:00+00:00,1885.01,1885.02,1884.96,1884.99,0.92544
2026-08-12 02:13:00+00:00,1884.99,1885.07,1884.99,1885.02,0.472920016297925195
2026-08-12 02:14:00+00:00,1885.02,1885.53,1885.01,1885.02,31.86269
2026-08-12 02:15:00+00:00,1885.02,1885.53,1885.01,1885.53,253.05293
2026-08-12 02:16:00+00:00,1885.53,1886.02,1885.01,1885.99,76.03272
2026-08-12 02:17:00+00:00,1885.99,1886.02,1885.99,1886.01,0.6699
2026-08-12 02:18:00+00:00,1886.01,1886.02,1885.98,1886.02,1.52762
2026-08-12 02:19:00+00:00,1886.02,1886.02,1885.01,1885.53,163.21742
2026-08-12 02:20:00+00:00,1885.53,1885.67,1884.99,1885.01,0.90429
2026-08-12 02:21:00+00:00,1885.01,1885.01,1884.14,1884.14,8658.06938
2026-08-12 02:22:00+00:00,1884.14,1884.3,1884.07,1884.07,1518.5007
2026-08-12 02:23:00+00:00,1884.07,1884.07,1883.52,1883.53,4014.30189
2026-08-12 02:24:00+00:00,1883.53,1883.98,1882.64,1883.48,72.206097967815823178
2026-08-12 02:25:00+00:00,1883.48,1883.98,1882.65,1883.67,134.46735
2026-08-12 02:26:00+00:00,1883.67,1883.98,1882.99,1882.99,88.73146
2026-08-12 02:27:00+00:00,1882.99,1884.58,1882.99,1884.57,1215.73667
2026-08-12 02:28:00+00:00,1884.57,1885.2,1884.02,1885.02,37.14554
2026-08-12 02:29:00+00:00,1885.02,1886.15,1884.99,1886.15,2643.87355
2026-08-12 02:30:00+00:00,1886.15,1886.67,1885.19,1885.19,4327.50733
2026-08-12 02:31:00+00:00,1885.19,1885.2,1884.22,1884.39,1107.6242
2026-08-12 02:32:00+00:00,1884.39,1885.19,1884.39,1885.01,57.30073
2026-08-12 02:33:00+00:00,1885.01,1885.01,1884.89,1884.99,0.94987
2026-08-12 02:34:00+00:00,1884.99,1884.99,1884.57,1884.98,130.18492
2026-08-12 02:35:00+00:00,1884.98,1885.01,1884.89,1884.99,0.66628
2026-08-12 02:36:00+00:00,1884.99,1885.02,1884.67,1884.67,82.93257
2026-08-12 02:37:00+00:00,1884.67,1884.67,1883.89,1884.02,0.39989
2026-08-12 02:38:00+00:00,1884.02,1884.02,1883.98,1883.98,0.82943
2026-08-12 02:39:00+00:00,1883.98,1884.01,1883.24,1883.24,2576.77204
2026-08-12 02:40:00+00:00,1883.24,1883.98,1883.24,1883.67,33.3002
2026-08-12 02:41:00+00:00,1883.67,1884.02,1883.67,1883.99,1.33216
2026-08-12 02:42:00+00:00,1883.99,1884.02,1883.98,1884.02,1.37065
2026-08-12 02:43:00+00:00,1884.02,1884.48,1883.98,1883.98,2075.95881
2026-08-12 02:44:00+00:00,1883.98,1884.02,1883.98,1884.02,0.5442
2026-08-12 02:45:00+00:00,1884.02,1884.62,1884.01,1884.53,125.40806
2026-08-12 02:46:00+00:00,1884.53,1884.6,1884.02,1884.49,115.84933
2026-08-12 02:47:00+00:00,1884.49,1885.02,1884.49,1884.98,1.09349
2026-08-12 02:48:00+00:00,1884.98,1885.01,1884.98,1885,0.68239
2026-08-12 02:49:00+00:00,1885,1885,1885,1885,0
2026-08-12 02:50:00+00:00,1885,1885,1885,1885,0
2026-08-12 02:51:00+00:00,1885,1885,1885,1885,0
2026-08-12 02:52:00+00:00,1885,1885.31,1883.64,1885.31,1.330234461546475039
2026-08-12 02:53:00+00:00,1885.31,1885.31,1885.31,1885.31,0
2026-08-12 02:54:00+00:00,1885.31,1885.31,1885.31,1885.31,0
2026-08-12 02:55:00+00:00,1885.31,1885.31,1883.43,1883.98,99.403372565326966442
2026-08-12 02:56:00+00:00,1883.98,1883.98,1883.06,1883.06,94.53034
2026-08-12 02:57:00+00:00,1883.06,1883.06,1883.01,1883.01,0.0769
2026-08-12 02:58:00+00:00,1883.01,1883.47,1883.01,1883.46,434.36266
2026-08-12 02:59:00+00:00,1883.46,1883.55,1883.02,1883.54,151.07338
2026-08-12 03:00:00+00:00,1883.54,1885.01,1883.54,1884.99,87.31372
2026-08-12 03:01:00+00:00,1884.99,1885,1884.99,1884.99,0.25056
2026-08-12 03:02:00+00:00,1884.99,1884.99,1884.99,1884.99,0
2026-08-12 03:03:00+00:00,1884.99,1885,1884.36,1884.36,407.31393
2026-08-12 03:04:00+00:00,1884.36,1884.96,1883.99,1884.02,5961.45731
2026-08-12 03:05:00+00:00,1884.02,1884.59,1883.99,1884.01,105.866009640131208798
2026-08-12 03:06:00+00:00,1884.01,1884.04,1884.01,1884.04,0.1287
2026-08-12 03:07:00+00:00,1884.04,1884.04,1883.98,1884.02,0.4857
2026-08-12 03:08:00+00:00,1884.02,1884.02,1883.98,1883.98,0.21475
2026-08-12 03:09:00+00:00,1883.98,1884.01,1883.28,1883.28,2071.047050520518714395
2026-08-12 03:10:00+00:00,1883.28,1883.52,1882.16,1882.55,128.940556991097419365
2026-08-12 03:11:00+00:00,1882.55,1882.56,1882.16,1882.22,2.34925
2026-08-12 03:12:00+00:00,1882.22,1882.43,1881.98,1882.42,52.64333
2026-08-12 03:13:00+00:00,1882.42,1883.02,1882.01,1883.01,126.81545
2026-08-12 03:14:00+00:00,1883.01,1883.01,1881.99,1882.49,369.52125
2026-08-12 03:15:00+00:00,1882.49,1883.02,1882.47,1882.99,22.48775
2026-08-12 03:16:00+00:00,1882.99,1883.11,1882,1882.49,188.68456
2026-08-12 03:17:00+00:00,1882.49,1882.59,1882.02,1882.53,143.28913
2026-08-12 03:18:00+00:00,1882.53,1883.02,1882.02,1882.42,243.25362
2026-08-12 03:19:00+00:00,1882.42,1882.98,1882.01,1882.01,165.24287
2026-08-12 03:20:00+00:00,1882.01,1882.44,1882.01,1882.42,188.69984
2026-08-12 03:21:00+00:00,1882.42,1883.01,1882.02,1883.01,96.4882
2026-08-12 03:22:00+00:00,1883.01,1883.02,1882.98,1882.98,0.46952
2026-08-12 03:23:00+00:00,1882.98,1883.01,1882.98,1882.98,0.74363
2026-08-12 03:24:00+00:00,1882.98,1883,1882.98,1882.98,0.6358
2026-08-12 03:25:00+00:00,1882.98,1883.02,1882.98,1882.98,0.82177
2026-08-12 03:26:00+00:00,1882.98,1883.64,1882.98,1883.63,87.59085
2026-08-12 03:27:00+00:00,1883.63,1883.63,1882.15,1882.33,141.47395
2026-08-12 03:28:00+00:00,1882.33,1883.02,1882.02,1882.98,166.31227
2026-08-12 03:29:00+00:00,1882.98,1883.02,1882.98,1882.99,0.71266
2026-08-12 03:30:00+00:00,1882.99,1883.02,1882.2,1882.98,80.039795113155778979
2026-08-12 03:31:00+00:00,1882.98,1883.81,1882.98,1883.8,86.06106
2026-08-12 03:32:00+00:00,1883.8,1884.02,1883.79,1883.98,2.17448
2026-08-12 03:33:00+00:00,1883.98,1884,1883.98,1883.98,2.357829683864833869
2026-08-12 03:34:00+00:00,1883.98,1883.99,1883.88,1883.98,2.28969
2026-08-12 03:35:00+00:00,1883.98,1885.59,1883.88,1884.98,6004.08554158814912878
2026-08-12 03:36:00+00:00,1884.98,1885.52,1884.98,1885.51,127.455455822250279839
2026-08-12 03:37:00+00:00,1885.51,1886.11,1885.02,1885.42,3830.09785
2026-08-12 03:38:00+00:00,1885.42,1886.46,1884.64,1885.98,5024.854103941989023517
2026-08-12 03:39:00+00:00,1885.98,1886.12,1885.67,1886.02,2.137573456788814244
2026-08-12 03:40:00+00:00,1886.02,1886.02,1885.99,1886.02,0.4512
2026-08-12 03:41:00+00:00,1886.02,1886.02,1886.02,1886.02,0
2026-08-12 03:42:00+00:00,1886.02,1886.02,1886.02,1886.02,0
2026-08-12 03:43:00+00:00,1886.02,1886.02,1885.02,1885.5,261.3469
2026-08-12 03:44:00+00:00,1885.5,1885.98,1885.02,1885.02,974.44042
2026-08-12 03:45:00+00:00,1885.02,1885.02,1884.98,1884.98,0.30021
2026-08-12 03:46:00+00:00,1884.98,1885.61,1884.98,1885.53,132.40187
2026-08-12 03:47:00+00:00,1885.53,1885.83,1885.02,1885.83,218.51748
2026-08-12 03:48:00+00:00,1885.83,1886.15,1885.8,1886.15,0.51243
2026-08-12 03:49:00+00:00,1886.15,1886.15,1886.15,1886.15,0
2026-08-12 03:50:00+00:00,1886.15,1886.35,1886.15,1886.33,0.16838
2026-08-12 03:51:00+00:00,1886.33,1886.33,1885.26,1885.26,0.28334
2026-08-12 03:52:00+00:00,1885.26,1886.36,1884.64,1884.64,1.180457132455291152
2026-08-12 03:53:00+00:00,1884.64,1886.36,1884.64,1886.36,1.591047704913685662
2026-08-12 03:54:00+00:00,1886.36,1886.36,1886.36,1886.36,0
2026-08-12 03:55:00+00:00,1886.36,1886.36,1886.36,1886.36,0
2026-08-12 03:56:00+00:00,1886.36,1886.36,1886.36,1886.36,0
2026-08-12 03:57:00+00:00,1886.36,1886.36,1885.98,1885.98,0.4331
2026-08-12 03:58:00+00:00,1885.98,1886,1885.97,1885.97,0.75395
2026-08-12 03:59:00+00:00,1885.97,1885.97,1885.97,1885.97,0
2026-08-12 04:00:00+00:00,1885.97,1885.97,1885.97,1885.97,0
2026-08-12 04:01:00+00:00,1885.97,1886.6,1884.88,1886.04,145.28832
2026-08-12 04:02:00+00:00,1886.04,1886.04,1886.01,1886.02,1.13668
2026-08-12 04:03:00+00:00,1886.02,1886.6,1886.02,1886.53,123.60976
2026-08-12 04:04:00+00:00,1886.53,1886.84,1886.53,1886.81,1.36025
2026-08-12 04:05:00+00:00,1886.81,1886.98,1886.21,1886.49,266.289
2026-08-12 04:06:00+00:00,1886.49,1887.01,1886.49,1886.97,20.20146
2026-08-12 04:07:00+00:00,1886.97,1886.98,1886.67,1886.67,134.678
2026-08-12 04:08:00+00:00,1886.67,1886.67,1885.36,1885.38,2100.308557527747379813
2026-08-12 04:09:00+00:00,1885.38,1885.55,1884.98,1885.54,67.78503
2026-08-12 04:10:00+00:00,1885.54,1885.56,1885.02,1885.51,36.46575
2026-08-12 04:11:00+00:00,1885.51,1885.52,1884.63,1885.02,71.26548105710442122
2026-08-12 04:12:00+00:00,1885.02,1886.37,1885,1886.37,2176.654537537089036737
2026-08-12 04:13:00+00:00,1886.37,1886.51,1886.02,1886.41,470.83238
2026-08-12 04:14:00+00:00,1886.41,1886.6,1885.99,1886.53,111.31168
2026-08-12 04:15:00+00:00,1886.53,1886.8,1886.53,1886.8,0.86682
2026-08-12 04:16:00+00:00,1886.8,1886.8,1886.8,1886.8,0
2026-08-12 04:17:00+00:00,1886.8,1886.98,1886.02,1886.53,1717.14852
2026-08-12 04:18:00+00:00,1886.53,1887.01,1886.53,1887.01,32.98303
2026-08-12 04:19:00+00:00,1887.01,1888.4,1887.01,1888.02,4724.326870620440960809
2026-08-12 04:20:00+00:00,1888.02,1889.34,1887.98,1889.34,2460.016357211202087703
2026-08-12 04:21:00+00:00,1889.34,1890.48,1889.02,1889.49,2288.495135724242856256
2026-08-12 04:22:00+00:00,1889.49,1892.36,1889.49,1892.33,3423.600756099630482096
2026-08-12 04:23:00+00:00,1892.33,1892.33,1890.74,1891.02,29.087385886509465683
2026-08-12 04:24:00+00:00,1891.02,1891.02,1890.98,1891.02,1.1028
2026-08-12 04:25:00+00:00,1891.02,1891.02,1890.98,1890.98,0.20472
2026-08-12 04:26:00+00:00,1890.98,1890.98,1890.5,1890.5,370.18285
2026-08-12 04:27:00+00:00,1890.5,1890.5,1889.97,1889.97,112.18748
2026-08-12 04:28:00+00:00,1889.97,1889.98,1889.53,1889.56,239.12346
2026-08-12 04:29:00+00:00,1889.56,1889.56,1888.68,1888.68,1435.93924
2026-08-12 04:30:00+00:00,1888.68,1888.79,1887.52,1887.53,880.05177
2026-08-12 04:31:00+00:00,1887.53,1887.53,1886.58,1887.02,2035.02356
2026-08-12 04:32:00+00:00,1887.02,1887.02,1886.47,1886.99,35.73524
2026-08-12 04:33:00+00:00,1886.99,1887.59,1886.97,1887.01,2057.42959
2026-08-12 04:34:00+00:00,1887.01,1887.01,1887.01,1887.01,0
2026-08-12 04:35:00+00:00,1887.01,1887.33,1886.99,1887.2,82.51827
2026-08-12 04:36:00+00:00,1887.2,1887.62,1886.98,1887.53,412.64542
2026-08-12 04:37:00+00:00,1887.53,1887.62,1886.98,1887.01,35.71782
2026-08-12 04:38:00+00:00,1887.01,1887.54,1886.98,1887.54,44.010525043223184285
2026-08-12 04:39:00+00:00,1887.54,1887.92,1887.32,1887.32,14.97361
2026-08-12 04:40:00+00:00,1887.32,1887.85,1886.98,1887.22,5.079031314445161217
2026-08-12 04:41:00+00:00,1887.22,1887.93,1887.02,1887.92,280.926095382019316864
2026-08-12 04:42:00+00:00,1887.92,1888.02,1887.92,1887.99,0.70949
2026-08-12 04:43:00+00:00,1887.99,1887.99,1886.98,1886.98,457.722172261501698166
2026-08-12 04:44:00+00:00,1886.98,1888.02,1886.98,1887.98,318.08157
2026-08-12 04:45:00+00:00,1887.98,1888.01,1887.38,1887.99,1.26736
2026-08-12 04:46:00+00:00,1887.99,1888,1887.98,1888,0.21278
2026-08-12 04:47:00+00:00,1888,1888.02,1887.98,1887.99,1.31513
2026-08-12 04:48:00+00:00,1887.99,1889.36,1887.64,1889.36,4744.666100706618009601
2026-08-12 04:49:00+00:00,1889.36,1889.64,1889.36,1889.64,188.23491
2026-08-12 04:50:00+00:00,1889.64,1890.62,1889.15,1889.15,1362.05433
2026-08-12 04:51:00+00:00,1889.15,1889.99,1889,1889.19,178.86872
2026-08-12 04:52:00+00:00,1889.19,1889.19,1888.98,1889.01,0.63626
2026-08-12 04:53:00+00:00,1889.01,1889.02,1888.99,1889.01,0.68145
2026-08-12 04:54:00+00:00,1889.01,1889.02,1889,1889.02,0.5669
2026-08-12 04:55:00+00:00,1889.02,1889.02,1888.94,1889.02,0.67144
2026-08-12 04:56:00+00:00,1889.02,1889.04,1888.67,1889.02,15.1128
2026-08-12 04:57:00+00:00,1889.02,1889.02,1888.98,1889.02,0.84544
2026-08-12 04:58:00+00:00,1889.02,1889.02,1887.66,1888.53,1297.88928
2026-08-12 04:59:00+00:00,1888.53,1888.61,1888.02,1888.53,253.78669
2026-08-12 05:00:00+00:00,1888.53,1888.53,1887.98,1888.53,220.621238645295934278
2026-08-12 05:01:00+00:00,1888.53,1888.53,1887.96,1888,126.301783053276910292
2026-08-12 05:02:00+00:00,1888,1888.04,1886.84,1886.86,3962.19878
2026-08-12 05:03:00+00:00,1886.86,1887.02,1886.86,1887.01,2.17069
2026-08-12 05:04:00+00:00,1887.01,1887.01,1886.98,1886.98,0.76828
2026-08-12 05:05:00+00:00,1886.98,1887.02,1886.18,1886.55,1662.09548
2026-08-12 05:06:00+00:00,1886.55,1886.55,1886.17,1886.17,12.0631
2026-08-12 05:07:00+00:00,1886.17,1886.56,1886.02,1886.53,72.38591
2026-08-12 05:08:00+00:00,1886.53,1887.02,1886.53,1886.99,0.29314920170602091
2026-08-12 05:09:00+00:00,1886.99,1887.4,1886.99,1887.33,2088.1465
2026-08-12 05:10:00+00:00,1887.33,1887.84,1887.33,1887.84,0.36141
2026-08-12 05:11:00+00:00,1887.84,1888.56,1887.84,1888.02,145.46395919187687001
2026-08-12 05:12:00+00:00,1888.02,1888.7,1887.99,1888.69,193.854455552236276193
2026-08-12 05:13:00+00:00,1888.69,1889.85,1888.68,1889.85,35474.77016
2026-08-12 05:14:00+00:00,1889.85,1889.98,1889.47,1889.47,73.48152
2026-08-12 05:15:00+00:00,1889.47,1889.47,1889.47,1889.47,0
2026-08-12 05:16:00+00:00,1889.47,1889.98,1889.01,1889.5,432.89717
2026-08-12 05:17:00+00:00,1889.5,1890.01,1889.5,1889.99,375.64581
2026-08-12 05:18:00+00:00,1889.99,1890.02,1889.99,1890.02,0.12561
2026-08-12 05:19:00+00:00,1890.02,1890.02,1889.67,1889.81,172.04899
2026-08-12 05:20:00+00:00,1889.81,1889.98,1889.59,1889.67,805.8183
2026-08-12 05:21:00+00:00,1889.67,1890.02,1889.67,1890.02,1.24256
2026-08-12 05:22:00+00:00,1890.02,1890.02,1889.94,1889.99,1.53325
2026-08-12 05:23:00+00:00,1889.99,1890.03,1888.99,1889.02,87.157811073368558147
2026-08-12 05:24:00+00:00,1889.02,1889.02,1888.99,1889.01,1.47495
2026-08-12 05:25:00+00:00,1889.01,1889.98,1888.99,1889.52,206.064498926631441853
2026-08-12 05:26:00+00:00,1889.52,1889.98,1889.48,1889.49,767.20927
2026-08-12 05:27:00+00:00,1889.49,1889.98,1889.21,1889.33,133.66915
2026-08-12 05:28:00+00:00,1889.33,1889.33,1889.33,1889.33,0
2026-08-12 05:29:00+00:00,1889.33,1889.33,1888.88,1888.88,0.426906755023650042
2026-08-12 05:30:00+00:00,1888.88,1890.01,1888.88,1889.96,121.309716303538502723
2026-08-12 05:31:00+00:00,1889.96,1890.02,1889.96,1889.98,1.886542179151388161
2026-08-12 05:32:00+00:00,1889.98,1890.54,1889.98,1890.54,2042.28908
2026-08-12 05:33:00+00:00,1890.54,1890.54,1889.99,1890.01,0.57855
2026-08-12 05:34:00+00:00,1890.01,1890.63,1890.01,1890.63,156.74085
2026-08-12 05:35:00+00:00,1890.63,1890.66,1889.99,1889.99,0.8867
2026-08-12 05:36:00+00:00,1889.99,1890.99,1889.99,1890.42,360.18902
2026-08-12 05:37:00+00:00,1890.42,1891.04,1890.42,1890.98,1.009203733126383523
2026-08-12 05:38:00+00:00,1890.98,1891.17,1890.98,1890.99,1.13026
2026-08-12 05:39:00+00:00,1890.99,1890.99,1890.41,1890.99,125.849982273131108008
2026-08-12 05:40:00+00:00,1890.99,1890.99,1890.02,1890.02,258.55443
2026-08-12 05:41:00+00:00,1890.02,1890.02,1889.98,1889.98,1.084049318892492632
2026-08-12 05:42:00+00:00,1889.98,1890.02,1889.98,1890,0.68142
2026-08-12 05:43:00+00:00,1890,1890.53,1889.99,1890.43,157.644812825555577786
2026-08-12 05:44:00+00:00,1890.43,1891.01,1890.02,1890.98,119.81035
2026-08-12 05:45:00+00:00,1890.98,1891.02,1890.47,1890.98,7.769487193968645859
2026-08-12 05:46:00+00:00,1890.98,1891.02,1890.98,1891.01,0.60357
2026-08-12 05:47:00+00:00,1891.01,1891.02,1890.98,1891.01,1.02980577743876364
2026-08-12 05:48:00+00:00,1891.01,1891.48,1891,1891.45,597.20521
2026-08-12 05:49:00+00:00,1891.45,1891.45,1891.45,1891.45,0
2026-08-12 05:50:00+00:00,1891.45,1891.45,1891.45,1891.45,0
2026-08-12 05:51:00+00:00,1891.45,1891.45,1891.45,1891.45,0
2026-08-12 05:52:00+00:00,1891.45,1891.45,1891.26,1891.3,0.694385682856659332
2026-08-12 05:53:00+00:00,1891.3,1891.3,1891.3,1891.3,0
2026-08-12 05:54:00+00:00,1891.3,1891.36,1889.78,1889.78,3.561236699949443847
2026-08-12 05:55:00+00:00,1889.78,1891.36,1889.74,1891.36,0.547905620791650335
2026-08-12 05:56:00+00:00,1891.36,1891.36,1891.36,1891.36,0
2026-08-12 05:57:00+00:00,1891.36,1891.36,1889.82,1891.36,5.495120411813113956
2026-08-12 05:58:00+00:00,1891.36,1891.36,1889.64,1891.36,4.789989373225550152
2026-08-12 05:59:00+00:00,1891.36,1891.36,1891.29,1891.29,0.049120243624863007
2026-08-12 06:00:00+00:00,1891.29,1891.36,1889.64,1889.64,2.934416353989396011
2026-08-12 06:01:00+00:00,1889.64,1889.98,1888.65,1888.98,110.416057231050493498
2026-08-12 06:02:00+00:00,1888.98,1889.61,1888.98,1889.53,148.933725073022206273
2026-08-12 06:03:00+00:00,1889.53,1889.53,1888.96,1889.02,0.520117159112369878
2026-08-12 06:04:00+00:00,1889.02,1889.02,1888.44,1889.02,1072.12449
2026-08-12 06:05:00+00:00,1889.02,1889.03,1889.02,1889.02,0.1955
2026-08-12 06:06:00+00:00,1889.02,1889.02,1889.02,1889.02,0
2026-08-12 06:07:00+00:00,1889.02,1889.02,1888.54,1888.67,187.69477
2026-08-12 06:08:00+00:00,1888.67,1888.98,1888.36,1888.36,340.76468
2026-08-12 06:09:00+00:00,1888.36,1888.36,1887.99,1888.02,0.566004145954521417
2026-08-12 06:10:00+00:00,1888.02,1888.02,1887.56,1887.56,57.3058312759783967
2026-08-12 06:11:00+00:00,1887.56,1887.98,1887.25,1887.47,203.481621708063967335
2026-08-12 06:12:00+00:00,1887.47,1887.47,1886.99,1886.99,1.256764408105885785
2026-08-12 06:13:00+00:00,1886.99,1887.02,1886.99,1887.02,0.24375
2026-08-12 06:14:00+00:00,1887.02,1887.02,1887.01,1887.02,0.33711
2026-08-12 06:15:00+00:00,1887.02,1887.02,1885.65,1885.67,132.242098011651225635
2026-08-12 06:16:00+00:00,1885.67,1887.52,1885.67,1887.51,3137.016535822883927916
2026-08-12 06:17:00+00:00,1887.51,1888.6,1887.51,1888.15,3369.24957
2026-08-12 06:18:00+00:00,1888.15,1888.15,1888.15,1888.15,0
2026-08-12 06:19:00+00:00,1888.15,1888.15,1887.63,1887.64,2061.69575
2026-08-12 06:20:00+00:00,1887.64,1888.02,1887.49,1887.98,111.243525770541044387
2026-08-12 06:21:00+00:00,1887.98,1887.98,1887.51,1887.51,190.47781
2026-08-12 06:22:00+00:00,1887.51,1887.98,1887.16,1887.16,106.43496
2026-08-12 06:23:00+00:00,1887.16,1887.16,1885.65,1886.01,2136.512893388748173861
2026-08-12 06:24:00+00:00,1886.01,1886.01,1885.49,1886,95.191034075771074625
2026-08-12 06:25:00+00:00,1886,1886.02,1884.64,1885.98,67.553294780056155875
2026-08-12 06:26:00+00:00,1885.98,1886.02,1885.44,1885.98,257.962807664483026767
2026-08-12 06:27:00+00:00,1885.98,1886.45,1885.98,1885.98,3213.538744947426307425
2026-08-12 06:28:00+00:00,1885.98,1885.99,1885.19,1885.19,188.54438
2026-08-12 06:29:00+00:00,1885.19,1885.65,1885.02,1885.64,349.81441
2026-08-12 06:30:00+00:00,1885.64,1885.65,1884.45,1884.96,4097.0542
2026-08-12 06:31:00+00:00,1884.96,1885.02,1884.96,1885.01,0.86994
2026-08-12 06:32:00+00:00,1885.01,1885.01,1884.41,1884.98,205.32425
2026-08-12 06:33:00+00:00,1884.98,1885.33,1884.98,1885.01,31.91565
2026-08-12 06:34:00+00:00,1885.01,1885.51,1885.01,1885.51,26.00977
2026-08-12 06:35:00+00:00,1885.51,1885.63,1885.02,1885.09,70.75382
2026-08-12 06:36:00+00:00,1885.09,1885.09,1884.48,1885,0.75503
2026-08-12 06:37:00+00:00,1885,1885.95,1885,1885.95,165.96399
2026-08-12 06:38:00+00:00,1885.95,1886.04,1885.28,1886,1501.83233
2026-08-12 06:39:00+00:00,1886,1886.01,1885.98,1885.98,0.70716
2026-08-12 06:40:00+00:00,1885.98,1886.01,1885.98,1885.98,0.49016
2026-08-12 06:41:00+00:00,1885.98,1886.02,1885.56,1885.67,295.18403
2026-08-12 06:42:00+00:00,1885.67,1886.35,1884.98,1885.93,216.910055153975058339
2026-08-12 06:43:00+00:00,1885.93,1885.99,1885.02,1885.33,592.61849
2026-08-12 06:44:00+00:00,1885.33,1885.52,1884.74,1885.02,0.85172
2026-08-12 06:45:00+00:00,1885.02,1886.04,1884.99,1886.01,62.07175
2026-08-12 06:46:00+00:00,1886.01,1886.37,1885.99,1886.37,2032.24217
2026-08-12 06:47:00+00:00,1886.37,1886.71,1886.01,1886.56,266.9454
2026-08-12 06:48:00+00:00,1886.56,1886.56,1885.99,1886.02,0.91397
2026-08-12 06:49:00+00:00,1886.02,1886.02,1886.02,1886.02,0
2026-08-12 06:50:00+00:00,1886.02,1886.02,1886.02,1886.02,0
2026-08-12 06:51:00+00:00,1886.02,1887.36,1885.96,1887.36,1.991414090900511464
2026-08-12 06:52:00+00:00,1887.36,1887.36,1886.42,1886.42,94.93671
2026-08-12 06:53:00+00:00,1886.42,1886.42,1885,1885.01,88.581257191552426824
2026-08-12 06:54:00+00:00,1885.01,1885.53,1884.99,1885.4,123.89239
2026-08-12 06:55:00+00:00,1885.4,1885.84,1884.99,1885.84,68.005387438216766273
2026-08-12 06:56:00+00:00,1885.84,1885.99,1885.49,1885.98,269.27477
2026-08-12 06:57:00+00:00,1885.98,1886.53,1885.67,1886.5,59.87434
2026-08-12 06:58:00+00:00,1886.5,1886.53,1886.5,1886.52,0.19254
2026-08-12 06:59:00+00:00,1886.52,1886.52,1886.2,1886.33,8.878
2026-08-12 07:00:00+00:00,1886.33,1887.12,1886.33,1887,110.00292
2026-08-12 07:01:00+00:00,1887,1887.52,1886.99,1887.51,57.36351
2026-08-12 07:02:00+00:00,1887.51,1887.53,1887.51,1887.53,1.25437
2026-08-12 07:03:00+00:00,1887.53,1888.56,1887.53,1888.56,105.41269
2026-08-12 07:04:00+00:00,1888.56,1889.02,1888.56,1889.02,2083.32632
2026-08-12 07:05:00+00:00,1889.02,1889.86,1889.02,1889.02,2.96826
2026-08-12 07:06:00+00:00,1889.02,1889.02,1888.97,1888.97,0.07109
2026-08-12 07:07:00+00:00,1888.97,1890.33,1888.97,1890.26,114.95271
2026-08-12 07:08:00+00:00,1890.26,1890.27,1889.02,1889.02,27.303919032436603522
2026-08-12 07:09:00+00:00,1889.02,1889.02,1888.67,1888.67,63.5833
2026-08-12 07:10:00+00:00,1888.67,1888.98,1888.54,1888.67,938.67527
2026-08-12 07:11:00+00:00,1888.67,1889.02,1888.67,1889,0.55285
2026-08-12 07:12:00+00:00,1889,1889.01,1888.98,1888.98,0.69187
2026-08-12 07:13:00+00:00,1888.98,1889.02,1888.98,1889.02,0.67159
2026-08-12 07:14:00+00:00,1889.02,1889.02,1888.98,1888.98,1.116169217204211446
2026-08-12 07:15:00+00:00,1888.98,1889.45,1888.59,1889.44,152.645800391397894277
2026-08-12 07:16:00+00:00,1889.44,1889.63,1889.02,1889.62,36.6858
2026-08-12 07:17:00+00:00,1889.62,1889.62,1889.01,1889.02,0.71047
2026-08-12 07:18:00+00:00,1889.02,1889.02,1888.96,1889.01,0.72694
2026-08-12 07:19:00+00:00,1889.01,1889.02,1888.99,1889,0.71953
2026-08-12 07:20:00+00:00,1889,1889.02,1889,1889.01,0.36582
2026-08-12 07:21:00+00:00,1889.01,1889.53,1889.01,1889.41,58.97333
2026-08-12 07:22:00+00:00,1889.41,1889.52,1888.98,1888.98,68.855050244735028432
2026-08-12 07:23:00+00:00,1888.98,1888.98,1888.88,1888.88,0.52705231391994104
2026-08-12 07:24:00+00:00,1888.88,1889.02,1888.88,1889.02,0.351110002964719833
2026-08-12 07:25:00+00:00,1889.02,1889.03,1889,1889.02,0.86455
2026-08-12 07:26:00+00:00,1889.02,1889.45,1889.02,1889.33,25.17561
2026-08-12 07:27:00+00:00,1889.33,1889.61,1889.04,1889.61,67.12527
2026-08-12 07:28:00+00:00,1889.61,1889.69,1889.01,1889.01,145.77412
2026-08-12 07:29:00+00:00,1889.01,1889.01,1888.16,1888.67,197.020580002964719833
2026-08-12 07:30:00+00:00,1888.67,1888.98,1888.31,1888.53,1604.37496
2026-08-12 07:31:00+00:00,1888.53,1889.53,1888.53,1889.53,36.3751
2026-08-12 07:32:00+00:00,1889.53,1890.41,1889.53,1890.41,0.40991022001832167
2026-08-12 07:33:00+00:00,1890.41,1890.85,1889.47,1889.67,116.870465113517917895
2026-08-12 07:34:00+00:00,1889.67,1890,1889.67,1890,0.1936
2026-08-12 07:35:00+00:00,1890,1890,1889.57,1889.67,31.599220337346209816
2026-08-12 07:36:00+00:00,1889.67,1889.98,1888.15,1888.4,42.729728640942208099
2026-08-12 07:37:00+00:00,1888.4,1888.65,1888.02,1888.65,67.663944996190029749
2026-08-12 07:38:00+00:00,1888.65,1888.66,1887.86,1887.98,32.80419
2026-08-12 07:39:00+00:00,1887.98,1888.02,1887.97,1887.98,0.69298
2026-08-12 07:40:00+00:00,1887.98,1887.98,1887.98,1887.98,0
2026-08-12 07:41:00+00:00,1887.98,1888,1887.59,1887.59,26.08534
2026-08-12 07:42:00+00:00,1887.59,1887.84,1887.59,1887.63,1.065244886482082105
2026-08-12 07:43:00+00:00,1887.63,1887.99,1887.63,1887.98,0.53913
2026-08-12 07:44:00+00:00,1887.98,1887.98,1887.98,1887.98,0
2026-08-12 07:45:00+00:00,1887.98,1887.98,1885.7,1885.7,23992.12012
2026-08-12 07:46:00+00:00,1885.7,1886.01,1885.7,1885.99,11182.45647
2026-08-12 07:47:00+00:00,1885.99,1886.53,1885.93,1886.53,42.557263921935548852
2026-08-12 07:48:00+00:00,1886.53,1887.36,1884.64,1887.36,32.770115119269610962
2026-08-12 07:49:00+00:00,1887.36,1887.36,1886.54,1886.65,31.68741
2026-08-12 07:50:00+00:00,1886.65,1886.65,1886.65,1886.65,0
2026-08-12 07:51:00+00:00,1886.65,1887.85,1886.65,1887.85,35.92724
2026-08-12 07:52:00+00:00,1887.85,1888.01,1887.84,1887.99,1.41624
2026-08-12 07:53:00+00:00,1887.99,1888.61,1887.98,1888.6,2080.35654
2026-08-12 07:54:00+00:00,1888.6,1889.02,1888.02,1889.02,36.48063
2026-08-12 07:55:00+00:00,1889.02,1890.02,1889,1890.02,95.997673585129355972
2026-08-12 07:56:00+00:00,1890.02,1890.4,1889.98,1889.98,12.07515
2026-08-12 07:57:00+00:00,1889.98,1890.39,1889.98,1889.99,32.768348864820821053
2026-08-12 07:58:00+00:00,1889.99,1891,1889.98,1890.99,64.786876879184338279
2026-08-12 07:59:00+00:00,1890.99,1891.02,1890.96,1890.99,1.491557973843248908
2026-08-12 08:00:00+00:00,1890.99,1891.12,1889.98,1890.67,293.78398737434817559
2026-08-12 08:01:00+00:00,1890.67,1890.67,1889.66,1890.53,135.690751992009276741
2026-08-12 08:02:00+00:00,1890.53,1891.02,1890.51,1891.02,1.78864
2026-08-12 08:03:00+00:00,1891.02,1892.46,1891.02,1891.98,2459.830703076668118335
2026-08-12 08:04:00+00:00,1891.98,1892.02,1891.37,1891.99,86.52887
2026-08-12 08:05:00+00:00,1891.99,1893.33,1891.99,1893.02,17.645874807207053133
2026-08-12 08:06:00+00:00,1893.02,1895.36,1893,1895.36,4711.468443270520322575
2026-08-12 08:07:00+00:00,1895.36,1895.44,1892.64,1892.64,4099.962134221105527638
2026-08-12 08:08:00+00:00,1892.64,1895.36,1892.64,1895.36,2.027061379677197972
2026-08-12 08:09:00+00:00,1895.36,1895.36,1893.99,1893.99,0.977903571854690972
2026-08-12 08:10:00+00:00,1893.99,1894.02,1892.98,1893.38,145.300464502646311607
2026-08-12 08:11:00+00:00,1893.38,1893.38,1893.01,1893.02,0.50844
2026-08-12 08:12:00+00:00,1893.02,1893.02,1892.45,1892.98,2217.013059118257962946
2026-08-12 08:13:00+00:00,1892.98,1892.99,1891.93,1891.95,824.794222969346938128
2026-08-12 08:14:00+00:00,1891.95,1891.99,1891.48,1891.49,270.891787030653061872
2026-08-12 08:15:00+00:00,1891.49,1892,1891.49,1891.99,0.793634049013596092
2026-08-12 08:16:00+00:00,1891.99,1892.64,1891.98,1892.63,161.435114576755382464
2026-08-12 08:17:00+00:00,1892.63,1893.01,1892.63,1892.99,3.37069149721319703
2026-08-12 08:18:00+00:00,1892.99,1893.02,1892.99,1893.02,1.75134
2026-08-12 08:19:00+00:00,1893.02,1893.33,1893,1893.01,31.62626
2026-08-12 08:20:00+00:00,1893.01,1893.99,1893,1893.98,68.301747514635223387
2026-08-12 08:21:00+00:00,1893.98,1894.01,1891.96,1892.33,188.386297704913685662
2026-08-12 08:22:00+00:00,1892.33,1892.33,1892.28,1892.3,1.78451
2026-08-12 08:23:00+00:00,1892.3,1893.02,1891.98,1893,129.84408
2026-08-12 08:24:00+00:00,1893,1893.02,1892.99,1893.02,0.78223
2026-08-12 08:25:00+00:00,1893.02,1893.02,1892.47,1892.47,316.74339
2026-08-12 08:26:00+00:00,1892.47,1893.36,1891.6,1893.36,1080.943201472703157833
2026-08-12 08:27:00+00:00,1893.36,1893.36,1891.93,1892.02,120.890852392280783335
2026-08-12 08:28:00+00:00,1892.02,1892.98,1891.98,1891.98,70.67087
2026-08-12 08:29:00+00:00,1891.98,1892.02,1891.97,1891.97,0.74676
2026-08-12 08:30:00+00:00,1891.97,1891.99,1891.02,1891.33,171.66616
2026-08-12 08:31:00+00:00,1891.33,1891.5,1890.63,1891.4,2175.19189
2026-08-12 08:32:00+00:00,1891.4,1891.4,1890.67,1890.67,58.91207
2026-08-12 08:33:00+00:00,1890.67,1891.85,1890.55,1891.85,37.016608724147037698
2026-08-12 08:34:00+00:00,1891.85,1891.85,1890.64,1890.98,5.930975735228822015
2026-08-12 08:35:00+00:00,1890.98,1892.02,1890.64,1892.02,310.66814753202984249
2026-08-12 08:36:00+00:00,1892.02,1892.02,1890.88,1890.99,145.281541655745006823
2026-08-12 08:37:00+00:00,1890.99,1891.49,1890.64,1890.98,283.526441805086483004
2026-08-12 08:38:00+00:00,1890.98,1892,1890.98,1891.04,6.131438490578151358
2026-08-12 08:39:00+00:00,1891.04,1891.21,1890.98,1891.02,1.071541560543705694
2026-08-12 08:40:00+00:00,1891.02,1891.02,1890.93,1890.98,0.782483600720838207
2026-08-12 08:41:00+00:00,1890.98,1891.03,1890.88,1890.88,1.32133427983573701
2026-08-12 08:42:00+00:00,1890.88,1890.99,1890.15,1890.23,1185.452410442157127694
2026-08-12 08:43:00+00:00,1890.23,1890.4,1890.15,1890.15,2.675643129909078719
2026-08-12 08:44:00+00:00,1890.15,1890.34,1889.64,1889.98,7.059368948469140872
2026-08-12 08:45:00+00:00,1889.98,1890.33,1889.67,1889.98,33.784062858284289928
2026-08-12 08:46:00+00:00,1889.98,1891.02,1889.98,1891.02,271.174140605584739256
2026-08-12 08:47:00+00:00,1891.02,1891.53,1890.98,1891.44,2032.827666502250066337
2026-08-12 08:48:00+00:00,1891.44,1891.53,1891.43,1891.44,1.16522
2026-08-12 08:49:00+00:00,1891.44,1891.76,1889.64,1891.76,3.166000681387809144
2026-08-12 08:50:00+00:00,1891.76,1891.76,1889.64,1889.64,0.317330830179847828
2026-08-12 08:51:00+00:00,1889.64,1891.37,1889.64,1889.64,6.346299325074102672
2026-08-12 08:52:00+00:00,1889.64,1890.47,1889.64,1889.64,0.256204513897960806
2026-08-12 08:53:00+00:00,1889.64,1890.47,1889.64,1890.47,7.00503414197550281
2026-08-12 08:54:00+00:00,1890.47,1890.47,1890.47,1890.47,0
2026-08-12 08:55:00+00:00,1890.47,1890.47,1889.64,1890.46,0.337688292132884865
2026-08-12 08:56:00+00:00,1890.46,1890.46,1889.64,1889.64,0.647179528588718784
2026-08-12 08:57:00+00:00,1889.64,1889.64,1889.64,1889.64,0
2026-08-12 08:58:00+00:00,1889.64,1890.01,1889.64,1889.99,6.022885140492458152
2026-08-12 08:59:00+00:00,1889.99,1890.02,1889.96,1889.96,1.978848573272259608
2026-08-12 09:00:00+00:00,1889.96,1890.02,1889.96,1889.99,0.66318
2026-08-12 09:01:00+00:00,1889.99,1890.01,1889.55,1889.55,2057.397729242294627601
2026-08-12 09:02:00+00:00,1889.55,1890.02,1889.25,1889.96,41.192558990319800791
2026-08-12 09:03:00+00:00,1889.96,1890.49,1889.96,1890.45,3130.316151017567451727
2026-08-12 09:04:00+00:00,1890.45,1890.84,1890.44,1890.84,0.45763
2026-08-12 09:05:00+00:00,1890.84,1891.02,1890.84,1891.02,1.622225646363544476
2026-08-12 09:06:00+00:00,1891.02,1891.69,1890.98,1890.98,2501.735200167222387457
2026-08-12 09:07:00+00:00,1890.98,1891.94,1890.96,1891.47,118.734427354259289238
2026-08-12 09:08:00+00:00,1891.47,1892,1891.47,1891.98,102.331710287021175296
2026-08-12 09:09:00+00:00,1891.98,1892,1891.93,1891.98,2.620502365843209274
2026-08-12 09:10:00+00:00,1891.98,1892.49,1891.98,1892.48,1075.82704
2026-08-12 09:11:00+00:00,1892.48,1892.49,1892.02,1892.33,536.7272
2026-08-12 09:12:00+00:00,1892.33,1892.85,1892.02,1892.85,678.381196223633363055
2026-08-12 09:13:00+00:00,1892.85,1892.85,1890.64,1892.12,124.629066355219575387
2026-08-12 09:14:00+00:00,1892.12,1892.12,1891.98,1892,1.61651
2026-08-12 09:15:00+00:00,1892,1892.84,1892,1892.83,110.42697
2026-08-12 09:16:00+00:00,1892.83,1893.02,1892.83,1893.02,1.40659
2026-08-12 09:17:00+00:00,1893.02,1893.77,1893.02,1893.47,35.41864334952738026
2026-08-12 09:18:00+00:00,1893.47,1894.02,1893.02,1894.02,199.964270636041182211
2026-08-12 09:19:00+00:00,1894.02,1896.33,1894,1896.33,6668.922852357203317946
2026-08-12 09:20:00+00:00,1896.33,1896.85,1894.65,1895,10.367714155990651688
2026-08-12 09:21:00+00:00,1895,1895.09,1893.64,1894.15,4083.923308027340958771
2026-08-12 09:22:00+00:00,1894.15,1894.56,1893.42,1894.56,48.388196802997519659
2026-08-12 09:23:00+00:00,1894.56,1895.84,1894.56,1895.83,3080.805842663496403105
2026-08-12 09:24:00+00:00,1895.83,1899.36,1895.83,1897.64,9663.010841299156732806
2026-08-12 09:25:00+00:00,1897.64,1904.72,1897.64,1900.74,11661.142458065781600072
2026-08-12 09:26:00+00:00,1900.74,1902.04,1900.07,1901.98,9350.164290147985672643
2026-08-12 09:27:00+00:00,1901.98,1903.6,1900.64,1901.49,37028.579688393412732486
2026-08-12 09:28:00+00:00,1901.49,1903,1901.49,1902.63,78.716899757022021522
2026-08-12 09:29:00+00:00,1902.63,1903.78,1902.63,1903.01,4096.050810242977978478
2026-08-12 09:30:00+00:00,1903.01,1905.36,1903.01,1904.17,3134.194929599879047033
2026-08-12 09:31:00+00:00,1904.17,1905.36,1903.15,1905.11,6276.575684080356931266
2026-08-12 09:32:00+00:00,1905.11,1908.38,1905.02,1908.38,12226.499972673154337358
2026-08-12 09:33:00+00:00,1908.38,1909.37,1906.75,1907.53,68.160163708695892231
2026-08-12 09:34:00+00:00,1907.53,1907.53,1903.72,1903.72,2627.738880643432633724
2026-08-12 09:35:00+00:00,1903.72,1906.39,1903.64,1906.02,2002.218389514873502187
2026-08-12 09:36:00+00:00,1906.02,1907.36,1905.01,1906.02,83.459128165615962653
2026-08-12 09:37:00+00:00,1906.02,1906.71,1905.01,1906.01,9776.816541638217501484
2026-08-12 09:38:00+00:00,1906.01,1906.02,1904.96,1904.96,21.555504728568339352
2026-08-12 09:39:00+00:00,1904.96,1906.36,1904.15,1904.15,1156.55387094692627857
2026-08-12 09:40:00+00:00,1904.15,1904.15,1902.66,1902.98,2019.931205744839012579
2026-08-12 09:41:00+00:00,1902.98,1903.07,1901.75,1901.75,2039.464512713008050969
2026-08-12 09:42:00+00:00,1901.75,1902.49,1901.75,1902.03,1.120017204271185427
2026-08-12 09:43:00+00:00,1902.03,1904.37,1902.02,1904.33,2713.544750575205474196
2026-08-12 09:44:00+00:00,1904.33,1905.36,1903.98,1904.02,34.873109365801557171
2026-08-12 09:45:00+00:00,1904.02,1904.53,1904.01,1904.53,287.492731596675175658
2026-08-12 09:46:00+00:00,1904.53,1905.33,1904.01,1904.53,240.145628808715362183
2026-08-12 09:47:00+00:00,1904.53,1905.02,1904,1904.46,229.277375667133434169
2026-08-12 09:48:00+00:00,1904.46,1905.36,1904,1905.35,102.582358684057531702
2026-08-12 09:49:00+00:00,1905.35,1905.35,1902.64,1902.64,0.805654507636761044
2026-08-12 09:50:00+00:00,1902.64,1905.31,1902.64,1903.92,1.34132578947368421
2026-08-12 09:51:00+00:00,1903.92,1904.02,1903.3,1903.3,2088.693647484179292597
2026-08-12 09:52:00+00:00,1903.3,1903.3,1902.15,1902.41,2194.389378899962771421
2026-08-12 09:53:00+00:00,1902.41,1903.02,1902.41,1902.99,157.329967888018221685
2026-08-12 09:54:00+00:00,1902.99,1903.02,1902.88,1902.99,1.48415
2026-08-12 09:55:00+00:00,1902.99,1903.02,1902.96,1903.02,1.061402458906125194
2026-08-12 09:56:00+00:00,1903.02,1903.82,1903.01,1903.75,31045.65294
2026-08-12 09:57:00+00:00,1903.75,1904.11,1902.99,1904.11,0.949247234681765181
2026-08-12 09:58:00+00:00,1904.11,1905,1903.93,1904.99,1496.73500126050420168
2026-08-12 09:59:00+00:00,1904.99,1905.02,1904.98,1904.98,2.608578282149407665
2026-08-12 10:00:00+00:00,1904.98,1906.67,1904.98,1906.15,4837.463478689068133353
2026-08-12 10:01:00+00:00,1906.15,1907.52,1906.01,1907.52,1677.033393725272361891
2026-08-12 10:02:00+00:00,1907.52,1913.36,1907.52,1911.64,10472.769613191338585409
2026-08-12 10:03:00+00:00,1911.64,1912.12,1909.88,1909.95,2408.676482016544575091
2026-08-12 10:04:00+00:00,1909.95,1911.7,1909.93,1910.12,553.665801810837897939
2026-08-12 10:05:00+00:00,1910.12,1910.12,1908.67,1908.98,119.530655310847504076
2026-08-12 10:06:00+00:00,1908.98,1909.02,1908.39,1908.39,2015.26370372865064323
2026-08-12 10:07:00+00:00,1908.39,1909.53,1908.39,1909.48,34.519599884891287656
2026-08-12 10:08:00+00:00,1909.48,1911,1909.47,1910.33,168.46255365882771763
2026-08-12 10:09:00+00:00,1910.33,1910.53,1908.64,1910.07,54.98115555105827052
2026-08-12 10:10:00+00:00,1910.07,1910.07,1909.16,1910.02,78.416088588595451573
2026-08-12 10:11:00+00:00,1910.02,1910.48,1909.98,1910.47,31.56914
2026-08-12 10:12:00+00:00,1910.47,1911.53,1910.02,1911.53,98.331819513477975016
2026-08-12 10:13:00+00:00,1911.53,1912.04,1911.01,1912,35.83405
2026-08-12 10:14:00+00:00,1912,1912.02,1910.99,1910.99,66.80622
2026-08-12 10:15:00+00:00,1910.99,1913.53,1910.99,1913.53,4326.80855
2026-08-12 10:16:00+00:00,1913.53,1913.53,1912.15,1912.15,4115.71967
2026-08-12 10:17:00+00:00,1912.15,1912.15,1910.64,1911.33,78.623490987386513745
2026-08-12 10:18:00+00:00,1911.33,1911.99,1910.98,1911.49,152.86895670784052389
2026-08-12 10:19:00+00:00,1911.49,1911.98,1910.93,1911.07,94.272764232007442875
2026-08-12 10:20:00+00:00,1911.07,1913.48,1911.02,1913.48,6656.48773692474927749
2026-08-12 10:21:00+00:00,1913.48,1914.17,1912.64,1913.28,169.991196210343076036
2026-08-12 10:22:00+00:00,1913.28,1913.28,1911.91,1912.02,47.519222216148493599
2026-08-12 10:23:00+00:00,1912.02,1912.99,1911.93,1912.61,264.582824608713632074
2026-08-12 10:24:00+00:00,1912.61,1913.36,1911.99,1911.99,57.254825899360341047
2026-08-12 10:25:00+00:00,1911.99,1912.04,1910.99,1910.99,2030.93554
2026-08-12 10:26:00+00:00,1910.99,1911.02,1910.93,1911.01,2.42704405107006436
2026-08-12 10:27:00+00:00,1911.01,1911.98,1911.01,1911.68,57.71492
2026-08-12 10:28:00+00:00,1911.68,1911.68,1910.47,1910.47,2230.4572745224236841
2026-08-12 10:29:00+00:00,1910.47,1910.98,1910.24,1910.24,971.72622
2026-08-12 10:30:00+00:00,1910.24,1910.5,1909.69,1910,548.920358971823904923
2026-08-12 10:31:00+00:00,1910,1910.99,1909.96,1910.99,100.830361970010582714
2026-08-12 10:32:00+00:00,1910.99,1911.82,1910.98,1911.7,2189.674341924686192468
2026-08-12 10:33:00+00:00,1911.7,1912.45,1911.41,1912.2,1633.67152
2026-08-12 10:34:00+00:00,1912.2,1912.53,1910.64,1911.2,38.569316128547877249
2026-08-12 10:35:00+00:00,1911.2,1911.96,1911,1911.47,160.554410078873354494
2026-08-12 10:36:00+00:00,1911.47,1911.72,1910,1910.05,2047.147072723020492808
2026-08-12 10:37:00+00:00,1910.05,1910.16,1908.71,1908.71,2007.005660132902219938
2026-08-12 10:38:00+00:00,1908.71,1910.02,1908.71,1909.47,488.8312
2026-08-12 10:39:00+00:00,1909.47,1910.41,1909.47,1910.33,155.01761
2026-08-12 10:40:00+00:00,1910.33,1910.99,1910.02,1910.98,198.22894
2026-08-12 10:41:00+00:00,1910.98,1911.53,1910.98,1911.52,1963.2803
2026-08-12 10:42:00+00:00,1911.52,1911.52,1910.93,1910.98,1.607977446808510638
2026-08-12 10:43:00+00:00,1910.98,1912.11,1910.98,1911.16,1072.46587
2026-08-12 10:44:00+00:00,1911.16,1911.37,1910.98,1910.98,5.156862382821075176
2026-08-12 10:45:00+00:00,1910.98,1911.07,1910.98,1910.98,1.397791186454017306
2026-08-12 10:46:00+00:00,1910.98,1911.02,1910.48,1910.53,113.49704323315904892
2026-08-12 10:47:00+00:00,1910.53,1910.53,1908.64,1908.64,2026.440277443560524618
2026-08-12 10:48:00+00:00,1908.64,1910.51,1908.64,1908.64,2086.15242721036769852
2026-08-12 10:49:00+00:00,1908.64,1908.64,1907.12,1907.98,9.122040122090911116
2026-08-12 10:50:00+00:00,1907.98,1908.98,1907.98,1908.15,195.214413192139519262
2026-08-12 10:51:00+00:00,1908.15,1908.88,1908.15,1908.31,2.936245432922459185
2026-08-12 10:52:00+00:00,1908.31,1909.4,1908.31,1909.3,2010.014416229453062597
2026-08-12 10:53:00+00:00,1909.3,1909.3,1908.98,1908.98,5.14660832523912579
2026-08-12 10:54:00+00:00,1908.98,1908.98,1908.98,1908.98,0
2026-08-12 10:55:00+00:00,1908.98,1909.46,1908.98,1909.36,62.12066
2026-08-12 10:56:00+00:00,1909.36,1909.36,1908.5,1908.5,142.277826754265053418
2026-08-12 10:57:00+00:00,1908.5,1908.98,1908.01,1908.01,248.36904
2026-08-12 10:58:00+00:00,1908.01,1908.5,1907.98,1908.33,211.947566453328637307
2026-08-12 10:59:00+00:00,1908.33,1908.5,1907.98,1907.98,0.46916
2026-08-12 11:00:00+00:00,1907.98,1910.39,1907.98,1910.38,2840.111883612565445026
2026-08-12 11:01:00+00:00,1910.38,1910.51,1909.6,1909.8,140.784373612565445026
2026-08-12 11:02:00+00:00,1909.8,1910,1908.01,1908.01,2072.0463
2026-08-12 11:03:00+00:00,1908.01,1908.01,1907.47,1907.47,31.519983124210583834
2026-08-12 11:04:00+00:00,1907.47,1907.98,1906.98,1906.98,233.86569
2026-08-12 11:05:00+00:00,1906.98,1907.33,1906.55,1906.99,2089.06898
2026-08-12 11:06:00+00:00,1906.99,1907.57,1906.48,1907.33,354.74066
2026-08-12 11:07:00+00:00,1907.33,1907.98,1906.98,1907.49,372.020683753415300546
2026-08-12 11:08:00+00:00,1907.49,1909.36,1906.61,1909.36,590.475518260729490122
2026-08-12 11:09:00+00:00,1909.36,1909.36,1906.64,1906.64,1977.985541589302048162
2026-08-12 11:10:00+00:00,1906.64,1909.36,1906.63,1907.98,289.48632465273527403
2026-08-12 11:11:00+00:00,1907.98,1909.31,1907.98,1909.31,199.158242643572446962
2026-08-12 11:12:00+00:00,1909.31,1910.36,1908.96,1908.96,23943.96885
2026-08-12 11:13:00+00:00,1908.96,1909.02,1908.5,1908.5,1327.797047537977998952
2026-08-12 11:14:00+00:00,1908.5,1908.98,1907.98,1907.98,164.340821408370981436
2026-08-12 11:15:00+00:00,1907.98,1908.98,1907.98,1908.67,216.87402
2026-08-12 11:16:00+00:00,1908.67,1908.98,1907.98,1907.98,213.569302200097618835
2026-08-12 11:17:00+00:00,1907.98,1910,1907.98,1910,2085.706826433591493147
2026-08-12 11:18:00+00:00,1910,1910.09,1909.01,1909.4,110.396657588952815279
2026-08-12 11:19:00+00:00,1909.4,1910.02,1909.4,1910,1.62751
2026-08-12 11:20:00+00:00,1910,1910.47,1909.98,1910,61.72494
2026-08-12 11:21:00+00:00,1910,1910.46,1910,1910.46,0.814978204411356651
2026-08-12 11:22:00+00:00,1910.46,1910.46,1909.98,1909.98,119.05399
2026-08-12 11:23:00+00:00,1909.98,1911.61,1909.98,1911.04,1074.1064636665962306
2026-08-12 11:24:00+00:00,1911.04,1911.04,1910.99,1910.99,0.28107
2026-08-12 11:25:00+00:00,1910.99,1911.47,1910.98,1910.98,31.48184
2026-08-12 11:26:00+00:00,1910.98,1911.49,1910.98,1911.47,153.55551
2026-08-12 11:27:00+00:00,1911.47,1912.18,1911.02,1912.02,245.64777
2026-08-12 11:28:00+00:00,1912.02,1912.02,1911.48,1911.48,25.55893
2026-08-12 11:29:00+00:00,1911.48,1913.01,1911.48,1913.01,132.88245
2026-08-12 11:30:00+00:00,1913.01,1914.62,1913.01,1913.99,8422.557571924405932698
2026-08-12 11:31:00+00:00,1913.99,1914.33,1913.8,1914.33,94.86441
2026-08-12 11:32:00+00:00,1914.33,1914.53,1913.99,1914.02,2835.63963
2026-08-12 11:33:00+00:00,1914.02,1914.02,1913.25,1913.25,4713.892572302136567644
2026-08-12 11:34:00+00:00,1913.25,1913.28,1911.87,1911.88,6811.098710626290181815
2026-08-12 11:35:00+00:00,1911.88,1912.07,1911.48,1911.48,1.00537
2026-08-12 11:36:00+00:00,1911.48,1911.49,1910.98,1911.01,0.875246816923664561
2026-08-12 11:37:00+00:00,1911.01,1911.01,1910.98,1910.99,0.39256
2026-08-12 11:38:00+00:00,1910.99,1910.99,1910.98,1910.99,0.284069354209074877
2026-08-12 11:39:00+00:00,1910.99,1912.79,1910.99,1912.16,13393.704622556786153624
2026-08-12 11:40:00+00:00,1912.16,1913.34,1912.16,1913,2011.1547
2026-08-12 11:41:00+00:00,1913,1913.02,1912.99,1912.99,0.19851
2026-08-12 11:42:00+00:00,1912.99,1913.37,1912.67,1913.37,4064.56228
2026-08-12 11:43:00+00:00,1913.37,1913.37,1912.16,1912.16,83.287261763495238955
2026-08-12 11:44:00+00:00,1912.16,1913.02,1912.16,1912.98,104.10313
2026-08-12 11:45:00+00:00,1912.98,1913.02,1912.43,1912.67,387.643546820095058326
2026-08-12 11:46:00+00:00,1912.67,1913.01,1912.48,1912.99,526.19766
2026-08-12 11:47:00+00:00,1912.99,1913.02,1912.98,1913.01,0.71451
2026-08-12 11:48:00+00:00,1913.01,1913.84,1912.99,1913.84,67.28544
2026-08-12 11:49:00+00:00,1913.84,1913.85,1911.64,1913.46,22.694666022501395876
2026-08-12 11:50:00+00:00,1913.46,1915.2,1913.29,1915.14,5325.814077969627068138
2026-08-12 11:51:00+00:00,1915.14,1915.14,1913.8,1914.33,145.052207772648011665
2026-08-12 11:52:00+00:00,1914.33,1914.85,1914.01,1914.01,96.24797
2026-08-12 11:53:00+00:00,1914.01,1914.01,1913.98,1913.99,0.3653
2026-08-12 11:54:00+00:00,1913.99,1914.01,1913.57,1914.01,86.69106
2026-08-12 11:55:00+00:00,1914.01,1914.02,1913.99,1914.02,0.863240481175591739
2026-08-12 11:56:00+00:00,1914.02,1914.6,1913.98,1913.98,74.038349518824408261
2026-08-12 11:57:00+00:00,1913.98,1914.02,1913.98,1913.98,0.18473
2026-08-12 11:58:00+00:00,1913.98,1915.33,1913.98,1915.33,44.426195065274151436
2026-08-12 11:59:00+00:00,1915.33,1915.33,1914.82,1914.83,3.34082
2026-08-12 12:00:00+00:00,1914.83,1917.02,1914.83,1916.67,10088.102828186058112867
2026-08-12 12:01:00+00:00,1916.67,1916.67,1914.64,1915.42,3535.9606
2026-08-12 12:02:00+00:00,1915.42,1915.42,1914.98,1914.98,0.07851
2026-08-12 12:03:00+00:00,1914.98,1915.98,1914.98,1915.18,9953.02117
2026-08-12 12:04:00+00:00,1915.18,1916.67,1915,1916.02,134.243583460655395533
2026-08-12 12:05:00+00:00,1916.02,1916.02,1915.49,1915.5,108.675274359349067337
2026-08-12 12:06:00+00:00,1915.5,1915.5,1914.38,1915,1205.491529480665028019
2026-08-12 12:07:00+00:00,1915,1915.33,1914.49,1915.33,414.48956
2026-08-12 12:08:00+00:00,1915.33,1916.55,1914.98,1916.49,2602.004172041191460918
2026-08-12 12:09:00+00:00,1916.49,1916.49,1915.98,1915.98,0.66341
2026-08-12 12:10:00+00:00,1915.98,1915.99,1914.36,1914.36,2610.091588094142100184
2026-08-12 12:11:00+00:00,1914.36,1914.63,1913.86,1914.12,123.239902330063542383
2026-08-12 12:12:00+00:00,1914.12,1914.92,1913.98,1914.92,369.286415584930497876
2026-08-12 12:13:00+00:00,1914.92,1915.12,1914.92,1914.98,0.8547
2026-08-12 12:14:00+00:00,1914.98,1914.98,1913.58,1913.58,2099.35285
2026-08-12 12:15:00+00:00,1913.58,1915.55,1913.58,1915.53,79967.70887
2026-08-12 12:16:00+00:00,1915.53,1916.69,1915.02,1915.99,2471.417325584930497876
2026-08-12 12:17:00+00:00,1915.99,1918.36,1915.63,1917.51,9084.102696284619497446
2026-08-12 12:18:00+00:00,1917.51,1917.51,1917.51,1917.51,0
2026-08-12 12:19:00+00:00,1917.51,1917.51,1914.7,1915.2,144.91447
2026-08-12 12:20:00+00:00,1915.2,1916.51,1914.66,1916.42,2082.37725
2026-08-12 12:21:00+00:00,1916.42,1916.73,1915,1915.02,2230.83778
2026-08-12 12:22:00+00:00,1915.02,1915.4,1914.96,1914.96,93.90204
2026-08-12 12:23:00+00:00,1914.96,1915.02,1913.51,1913.67,159.16944
2026-08-12 12:24:00+00:00,1913.67,1914.02,1913.51,1914.01,12.567892527732113995
2026-08-12 12:25:00+00:00,1914.01,1914.01,1913.21,1913.27,56.41671
2026-08-12 12:26:00+00:00,1913.27,1914,1913.26,1914,43.06767
2026-08-12 12:27:00+00:00,1914,1915.53,1914,1915.53,2202.9719
2026-08-12 12:28:00+00:00,1915.53,1919.04,1914.99,1919.04,3107.682230379801114307
2026-08-12 12:29:00+00:00,1919.04,1922.48,1919.01,1921.23,29293.053767454942897135
2026-08-12 12:30:00+00:00,1921.23,1925.36,1908.64,1911.53,14080.883850680681872276
2026-08-12 12:31:00+00:00,1911.53,1912.13,1907.12,1910.65,38022.11836
2026-08-12 12:32:00+00:00,1910.65,1913.36,1910,1913.36,3390.21548
2026-08-12 12:33:00+00:00,1913.36,1916.35,1913.36,1916.35,51738.357505139335544339
2026-08-12 12:34:00+00:00,1916.35,1917.33,1913.36,1913.36,4366.28141
2026-08-12 12:35:00+00:00,1913.36,1914.53,1910.12,1910.53,25008.5233
2026-08-12 12:36:00+00:00,1910.53,1912.39,1910.52,1912.33,17601.625342376362242117
2026-08-12 12:37:00+00:00,1912.33,1913.2,1911.34,1911.39,2111.60306
2026-08-12 12:38:00+00:00,1911.39,1911.98,1910.27,1910.89,9128.90615
2026-08-12 12:39:00+00:00,1910.89,1910.89,1907.63,1909.06,14640.289154485488126649
2026-08-12 12:40:00+00:00,1909.06,1910.19,1909.02,1909.15,2099.48884
2026-08-12 12:41:00+00:00,1909.15,1910.02,1908.47,1909.02,2150.04218201270020905
2026-08-12 12:42:00+00:00,1909.02,1909.02,1905.64,1906.99,4547.836175906976108551
2026-08-12 12:43:00+00:00,1906.99,1909.36,1906.99,1909.02,2049.595978730641081885
2026-08-12 12:44:00+00:00,1909.02,1909.56,1907.65,1907.65,2217.727265320428982475
2026-08-12 12:45:00+00:00,1907.65,1909.06,1907.64,1907.91,182.094387130763226411
2026-08-12 12:46:00+00:00,1907.91,1907.91,1904.64,1906,6080.395847502220963198
2026-08-12 12:47:00+00:00,1906,1907.32,1905.04,1907.02,5617.75424
2026-08-12 12:48:00+00:00,1907.02,1907.02,1905.63,1907.02,2081.49977
2026-08-12 12:49:00+00:00,1907.02,1907.02,1904.86,1904.86,1055.642587154885513012
2026-08-12 12:50:00+00:00,1904.86,1907.65,1904.8,1907.65,2170.006135899553255043
2026-08-12 12:51:00+00:00,1907.65,1908.65,1907.39,1908.65,2204.997821200654101763
2026-08-12 12:52:00+00:00,1908.65,1910,1908.01,1910,2897.323554083769633507
2026-08-12 12:53:00+00:00,1910,1912.38,1910,1912.15,5467.309155610412004587
2026-08-12 12:54:00+00:00,1912.15,1912.15,1910.65,1911.27,10705.90293
2026-08-12 12:55:00+00:00,1911.27,1911.53,1910.44,1910.45,86.029339373709818185
2026-08-12 12:56:00+00:00,1910.45,1910.45,1909.24,1909.25,2609.66462
2026-08-12 12:57:00+00:00,1909.25,1910.41,1908.66,1910.33,2155.72634
2026-08-12 12:58:00+00:00,1910.33,1910.53,1908.64,1908.64,156.431
2026-08-12 12:59:00+00:00,1908.64,1910.62,1908.64,1910.58,416.46523
2026-08-12 13:00:00+00:00,1910.58,1911.71,1909.01,1909.01,7062.491072158499254336
2026-08-12 13:01:00+00:00,1909.01,1909.7,1908.29,1908.29,220.86975
2026-08-12 13:02:00+00:00,1908.29,1908.53,1907.47,1907.67,2137.262912271059198523
2026-08-12 13:03:00+00:00,1907.67,1908.53,1907.53,1908.01,7225.80289
2026-08-12 13:04:00+00:00,1908.01,1909.01,1907.15,1909,5189.801443346984157909
2026-08-12 13:05:00+00:00,1909,1909.01,1906.93,1907.03,2059.67486
2026-08-12 13:06:00+00:00,1907.03,1908.33,1907,1908.33,150.50083
2026-08-12 13:07:00+00:00,1908.33,1909.52,1908.33,1909.52,2045.3783
2026-08-12 13:08:00+00:00,1909.52,1909.52,1908.36,1909,2035.89323
2026-08-12 13:09:00+00:00,1909,1909.85,1908.96,1909.85,170.424764863676938116
2026-08-12 13:10:00+00:00,1909.85,1910.29,1908.18,1908.19,136.649569685863874345
2026-08-12 13:11:00+00:00,1908.19,1908.21,1906.67,1906.67,2079.14562
2026-08-12 13:12:00+00:00,1906.67,1907.06,1906.67,1906.99,31.824110961844974449
2026-08-12 13:13:00+00:00,1906.99,1907.02,1904.65,1905.04,2096.41197
2026-08-12 13:14:00+00:00,1905.04,1907.87,1904.65,1907.87,207.406102824554253133
2026-08-12 13:15:00+00:00,1907.87,1910.36,1907.87,1909.47,30746.728423428506129231
2026-08-12 13:16:00+00:00,1909.47,1909.99,1907.96,1907.96,110.80841
2026-08-12 13:17:00+00:00,1907.96,1908.53,1907.83,1907.83,97.62747
2026-08-12 13:18:00+00:00,1907.83,1907.99,1907.57,1907.99,41.66864
2026-08-12 13:19:00+00:00,1907.99,1908.54,1907.98,1907.98,200.16956179909382374
2026-08-12 13:20:00+00:00,1907.98,1908.47,1907.98,1908.33,155.63475
2026-08-12 13:21:00+00:00,1908.33,1908.33,1907.56,1907.57,12.67439
2026-08-12 13:22:00+00:00,1907.57,1908.02,1907.33,1907.33,32.50654
2026-08-12 13:23:00+00:00,1907.33,1908.62,1907.32,1907.93,3201.18443
2026-08-12 13:24:00+00:00,1907.93,1908.41,1907.46,1907.67,10118.51755
2026-08-12 13:25:00+00:00,1907.67,1907.67,1905.08,1906.02,11619.5327
2026-08-12 13:26:00+00:00,1906.02,1906.14,1905.67,1906.02,22.07334
2026-08-12 13:27:00+00:00,1906.02,1906.02,1906.02,1906.02,0.12854
2026-08-12 13:28:00+00:00,1906.02,1906.02,1904.9,1905.53,602.15482
2026-08-12 13:29:00+00:00,1905.53,1906.02,1905.53,1905.99,0.6051
2026-08-12 13:30:00+00:00,1905.99,1908.32,1905.68,1905.99,12.324308680738786279
2026-08-12 13:31:00+00:00,1905.99,1905.99,1901.64,1903.35,16129.46554773694352829
2026-08-12 13:32:00+00:00,1903.35,1906.65,1903.01,1906.65,46381.38216
2026-08-12 13:33:00+00:00,1906.65,1907.38,1905.79,1905.98,6521.230566741265093261
2026-08-12 13:34:00+00:00,1905.98,1906.02,1903.67,1903.67,2177.908
2026-08-12 13:35:00+00:00,1903.67,1904.49,1903.06,1904.49,22990.18405
2026-08-12 13:36:00+00:00,1904.49,1906.19,1904.12,1904.47,3051.05733
2026-08-12 13:37:00+00:00,1904.47,1905.12,1902.8,1902.8,606.44937
2026-08-12 13:38:00+00:00,1902.8,1903.76,1902.15,1903.76,14309.738119060423283311
2026-08-12 13:39:00+00:00,1903.76,1904.35,1901.65,1904.2,2140.6146
2026-08-12 13:40:00+00:00,1904.2,1904.2,1901.19,1901.96,481.892388912555634807
2026-08-12 13:41:00+00:00,1901.96,1903.83,1900.03,1903.01,4090.983960224055277308
2026-08-12 13:42:00+00:00,1903.01,1904.5,1902.48,1904.02,16467.18818
2026-08-12 13:43:00+00:00,1904.02,1904.9,1903.91,1903.91,227.70682
2026-08-12 13:44:00+00:00,1903.91,1903.98,1902.51,1903.85,4095.71721
2026-08-12 13:45:00+00:00,1903.85,1906.28,1903.85,1905.16,2170.13171
2026-08-12 13:46:00+00:00,1905.16,1905.48,1902.65,1905.07,78.40338
2026-08-12 13:47:00+00:00,1905.07,1905.12,1903.64,1903.64,1.397426029643314508
2026-08-12 13:48:00+00:00,1903.64,1906.94,1903.64,1906.19,2953.26293
2026-08-12 13:49:00+00:00,1906.19,1907.34,1904,1904.2,3215.35385
2026-08-12 13:50:00+00:00,1904.2,1904.85,1902.51,1902.51,16116.353223242193325016
2026-08-12 13:51:00+00:00,1902.51,1904.56,1902.51,1902.98,5176.52325
2026-08-12 13:52:00+00:00,1902.98,1903.01,1901.47,1901.47,2162.81229
2026-08-12 13:53:00+00:00,1901.47,1902.36,1900.37,1901.85,5146.581680269493980965
2026-08-12 13:54:00+00:00,1901.85,1902.94,1900.65,1902.2,4314.72962
2026-08-12 13:55:00+00:00,1902.2,1902.3,1899.38,1901.52,21045.728261735718807937
2026-08-12 13:56:00+00:00,1901.52,1901.52,1898.65,1899.66,4115.249979354209074877
2026-08-12 13:57:00+00:00,1899.66,1903,1899.66,1902.99,4150.83565
2026-08-12 13:58:00+00:00,1902.99,1903.45,1902.8,1903.02,2094.34885567778529427
2026-08-12 13:59:00+00:00,1903.02,1903.52,1900.47,1900.47,3020.472158091121651842
2026-08-12 14:00:00+00:00,1900.47,1900.63,1897.48,1897.48,2234.38469
2026-08-12 14:01:00+00:00,1897.48,1898.08,1895.64,1895.87,292.151127443905607915
2026-08-12 14:02:00+00:00,1895.87,1896.36,1893.64,1896.36,30.788221062124209442
2026-08-12 14:03:00+00:00,1896.36,1896.36,1891.47,1893.53,11247.44231
2026-08-12 14:04:00+00:00,1893.53,1893.84,1891.63,1891.8,4477.241831113009108636
2026-08-12 14:05:00+00:00,1891.8,1892.02,1887.64,1888.65,47906.946888625416110498
2026-08-12 14:06:00+00:00,1888.65,1890.98,1888.65,1889.02,14331.59518798330528869
2026-08-12 14:07:00+00:00,1889.02,1891.42,1889.02,1891.33,13383.051579639355315329
2026-08-12 14:08:00+00:00,1891.33,1892.85,1889.65,1892.84,37091.45538
2026-08-12 14:09:00+00:00,1892.84,1894.2,1892.35,1893.33,140.09994
2026-08-12 14:10:00+00:00,1893.33,1898.76,1893.33,1898.76,175.323140269493980965
2026-08-12 14:11:00+00:00,1898.76,1902.36,1898.76,1901.32,34.161344659248531604
2026-08-12 14:12:00+00:00,1901.32,1902.63,1901.12,1902.33,4760.97747
2026-08-12 14:13:00+00:00,1902.33,1902.49,1900.15,1900.15,129.326
2026-08-12 14:14:00+00:00,1900.15,1900.15,1898.21,1898.82,2403.349212297096627409
2026-08-12 14:15:00+00:00,1898.82,1899.36,1896.86,1899.36,186.97361018064889666
2026-08-12 14:16:00+00:00,1899.36,1899.36,1895.64,1896.67,4209.978086287153469216
2026-08-12 14:17:00+00:00,1896.67,1897.04,1895.65,1896.43,1177.803152697216968184
2026-08-12 14:18:00+00:00,1896.43,1897.94,1895.66,1897.94,8140.203268473384478827
2026-08-12 14:19:00+00:00,1897.94,1897.94,1895.58,1895.58,4081.112315705845387565
2026-08-12 14:20:00+00:00,1895.58,1896.62,1892.65,1893.56,8297.814193903847040499
2026-08-12 14:21:00+00:00,1893.56,1895.36,1893.56,1895.34,4038.961955861766647502
2026-08-12 14:22:00+00:00,1895.34,1895.34,1892.61,1892.61,1239.789985516363835326
2026-08-12 14:23:00+00:00,1892.61,1894.42,1892.23,1893.98,10506.296649685863874345
2026-08-12 14:24:00+00:00,1893.98,1894.43,1892.63,1892.63,2153.030866641690012416
2026-08-12 14:25:00+00:00,1892.63,1894.12,1892.63,1892.63,4157.257256132792701469
2026-08-12 14:26:00+00:00,1892.63,1895.1,1892.49,1895.09,399.005151636608379023
2026-08-12 14:27:00+00:00,1895.09,1895.09,1894.49,1895.02,17.826857226677923174
2026-08-12 14:28:00+00:00,1895.02,1896.51,1894.37,1894.38,12913.527188733509234828
2026-08-12 14:29:00+00:00,1894.38,1894.38,1890.64,1891.33,1426.5311861944138626
2026-08-12 14:30:00+00:00,1891.33,1892.55,1890.77,1892.48,1614.407141185534350909
2026-08-12 14:31:00+00:00,1892.48,1892.48,1886.85,1891.44,30904.773392988222709451
2026-08-12 14:32:00+00:00,1891.44,1893.36,1891.01,1891.77,10.356164282882210393
2026-08-12 14:33:00+00:00,1891.77,1893.1,1890.65,1891.6,1.64364
2026-08-12 14:34:00+00:00,1891.6,1891.6,1888.13,1889.03,36647.919100921753459265
2026-08-12 14:35:00+00:00,1889.03,1890.01,1886.64,1889.57,34308.887528831934566327
2026-08-12 14:36:00+00:00,1889.57,1890.36,1888.63,1889.5,2128.206612823156225218
2026-08-12 14:37:00+00:00,1889.5,1890.85,1888.64,1890.85,5286.883717982110356421
2026-08-12 14:38:00+00:00,1890.85,1890.85,1888.81,1889.8,2212.90937
2026-08-12 14:39:00+00:00,1889.8,1889.98,1889.02,1889.98,428.1773
2026-08-12 14:40:00+00:00,1889.98,1890.46,1889.8,1890,4147.6532
2026-08-12 14:41:00+00:00,1890,1890.53,1889.46,1889.98,4067.466680253513972169
2026-08-12 14:42:00+00:00,1889.98,1889.99,1888.12,1888.48,687.14107
2026-08-12 14:43:00+00:00,1888.48,1889.99,1888.01,1889.98,261.7057
2026-08-12 14:44:00+00:00,1889.98,1892.33,1889.98,1892.33,5753.085962223039527032
2026-08-12 14:45:00+00:00,1892.33,1892.33,1890.62,1891.5,136.13105
2026-08-12 14:46:00+00:00,1891.5,1894.36,1891.49,1893.33,1201.47646760846605551
2026-08-12 14:47:00+00:00,1893.33,1894.36,1891.65,1891.65,6.137065287251297535
2026-08-12 14:48:00+00:00,1891.65,1893.53,1891.65,1893.5,3092.27211
2026-08-12 14:49:00+00:00,1893.5,1894.2,1893.02,1894.2,156.936885899553255043
2026-08-12 14:50:00+00:00,1894.2,1895.36,1892.57,1892.99,2200.917537353174507162
2026-08-12 14:51:00+00:00,1892.99,1892.99,1889.64,1890.16,4970.946559776206949593
2026-08-12 14:52:00+00:00,1890.16,1890.99,1889.02,1889.99,10756.909614242090667569
2026-08-12 14:53:00+00:00,1889.99,1890.82,1889.55,1890.15,58.01567
2026-08-12 14:54:00+00:00,1890.15,1890.2,1888.43,1888.43,16342.56319539864985267
2026-08-12 14:55:00+00:00,1888.43,1888.43,1885.63,1886.9,26116.193598905816865898
2026-08-12 14:56:00+00:00,1886.9,1888.12,1885.54,1885.54,52.843821816848965707
2026-08-12 14:57:00+00:00,1885.54,1887.36,1884.64,1886.97,4104.724375429927562034
2026-08-12 14:58:00+00:00,1886.97,1886.97,1884.63,1885.41,2101.328779862724392819
2026-08-12 14:59:00+00:00,1885.41,1886.37,1884.48,1886.37,4147.719033193141767869
2026-08-12 15:00:00+00:00,1886.37,1886.81,1883.58,1883.58,10174.815341681931981157
2026-08-12 15:01:00+00:00,1883.58,1887.96,1883.58,1887.93,18563.10205
2026-08-12 15:02:00+00:00,1887.93,1888.37,1886.8,1887.96,16651.92211
2026-08-12 15:03:00+00:00,1887.96,1890,1887.96,1889.48,474.895668033430546925
2026-08-12 15:04:00+00:00,1889.48,1890.57,1888.99,1890.56,2288.30614
2026-08-12 15:05:00+00:00,1890.56,1890.56,1889.32,1890.37,27677.445466350633691721
2026-08-12 15:06:00+00:00,1890.37,1891.04,1889.77,1890.98,91.537402303467688172
2026-08-12 15:07:00+00:00,1890.98,1891.35,1890.01,1890.01,1547.43128
2026-08-12 15:08:00+00:00,1890.01,1890.01,1888.99,1889.91,5088.80946
2026-08-12 15:09:00+00:00,1889.91,1890.84,1889.33,1889.53,60.38164
2026-08-12 15:10:00+00:00,1889.53,1891.37,1889.53,1891.37,12502.02117
2026-08-12 15:11:00+00:00,1891.37,1892.85,1891.12,1892.85,557.56258
2026-08-12 15:12:00+00:00,1892.85,1893.03,1892,1892.16,207.588544366592109979
2026-08-12 15:13:00+00:00,1892.16,1892.43,1891.8,1892.02,98.583293903847040499
2026-08-12 15:14:00+00:00,1892.02,1892.02,1891.47,1891.47,119.32707
2026-08-12 15:15:00+00:00,1891.47,1893.33,1891.47,1893.33,294.996373509231761062
2026-08-12 15:16:00+00:00,1893.33,1894.12,1892.99,1893.99,3376.84545
2026-08-12 15:17:00+00:00,1893.99,1894.37,1892.64,1894.37,637.39707
2026-08-12 15:18:00+00:00,1894.37,1894.85,1894.04,1894.85,25.52356
2026-08-12 15:19:00+00:00,1894.85,1894.88,1892.66,1893.8,1062.112274565872287601
2026-08-12 15:20:00+00:00,1893.8,1894.39,1893.47,1893.47,2067.308006629391453099
2026-08-12 15:21:00+00:00,1893.47,1893.47,1892.02,1892.33,2169.003495437201067568
2026-08-12 15:22:00+00:00,1892.33,1892.98,1891.56,1891.8,1181.280849057263605861
2026-08-12 15:23:00+00:00,1891.8,1892.02,1890.66,1892,143.848380198406833322
2026-08-12 15:24:00+00:00,1892,1893.01,1891.99,1893.01,2044.3624
2026-08-12 15:25:00+00:00,1893.01,1893.02,1891.47,1891.81,2151.157603399289700659
2026-08-12 15:26:00+00:00,1891.81,1891.98,1891.19,1891.28,39.47771
2026-08-12 15:27:00+00:00,1891.28,1891.28,1890.02,1890.99,322.627102569701385156
2026-08-12 15:28:00+00:00,1890.99,1892.53,1890.99,1892.46,2149.72768726954119895
2026-08-12 15:29:00+00:00,1892.46,1893.01,1890.64,1892.98,64.183737882310502477
2026-08-12 15:30:00+00:00,1892.98,1895.05,1892.98,1894.58,1542.9114589119918128
2026-08-12 15:31:00+00:00,1894.58,1894.58,1893.71,1894.34,0.1738424610879074
2026-08-12 15:32:00+00:00,1894.34,1894.34,1890.96,1891.26,26.275020884857056137
2026-08-12 15:33:00+00:00,1891.26,1891.98,1890.41,1890.41,270.90515383153164189
2026-08-12 15:34:00+00:00,1890.41,1892.66,1890.07,1892.65,6969.32867
2026-08-12 15:35:00+00:00,1892.65,1895.36,1892.65,1894.57,55352.323506311057852199
2026-08-12 15:36:00+00:00,1894.57,1895.5,1894.4,1895.01,1108.518521507996204001
2026-08-12 15:37:00+00:00,1895.01,1895.01,1893.65,1894.02,152.33754
2026-08-12 15:38:00+00:00,1894.02,1894.85,1893.98,1894.85,29.62755
2026-08-12 15:39:00+00:00,1894.85,1894.98,1893,1893.02,124.37031
2026-08-12 15:40:00+00:00,1893.02,1893.02,1892.15,1892.15,2224.398068388995440303
2026-08-12 15:41:00+00:00,1892.15,1892.91,1891.64,1892.76,1084.538010335339756445
2026-08-12 15:42:00+00:00,1892.76,1894.02,1892.76,1894.02,2093.978202555447217087
2026-08-12 15:43:00+00:00,1894.02,1896.36,1894.02,1894.99,2045.118173181309057219
2026-08-12 15:44:00+00:00,1894.99,1894.99,1894.02,1894.02,19.632286865370909541
2026-08-12 15:45:00+00:00,1894.02,1895,1893.16,1893.84,2265.307093134629090459
2026-08-12 15:46:00+00:00,1893.84,1894.02,1893,1893.46,339.088536209081309398
2026-08-12 15:47:00+00:00,1893.46,1893.48,1893,1893.01,126.263876840598692341
2026-08-12 15:48:00+00:00,1893.01,1893.01,1892.24,1892.3,2550.267353026941362916
2026-08-12 15:49:00+00:00,1892.3,1893.02,1892.3,1892.67,379.346846545730009136
2026-08-12 15:50:00+00:00,1892.67,1893.02,1892.15,1892.99,286.358390656595279235
2026-08-12 15:51:00+00:00,1892.99,1892.99,1891.98,1891.98,260.80455773922430431
2026-08-12 15:52:00+00:00,1891.98,1892.59,1891.98,1892.53,149.8313
2026-08-12 15:53:00+00:00,1892.53,1893.02,1891.98,1891.98,48.74684
2026-08-12 15:54:00+00:00,1891.98,1892.98,1891.98,1892.02,129.93325
2026-08-12 15:55:00+00:00,1892.02,1893.02,1892.01,1893.01,1416.609347610779803187
2026-08-12 15:56:00+00:00,1893.01,1893.63,1892.99,1892.99,189.677555635309307288
2026-08-12 15:57:00+00:00,1892.99,1893.43,1892.98,1892.98,63.488670845940134032
2026-08-12 15:58:00+00:00,1892.98,1893.02,1891.51,1891.98,2096.848192422765244967
2026-08-12 15:59:00+00:00,1891.98,1892.07,1891.54,1891.98,94.582181408370981436
2026-08-12 16:00:00+00:00,1891.98,1892.53,1891.67,1892,162.981817297726070861
2026-08-12 16:01:00+00:00,1892,1892,1890.96,1891.52,74.920677259892202794
2026-08-12 16:02:00+00:00,1891.52,1892.01,1889.64,1890.04,87.64282733493746237
2026-08-12 16:03:00+00:00,1890.04,1890.04,1888.81,1889.16,11.691
2026-08-12 16:04:00+00:00,1889.16,1891.73,1888.64,1891.68,4142.326469666619040815
2026-08-12 16:05:00+00:00,1891.68,1891.94,1890.72,1890.99,77.00152
2026-08-12 16:06:00+00:00,1890.99,1891.44,1890.47,1890.48,2064.25596
2026-08-12 16:07:00+00:00,1890.48,1891.02,1889.8,1889.99,228.541316199719673128
2026-08-12 16:08:00+00:00,1889.99,1889.99,1889,1889.47,2038.48669
2026-08-12 16:09:00+00:00,1889.47,1889.64,1888.65,1889.64,98.55844
2026-08-12 16:10:00+00:00,1889.64,1889.87,1888.96,1888.99,200.998332791146376837
2026-08-12 16:11:00+00:00,1888.99,1889.85,1888.2,1889.85,7209.658636748399332211
2026-08-12 16:12:00+00:00,1889.85,1889.85,1888.51,1889.53,4302.87992
2026-08-12 16:13:00+00:00,1889.53,1891.23,1889.53,1891.02,3633.711903323877813673
2026-08-12 16:14:00+00:00,1891.02,1892.33,1890.97,1892.33,2117.25426497959620977
2026-08-12 16:15:00+00:00,1892.33,1893.35,1891.5,1891.96,32.211725932070126069
2026-08-12 16:16:00+00:00,1891.96,1893.23,1891.96,1892.16,111.051220464443059238
2026-08-12 16:17:00+00:00,1892.16,1893.01,1891.84,1893.01,47.87214
2026-08-12 16:18:00+00:00,1893.01,1894.9,1893.01,1894.9,1518.65618
2026-08-12 16:19:00+00:00,1894.9,1894.96,1893.03,1893.04,45.5854
2026-08-12 16:20:00+00:00,1893.04,1893.63,1892.98,1893.02,98.889065561857450819
2026-08-12 16:21:00+00:00,1893.02,1893.04,1892.54,1893.02,2143.095483891958710604
2026-08-12 16:22:00+00:00,1893.02,1893.02,1892.43,1893.02,215.83406
2026-08-12 16:23:00+00:00,1893.02,1894.06,1892.98,1893.47,468.53749756935042951
2026-08-12 16:24:00+00:00,1893.47,1893.84,1893.02,1893.83,429.02290043405834537
2026-08-12 16:25:00+00:00,1893.83,1893.85,1893.02,1893.72,135.183873398879223378
2026-08-12 16:26:00+00:00,1893.72,1894.02,1893.48,1893.99,78.11168
2026-08-12 16:27:00+00:00,1893.99,1893.99,1893.02,1893.98,114.79804
2026-08-12 16:28:00+00:00,1893.98,1894.02,1893.53,1893.99,47.289936443032823692
2026-08-12 16:29:00+00:00,1893.99,1894.36,1893.98,1894.36,3.175016539710274583
2026-08-12 16:30:00+00:00,1894.36,1894.36,1894.36,1894.36,0
2026-08-12 16:31:00+00:00,1894.36,1894.36,1892.7,1892.7,0.20134
2026-08-12 16:32:00+00:00,1892.7,1894.01,1892.7,1894.01,63.19994653746988461
2026-08-12 16:33:00+00:00,1894.01,1894.01,1892.68,1892.68,1340.59289
2026-08-12 16:34:00+00:00,1892.68,1893.53,1892.47,1892.47,331.33204
2026-08-12 16:35:00+00:00,1892.47,1893.02,1891.67,1892.67,63.802877576953766969
2026-08-12 16:36:00+00:00,1892.67,1893.02,1892.15,1892.15,247.22715
2026-08-12 16:37:00+00:00,1892.15,1893.23,1891.98,1893.02,220.484621627288105951
2026-08-12 16:38:00+00:00,1893.02,1893.02,1892.48,1892.98,160.9615
2026-08-12 16:39:00+00:00,1892.98,1893.02,1892.98,1893.02,2.00966899808767129
2026-08-12 16:40:00+00:00,1893.02,1893.02,1893,1893,0.09722
2026-08-12 16:41:00+00:00,1893,1893,1891.38,1891.99,2415.00217
2026-08-12 16:42:00+00:00,1891.99,1892.02,1891.93,1892.02,0.66778
2026-08-12 16:43:00+00:00,1892.02,1893.02,1892.02,1892.31,106.91531
2026-08-12 16:44:00+00:00,1892.31,1892.31,1891.67,1891.67,31.72146
2026-08-12 16:45:00+00:00,1891.67,1891.98,1890.02,1891.02,2822.614900488408804134
2026-08-12 16:46:00+00:00,1891.02,1891.7,1890.99,1891.17,3305.11474
2026-08-12 16:47:00+00:00,1891.17,1891.17,1890,1890,4032.114418601740416495
2026-08-12 16:48:00+00:00,1890,1890.48,1889.96,1890,106.440463614848598684
2026-08-12 16:49:00+00:00,1890,1890.02,1889.97,1890,1.468934082431681701
2026-08-12 16:50:00+00:00,1890,1890.7,1889.25,1890.67,2212.894151007481912027
2026-08-12 16:51:00+00:00,1890.67,1891.01,1889.98,1891.01,84.32392
2026-08-12 16:52:00+00:00,1891.01,1891.01,1889.98,1889.98,35.700319318892492632
2026-08-12 16:53:00+00:00,1889.98,1891.02,1889.98,1890.67,200.01352
2026-08-12 16:54:00+00:00,1890.67,1890.98,1889.98,1890.01,94.394566819959486406
2026-08-12 16:55:00+00:00,1890.01,1891.01,1890,1890.93,66.81471
2026-08-12 16:56:00+00:00,1890.93,1891.04,1889.52,1889.93,2125.04576
2026-08-12 16:57:00+00:00,1889.93,1890.02,1889.5,1889.98,51.02611
2026-08-12 16:58:00+00:00,1889.98,1889.98,1889.47,1889.98,35.41813
2026-08-12 16:59:00+00:00,1889.98,1889.99,1889.98,1889.98,0.59068
2026-08-12 17:00:00+00:00,1889.98,1890.01,1889.47,1889.53,143.11766
2026-08-12 17:01:00+00:00,1889.53,1890.02,1889.53,1889.98,32.218972837706974012
2026-08-12 17:02:00+00:00,1889.98,1890.04,1889.98,1890.02,1.328185847123927716
2026-08-12 17:03:00+00:00,1890.02,1890.02,1889.36,1889.67,316.75188
2026-08-12 17:04:00+00:00,1889.67,1889.98,1889.47,1889.58,157.38372
2026-08-12 17:05:00+00:00,1889.58,1890.01,1889.58,1889.98,32.07096
2026-08-12 17:06:00+00:00,1889.98,1890.02,1889.98,1889.99,0.42081
2026-08-12 17:07:00+00:00,1889.99,1890.85,1889.98,1890.85,30.82057
2026-08-12 17:08:00+00:00,1890.85,1891.36,1889.69,1889.8,24.040693614848598684
2026-08-12 17:09:00+00:00,1889.8,1890.02,1889.53,1889.53,0.38339
2026-08-12 17:10:00+00:00,1889.53,1889.59,1888.48,1889.59,9713.15122
2026-08-12 17:11:00+00:00,1889.59,1889.59,1889.02,1889.5,276.585548259474022078
2026-08-12 17:12:00+00:00,1889.5,1889.5,1888.93,1889,1.031892485990292236
2026-08-12 17:13:00+00:00,1889,1889.62,1888.93,1889.02,67.28553
2026-08-12 17:14:00+00:00,1889.02,1889.02,1888.98,1888.98,1.116787604369468444
2026-08-12 17:15:00+00:00,1888.98,1889.02,1888.94,1889.02,13.225112946201395344
2026-08-12 17:16:00+00:00,1889.02,1889.02,1887.46,1887.99,4482.823931960390695966
2026-08-12 17:17:00+00:00,1887.99,1888.99,1887.39,1888.98,175.97038
2026-08-12 17:18:00+00:00,1888.98,1889,1888.98,1889,1.70922715029856435
2026-08-12 17:19:00+00:00,1889,1889,1888.98,1888.98,0.75945
2026-08-12 17:20:00+00:00,1888.98,1888.99,1886.62,1886.65,7334.136639804863103067
2026-08-12 17:21:00+00:00,1886.65,1887.02,1886.07,1886.07,432.965610195136896933
2026-08-12 17:22:00+00:00,1886.07,1886.53,1885.89,1885.89,322.10268
2026-08-12 17:23:00+00:00,1885.89,1888.36,1885.89,1888.36,2133.37334
2026-08-12 17:24:00+00:00,1888.36,1888.36,1886.5,1886.98,64.2004
2026-08-12 17:25:00+00:00,1886.98,1886.98,1885.15,1885.47,277.322833891958710604
2026-08-12 17:26:00+00:00,1885.47,1886.53,1885.47,1886.53,29.57235
2026-08-12 17:27:00+00:00,1886.53,1886.84,1884.64,1885.02,203.290786840598692341
2026-08-12 17:28:00+00:00,1885.02,1886.07,1884.93,1886.07,2113.216657876024074024
2026-08-12 17:29:00+00:00,1886.07,1886.46,1886.01,1886.46,2005.84279
2026-08-12 17:30:00+00:00,1886.46,1886.46,1884.55,1884.88,103.60443
2026-08-12 17:31:00+00:00,1884.88,1885.64,1884.55,1885.63,1673.72112
2026-08-12 17:32:00+00:00,1885.63,1887.56,1885.63,1887.23,130.13291383153164189
2026-08-12 17:33:00+00:00,1887.23,1887.23,1886.98,1887.02,1.649581499035329799
2026-08-12 17:34:00+00:00,1887.02,1887.84,1887.02,1887.83,125.266055961801396942
2026-08-12 17:35:00+00:00,1887.83,1888.02,1887.55,1887.99,95.02626
2026-08-12 17:36:00+00:00,1887.99,1889.72,1887.99,1889.72,261.337437295576868959
2026-08-12 17:37:00+00:00,1889.72,1889.72,1888.98,1888.99,20.53966
2026-08-12 17:38:00+00:00,1888.99,1889.02,1888.99,1889.02,0.97203
2026-08-12 17:39:00+00:00,1889.02,1889.02,1887.92,1887.99,1106.48722
2026-08-12 17:40:00+00:00,1887.99,1888.09,1887.63,1887.96,2038.246510871071281024
2026-08-12 17:41:00+00:00,1887.96,1889.04,1887.96,1888.98,80.837674543009188848
2026-08-12 17:42:00+00:00,1888.98,1888.98,1887.98,1887.99,36.33354
2026-08-12 17:43:00+00:00,1887.99,1887.99,1887.48,1887.53,226.193542596707669495
2026-08-12 17:44:00+00:00,1887.53,1887.53,1887.52,1887.52,1.31599
2026-08-12 17:45:00+00:00,1887.52,1887.53,1886.15,1886.15,4458.00502981994728146
2026-08-12 17:46:00+00:00,1886.15,1887.47,1886.15,1887.33,88.136839458017394273
2026-08-12 17:47:00+00:00,1887.33,1887.47,1887.02,1887.23,179.80746
2026-08-12 17:48:00+00:00,1887.23,1887.51,1886.99,1887.01,359.05972
2026-08-12 17:49:00+00:00,1887.01,1888.01,1887.01,1888.01,88.04141091695400929
2026-08-12 17:50:00+00:00,1888.01,1889.15,1888,1888.6,254.129786897624056873
2026-08-12 17:51:00+00:00,1888.6,1889.02,1887.99,1889.02,56.82594
2026-08-12 17:52:00+00:00,1889.02,1889.52,1888.47,1888.47,280.96122
2026-08-12 17:53:00+00:00,1888.47,1888.47,1887.47,1887.47,68.535735187885601279
2026-08-12 17:54:00+00:00,1887.47,1887.47,1886.88,1886.88,1.05411
2026-08-12 17:55:00+00:00,1886.88,1887.02,1886.88,1887.02,0.69773
2026-08-12 17:56:00+00:00,1887.02,1888,1887.02,1887.98,120.23276
2026-08-12 17:57:00+00:00,1887.98,1888.02,1887.98,1888.01,0.16016
2026-08-12 17:58:00+00:00,1888.01,1888.02,1887.98,1888.02,0.717944201951812964
2026-08-12 17:59:00+00:00,1888.02,1888.02,1887.28,1887.28,87.8286
2026-08-12 18:00:00+00:00,1887.28,1887.5,1886.55,1887.33,4213.68945
2026-08-12 18:01:00+00:00,1887.33,1887.84,1887,1887.47,1978.26244
2026-08-12 18:02:00+00:00,1887.47,1887.47,1886.36,1886.47,2142.9103
2026-08-12 18:03:00+00:00,1886.47,1887.77,1886.31,1887.77,11693.938017856320466931
2026-08-12 18:04:00+00:00,1887.77,1888.72,1887.77,1888.69,2468.47243
2026-08-12 18:05:00+00:00,1888.69,1888.72,1888.19,1888.72,30.32414
2026-08-12 18:06:00+00:00,1888.72,1889.01,1887.87,1887.98,40.041616401912385357
2026-08-12 18:07:00+00:00,1887.98,1888.02,1887.46,1887.47,4746.67557
2026-08-12 18:08:00+00:00,1887.47,1888.02,1887.47,1888.02,1.043660958875286077
2026-08-12 18:09:00+00:00,1888.02,1888.02,1887.47,1887.49,49.22476
2026-08-12 18:10:00+00:00,1887.49,1887.98,1887.09,1887.57,160.68852
2026-08-12 18:11:00+00:00,1887.57,1889.47,1887.57,1889.47,26480.77466
2026-08-12 18:12:00+00:00,1889.47,1889.53,1888.98,1889.12,126.3495
2026-08-12 18:13:00+00:00,1889.12,1889.12,1888.98,1888.99,0.28585
2026-08-12 18:14:00+00:00,1888.99,1889.02,1888.98,1889,0.54736
2026-08-12 18:15:00+00:00,1889,1889,1887.96,1888.02,2036.800261334350304031
2026-08-12 18:16:00+00:00,1888.02,1888.02,1887.19,1887.32,4438.472743070896134078
2026-08-12 18:17:00+00:00,1887.32,1887.33,1886.3,1886.32,3444.411840209424083769
2026-08-12 18:18:00+00:00,1886.32,1886.33,1886,1886,1.31969
2026-08-12 18:19:00+00:00,1886,1886.5,1886,1886.49,264.52611
2026-08-12 18:20:00+00:00,1886.49,1886.59,1885.47,1885.47,2155.01474
2026-08-12 18:21:00+00:00,1885.47,1886.03,1885.26,1885.67,133.04237
2026-08-12 18:22:00+00:00,1885.67,1886.84,1885.67,1886.84,247.237656398148367024
2026-08-12 18:23:00+00:00,1886.84,1886.98,1885.98,1885.98,11.13836
2026-08-12 18:24:00+00:00,1885.98,1886.02,1885.47,1885.99,2071.320768111309589091
2026-08-12 18:25:00+00:00,1885.99,1886.02,1885.67,1885.99,49.48123
2026-08-12 18:26:00+00:00,1885.99,1886.01,1885,1885.98,32.143178137345335411
2026-08-12 18:27:00+00:00,1885.98,1886.02,1885.41,1885.47,292.153353350071835542
2026-08-12 18:28:00+00:00,1885.47,1885.99,1885.47,1885.67,267.90194
2026-08-12 18:29:00+00:00,1885.67,1886.65,1885.47,1885.64,65.055243527870730297
2026-08-12 18:30:00+00:00,1885.64,1887.62,1885.64,1887.33,63.219789713473898685
2026-08-12 18:31:00+00:00,1887.33,1887.51,1886.97,1887.01,63.78167
2026-08-12 18:32:00+00:00,1887.01,1889.02,1887.01,1889.02,2646.951022639016994795
2026-08-12 18:33:00+00:00,1889.02,1890.57,1888.67,1888.67,4164.429373154356723286
2026-08-12 18:34:00+00:00,1888.67,1889.44,1888.67,1888.98,32.53017
2026-08-12 18:35:00+00:00,1888.98,1889.02,1888.98,1889.02,0.31319
2026-08-12 18:36:00+00:00,1889.02,1889.02,1887.99,1887.99,39.83779877485319273
2026-08-12 18:37:00+00:00,1887.99,1888.98,1887.99,1888.47,66.68821
2026-08-12 18:38:00+00:00,1888.47,1889.01,1887.8,1887.93,1369.80303
2026-08-12 18:39:00+00:00,1887.93,1888.01,1887.51,1887.52,2063.8733
2026-08-12 18:40:00+00:00,1887.52,1887.52,1887.51,1887.51,1.027038554472233997
2026-08-12 18:41:00+00:00,1887.51,1887.54,1886.91,1886.91,167.631079231025713171
2026-08-12 18:42:00+00:00,1886.91,1887.47,1886.91,1887.02,51.035017785497947168
2026-08-12 18:43:00+00:00,1887.02,1887.02,1885.99,1885.99,39.87749
2026-08-12 18:44:00+00:00,1885.99,1887.04,1885.97,1886.99,61.14313
2026-08-12 18:45:00+00:00,1886.99,1887,1886.3,1886.96,63.68277
2026-08-12 18:46:00+00:00,1886.96,1887.01,1886.15,1886.15,39.6237
2026-08-12 18:47:00+00:00,1886.15,1886.15,1885.98,1885.98,1.30183
2026-08-12 18:48:00+00:00,1885.98,1886.04,1885.7,1885.7,2.272471883894749386
2026-08-12 18:49:00+00:00,1885.7,1886.54,1885.7,1886.54,173.39612284970143565
2026-08-12 18:50:00+00:00,1886.54,1887.35,1885.98,1886.01,36.8656
2026-08-12 18:51:00+00:00,1886.01,1887.36,1885.33,1885.36,2131.31790758815259323
2026-08-12 18:52:00+00:00,1885.36,1886.46,1885.33,1886.02,144.196967460836726741
2026-08-12 18:53:00+00:00,1886.02,1886.02,1885.01,1885.01,69.63078
2026-08-12 18:54:00+00:00,1885.01,1885.56,1884.94,1885.42,1247.064248866744609577
2026-08-12 18:55:00+00:00,1885.42,1885.42,1884.98,1885.33,58.604667242167569201
2026-08-12 18:56:00+00:00,1885.33,1885.82,1885.02,1885.53,246.804544802771623013
2026-08-12 18:57:00+00:00,1885.53,1885.61,1884.98,1884.99,77.436407397027246662
2026-08-12 18:58:00+00:00,1884.99,1885.98,1884.99,1885.67,143.21571
2026-08-12 18:59:00+00:00,1885.67,1885.67,1884.63,1884.99,2031.94811
2026-08-12 19:00:00+00:00,1884.99,1885.63,1884.23,1885.61,108.15492
2026-08-12 19:01:00+00:00,1885.61,1886.02,1885.15,1885.15,2323.37914
2026-08-12 19:02:00+00:00,1885.15,1885.15,1884.67,1884.67,63.10458
2026-08-12 19:03:00+00:00,1884.67,1885.02,1884.67,1885.01,60.00203
2026-08-12 19:04:00+00:00,1885.01,1885.53,1885,1885.52,31.73191
2026-08-12 19:05:00+00:00,1885.52,1885.53,1884.99,1885.02,1.01253
2026-08-12 19:06:00+00:00,1885.02,1885.68,1884.98,1885.02,146.962804864511363645
2026-08-12 19:07:00+00:00,1885.02,1885.5,1885,1885.33,403.765079617685747019
2026-08-12 19:08:00+00:00,1885.33,1885.76,1885.02,1885.76,123.59959
2026-08-12 19:09:00+00:00,1885.76,1885.76,1885.02,1885.56,189.58011
2026-08-12 19:10:00+00:00,1885.56,1886.01,1885.02,1885.99,36.28139
2026-08-12 19:11:00+00:00,1885.99,1886.02,1884.64,1885.93,82.406803509960008729
2026-08-12 19:12:00+00:00,1885.93,1885.98,1884.96,1885.01,130.276279065554753218
2026-08-12 19:13:00+00:00,1885.01,1885.01,1884.22,1884.22,1161.19021
2026-08-12 19:14:00+00:00,1884.22,1884.29,1883.13,1883.2,2124.74725858004815261
2026-08-12 19:15:00+00:00,1883.2,1883.6,1882.98,1883.26,88.334680433239572568
2026-08-12 19:16:00+00:00,1883.26,1884.02,1882.91,1884.02,62.30332
2026-08-12 19:17:00+00:00,1884.02,1884.98,1883.99,1884.98,1106.44362
2026-08-12 19:18:00+00:00,1884.98,1886.03,1884.98,1885.15,2090.814
2026-08-12 19:19:00+00:00,1885.15,1885.15,1884.18,1884.19,2124.94822
2026-08-12 19:20:00+00:00,1884.19,1884.98,1883.45,1883.46,397.48345
2026-08-12 19:21:00+00:00,1883.46,1884,1883.46,1883.56,31.8567
2026-08-12 19:22:00+00:00,1883.56,1884.01,1883.56,1884,0.98601
2026-08-12 19:23:00+00:00,1884,1884.02,1882.64,1883.32,91.905582009394240737
2026-08-12 19:24:00+00:00,1883.32,1883.32,1881.88,1881.88,5253.743973845024486959
2026-08-12 19:25:00+00:00,1881.88,1882.98,1881.65,1881.65,908.807918176216005355
2026-08-12 19:26:00+00:00,1881.65,1883.34,1881.48,1883.1,124.515403965194771886
2026-08-12 19:27:00+00:00,1883.1,1883.99,1882.64,1883.02,58.413800442702817199
2026-08-12 19:28:00+00:00,1883.02,1883.5,1883.01,1883.5,63.36058
2026-08-12 19:29:00+00:00,1883.5,1883.61,1883.5,1883.61,0.0991
2026-08-12 19:30:00+00:00,1883.61,1883.61,1883.61,1883.61,0
2026-08-12 19:31:00+00:00,1883.61,1884.47,1883.61,1883.64,31.874586763440118441
2026-08-12 19:32:00+00:00,1883.64,1884.98,1883.56,1883.56,76.05346
2026-08-12 19:33:00+00:00,1883.56,1884.05,1882.98,1884,158.893312053775526737
2026-08-12 19:34:00+00:00,1884,1884.4,1884,1884.02,31.89122
2026-08-12 19:35:00+00:00,1884.02,1884.02,1882.99,1882.99,157.84499
2026-08-12 19:36:00+00:00,1882.99,1882.99,1882.98,1882.98,0.1747
2026-08-12 19:37:00+00:00,1882.98,1883.33,1882.98,1883.04,63.21367
2026-08-12 19:38:00+00:00,1883.04,1883.98,1882.63,1882.63,2142.401364526748971193
2026-08-12 19:39:00+00:00,1882.63,1882.63,1881.54,1881.54,1058.32922
2026-08-12 19:40:00+00:00,1881.54,1882.59,1881.54,1882.38,155.71859
2026-08-12 19:41:00+00:00,1882.38,1882.53,1881.56,1881.57,339.39865
2026-08-12 19:42:00+00:00,1881.57,1881.98,1879.64,1880.52,6234.219060814048582139
2026-08-12 19:43:00+00:00,1880.52,1881.02,1880.52,1880.99,0.694126831259253565
2026-08-12 19:44:00+00:00,1880.99,1880.99,1878.63,1879.01,3926.24054
2026-08-12 19:45:00+00:00,1879.01,1879.46,1878.17,1878.17,198.93339
2026-08-12 19:46:00+00:00,1878.17,1879,1876.64,1876.65,3766.237388775760942321
2026-08-12 19:47:00+00:00,1876.65,1879.98,1876.65,1879.67,4166.628402747572346866
2026-08-12 19:48:00+00:00,1879.67,1880.36,1879.67,1879.67,23.401052759988226341
2026-08-12 19:49:00+00:00,1879.67,1879.67,1878.37,1878.38,72.20203
2026-08-12 19:50:00+00:00,1878.38,1878.38,1876.65,1877.58,1849.42312
2026-08-12 19:51:00+00:00,1877.58,1877.98,1876.97,1877.19,128.18408760345789865
2026-08-12 19:52:00+00:00,1877.19,1878.02,1876.99,1877.97,1580.998872468856042163
2026-08-12 19:53:00+00:00,1877.97,1878,1876.96,1877.33,147.011958354832181164
2026-08-12 19:54:00+00:00,1877.33,1878.02,1877.33,1877.99,111.570477179476256908
2026-08-12 19:55:00+00:00,1877.99,1877.99,1877.41,1877.99,304.61568
2026-08-12 19:56:00+00:00,1877.99,1878.51,1877.88,1878.5,2103.453157145283335826
2026-08-12 19:57:00+00:00,1878.5,1879.23,1878.01,1879.02,2083.19744
2026-08-12 19:58:00+00:00,1879.02,1879.47,1878.99,1879.02,95.10398
2026-08-12 19:59:00+00:00,1879.02,1879.02,1877.8,1878.57,651.49788
2026-08-12 20:00:00+00:00,1878.57,1879.02,1878.18,1878.84,372.60851
2026-08-12 20:01:00+00:00,1878.84,1880.98,1878.81,1880.53,6700.26364
2026-08-12 20:02:00+00:00,1880.53,1880.99,1879.99,1880.47,295.024859962297862836
2026-08-12 20:03:00+00:00,1880.47,1881.76,1880.47,1881.2,2210.954983204516676384
2026-08-12 20:04:00+00:00,1881.2,1881.2,1880.36,1880.36,84.847495771218322437
2026-08-12 20:05:00+00:00,1880.36,1880.98,1880.15,1880.16,116.64383
2026-08-12 20:06:00+00:00,1880.16,1880.16,1879.49,1879.49,32.58618
2026-08-12 20:07:00+00:00,1879.49,1879.55,1878.64,1878.64,94.373458884325003059
2026-08-12 20:08:00+00:00,1878.64,1878.98,1877.94,1877.95,2082.63795
2026-08-12 20:09:00+00:00,1877.95,1878.01,1877.15,1877.64,2165.67938
2026-08-12 20:10:00+00:00,1877.64,1878.37,1877.64,1878.37,27912.29887301012253596
2026-08-12 20:11:00+00:00,1878.37,1879.85,1878.36,1879.85,2088.49408
2026-08-12 20:12:00+00:00,1879.85,1880.36,1878.64,1878.64,0.417561853671941187
2026-08-12 20:13:00+00:00,1878.64,1879.81,1878.64,1879.8,30.088888502305699215
2026-08-12 20:14:00+00:00,1879.8,1880.02,1879.8,1880.02,0.62979
2026-08-12 20:15:00+00:00,1880.02,1880.02,1878.99,1879.38,95.33628
2026-08-12 20:16:00+00:00,1879.38,1879.38,1878.52,1878.98,2342.03301
2026-08-12 20:17:00+00:00,1878.98,1880.02,1878.98,1880,32.35147
2026-08-12 20:18:00+00:00,1880,1881.12,1879.99,1881.12,71.32196
2026-08-12 20:19:00+00:00,1881.12,1881.12,1881.01,1881.01,1.49669081003714481
2026-08-12 20:20:00+00:00,1881.01,1881.67,1880.99,1881.22,2570.85703
2026-08-12 20:21:00+00:00,1881.22,1881.22,1880.47,1880.99,2058.66908060064736743
2026-08-12 20:22:00+00:00,1880.99,1881.02,1880.67,1880.67,183.452107851437396902
2026-08-12 20:23:00+00:00,1880.67,1881.81,1880.67,1881.8,184.99329
2026-08-12 20:24:00+00:00,1881.8,1882.01,1881.8,1882.01,1.321288818177953492
2026-08-12 20:25:00+00:00,1882.01,1882.41,1881.8,1882.41,40.093657921573755355
2026-08-12 20:26:00+00:00,1882.41,1883.06,1882.02,1883.04,90.27928
2026-08-12 20:27:00+00:00,1883.04,1883.04,1882.98,1883,0.36764
2026-08-12 20:28:00+00:00,1883,1883.52,1882.99,1883.52,31.76159048176254452
2026-08-12 20:29:00+00:00,1883.52,1883.53,1883.51,1883.52,0.67281
2026-08-12 20:30:00+00:00,1883.52,1884.35,1883.52,1884.35,0.079364659446246316
2026-08-12 20:31:00+00:00,1884.35,1884.36,1882.64,1883.67,280.731926742824382501
2026-08-12 20:32:00+00:00,1883.67,1884.18,1883.39,1884.18,173.81934
2026-08-12 20:33:00+00:00,1884.18,1884.85,1884,1884.83,62.90187754284900983
2026-08-12 20:34:00+00:00,1884.83,1885.01,1883.71,1884.02,134.813605124729638357
2026-08-12 20:35:00+00:00,1884.02,1885.43,1883.99,1885.02,2197.18679
2026-08-12 20:36:00+00:00,1885.02,1885.68,1885,1885.68,339.76881
2026-08-12 20:37:00+00:00,1885.68,1886.48,1885.68,1886.01,2719.83030271184379216
2026-08-12 20:38:00+00:00,1886.01,1886.01,1885.99,1885.99,0.052843509231761062
2026-08-12 20:39:00+00:00,1885.99,1886.85,1885.99,1886.42,53.984259982089278432
2026-08-12 20:40:00+00:00,1886.42,1886.42,1885.63,1885.98,4041.99042329374192774
2026-08-12 20:41:00+00:00,1885.98,1886.53,1885.89,1886.52,158.878015332047412958
2026-08-12 20:42:00+00:00,1886.52,1886.53,1886.02,1886.52,242.93867
2026-08-12 20:43:00+00:00,1886.52,1886.52,1885.67,1885.67,31.704378885100441276
2026-08-12 20:44:00+00:00,1885.67,1886.01,1885.44,1885.67,63.49031
2026-08-12 20:45:00+00:00,1885.67,1886,1885.44,1886,35.44749
2026-08-12 20:46:00+00:00,1886,1886.01,1885.16,1885.99,0.73769
2026-08-12 20:47:00+00:00,1885.99,1886.01,1885.98,1886,0.65035
2026-08-12 20:48:00+00:00,1886,1887,1885.99,1887,64.625530200869922249
2026-08-12 20:49:00+00:00,1887,1887,1885.98,1886.02,92.324511647338623113
2026-08-12 20:50:00+00:00,1886.02,1886.02,1885.98,1886.02,1.724169835790902487
2026-08-12 20:51:00+00:00,1886.02,1886.02,1885.99,1886,2.1168572459210791
2026-08-12 20:52:00+00:00,1886,1886.33,1885.98,1885.98,54.620987410130176613
2026-08-12 20:53:00+00:00,1885.98,1886.02,1885.53,1886.01,94.5766227540789209
2026-08-12 20:54:00+00:00,1886.01,1886.01,1884.72,1884.72,89.01047
2026-08-12 20:55:00+00:00,1884.72,1885.02,1884.71,1885.02,1.751915409151859856
2026-08-12 20:56:00+00:00,1885.02,1885.02,1884.99,1885.02,1.45082
2026-08-12 20:57:00+00:00,1885.02,1885.49,1885.02,1885.36,82.73651
2026-08-12 20:58:00+00:00,1885.36,1885.85,1885.01,1885.85,67.32234
2026-08-12 20:59:00+00:00,1885.85,1886.02,1885.01,1886.02,184.354009682393238528
2026-08-12 21:00:00+00:00,1886.02,1887.02,1885.98,1887.02,2064.823077959013909538
2026-08-12 21:01:00+00:00,1887.02,1892.72,1886.98,1888.07,12906.358955340791451576
2026-08-12 21:02:00+00:00,1888.07,1888.07,1887.52,1888.02,1096.089071944302742471
2026-08-12 21:03:00+00:00,1888.02,1888.02,1887.42,1887.43,40.63172
2026-08-12 21:04:00+00:00,1887.43,1887.43,1886.99,1887.02,23.92031
2026-08-12 21:05:00+00:00,1887.02,1887.02,1885.88,1885.88,523.55865
2026-08-12 21:06:00+00:00,1885.88,1886.02,1885.55,1885.55,15.96383
2026-08-12 21:07:00+00:00,1885.55,1886.02,1885.28,1885.29,225.598280782159381674
2026-08-12 21:08:00+00:00,1885.29,1885.47,1884.98,1885.47,126.808843727749613091
2026-08-12 21:09:00+00:00,1885.47,1886.53,1885.02,1886.52,411.57752
2026-08-12 21:10:00+00:00,1886.52,1887.44,1886.51,1887.44,287.381962595768010771
2026-08-12 21:11:00+00:00,1887.44,1887.5,1886.98,1886.98,94.79737
2026-08-12 21:12:00+00:00,1886.98,1887.78,1886.98,1887.77,73.91672
2026-08-12 21:13:00+00:00,1887.77,1888.26,1886.15,1886.15,2760.21635
2026-08-12 21:14:00+00:00,1886.15,1886.15,1885.15,1885.15,2227.67044
2026-08-12 21:15:00+00:00,1885.15,1886,1884.93,1885.99,17.360072673669133444
2026-08-12 21:16:00+00:00,1885.99,1886.02,1885.47,1885.67,72.977281275245361852
2026-08-12 21:17:00+00:00,1885.67,1886.02,1885.55,1885.99,357.172402887433314115
2026-08-12 21:18:00+00:00,1885.99,1885.99,1885.01,1885.01,73.50541
2026-08-12 21:19:00+00:00,1885.01,1885.01,1884.99,1885,0.2886
2026-08-12 21:20:00+00:00,1885,1885.01,1884.52,1884.53,62.96425
2026-08-12 21:21:00+00:00,1884.53,1885.02,1884.53,1884.93,64.753688472491847243
2026-08-12 21:22:00+00:00,1884.93,1884.98,1884.52,1884.52,23.92464
2026-08-12 21:23:00+00:00,1884.52,1884.54,1883.96,1884.44,398.260184422355666706
2026-08-12 21:24:00+00:00,1884.44,1884.73,1880.64,1881.62,20986.045833026518004749
2026-08-12 21:25:00+00:00,1881.62,1881.62,1881,1881.01,0.94729
2026-08-12 21:26:00+00:00,1881.01,1881.01,1879.06,1879.64,6542.393217862984791314
2026-08-12 21:27:00+00:00,1879.64,1879.73,1879.02,1879.02,0.75175
2026-08-12 21:28:00+00:00,1879.02,1879.02,1873.02,1878.56,20620.021924657634874604
2026-08-12 21:29:00+00:00,1878.56,1878.56,1877.16,1877.4,4035.06984
2026-08-12 21:30:00+00:00,1877.4,1877.4,1874.56,1876.33,2252.484546731965869321
2026-08-12 21:31:00+00:00,1876.33,1876.67,1874.63,1876.67,4212.90260096174424066
2026-08-12 21:32:00+00:00,1876.67,1877.48,1876.67,1877.47,186.483052837706974012
2026-08-12 21:33:00+00:00,1877.47,1877.53,1876.93,1877.52,115.228726925250504201
2026-08-12 21:34:00+00:00,1877.52,1878.42,1877.02,1877.98,2154.60823
2026-08-12 21:35:00+00:00,1877.98,1878.75,1877.98,1878.01,192.39942
2026-08-12 21:36:00+00:00,1878.01,1878.56,1877.39,1877.39,2179.52981
2026-08-12 21:37:00+00:00,1877.39,1879.24,1876.81,1878.85,7287.95256
2026-08-12 21:38:00+00:00,1878.85,1879.35,1877.98,1879.01,169.01086
2026-08-12 21:39:00+00:00,1879.01,1879.01,1878.98,1879,0.83773
2026-08-12 21:40:00+00:00,1879,1880.02,1878.93,1880.02,2072.36928
2026-08-12 21:41:00+00:00,1880.02,1880.44,1880.02,1880.44,31.89678
2026-08-12 21:42:00+00:00,1880.44,1880.47,1879.99,1880.33,530.85907
2026-08-12 21:43:00+00:00,1880.33,1881.62,1880.33,1880.98,2783.42037
2026-08-12 21:44:00+00:00,1880.98,1882.37,1880.98,1882.37,2192.88042
2026-08-12 21:45:00+00:00,1882.37,1882.75,1881.53,1882.23,2166.133871430872453789
2026-08-12 21:46:00+00:00,1882.23,1882.63,1881.53,1882.63,374.0658
2026-08-12 21:47:00+00:00,1882.63,1882.98,1882.17,1882.85,170.86242
2026-08-12 21:48:00+00:00,1882.85,1883.85,1882.85,1882.98,2076.16239
2026-08-12 21:49:00+00:00,1882.98,1883.46,1882.47,1882.96,75.98493
2026-08-12 21:50:00+00:00,1882.96,1882.98,1882.15,1882.47,749.75072
2026-08-12 21:51:00+00:00,1882.47,1882.54,1882,1882,40.7389
2026-08-12 21:52:00+00:00,1882,1882.53,1881.98,1882.53,59.5036
2026-08-12 21:53:00+00:00,1882.53,1882.98,1881.98,1882.47,200.52847
2026-08-12 21:54:00+00:00,1882.47,1882.98,1882.02,1882.02,1543.57907
2026-08-12 21:55:00+00:00,1882.02,1882.02,1881.07,1881.11,4723.15139
2026-08-12 21:56:00+00:00,1881.11,1881.11,1879.98,1880.02,129.190823110601652136
2026-08-12 21:57:00+00:00,1880.02,1880.02,1879.5,1879.96,91.804673110601652136
2026-08-12 21:58:00+00:00,1879.96,1880.02,1878.54,1878.54,2070.949981643638411236
2026-08-12 21:59:00+00:00,1878.54,1878.57,1875.64,1877.27,3534.69921889890401305
2026-08-12 22:00:00+00:00,1877.27,1877.38,1876.47,1876.77,6.38612
2026-08-12 22:01:00+00:00,1876.77,1877.02,1874.66,1876,8416.608343476940647555
2026-08-12 22:02:00+00:00,1876,1879.36,1875.99,1879.36,6439.581407242167569201
2026-08-12 22:03:00+00:00,1879.36,1879.36,1878.02,1879.17,141.284929657666460418
2026-08-12 22:04:00+00:00,1879.17,1879.17,1877.64,1878.33,210.87526
2026-08-12 22:05:00+00:00,1878.33,1878.98,1878.02,1878.93,319.64994
2026-08-12 22:06:00+00:00,1878.93,1879.69,1878.93,1879.69,2061.517217162293025988
2026-08-12 22:07:00+00:00,1879.69,1879.98,1878.51,1878.51,1639.75969
2026-08-12 22:08:00+00:00,1878.51,1878.51,1877.97,1878.02,1.07194
2026-08-12 22:09:00+00:00,1878.02,1879.02,1878.02,1879.01,3072.04518
2026-08-12 22:10:00+00:00,1879.01,1879.2,1879,1879.01,16.81821
2026-08-12 22:11:00+00:00,1879.01,1880.02,1879.01,1880.02,2068.410781567036726743
2026-08-12 22:12:00+00:00,1880.02,1880.42,1879.55,1880.26,141.27106
2026-08-12 22:13:00+00:00,1880.26,1880.26,1878.38,1878.38,975.4567
2026-08-12 22:14:00+00:00,1878.38,1878.61,1877.88,1877.88,875.22239
2026-08-12 22:15:00+00:00,1877.88,1878.98,1877.88,1878.47,196.75914
2026-08-12 22:16:00+00:00,1878.47,1878.83,1877.98,1878.52,209.4709
2026-08-12 22:17:00+00:00,1878.52,1879.56,1878.52,1878.67,311.68407
2026-08-12 22:18:00+00:00,1878.67,1879.02,1878.52,1878.99,53.37592
2026-08-12 22:19:00+00:00,1878.99,1878.99,1878.36,1878.58,113.96719
2026-08-12 22:20:00+00:00,1878.58,1879.53,1878.58,1879.53,99.94182
2026-08-12 22:21:00+00:00,1879.53,1879.53,1877.93,1877.93,156.88883
2026-08-12 22:22:00+00:00,1877.93,1878.85,1877.93,1878.39,174.964244418683974508
2026-08-12 22:23:00+00:00,1878.39,1879.39,1877.64,1879.39,385.71014
2026-08-12 22:24:00+00:00,1879.39,1879.85,1878.99,1879.83,35.98483
2026-08-12 22:25:00+00:00,1879.83,1880.05,1879.82,1880.02,1.835596102742306117
2026-08-12 22:26:00+00:00,1880.02,1880.02,1878.56,1878.99,147.8719
2026-08-12 22:27:00+00:00,1878.99,1879.5,1878.99,1879.49,115.71602
2026-08-12 22:28:00+00:00,1879.49,1880.01,1879.04,1879.98,30.54311
2026-08-12 22:29:00+00:00,1879.98,1880.02,1878.64,1878.64,39.295716742824382501
2026-08-12 22:30:00+00:00,1878.64,1879.35,1877.64,1878.63,194.094909846697611036
2026-08-12 22:31:00+00:00,1878.63,1879.02,1878.62,1878.98,79.04976
2026-08-12 22:32:00+00:00,1878.98,1879.01,1878.15,1878.51,536.60932
2026-08-12 22:33:00+00:00,1878.51,1878.98,1876.63,1876.63,1177.07901
2026-08-12 22:34:00+00:00,1876.63,1877.85,1876.63,1877.85,146.46922
2026-08-12 22:35:00+00:00,1877.85,1878.47,1877.81,1877.81,2152.186
2026-08-12 22:36:00+00:00,1877.81,1877.81,1876.98,1877.56,337.28374005291005291
2026-08-12 22:37:00+00:00,1877.56,1878.53,1877.49,1877.5,301.75118
2026-08-12 22:38:00+00:00,1877.5,1877.99,1877.5,1877.67,235.50928
2026-08-12 22:39:00+00:00,1877.67,1878.01,1877.42,1877.47,357.79309
2026-08-12 22:40:00+00:00,1877.47,1878.02,1877.47,1877.99,1.06298
2026-08-12 22:41:00+00:00,1877.99,1877.99,1876.67,1877,109.939995894551949532
2026-08-12 22:42:00+00:00,1877,1877,1875.74,1875.74,228.51846994708994709
2026-08-12 22:43:00+00:00,1875.74,1877.37,1875.74,1877.02,60309.23759
2026-08-12 22:44:00+00:00,1877.02,1877.04,1876.99,1877,1.54736
2026-08-12 22:45:00+00:00,1877,1878.34,1876.99,1877.15,72.68318
2026-08-12 22:46:00+00:00,1877.15,1877.59,1876.98,1877.44,179.98958
2026-08-12 22:47:00+00:00,1877.44,1877.44,1876.43,1876.47,3181.35624
2026-08-12 22:48:00+00:00,1876.47,1877.03,1876.43,1877.03,32.48271
2026-08-12 22:49:00+00:00,1877.03,1877.03,1876.16,1876.55,149.62229472196601041
2026-08-12 22:50:00+00:00,1876.55,1876.99,1876.54,1876.99,0.5408
2026-08-12 22:51:00+00:00,1876.99,1877.02,1876.98,1877.01,1.07562
2026-08-12 22:52:00+00:00,1877.01,1877.03,1876.18,1876.53,116.30661
2026-08-12 22:53:00+00:00,1876.53,1877,1876.02,1876.67,429.52184
2026-08-12 22:54:00+00:00,1876.67,1877,1876.16,1877,80.56008
2026-08-12 22:55:00+00:00,1877,1877.03,1876.99,1877.03,0.14651
2026-08-12 22:56:00+00:00,1877.03,1877.03,1875.98,1875.98,36.10996
2026-08-12 22:57:00+00:00,1875.98,1877.02,1875.98,1876.98,32.56072
2026-08-12 22:58:00+00:00,1876.98,1877.77,1876.98,1877.75,67.99392
2026-08-12 22:59:00+00:00,1877.75,1877.99,1877.46,1877.98,189.49335
2026-08-12 23:00:00+00:00,1877.98,1877.98,1877.44,1877.47,293.51261
2026-08-12 23:01:00+00:00,1877.47,1878.01,1877.47,1877.98,248.68122
2026-08-12 23:02:00+00:00,1877.98,1878.01,1877.3,1877.31,126.38391
2026-08-12 23:03:00+00:00,1877.31,1877.98,1877.02,1877.85,233.68088
2026-08-12 23:04:00+00:00,1877.85,1878.01,1876.93,1877.03,111.20172
2026-08-12 23:05:00+00:00,1877.03,1877.04,1876.98,1877,1.182627358911536859
2026-08-12 23:06:00+00:00,1877,1877.02,1874.7,1874.84,2800.636110373771519584
2026-08-12 23:07:00+00:00,1874.84,1875.02,1874.43,1874.48,2041.297171854993073689
2026-08-12 23:08:00+00:00,1874.48,1875.79,1874.48,1875.79,158.31618
2026-08-12 23:09:00+00:00,1875.79,1876.01,1875.79,1875.99,0.48369
2026-08-12 23:10:00+00:00,1875.99,1875.99,1874.8,1875.02,67.63863
2026-08-12 23:11:00+00:00,1875.02,1876.43,1875.02,1875.99,1272.08611
2026-08-12 23:12:00+00:00,1875.99,1875.99,1874.81,1874.96,40.36405
2026-08-12 23:13:00+00:00,1874.96,1875,1874.96,1874.99,0.46012
2026-08-12 23:14:00+00:00,1874.99,1875.63,1874.98,1875.53,225.53229
2026-08-12 23:15:00+00:00,1875.53,1876.63,1875.02,1876.62,2995.16223
2026-08-12 23:16:00+00:00,1876.62,1876.62,1875.98,1875.98,0.27678
2026-08-12 23:17:00+00:00,1875.98,1876.02,1875.98,1876.02,0.4027
2026-08-12 23:18:00+00:00,1876.02,1876.02,1875.99,1876,0.60122
2026-08-12 23:19:00+00:00,1876,1876.82,1876,1876.82,56.42223
2026-08-12 23:20:00+00:00,1876.82,1877.61,1876.82,1877.6,1019.23152
2026-08-12 23:21:00+00:00,1877.6,1877.61,1876.16,1876.16,826.48166
2026-08-12 23:22:00+00:00,1876.16,1876.29,1875.96,1875.96,14.8035
2026-08-12 23:23:00+00:00,1875.96,1876.56,1875.47,1875.47,3919.93534
2026-08-12 23:24:00+00:00,1875.47,1875.99,1873.64,1873.99,4064.511242253674504801
2026-08-12 23:25:00+00:00,1873.99,1875.47,1873.99,1875.47,214.59784
2026-08-12 23:26:00+00:00,1875.47,1875.85,1875,1875.33,203.22432
2026-08-12 23:27:00+00:00,1875.33,1875.48,1874.88,1875.02,182.82411
2026-08-12 23:28:00+00:00,1875.02,1875.43,1875.01,1875.33,114.1283
2026-08-12 23:29:00+00:00,1875.33,1876.29,1874.98,1876.29,0.34849
2026-08-12 23:30:00+00:00,1876.29,1876.54,1874.66,1876.53,174.23652
2026-08-12 23:31:00+00:00,1876.53,1877.02,1876.53,1877.01,54.33534
2026-08-12 23:32:00+00:00,1877.01,1877.01,1876.16,1876.36,272.67242
2026-08-12 23:33:00+00:00,1876.36,1877.01,1876.01,1877,96.37295
2026-08-12 23:34:00+00:00,1877,1877.02,1876.98,1877.01,0.794109840118060106
2026-08-12 23:35:00+00:00,1877.01,1877.85,1877,1877.84,2126.50003
2026-08-12 23:36:00+00:00,1877.84,1877.85,1877.02,1877.82,9455.426607997860864322
2026-08-12 23:37:00+00:00,1877.82,1878.01,1877.82,1878,0.42354
2026-08-12 23:38:00+00:00,1878,1878,1878,1878,0
2026-08-12 23:39:00+00:00,1878,1878.33,1878,1878.33,20.98599
2026-08-12 23:40:00+00:00,1878.33,1878.33,1877.98,1877.99,0.49041
2026-08-12 23:41:00+00:00,1877.99,1878.02,1877.8,1878.02,77.41304
2026-08-12 23:42:00+00:00,1878.02,1878.02,1877.48,1877.98,36.134874409294756239
2026-08-12 23:43:00+00:00,1877.98,1877.98,1877.22,1877.3,94.03748855916921459
2026-08-12 23:44:00+00:00,1877.3,1877.52,1876.98,1877.47,116.49017
2026-08-12 23:45:00+00:00,1877.47,1877.47,1876.98,1877.33,126.48598
2026-08-12 23:46:00+00:00,1877.33,1878.02,1877.02,1878.02,340.84672
2026-08-12 23:47:00+00:00,1878.02,1878.02,1877.57,1877.98,63.64502
2026-08-12 23:48:00+00:00,1877.98,1878.46,1877.93,1878.01,0.8399
2026-08-12 23:49:00+00:00,1878.01,1878.02,1877.98,1877.98,0.39686
2026-08-12 23:50:00+00:00,1877.98,1878.01,1877.98,1877.98,0.44553
2026-08-12 23:51:00+00:00,1877.98,1878.46,1877.98,1878.46,28.29397
2026-08-12 23:52:00+00:00,1878.46,1878.46,1877.94,1877.94,0.42136
2026-08-12 23:53:00+00:00,1877.94,1878.02,1877.94,1878.01,0.613454024892431936
2026-08-12 23:54:00+00:00,1878.01,1878.03,1878.01,1878.03,0.39584
2026-08-12 23:55:00+00:00,1878.03,1878.03,1877.99,1878.02,0.80041
2026-08-12 23:56:00+00:00,1878.02,1878.79,1878.01,1878.79,9.98527
2026-08-12 23:57:00+00:00,1878.79,1878.79,1878.02,1878.03,5.89559
2026-08-12 23:58:00+00:00,1878.03,1879.29,1878.02,1879,71.31609
2026-08-12 23:59:00+00:00,1879,1879.02,1879,1879.01,0.58079
2026-08-13 00:00:00+00:00,1879.01,1879.44,1878.47,1879.43,1401.07934
2026-08-13 00:01:00+00:00,1879.43,1879.76,1878.98,1879.02,3483.89717
2026-08-13 00:02:00+00:00,1879.02,1879.02,1878.47,1878.49,4039.0495
2026-08-13 00:03:00+00:00,1878.49,1879.01,1878.4,1878.47,124.59813
2026-08-13 00:04:00+00:00,1878.47,1878.98,1878.47,1878.47,35.73865
2026-08-13 00:05:00+00:00,1878.47,1879.99,1878.16,1879.51,13568.38863
2026-08-13 00:06:00+00:00,1879.51,1880.5,1879.51,1880.5,2032.07953
2026-08-13 00:07:00+00:00,1880.5,1880.75,1879.98,1879.98,46.03684
2026-08-13 00:08:00+00:00,1879.98,1881.02,1879.98,1881.02,102.745253201120231756
2026-08-13 00:09:00+00:00,1881.02,1882.84,1880.99,1882.83,3606.07466
2026-08-13 00:10:00+00:00,1882.83,1882.84,1882,1882,13.60549
2026-08-13 00:11:00+00:00,1882,1882.02,1882,1882.02,0.1229
2026-08-13 00:12:00+00:00,1882.02,1882.02,1882,1882.02,0.46414
2026-08-13 00:13:00+00:00,1882.02,1882.02,1881.97,1881.99,0.61743
2026-08-13 00:14:00+00:00,1881.99,1881.99,1881.98,1881.98,0.2889
2026-08-13 00:15:00+00:00,1881.98,1882.54,1881.98,1882.54,192.52609
2026-08-13 00:16:00+00:00,1882.54,1884.84,1882.53,1884.84,5911.29535
2026-08-13 00:17:00+00:00,1884.84,1884.84,1882.92,1882.92,67.56482
2026-08-13 00:18:00+00:00,1882.92,1884,1882.68,1882.68,202.04357
2026-08-13 00:19:00+00:00,1882.68,1883.37,1881.99,1883.37,3271.20715
2026-08-13 00:20:00+00:00,1883.37,1883.37,1882.36,1882.51,20.39471
2026-08-13 00:21:00+00:00,1882.51,1882.99,1881.98,1882.02,1715.31442
2026-08-13 00:22:00+00:00,1882.02,1882.99,1882.02,1882.53,221.18453
2026-08-13 00:23:00+00:00,1882.53,1882.72,1882.52,1882.72,0.25799
2026-08-13 00:24:00+00:00,1882.72,1882.98,1881.98,1881.98,52.39544
2026-08-13 00:25:00+00:00,1881.98,1882.02,1881.63,1881.63,11.520815863448253822
2026-08-13 00:26:00+00:00,1881.63,1882.01,1880.81,1881.01,58.08539
2026-08-13 00:27:00+00:00,1881.01,1881.15,1880.8,1881.08,6.5641
2026-08-13 00:28:00+00:00,1881.08,1881.54,1880.99,1881.2,2227.53131
2026-08-13 00:29:00+00:00,1881.2,1881.85,1881.02,1881.85,27.11
2026-08-13 00:30:00+00:00,1881.85,1881.85,1880.67,1880.68,0.32035
2026-08-13 00:31:00+00:00,1880.68,1880.96,1878.32,1878.84,3217.70398
2026-08-13 00:32:00+00:00,1878.84,1879,1877.76,1877.98,143.46302
2026-08-13 00:33:00+00:00,1877.98,1879.01,1877.98,1878.99,127.99982
2026-08-13 00:34:00+00:00,1878.99,1880.6,1878.02,1880.6,7916.36196
2026-08-13 00:35:00+00:00,1880.6,1881.07,1880.54,1880.55,87.41096
2026-08-13 00:36:00+00:00,1880.55,1881,1880.48,1881,498.96837
2026-08-13 00:37:00+00:00,1881,1881,1879.99,1879.99,31.25088
2026-08-13 00:38:00+00:00,1879.99,1880,1879.98,1879.98,0.54938
2026-08-13 00:39:00+00:00,1879.98,1879.98,1879.98,1879.98,0.1062
2026-08-13 00:40:00+00:00,1879.98,1879.98,1878.55,1878.73,4244.86386
2026-08-13 00:41:00+00:00,1878.73,1879.02,1877.69,1877.76,2980.18317
2026-08-13 00:42:00+00:00,1877.76,1877.97,1876.68,1877.52,45.925065988171715886
2026-08-13 00:43:00+00:00,1877.52,1880.36,1876.48,1879.57,16644.98065
2026-08-13 00:44:00+00:00,1879.57,1879.57,1878.02,1878.12,32.72044
2026-08-13 00:45:00+00:00,1878.12,1878.12,1877.59,1877.93,2082.13092
2026-08-13 00:46:00+00:00,1877.93,1879.53,1877.37,1879.53,2220.27768
2026-08-13 00:47:00+00:00,1879.53,1881.36,1879.02,1881.36,2911.06432
2026-08-13 00:48:00+00:00,1881.36,1882.07,1881.02,1882.02,54.72925
2026-08-13 00:49:00+00:00,1882.02,1882.02,1881.01,1881.47,211.37336
2026-08-13 00:50:00+00:00,1881.47,1882.04,1881.02,1882.04,87.02837
2026-08-13 00:51:00+00:00,1882.04,1882.52,1881.69,1882.49,232.338997056717432761
2026-08-13 00:52:00+00:00,1882.49,1882.92,1881.15,1881.18,4250.069721643638411236
2026-08-13 00:53:00+00:00,1881.18,1882.01,1881.18,1881.96,10289.07034
2026-08-13 00:54:00+00:00,1881.96,1881.98,1881.02,1881.84,273.24738
2026-08-13 00:55:00+00:00,1881.84,1881.98,1880.63,1880.99,2077.23795
2026-08-13 00:56:00+00:00,1880.99,1881.56,1880.98,1880.98,50.53812
2026-08-13 00:57:00+00:00,1880.98,1881.02,1880.49,1880.99,63.92011
2026-08-13 00:58:00+00:00,1880.99,1881.33,1880.99,1881,125.80419
2026-08-13 00:59:00+00:00,1881,1881.02,1879.92,1879.92,8052.10517
2026-08-13 01:00:00+00:00,1879.92,1879.92,1878.02,1878.02,11012.94738
2026-08-13 01:01:00+00:00,1878.02,1879.36,1877.99,1878.99,96.077685035419344561
2026-08-13 01:02:00+00:00,1878.99,1880.2,1878.99,1879.99,1014.35957
2026-08-13 01:03:00+00:00,1879.99,1880.6,1879.64,1879.99,3082.95081
2026-08-13 01:04:00+00:00,1879.99,1880.57,1879.99,1880.47,212.56125
2026-08-13 01:05:00+00:00,1880.47,1880.48,1880.04,1880.47,25.26937
2026-08-13 01:06:00+00:00,1880.47,1880.47,1879.49,1879.67,172.965785006162547817
2026-08-13 01:07:00+00:00,1879.67,1879.98,1879.47,1879.67,358.5082
2026-08-13 01:08:00+00:00,1879.67,1880,1879.67,1879.99,377.18916
2026-08-13 01:09:00+00:00,1879.99,1879.99,1879.48,1879.48,876.85338
2026-08-13 01:10:00+00:00,1879.48,1880.47,1879.48,1880.02,239.86678
2026-08-13 01:11:00+00:00,1880.02,1880.53,1879.99,1880.39,33.33459
2026-08-13 01:12:00+00:00,1880.39,1881.02,1880.36,1880.47,35.848349387611600008
2026-08-13 01:13:00+00:00,1880.47,1880.98,1880.16,1880.48,407.98853
2026-08-13 01:14:00+00:00,1880.48,1882.13,1880.48,1882.12,2771.19792
2026-08-13 01:15:00+00:00,1882.12,1882.13,1881.37,1881.37,151.20971
2026-08-13 01:16:00+00:00,1881.37,1881.98,1881,1881.02,93.83248554325928997
2026-08-13 01:17:00+00:00,1881.02,1881.02,1880.98,1880.98,0.09683
2026-08-13 01:18:00+00:00,1880.98,1881.62,1880.07,1880.07,80.013662228370355015
2026-08-13 01:19:00+00:00,1880.07,1880.07,1879.15,1879.43,18740.544248237872293413
2026-08-13 01:20:00+00:00,1879.43,1880.02,1879.02,1879.98,95.98382
2026-08-13 01:21:00+00:00,1879.98,1879.98,1878.98,1878.98,113.21648
2026-08-13 01:22:00+00:00,1878.98,1878.98,1877.99,1878.61,1277.78853
2026-08-13 01:23:00+00:00,1878.61,1878.99,1877.43,1877.47,1554.23224
2026-08-13 01:24:00+00:00,1877.47,1877.47,1876.77,1877.01,64.47223
2026-08-13 01:25:00+00:00,1877.01,1877.01,1875.21,1875.46,2397.78323
2026-08-13 01:26:00+00:00,1875.46,1875.85,1874.57,1875.85,89.00685
2026-08-13 01:27:00+00:00,1875.85,1876.73,1875.15,1875.15,7637.18669
2026-08-13 01:28:00+00:00,1875.15,1876,1874.63,1875.99,2138.70504
2026-08-13 01:29:00+00:00,1875.99,1876,1875.98,1876,0.28212
2026-08-13 01:30:00+00:00,1876,1876.85,1874.66,1876.85,82.07869
2026-08-13 01:31:00+00:00,1876.85,1877.02,1876.85,1876.99,0.53495
2026-08-13 01:32:00+00:00,1876.99,1877.33,1876.01,1877.02,194.94827
2026-08-13 01:33:00+00:00,1877.02,1878.3,1877.02,1878.3,29130.71493
2026-08-13 01:34:00+00:00,1878.3,1878.31,1878.29,1878.31,1.73591
2026-08-13 01:35:00+00:00,1878.31,1878.78,1878.3,1878.33,2556.24985
2026-08-13 01:36:00+00:00,1878.33,1879.01,1878.19,1878.19,10.49807
2026-08-13 01:37:00+00:00,1878.19,1879.01,1878.19,1878.98,164.62505
2026-08-13 01:38:00+00:00,1878.98,1879.01,1878.51,1878.8,189.75695
2026-08-13 01:39:00+00:00,1878.8,1879.53,1878.8,1879.52,32.23723
2026-08-13 01:40:00+00:00,1879.52,1879.53,1878.51,1878.67,96.86491
2026-08-13 01:41:00+00:00,1878.67,1878.98,1877.58,1877.58,340.07468
2026-08-13 01:42:00+00:00,1877.58,1877.99,1877.36,1877.43,471.34769
2026-08-13 01:43:00+00:00,1877.43,1877.98,1876.67,1876.67,72.48393
2026-08-13 01:44:00+00:00,1876.67,1877,1875.63,1876.02,1140.10561
2026-08-13 01:45:00+00:00,1876.02,1876.02,1874.47,1874.47,2088.99539
2026-08-13 01:46:00+00:00,1874.47,1876.3,1873.64,1876.3,2420.45337
2026-08-13 01:47:00+00:00,1876.3,1878.28,1875.98,1878.28,205.99014
2026-08-13 01:48:00+00:00,1878.28,1878.28,1876.8,1876.99,12.95813
2026-08-13 01:49:00+00:00,1876.99,1877,1876.54,1876.67,84.64377
2026-08-13 01:50:00+00:00,1876.67,1877.53,1876.09,1877.53,169.60355
2026-08-13 01:51:00+00:00,1877.53,1878.03,1877.53,1878.02,64.59883
2026-08-13 01:52:00+00:00,1878.02,1878.02,1877.52,1877.55,626.68143
2026-08-13 01:53:00+00:00,1877.55,1878.36,1877.55,1878,1025.39625
2026-08-13 01:54:00+00:00,1878,1878.53,1878,1878.53,563.20837
2026-08-13 01:55:00+00:00,1878.53,1879.33,1878.35,1878.98,40.89577
2026-08-13 01:56:00+00:00,1878.98,1879.01,1878.52,1878.52,32.67597
2026-08-13 01:57:00+00:00,1878.52,1878.98,1878.47,1878.89,230.07125
2026-08-13 01:58:00+00:00,1878.89,1878.89,1877.2,1877.43,120.879487642219484274
2026-08-13 01:59:00+00:00,1877.43,1877.98,1877.4,1877.42,72.42651
2026-08-13 02:00:00+00:00,1877.42,1877.98,1877.42,1877.67,210.00968
2026-08-13 02:01:00+00:00,1877.67,1877.67,1877.15,1877.19,15.36839
2026-08-13 02:02:00+00:00,1877.19,1877.98,1876.66,1877.98,13.02698
2026-08-13 02:03:00+00:00,1877.98,1878.04,1877.59,1877.59,48.096112278184950279
2026-08-13 02:04:00+00:00,1877.59,1877.98,1876.96,1877.01,39.092580081117212507
2026-08-13 02:05:00+00:00,1877.01,1877.01,1877.01,1877.01,0
2026-08-13 02:06:00+00:00,1877.01,1877.01,1876.32,1876.32,172.14812
2026-08-13 02:07:00+00:00,1876.32,1877.01,1876.32,1876.5,167.81596
2026-08-13 02:08:00+00:00,1876.5,1877.02,1876.5,1876.98,1.2229
2026-08-13 02:09:00+00:00,1876.98,1877.99,1876.98,1877.99,117.16101
2026-08-13 02:10:00+00:00,1877.99,1878.01,1877.02,1877.41,144.1341
2026-08-13 02:11:00+00:00,1877.41,1877.41,1876.96,1877.01,1.10164
2026-08-13 02:12:00+00:00,1877.01,1877.98,1877.01,1877.92,223.08885
2026-08-13 02:13:00+00:00,1877.92,1877.92,1876.36,1877.02,631.24808
2026-08-13 02:14:00+00:00,1877.02,1877.02,1876.98,1877,0.54791
2026-08-13 02:15:00+00:00,1877,1877,1876.47,1876.47,41.92846
2026-08-13 02:16:00+00:00,1876.47,1876.98,1876.4,1876.67,155.2606
2026-08-13 02:17:00+00:00,1876.67,1877.02,1876.67,1877.02,126.48557
2026-08-13 02:18:00+00:00,1877.02,1877.03,1877.02,1877.03,0.09571
2026-08-13 02:19:00+00:00,1877.03,1877.64,1876.98,1877.01,3081.4451
2026-08-13 02:20:00+00:00,1877.01,1877.01,1877,1877,0.0818
2026-08-13 02:21:00+00:00,1877,1877.42,1875.98,1875.98,68.1142
2026-08-13 02:22:00+00:00,1875.98,1876.02,1875.51,1875.52,2189.79603
2026-08-13 02:23:00+00:00,1875.52,1875.99,1875.51,1875.67,516.92721
2026-08-13 02:24:00+00:00,1875.67,1876,1875.47,1875.98,221.878252298898007643
2026-08-13 02:25:00+00:00,1875.98,1876,1875.98,1875.99,0.36851
2026-08-13 02:26:00+00:00,1875.99,1876.98,1875.99,1876.47,378.14466
2026-08-13 02:27:00+00:00,1876.47,1877.01,1876.47,1876.98,126.65258
2026-08-13 02:28:00+00:00,1876.98,1877.59,1876.98,1877.48,85.70043
2026-08-13 02:29:00+00:00,1877.48,1877.48,1876.67,1876.67,31.91866
2026-08-13 02:30:00+00:00,1876.67,1876.67,1873.65,1873.65,10844.23938
2026-08-13 02:31:00+00:00,1873.65,1875.32,1872.57,1872.57,2052.547355568736841547
2026-08-13 02:32:00+00:00,1872.57,1874.07,1872.57,1872.72,1039.499136666666666666
2026-08-13 02:33:00+00:00,1872.72,1873.84,1872.15,1873.73,1107.486978585411269246
2026-08-13 02:34:00+00:00,1873.73,1874.61,1873.47,1874.6,126.01528
2026-08-13 02:35:00+00:00,1874.6,1875,1874.48,1874.99,409.68209
2026-08-13 02:36:00+00:00,1874.99,1874.99,1873.68,1874.6,272.88035
2026-08-13 02:37:00+00:00,1874.6,1874.98,1872.98,1873.52,4272.47271
2026-08-13 02:38:00+00:00,1873.52,1873.99,1873.33,1873.33,152.70734
2026-08-13 02:39:00+00:00,1873.33,1874.01,1872.96,1873.47,91.75196
2026-08-13 02:40:00+00:00,1873.47,1873.48,1872.52,1873.47,17645.48963
2026-08-13 02:41:00+00:00,1873.47,1874.51,1873.02,1874.51,2228.34344
2026-08-13 02:42:00+00:00,1874.51,1874.85,1874.02,1874.85,39.44013
2026-08-13 02:43:00+00:00,1874.85,1874.85,1874.85,1874.85,0
2026-08-13 02:44:00+00:00,1874.85,1876.37,1874.85,1876.36,17648.80231
2026-08-13 02:45:00+00:00,1876.36,1876.64,1875.79,1875.79,477.56521
2026-08-13 02:46:00+00:00,1875.79,1876.01,1875.31,1875.31,4057.07041
2026-08-13 02:47:00+00:00,1875.31,1877.49,1875.02,1877.48,11187.21855
2026-08-13 02:48:00+00:00,1877.48,1877.48,1876.99,1877.46,246.79885
2026-08-13 02:49:00+00:00,1877.46,1877.83,1876.89,1877.48,117.95155
2026-08-13 02:50:00+00:00,1877.48,1878,1877.02,1878,132.33909
2026-08-13 02:51:00+00:00,1878,1878.53,1877.98,1878.33,152.071894902609488122
2026-08-13 02:52:00+00:00,1878.33,1878.51,1877.98,1877.98,108.536435841641896622
2026-08-13 02:53:00+00:00,1877.98,1880.36,1877.98,1880.28,4457.920408119124608165
2026-08-13 02:54:00+00:00,1880.28,1880.5,1879.82,1880.49,40141.019496039233495213
2026-08-13 02:55:00+00:00,1880.49,1881.69,1880.49,1881.67,170.0368
2026-08-13 02:56:00+00:00,1881.67,1882.74,1881.67,1882.74,14021.49227
2026-08-13 02:57:00+00:00,1882.74,1882.74,1881.15,1881.19,244.602609600743954668
2026-08-13 02:58:00+00:00,1881.19,1881.2,1881.19,1881.2,1.02042
2026-08-13 02:59:00+00:00,1881.2,1881.33,1881.15,1881.19,1.843619238773099345
2026-08-13 03:00:00+00:00,1881.19,1882.56,1881.02,1882.55,3239.276785826101140553
2026-08-13 03:01:00+00:00,1882.55,1882.55,1881.99,1882.01,132.33622
2026-08-13 03:02:00+00:00,1882.01,1882.01,1882,1882,1.84248
2026-08-13 03:03:00+00:00,1882,1882.01,1881,1881.01,257.503
2026-08-13 03:04:00+00:00,1881.01,1882.5,1880.99,1882.49,2060.83733
2026-08-13 03:05:00+00:00,1882.49,1882.98,1881.93,1881.93,156.264246322340889972
2026-08-13 03:06:00+00:00,1881.93,1882.02,1881.93,1881.98,0.556822009394240737
2026-08-13 03:07:00+00:00,1881.98,1883.2,1881.98,1883.02,45.296485963553986613
2026-08-13 03:08:00+00:00,1883.02,1883.85,1882.99,1883.82,2043.648337525559130752
2026-08-13 03:09:00+00:00,1883.82,1883.82,1881.45,1881.47,4388.543230465046628511
2026-08-13 03:10:00+00:00,1881.47,1882.04,1881.35,1882.02,89.81008
2026-08-13 03:11:00+00:00,1882.02,1882.02,1881.47,1881.47,134.84738
2026-08-13 03:12:00+00:00,1881.47,1882,1881.44,1881.98,181.96507
2026-08-13 03:13:00+00:00,1881.98,1883.04,1881.98,1883.02,70.798524567872501362
2026-08-13 03:14:00+00:00,1883.02,1883.02,1882.51,1882.98,206.475523489113117365
2026-08-13 03:15:00+00:00,1882.98,1883.37,1882.98,1883.02,2062.97656
2026-08-13 03:16:00+00:00,1883.02,1883.02,1882.67,1882.67,0.97958
2026-08-13 03:17:00+00:00,1882.67,1882.98,1881.98,1881.98,67.50815
2026-08-13 03:18:00+00:00,1881.98,1883.62,1881.98,1883.62,2089.00773
2026-08-13 03:19:00+00:00,1883.62,1883.62,1883.01,1883.02,35.97505
2026-08-13 03:20:00+00:00,1883.02,1884.18,1883.02,1883.64,71.25178
2026-08-13 03:21:00+00:00,1883.64,1883.64,1882.23,1883.02,1727.4435
2026-08-13 03:22:00+00:00,1883.02,1883.02,1881.97,1882.52,268.59233
2026-08-13 03:23:00+00:00,1882.52,1882.98,1882.02,1882.67,314.20894
2026-08-13 03:24:00+00:00,1882.67,1882.98,1882.67,1882.67,564.93768
2026-08-13 03:25:00+00:00,1882.67,1883.02,1882.47,1882.47,172.29699
2026-08-13 03:26:00+00:00,1882.47,1883,1882.47,1882.99,15.5596
2026-08-13 03:27:00+00:00,1882.99,1883.01,1882.97,1883,1.36397
2026-08-13 03:28:00+00:00,1883,1883.01,1882.39,1882.39,4.42674
2026-08-13 03:29:00+00:00,1882.39,1882.39,1882.33,1882.35,0.26319
2026-08-13 03:30:00+00:00,1882.35,1882.7,1882.32,1882.7,0.66254
2026-08-13 03:31:00+00:00,1882.7,1883.35,1882.7,1882.7,0.54053
2026-08-13 03:32:00+00:00,1882.7,1887.36,1882.7,1885.3,7842.053378644312165574
2026-08-13 03:33:00+00:00,1885.3,1885.35,1883.97,1884.72,1.03519
2026-08-13 03:34:00+00:00,1884.72,1885.3,1884.72,1885.3,0.07958361850796632
2026-08-13 03:35:00+00:00,1885.3,1885.3,1883.98,1884.04,1774.705201423696701251
2026-08-13 03:36:00+00:00,1884.04,1884.53,1883.99,1884.38,177.54932
2026-08-13 03:37:00+00:00,1884.38,1884.38,1883.99,1883.99,1.00442
2026-08-13 03:38:00+00:00,1883.99,1883.99,1883.99,1883.99,0
2026-08-13 03:39:00+00:00,1883.99,1884.01,1883.63,1883.99,74.75024
2026-08-13 03:40:00+00:00,1883.99,1884.02,1883.49,1883.67,1237.87879
2026-08-13 03:41:00+00:00,1883.67,1883.98,1883.02,1883.02,18.1491
2026-08-13 03:42:00+00:00,1883.02,1883.02,1882.99,1882.99,0.17206
2026-08-13 03:43:00+00:00,1882.99,1883.04,1882.99,1883.04,0.592572316707757322
2026-08-13 03:44:00+00:00,1883.04,1883.04,1883.04,1883.04,0
2026-08-13 03:45:00+00:00,1883.04,1883.98,1883.02,1883.98,66.605233841646121339
2026-08-13 03:46:00+00:00,1883.98,1883.99,1883.98,1883.98,0.39429
2026-08-13 03:47:00+00:00,1883.98,1884.01,1883.98,1884,1.28933
2026-08-13 03:48:00+00:00,1884,1884.85,1883.99,1884.85,2203.69942
2026-08-13 03:49:00+00:00,1884.85,1886.98,1884.85,1886.43,7568.86198
2026-08-13 03:50:00+00:00,1886.43,1887.39,1885.65,1887.01,1737.91575
2026-08-13 03:51:00+00:00,1887.01,1887.63,1886.54,1887.63,143.12206
2026-08-13 03:52:00+00:00,1887.63,1887.85,1886.99,1887.02,13.928923500614214723
2026-08-13 03:53:00+00:00,1887.02,1888.02,1886.65,1886.65,111.100180467432998829
2026-08-13 03:54:00+00:00,1886.65,1887.02,1886.48,1886.49,55.689131275245361852
2026-08-13 03:55:00+00:00,1886.49,1886.49,1886.01,1886.43,31.61733
2026-08-13 03:56:00+00:00,1886.43,1886.43,1886.43,1886.43,0
2026-08-13 03:57:00+00:00,1886.43,1886.98,1886.02,1886.47,106.91995
2026-08-13 03:58:00+00:00,1886.47,1887.02,1886.43,1887.02,161.934296373808902205
2026-08-13 03:59:00+00:00,1887.02,1887.02,1886.29,1886.93,126.3101
2026-08-13 04:00:00+00:00,1886.93,1886.99,1885.99,1886.67,558.12625
2026-08-13 04:01:00+00:00,1886.67,1887,1886.55,1887,94.36578
2026-08-13 04:02:00+00:00,1887,1887,1887,1887,0
2026-08-13 04:03:00+00:00,1887,1887,1887,1887,0
2026-08-13 04:04:00+00:00,1887,1887,1885.99,1885.99,36.174230565961198895
2026-08-13 04:05:00+00:00,1885.99,1886.41,1885.98,1886.4,31.74087
2026-08-13 04:06:00+00:00,1886.4,1886.44,1886.02,1886.33,151.7113
2026-08-13 04:07:00+00:00,1886.33,1887.02,1886.02,1886.98,198.113899194488606253
2026-08-13 04:08:00+00:00,1886.98,1887.02,1886.67,1886.67,9.610248432106353175
2026-08-13 04:09:00+00:00,1886.67,1886.67,1885.99,1886.33,30.9133
2026-08-13 04:10:00+00:00,1886.33,1887.03,1886.02,1886.98,86.323716666666666666
2026-08-13 04:11:00+00:00,1886.98,1886.98,1885.41,1885.69,271.446274255185781275
2026-08-13 04:12:00+00:00,1885.69,1886.01,1885.64,1886.01,0.25854
2026-08-13 04:13:00+00:00,1886.01,1887.02,1886,1886.98,886.81089
2026-08-13 04:14:00+00:00,1886.98,1887.02,1886.47,1886.47,36.17144
2026-08-13 04:15:00+00:00,1886.47,1886.47,1885.55,1886,1139.96571
2026-08-13 04:16:00+00:00,1886,1886,1885.98,1885.98,0.62347
2026-08-13 04:17:00+00:00,1885.98,1886.02,1885.67,1885.67,63.04799
2026-08-13 04:18:00+00:00,1885.67,1886.03,1885.52,1886.03,0.19738
2026-08-13 04:19:00+00:00,1886.03,1886.03,1885.47,1885.98,186.88095
2026-08-13 04:20:00+00:00,1885.98,1885.99,1885.67,1885.67,62.637
2026-08-13 04:21:00+00:00,1885.67,1885.98,1885.25,1885.26,67.2709
2026-08-13 04:22:00+00:00,1885.26,1885.26,1885.02,1885.02,0.07074
2026-08-13 04:23:00+00:00,1885.02,1885.07,1885,1885.07,23.9728
2026-08-13 04:24:00+00:00,1885.07,1885.4,1884.99,1885.12,54.5503
2026-08-13 04:25:00+00:00,1885.12,1885.53,1885.01,1885.53,513.45445
2026-08-13 04:26:00+00:00,1885.53,1885.98,1885.53,1885.98,0.96586
2026-08-13 04:27:00+00:00,1885.98,1885.98,1884.98,1885.02,30.59149
2026-08-13 04:28:00+00:00,1885.02,1885.5,1884.99,1885.48,262.93566
2026-08-13 04:29:00+00:00,1885.48,1885.48,1885.01,1885.01,0.21335
2026-08-13 04:30:00+00:00,1885.01,1885.01,1885.01,1885.01,0
2026-08-13 04:31:00+00:00,1885.01,1885.01,1885.01,1885.01,0
2026-08-13 04:32:00+00:00,1885.01,1885.01,1885.01,1885.01,0
2026-08-13 04:33:00+00:00,1885.01,1887.19,1884.79,1887.19,1.54638
2026-08-13 04:34:00+00:00,1887.19,1887.53,1887.02,1887.53,35.2475
2026-08-13 04:35:00+00:00,1887.53,1889,1887.53,1889,39.06933
2026-08-13 04:36:00+00:00,1889,1889.53,1888.5,1889.33,2085.28886
2026-08-13 04:37:00+00:00,1889.33,1889.98,1889.02,1889.52,90.7818
2026-08-13 04:38:00+00:00,1889.52,1891.36,1888.98,1889.1,96.868547576953766969
2026-08-13 04:39:00+00:00,1889.1,1889.46,1888.4,1888.4,2253.16398
2026-08-13 04:40:00+00:00,1888.4,1889,1888.16,1888.99,92.98766
2026-08-13 04:41:00+00:00,1888.99,1889.4,1888.98,1889.39,105.064669409088976746
2026-08-13 04:42:00+00:00,1889.39,1890.01,1889.01,1890,31.21673
2026-08-13 04:43:00+00:00,1890,1890.53,1889.98,1890.52,2010.91777
2026-08-13 04:44:00+00:00,1890.52,1890.53,1889.98,1890.21,32.40777
2026-08-13 04:45:00+00:00,1890.21,1892.16,1890.02,1892.01,5320.655385344110644458
2026-08-13 04:46:00+00:00,1892.01,1893.2,1891.18,1892.9,4211.596735560080170521
2026-08-13 04:47:00+00:00,1892.9,1894.36,1892.07,1894.11,2130.901714653384574243
2026-08-13 04:48:00+00:00,1894.11,1894.21,1891.5,1892,6152.750796936044151832
2026-08-13 04:49:00+00:00,1892,1892,1890.64,1890.93,60.803346263625743596
2026-08-13 04:50:00+00:00,1890.93,1892.12,1890.93,1892.02,196.907686249596460495
2026-08-13 04:51:00+00:00,1892.02,1892.02,1891.97,1892.02,0.85903
2026-08-13 04:52:00+00:00,1892.02,1892.49,1891.19,1891.19,107.9621
2026-08-13 04:53:00+00:00,1891.19,1891.48,1890.99,1891.47,183.58854
2026-08-13 04:54:00+00:00,1891.47,1892.37,1891.47,1892.37,2031.31952
2026-08-13 04:55:00+00:00,1892.37,1892.37,1891.99,1891.99,0.1713
2026-08-13 04:56:00+00:00,1891.99,1892.02,1891.99,1892.02,1.16805227530569844
2026-08-13 04:57:00+00:00,1892.02,1892.02,1891.99,1892,0.876859492333468992
2026-08-13 04:58:00+00:00,1892,1892.01,1891.67,1892.01,85.47568
2026-08-13 04:59:00+00:00,1892.01,1892.01,1891.16,1891.67,131.77347
2026-08-13 05:00:00+00:00,1891.67,1892.63,1890.99,1890.99,91.87842
2026-08-13 05:01:00+00:00,1890.99,1891.51,1890.98,1891.33,3986.134635070751972955
2026-08-13 05:02:00+00:00,1891.33,1892.02,1891.02,1892.02,31.83506
2026-08-13 05:03:00+00:00,1892.02,1892.52,1891.99,1892.52,2022.97941
2026-08-13 05:04:00+00:00,1892.52,1893.11,1892.02,1893.01,57.209240630263971225
2026-08-13 05:05:00+00:00,1893.01,1893.01,1891.96,1892.02,92.93305
2026-08-13 05:06:00+00:00,1892.02,1897.36,1892,1896.47,20189.198258456489723834
2026-08-13 05:07:00+00:00,1896.47,1897.36,1896.47,1897.36,1501.058445372333202721
2026-08-13 05:08:00+00:00,1897.36,1898,1896.47,1896.67,63496.578243101098202994
2026-08-13 05:09:00+00:00,1896.67,1897.01,1895.47,1895.54,2493.07466
2026-08-13 05:10:00+00:00,1895.54,1896.37,1895.07,1896.33,4241.612618712808463447
2026-08-13 05:11:00+00:00,1896.33,1897.02,1896.33,1896.43,236.68108
2026-08-13 05:12:00+00:00,1896.43,1896.98,1895.98,1896.33,590.281631751919623221
2026-08-13 05:13:00+00:00,1896.33,1897.45,1896.02,1897.33,3075.23355
2026-08-13 05:14:00+00:00,1897.33,1897.77,1896.78,1897.77,11142.42452
2026-08-13 05:15:00+00:00,1897.77,1899.48,1897.56,1899.47,5077.81898
2026-08-13 05:16:00+00:00,1899.47,1899.47,1896.47,1896.47,4249.95754
2026-08-13 05:17:00+00:00,1896.47,1897.15,1896.19,1897.15,12.42508
2026-08-13 05:18:00+00:00,1897.15,1897.69,1896.59,1896.99,34132.31746
2026-08-13 05:19:00+00:00,1896.99,1896.99,1895.91,1896.53,181.12132
2026-08-13 05:20:00+00:00,1896.53,1897.02,1896.02,1896.34,71.916744109809837557
2026-08-13 05:21:00+00:00,1896.34,1897.01,1896.02,1896.02,223.905787239727891173
2026-08-13 05:22:00+00:00,1896.02,1896.51,1895.96,1896.33,157.31043
2026-08-13 05:23:00+00:00,1896.33,1898.2,1896.02,1897.47,5400.06208
2026-08-13 05:24:00+00:00,1897.47,1899.03,1897.02,1897.68,2459.89502
2026-08-13 05:25:00+00:00,1897.68,1899.02,1897.68,1898.15,231.602094245785739991
2026-08-13 05:26:00+00:00,1898.15,1898.2,1896.64,1897.19,2194.210977841664631612
2026-08-13 05:27:00+00:00,1897.19,1898.01,1897.19,1898.01,1013.093119607934037238
2026-08-13 05:28:00+00:00,1898.01,1898.6,1897.67,1897.99,164.91938
2026-08-13 05:29:00+00:00,1897.99,1899.35,1897.52,1899.35,784.93253
2026-08-13 05:30:00+00:00,1899.35,1899.35,1896.64,1897.02,1.179851488359926948
2026-08-13 05:31:00+00:00,1897.02,1897.63,1896.94,1897.53,2563.141265284054032738
2026-08-13 05:32:00+00:00,1897.53,1898.36,1895.82,1895.83,70.927434810059450772
2026-08-13 05:33:00+00:00,1895.83,1896.53,1895.83,1895.98,51.00666
2026-08-13 05:34:00+00:00,1895.98,1896.58,1895.98,1896.53,636.34544
2026-08-13 05:35:00+00:00,1896.53,1897.45,1896.53,1897.01,3587.28805
2026-08-13 05:36:00+00:00,1897.01,1897.01,1896.47,1896.47,188.98637
2026-08-13 05:37:00+00:00,1896.47,1897.19,1896.02,1897.02,61.61645318428241979
2026-08-13 05:38:00+00:00,1897.02,1897.58,1897.02,1897.53,262.49483927680548761
2026-08-13 05:39:00+00:00,1897.53,1898.01,1897.52,1897.99,2573.1821
2026-08-13 05:40:00+00:00,1897.99,1898.53,1897.99,1897.99,2020.34628
2026-08-13 05:41:00+00:00,1897.99,1898.01,1896.98,1896.98,15.02363
2026-08-13 05:42:00+00:00,1896.98,1896.99,1896.98,1896.99,0.274519451839401022
2026-08-13 05:43:00+00:00,1896.99,1897.02,1896.98,1896.99,1.12994
2026-08-13 05:44:00+00:00,1896.99,1897.02,1896.99,1897.01,0.33337
2026-08-13 05:45:00+00:00,1897.01,1897.01,1896.47,1896.98,2438.76631
2026-08-13 05:46:00+00:00,1896.98,1897.49,1896.98,1897.33,303.91828
2026-08-13 05:47:00+00:00,1897.33,1897.33,1897.02,1897.02,219.13239
2026-08-13 05:48:00+00:00,1897.02,1897.36,1896.15,1896.27,2102.75139989017361203
2026-08-13 05:49:00+00:00,1896.27,1896.42,1896,1896,11.7103
2026-08-13 05:50:00+00:00,1896,1896.01,1895.96,1895.96,1.50136
2026-08-13 05:51:00+00:00,1895.96,1896.02,1895.59,1896.02,2023.65572
2026-08-13 05:52:00+00:00,1896.02,1896.02,1895.98,1896.02,0.90316
2026-08-13 05:53:00+00:00,1896.02,1896.02,1895.98,1895.98,1.35488
2026-08-13 05:54:00+00:00,1895.98,1896.04,1895.59,1896.04,1.05693853230341853
2026-08-13 05:55:00+00:00,1896.04,1896.04,1895.99,1896,1.68479
2026-08-13 05:56:00+00:00,1896,1896.01,1895.99,1895.99,0.31024
2026-08-13 05:57:00+00:00,1895.99,1896.02,1895.99,1895.99,0.424937809929563396
2026-08-13 05:58:00+00:00,1895.99,1896.01,1895.54,1895.54,478.485493219616204691
2026-08-13 05:59:00+00:00,1895.54,1895.98,1894.98,1894.98,167.157452440879978076
2026-08-13 06:00:00+00:00,1894.98,1895.02,1894.97,1894.97,0.70456
2026-08-13 06:01:00+00:00,1894.97,1895.33,1894.47,1894.47,2379.65019
2026-08-13 06:02:00+00:00,1894.47,1894.48,1893.83,1893.88,94.61449
2026-08-13 06:03:00+00:00,1893.88,1894.02,1893.15,1893.2,2171.272785776573189589
2026-08-13 06:04:00+00:00,1893.2,1893.2,1892.99,1892.99,1.76532
2026-08-13 06:05:00+00:00,1892.99,1892.99,1892.17,1892.17,98.96826
2026-08-13 06:06:00+00:00,1892.17,1892.62,1891.98,1892.62,188.161645963360806079
2026-08-13 06:07:00+00:00,1892.62,1893,1892.12,1892.98,41.588609318892492632
2026-08-13 06:08:00+00:00,1892.98,1893.01,1892.49,1892.67,253.382890656595279235
2026-08-13 06:09:00+00:00,1892.67,1893.01,1892.67,1892.99,0.51376
2026-08-13 06:10:00+00:00,1892.99,1893.02,1892.96,1892.98,0.350507876235263278
2026-08-13 06:11:00+00:00,1892.98,1893.02,1892.98,1892.99,0.60477
2026-08-13 06:12:00+00:00,1892.99,1893.02,1892.99,1892.99,0.3843
2026-08-13 06:13:00+00:00,1892.99,1893.04,1892.99,1893.01,0.65938
2026-08-13 06:14:00+00:00,1893.01,1893.02,1892.99,1893.01,1.44333
2026-08-13 06:15:00+00:00,1893.01,1894.36,1893.01,1894.36,62.14491
2026-08-13 06:16:00+00:00,1894.36,1894.36,1893.01,1893.01,3.589570675593995909
2026-08-13 06:17:00+00:00,1893.01,1893.53,1893.01,1893.52,285.32263
2026-08-13 06:18:00+00:00,1893.52,1894.05,1893.52,1893.55,83.21807
2026-08-13 06:19:00+00:00,1893.55,1894.42,1893.55,1894.42,2578.355463450957925602
2026-08-13 06:20:00+00:00,1894.42,1894.82,1894.02,1894.59,382.38244511373654509
2026-08-13 06:21:00+00:00,1894.59,1895.01,1893.99,1895.01,97.24004
2026-08-13 06:22:00+00:00,1895.01,1895.02,1894.48,1894.93,94.383695365356502821
2026-08-13 06:23:00+00:00,1894.93,1894.98,1893.99,1894.02,133.66709
2026-08-13 06:24:00+00:00,1894.02,1894.02,1893.98,1893.98,0.563658382410309584
2026-08-13 06:25:00+00:00,1893.98,1894.02,1893.98,1893.99,0.842019501272004725
2026-08-13 06:26:00+00:00,1893.99,1894.01,1892.99,1892.99,157.06253
2026-08-13 06:27:00+00:00,1892.99,1893.4,1892.96,1892.98,33.688983313104424479
2026-08-13 06:28:00+00:00,1892.98,1894.02,1892.98,1894.02,0.784811477679855138
2026-08-13 06:29:00+00:00,1894.02,1894.02,1893.99,1893.99,0.08372
2026-08-13 06:30:00+00:00,1893.99,1893.99,1892.64,1892.65,0.515070307007660692
2026-08-13 06:31:00+00:00,1892.65,1892.65,1892.65,1892.65,0
2026-08-13 06:32:00+00:00,1892.65,1892.65,1892.65,1892.65,0
2026-08-13 06:33:00+00:00,1892.65,1892.66,1891.63,1891.63,5543.087135937409531678
2026-08-13 06:34:00+00:00,1891.63,1891.85,1890.65,1891.85,267.189113313104424479
2026-08-13 06:35:00+00:00,1891.85,1892.41,1891.84,1892.41,2063.85703
2026-08-13 06:36:00+00:00,1892.41,1892.41,1891.4,1891.62,1656.01889
2026-08-13 06:37:00+00:00,1891.62,1892.02,1891.62,1892.02,0.30722853067133601
2026-08-13 06:38:00+00:00,1892.02,1892.02,1891.98,1892.02,0.32691
2026-08-13 06:39:00+00:00,1892.02,1892.02,1891.98,1892.02,0.6497
2026-08-13 06:40:00+00:00,1892.02,1892.03,1891.98,1891.99,0.8053
2026-08-13 06:41:00+00:00,1891.99,1892.04,1891.6,1892.01,32.512318602008860044
2026-08-13 06:42:00+00:00,1892.01,1892.02,1891.99,1892,0.56617
2026-08-13 06:43:00+00:00,1892,1892,1891.98,1891.98,0.31529
2026-08-13 06:44:00+00:00,1891.98,1892.03,1891.98,1892.01,1.43542
2026-08-13 06:45:00+00:00,1892.01,1892.69,1891.98,1892.69,23.04768
2026-08-13 06:46:00+00:00,1892.69,1893.48,1892.69,1893.44,2095.09524
2026-08-13 06:47:00+00:00,1893.44,1894.85,1893.02,1894.85,22742.69886
2026-08-13 06:48:00+00:00,1894.85,1895.79,1894.85,1895,29103.06265
2026-08-13 06:49:00+00:00,1895,1895.02,1895,1895.02,0.10535
2026-08-13 06:50:00+00:00,1895.02,1895.8,1895.02,1895.8,128.94424
2026-08-13 06:51:00+00:00,1895.8,1896.19,1895.01,1896.19,85.542742791497360765
2026-08-13 06:52:00+00:00,1896.19,1896.62,1896,1896.33,350.037177809929563396
2026-08-13 06:53:00+00:00,1896.33,1896.85,1896,1896.02,26.97445
2026-08-13 06:54:00+00:00,1896.02,1897.01,1896.01,1897,102.63985
2026-08-13 06:55:00+00:00,1897,1897.02,1896.99,1897.02,0.57221
2026-08-13 06:56:00+00:00,1897.02,1897.07,1896.99,1896.99,0.470526781957907421
2026-08-13 06:57:00+00:00,1896.99,1897.57,1896.58,1896.98,100.617960808798724854
2026-08-13 06:58:00+00:00,1896.98,1897.02,1896.96,1896.99,0.75514
2026-08-13 06:59:00+00:00,1896.99,1898.02,1896.99,1897.98,53.391267671751618478
2026-08-13 07:00:00+00:00,1897.98,1897.99,1896.96,1896.98,84.85318918068892397
2026-08-13 07:01:00+00:00,1896.98,1897,1895.68,1895.68,120.024476781957907421
2026-08-13 07:02:00+00:00,1895.68,1896.25,1895.68,1896.22,0.19586
2026-08-13 07:03:00+00:00,1896.22,1896.24,1896,1896.01,2.04836
2026-08-13 07:04:00+00:00,1896.01,1896.01,1895.38,1895.38,2035.75159
2026-08-13 07:05:00+00:00,1895.38,1896.01,1895.02,1895.99,63.13375
2026-08-13 07:06:00+00:00,1895.99,1896.53,1895.96,1895.98,1044.266544083448622946
2026-08-13 07:07:00+00:00,1895.98,1896.43,1895.98,1896.4,322.65692
2026-08-13 07:08:00+00:00,1896.4,1896.4,1895.98,1895.98,0.8432
2026-08-13 07:09:00+00:00,1895.98,1896.53,1895.98,1896.53,222.60681
2026-08-13 07:10:00+00:00,1896.53,1896.96,1896.01,1896.12,107.73177
2026-08-13 07:11:00+00:00,1896.12,1897.36,1895.98,1897.36,62.765214889145474875
2026-08-13 07:12:00+00:00,1897.36,1897.36,1897,1897.04,3.730078171571566576
2026-08-13 07:13:00+00:00,1897.04,1897.04,1896.02,1896.02,153.4251
2026-08-13 07:14:00+00:00,1896.02,1896.02,1895.98,1895.99,0.770364082431681701
2026-08-13 07:15:00+00:00,1895.99,1896.52,1895.99,1896.33,960.93667
2026-08-13 07:16:00+00:00,1896.33,1896.51,1896.02,1896.33,1203.26467
2026-08-13 07:17:00+00:00,1896.33,1896.48,1895.98,1896.01,374.73851
2026-08-13 07:18:00+00:00,1896.01,1896.02,1895.98,1895.98,0.728400765283716579
2026-08-13 07:19:00+00:00,1895.98,1896.02,1895.98,1896.01,0.743023193108556932
2026-08-13 07:20:00+00:00,1896.01,1896.02,1895.99,1896,0.36186
2026-08-13 07:21:00+00:00,1896,1896,1895.47,1896,68.032182823661844191
2026-08-13 07:22:00+00:00,1896,1896.88,1895.99,1896.88,31.55972
2026-08-13 07:23:00+00:00,1896.88,1896.88,1896.02,1896.53,160.24731
2026-08-13 07:24:00+00:00,1896.53,1896.99,1896.53,1896.98,0.89990099396999455
2026-08-13 07:25:00+00:00,1896.98,1897,1895.98,1896,102.73638
2026-08-13 07:26:00+00:00,1896,1896.01,1895.98,1895.99,0.63947
2026-08-13 07:27:00+00:00,1895.99,1896.44,1895.99,1896.33,498.92877
2026-08-13 07:28:00+00:00,1896.33,1896.6,1896.02,1896.43,404.38769
2026-08-13 07:29:00+00:00,1896.43,1896.97,1896.02,1896.97,20.55328
2026-08-13 07:30:00+00:00,1896.97,1896.97,1896.97,1896.97,0
2026-08-13 07:31:00+00:00,1896.97,1896.97,1896.97,1896.97,0
2026-08-13 07:32:00+00:00,1896.97,1897.26,1896.72,1896.72,0.137553484481019414
2026-08-13 07:33:00+00:00,1896.72,1897.29,1896.68,1897.29,1.251821062731355706
2026-08-13 07:34:00+00:00,1897.29,1897.31,1895.64,1897.31,1.869772852977187756
2026-08-13 07:35:00+00:00,1897.31,1897.31,1897.31,1897.31,0
2026-08-13 07:36:00+00:00,1897.31,1897.31,1895.64,1897.28,0.697898847970856679
2026-08-13 07:37:00+00:00,1897.28,1897.31,1897.24,1897.31,0.790726361235430866
2026-08-13 07:38:00+00:00,1897.31,1897.31,1897.3,1897.31,0.332952006617384728
2026-08-13 07:39:00+00:00,1897.31,1897.31,1897.31,1897.31,0
2026-08-13 07:40:00+00:00,1897.31,1897.31,1897.31,1897.31,0
2026-08-13 07:41:00+00:00,1897.31,1897.31,1897.31,1897.31,0
2026-08-13 07:42:00+00:00,1897.31,1897.31,1897.31,1897.31,0
2026-08-13 07:43:00+00:00,1897.31,1897.31,1895.83,1897.23,0.233540907500787758
2026-08-13 07:44:00+00:00,1897.23,1897.23,1897.23,1897.23,0
2026-08-13 07:45:00+00:00,1897.23,1897.23,1895.92,1895.92,0.492542835092523302
2026-08-13 07:46:00+00:00,1895.92,1895.93,1895.92,1895.93,0.12067
2026-08-13 07:47:00+00:00,1895.93,1895.98,1895.62,1895.62,6.053567034354067909
2026-08-13 07:48:00+00:00,1895.62,1895.62,1895.29,1895.29,0.20537
2026-08-13 07:49:00+00:00,1895.29,1895.29,1895.29,1895.29,0
2026-08-13 07:50:00+00:00,1895.29,1895.29,1894.98,1894.98,0.496902247205568483
2026-08-13 07:51:00+00:00,1894.98,1894.98,1894.98,1894.98,0
2026-08-13 07:52:00+00:00,1894.98,1894.98,1894.98,1894.98,0
2026-08-13 07:53:00+00:00,1894.98,1895,1894.57,1894.99,237.30315
2026-08-13 07:54:00+00:00,1894.99,1895.01,1894.96,1895,1.273049492333468992
2026-08-13 07:55:00+00:00,1895,1895,1894.98,1894.99,2.627750257732230776
2026-08-13 07:56:00+00:00,1894.99,1894.99,1894.98,1894.98,0.062863410518503918
2026-08-13 07:57:00+00:00,1894.98,1894.98,1894.53,1894.54,126.34454
2026-08-13 07:58:00+00:00,1894.54,1894.99,1894.36,1894.38,261.58462
2026-08-13 07:59:00+00:00,1894.38,1894.98,1894.38,1894.67,201.4243
2026-08-13 08:00:00+00:00,1894.67,1895.02,1894.67,1895.02,0.28731
2026-08-13 08:01:00+00:00,1895.02,1896.07,1895.01,1895.98,20.15359
2026-08-13 08:02:00+00:00,1895.98,1895.98,1895.98,1895.98,0
2026-08-13 08:03:00+00:00,1895.98,1896.01,1895.62,1895.62,37.85131
2026-08-13 08:04:00+00:00,1895.62,1896.02,1895.62,1895.67,31.730554365422066546
2026-08-13 08:05:00+00:00,1895.67,1895.67,1894.98,1894.98,4.24539
2026-08-13 08:06:00+00:00,1894.98,1895.98,1894.98,1895.2,235.30976
2026-08-13 08:07:00+00:00,1895.2,1895.59,1895.02,1895.53,289.08032
2026-08-13 08:08:00+00:00,1895.53,1895.53,1894.25,1894.25,88.48084
2026-08-13 08:09:00+00:00,1894.25,1894.47,1893.68,1893.98,1265.55836
2026-08-13 08:10:00+00:00,1893.98,1894.02,1893.98,1894.01,0.4947
2026-08-13 08:11:00+00:00,1894.01,1894.02,1893.19,1893.19,10.93352
2026-08-13 08:12:00+00:00,1893.19,1893.19,1892.47,1892.48,1102.131681949491876758
2026-08-13 08:13:00+00:00,1892.48,1893.01,1892.47,1892.67,60.12142
2026-08-13 08:14:00+00:00,1892.67,1892.98,1891.64,1891.84,1578.247236322535021518
2026-08-13 08:15:00+00:00,1891.84,1891.98,1891.48,1891.53,193.25586
2026-08-13 08:16:00+00:00,1891.53,1892,1891.02,1891.96,48.501707103577597864
2026-08-13 08:17:00+00:00,1891.96,1892.02,1891.96,1892,1.05754
2026-08-13 08:18:00+00:00,1892,1892.02,1891.98,1891.98,0.88156
2026-08-13 08:19:00+00:00,1891.98,1892,1891.47,1891.98,621.109847456974538227
2026-08-13 08:20:00+00:00,1891.98,1891.98,1891.5,1891.5,50.9881
2026-08-13 08:21:00+00:00,1891.5,1892.02,1891.47,1892.02,1.861219180353867217
2026-08-13 08:22:00+00:00,1892.02,1892.03,1891.98,1892.02,1.628450491737619455
2026-08-13 08:23:00+00:00,1892.02,1892.02,1891.44,1891.67,36.25915
2026-08-13 08:24:00+00:00,1891.67,1892.03,1891.67,1892.03,0.4599
2026-08-13 08:25:00+00:00,1892.03,1892.03,1892,1892.03,0.36946
2026-08-13 08:26:00+00:00,1892.03,1892.03,1891.01,1892,65.85871
2026-08-13 08:27:00+00:00,1892,1892,1891.98,1891.98,0.32401
2026-08-13 08:28:00+00:00,1891.98,1891.98,1891.98,1891.98,0
2026-08-13 08:29:00+00:00,1891.98,1892.06,1891.68,1891.68,0.21829
2026-08-13 08:30:00+00:00,1891.68,1891.68,1891.68,1891.68,0
2026-08-13 08:31:00+00:00,1891.68,1891.68,1890.64,1890.64,0.174720815101609343
2026-08-13 08:32:00+00:00,1890.64,1892.35,1890.64,1892.35,0.590331145969147192
2026-08-13 08:33:00+00:00,1892.35,1892.35,1892.35,1892.35,0
2026-08-13 08:34:00+00:00,1892.35,1892.35,1892.35,1892.35,0
2026-08-13 08:35:00+00:00,1892.35,1892.35,1892.35,1892.35,0
2026-08-13 08:36:00+00:00,1892.35,1892.35,1892.35,1892.35,0
2026-08-13 08:37:00+00:00,1892.35,1892.35,1892.35,1892.35,0
2026-08-13 08:38:00+00:00,1892.35,1892.35,1892.35,1892.35,0
2026-08-13 08:39:00+00:00,1892.35,1892.35,1890.72,1890.72,0.15941
2026-08-13 08:40:00+00:00,1890.72,1892.36,1890.64,1890.64,9.833081569769053312
2026-08-13 08:41:00+00:00,1890.64,1890.64,1890.64,1890.64,0
2026-08-13 08:42:00+00:00,1890.64,1892.34,1890.64,1892.34,0.28176
2026-08-13 08:43:00+00:00,1892.34,1892.34,1892.34,1892.34,0
2026-08-13 08:44:00+00:00,1892.34,1892.34,1892.34,1892.34,0
2026-08-13 08:45:00+00:00,1892.34,1892.34,1890.24,1890.25,106.34983
2026-08-13 08:46:00+00:00,1890.25,1890.25,1889.93,1889.98,0.893471695137839163
2026-08-13 08:47:00+00:00,1889.98,1890.02,1889.56,1889.98,9061.85526
2026-08-13 08:48:00+00:00,1889.98,1889.99,1889.53,1889.8,104.94007
2026-08-13 08:49:00+00:00,1889.8,1889.98,1889.05,1889.2,193.762553188040985034
2026-08-13 08:50:00+00:00,1889.2,1889.51,1888.64,1889.02,506.11803649573439851
2026-08-13 08:51:00+00:00,1889.02,1889.02,1888.99,1888.99,0.16438
2026-08-13 08:52:00+00:00,1888.99,1888.99,1888.58,1888.67,648.07944
2026-08-13 08:53:00+00:00,1888.67,1888.98,1888.3,1888.3,36.1647
2026-08-13 08:54:00+00:00,1888.3,1888.31,1887.63,1888.02,2034.060523157744749485
2026-08-13 08:55:00+00:00,1888.02,1889.02,1888.02,1889.02,158.108111500751559115
2026-08-13 08:56:00+00:00,1889.02,1889.02,1887.8,1887.81,1539.22961
2026-08-13 08:57:00+00:00,1887.81,1888.99,1887.81,1888.99,281.36888
2026-08-13 08:58:00+00:00,1888.99,1889.01,1888.98,1889,0.74374
2026-08-13 08:59:00+00:00,1889,1889.02,1888.98,1889,1.03031
2026-08-13 09:00:00+00:00,1889,1889,1889,1889,0
2026-08-13 09:01:00+00:00,1889,1889.02,1888.47,1888.47,1614.38996
2026-08-13 09:02:00+00:00,1888.47,1888.53,1887.98,1887.98,29.72577
2026-08-13 09:03:00+00:00,1887.98,1888.01,1887.41,1887.67,2268.05569
2026-08-13 09:04:00+00:00,1887.67,1887.99,1886.94,1886.95,23.41485
2026-08-13 09:05:00+00:00,1886.95,1887,1885.85,1885.86,6297.300962411101566394
2026-08-13 09:06:00+00:00,1885.86,1885.95,1883.64,1884.42,24.462175060263932922
2026-08-13 09:07:00+00:00,1884.42,1885.04,1884.41,1884.99,5.946730719327001696
2026-08-13 09:08:00+00:00,1884.99,1885.02,1884.99,1885.01,0.758950963044963328
2026-08-13 09:09:00+00:00,1885.01,1885.02,1884.67,1884.67,313.568035959543981199
2026-08-13 09:10:00+00:00,1884.67,1885,1884.67,1884.99,82.36115
2026-08-13 09:11:00+00:00,1884.99,1885.02,1883.99,1884.02,35.66960686316482163
2026-08-13 09:12:00+00:00,1884.02,1884.45,1883.51,1884,103.53135
2026-08-13 09:13:00+00:00,1884,1884.01,1883.5,1884,63.74363
2026-08-13 09:14:00+00:00,1884,1884,1880.64,1881.69,8036.961707965280471583
2026-08-13 09:15:00+00:00,1881.69,1881.69,1880.64,1880.64,1521.35855521651432785
2026-08-13 09:16:00+00:00,1880.64,1882.9,1880.64,1882.47,3018.5598
2026-08-13 09:17:00+00:00,1882.47,1884.95,1882.47,1884.15,4128.81086
2026-08-13 09:18:00+00:00,1884.15,1884.99,1883.98,1884.98,181.86799
2026-08-13 09:19:00+00:00,1884.98,1884.98,1884.95,1884.98,0.24273
2026-08-13 09:20:00+00:00,1884.98,1885.43,1884.98,1885.43,31.41
2026-08-13 09:21:00+00:00,1885.43,1885.43,1884.99,1885,50.36103
2026-08-13 09:22:00+00:00,1885,1885.99,1885,1885.1,165.29792
2026-08-13 09:23:00+00:00,1885.1,1885.98,1885.02,1885.67,200.11264
2026-08-13 09:24:00+00:00,1885.67,1885.98,1885.02,1885.58,548.20194
2026-08-13 09:25:00+00:00,1885.58,1885.99,1885.02,1885.33,406.387439435789941721
2026-08-13 09:26:00+00:00,1885.33,1885.98,1885.02,1885.47,425.04025
2026-08-13 09:27:00+00:00,1885.47,1885.85,1885,1885.02,171.944613344871979805
2026-08-13 09:28:00+00:00,1885.02,1885.03,1884.98,1885.03,0.33063
2026-08-13 09:29:00+00:00,1885.03,1885.03,1884.65,1884.65,0.25175
2026-08-13 09:30:00+00:00,1884.65,1884.65,1884.65,1884.65,0
2026-08-13 09:31:00+00:00,1884.65,1884.65,1884.65,1884.65,0
2026-08-13 09:32:00+00:00,1884.65,1886.84,1884.65,1886.38,283.792190636677814955
2026-08-13 09:33:00+00:00,1886.38,1887.02,1886,1887.01,83.13693
2026-08-13 09:34:00+00:00,1887.01,1887.02,1886.98,1886.98,0.41478
2026-08-13 09:35:00+00:00,1886.98,1887.01,1886.47,1886.47,757.442084298437201806
2026-08-13 09:36:00+00:00,1886.47,1886.47,1886,1886.01,1.20356
2026-08-13 09:37:00+00:00,1886.01,1886.04,1886,1886.01,0.85012
2026-08-13 09:38:00+00:00,1886.01,1886.03,1886.01,1886.02,1.29632
2026-08-13 09:39:00+00:00,1886.02,1886.02,1885.98,1886.02,0.7607
2026-08-13 09:40:00+00:00,1886.02,1886.52,1885.98,1886.52,70.13999
2026-08-13 09:41:00+00:00,1886.52,1887.01,1885.98,1885.98,82.5322
2026-08-13 09:42:00+00:00,1885.98,1887.01,1885.98,1887.01,32.14384
2026-08-13 09:43:00+00:00,1887.01,1887.02,1886.62,1887.02,31.86307
2026-08-13 09:44:00+00:00,1887.02,1887.02,1886.67,1886.67,63.10569
2026-08-13 09:45:00+00:00,1886.67,1887.02,1886.67,1886.98,2.386519919201911436
2026-08-13 09:46:00+00:00,1886.98,1887.2,1886.98,1887.01,1.188301138629641798
2026-08-13 09:47:00+00:00,1887.01,1887.04,1886.99,1886.99,0.827812028756294708
2026-08-13 09:48:00+00:00,1886.99,1887.04,1886.99,1887.01,0.48538
2026-08-13 09:49:00+00:00,1887.01,1887.12,1886.98,1887.01,2.000963202664210735
2026-08-13 09:50:00+00:00,1887.01,1887.53,1886.99,1887.53,97.402093272484487518
2026-08-13 09:51:00+00:00,1887.53,1887.75,1887.02,1887.75,96.291871919965967638
2026-08-13 09:52:00+00:00,1887.75,1887.75,1887.73,1887.74,1.29136
2026-08-13 09:53:00+00:00,1887.74,1888.58,1887.74,1888.57,788.47869
2026-08-13 09:54:00+00:00,1888.57,1888.96,1888.49,1888.49,87.08181
2026-08-13 09:55:00+00:00,1888.49,1888.98,1888.01,1888.43,278.34226
2026-08-13 09:56:00+00:00,1888.43,1889.02,1888.01,1889.02,161.25533
2026-08-13 09:57:00+00:00,1889.02,1889.85,1888.98,1889.85,2427.589650355206729848
2026-08-13 09:58:00+00:00,1889.85,1890,1889.84,1889.99,2.063156906986285567
2026-08-13 09:59:00+00:00,1889.99,1890,1888.98,1889.02,40.36142874065630628
2026-08-13 10:00:00+00:00,1889.02,1889.33,1886.67,1886.7,10083.319845148829136862
2026-08-13 10:01:00+00:00,1886.7,1887.12,1885.64,1886.02,2012.434968969779203298
2026-08-13 10:02:00+00:00,1886.02,1886.03,1884.15,1884.53,2999.4478
2026-08-13 10:03:00+00:00,1884.53,1884.53,1881.64,1881.67,4615.345497593949888441
2026-08-13 10:04:00+00:00,1881.67,1883.97,1881.67,1883.97,387.359072186641919863
2026-08-13 10:05:00+00:00,1883.97,1885.01,1882.74,1885.01,17720.592086311901679013
2026-08-13 10:06:00+00:00,1885.01,1886.06,1884.96,1886.02,2040.346711833302236319
2026-08-13 10:07:00+00:00,1886.02,1886.82,1883.71,1883.71,2178.322718166697763681
2026-08-13 10:08:00+00:00,1883.71,1884.01,1883.44,1883.98,113.15307
2026-08-13 10:09:00+00:00,1883.98,1884.01,1883.15,1883.15,221.14989
2026-08-13 10:10:00+00:00,1883.15,1885.02,1883.15,1884.99,139.309020566724691714
2026-08-13 10:11:00+00:00,1884.99,1885.44,1884.96,1885,2043.68723
2026-08-13 10:12:00+00:00,1885,1885,1884.02,1884.02,113.28921
2026-08-13 10:13:00+00:00,1884.02,1885.01,1883.54,1883.54,2312.57291
2026-08-13 10:14:00+00:00,1883.54,1884.01,1883.45,1884,71.99516
2026-08-13 10:15:00+00:00,1884,1885,1883.98,1885,68.79585
2026-08-13 10:16:00+00:00,1885,1885,1884.98,1885,0.16224
2026-08-13 10:17:00+00:00,1885,1885.85,1885,1885.85,116.814433141347928466
2026-08-13 10:18:00+00:00,1885.85,1886.36,1885.02,1885.99,53.609128885100441276
2026-08-13 10:19:00+00:00,1885.99,1886.02,1885.01,1885.02,1343.096369502938265544
2026-08-13 10:20:00+00:00,1885.02,1885.02,1883.99,1883.99,32.8539
2026-08-13 10:21:00+00:00,1883.99,1884.5,1883.98,1884.33,313.94302
2026-08-13 10:22:00+00:00,1884.33,1885.02,1884.33,1885.02,0.98154
2026-08-13 10:23:00+00:00,1885.02,1885.02,1884.15,1884.15,35.50522
2026-08-13 10:24:00+00:00,1884.15,1884.6,1884.02,1884.02,208.44478
2026-08-13 10:25:00+00:00,1884.02,1885.01,1884.02,1885.01,282.53355
2026-08-13 10:26:00+00:00,1885.01,1885.02,1884.99,1885.01,0.73896
2026-08-13 10:27:00+00:00,1885.01,1885.02,1884.35,1884.47,100.58594
2026-08-13 10:28:00+00:00,1884.47,1884.47,1883.98,1884.02,0.91255
2026-08-13 10:29:00+00:00,1884.02,1884.02,1884,1884.01,0.313
2026-08-13 10:30:00+00:00,1884.01,1884.01,1882.64,1882.64,52.487816671911419701
2026-08-13 10:31:00+00:00,1882.64,1882.98,1881.64,1882.84,563.575361746440421661
2026-08-13 10:32:00+00:00,1882.84,1883.02,1882.84,1882.99,1.748316543139066798
2026-08-13 10:33:00+00:00,1882.99,1883,1882.98,1882.98,1.029899749781016999
2026-08-13 10:34:00+00:00,1882.98,1882.98,1881.35,1881.36,2962.504467108871054535
2026-08-13 10:35:00+00:00,1881.36,1882.61,1881.02,1882.53,1202.50101
2026-08-13 10:36:00+00:00,1882.53,1882.61,1881.98,1882.33,208.61579
2026-08-13 10:37:00+00:00,1882.33,1882.62,1882.02,1882.61,287.80966
2026-08-13 10:38:00+00:00,1882.61,1883.07,1882.61,1883.07,0.65503
2026-08-13 10:39:00+00:00,1883.07,1883.07,1882.98,1882.98,1.101204721520211929
2026-08-13 10:40:00+00:00,1882.98,1883.02,1881.99,1882.02,1039.07092
2026-08-13 10:41:00+00:00,1882.02,1882.02,1881.02,1882.02,2171.29602
2026-08-13 10:42:00+00:00,1882.02,1882.56,1881.97,1882.53,103.70438
2026-08-13 10:43:00+00:00,1882.53,1882.99,1882.45,1882.99,350.13471
2026-08-13 10:44:00+00:00,1882.99,1883.01,1882.99,1883,0.36679
2026-08-13 10:45:00+00:00,1883,1883.02,1883,1883.01,0.35813
2026-08-13 10:46:00+00:00,1883.01,1883.01,1883,1883,0.00191
2026-08-13 10:47:00+00:00,1883,1883.02,1882.98,1883.02,1.19906
2026-08-13 10:48:00+00:00,1883.02,1883.02,1883.01,1883.01,0.23143
2026-08-13 10:49:00+00:00,1883.01,1883.02,1882.98,1882.99,1.083672925050849437
2026-08-13 10:50:00+00:00,1882.99,1883.02,1882.37,1882.38,85.705518271569533399
2026-08-13 10:51:00+00:00,1882.38,1882.38,1881.98,1881.98,1.06744
2026-08-13 10:52:00+00:00,1881.98,1883,1881.98,1881.98,2177.053258337927110617
2026-08-13 10:53:00+00:00,1881.98,1882.44,1881.98,1882.02,57.27654
2026-08-13 10:54:00+00:00,1882.02,1882.02,1881.99,1882.02,1.49386
2026-08-13 10:55:00+00:00,1882.02,1882.03,1881.99,1882.03,0.55836
2026-08-13 10:56:00+00:00,1882.03,1882.53,1881.98,1882.33,386.75435
2026-08-13 10:57:00+00:00,1882.33,1882.48,1881.99,1882.47,157.55728
2026-08-13 10:58:00+00:00,1882.47,1882.48,1881.99,1881.99,31.95945
2026-08-13 10:59:00+00:00,1881.99,1882,1881.98,1882,0.18681
2026-08-13 11:00:00+00:00,1882,1882.43,1882,1882.02,150.020500612908075448
2026-08-13 11:01:00+00:00,1882.02,1882.98,1881.99,1882.48,492.944179387091924552
2026-08-13 11:02:00+00:00,1882.48,1883.02,1882.34,1883.02,126.0184
2026-08-13 11:03:00+00:00,1883.02,1883.02,1881.98,1881.98,47.16678303001197946
2026-08-13 11:04:00+00:00,1881.98,1882.02,1881.98,1882,1.02012
2026-08-13 11:05:00+00:00,1882,1882.04,1881.52,1881.53,2027.95965
2026-08-13 11:06:00+00:00,1881.53,1881.55,1881.06,1881.52,77.22394
2026-08-13 11:07:00+00:00,1881.52,1882,1881.47,1881.47,35.71741
2026-08-13 11:08:00+00:00,1881.47,1881.99,1881.27,1881.47,142.55192
2026-08-13 11:09:00+00:00,1881.47,1881.98,1881.15,1881.2,187.920132102916006428
2026-08-13 11:10:00+00:00,1881.2,1881.63,1881.02,1881.38,1651.195398549541862967
2026-08-13 11:11:00+00:00,1881.38,1881.38,1880.02,1880.41,2114.10978
2026-08-13 11:12:00+00:00,1880.41,1880.48,1879.97,1880.02,65.735023673537867647
2026-08-13 11:13:00+00:00,1880.02,1880.55,1879.98,1880.53,297.071294242975567598
2026-08-13 11:14:00+00:00,1880.53,1880.84,1880.01,1880.59,620.439782031265287662
2026-08-13 11:15:00+00:00,1880.59,1880.59,1880,1880,212.39214
2026-08-13 11:16:00+00:00,1880,1880.59,1879.98,1880.53,102.75651
2026-08-13 11:17:00+00:00,1880.53,1880.53,1880.53,1880.53,0
2026-08-13 11:18:00+00:00,1880.53,1880.53,1879.97,1880.33,85.117969814358739767
2026-08-13 11:19:00+00:00,1880.33,1880.4,1879.47,1879.98,2354.84358
2026-08-13 11:20:00+00:00,1879.98,1879.98,1878.41,1878.58,5000.54811
2026-08-13 11:21:00+00:00,1878.58,1878.98,1878.15,1878.18,4040.82855
2026-08-13 11:22:00+00:00,1878.18,1878.98,1876.64,1877.01,3165.531231466843028797
2026-08-13 11:23:00+00:00,1877.01,1877.53,1876.2,1877.52,15838.809718533156971203
2026-08-13 11:24:00+00:00,1877.52,1877.52,1876.89,1876.99,5.706407526523531914
2026-08-13 11:25:00+00:00,1876.99,1877.02,1876.47,1876.47,15.31851
2026-08-13 11:26:00+00:00,1876.47,1876.47,1875.98,1875.99,0.27464
2026-08-13 11:27:00+00:00,1875.99,1877.29,1875.99,1876.98,201.430163616509346659
2026-08-13 11:28:00+00:00,1876.98,1876.99,1875.98,1876.02,67.393127703630963131
2026-08-13 11:29:00+00:00,1876.02,1876.02,1876.01,1876.01,0.09902
2026-08-13 11:30:00+00:00,1876.01,1876.49,1875.27,1876.49,32.14128
2026-08-13 11:31:00+00:00,1876.49,1876.49,1875.19,1875.73,32.7763
2026-08-13 11:32:00+00:00,1875.73,1875.82,1875.73,1875.73,1.0012
2026-08-13 11:33:00+00:00,1875.73,1875.74,1875.73,1875.73,0.08904
2026-08-13 11:34:00+00:00,1875.73,1875.73,1875.73,1875.73,0
2026-08-13 11:35:00+00:00,1875.73,1876.06,1874.45,1875.04,4238.30679
2026-08-13 11:36:00+00:00,1875.04,1876.55,1875.02,1876.55,2210.96945
2026-08-13 11:37:00+00:00,1876.55,1878.35,1876.55,1878.13,671.55884
2026-08-13 11:38:00+00:00,1878.13,1878.6,1878,1878.33,230.95007
2026-08-13 11:39:00+00:00,1878.33,1878.85,1878.02,1878.85,331.7245
2026-08-13 11:40:00+00:00,1878.85,1879.01,1877.99,1877.99,6.30342
2026-08-13 11:41:00+00:00,1877.99,1877.99,1877.42,1877.47,6034.36844
2026-08-13 11:42:00+00:00,1877.47,1878,1876.98,1876.98,103.83318
2026-08-13 11:43:00+00:00,1876.98,1878.46,1876.98,1878.01,162.52956
2026-08-13 11:44:00+00:00,1878.01,1878.6,1877.97,1878.53,236.1276
2026-08-13 11:45:00+00:00,1878.53,1878.53,1878.53,1878.53,0
2026-08-13 11:46:00+00:00,1878.53,1880.02,1878.53,1879.98,2565.309364737404727003
2026-08-13 11:47:00+00:00,1879.98,1880.41,1879.07,1879.33,92091.790339919347508975
2026-08-13 11:48:00+00:00,1879.33,1879.45,1879.01,1879.44,346.81889
2026-08-13 11:49:00+00:00,1879.44,1879.5,1878.99,1878.99,315.59302
2026-08-13 11:50:00+00:00,1878.99,1879.02,1878.99,1879.02,0.2469
2026-08-13 11:51:00+00:00,1879.02,1879.02,1878.02,1878.33,3409.651999351348138437
2026-08-13 11:52:00+00:00,1878.33,1878.33,1877.93,1878,1.97624
2026-08-13 11:53:00+00:00,1878,1878.02,1878,1878.02,0.74818
2026-08-13 11:54:00+00:00,1878.02,1878.72,1878.01,1878.72,41.67721
2026-08-13 11:55:00+00:00,1878.72,1878.98,1878.01,1878.01,32.04047
2026-08-13 11:56:00+00:00,1878.01,1878.01,1878.01,1878.01,0.61637
2026-08-13 11:57:00+00:00,1878.01,1878.82,1878,1878.82,67.31042
2026-08-13 11:58:00+00:00,1878.82,1879.02,1877.99,1877.99,0.90933
2026-08-13 11:59:00+00:00,1877.99,1879.52,1877.99,1879.49,96.537785534858967535
2026-08-13 12:00:00+00:00,1879.49,1879.49,1878.56,1878.67,355.710924465141032465
2026-08-13 12:01:00+00:00,1878.67,1879.02,1878,1878.98,196.097455792591198311
2026-08-13 12:02:00+00:00,1878.98,1879.2,1878.47,1878.47,180.139926817655887759
2026-08-13 12:03:00+00:00,1878.47,1879.02,1878.18,1878.47,225.27228
2026-08-13 12:04:00+00:00,1878.47,1878.98,1878.46,1878.47,35.51516
2026-08-13 12:05:00+00:00,1878.47,1879.52,1878.47,1879.49,31.97198
2026-08-13 12:06:00+00:00,1879.49,1881.07,1879.49,1881.02,2882.702984713580012998
2026-08-13 12:07:00+00:00,1881.02,1882.02,1880.99,1882.02,213.96008
2026-08-13 12:08:00+00:00,1882.02,1882.02,1881.98,1881.99,1.5147
2026-08-13 12:09:00+00:00,1881.99,1882.51,1881.67,1882.49,2189.47311
2026-08-13 12:10:00+00:00,1882.49,1883,1882.01,1882.4,1732.575317815299280621
2026-08-13 12:11:00+00:00,1882.4,1882.4,1881.98,1881.98,38.24120292974091678
2026-08-13 12:12:00+00:00,1881.98,1882.62,1881.98,1881.98,156.84931707025908322
2026-08-13 12:13:00+00:00,1881.98,1882,1881.98,1881.99,1.35144
2026-08-13 12:14:00+00:00,1881.99,1882.6,1881.99,1882.59,134.52225
2026-08-13 12:15:00+00:00,1882.59,1882.99,1882.43,1882.98,98.13205
2026-08-13 12:16:00+00:00,1882.98,1883.52,1882.98,1883.48,2014.1957
2026-08-13 12:17:00+00:00,1883.48,1883.48,1882,1882,188.923332124833997343
2026-08-13 12:18:00+00:00,1882,1882.02,1881.98,1881.98,1.989152483810180795
2026-08-13 12:19:00+00:00,1881.98,1882.98,1881.98,1882.47,71.26602
2026-08-13 12:20:00+00:00,1882.47,1883.02,1882.41,1882.88,170.318193494874332893
2026-08-13 12:21:00+00:00,1882.88,1882.88,1882.02,1882.33,126.04508
2026-08-13 12:22:00+00:00,1882.33,1883.02,1882.02,1882.67,333.086986554244644061
2026-08-13 12:23:00+00:00,1882.67,1883.02,1882.47,1882.99,126.74334
2026-08-13 12:24:00+00:00,1882.99,1883.01,1882.96,1882.98,1.24909
2026-08-13 12:25:00+00:00,1882.98,1883.02,1882.98,1883.01,0.58943
2026-08-13 12:26:00+00:00,1883.01,1883.01,1882.98,1882.99,0.18268
2026-08-13 12:27:00+00:00,1882.99,1883.75,1882.99,1883.75,2036.23224
2026-08-13 12:28:00+00:00,1883.75,1884.43,1883.75,1884.42,1224.15786
2026-08-13 12:29:00+00:00,1884.42,1884.42,1884.42,1884.42,0
2026-08-13 12:30:00+00:00,1884.42,1888.85,1883.29,1883.99,10761.644669189172874214
2026-08-13 12:31:00+00:00,1883.99,1884.33,1881.8,1881.8,247.759856301578695114
2026-08-13 12:32:00+00:00,1881.8,1882.94,1881.8,1882.73,219.77586
2026-08-13 12:33:00+00:00,1882.73,1884.52,1882.73,1884.52,3651.00479
2026-08-13 12:34:00+00:00,1884.52,1887.2,1884.52,1887.2,14737.20509
2026-08-13 12:35:00+00:00,1887.2,1888.36,1886.49,1886.49,29256.031128677378150784
2026-08-13 12:36:00+00:00,1886.49,1887.33,1886.49,1886.99,21.60992
2026-08-13 12:37:00+00:00,1886.99,1886.99,1885.88,1886.01,291.188811678191875096
2026-08-13 12:38:00+00:00,1886.01,1886.02,1885.63,1885.63,14041.99349
2026-08-13 12:39:00+00:00,1885.63,1887.31,1885.16,1885.16,283.43749
2026-08-13 12:40:00+00:00,1885.16,1885.28,1884.44,1884.78,4842.10784650535719611
2026-08-13 12:41:00+00:00,1884.78,1885.84,1884.78,1885.84,2046.438662425451080062
2026-08-13 12:42:00+00:00,1885.84,1886.42,1885.84,1885.93,53.973459063607095227
2026-08-13 12:43:00+00:00,1885.93,1886.02,1885.93,1886.01,2.97310471291928195
2026-08-13 12:44:00+00:00,1886.01,1886.5,1886,1886.33,231.80031
2026-08-13 12:45:00+00:00,1886.33,1886.53,1886.01,1886.02,349.58497
2026-08-13 12:46:00+00:00,1886.02,1886.02,1885.98,1886.02,0.821105846933689645
2026-08-13 12:47:00+00:00,1886.02,1886.51,1886.01,1886.51,85.55019
2026-08-13 12:48:00+00:00,1886.51,1887.02,1886.01,1886.85,268.417612806177748119
2026-08-13 12:49:00+00:00,1886.85,1887.85,1886.02,1887.82,4487.106409104378286134
2026-08-13 12:50:00+00:00,1887.82,1888.48,1887.82,1888.02,16925.293651919965967638
2026-08-13 12:51:00+00:00,1888.02,1888.02,1887.15,1887.15,2095.96821
2026-08-13 12:52:00+00:00,1887.15,1887.98,1887.01,1887.2,142.72041
2026-08-13 12:53:00+00:00,1887.2,1887.49,1886.7,1887.49,32.61885
2026-08-13 12:54:00+00:00,1887.49,1888.29,1886.98,1888.29,303.586157693157004212
2026-08-13 12:55:00+00:00,1888.29,1888.29,1887,1887,424.376262831631300437
2026-08-13 12:56:00+00:00,1887,1888,1886.98,1887.53,398.96399
2026-08-13 12:57:00+00:00,1887.53,1888.02,1887.53,1887.98,0.86804
2026-08-13 12:58:00+00:00,1887.98,1888.83,1887.98,1888.23,2101.997972195076612581
2026-08-13 12:59:00+00:00,1888.23,1888.23,1887.99,1888.02,0.600502027364606031
2026-08-13 13:00:00+00:00,1888.02,1889,1888.02,1888.55,281.51547226453146151
2026-08-13 13:01:00+00:00,1888.55,1889.54,1888.54,1889.47,2255.54684
2026-08-13 13:02:00+00:00,1889.47,1890.54,1888.82,1890.54,2260.242432411101566394
2026-08-13 13:03:00+00:00,1890.54,1890.59,1889.98,1890.15,245.266482774973346859
2026-08-13 13:04:00+00:00,1890.15,1890.15,1888.69,1888.98,1128.09517881861095235
2026-08-13 13:05:00+00:00,1888.98,1889.99,1888.98,1889.98,36.45635
2026-08-13 13:06:00+00:00,1889.98,1894.36,1889.97,1892.92,6218.264541873922308185
2026-08-13 13:07:00+00:00,1892.92,1894.38,1892.91,1893.98,4195.703012600962187739
2026-08-13 13:08:00+00:00,1893.98,1894.36,1892.48,1892.93,3124.44444
2026-08-13 13:09:00+00:00,1892.93,1892.98,1891.64,1891.64,125.262260671167614374
2026-08-13 13:10:00+00:00,1891.64,1892.47,1891.64,1892,282.05218
2026-08-13 13:11:00+00:00,1892,1892,1891.47,1891.47,191.21558
2026-08-13 13:12:00+00:00,1891.47,1891.65,1890.99,1891.64,149.66214
2026-08-13 13:13:00+00:00,1891.64,1891.98,1891.02,1891.5,66.997405981104843271
2026-08-13 13:14:00+00:00,1891.5,1892.02,1891.31,1891.31,255.10773
2026-08-13 13:15:00+00:00,1891.31,1891.31,1890.47,1890.67,2077.59319
2026-08-13 13:16:00+00:00,1890.67,1891.01,1889.66,1890.98,3445.870045981104843271
2026-08-13 13:17:00+00:00,1890.98,1890.98,1890.47,1890.47,63.24398
2026-08-13 13:18:00+00:00,1890.47,1890.47,1889.02,1889.53,46117.41603
2026-08-13 13:19:00+00:00,1889.53,1889.64,1888.67,1889.53,146.491899947195623072
2026-08-13 13:20:00+00:00,1889.53,1889.53,1888.99,1888.99,0.64267
2026-08-13 13:21:00+00:00,1888.99,1889.85,1888.47,1889.84,1143.561425029113468419
2026-08-13 13:22:00+00:00,1889.84,1890,1889.84,1889.98,0.93897
2026-08-13 13:23:00+00:00,1889.98,1889.98,1888.49,1888.49,160.84707
2026-08-13 13:24:00+00:00,1888.49,1888.53,1886.65,1887.48,2103.336009963598410357
2026-08-13 13:25:00+00:00,1887.48,1887.48,1886.2,1887.45,9286.83426
2026-08-13 13:26:00+00:00,1887.45,1888.02,1887.02,1888.02,67.6327
2026-08-13 13:27:00+00:00,1888.02,1888.03,1887.01,1887.01,39.36633
2026-08-13 13:28:00+00:00,1887.01,1887.42,1886.98,1886.98,126.826946737494760143
2026-08-13 13:29:00+00:00,1886.98,1887.02,1886.98,1887.02,0.07186
2026-08-13 13:30:00+00:00,1887.02,1888,1886.15,1887.15,2450.88938
2026-08-13 13:31:00+00:00,1887.15,1888.35,1886.09,1886.6,2044.99317
2026-08-13 13:32:00+00:00,1886.6,1888.62,1886.6,1888.37,2128.8175
2026-08-13 13:33:00+00:00,1888.37,1890.37,1888.37,1889.33,2146.011892227277536768
2026-08-13 13:34:00+00:00,1889.33,1891.57,1889.33,1891.57,108.189137652680026587
2026-08-13 13:35:00+00:00,1891.57,1892.7,1891.25,1891.47,3699.13259
2026-08-13 13:36:00+00:00,1891.47,1892.58,1891.01,1892.33,7338.375324931362196409
2026-08-13 13:37:00+00:00,1892.33,1893.16,1891.02,1891.91,4406.416271755187035721
2026-08-13 13:38:00+00:00,1891.91,1892.98,1891.47,1892.53,7263.79276
2026-08-13 13:39:00+00:00,1892.53,1893.35,1892,1893.02,83.39558
2026-08-13 13:40:00+00:00,1893.02,1894.33,1893.02,1893.67,2768.073238474185235552
2026-08-13 13:41:00+00:00,1893.67,1894.04,1892.37,1892.37,2180.70609
2026-08-13 13:42:00+00:00,1892.37,1894.01,1891.66,1894.01,2068.098730629931663592
2026-08-13 13:43:00+00:00,1894.01,1895.36,1892.64,1893.63,5109.101397725869922082
2026-08-13 13:44:00+00:00,1893.63,1893.63,1891.66,1892.53,2181.285662583221955824
2026-08-13 13:45:00+00:00,1892.53,1892.81,1890.41,1890.45,4357.058568365863523453
2026-08-13 13:46:00+00:00,1890.45,1890.99,1889.42,1890.99,2195.16979
2026-08-13 13:47:00+00:00,1890.99,1891.35,1890.01,1890.96,250.002831688966925102
2026-08-13 13:48:00+00:00,1890.96,1892.36,1890.96,1891.47,19.86847
2026-08-13 13:49:00+00:00,1891.47,1893.37,1890.96,1893.37,72075.06454
2026-08-13 13:50:00+00:00,1893.37,1893.61,1891.31,1891.31,161.24802
2026-08-13 13:51:00+00:00,1891.31,1891.98,1890.15,1890.29,10444.24897
2026-08-13 13:52:00+00:00,1890.29,1891.83,1890.02,1890.47,5212.53533
2026-08-13 13:53:00+00:00,1890.47,1890.66,1889.64,1889.98,970.915124984490298725
2026-08-13 13:54:00+00:00,1889.98,1890.61,1889.75,1890.04,315.95541
2026-08-13 13:55:00+00:00,1890.04,1890.04,1889.63,1889.98,4033.12643
2026-08-13 13:56:00+00:00,1889.98,1889.98,1888.72,1889.33,113.77296
2026-08-13 13:57:00+00:00,1889.33,1889.58,1888.93,1888.98,67.66098
2026-08-13 13:58:00+00:00,1888.98,1889.99,1888.98,1889.01,234.75753
2026-08-13 13:59:00+00:00,1889.01,1889.07,1888.98,1889.07,0.624018418887586293
2026-08-13 14:00:00+00:00,1889.07,1890.02,1888.99,1890.02,103.85632
2026-08-13 14:01:00+00:00,1890.02,1890.02,1889.01,1889.56,395.78373
2026-08-13 14:02:00+00:00,1889.56,1891.07,1889.56,1891.07,2053.81164
2026-08-13 14:03:00+00:00,1891.07,1891.07,1889.98,1889.98,36.31597
2026-08-13 14:04:00+00:00,1889.98,1889.98,1888.21,1888.93,3450.03307
2026-08-13 14:05:00+00:00,1888.93,1889.44,1888.85,1889.02,1127.32115
2026-08-13 14:06:00+00:00,1889.02,1889.03,1887.89,1888.02,233.76371
2026-08-13 14:07:00+00:00,1888.02,1890.32,1887.98,1890.31,2090.32962
2026-08-13 14:08:00+00:00,1890.31,1890.33,1888.63,1888.96,2124.99928
2026-08-13 14:09:00+00:00,1888.96,1889.02,1887.64,1889.02,159.320518029602180579
2026-08-13 14:10:00+00:00,1889.02,1889.84,1888.99,1889.33,2173.163800723585158389
2026-08-13 14:11:00+00:00,1889.33,1891.95,1889.01,1891.47,19620.49201
2026-08-13 14:12:00+00:00,1891.47,1894.36,1891.22,1894.35,2196.094314714977342764
2026-08-13 14:13:00+00:00,1894.35,1894.35,1891.53,1892.25,121.551703903847040499
2026-08-13 14:14:00+00:00,1892.25,1893.01,1891.98,1891.98,81.54572
2026-08-13 14:15:00+00:00,1891.98,1893.27,1891.63,1892.8,1121.33344
2026-08-13 14:16:00+00:00,1892.8,1892.98,1891.63,1892.02,2198.90512
2026-08-13 14:17:00+00:00,1892.02,1893.02,1891.98,1892.47,130.211316643158062565
2026-08-13 14:18:00+00:00,1892.47,1892.5,1891.48,1891.48,2135.431275847123927716
2026-08-13 14:19:00+00:00,1891.48,1892.52,1891.48,1891.99,204.561097077783067267
2026-08-13 14:20:00+00:00,1891.99,1892.02,1890.8,1891.32,1.201719830897946899
2026-08-13 14:21:00+00:00,1891.32,1893.42,1890.43,1893.37,14924.975542184167812759
2026-08-13 14:22:00+00:00,1893.37,1893.37,1892.01,1892.02,91.57611
2026-08-13 14:23:00+00:00,1892.02,1892.02,1891.17,1891.2,2161.740397155213171532
2026-08-13 14:24:00+00:00,1891.2,1891.72,1890.97,1891.33,140.060364765316427586
2026-08-13 14:25:00+00:00,1891.33,1891.46,1890.97,1891.01,1.624337142246068547
2026-08-13 14:26:00+00:00,1891.01,1891.84,1890.24,1890.25,1203.68559
2026-08-13 14:27:00+00:00,1890.25,1890.26,1889.02,1889.41,2134.63015
2026-08-13 14:28:00+00:00,1889.41,1890.01,1888.97,1889.98,1245.88607
2026-08-13 14:29:00+00:00,1889.98,1891.36,1889.98,1891.36,1.460876746451713134
2026-08-13 14:30:00+00:00,1891.36,1891.36,1888.64,1890.17,134.061727762833136256
2026-08-13 14:31:00+00:00,1890.17,1892.39,1890.17,1892.39,38248.147204097151953721
2026-08-13 14:32:00+00:00,1892.39,1894.37,1892.39,1893.98,33748.427542511581946032
2026-08-13 14:33:00+00:00,1893.98,1896.36,1892.64,1893.05,10274.612259333609834672
2026-08-13 14:34:00+00:00,1893.05,1895.15,1892.64,1894.53,4191.922994434999322463
2026-08-13 14:35:00+00:00,1894.53,1896,1894.53,1895.33,81.65033
2026-08-13 14:36:00+00:00,1895.33,1896.01,1894.76,1895.53,748.72513
2026-08-13 14:37:00+00:00,1895.53,1896.66,1894.89,1896.66,2248.09701
2026-08-13 14:38:00+00:00,1896.66,1896.81,1894.65,1895,5465.83327
2026-08-13 14:39:00+00:00,1895,1896.36,1893.64,1894.59,30101.287690520775315665
2026-08-13 14:40:00+00:00,1894.59,1895.02,1894.3,1895.02,62.71852
2026-08-13 14:41:00+00:00,1895.02,1895.67,1894.98,1895.51,39441.392528854598111058
2026-08-13 14:42:00+00:00,1895.51,1895.53,1894.94,1895.33,86.29162
2026-08-13 14:43:00+00:00,1895.33,1895.53,1894.97,1894.99,26.62106
2026-08-13 14:44:00+00:00,1894.99,1895.51,1894.99,1895.49,63.64052
2026-08-13 14:45:00+00:00,1895.49,1895.85,1894.45,1894.98,6090.640198854598111058
2026-08-13 14:46:00+00:00,1894.98,1894.99,1893.64,1893.64,127.329460570260477218
2026-08-13 14:47:00+00:00,1893.64,1894.59,1893.64,1894.04,182.43410483621346117
2026-08-13 14:48:00+00:00,1894.04,1894.74,1893.99,1894.4,238.434393520731509261
2026-08-13 14:49:00+00:00,1894.4,1894.4,1893.28,1893.67,2203.418936161285554405
2026-08-13 14:50:00+00:00,1893.67,1894.02,1893.43,1893.53,293.13773
2026-08-13 14:51:00+00:00,1893.53,1894.45,1893.2,1894.45,2153.19451
2026-08-13 14:52:00+00:00,1894.45,1894.45,1893.36,1893.36,4046.940876544968975036
2026-08-13 14:53:00+00:00,1893.36,1893.53,1893,1893.01,7602.46232
2026-08-13 14:54:00+00:00,1893.01,1893.53,1892.99,1893.53,45.90531
2026-08-13 14:55:00+00:00,1893.53,1893.98,1892.98,1892.98,36.14293
2026-08-13 14:56:00+00:00,1892.98,1893.02,1892.47,1892.47,73.376262276943108052
2026-08-13 14:57:00+00:00,1892.47,1893,1892.25,1892.98,111.970987416778044176
2026-08-13 14:58:00+00:00,1892.98,1892.99,1892.29,1892.37,116.50436
2026-08-13 14:59:00+00:00,1892.37,1893.04,1892.37,1893.02,0.81975
2026-08-13 15:00:00+00:00,1893.02,1894,1892.98,1893.58,20420.02096
2026-08-13 15:01:00+00:00,1893.58,1895.33,1893.58,1894.58,1755.89666
2026-08-13 15:02:00+00:00,1894.58,1895.02,1894.47,1894.98,82.59558
2026-08-13 15:03:00+00:00,1894.98,1894.98,1894.05,1894.33,120.741562252079193919
2026-08-13 15:04:00+00:00,1894.33,1894.33,1893.5,1893.67,11863.598669820459201993
2026-08-13 15:05:00+00:00,1893.67,1893.67,1891.64,1892.01,2383.538149067104914929
2026-08-13 15:06:00+00:00,1892.01,1892.01,1890.65,1891.43,2124.993150753354287064
2026-08-13 15:07:00+00:00,1891.43,1891.45,1890.96,1891.02,125.94241
2026-08-13 15:08:00+00:00,1891.02,1891.02,1890.43,1890.67,1355.62655
2026-08-13 15:09:00+00:00,1890.67,1891.01,1890.2,1890.85,139.30001
2026-08-13 15:10:00+00:00,1890.85,1891.02,1890.85,1890.99,0.938
2026-08-13 15:11:00+00:00,1890.99,1892,1890.99,1891.99,31.99803
2026-08-13 15:12:00+00:00,1891.99,1892.6,1891.98,1891.99,1088.657722876145968747
2026-08-13 15:13:00+00:00,1891.99,1892.01,1891.67,1891.67,309.49758
2026-08-13 15:14:00+00:00,1891.67,1891.98,1890.8,1891.2,94.665087360476797602
2026-08-13 15:15:00+00:00,1891.2,1891.2,1889.25,1889.47,2108.00983
2026-08-13 15:16:00+00:00,1889.47,1890.53,1889.02,1890.53,1125.06953
2026-08-13 15:17:00+00:00,1890.53,1890.67,1890,1890.53,97.10826
2026-08-13 15:18:00+00:00,1890.53,1890.53,1889.98,1890.01,0.73943
2026-08-13 15:19:00+00:00,1890.01,1892.18,1890.01,1892.11,10978.46616
2026-08-13 15:20:00+00:00,1892.11,1892.11,1891,1891.3,193.2629
2026-08-13 15:21:00+00:00,1891.3,1892.62,1891.02,1892.61,2308.62064
2026-08-13 15:22:00+00:00,1892.61,1893.62,1891.64,1892.99,2501.904405234683572414
2026-08-13 15:23:00+00:00,1892.99,1892.99,1890.02,1890.5,155.506475868707123491
2026-08-13 15:24:00+00:00,1890.5,1891.01,1890.01,1890.53,280.32722
2026-08-13 15:25:00+00:00,1890.53,1890.53,1889.43,1889.44,2281.04554
2026-08-13 15:26:00+00:00,1889.44,1889.58,1888.89,1889.07,124.08056
2026-08-13 15:27:00+00:00,1889.07,1889.07,1887.64,1888.32,2287.715272193121091829
2026-08-13 15:28:00+00:00,1888.32,1888.32,1883.65,1883.76,2148.375976349092022279
2026-08-13 15:29:00+00:00,1883.76,1885.23,1883.34,1884.74,1.49148896231007119
2026-08-13 15:30:00+00:00,1884.74,1885.42,1883.61,1884.97,6188.95815313450938377
2026-08-13 15:31:00+00:00,1884.97,1887.35,1884.44,1886.4,4132.51253
2026-08-13 15:32:00+00:00,1886.4,1886.83,1885.64,1886.81,71.58389
2026-08-13 15:33:00+00:00,1886.81,1888.2,1886.81,1887.99,2518.551665043819987753
2026-08-13 15:34:00+00:00,1887.99,1887.99,1885.65,1887.02,171.305199037074743361
2026-08-13 15:35:00+00:00,1887.02,1888.02,1887.02,1888.02,60.281828546608665243
2026-08-13 15:36:00+00:00,1888.02,1889.55,1888.02,1888.99,725.409068546608665243
2026-08-13 15:37:00+00:00,1888.99,1889.52,1887.33,1887.44,280.99934
2026-08-13 15:38:00+00:00,1887.44,1888.45,1887.44,1888.45,259.08668
2026-08-13 15:39:00+00:00,1888.45,1888.85,1888.02,1888.85,192.13392
2026-08-13 15:40:00+00:00,1888.85,1889.72,1888.82,1889.03,1724.513016043783152528
2026-08-13 15:41:00+00:00,1889.03,1889.75,1888.98,1888.98,178.279313286154717773
2026-08-13 15:42:00+00:00,1888.98,1890.2,1888.98,1890.02,95.89064
2026-08-13 15:43:00+00:00,1890.02,1891.36,1890.01,1890.96,2067.309249261568605768
2026-08-13 15:44:00+00:00,1890.96,1890.99,1889.99,1890.02,102.58796145483660342
2026-08-13 15:45:00+00:00,1890.02,1890.02,1889.15,1889.15,39.21736
2026-08-13 15:46:00+00:00,1889.15,1889.15,1888.17,1888.17,2557.816081313419359551
2026-08-13 15:47:00+00:00,1888.17,1888.65,1887.65,1888.65,423.93727
2026-08-13 15:48:00+00:00,1888.65,1888.65,1886.64,1887.01,2398.148309219619186878
2026-08-13 15:49:00+00:00,1887.01,1887.44,1886.48,1887.02,2160.72843
2026-08-13 15:50:00+00:00,1887.02,1888.53,1887.02,1888.53,1475.735485331859937532
2026-08-13 15:51:00+00:00,1888.53,1888.55,1887.47,1887.96,5530.089144383347274164
2026-08-13 15:52:00+00:00,1887.96,1887.98,1886.8,1886.8,124.79019
2026-08-13 15:53:00+00:00,1886.8,1886.8,1885.68,1885.7,669.944308677378150784
2026-08-13 15:54:00+00:00,1885.7,1887,1885.7,1886.3,79.853941322621849216
2026-08-13 15:55:00+00:00,1886.3,1886.99,1885.79,1886.99,201.488933235407931215
2026-08-13 15:56:00+00:00,1886.99,1887.02,1885.47,1885.47,2099.28889
2026-08-13 15:57:00+00:00,1885.47,1885.47,1883.38,1883.39,2569.93813
2026-08-13 15:58:00+00:00,1883.39,1883.99,1881.64,1881.98,2136.136447159099375083
2026-08-13 15:59:00+00:00,1881.98,1881.99,1879.63,1879.83,6046.649017875166002657
2026-08-13 16:00:00+00:00,1879.83,1880.36,1877.66,1878.64,2032.708094682331304853
2026-08-13 16:01:00+00:00,1878.64,1880.01,1878.64,1879.51,181.285852602834592388
2026-08-13 16:02:00+00:00,1879.51,1880.02,1878.34,1879.79,3412.021136060705600618
2026-08-13 16:03:00+00:00,1879.79,1881.36,1879.76,1880.53,99.583886543899471144
2026-08-13 16:04:00+00:00,1880.53,1880.62,1880.02,1880.52,217.45444
2026-08-13 16:05:00+00:00,1880.52,1882.14,1880.52,1882.13,2321.19785
2026-08-13 16:06:00+00:00,1882.13,1883.01,1880.88,1880.88,433.954709695493267067
2026-08-13 16:07:00+00:00,1880.88,1880.91,1879.15,1879.15,4093.56263
2026-08-13 16:08:00+00:00,1879.15,1880.2,1877.65,1880.2,44010.32347
2026-08-13 16:09:00+00:00,1880.2,1881.2,1879.2,1879.2,3899.41399
2026-08-13 16:10:00+00:00,1879.2,1880.35,1878.51,1879.53,2218.55796
2026-08-13 16:11:00+00:00,1879.53,1880.65,1879.53,1880.51,1369.94539
2026-08-13 16:12:00+00:00,1880.51,1880.51,1880.01,1880.02,253.11157853684394663
2026-08-13 16:13:00+00:00,1880.02,1880.02,1878.8,1879.53,1721.164486002554278416
2026-08-13 16:14:00+00:00,1879.53,1880.02,1879.2,1879.98,30.626974131605380144
2026-08-13 16:15:00+00:00,1879.98,1880.53,1879.93,1880,2117.56286
2026-08-13 16:16:00+00:00,1880,1881.33,1879.98,1880.02,66.342355568789863868
2026-08-13 16:17:00+00:00,1880.02,1881.47,1879.98,1881.12,2071.083430659147684872
2026-08-13 16:18:00+00:00,1881.12,1881.33,1880.99,1880.99,51.81208
2026-08-13 16:19:00+00:00,1880.99,1881.01,1880.99,1881.01,0.48148
2026-08-13 16:20:00+00:00,1881.01,1881.45,1879.63,1881.45,23711.08249
2026-08-13 16:21:00+00:00,1881.45,1883.33,1881.02,1883.33,37983.5054
2026-08-13 16:22:00+00:00,1883.33,1884,1883.01,1883.02,64.85148
2026-08-13 16:23:00+00:00,1883.02,1884.34,1882.99,1883,73.32377
2026-08-13 16:24:00+00:00,1883,1883.01,1882.98,1882.98,0.85009
2026-08-13 16:25:00+00:00,1882.98,1883,1882.98,1882.98,0.63184
2026-08-13 16:26:00+00:00,1882.98,1883.02,1882.98,1883,1.12053
2026-08-13 16:27:00+00:00,1883,1883.02,1881.23,1881.23,4829.329852377116963199
2026-08-13 16:28:00+00:00,1881.23,1881.23,1879.63,1879.84,7781.691209340852315128
2026-08-13 16:29:00+00:00,1879.84,1879.97,1877.65,1878.28,1.721960419319803224
2026-08-13 16:30:00+00:00,1878.28,1880.36,1878.28,1880.03,2.50687853684394663
2026-08-13 16:31:00+00:00,1880.03,1880.36,1878.28,1880.36,1613.82595527248282127
2026-08-13 16:32:00+00:00,1880.36,1880.36,1879.01,1879.67,3608.53609
2026-08-13 16:33:00+00:00,1879.67,1879.98,1879.47,1879.47,35.51398
2026-08-13 16:34:00+00:00,1879.47,1880.52,1879,1879.67,4127.95044
2026-08-13 16:35:00+00:00,1879.67,1880.43,1879.32,1880.33,2285.35145
2026-08-13 16:36:00+00:00,1880.33,1880.52,1878.49,1878.67,183.40901
2026-08-13 16:37:00+00:00,1878.67,1878.98,1875.89,1875.89,1737.159692811854975175
2026-08-13 16:38:00+00:00,1875.89,1876.04,1875.01,1875.6,4827.342925206390847369
2026-08-13 16:39:00+00:00,1875.6,1875.85,1866,1869.06,15320.579551007048751512
2026-08-13 16:40:00+00:00,1869.06,1869.17,1866.64,1867.67,3955.625853731754553192
2026-08-13 16:41:00+00:00,1867.67,1867.67,1862.68,1862.69,5187.846262669559856568
2026-08-13 16:42:00+00:00,1862.69,1863.98,1862.64,1863.49,2050.873327583278542097
2026-08-13 16:43:00+00:00,1863.49,1865.43,1862.63,1863.53,2232.581501244635193132
2026-08-13 16:44:00+00:00,1863.53,1870.38,1862.96,1870.38,14272.520415821716820639
2026-08-13 16:45:00+00:00,1870.38,1870.38,1868.62,1868.96,1633.582442562548079941
2026-08-13 16:46:00+00:00,1868.96,1871.12,1868.2,1871.02,75405.546410833357256011
2026-08-13 16:47:00+00:00,1871.02,1873.36,1871.01,1872.88,2117.408721473816973429
2026-08-13 16:48:00+00:00,1872.88,1874.33,1872.02,1874.33,2272.025761050037291196
2026-08-13 16:49:00+00:00,1874.33,1876.36,1874.16,1874.66,8702.322403141471925733
2026-08-13 16:50:00+00:00,1874.66,1875.53,1874.64,1874.65,158.994569983897369725
2026-08-13 16:51:00+00:00,1874.65,1876.45,1874.65,1874.96,2141.368475825911886132
2026-08-13 16:52:00+00:00,1874.96,1874.99,1872.64,1872.81,4184.02547681964547317
2026-08-13 16:53:00+00:00,1872.81,1874.11,1871.65,1874.11,2095.975776975867412314
2026-08-13 16:54:00+00:00,1874.11,1874.11,1871.9,1871.97,3168.558700089305045657
2026-08-13 16:55:00+00:00,1871.97,1873.04,1871.97,1873.04,11417.63357
2026-08-13 16:56:00+00:00,1873.04,1874.12,1872.58,1874.12,126.36314
2026-08-13 16:57:00+00:00,1874.12,1874.12,1873.03,1873.03,30.7905
2026-08-13 16:58:00+00:00,1873.03,1873.53,1872.98,1873.43,156.536985935231714126
2026-08-13 16:59:00+00:00,1873.43,1874.01,1873.02,1873.96,68.17859
2026-08-13 17:00:00+00:00,1873.96,1874.02,1873.32,1874.02,55.129099159329729486
2026-08-13 17:01:00+00:00,1874.02,1874.02,1873.33,1873.98,164.968060313426587448
2026-08-13 17:02:00+00:00,1873.98,1874.75,1873.19,1873.53,6305.212034923958633496
2026-08-13 17:03:00+00:00,1873.53,1874.07,1873.2,1874.02,42.763286498439939539
2026-08-13 17:04:00+00:00,1874.02,1875.44,1874.02,1874.88,8299.633262468231931424
2026-08-13 17:05:00+00:00,1874.88,1875.33,1874.88,1874.93,32.59550260399258931
2026-08-13 17:06:00+00:00,1874.93,1876.53,1874.93,1876,4195.407619686561511503
2026-08-13 17:07:00+00:00,1876,1876.04,1874.5,1874.67,2186.310640774275057149
2026-08-13 17:08:00+00:00,1874.67,1875.37,1873.98,1875.33,2019.789653335604344995
2026-08-13 17:09:00+00:00,1875.33,1875.96,1874.65,1875.53,65.454896664395655005
2026-08-13 17:10:00+00:00,1875.53,1875.67,1874.98,1874.98,812.8202
2026-08-13 17:11:00+00:00,1874.98,1875.51,1874.98,1875.48,855.7843
2026-08-13 17:12:00+00:00,1875.48,1876,1875.16,1875.83,134.5104
2026-08-13 17:13:00+00:00,1875.83,1875.99,1875.02,1875.55,311.36685
2026-08-13 17:14:00+00:00,1875.55,1875.99,1874.98,1874.98,93.47524
2026-08-13 17:15:00+00:00,1874.98,1876.02,1874.98,1875.99,225.55503
2026-08-13 17:16:00+00:00,1875.99,1877.4,1875.96,1877.04,14944.55391
2026-08-13 17:17:00+00:00,1877.04,1877.69,1876.4,1876.4,4148.93375
2026-08-13 17:18:00+00:00,1876.4,1876.98,1875.8,1875.8,5063.86365
2026-08-13 17:19:00+00:00,1875.8,1875.81,1873.98,1873.98,2103.03326756468391571
2026-08-13 17:20:00+00:00,1873.98,1874.53,1873.98,1874.45,1120.6185
2026-08-13 17:21:00+00:00,1874.45,1876.85,1874.02,1876.67,5223.867534973872062189
2026-08-13 17:22:00+00:00,1876.67,1877.25,1876.44,1877.01,52.305769114471343604
2026-08-13 17:23:00+00:00,1877.01,1878.02,1876.63,1877.12,4107.011652927012877511
2026-08-13 17:24:00+00:00,1877.12,1877.64,1877.02,1877.63,172.78595
2026-08-13 17:25:00+00:00,1877.63,1878.97,1877.63,1877.98,2131.968689758696869334
2026-08-13 17:26:00+00:00,1877.98,1877.99,1876.89,1876.91,1140.14426
2026-08-13 17:27:00+00:00,1876.91,1877.01,1876.91,1876.99,1.33272
2026-08-13 17:28:00+00:00,1876.99,1876.99,1876.02,1876.33,2120.55866
2026-08-13 17:29:00+00:00,1876.33,1876.53,1876.01,1876.01,39.8512
2026-08-13 17:30:00+00:00,1876.01,1877.48,1876.01,1877.48,63.88592
2026-08-13 17:31:00+00:00,1877.48,1877.48,1875.67,1875.67,0.46576
2026-08-13 17:32:00+00:00,1875.67,1879.36,1875.66,1879.17,4125.27545
2026-08-13 17:33:00+00:00,1879.17,1879.17,1877.86,1877.99,92.50656
2026-08-13 17:34:00+00:00,1877.99,1878,1877.34,1877.35,2036.47875
2026-08-13 17:35:00+00:00,1877.35,1877.35,1876.01,1876.02,2121.97032
2026-08-13 17:36:00+00:00,1876.02,1876.98,1875.98,1876.46,157.82814448630060897
2026-08-13 17:37:00+00:00,1876.46,1877.36,1874.99,1877.36,1209.44601
2026-08-13 17:38:00+00:00,1877.36,1877.53,1876.47,1877.08,2122.76998
2026-08-13 17:39:00+00:00,1877.08,1877.33,1876.51,1877.02,117.890861248681420549
2026-08-13 17:40:00+00:00,1877.02,1877.85,1877.02,1877.85,98.931538751318579451
2026-08-13 17:41:00+00:00,1877.85,1878.41,1877.8,1878.4,2158.59853
2026-08-13 17:42:00+00:00,1878.4,1878.44,1877.34,1877.34,238.98866
2026-08-13 17:43:00+00:00,1877.34,1877.99,1877.34,1877.42,157.30157
2026-08-13 17:44:00+00:00,1877.42,1878.81,1877.42,1878.8,35.75375
2026-08-13 17:45:00+00:00,1878.8,1879.74,1878.77,1879.74,4328.145292049699371063
2026-08-13 17:46:00+00:00,1879.74,1880.16,1878.96,1879.52,1780.493863071033200619
2026-08-13 17:47:00+00:00,1879.52,1879.54,1877.67,1878.02,108.96096
2026-08-13 17:48:00+00:00,1878.02,1878.33,1877.18,1877.2,38.54912
2026-08-13 17:49:00+00:00,1877.2,1878.02,1877.2,1878.02,14.501483113469425257
2026-08-13 17:50:00+00:00,1878.02,1878.02,1877.55,1877.67,173.41829
2026-08-13 17:51:00+00:00,1877.67,1878,1876.99,1877.98,122.76091
2026-08-13 17:52:00+00:00,1877.98,1878.02,1877.47,1877.98,16.97597
2026-08-13 17:53:00+00:00,1877.98,1877.98,1876.96,1876.96,93.33641
2026-08-13 17:54:00+00:00,1876.96,1877,1876.63,1876.99,6016.294962594312289246
2026-08-13 17:55:00+00:00,1876.99,1877.55,1876.97,1876.99,97.0749
2026-08-13 17:56:00+00:00,1876.99,1877,1876.35,1876.35,67.68041
2026-08-13 17:57:00+00:00,1876.35,1877.03,1876.35,1876.98,1.61931
2026-08-13 17:58:00+00:00,1876.98,1877.53,1876.98,1877.33,4434.14965
2026-08-13 17:59:00+00:00,1877.33,1877.33,1876,1876.02,8406.15479
2026-08-13 18:00:00+00:00,1876.02,1876.62,1875.99,1875.99,103.39026
2026-08-13 18:01:00+00:00,1875.99,1877.62,1875.98,1877.61,520.584938958206647882
2026-08-13 18:02:00+00:00,1877.61,1878.04,1877.48,1877.94,568.304602929852492432
2026-08-13 18:03:00+00:00,1877.94,1880.42,1877.94,1880.42,6267.90127
2026-08-13 18:04:00+00:00,1880.42,1881.36,1878.65,1879.89,573.42155
2026-08-13 18:05:00+00:00,1879.89,1879.89,1879.29,1879.31,36.30611
2026-08-13 18:06:00+00:00,1879.31,1879.32,1878.98,1879.02,0.91416
2026-08-13 18:07:00+00:00,1879.02,1879.02,1878.47,1879.01,2067.86195
2026-08-13 18:08:00+00:00,1879.01,1879.01,1878.43,1878.67,734.25971
2026-08-13 18:09:00+00:00,1878.67,1879.02,1878.52,1878.52,20.58397
2026-08-13 18:10:00+00:00,1878.52,1878.98,1877.68,1877.68,102.67678
2026-08-13 18:11:00+00:00,1877.68,1877.98,1877.68,1877.98,0.12463
2026-08-13 18:12:00+00:00,1877.98,1878.02,1877.98,1877.99,0.57447
2026-08-13 18:13:00+00:00,1877.99,1878.58,1877.99,1878.58,183.09315
2026-08-13 18:14:00+00:00,1878.58,1878.62,1878.02,1878.53,362.3326
2026-08-13 18:15:00+00:00,1878.53,1879.02,1878.01,1879.02,85.48376
2026-08-13 18:16:00+00:00,1879.02,1879.02,1878.98,1878.98,0.70027
2026-08-13 18:17:00+00:00,1878.98,1879.02,1878.98,1879,0.36064
2026-08-13 18:18:00+00:00,1879,1879.7,1878.98,1879.7,25319.21132
2026-08-13 18:19:00+00:00,1879.7,1880.04,1879.7,1879.98,0.66678
2026-08-13 18:20:00+00:00,1879.98,1880,1879.67,1879.67,48.61945
2026-08-13 18:21:00+00:00,1879.67,1880.45,1879.67,1879.99,6245.77452
2026-08-13 18:22:00+00:00,1879.99,1879.99,1878.98,1878.98,162.73565
2026-08-13 18:23:00+00:00,1878.98,1879.01,1878.98,1879,0.80404
2026-08-13 18:24:00+00:00,1879,1879,1877.69,1877.69,4925.910157851844872176
2026-08-13 18:25:00+00:00,1877.69,1878.53,1877.69,1878.53,91.44886
2026-08-13 18:26:00+00:00,1878.53,1878.83,1877.98,1877.98,13.53173
2026-08-13 18:27:00+00:00,1877.98,1877.99,1875.98,1876.49,55880.576954392057054068
2026-08-13 18:28:00+00:00,1876.49,1876.98,1875.98,1876.67,209.706853194833016258
2026-08-13 18:29:00+00:00,1876.67,1876.98,1875.64,1875.64,67.360395244998241256
2026-08-13 18:30:00+00:00,1875.64,1877.36,1875.64,1875.64,2.459974080674997527
2026-08-13 18:31:00+00:00,1875.64,1875.65,1875.64,1875.64,0.387877269548891759
2026-08-13 18:32:00+00:00,1875.64,1877.26,1875.64,1877.26,0.106296253007006203
2026-08-13 18:33:00+00:00,1877.26,1878.37,1877.26,1877.97,20.847466322340889972
2026-08-13 18:34:00+00:00,1877.97,1877.99,1876.47,1876.47,126.80871
2026-08-13 18:35:00+00:00,1876.47,1876.47,1875.93,1875.93,514.9339
2026-08-13 18:36:00+00:00,1875.93,1877.04,1875.93,1875.99,2193.64253
2026-08-13 18:37:00+00:00,1875.99,1877.2,1875.99,1876.98,80.61602
2026-08-13 18:38:00+00:00,1876.98,1877.51,1876.98,1876.99,38.94405
2026-08-13 18:39:00+00:00,1876.99,1876.99,1876.36,1876.36,121.94871
2026-08-13 18:40:00+00:00,1876.36,1876.36,1876.36,1876.36,0
2026-08-13 18:41:00+00:00,1876.36,1877.63,1876.36,1877.63,59.89156
2026-08-13 18:42:00+00:00,1877.63,1878.49,1876.65,1877.98,2119.54761
2026-08-13 18:43:00+00:00,1877.98,1878.02,1877.98,1878,0.8321
2026-08-13 18:44:00+00:00,1878,1879.33,1877.99,1879.03,62.282291260075123592
2026-08-13 18:45:00+00:00,1879.03,1879.48,1879.03,1879.48,2071.115138739924876408
2026-08-13 18:46:00+00:00,1879.48,1879.48,1878.5,1879.33,2098.62106
2026-08-13 18:47:00+00:00,1879.33,1879.78,1879.02,1879.02,865.415521076146344837
2026-08-13 18:48:00+00:00,1879.02,1879.61,1879.02,1879.6,51.14436
2026-08-13 18:49:00+00:00,1879.6,1880,1879.02,1879.96,36.53955
2026-08-13 18:50:00+00:00,1879.96,1880.46,1879.96,1880.01,83.98647
2026-08-13 18:51:00+00:00,1880.01,1881.35,1880.01,1881.02,111.36726
2026-08-13 18:52:00+00:00,1881.02,1883.35,1880.65,1882.85,6150.21038
2026-08-13 18:53:00+00:00,1882.85,1883.85,1882.85,1883.53,2101.109358839310644102
2026-08-13 18:54:00+00:00,1883.53,1886.36,1883.53,1884.64,6234.04717164469979195
2026-08-13 18:55:00+00:00,1884.64,1884.99,1883.47,1884.01,10192.51554
2026-08-13 18:56:00+00:00,1884.01,1885.27,1883.99,1885.27,556.91712
2026-08-13 18:57:00+00:00,1885.27,1886.36,1884.64,1885.19,8991.228617595367847411
2026-08-13 18:58:00+00:00,1885.19,1886.02,1883.64,1883.64,156.905630126847813698
2026-08-13 18:59:00+00:00,1883.64,1885.01,1883.64,1884.8,73.7462
2026-08-13 19:00:00+00:00,1884.8,1886.34,1884.8,1885.53,163.79451
2026-08-13 19:01:00+00:00,1885.53,1886.02,1885.36,1886.02,116.436820361943532919
2026-08-13 19:02:00+00:00,1886.02,1886.02,1885.02,1885.53,336.7486
2026-08-13 19:03:00+00:00,1885.53,1885.81,1884.33,1885.01,2079.69287
2026-08-13 19:04:00+00:00,1885.01,1885.02,1884.52,1884.55,249.482381158866602992
2026-08-13 19:05:00+00:00,1884.55,1885.07,1884.51,1885.01,32.50013
2026-08-13 19:06:00+00:00,1885.01,1888.02,1885,1887.59,49953.195026491032772582
2026-08-13 19:07:00+00:00,1887.59,1889.47,1886.64,1889.47,2261.249470269610611409
2026-08-13 19:08:00+00:00,1889.47,1892.36,1889.47,1890.8,136.564603054267202264
2026-08-13 19:09:00+00:00,1890.8,1891.15,1888.83,1890.2,253.86563
2026-08-13 19:10:00+00:00,1890.2,1890.2,1888.97,1889.29,217.70083
2026-08-13 19:11:00+00:00,1889.29,1889.85,1888.98,1889.85,93.793163188525507457
2026-08-13 19:12:00+00:00,1889.85,1889.93,1888.33,1888.33,2056.796120442702817199
2026-08-13 19:13:00+00:00,1888.33,1888.64,1887.96,1887.98,36.54514
2026-08-13 19:14:00+00:00,1887.98,1887.98,1887.39,1887.39,2146.22982
2026-08-13 19:15:00+00:00,1887.39,1887.98,1886.86,1887.33,1843.4276
2026-08-13 19:16:00+00:00,1887.33,1888.01,1886.96,1887.53,230.1909
2026-08-13 19:17:00+00:00,1887.53,1888.83,1887.53,1888.81,36.20275
2026-08-13 19:18:00+00:00,1888.81,1889,1888.37,1888.47,239.31618
2026-08-13 19:19:00+00:00,1888.47,1888.56,1888.02,1888.33,135.0978
2026-08-13 19:20:00+00:00,1888.33,1889.02,1887.98,1888.48,1387.59058
2026-08-13 19:21:00+00:00,1888.48,1888.98,1886.44,1886.44,5214.42698
2026-08-13 19:22:00+00:00,1886.44,1888.84,1886.44,1888.02,2277.80618
2026-08-13 19:23:00+00:00,1888.02,1888.02,1887.67,1887.99,47.333296122346613162
2026-08-13 19:24:00+00:00,1887.99,1887.99,1887.98,1887.99,0.24174
2026-08-13 19:25:00+00:00,1887.99,1887.99,1886.8,1886.98,62.37431
2026-08-13 19:26:00+00:00,1886.98,1887.02,1886.02,1887.02,1798.41744
2026-08-13 19:27:00+00:00,1887.02,1887.02,1886.47,1886.48,42.3454
2026-08-13 19:28:00+00:00,1886.48,1887.01,1886.48,1886.99,0.84798
2026-08-13 19:29:00+00:00,1886.99,1887.22,1886.99,1887.22,0.34641
2026-08-13 19:30:00+00:00,1887.22,1887.52,1887.02,1887.51,188.45752
2026-08-13 19:31:00+00:00,1887.51,1887.99,1886.4,1886.98,2428.06633
2026-08-13 19:32:00+00:00,1886.98,1887,1886.47,1886.47,70.60329
2026-08-13 19:33:00+00:00,1886.47,1886.98,1885.99,1886.02,296.04193
2026-08-13 19:34:00+00:00,1886.02,1886.02,1885.99,1885.99,0.86279
2026-08-13 19:35:00+00:00,1885.99,1886,1885.16,1885.19,84.46187
2026-08-13 19:36:00+00:00,1885.19,1886.92,1885.17,1886.92,2070.87127
2026-08-13 19:37:00+00:00,1886.92,1887.02,1886.47,1886.47,30.64592
2026-08-13 19:38:00+00:00,1886.47,1886.47,1885.99,1885.99,32.40339
2026-08-13 19:39:00+00:00,1885.99,1886.33,1885.98,1886.33,31.340719854807834695
2026-08-13 19:40:00+00:00,1886.33,1887.16,1886.01,1887.02,161.374009424156238132
2026-08-13 19:41:00+00:00,1887.02,1887.02,1886.47,1886.48,335.439111320698914697
2026-08-13 19:42:00+00:00,1886.48,1886.98,1885.93,1886.02,36.70215
2026-08-13 19:43:00+00:00,1886.02,1886.02,1885.15,1885.67,625.01801
2026-08-13 19:44:00+00:00,1885.67,1886.98,1885.45,1886.48,2294.23757
2026-08-13 19:45:00+00:00,1886.48,1888.56,1886.48,1888.01,4917.254057738900925466
2026-08-13 19:46:00+00:00,1888.01,1888.07,1887.46,1887.55,273.699724669154479388
2026-08-13 19:47:00+00:00,1887.55,1888.02,1887.55,1887.98,23.025431060524415855
2026-08-13 19:48:00+00:00,1887.98,1888.02,1886.67,1886.7,16.515775084740510865
2026-08-13 19:49:00+00:00,1886.7,1887.85,1886.7,1887.59,36.626785087204958284
2026-08-13 19:50:00+00:00,1887.59,1887.98,1886.88,1886.98,98.783579678832429764
2026-08-13 19:51:00+00:00,1886.98,1887.02,1886.63,1887.02,1056.586442935202519785
2026-08-13 19:52:00+00:00,1887.02,1887.02,1886.47,1886.47,35.254
2026-08-13 19:53:00+00:00,1886.47,1886.47,1886,1886,0.37423
2026-08-13 19:54:00+00:00,1886,1886.33,1886,1886.33,125.06836
2026-08-13 19:55:00+00:00,1886.33,1887.02,1886.02,1886.67,160.985648181818181818
2026-08-13 19:56:00+00:00,1886.67,1886.98,1885.98,1886.33,133.658439757718185043
2026-08-13 19:57:00+00:00,1886.33,1886.33,1886.02,1886.02,0.333310704960835509
2026-08-13 19:58:00+00:00,1886.02,1886.02,1885.99,1885.99,6.682079295039164491
2026-08-13 19:59:00+00:00,1885.99,1886.33,1885.98,1886.33,89.961303364700088015
2026-08-13 20:00:00+00:00,1886.33,1887.33,1886.02,1887.33,50.531121783901876094
2026-08-13 20:01:00+00:00,1887.33,1887.33,1885.67,1885.67,63.33210853684394663
2026-08-13 20:02:00+00:00,1885.67,1886.53,1885.67,1886.53,101.8465
2026-08-13 20:03:00+00:00,1886.53,1886.62,1885.98,1886.53,117.727028441967338241
2026-08-13 20:04:00+00:00,1886.53,1887.02,1886.12,1886.99,32.604739542575800134
2026-08-13 20:05:00+00:00,1886.99,1887.02,1886.02,1886.2,84.170442863283795756
2026-08-13 20:06:00+00:00,1886.2,1887.02,1886.2,1887.01,0.87468
2026-08-13 20:07:00+00:00,1887.01,1887.53,1886.99,1887.53,2040.49004
2026-08-13 20:08:00+00:00,1887.53,1888.33,1886.97,1888.02,2687.532054406779661016
2026-08-13 20:09:00+00:00,1888.02,1888.02,1887.51,1888.01,21.93263
2026-08-13 20:10:00+00:00,1888.01,1888.01,1886.63,1886.63,133.506007796610169492
2026-08-13 20:11:00+00:00,1886.63,1886.63,1885.98,1885.98,8.990679085968772366
2026-08-13 20:12:00+00:00,1885.98,1886.02,1885.28,1885.67,4052.54379
2026-08-13 20:13:00+00:00,1885.67,1885.98,1885.49,1885.5,240.55563
2026-08-13 20:14:00+00:00,1885.5,1886.33,1885.5,1886.33,125.8752
2026-08-13 20:15:00+00:00,1886.33,1886.84,1886.02,1886.02,284.15126
2026-08-13 20:16:00+00:00,1886.02,1887.08,1886.02,1886.7,98.44392
2026-08-13 20:17:00+00:00,1886.7,1887.02,1886.7,1887.01,0.80545
2026-08-13 20:18:00+00:00,1887.01,1887.01,1886.39,1886.67,177.41206
2026-08-13 20:19:00+00:00,1886.67,1887.02,1886.48,1887.01,1.16587
2026-08-13 20:20:00+00:00,1887.01,1887.46,1886.59,1887.33,2278.4818
2026-08-13 20:21:00+00:00,1887.33,1887.75,1886.99,1887,46.422664646472140669
2026-08-13 20:22:00+00:00,1887,1887,1886.51,1886.98,2053.017580498129916962
2026-08-13 20:23:00+00:00,1886.98,1887.02,1886.38,1886.41,127.14805
2026-08-13 20:24:00+00:00,1886.41,1886.99,1886.2,1886.2,199.98428
2026-08-13 20:25:00+00:00,1886.2,1886.2,1886.02,1886.02,1.13461
2026-08-13 20:26:00+00:00,1886.02,1886.57,1886.02,1886.57,2044.41174
2026-08-13 20:27:00+00:00,1886.57,1887,1886.02,1887,106.979345452932665297
2026-08-13 20:28:00+00:00,1887,1887,1886.98,1886.99,2.769865580177831473
2026-08-13 20:29:00+00:00,1886.99,1887.01,1886.56,1886.91,370.75507
2026-08-13 20:30:00+00:00,1886.91,1886.91,1886.91,1886.91,0
2026-08-13 20:31:00+00:00,1886.91,1887.35,1886.59,1887.35,0.27716
2026-08-13 20:32:00+00:00,1887.35,1887.35,1887.35,1887.35,0
2026-08-13 20:33:00+00:00,1887.35,1888.98,1887.34,1888.67,332.18298
2026-08-13 20:34:00+00:00,1888.67,1888.99,1887.98,1888,67.91114
2026-08-13 20:35:00+00:00,1888,1888.01,1888,1888.01,0.08557
2026-08-13 20:36:00+00:00,1888.01,1888.01,1887.98,1887.99,0.59897
2026-08-13 20:37:00+00:00,1887.99,1888.01,1887.59,1888.01,32.09356
2026-08-13 20:38:00+00:00,1888.01,1888.01,1887.17,1887.39,59.80041
2026-08-13 20:39:00+00:00,1887.39,1887.39,1886.98,1887,1.341027520354936572
2026-08-13 20:40:00+00:00,1887,1887.01,1886.47,1886.47,2071.68439
2026-08-13 20:41:00+00:00,1886.47,1886.98,1885.91,1885.91,51.75637
2026-08-13 20:42:00+00:00,1885.91,1886.02,1885.91,1885.99,1.052241439458086367
2026-08-13 20:43:00+00:00,1885.99,1885.99,1885.99,1885.99,0
2026-08-13 20:44:00+00:00,1885.99,1885.99,1885.98,1885.98,0.805393095332067846
2026-08-13 20:45:00+00:00,1885.98,1886.02,1885.47,1885.47,1109.3543
2026-08-13 20:46:00+00:00,1885.47,1885.51,1884.93,1885.47,129.493859159408999055
2026-08-13 20:47:00+00:00,1885.47,1885.47,1884.98,1884.98,345.70079
2026-08-13 20:48:00+00:00,1884.98,1884.98,1884.98,1884.98,0
2026-08-13 20:49:00+00:00,1884.98,1884.98,1884.98,1884.98,0.547766632436959686
2026-08-13 20:50:00+00:00,1884.98,1885.02,1884.63,1884.99,2032.0101
2026-08-13 20:51:00+00:00,1884.99,1885.02,1884.9,1884.99,0.62335
2026-08-13 20:52:00+00:00,1884.99,1885.02,1884.99,1885.02,0.10638
2026-08-13 20:53:00+00:00,1885.02,1885.33,1885,1885.33,94.35101
2026-08-13 20:54:00+00:00,1885.33,1885.38,1884.43,1884.93,84.990144686935657402
2026-08-13 20:55:00+00:00,1884.93,1885.01,1884.93,1885,0.76649
2026-08-13 20:56:00+00:00,1885,1885.02,1884.98,1884.99,0.884209757718185043
2026-08-13 20:57:00+00:00,1884.99,1885.03,1884.99,1885.03,0.17611
2026-08-13 20:58:00+00:00,1885.03,1885.33,1885.01,1885.33,31.50598
2026-08-13 20:59:00+00:00,1885.33,1885.5,1885.33,1885.5,0.07911
2026-08-13 21:00:00+00:00,1885.5,1885.5,1884.98,1885.46,63.932333122712080216
2026-08-13 21:01:00+00:00,1885.46,1885.85,1884.98,1885.84,84.577834379992938882
2026-08-13 21:02:00+00:00,1885.84,1886.02,1885.02,1886.02,68.200666422283035278
2026-08-13 21:03:00+00:00,1886.02,1887.27,1886.02,1887.27,5384.33856
2026-08-13 21:04:00+00:00,1887.27,1887.33,1886.98,1886.98,0.653124586560980003
2026-08-13 21:05:00+00:00,1886.98,1887.02,1886.98,1887.02,0.00001
2026-08-13 21:06:00+00:00,1887.02,1887.6,1887.02,1887.59,255.45371933937706611
2026-08-13 21:07:00+00:00,1887.59,1888.02,1887.59,1888.02,1.16347
2026-08-13 21:08:00+00:00,1888.02,1888.02,1886.93,1886.94,2028.88645066062293389
2026-08-13 21:09:00+00:00,1886.94,1887.02,1886.94,1887.02,0.3119
2026-08-13 21:10:00+00:00,1887.02,1887.02,1887.02,1887.02,0
2026-08-13 21:11:00+00:00,1887.02,1887.02,1887.02,1887.02,0
2026-08-13 21:12:00+00:00,1887.02,1887.02,1887.02,1887.02,0
2026-08-13 21:13:00+00:00,1887.02,1887.33,1885.63,1885.63,2086.33584
2026-08-13 21:14:00+00:00,1885.63,1886.02,1885.63,1886,1.27443
2026-08-13 21:15:00+00:00,1886,1886.02,1885.98,1886.02,0.857401677098381867
2026-08-13 21:16:00+00:00,1886.02,1886.49,1885.99,1886.49,27.42578
2026-08-13 21:17:00+00:00,1886.49,1887,1886.02,1886.98,131.59204
2026-08-13 21:18:00+00:00,1886.98,1887.02,1886.98,1886.98,0.828937919157913686
2026-08-13 21:19:00+00:00,1886.98,1887.02,1886.98,1887.02,1.380204927278124072
2026-08-13 21:20:00+00:00,1887.02,1887.02,1886.98,1887.01,0.437318760743237678
2026-08-13 21:21:00+00:00,1887.01,1887.01,1886.02,1886.48,107.403656679901151364
2026-08-13 21:22:00+00:00,1886.48,1886.98,1886.02,1886.98,79.52298
2026-08-13 21:23:00+00:00,1886.98,1887.02,1886.98,1887.02,1.29224
2026-08-13 21:24:00+00:00,1887.02,1887.02,1886.98,1886.98,0.91336
2026-08-13 21:25:00+00:00,1886.98,1887.02,1886.51,1886.98,215.360887617199395009
2026-08-13 21:26:00+00:00,1886.98,1887,1886.96,1886.98,0.657877617199395009
2026-08-13 21:27:00+00:00,1886.98,1887.02,1886.67,1886.67,63.00877
2026-08-13 21:28:00+00:00,1886.67,1887.02,1886.67,1886.81,94.968827368336527446
2026-08-13 21:29:00+00:00,1886.81,1887.56,1885.64,1887.56,0.736072137386921428
2026-08-13 21:30:00+00:00,1887.56,1888.35,1887.56,1887.74,0.37549
2026-08-13 21:31:00+00:00,1887.74,1888.01,1887.37,1887.47,102.00866
2026-08-13 21:32:00+00:00,1887.47,1887.47,1887.47,1887.47,0
2026-08-13 21:33:00+00:00,1887.47,1887.47,1887.47,1887.47,0
2026-08-13 21:34:00+00:00,1887.47,1888.36,1887.47,1887.67,9.388482441724693952
2026-08-13 21:35:00+00:00,1887.67,1888.36,1887.25,1888.36,35.716042022627366247
2026-08-13 21:36:00+00:00,1888.36,1888.36,1888.36,1888.36,0
2026-08-13 21:37:00+00:00,1888.36,1888.36,1888.36,1888.36,0
2026-08-13 21:38:00+00:00,1888.36,1888.36,1887.99,1888.36,1.566022784932782238
2026-08-13 21:39:00+00:00,1888.36,1888.53,1888.02,1888.52,63.42353
2026-08-13 21:40:00+00:00,1888.52,1888.52,1887.47,1887.98,22.81057
2026-08-13 21:41:00+00:00,1887.98,1887.98,1887.98,1887.98,0.12047
2026-08-13 21:42:00+00:00,1887.98,1888.01,1886.65,1887.45,0.52391498045782484
2026-08-13 21:43:00+00:00,1887.45,1887.79,1887.02,1887.68,140.284749271827031462
2026-08-13 21:44:00+00:00,1887.68,1887.99,1886.65,1887.47,849.326755182259219002
2026-08-13 21:45:00+00:00,1887.47,1887.99,1886.92,1887.33,200.054565742372306664
2026-08-13 21:46:00+00:00,1887.33,1887.99,1886.66,1887.99,199.78586
2026-08-13 21:47:00+00:00,1887.99,1887.99,1887.41,1887.41,0.22618
2026-08-13 21:48:00+00:00,1887.41,1887.6,1887.01,1887.53,1937.98304
2026-08-13 21:49:00+00:00,1887.53,1887.53,1887.53,1887.53,0
2026-08-13 21:50:00+00:00,1887.53,1887.53,1887.53,1887.53,0
2026-08-13 21:51:00+00:00,1887.53,1887.53,1887.53,1887.53,0
2026-08-13 21:52:00+00:00,1887.53,1887.53,1886.96,1887.53,18.49943
2026-08-13 21:53:00+00:00,1887.53,1887.53,1886.05,1887.1,17.812551792956243328
2026-08-13 21:54:00+00:00,1887.1,1887.69,1886.08,1886.81,27.55652
2026-08-13 21:55:00+00:00,1886.81,1886.99,1886.57,1886.58,0.27727
2026-08-13 21:56:00+00:00,1886.58,1887.61,1886.06,1887.53,397.46058
2026-08-13 21:57:00+00:00,1887.53,1887.53,1887.02,1887.33,361.4574
2026-08-13 21:58:00+00:00,1887.33,1887.53,1887.02,1887.12,398.87914
2026-08-13 21:59:00+00:00,1887.12,1887.53,1887.02,1887.52,156.74811
2026-08-13 22:00:00+00:00,1887.52,1888.2,1887.52,1887.98,23.1242
2026-08-13 22:01:00+00:00,1887.98,1889.58,1887.98,1889.53,9762.98641
2026-08-13 22:02:00+00:00,1889.53,1889.57,1889,1889.29,75.80759
2026-08-13 22:03:00+00:00,1889.29,1889.29,1888.27,1888.28,2100.37218
2026-08-13 22:04:00+00:00,1888.28,1890.36,1888.01,1890.02,2137.03161
2026-08-13 22:05:00+00:00,1890.02,1890.72,1889.65,1890.17,589.34297
2026-08-13 22:06:00+00:00,1890.17,1891,1890,1890.02,78.215046598108010967
2026-08-13 22:07:00+00:00,1890.02,1891.36,1889.98,1890.83,102.880523551939266041
2026-08-13 22:08:00+00:00,1890.83,1892.02,1890.83,1892.01,2030.653162776709051966
2026-08-13 22:09:00+00:00,1892.01,1892.02,1890.5,1890.5,131.260808299246678104
2026-08-13 22:10:00+00:00,1890.5,1890.98,1890.42,1890.43,176.63723
2026-08-13 22:11:00+00:00,1890.43,1891.02,1890.4,1891.01,0.852836958858926492
2026-08-13 22:12:00+00:00,1891.01,1891.85,1890.99,1891.84,142.83591
2026-08-13 22:13:00+00:00,1891.84,1892,1891,1891.01,274.33626
2026-08-13 22:14:00+00:00,1891.01,1891.02,1890.99,1890.99,0.63177
2026-08-13 22:15:00+00:00,1890.99,1891.85,1890.99,1891.85,56.75098
2026-08-13 22:16:00+00:00,1891.85,1892.02,1891.8,1891.8,27.11981
2026-08-13 22:17:00+00:00,1891.8,1891.99,1890.99,1890.99,117.165597430743847652
2026-08-13 22:18:00+00:00,1890.99,1891.04,1890.25,1890.25,94.83827557221403376
2026-08-13 22:19:00+00:00,1890.25,1891.01,1890.24,1890.47,110.407724669154479388
2026-08-13 22:20:00+00:00,1890.47,1890.47,1889.51,1889.99,1179.783574727244876012
2026-08-13 22:21:00+00:00,1889.99,1890.02,1889.98,1890.02,0.677434701836075982
2026-08-13 22:22:00+00:00,1890.02,1890.94,1889.97,1890.93,98.913142726713112828
2026-08-13 22:23:00+00:00,1890.93,1891.01,1889.99,1889.99,82.52168
2026-08-13 22:24:00+00:00,1889.99,1891.02,1889.99,1890.35,191.32581
2026-08-13 22:25:00+00:00,1890.35,1890.98,1889.97,1889.97,36.17277
2026-08-13 22:26:00+00:00,1889.97,1890.41,1889.97,1889.98,1679.50267
2026-08-13 22:27:00+00:00,1889.98,1890.02,1889.98,1889.98,0.543287302940524889
2026-08-13 22:28:00+00:00,1889.98,1890.01,1889.63,1889.99,12061.283
2026-08-13 22:29:00+00:00,1889.99,1890.07,1889.98,1890.06,0.54442
2026-08-13 22:30:00+00:00,1890.06,1890.06,1888.64,1889.49,0.58041
2026-08-13 22:31:00+00:00,1889.49,1889.49,1889.49,1889.49,0
2026-08-13 22:32:00+00:00,1889.49,1889.49,1889.49,1889.49,0
2026-08-13 22:33:00+00:00,1889.49,1889.49,1888.59,1888.59,0.39532
2026-08-13 22:34:00+00:00,1888.59,1888.59,1888.59,1888.59,0
2026-08-13 22:35:00+00:00,1888.59,1889.85,1888.59,1889.64,77.58665
2026-08-13 22:36:00+00:00,1889.64,1889.64,1889.02,1889.46,260.999716270014030082
2026-08-13 22:37:00+00:00,1889.46,1889.92,1889.02,1889.92,381.15486
2026-08-13 22:38:00+00:00,1889.92,1890,1889.92,1890,4.34309
2026-08-13 22:39:00+00:00,1890,1890,1890,1890,0
2026-08-13 22:40:00+00:00,1890,1890,1890,1890,0
2026-08-13 22:41:00+00:00,1890,1890,1889.02,1889.53,149.10122
2026-08-13 22:42:00+00:00,1889.53,1889.55,1888.64,1889.53,586.48915
2026-08-13 22:43:00+00:00,1889.53,1889.82,1889.53,1889.82,1.107202243272130676
2026-08-13 22:44:00+00:00,1889.82,1889.82,1889.82,1889.82,0
2026-08-13 22:45:00+00:00,1889.82,1889.82,1889.82,1889.82,0.0641
2026-08-13 22:46:00+00:00,1889.82,1889.82,1889.71,1889.79,0.1859
2026-08-13 22:47:00+00:00,1889.79,1889.79,1888.98,1889.37,17.07592
2026-08-13 22:48:00+00:00,1889.37,1889.52,1888.65,1889.33,165.34272
2026-08-13 22:49:00+00:00,1889.33,1889.55,1889,1889.45,256.78949
2026-08-13 22:50:00+00:00,1889.45,1889.45,1889.02,1889.33,93.795
2026-08-13 22:51:00+00:00,1889.33,1889.33,1889.01,1889.33,125.1735
2026-08-13 22:52:00+00:00,1889.33,1889.67,1889.02,1889.53,159.32278
2026-08-13 22:53:00+00:00,1889.53,1889.53,1888.64,1888.92,0.543549229499256062
2026-08-13 22:54:00+00:00,1888.92,1889.33,1888.92,1889.33,31.38737
2026-08-13 22:55:00+00:00,1889.33,1889.33,1888.24,1888.24,1.163218401449327895
2026-08-13 22:56:00+00:00,1888.24,1888.47,1887.98,1888.33,283.776305972644867496
2026-08-13 22:57:00+00:00,1888.33,1888.52,1887.98,1888.44,310.117021250059891715
2026-08-13 22:58:00+00:00,1888.44,1888.62,1887.97,1888.33,803.15384
2026-08-13 22:59:00+00:00,1888.33,1888.33,1888.02,1888.33,1667.98048
2026-08-13 23:00:00+00:00,1888.33,1888.53,1887.98,1887.98,130.22475
2026-08-13 23:01:00+00:00,1887.98,1888.02,1887.47,1887.5,33.472935777027027027
2026-08-13 23:02:00+00:00,1887.5,1887.5,1886.47,1886.48,2016.99463
2026-08-13 23:03:00+00:00,1886.48,1886.98,1886.47,1886.47,35.254
2026-08-13 23:04:00+00:00,1886.47,1886.47,1885.96,1886.02,1.2281
2026-08-13 23:05:00+00:00,1886.02,1886.02,1886.02,1886.02,0
2026-08-13 23:06:00+00:00,1886.02,1886.02,1885.98,1885.98,0.265536543139066798
2026-08-13 23:07:00+00:00,1885.98,1885.98,1885.98,1885.98,0.04360498045782484
2026-08-13 23:08:00+00:00,1885.98,1886.02,1885.98,1886.01,0.48036
2026-08-13 23:09:00+00:00,1886.01,1886.02,1885.99,1886.02,0.78271
2026-08-13 23:10:00+00:00,1886.02,1886.5,1886.01,1886.5,251.1115
2026-08-13 23:11:00+00:00,1886.5,1886.55,1886.01,1886.01,1570.84993
2026-08-13 23:12:00+00:00,1886.01,1886.18,1885.99,1886.02,0.681532184517497348
2026-08-13 23:13:00+00:00,1886.02,1886.02,1885.98,1885.98,0.5506
2026-08-13 23:14:00+00:00,1885.98,1886.01,1885.98,1886,0.682862841977231747
2026-08-13 23:15:00+00:00,1886,1886.02,1886,1886.02,1.05488
2026-08-13 23:16:00+00:00,1886.02,1886.02,1885.98,1885.98,0.81004
2026-08-13 23:17:00+00:00,1885.98,1886,1885.98,1885.99,0.59801
2026-08-13 23:18:00+00:00,1885.99,1886.02,1884.98,1885,36.16311031513167989
2026-08-13 23:19:00+00:00,1885,1886,1884.99,1886,121.463008841133397008
2026-08-13 23:20:00+00:00,1886,1886,1885.8,1885.98,10.30507
2026-08-13 23:21:00+00:00,1885.98,1886.01,1885.98,1886,0.2574
2026-08-13 23:22:00+00:00,1886,1886.52,1885.98,1886.02,24.03791
2026-08-13 23:23:00+00:00,1886.02,1886.33,1884.94,1884.94,52.36923
2026-08-13 23:24:00+00:00,1884.94,1885.16,1884.94,1884.98,1.14594
2026-08-13 23:25:00+00:00,1884.98,1885,1884.97,1885,0.93822
2026-08-13 23:26:00+00:00,1885,1885.01,1884.99,1885.01,1.50534
2026-08-13 23:27:00+00:00,1885.01,1885.01,1884.98,1884.98,1.10481
2026-08-13 23:28:00+00:00,1884.98,1885.02,1884.64,1884.64,3.222489971863409643
2026-08-13 23:29:00+00:00,1884.64,1885.02,1884.64,1884.7,0.889110188138636523
2026-08-13 23:30:00+00:00,1884.7,1884.7,1884.7,1884.7,0
2026-08-13 23:31:00+00:00,1884.7,1886.34,1884.7,1886.33,113.45965
2026-08-13 23:32:00+00:00,1886.33,1886.5,1886.02,1886.5,376.13013
2026-08-13 23:33:00+00:00,1886.5,1886.51,1886.02,1886.33,125.7339
2026-08-13 23:34:00+00:00,1886.33,1886.33,1886.33,1886.33,0
2026-08-13 23:35:00+00:00,1886.33,1886.33,1886.33,1886.33,0
2026-08-13 23:36:00+00:00,1886.33,1886.33,1886.33,1886.33,0
2026-08-13 23:37:00+00:00,1886.33,1886.33,1886.33,1886.33,0
2026-08-13 23:38:00+00:00,1886.33,1886.33,1886.33,1886.33,0
2026-08-13 23:39:00+00:00,1886.33,1886.33,1886.33,1886.33,0
2026-08-13 23:40:00+00:00,1886.33,1886.33,1884.96,1885.33,1603.57122
2026-08-13 23:41:00+00:00,1885.33,1885.48,1885.01,1885.46,588.92648
2026-08-13 23:42:00+00:00,1885.46,1885.46,1885.46,1885.46,0
2026-08-13 23:43:00+00:00,1885.46,1885.46,1885.46,1885.46,0
2026-08-13 23:44:00+00:00,1885.46,1885.46,1885.46,1885.46,0
2026-08-13 23:45:00+00:00,1885.46,1885.46,1885.46,1885.46,0
2026-08-13 23:46:00+00:00,1885.46,1885.46,1885.46,1885.46,0
2026-08-13 23:47:00+00:00,1885.46,1885.46,1885.46,1885.46,0
2026-08-13 23:48:00+00:00,1885.46,1885.57,1884.97,1885.57,176.19011
2026-08-13 23:49:00+00:00,1885.57,1885.57,1884.66,1884.66,0.947929811861363477
2026-08-13 23:50:00+00:00,1884.66,1884.66,1883.65,1884.54,285.60094
2026-08-13 23:51:00+00:00,1884.54,1885.02,1884,1884.99,56.45765
2026-08-13 23:52:00+00:00,1884.99,1884.99,1884.49,1884.67,337.0525
2026-08-13 23:53:00+00:00,1884.67,1884.98,1884.39,1884.47,642.55141
2026-08-13 23:54:00+00:00,1884.47,1884.67,1883.59,1883.93,41.09233
2026-08-13 23:55:00+00:00,1883.93,1884.01,1883.93,1883.99,1.00894
2026-08-13 23:56:00+00:00,1883.99,1884.53,1883.99,1884.33,141.45813
2026-08-13 23:57:00+00:00,1884.33,1885.04,1884.02,1885.02,67.8104
2026-08-13 23:58:00+00:00,1885.02,1885.02,1885.01,1885.02,0.61983
2026-08-13 23:59:00+00:00,1885.02,1885.39,1884.98,1885.38,31.88481
2026-08-14 00:00:00+00:00,1885.38,1886.35,1885.38,1886.35,2.39429
2026-08-14 00:01:00+00:00,1886.35,1886.42,1886,1886.01,0.89955
2026-08-14 00:02:00+00:00,1886.01,1886.63,1885.49,1885.49,2154.24388
2026-08-14 00:03:00+00:00,1885.49,1885.8,1884.65,1885.02,13.99277
2026-08-14 00:04:00+00:00,1885.02,1885.75,1885.02,1885.75,103.03062
2026-08-14 00:05:00+00:00,1885.75,1886.5,1885.75,1886.35,1190.43455
2026-08-14 00:06:00+00:00,1886.35,1886.35,1885.4,1885.4,32.18711
2026-08-14 00:07:00+00:00,1885.4,1886.01,1885.4,1885.47,35.53691
2026-08-14 00:08:00+00:00,1885.47,1885.98,1884.98,1885.33,424.52312
2026-08-14 00:09:00+00:00,1885.33,1885.53,1885.33,1885.53,0.40828
2026-08-14 00:10:00+00:00,1885.53,1886.02,1885.53,1885.57,1.53317
2026-08-14 00:11:00+00:00,1885.57,1885.99,1885.48,1885.99,25.60074
2026-08-14 00:12:00+00:00,1885.99,1885.99,1885.71,1885.71,0.74215
2026-08-14 00:13:00+00:00,1885.71,1885.98,1885.54,1885.54,89.24465
2026-08-14 00:14:00+00:00,1885.54,1885.98,1885.47,1885.67,95.40112
2026-08-14 00:15:00+00:00,1885.67,1886.02,1885.47,1886.02,94.83472
2026-08-14 00:16:00+00:00,1886.02,1886.02,1885.98,1885.99,0.78537
2026-08-14 00:17:00+00:00,1885.99,1885.99,1885.59,1885.95,63.34819
2026-08-14 00:18:00+00:00,1885.95,1885.98,1885.41,1885.41,32.9105
2026-08-14 00:19:00+00:00,1885.41,1886.83,1885.41,1886.57,2134.42243
2026-08-14 00:20:00+00:00,1886.57,1886.57,1885.99,1886.53,66.97199
2026-08-14 00:21:00+00:00,1886.53,1887.53,1886.53,1887.53,22595.76346
2026-08-14 00:22:00+00:00,1887.53,1887.53,1886.47,1886.5,2174.38011
2026-08-14 00:23:00+00:00,1886.5,1887.57,1886.47,1887.56,119.31341
2026-08-14 00:24:00+00:00,1887.56,1888.01,1887.56,1887.98,0.36108
2026-08-14 00:25:00+00:00,1887.98,1887.98,1887.01,1887.01,56.92822
2026-08-14 00:26:00+00:00,1887.01,1887.02,1886.23,1886.26,2032.28793
2026-08-14 00:27:00+00:00,1886.26,1886.28,1883.92,1884.02,2368.86934
2026-08-14 00:28:00+00:00,1884.02,1885.53,1884.02,1885.53,46692.40949
2026-08-14 00:29:00+00:00,1885.53,1885.53,1884.68,1885.3,0.5161
2026-08-14 00:30:00+00:00,1885.3,1885.3,1883.66,1884.33,72.84025
2026-08-14 00:31:00+00:00,1884.33,1884.33,1882.99,1882.99,95.01837
2026-08-14 00:32:00+00:00,1882.99,1883.99,1882.99,1883.98,196.62209
2026-08-14 00:33:00+00:00,1883.98,1884.01,1883.45,1883.45,189.07831
2026-08-14 00:34:00+00:00,1883.45,1884,1883.02,1883.98,238.30694
2026-08-14 00:35:00+00:00,1883.98,1885.72,1883.98,1885.72,143.39861
2026-08-14 00:36:00+00:00,1885.72,1885.85,1884.99,1885,19.0014
2026-08-14 00:37:00+00:00,1885,1885.85,1884.98,1885.84,49.94727
2026-08-14 00:38:00+00:00,1885.84,1885.84,1884.99,1885.45,327.66318
2026-08-14 00:39:00+00:00,1885.45,1885.59,1885.02,1885.58,147.18352
2026-08-14 00:40:00+00:00,1885.58,1885.85,1885.01,1885.85,357.93414
2026-08-14 00:41:00+00:00,1885.85,1886.53,1885.77,1886.53,2068.19302
2026-08-14 00:42:00+00:00,1886.53,1887.07,1886.53,1887.01,28.42677
2026-08-14 00:43:00+00:00,1887.01,1888.33,1886.99,1888,184.87046
2026-08-14 00:44:00+00:00,1888,1888.98,1887.99,1888.26,2072.71148
2026-08-14 00:45:00+00:00,1888.26,1888.26,1887.15,1887.52,2070.3425
2026-08-14 00:46:00+00:00,1887.52,1887.52,1886.64,1886.64,14.60981
2026-08-14 00:47:00+00:00,1886.64,1887.02,1885.96,1886.2,142.65076
2026-08-14 00:48:00+00:00,1886.2,1886.94,1885.65,1885.65,159.33423
2026-08-14 00:49:00+00:00,1885.65,1886.98,1885.65,1886.49,286.84533
2026-08-14 00:50:00+00:00,1886.49,1887.67,1886.01,1887.64,2375.49334
2026-08-14 00:51:00+00:00,1887.64,1887.65,1887.01,1887.01,0.36812
2026-08-14 00:52:00+00:00,1887.01,1887.85,1887.01,1887.84,67.0469
2026-08-14 00:53:00+00:00,1887.84,1888.02,1887.02,1888,82.68697
2026-08-14 00:54:00+00:00,1888,1888.01,1887.99,1888.01,0.58336
2026-08-14 00:55:00+00:00,1888.01,1888.01,1887.55,1887.96,174.46873
2026-08-14 00:56:00+00:00,1887.96,1887.99,1887.47,1887.47,78.61495
2026-08-14 00:57:00+00:00,1887.47,1887.47,1887.44,1887.44,0.07818
2026-08-14 00:58:00+00:00,1887.44,1888.37,1887.44,1888.33,2638.9795
2026-08-14 00:59:00+00:00,1888.33,1889.02,1888.02,1889.01,383.49426
2026-08-14 01:00:00+00:00,1889.01,1889.01,1887.47,1887.47,133.50105
2026-08-14 01:01:00+00:00,1887.47,1888.02,1887.18,1887.67,552.50742
2026-08-14 01:02:00+00:00,1887.67,1887.98,1886.69,1887.53,409.07303
2026-08-14 01:03:00+00:00,1887.53,1887.53,1885.98,1885.99,1693.20241
2026-08-14 01:04:00+00:00,1885.99,1888.19,1885.99,1887.99,2102.88247
2026-08-14 01:05:00+00:00,1887.99,1888.69,1887.57,1888.69,143.25243
2026-08-14 01:06:00+00:00,1888.69,1888.99,1887.57,1887.99,2096.56859
2026-08-14 01:07:00+00:00,1887.99,1888.01,1887.47,1887.54,247.85097
2026-08-14 01:08:00+00:00,1887.54,1887.98,1886.99,1886.99,133.35915
2026-08-14 01:09:00+00:00,1886.99,1886.99,1886.98,1886.99,0.36199
2026-08-14 01:10:00+00:00,1886.99,1886.99,1886.47,1886.49,113.81456
2026-08-14 01:11:00+00:00,1886.49,1886.49,1885.18,1885.34,4460.77946
2026-08-14 01:12:00+00:00,1885.34,1886.35,1885.3,1886.01,0.9407
2026-08-14 01:13:00+00:00,1886.01,1886.49,1886.01,1886.02,62.96297
2026-08-14 01:14:00+00:00,1886.02,1886.02,1884.99,1884.99,997.31727
2026-08-14 01:15:00+00:00,1884.99,1885.41,1884.47,1885.41,146.66199
2026-08-14 01:16:00+00:00,1885.41,1885.53,1884.98,1885.53,63.99766
2026-08-14 01:17:00+00:00,1885.53,1885.53,1884.93,1885.02,12.72239
2026-08-14 01:18:00+00:00,1885.02,1885.02,1884.99,1884.99,0.74412
2026-08-14 01:19:00+00:00,1884.99,1885.01,1884.54,1884.98,32.72894
2026-08-14 01:20:00+00:00,1884.98,1886,1883.96,1885.99,3111.9521
2026-08-14 01:21:00+00:00,1885.99,1886.53,1885.98,1886.53,2339.6698
2026-08-14 01:22:00+00:00,1886.53,1887.78,1886.01,1887.77,1066.66252
2026-08-14 01:23:00+00:00,1887.77,1888.39,1887.19,1887.98,557.27488
2026-08-14 01:24:00+00:00,1887.98,1887.98,1887.98,1887.98,0
2026-08-14 01:25:00+00:00,1887.98,1887.98,1887,1887.02,94.61986
2026-08-14 01:26:00+00:00,1887.02,1887.42,1886.56,1887.33,4196.96981
2026-08-14 01:27:00+00:00,1887.33,1887.42,1887,1887.01,94.53068
2026-08-14 01:28:00+00:00,1887.01,1887.01,1885.8,1885.8,148.7432
2026-08-14 01:29:00+00:00,1885.8,1886,1885.47,1885.47,19.53936
2026-08-14 01:30:00+00:00,1885.47,1885.63,1884.65,1885.33,366.1503
2026-08-14 01:31:00+00:00,1885.33,1885.49,1885.02,1885.49,153.94588
2026-08-14 01:32:00+00:00,1885.49,1885.82,1885.01,1885.58,382.96912
2026-08-14 01:33:00+00:00,1885.58,1885.58,1884.98,1885.53,20.29295
2026-08-14 01:34:00+00:00,1885.53,1886.2,1885.02,1886.2,97.93348
2026-08-14 01:35:00+00:00,1886.2,1886.53,1886.02,1886.53,35.266
2026-08-14 01:36:00+00:00,1886.53,1887.01,1885.65,1886.2,13.94924
2026-08-14 01:37:00+00:00,1886.2,1887.01,1886,1887,141.71273
2026-08-14 01:38:00+00:00,1887,1887,1885.99,1885.99,231.36953
2026-08-14 01:39:00+00:00,1885.99,1887.42,1885.99,1887.42,2063.04257
2026-08-14 01:40:00+00:00,1887.42,1888.39,1887.41,1888.17,19150.72658
2026-08-14 01:41:00+00:00,1888.17,1888.2,1887.98,1888,0.89952
2026-08-14 01:42:00+00:00,1888,1888.48,1887.99,1888.33,125.83725
2026-08-14 01:43:00+00:00,1888.33,1888.46,1888.02,1888.33,525.83939
2026-08-14 01:44:00+00:00,1888.33,1888.84,1888.02,1888.84,67.32712
2026-08-14 01:45:00+00:00,1888.84,1888.99,1887.47,1887.48,2129.56901
2026-08-14 01:46:00+00:00,1887.48,1887.98,1886.98,1887.33,3576.92607
2026-08-14 01:47:00+00:00,1887.33,1888.37,1887.01,1888.37,8345.63795
2026-08-14 01:48:00+00:00,1888.37,1888.85,1888.02,1888.85,27.40819
2026-08-14 01:49:00+00:00,1888.85,1889.11,1888.7,1889,7.09905
2026-08-14 01:50:00+00:00,1889,1889,1888.02,1888.48,161.65287
2026-08-14 01:51:00+00:00,1888.48,1888.51,1887.4,1887.99,1.40823
2026-08-14 01:52:00+00:00,1887.99,1888.02,1887.99,1887.99,0.70863
2026-08-14 01:53:00+00:00,1887.99,1888.18,1887.93,1887.93,0.65732
2026-08-14 01:54:00+00:00,1887.93,1888.01,1887.15,1887.15,212.71204
2026-08-14 01:55:00+00:00,1887.15,1887.64,1886.65,1887.44,199.65024
2026-08-14 01:56:00+00:00,1887.44,1887.45,1886.98,1887.33,267.87942
2026-08-14 01:57:00+00:00,1887.33,1888.02,1887.02,1887.46,125.955716661951010157
2026-08-14 01:58:00+00:00,1887.46,1888.53,1887.46,1888.53,1070.08646
2026-08-14 01:59:00+00:00,1888.53,1889.02,1888.5,1888.59,40.24745
2026-08-14 02:00:00+00:00,1888.59,1889.01,1888.19,1888.19,36.36543
2026-08-14 02:01:00+00:00,1888.19,1888.33,1888.01,1888.33,94.23168
2026-08-14 02:02:00+00:00,1888.33,1888.8,1888.02,1888.33,653.57155
2026-08-14 02:03:00+00:00,1888.33,1888.99,1888.02,1888.96,274.63966
2026-08-14 02:04:00+00:00,1888.96,1888.98,1887.98,1888.01,45.81523
2026-08-14 02:05:00+00:00,1888.01,1888.56,1888.01,1888.02,66.9994
2026-08-14 02:06:00+00:00,1888.02,1889.48,1888.02,1889.48,2158.74654
2026-08-14 02:07:00+00:00,1889.48,1889.85,1889.44,1889.85,3559.36063
2026-08-14 02:08:00+00:00,1889.85,1890.04,1889.85,1889.98,1.03279
2026-08-14 02:09:00+00:00,1889.98,1890.02,1889.98,1890.01,1.50242
2026-08-14 02:10:00+00:00,1890.01,1890.52,1889.8,1889.98,577.22789
2026-08-14 02:11:00+00:00,1889.98,1890.04,1889.27,1889.27,1980.4259
2026-08-14 02:12:00+00:00,1889.27,1889.35,1887.55,1887.76,7020.07962
2026-08-14 02:13:00+00:00,1887.76,1888.01,1887.28,1887.29,36.438687641240264456
2026-08-14 02:14:00+00:00,1887.29,1887.53,1886.96,1887.53,98.5963
2026-08-14 02:15:00+00:00,1887.53,1887.99,1887.53,1887.99,0.10646
2026-08-14 02:16:00+00:00,1887.99,1887.99,1887.99,1887.99,0
2026-08-14 02:17:00+00:00,1887.99,1887.99,1887.37,1887.38,225.79833
2026-08-14 02:18:00+00:00,1887.38,1887.98,1886.48,1886.48,200.06609
2026-08-14 02:19:00+00:00,1886.48,1886.98,1886.29,1886.39,513.510627641240264456
2026-08-14 02:20:00+00:00,1886.39,1886.85,1886,1886.85,107.07313
2026-08-14 02:21:00+00:00,1886.85,1887.07,1886.55,1887.02,28.02245
2026-08-14 02:22:00+00:00,1887.02,1887.02,1886.5,1886.96,94.50102
2026-08-14 02:23:00+00:00,1886.96,1886.99,1886.48,1886.67,76.91347
2026-08-14 02:24:00+00:00,1886.67,1886.98,1886.05,1886.06,1054.02812
2026-08-14 02:25:00+00:00,1886.06,1886.32,1885.02,1885.85,6179.053323251462484552
2026-08-14 02:26:00+00:00,1885.85,1886.34,1885.85,1885.98,0.320132773049012534
2026-08-14 02:27:00+00:00,1885.98,1885.98,1885.47,1885.47,170.5175
2026-08-14 02:28:00+00:00,1885.47,1885.59,1884.99,1885.51,291.54796
2026-08-14 02:29:00+00:00,1885.51,1885.52,1885,1885.33,63.02176
2026-08-14 02:30:00+00:00,1885.33,1885.49,1885.33,1885.49,0.31248
2026-08-14 02:31:00+00:00,1885.49,1887.35,1885.49,1887.02,1.35616
2026-08-14 02:32:00+00:00,1887.02,1887.96,1887.01,1887.95,2624.8326
2026-08-14 02:33:00+00:00,1887.95,1887.95,1886.98,1886.98,73.42056
2026-08-14 02:34:00+00:00,1886.98,1887.02,1886.96,1886.98,1.06834
2026-08-14 02:35:00+00:00,1886.98,1887.57,1886.98,1887.56,163.23037
2026-08-14 02:36:00+00:00,1887.56,1888.01,1887.56,1887.56,48.42474
2026-08-14 02:37:00+00:00,1887.56,1887.99,1886.99,1886.99,62.92765
2026-08-14 02:38:00+00:00,1886.99,1887.01,1886.98,1886.98,0.45844
2026-08-14 02:39:00+00:00,1886.98,1887.02,1886.98,1887.02,0.56478
2026-08-14 02:40:00+00:00,1887.02,1887.02,1886.15,1886.15,1078.55762
2026-08-14 02:41:00+00:00,1886.15,1887.37,1885.99,1887.01,2092.01978
2026-08-14 02:42:00+00:00,1887.01,1887.01,1886.98,1886.98,0.20142
2026-08-14 02:43:00+00:00,1886.98,1886.98,1886.98,1886.98,0
2026-08-14 02:44:00+00:00,1886.98,1887.56,1886.98,1887.55,250.92831
2026-08-14 02:45:00+00:00,1887.55,1888.34,1887.55,1888.34,0.52391
2026-08-14 02:46:00+00:00,1888.34,1888.34,1887.98,1887.98,1.19822
2026-08-14 02:47:00+00:00,1887.98,1888.02,1887.98,1887.99,0.6547
2026-08-14 02:48:00+00:00,1887.99,1888.02,1887.99,1888.02,0.9803
2026-08-14 02:49:00+00:00,1888.02,1888.02,1888.01,1888.01,0.22737
2026-08-14 02:50:00+00:00,1888.01,1888.05,1887.98,1888,1.71945
2026-08-14 02:51:00+00:00,1888,1888.01,1887.98,1887.98,0.93879
2026-08-14 02:52:00+00:00,1887.98,1888.02,1887.98,1888.01,1.81346
2026-08-14 02:53:00+00:00,1888.01,1888.46,1887.99,1888.24,63.8638
2026-08-14 02:54:00+00:00,1888.24,1888.25,1887.81,1887.81,0.45223
2026-08-14 02:55:00+00:00,1887.81,1887.99,1887,1887.02,31.8934
2026-08-14 02:56:00+00:00,1887.02,1887.02,1886.53,1886.53,2012.9192
2026-08-14 02:57:00+00:00,1886.53,1887.35,1886,1886.33,220.55535
2026-08-14 02:58:00+00:00,1886.33,1886.51,1886.02,1886.33,646.01842
2026-08-14 02:59:00+00:00,1886.33,1886.33,1886.02,1886.33,50.549
2026-08-14 03:00:00+00:00,1886.33,1886.33,1885.52,1885.67,2578.69114
2026-08-14 03:01:00+00:00,1885.67,1885.98,1885,1885,355.92422
2026-08-14 03:02:00+00:00,1885,1885,1884.26,1884.26,1074.70629
2026-08-14 03:03:00+00:00,1884.26,1884.42,1883.99,1883.99,37.93457
2026-08-14 03:04:00+00:00,1883.99,1884.02,1883.18,1883.47,2108.35185
2026-08-14 03:05:00+00:00,1883.47,1884.01,1883.02,1883.98,141.90261
2026-08-14 03:06:00+00:00,1883.98,1883.99,1883.48,1883.67,857.59882
2026-08-14 03:07:00+00:00,1883.67,1883.98,1882.98,1882.99,148.19413
2026-08-14 03:08:00+00:00,1882.99,1883.37,1881.99,1882.99,4091.537765589636936843
2026-08-14 03:09:00+00:00,1882.99,1883.53,1882.99,1883.43,1192.35152
2026-08-14 03:10:00+00:00,1883.43,1883.47,1882.99,1882.99,58.91348
2026-08-14 03:11:00+00:00,1882.99,1883.02,1882.51,1882.99,31.87351
2026-08-14 03:12:00+00:00,1882.99,1883.53,1882.99,1883.53,557.2268
2026-08-14 03:13:00+00:00,1883.53,1884.84,1883.53,1884.82,1179.00492
2026-08-14 03:14:00+00:00,1884.82,1885.02,1884.81,1885.01,0.68409
2026-08-14 03:15:00+00:00,1885.01,1885.07,1884.47,1884.56,318.268881826664916521
2026-08-14 03:16:00+00:00,1884.56,1886.53,1884.56,1886.31,27998.21701
2026-08-14 03:17:00+00:00,1886.31,1886.31,1885.98,1886,0.69009
2026-08-14 03:18:00+00:00,1886,1887,1886,1887,267.67568
2026-08-14 03:19:00+00:00,1887,1887.99,1886.99,1887.96,2094.06165
2026-08-14 03:20:00+00:00,1887.96,1888.01,1886.99,1887.6,184.71892
2026-08-14 03:21:00+00:00,1887.6,1887.98,1887.01,1887.53,99.02286
2026-08-14 03:22:00+00:00,1887.53,1888,1887.53,1887.99,0.39136
2026-08-14 03:23:00+00:00,1887.99,1888.02,1886.64,1887.67,283.250168486467562497
2026-08-14 03:24:00+00:00,1887.67,1887.98,1887.37,1887.44,160.41202
2026-08-14 03:25:00+00:00,1887.44,1887.98,1887.44,1887.44,246.10672
2026-08-14 03:26:00+00:00,1887.44,1887.44,1886.53,1886.59,2127.524329154772701959
2026-08-14 03:27:00+00:00,1886.59,1886.98,1886.01,1886.98,8115.51814
2026-08-14 03:28:00+00:00,1886.98,1887,1886.88,1886.98,0.9401
2026-08-14 03:29:00+00:00,1886.98,1887.36,1886.44,1887.36,35.707475074158519599
2026-08-14 03:30:00+00:00,1887.36,1887.36,1885.66,1885.76,0.17345
2026-08-14 03:31:00+00:00,1885.76,1885.76,1885.25,1885.25,3364.96351
2026-08-14 03:32:00+00:00,1885.25,1885.26,1884.65,1884.84,0.90401
2026-08-14 03:33:00+00:00,1884.84,1884.84,1884.84,1884.84,0
2026-08-14 03:34:00+00:00,1884.84,1884.84,1884.84,1884.84,0
2026-08-14 03:35:00+00:00,1884.84,1884.84,1883.98,1884.02,3629.54495
2026-08-14 03:36:00+00:00,1884.02,1884.02,1884.02,1884.02,0
2026-08-14 03:37:00+00:00,1884.02,1884.02,1883.99,1884.02,0.78847
2026-08-14 03:38:00+00:00,1884.02,1884.04,1883.01,1883.02,2197.21993
2026-08-14 03:39:00+00:00,1883.02,1883.02,1882.99,1882.99,0.33077
2026-08-14 03:40:00+00:00,1882.99,1884.02,1882.99,1884.02,32.53854
2026-08-14 03:41:00+00:00,1884.02,1884.02,1882.99,1883.02,52.852655783762668431
2026-08-14 03:42:00+00:00,1883.02,1884.02,1882.98,1884.02,771.575091979824172075
2026-08-14 03:43:00+00:00,1884.02,1884.02,1883.98,1884.02,1.81209
2026-08-14 03:44:00+00:00,1884.02,1884.02,1883.98,1884,0.64256
2026-08-14 03:45:00+00:00,1884,1884.01,1883.98,1884.01,0.48996
2026-08-14 03:46:00+00:00,1884.01,1884.01,1882.98,1883.02,22.042104330194588052
2026-08-14 03:47:00+00:00,1883.02,1883.46,1882.99,1883.02,32.72595
2026-08-14 03:48:00+00:00,1883.02,1883.02,1882.25,1882.25,2095.996620341072459206
2026-08-14 03:49:00+00:00,1882.25,1883.36,1882.02,1882.48,195.798483353094333203
2026-08-14 03:50:00+00:00,1882.48,1882.98,1881.98,1882.26,220.176528482472496241
2026-08-14 03:51:00+00:00,1882.26,1882.26,1881.99,1881.99,0.28523
2026-08-14 03:52:00+00:00,1881.99,1881.99,1881.99,1881.99,0
2026-08-14 03:53:00+00:00,1881.99,1882.01,1881.98,1881.98,0.51524
2026-08-14 03:54:00+00:00,1881.98,1882.01,1881.98,1882,1.16638
2026-08-14 03:55:00+00:00,1882,1882.61,1881.98,1881.98,154.54609
2026-08-14 03:56:00+00:00,1881.98,1882.46,1881.98,1882.33,1751.12459
2026-08-14 03:57:00+00:00,1882.33,1883.36,1882.02,1882.33,1214.275095099214529616
2026-08-14 03:58:00+00:00,1882.33,1882.33,1881.96,1881.96,32.45281
2026-08-14 03:59:00+00:00,1881.96,1882.02,1881.96,1882,0.77198
2026-08-14 04:00:00+00:00,1882,1882,1881.23,1881.23,250.250222990706191054
2026-08-14 04:01:00+00:00,1881.23,1881.85,1880.98,1881.85,188.644681702746131716
2026-08-14 04:02:00+00:00,1881.85,1882.61,1881.85,1882.47,1089.309374237699945538
2026-08-14 04:03:00+00:00,1882.47,1883.63,1882.47,1883.53,446.56056
2026-08-14 04:04:00+00:00,1883.53,1883.93,1883,1883.88,112.47614
2026-08-14 04:05:00+00:00,1883.88,1884.02,1883,1884.02,67.12253
2026-08-14 04:06:00+00:00,1884.02,1884.02,1883.55,1883.67,375.61945
2026-08-14 04:07:00+00:00,1883.67,1884.02,1883.43,1884.02,165.54028
2026-08-14 04:08:00+00:00,1884.02,1884.02,1884,1884.02,0.72357
2026-08-14 04:09:00+00:00,1884.02,1884.02,1883.67,1883.67,105.89556
2026-08-14 04:10:00+00:00,1883.67,1883.98,1883.5,1883.67,1028.51521
2026-08-14 04:11:00+00:00,1883.67,1884.01,1883.55,1883.98,455.80236
2026-08-14 04:12:00+00:00,1883.98,1884.02,1883.98,1883.99,0.39223
2026-08-14 04:13:00+00:00,1883.99,1884.02,1883.99,1884.02,0.9501
2026-08-14 04:14:00+00:00,1884.02,1884.02,1883.98,1883.99,1.29058
2026-08-14 04:15:00+00:00,1883.99,1884.43,1883.99,1884.42,45.130716135063875516
2026-08-14 04:16:00+00:00,1884.42,1886.96,1884.02,1886.83,15212.466498451497104487
2026-08-14 04:17:00+00:00,1886.83,1887,1885.64,1886.54,277.046386122103312553
2026-08-14 04:18:00+00:00,1886.54,1886.57,1885.99,1886,40.19901
2026-08-14 04:19:00+00:00,1886,1886,1885.54,1885.54,153.62849
2026-08-14 04:20:00+00:00,1885.54,1885.54,1885.51,1885.51,1.29179
2026-08-14 04:21:00+00:00,1885.51,1886.02,1885.51,1886.02,0.39912
2026-08-14 04:22:00+00:00,1886.02,1886.02,1886.02,1886.02,0
2026-08-14 04:23:00+00:00,1886.02,1886.02,1884.98,1884.99,160.91253
2026-08-14 04:24:00+00:00,1884.99,1884.99,1884.39,1884.47,2162.63481
2026-08-14 04:25:00+00:00,1884.47,1884.62,1884.02,1884.61,176.026101142758073941
2026-08-14 04:26:00+00:00,1884.61,1885.02,1884.02,1885.01,106.70862
2026-08-14 04:27:00+00:00,1885.01,1885.45,1884.99,1884.99,63.15618
2026-08-14 04:28:00+00:00,1884.99,1885.49,1884.67,1885.33,230.28127
2026-08-14 04:29:00+00:00,1885.33,1885.45,1885.33,1885.45,0.09881
2026-08-14 04:30:00+00:00,1885.45,1885.55,1885.45,1885.55,0.07148
2026-08-14 04:31:00+00:00,1885.55,1885.98,1885.54,1885.56,63.17225
2026-08-14 04:32:00+00:00,1885.56,1885.98,1884.93,1884.93,208.013766734239251502
2026-08-14 04:33:00+00:00,1884.93,1885.98,1884.93,1885.67,101.64749
2026-08-14 04:34:00+00:00,1885.67,1885.98,1885.47,1885.47,206.55982
2026-08-14 04:35:00+00:00,1885.47,1885.47,1885.47,1885.47,0
2026-08-14 04:36:00+00:00,1885.47,1885.47,1885.47,1885.47,0
2026-08-14 04:37:00+00:00,1885.47,1885.47,1885.47,1885.47,0
2026-08-14 04:38:00+00:00,1885.47,1885.47,1885.47,1885.47,0
2026-08-14 04:39:00+00:00,1885.47,1885.47,1885.47,1885.47,0
2026-08-14 04:40:00+00:00,1885.47,1885.47,1885.47,1885.47,0
2026-08-14 04:41:00+00:00,1885.47,1885.61,1885.47,1885.61,0.07479
2026-08-14 04:42:00+00:00,1885.61,1885.61,1885.61,1885.61,0
2026-08-14 04:43:00+00:00,1885.61,1885.61,1885.61,1885.61,0
2026-08-14 04:44:00+00:00,1885.61,1885.61,1884.98,1885,0.43465
2026-08-14 04:45:00+00:00,1885,1885.13,1884.59,1884.67,480.15783
2026-08-14 04:46:00+00:00,1884.67,1884.99,1884.5,1884.99,123.26027
2026-08-14 04:47:00+00:00,1884.99,1884.99,1884.99,1884.99,0
2026-08-14 04:48:00+00:00,1884.99,1884.99,1884.98,1884.98,0.19993
2026-08-14 04:49:00+00:00,1884.98,1884.99,1883.76,1883.76,129.764693211743536118
2026-08-14 04:50:00+00:00,1883.76,1885,1883.61,1883.96,42.853023082148411933
2026-08-14 04:51:00+00:00,1883.96,1883.96,1883.96,1883.96,0
2026-08-14 04:52:00+00:00,1883.96,1884,1883.96,1884,2.00082
2026-08-14 04:53:00+00:00,1884,1884.02,1883.99,1884.02,1.10156
2026-08-14 04:54:00+00:00,1884.02,1884.02,1884.01,1884.01,0.39568
2026-08-14 04:55:00+00:00,1884.01,1884.01,1884,1884,0.23333
2026-08-14 04:56:00+00:00,1884,1884,1883.47,1883.48,626.23106
2026-08-14 04:57:00+00:00,1883.48,1883.98,1883.47,1883.67,153.1626
2026-08-14 04:58:00+00:00,1883.67,1883.98,1883.48,1883.67,407.65561
2026-08-14 04:59:00+00:00,1883.67,1883.99,1883.48,1883.99,251.08692
2026-08-14 05:00:00+00:00,1883.99,1884.02,1883.98,1884.02,0.88459
2026-08-14 05:01:00+00:00,1884.02,1884.72,1884.02,1884.68,34.0898
2026-08-14 05:02:00+00:00,1884.68,1884.98,1884.36,1884.36,130.8498
2026-08-14 05:03:00+00:00,1884.36,1884.36,1883.98,1883.98,1.15568
2026-08-14 05:04:00+00:00,1883.98,1884.02,1883.98,1884.02,1.08718
2026-08-14 05:05:00+00:00,1884.02,1884.02,1883.98,1883.98,1.7074
2026-08-14 05:06:00+00:00,1883.98,1884.03,1883.5,1884,2062.77437
2026-08-14 05:07:00+00:00,1884,1884.01,1882.98,1883.67,317.818897730687350353
2026-08-14 05:08:00+00:00,1883.67,1883.98,1883,1883,135.27541
2026-08-14 05:09:00+00:00,1883,1883.02,1882.46,1882.46,1182.71943
2026-08-14 05:10:00+00:00,1882.46,1882.98,1881.93,1882.33,2393.93697
2026-08-14 05:11:00+00:00,1882.33,1883.02,1882.33,1882.52,107.52705
2026-08-14 05:12:00+00:00,1882.52,1883.36,1881.96,1882.33,185.076251927658171453
2026-08-14 05:13:00+00:00,1882.33,1882.33,1881.98,1881.98,1.43827
2026-08-14 05:14:00+00:00,1881.98,1881.99,1881.98,1881.99,0.08262
2026-08-14 05:15:00+00:00,1881.99,1882,1880.8,1880.8,2245.262652741035310825
2026-08-14 05:16:00+00:00,1880.8,1881.02,1880.7,1881.02,1.365692428771938036
2026-08-14 05:17:00+00:00,1881.02,1881.99,1881.02,1881.96,88.06312477030139806
2026-08-14 05:18:00+00:00,1881.96,1882,1881.96,1881.99,0.24522
2026-08-14 05:19:00+00:00,1881.99,1881.99,1880.96,1881.01,63.0206
2026-08-14 05:20:00+00:00,1881.01,1881.01,1880.88,1881.01,0.48264
2026-08-14 05:21:00+00:00,1881.01,1881.58,1880.98,1881.53,194.59107
2026-08-14 05:22:00+00:00,1881.53,1882.02,1881.34,1881.34,1129.11567
2026-08-14 05:23:00+00:00,1881.34,1881.44,1879.73,1880.01,7494.757349266724683275
2026-08-14 05:24:00+00:00,1880.01,1880.02,1879.64,1880.02,1.51432
2026-08-14 05:25:00+00:00,1880.02,1881.57,1880.02,1881.53,2487.09813
2026-08-14 05:26:00+00:00,1881.53,1881.53,1880.94,1881.02,0.92154
2026-08-14 05:27:00+00:00,1881.02,1881.54,1880.98,1881.53,138.62526
2026-08-14 05:28:00+00:00,1881.53,1881.83,1881.02,1881.81,72.27029
2026-08-14 05:29:00+00:00,1881.81,1882.02,1881.81,1882.02,0.59527
2026-08-14 05:30:00+00:00,1882.02,1882.35,1881.46,1882.35,0.99079
2026-08-14 05:31:00+00:00,1882.35,1882.35,1882.35,1882.35,0
2026-08-14 05:32:00+00:00,1882.35,1882.67,1882.29,1882.67,0.49911
2026-08-14 05:33:00+00:00,1882.67,1883.36,1881.46,1881.46,2321.289469542575800134
2026-08-14 05:34:00+00:00,1881.46,1881.46,1881.46,1881.46,0.10939
2026-08-14 05:35:00+00:00,1881.46,1881.99,1881.46,1881.46,294.02015
2026-08-14 05:36:00+00:00,1881.46,1881.46,1881.46,1881.46,0
2026-08-14 05:37:00+00:00,1881.46,1881.46,1881.46,1881.46,0
2026-08-14 05:38:00+00:00,1881.46,1881.46,1881.46,1881.46,0
2026-08-14 05:39:00+00:00,1881.46,1881.46,1881.46,1881.46,0
2026-08-14 05:40:00+00:00,1881.46,1882.98,1881.46,1882.68,54.96569
2026-08-14 05:41:00+00:00,1882.68,1882.68,1882.68,1882.68,0
2026-08-14 05:42:00+00:00,1882.68,1883.52,1882.68,1883.51,0.44724
2026-08-14 05:43:00+00:00,1883.51,1883.51,1883.01,1883.01,0.26246
2026-08-14 05:44:00+00:00,1883.01,1883.02,1882.99,1883,0.67695
2026-08-14 05:45:00+00:00,1883,1883.02,1882.98,1882.98,0.82913540823047016
2026-08-14 05:46:00+00:00,1882.98,1883.02,1882.98,1883.01,0.66251
2026-08-14 05:47:00+00:00,1883.01,1883.33,1883,1883,32.12778
2026-08-14 05:48:00+00:00,1883,1883.33,1882.98,1883.33,31.50727
2026-08-14 05:49:00+00:00,1883.33,1883.43,1882.8,1883,2.887272866935142105
2026-08-14 05:50:00+00:00,1883,1883.02,1882.98,1883.02,0.28068
2026-08-14 05:51:00+00:00,1883.02,1883.02,1882.98,1882.98,0.32141
2026-08-14 05:52:00+00:00,1882.98,1883.43,1882.98,1883,13.230872106969710032
2026-08-14 05:53:00+00:00,1883,1883.01,1882.98,1882.98,0.39957
2026-08-14 05:54:00+00:00,1882.98,1883.53,1882.98,1883.53,78.8828
2026-08-14 05:55:00+00:00,1883.53,1883.67,1882.98,1883.67,54.43549
2026-08-14 05:56:00+00:00,1883.67,1884.02,1883.18,1883.18,50.82374
2026-08-14 05:57:00+00:00,1883.18,1883.18,1882.98,1882.98,0.32688
2026-08-14 05:58:00+00:00,1882.98,1883.01,1882.98,1883.01,0.615834430967968335
2026-08-14 05:59:00+00:00,1883.01,1883.01,1882.98,1882.98,0.42616
2026-08-14 06:00:00+00:00,1882.98,1882.99,1882.55,1882.55,3057.871279467304234294
2026-08-14 06:01:00+00:00,1882.55,1882.55,1881.54,1882.02,1093.36991
2026-08-14 06:02:00+00:00,1882.02,1882.02,1881.48,1881.48,263.51681
2026-08-14 06:03:00+00:00,1881.48,1881.49,1880.76,1881.01,3031.82487
2026-08-14 06:04:00+00:00,1881.01,1881.01,1880.97,1880.98,0.6866
2026-08-14 06:05:00+00:00,1880.98,1881.02,1880.98,1880.98,0.51269
2026-08-14 06:06:00+00:00,1880.98,1881.03,1880.98,1881.02,0.34966
2026-08-14 06:07:00+00:00,1881.02,1881.02,1880.99,1881.01,0.7866
2026-08-14 06:08:00+00:00,1881.01,1881.01,1881.01,1881.01,0
2026-08-14 06:09:00+00:00,1881.01,1881.01,1880.98,1880.98,0.07109
2026-08-14 06:10:00+00:00,1880.98,1881.01,1879.38,1879.48,1192.399534301673109141
2026-08-14 06:11:00+00:00,1879.48,1880.36,1879.48,1880.02,0.29275
2026-08-14 06:12:00+00:00,1880.02,1880.46,1879.98,1880.02,4110.971972687186470974
2026-08-14 06:13:00+00:00,1880.02,1880.02,1879.42,1879.47,102.50776
2026-08-14 06:14:00+00:00,1879.47,1880.01,1879.35,1879.35,67.234
2026-08-14 06:15:00+00:00,1879.35,1879.98,1879.14,1879.14,340.295299306888553127
2026-08-14 06:16:00+00:00,1879.14,1879.14,1878.47,1878.99,1078.087272494168288961
2026-08-14 06:17:00+00:00,1878.99,1879.98,1878.29,1878.29,15378.31831
2026-08-14 06:18:00+00:00,1878.29,1878.49,1877.42,1878.49,2024.59820540823047016
2026-08-14 06:19:00+00:00,1878.49,1878.84,1878.02,1878.84,166.77818
2026-08-14 06:20:00+00:00,1878.84,1878.98,1877.98,1877.98,29.496213595067894351
2026-08-14 06:21:00+00:00,1877.98,1878.02,1877.72,1877.98,0.8618
2026-08-14 06:22:00+00:00,1877.98,1878.53,1877.94,1877.98,67.7706
2026-08-14 06:23:00+00:00,1877.98,1878.33,1877.98,1878.02,63.27956
2026-08-14 06:24:00+00:00,1878.02,1879.02,1878.02,1878.02,145.25811
2026-08-14 06:25:00+00:00,1878.02,1878.04,1877.98,1878,1.45263
2026-08-14 06:26:00+00:00,1878,1878.01,1877.39,1877.47,2103.121718990572141935
2026-08-14 06:27:00+00:00,1877.47,1877.98,1876.93,1876.98,58.658509195886823784
2026-08-14 06:28:00+00:00,1876.98,1877,1876.96,1876.98,0.48053
2026-08-14 06:29:00+00:00,1876.98,1877,1876.22,1876.22,2013.085551508244682426
2026-08-14 06:30:00+00:00,1876.22,1878.31,1876.22,1878.31,0.181718990572141935
2026-08-14 06:31:00+00:00,1878.31,1878.31,1878.31,1878.31,0
2026-08-14 06:32:00+00:00,1878.31,1878.31,1878.31,1878.31,0
2026-08-14 06:33:00+00:00,1878.31,1878.31,1878.31,1878.31,0
2026-08-14 06:34:00+00:00,1878.31,1878.31,1878.31,1878.31,0
2026-08-14 06:35:00+00:00,1878.31,1878.31,1877.5,1877.67,189.36323
2026-08-14 06:36:00+00:00,1877.67,1877.99,1876.82,1876.82,426.54827
2026-08-14 06:37:00+00:00,1876.82,1876.98,1875.13,1875.13,1015.010290505012455408
2026-08-14 06:38:00+00:00,1875.13,1876.03,1875.12,1875.98,1.650483623135879587
2026-08-14 06:39:00+00:00,1875.98,1876.45,1875.98,1876.33,2076.08363
2026-08-14 06:40:00+00:00,1876.33,1877.02,1876.02,1876.99,72.29016
2026-08-14 06:41:00+00:00,1876.99,1877.01,1876.35,1876.47,1848.2586
2026-08-14 06:42:00+00:00,1876.47,1876.47,1874.64,1875.98,159.131117573184699776
2026-08-14 06:43:00+00:00,1875.98,1876.02,1875.98,1876.02,0.36757
2026-08-14 06:44:00+00:00,1876.02,1876.56,1876,1876.53,117.71921
2026-08-14 06:45:00+00:00,1876.53,1876.53,1875.99,1876.53,101.50092
2026-08-14 06:46:00+00:00,1876.53,1877.38,1876.53,1876.98,86.02079
2026-08-14 06:47:00+00:00,1876.98,1877.02,1876.01,1876.02,8305.298356493231041853
2026-08-14 06:48:00+00:00,1876.02,1876.02,1874.54,1875.25,44248.19602
2026-08-14 06:49:00+00:00,1875.25,1875.47,1873.64,1874.81,1280.558786729554730511
2026-08-14 06:50:00+00:00,1874.81,1876.22,1874.81,1876.22,71.79166
2026-08-14 06:51:00+00:00,1876.22,1876.35,1874.63,1874.63,2094.56472
2026-08-14 06:52:00+00:00,1874.63,1874.99,1871.64,1872.84,2664.820752429427877939
2026-08-14 06:53:00+00:00,1872.84,1873.44,1872.59,1873.44,1324.88318
2026-08-14 06:54:00+00:00,1873.44,1873.45,1872.98,1872.98,1091.774663396491116539
2026-08-14 06:55:00+00:00,1872.98,1873.53,1872.51,1873.53,4230.749926603508883461
2026-08-14 06:56:00+00:00,1873.53,1873.53,1872.98,1872.98,62.1301
2026-08-14 06:57:00+00:00,1872.98,1873,1872.47,1872.67,2449.15335
2026-08-14 06:58:00+00:00,1872.67,1872.98,1871.93,1872.02,160.25408
2026-08-14 06:59:00+00:00,1872.02,1872.51,1871.98,1871.99,22.04414
2026-08-14 07:00:00+00:00,1871.99,1872.02,1871.47,1871.98,2171.041418290598290598
2026-08-14 07:01:00+00:00,1871.98,1871.98,1871.02,1871.5,385.30886
2026-08-14 07:02:00+00:00,1871.5,1873.52,1871.02,1873.52,4745.37698
2026-08-14 07:03:00+00:00,1873.52,1874.39,1873.02,1874.39,2141.627178917172244534
2026-08-14 07:04:00+00:00,1874.39,1875.36,1874.02,1874.6,2164.123398199407066027
2026-08-14 07:05:00+00:00,1874.6,1875.02,1874.6,1874.98,54.68897
2026-08-14 07:06:00+00:00,1874.98,1875.69,1874.98,1875.69,2189.557206376864120413
2026-08-14 07:07:00+00:00,1875.69,1875.77,1874.99,1874.99,10.10756
2026-08-14 07:08:00+00:00,1874.99,1874.99,1873.99,1874.59,4141.89164
2026-08-14 07:09:00+00:00,1874.59,1874.84,1874.01,1874.53,317.32131
2026-08-14 07:10:00+00:00,1874.53,1874.99,1874.15,1874.37,67.0090549400700329
2026-08-14 07:11:00+00:00,1874.37,1874.98,1874.3,1874.67,36.30462
2026-08-14 07:12:00+00:00,1874.67,1874.98,1874.59,1874.96,369.30875
2026-08-14 07:13:00+00:00,1874.96,1874.98,1873.99,1874.33,197.64782
2026-08-14 07:14:00+00:00,1874.33,1874.45,1874,1874.33,447.25573
2026-08-14 07:15:00+00:00,1874.33,1874.49,1874.01,1874.43,403.59108
2026-08-14 07:16:00+00:00,1874.43,1875.85,1874.43,1875.84,141.244892082789135591
2026-08-14 07:17:00+00:00,1875.84,1875.99,1875.01,1875.53,224.81978
2026-08-14 07:18:00+00:00,1875.53,1875.99,1875.02,1875.99,31.84338
2026-08-14 07:19:00+00:00,1875.99,1876.02,1875.99,1876.02,0.44183
2026-08-14 07:20:00+00:00,1876.02,1876.02,1875.98,1876.01,1.4814
2026-08-14 07:21:00+00:00,1876.01,1876.33,1875.99,1876.2,80.43383
2026-08-14 07:22:00+00:00,1876.2,1877.02,1876.02,1876.51,212.667618036333847417
2026-08-14 07:23:00+00:00,1876.51,1876.7,1876.5,1876.7,0.17962
2026-08-14 07:24:00+00:00,1876.7,1877.02,1876.7,1876.97,0.20679
2026-08-14 07:25:00+00:00,1876.97,1877.02,1876.97,1877,0.5062
2026-08-14 07:26:00+00:00,1877,1877.01,1876.89,1877,1.17646
2026-08-14 07:27:00+00:00,1877,1877.02,1876.98,1877.02,1.635375179702064746
2026-08-14 07:28:00+00:00,1877.02,1877.02,1876.92,1876.92,1.441005489341702214
2026-08-14 07:29:00+00:00,1876.92,1877.02,1876.92,1877.01,0.40032
2026-08-14 07:30:00+00:00,1877.01,1877.36,1875.64,1875.64,0.32875799902859419
2026-08-14 07:31:00+00:00,1875.64,1877.02,1875.64,1875.64,0.555709696981752023
2026-08-14 07:32:00+00:00,1875.64,1876.38,1874.96,1874.96,56.643556342897541411
2026-08-14 07:33:00+00:00,1874.96,1875,1874.96,1875,0.10874
2026-08-14 07:34:00+00:00,1875,1875,1873.66,1874.48,176.72183
2026-08-14 07:35:00+00:00,1874.48,1874.85,1873.97,1874.33,213.485550496132301947
2026-08-14 07:36:00+00:00,1874.33,1874.99,1874.2,1874.98,14.593332504496086112
2026-08-14 07:37:00+00:00,1874.98,1875.02,1874.96,1874.98,7.938144138976186812
2026-08-14 07:38:00+00:00,1874.98,1875,1873.88,1873.99,81.593898507764443481
2026-08-14 07:39:00+00:00,1873.99,1874.01,1873.15,1873.4,2037.497814847995633775
2026-08-14 07:40:00+00:00,1873.4,1874.58,1873.35,1874.53,169.62051313993309938
2026-08-14 07:41:00+00:00,1874.53,1874.64,1873.98,1873.98,274.877461126524279405
2026-08-14 07:42:00+00:00,1873.98,1874.64,1873.98,1874.61,29.897998776690902297
2026-08-14 07:43:00+00:00,1874.61,1874.61,1873.98,1874.53,237.239859055308260697
2026-08-14 07:44:00+00:00,1874.53,1874.62,1873.99,1873.99,0.369649797036203549
2026-08-14 07:45:00+00:00,1873.99,1874.62,1873.99,1874.61,36.230728376454636126
2026-08-14 07:46:00+00:00,1874.61,1874.62,1873.98,1874.33,157.783957541493193711
2026-08-14 07:47:00+00:00,1874.33,1874.33,1873.15,1873.15,167.015222084195885528
2026-08-14 07:48:00+00:00,1873.15,1874.04,1873.02,1874.04,91.334165682053508572
2026-08-14 07:49:00+00:00,1874.04,1874.99,1873.98,1874.94,2095.632117979492085011
2026-08-14 07:50:00+00:00,1874.94,1875,1874.94,1874.99,1.138811716184961475
2026-08-14 07:51:00+00:00,1874.99,1874.99,1873.98,1874,280.335569330455522888
2026-08-14 07:52:00+00:00,1874,1874.02,1873.94,1873.98,1.127087002999028784
2026-08-14 07:53:00+00:00,1873.98,1874.01,1873.96,1874,1.410260948201958134
2026-08-14 07:54:00+00:00,1874,1874.02,1873.99,1874.02,0.77972
2026-08-14 07:55:00+00:00,1874.02,1874.02,1873.64,1873.98,0.338341103890853072
2026-08-14 07:56:00+00:00,1873.98,1875,1873.96,1874,78.120807329993116423
2026-08-14 07:57:00+00:00,1874,1874.02,1873.98,1873.98,0.37904
2026-08-14 07:58:00+00:00,1873.98,1874.02,1873.02,1873.02,148.8867
2026-08-14 07:59:00+00:00,1873.02,1873.02,1871.64,1872.33,2061.919701892763801544
2026-08-14 08:00:00+00:00,1872.33,1873.58,1872.02,1873.52,2151.50384
2026-08-14 08:01:00+00:00,1873.52,1874.02,1872.98,1873.85,263.416506387235564476
2026-08-14 08:02:00+00:00,1873.85,1873.93,1872.96,1873.01,57.65757998023137261
2026-08-14 08:03:00+00:00,1873.01,1873.85,1872.99,1873.8,129.766747881078299911
2026-08-14 08:04:00+00:00,1873.8,1874,1872.66,1872.73,181.80215
2026-08-14 08:05:00+00:00,1872.73,1874.02,1872.65,1873,143.025256476915345237
2026-08-14 08:06:00+00:00,1873,1874.01,1873,1873.58,627.89471
2026-08-14 08:07:00+00:00,1873.58,1873.99,1873.01,1873.4,286.897157438377960692
2026-08-14 08:08:00+00:00,1873.4,1874,1873.4,1873.98,241.312812942667471573
2026-08-14 08:09:00+00:00,1873.98,1874.02,1873.98,1874.01,6.925830989797171397
2026-08-14 08:10:00+00:00,1874.01,1874.49,1874,1874.02,2942.922939010202828603
2026-08-14 08:11:00+00:00,1874.02,1874.51,1873.47,1873.47,120.660943660327420974
2026-08-14 08:12:00+00:00,1873.47,1873.47,1873.01,1873.01,5.38255
2026-08-14 08:13:00+00:00,1873.01,1874.02,1872.99,1873.27,254.554962842482758629
2026-08-14 08:14:00+00:00,1873.27,1873.27,1872.96,1872.98,1.142300786015412103
2026-08-14 08:15:00+00:00,1872.98,1874.02,1872.98,1874.02,1118.075895394787109117
2026-08-14 08:16:00+00:00,1874.02,1874.76,1874,1874.27,2040.894021328786025181
2026-08-14 08:17:00+00:00,1874.27,1874.27,1872.6,1872.8,14061.652782990706191054
2026-08-14 08:18:00+00:00,1872.8,1873,1872.18,1872.18,78.859887792710633789
2026-08-14 08:19:00+00:00,1872.18,1872.19,1870.66,1870.66,2884.125872066805095323
2026-08-14 08:20:00+00:00,1870.66,1871.99,1870.64,1871.2,131.240002062200211938
2026-08-14 08:21:00+00:00,1871.2,1873.5,1870.98,1873.49,2463.192272244992322429
2026-08-14 08:22:00+00:00,1873.49,1873.49,1870.98,1870.98,4147.059757771245323356
2026-08-14 08:23:00+00:00,1870.98,1871.58,1870.15,1870.98,4168.515402082789135591
2026-08-14 08:24:00+00:00,1870.98,1871.02,1867.64,1867.64,2392.763720433840863786
2026-08-14 08:25:00+00:00,1867.64,1870.01,1867.64,1869.01,43.303023972217198683
2026-08-14 08:26:00+00:00,1869.01,1869.83,1868.51,1868.98,129.84681
2026-08-14 08:27:00+00:00,1868.98,1869.55,1868.97,1869.53,659.43397
2026-08-14 08:28:00+00:00,1869.53,1869.85,1869.02,1869.85,568.34805
2026-08-14 08:29:00+00:00,1869.85,1870.75,1869.85,1870.74,2000.15588
2026-08-14 08:30:00+00:00,1870.74,1871.02,1870.74,1871.02,0.38791
2026-08-14 08:31:00+00:00,1871.02,1871.02,1869.74,1869.75,99.05
2026-08-14 08:32:00+00:00,1869.75,1870.01,1869.4,1869.98,1248.90098268238162975
2026-08-14 08:33:00+00:00,1869.98,1869.98,1869.41,1869.5,49.11849
2026-08-14 08:34:00+00:00,1869.5,1871.79,1869.5,1871.79,4780.99939
2026-08-14 08:35:00+00:00,1871.79,1873.85,1871.79,1873.83,167.005933753978460685
2026-08-14 08:36:00+00:00,1873.83,1874.02,1873.47,1874.02,95.955008385493300171
2026-08-14 08:37:00+00:00,1874.02,1874.81,1873.5,1874.81,5166.162333792214550602
2026-08-14 08:38:00+00:00,1874.81,1875.33,1874.47,1874.52,140.0328366701263026
2026-08-14 08:39:00+00:00,1874.52,1875.02,1873.98,1874.02,92.431942885825689185
2026-08-14 08:40:00+00:00,1874.02,1874.02,1873.88,1874.01,2.540282385840987742
2026-08-14 08:41:00+00:00,1874.01,1874.02,1872.52,1873,2050.231293373683695463
2026-08-14 08:42:00+00:00,1873,1873,1871.99,1872.46,270.56501
2026-08-14 08:43:00+00:00,1872.46,1872.98,1872,1872.33,422.2269
2026-08-14 08:44:00+00:00,1872.33,1873.01,1872.01,1873.01,35.97743
2026-08-14 08:45:00+00:00,1873.01,1873.37,1872.35,1873.37,2275.858718256203576822
2026-08-14 08:46:00+00:00,1873.37,1874.53,1873.02,1874.53,2059.02719
2026-08-14 08:47:00+00:00,1874.53,1874.71,1873.99,1874.02,26.97449
2026-08-14 08:48:00+00:00,1874.02,1874.85,1874.02,1874.47,121.344145040136544256
2026-08-14 08:49:00+00:00,1874.47,1874.51,1873.98,1874.5,493.093185040136544256
2026-08-14 08:50:00+00:00,1874.5,1874.69,1874,1874.53,14219.75854
2026-08-14 08:51:00+00:00,1874.53,1875.2,1874.53,1875.19,1.045878068501558514
2026-08-14 08:52:00+00:00,1875.19,1875.2,1874.53,1874.98,96.432855364853150401
2026-08-14 08:53:00+00:00,1874.98,1875.02,1874.56,1874.99,68.564293307618238726
2026-08-14 08:54:00+00:00,1874.99,1875.02,1874.88,1874.88,1.827865489405624711
2026-08-14 08:55:00+00:00,1874.88,1875.02,1874.88,1875,0.636465924462942834
2026-08-14 08:56:00+00:00,1875,1875.01,1874.98,1874.99,0.38625
2026-08-14 08:57:00+00:00,1874.99,1875.37,1874.99,1875.37,2032.09152
2026-08-14 08:58:00+00:00,1875.37,1876.36,1875.37,1876.02,463.456461442203130125
2026-08-14 08:59:00+00:00,1876.02,1877.36,1876.02,1877.36,5153.660855227557902247
2026-08-14 09:00:00+00:00,1877.36,1878.36,1876.93,1877.01,66.484286502052010833
2026-08-14 09:01:00+00:00,1877.01,1877.01,1876.31,1876.33,1133.80901710923509849
2026-08-14 09:02:00+00:00,1876.33,1876.33,1875.67,1875.67,32.500103019894844836
2026-08-14 09:03:00+00:00,1875.67,1876.02,1875.32,1876.01,97.34215103323056317
2026-08-14 09:04:00+00:00,1876.01,1876.19,1875.99,1876.19,0.95564
2026-08-14 09:05:00+00:00,1876.19,1876.19,1875.55,1875.67,169.2924
2026-08-14 09:06:00+00:00,1875.67,1876.01,1874.88,1874.88,44.945508270987903254
2026-08-14 09:07:00+00:00,1874.88,1875.11,1874.88,1874.98,0.821932687436012685
2026-08-14 09:08:00+00:00,1874.98,1875.01,1874.98,1875.01,0.55102
2026-08-14 09:09:00+00:00,1875.01,1875.01,1874.96,1874.96,1.75549
2026-08-14 09:10:00+00:00,1874.96,1875,1874.37,1874.38,2095.22681
2026-08-14 09:11:00+00:00,1874.38,1875.04,1874.38,1874.98,1.09522
2026-08-14 09:12:00+00:00,1874.98,1875.02,1874.58,1874.61,308.78805
2026-08-14 09:13:00+00:00,1874.61,1875.03,1874.61,1875.03,63.72793
2026-08-14 09:14:00+00:00,1875.03,1875.53,1874.98,1875.53,102.84875
2026-08-14 09:15:00+00:00,1875.53,1875.53,1874.99,1874.99,63.27938
2026-08-14 09:16:00+00:00,1874.99,1875.02,1874.99,1874.99,0.59078
2026-08-14 09:17:00+00:00,1874.99,1875.37,1874.97,1875.37,90.5669
2026-08-14 09:18:00+00:00,1875.37,1875.37,1875,1875.33,31.70077
2026-08-14 09:19:00+00:00,1875.33,1875.33,1874.96,1874.99,1.09336
2026-08-14 09:20:00+00:00,1874.99,1875.01,1874.22,1875.01,104.08178
2026-08-14 09:21:00+00:00,1875.01,1876.03,1874.98,1875.6,37.720480566373969831
2026-08-14 09:22:00+00:00,1875.6,1876.02,1875.6,1876.01,0.3699
2026-08-14 09:23:00+00:00,1876.01,1876.02,1875.98,1875.98,0.80037
2026-08-14 09:24:00+00:00,1875.98,1876.14,1875.98,1876.14,1.936696270069602829
2026-08-14 09:25:00+00:00,1876.14,1876.14,1875.52,1875.52,80.3184
2026-08-14 09:26:00+00:00,1875.52,1876.67,1875.48,1876.65,2247.95151
2026-08-14 09:27:00+00:00,1876.65,1876.66,1875.98,1876.01,162.774902311843632874
2026-08-14 09:28:00+00:00,1876.01,1876.01,1874.18,1874.19,2101.90472
2026-08-14 09:29:00+00:00,1874.19,1874.19,1874.18,1874.18,0.09058
2026-08-14 09:30:00+00:00,1874.18,1874.18,1873.02,1873.33,83.10479
2026-08-14 09:31:00+00:00,1873.33,1873.6,1872.65,1873.02,265.69916
2026-08-14 09:32:00+00:00,1873.02,1873.02,1872.02,1873,89.98371
2026-08-14 09:33:00+00:00,1873,1873.01,1872.96,1873,0.916391049178960181
2026-08-14 09:34:00+00:00,1873,1873.61,1872.99,1873.61,2118.94829
2026-08-14 09:35:00+00:00,1873.61,1873.61,1873,1873.01,312.39574
2026-08-14 09:36:00+00:00,1873.01,1873.02,1872.99,1873.01,0.54153
2026-08-14 09:37:00+00:00,1873.01,1873.01,1872.02,1872.88,3616.58737
2026-08-14 09:38:00+00:00,1872.88,1873.01,1872.3,1872.33,41.49026
2026-08-14 09:39:00+00:00,1872.33,1872.33,1871.26,1871.39,108.26784
2026-08-14 09:40:00+00:00,1871.39,1871.53,1870.91,1871.53,2668.30255
2026-08-14 09:41:00+00:00,1871.53,1871.98,1870.41,1870.41,2192.54002
2026-08-14 09:42:00+00:00,1870.41,1871.07,1870.41,1870.99,18.32093
2026-08-14 09:43:00+00:00,1870.99,1871.4,1870.99,1871.39,31.72792
2026-08-14 09:44:00+00:00,1871.39,1871.99,1870.64,1871.99,3089.869960096740563382
2026-08-14 09:45:00+00:00,1871.99,1872.74,1871.98,1872.7,2137.781427398436498782
2026-08-14 09:46:00+00:00,1872.7,1873.36,1872.47,1872.52,31.857034406635566243
2026-08-14 09:47:00+00:00,1872.52,1873.02,1872.02,1873.02,72.040370853079050496
2026-08-14 09:48:00+00:00,1873.02,1873.02,1872.98,1872.99,0.76019
2026-08-14 09:49:00+00:00,1872.99,1873.74,1872.99,1873.72,113.98074
2026-08-14 09:50:00+00:00,1873.72,1874.54,1873.72,1873.99,2037.82076
2026-08-14 09:51:00+00:00,1873.99,1873.99,1872.8,1873.01,2603.38232
2026-08-14 09:52:00+00:00,1873.01,1874.02,1873.01,1873.93,134.443657398436498782
2026-08-14 09:53:00+00:00,1873.93,1873.99,1873.4,1873.41,271.77103
2026-08-14 09:54:00+00:00,1873.41,1874,1872.99,1873.98,99.91739
2026-08-14 09:55:00+00:00,1873.98,1873.98,1872.81,1872.98,27.7488941440409869
2026-08-14 09:56:00+00:00,1872.98,1873.02,1872.98,1873.02,0.94571
2026-08-14 09:57:00+00:00,1873.02,1873.02,1872.98,1873.02,1.16693
2026-08-14 09:58:00+00:00,1873.02,1873.02,1872.53,1872.98,3690.19484
2026-08-14 09:59:00+00:00,1872.98,1873.02,1871.98,1872.02,103.084331411046656112
2026-08-14 10:00:00+00:00,1872.02,1872.02,1871.56,1871.57,2064.18392
2026-08-14 10:01:00+00:00,1871.57,1873.01,1871.57,1872.99,60.59506
2026-08-14 10:02:00+00:00,1872.99,1873.37,1872.99,1873.33,2051.366021769605136444
2026-08-14 10:03:00+00:00,1873.33,1874.56,1873.02,1874.51,3137.279965500674564031
2026-08-14 10:04:00+00:00,1874.51,1874.85,1874.51,1874.84,1.16796
2026-08-14 10:05:00+00:00,1874.84,1875.2,1874.36,1874.47,96.911635426539525248
2026-08-14 10:06:00+00:00,1874.47,1874.98,1873.94,1874,117.28043
2026-08-14 10:07:00+00:00,1874,1874.02,1873.98,1873.98,0.56102
2026-08-14 10:08:00+00:00,1873.98,1874.52,1873.98,1874.02,52.55442
2026-08-14 10:09:00+00:00,1874.02,1874.02,1873.27,1873.98,4039.59364
2026-08-14 10:10:00+00:00,1873.98,1874.39,1873.98,1874.38,32.35202
2026-08-14 10:11:00+00:00,1874.38,1874.38,1873.99,1873.99,0.75631
2026-08-14 10:12:00+00:00,1873.99,1874.53,1873.99,1874.45,78.49318
2026-08-14 10:13:00+00:00,1874.45,1874.45,1873.98,1874.01,0.78253
2026-08-14 10:14:00+00:00,1874.01,1874.01,1873.99,1873.99,0.28078
2026-08-14 10:15:00+00:00,1873.99,1874.65,1873.99,1874.62,0.36764
2026-08-14 10:16:00+00:00,1874.62,1876.63,1874.62,1876.62,8882.80266
2026-08-14 10:17:00+00:00,1876.62,1877.03,1876.36,1876.96,36.73818
2026-08-14 10:18:00+00:00,1876.96,1877.01,1876.51,1876.51,271.63299
2026-08-14 10:19:00+00:00,1876.51,1876.98,1875.96,1875.96,73.09312
2026-08-14 10:20:00+00:00,1875.96,1876.02,1875.96,1876.02,0.35137
2026-08-14 10:21:00+00:00,1876.02,1876.02,1875.98,1876.02,0.57559
2026-08-14 10:22:00+00:00,1876.02,1876.02,1875.88,1875.98,0.16592
2026-08-14 10:23:00+00:00,1875.98,1876.03,1875.63,1875.63,2012.14977
2026-08-14 10:24:00+00:00,1875.63,1875.99,1875.48,1875.67,369.26
2026-08-14 10:25:00+00:00,1875.67,1875.67,1875.02,1875.02,0.17421
2026-08-14 10:26:00+00:00,1875.02,1875.43,1874.99,1875.33,221.5361
2026-08-14 10:27:00+00:00,1875.33,1875.84,1874.99,1875.01,241.49515
2026-08-14 10:28:00+00:00,1875.01,1875.33,1874.98,1875.02,189.92563
2026-08-14 10:29:00+00:00,1875.02,1876.36,1874.64,1876.36,131.337316590177374022
2026-08-14 10:30:00+00:00,1876.36,1877.36,1876.27,1877.31,11.40986699039591451
2026-08-14 10:31:00+00:00,1877.31,1877.31,1876.98,1877.02,0.289281571792008797
2026-08-14 10:32:00+00:00,1877.02,1877.02,1877,1877,0.54398
2026-08-14 10:33:00+00:00,1877,1877,1876.99,1876.99,0.42523
2026-08-14 10:34:00+00:00,1876.99,1876.99,1875.64,1875.64,0.077276398276680205
2026-08-14 10:35:00+00:00,1875.64,1875.64,1875.64,1875.64,0
2026-08-14 10:36:00+00:00,1875.64,1875.64,1875.64,1875.64,0
2026-08-14 10:37:00+00:00,1875.64,1875.99,1875.64,1875.99,0.124646571812969152
2026-08-14 10:38:00+00:00,1875.99,1876.33,1875.71,1876.33,63.23931
2026-08-14 10:39:00+00:00,1876.33,1876.47,1875.64,1876.45,239.90637
2026-08-14 10:40:00+00:00,1876.45,1876.47,1875.85,1875.85,32.00582
2026-08-14 10:41:00+00:00,1875.85,1876,1875.46,1875.46,40.717789582247302549
2026-08-14 10:42:00+00:00,1875.46,1875.46,1874.96,1874.98,1.911633648089958437
2026-08-14 10:43:00+00:00,1874.98,1875.49,1874.98,1875.44,442.48051
2026-08-14 10:44:00+00:00,1875.44,1875.45,1875.02,1875.41,515.58292
2026-08-14 10:45:00+00:00,1875.41,1875.98,1874.72,1875.96,321.437624995308368165
2026-08-14 10:46:00+00:00,1875.96,1875.99,1875,1875.02,23.489725984621956428
2026-08-14 10:47:00+00:00,1875.02,1875.02,1874.16,1874.16,1593.635181284540135115
2026-08-14 10:48:00+00:00,1874.16,1875.01,1874.01,1874.47,122.73778
2026-08-14 10:49:00+00:00,1874.47,1875.02,1874.38,1875,226.16897
2026-08-14 10:50:00+00:00,1875,1875.45,1874.98,1875.45,2032.397518146356083103
2026-08-14 10:51:00+00:00,1875.45,1875.65,1874.98,1875.64,134.422236597444256596
2026-08-14 10:52:00+00:00,1875.64,1876.56,1875.64,1876.02,13.864794026576320762
2026-08-14 10:53:00+00:00,1876.02,1876.02,1874.64,1875.49,158.854983116844065908
2026-08-14 10:54:00+00:00,1875.49,1876.01,1875.3,1876.01,181.87556
2026-08-14 10:55:00+00:00,1876.01,1876.01,1875.24,1875.24,55.35614
2026-08-14 10:56:00+00:00,1875.24,1875.24,1874.67,1875,35.967570190268457504
2026-08-14 10:57:00+00:00,1875,1875.53,1875,1875.52,186.044629434140481807
2026-08-14 10:58:00+00:00,1875.52,1876.01,1874.99,1875.01,53.45725
2026-08-14 10:59:00+00:00,1875.01,1875.02,1874.96,1875.02,0.963027073424391596
2026-08-14 11:00:00+00:00,1875.02,1875.02,1874.98,1874.99,0.807648546608665243
2026-08-14 11:01:00+00:00,1874.99,1875.81,1874.99,1875.81,61.42817
2026-08-14 11:02:00+00:00,1875.81,1876.53,1875.54,1876,2141.5721153396840437
2026-08-14 11:03:00+00:00,1876,1876.82,1875.98,1876.82,68.60024
2026-08-14 11:04:00+00:00,1876.82,1877.51,1876.8,1877.01,2674.79641
2026-08-14 11:05:00+00:00,1877.01,1877.01,1875.88,1875.98,56.569935303873336806
2026-08-14 11:06:00+00:00,1875.98,1876,1875.46,1875.47,482.31716
2026-08-14 11:07:00+00:00,1875.47,1875.47,1875.29,1875.31,270.55614
2026-08-14 11:08:00+00:00,1875.31,1876.01,1875.31,1876.01,2856.46327
2026-08-14 11:09:00+00:00,1876.01,1876.02,1875.99,1875.99,0.43777
2026-08-14 11:10:00+00:00,1875.99,1876.35,1875.49,1875.61,72.998399568092565363
2026-08-14 11:11:00+00:00,1875.61,1875.61,1874.37,1874.37,150.463241174819706484
2026-08-14 11:12:00+00:00,1874.37,1875.49,1873.95,1875.49,2027.47606
2026-08-14 11:13:00+00:00,1875.49,1876.02,1875.02,1876.02,1026.774489421107059497
2026-08-14 11:14:00+00:00,1876.02,1876.02,1874.64,1874.68,68.761132080191468982
2026-08-14 11:15:00+00:00,1874.68,1875.47,1874.68,1875.41,259.44806
2026-08-14 11:16:00+00:00,1875.41,1877.33,1875.02,1877.33,2130.925065603455170759
2026-08-14 11:17:00+00:00,1877.33,1877.33,1876.36,1876.48,3042.987806307460659594
2026-08-14 11:18:00+00:00,1876.48,1877.37,1876.47,1877.37,2167.27914
2026-08-14 11:19:00+00:00,1877.37,1877.71,1876.98,1877.71,484.348877328885961748
2026-08-14 11:20:00+00:00,1877.71,1877.85,1877.02,1877.48,71.51991
2026-08-14 11:21:00+00:00,1877.48,1877.85,1877,1877.85,44.991549449834043052
2026-08-14 11:22:00+00:00,1877.85,1877.85,1876.49,1876.67,254.947631789660244203
2026-08-14 11:23:00+00:00,1876.67,1876.99,1876.38,1876.52,467.578768685929357759
2026-08-14 11:24:00+00:00,1876.52,1876.98,1876.18,1876.19,36.43286
2026-08-14 11:25:00+00:00,1876.19,1876.53,1875.98,1876.53,152.06976
2026-08-14 11:26:00+00:00,1876.53,1877.52,1876.53,1877.5,26989.716216138803272193
2026-08-14 11:27:00+00:00,1877.5,1877.5,1876.59,1876.59,75.374708342222457184
2026-08-14 11:28:00+00:00,1876.59,1877.01,1876.47,1876.67,499.952789718714500598
2026-08-14 11:29:00+00:00,1876.67,1876.98,1876.4,1876.41,228.070210281285499402
2026-08-14 11:30:00+00:00,1876.41,1876.41,1876.41,1876.41,0
2026-08-14 11:31:00+00:00,1876.41,1876.42,1875.74,1875.74,0.108500548130917995
2026-08-14 11:32:00+00:00,1875.74,1877.36,1875.74,1877.36,0.175560548130917995
2026-08-14 11:33:00+00:00,1877.36,1877.36,1875.67,1875.67,1.79481390090556132
2026-08-14 11:34:00+00:00,1875.67,1875.67,1875.67,1875.67,0
2026-08-14 11:35:00+00:00,1875.67,1875.67,1875.67,1875.67,0
2026-08-14 11:36:00+00:00,1875.67,1877.3,1875.67,1875.74,0.19322
2026-08-14 11:37:00+00:00,1875.74,1878.35,1875.74,1878.35,0.925090548130917995
2026-08-14 11:38:00+00:00,1878.35,1880.36,1878.02,1880.02,2091.899550837293643166
2026-08-14 11:39:00+00:00,1880.02,1880.02,1877.67,1877.67,39.38988
2026-08-14 11:40:00+00:00,1877.67,1878,1877.02,1877.02,2005.826678739024902015
2026-08-14 11:41:00+00:00,1877.02,1877.53,1877.02,1877.04,161.92454426291114948
2026-08-14 11:42:00+00:00,1877.04,1877.85,1876.96,1877.85,314.876665479928408795
2026-08-14 11:43:00+00:00,1877.85,1878,1877.85,1877.99,0.20832
2026-08-14 11:44:00+00:00,1877.99,1878.53,1877.93,1878.53,7661.19282
2026-08-14 11:45:00+00:00,1878.53,1878.88,1878.02,1878.88,37.08475
2026-08-14 11:46:00+00:00,1878.88,1878.99,1877.88,1877.88,103.11249120593989239
2026-08-14 11:47:00+00:00,1877.88,1878.01,1877.88,1877.99,1.21081
2026-08-14 11:48:00+00:00,1877.99,1877.99,1877.62,1877.96,0.515125509282435266
2026-08-14 11:49:00+00:00,1877.96,1878.55,1877.96,1878.53,396.89828
2026-08-14 11:50:00+00:00,1878.53,1879.5,1878.02,1879.49,2666.208369247279773438
2026-08-14 11:51:00+00:00,1879.49,1879.5,1879.02,1879.5,347.02359
2026-08-14 11:52:00+00:00,1879.5,1879.75,1879.02,1879.75,100.013442614998442389
2026-08-14 11:53:00+00:00,1879.75,1879.75,1879.01,1879.02,5.146029449834043052
2026-08-14 11:54:00+00:00,1879.02,1879.56,1878.99,1879.33,179.7133
2026-08-14 11:55:00+00:00,1879.33,1879.99,1879.02,1879.58,250.60449
2026-08-14 11:56:00+00:00,1879.58,1880.01,1879.12,1879.12,79.198120779987207691
2026-08-14 11:57:00+00:00,1879.12,1879.12,1877.65,1878.01,2145.953831264570870608
2026-08-14 11:58:00+00:00,1878.01,1878.02,1877.37,1877.39,2114.48687
2026-08-14 11:59:00+00:00,1877.39,1877.48,1876.98,1876.99,2223.68947
2026-08-14 12:00:00+00:00,1876.99,1878.02,1876.99,1877.53,209.09395
2026-08-14 12:01:00+00:00,1877.53,1877.56,1875.76,1875.76,2130.66358
2026-08-14 12:02:00+00:00,1875.76,1876.02,1875.76,1875.93,0.62250665507407665
2026-08-14 12:03:00+00:00,1875.93,1876.52,1875.74,1876.33,149.85129535038635758
2026-08-14 12:04:00+00:00,1876.33,1876.33,1875.75,1875.98,8.979287578335304285
2026-08-14 12:05:00+00:00,1875.98,1876.99,1875.69,1876.51,9823.744592393354490961
2026-08-14 12:06:00+00:00,1876.51,1876.98,1875.98,1876.02,4669.546322976813418413
2026-08-14 12:07:00+00:00,1876.02,1877.54,1876.02,1877.36,1176.935071247611087747
2026-08-14 12:08:00+00:00,1877.36,1877.36,1875.67,1876.93,1.12058
2026-08-14 12:09:00+00:00,1876.93,1877.02,1875.44,1875.53,224.3412
2026-08-14 12:10:00+00:00,1875.53,1875.98,1874.7,1875.08,324.46180964621069526
2026-08-14 12:11:00+00:00,1875.08,1875.08,1874.58,1874.99,2015.937518354099600232
2026-08-14 12:12:00+00:00,1874.99,1875,1873.35,1873.35,2343.227266119174118841
2026-08-14 12:13:00+00:00,1873.35,1874.36,1872.55,1873.71,955.906704839778403431
2026-08-14 12:14:00+00:00,1873.71,1874.56,1873.71,1874.56,145.562240123606220394
2026-08-14 12:15:00+00:00,1874.56,1876.47,1874.56,1876.47,3180.29946977569402292
2026-08-14 12:16:00+00:00,1876.47,1876.74,1875.56,1876.02,479.323939905266604526
2026-08-14 12:17:00+00:00,1876.02,1876.02,1875.56,1875.67,64.510585952464991968
2026-08-14 12:18:00+00:00,1875.67,1875.99,1874.64,1874.93,109.831486543874478903
2026-08-14 12:19:00+00:00,1874.93,1874.99,1874.15,1874.23,1391.004524518077561341
2026-08-14 12:20:00+00:00,1874.23,1875.35,1873.64,1875.33,189.752868701854838979
2026-08-14 12:21:00+00:00,1875.33,1875.54,1874.17,1874.29,119.707879741592146448
2026-08-14 12:22:00+00:00,1874.29,1875.02,1874.02,1874.98,158.386590120838995541
2026-08-14 12:23:00+00:00,1874.98,1875.82,1874.67,1875.8,2111.026730824758395536
2026-08-14 12:24:00+00:00,1875.8,1876.98,1875.8,1876.98,7343.755216745317869999
2026-08-14 12:25:00+00:00,1876.98,1877.36,1876.32,1876.98,41.102278801257300726
2026-08-14 12:26:00+00:00,1876.98,1877,1875.65,1876.99,184.132395899675378358
2026-08-14 12:27:00+00:00,1876.99,1876.99,1875.93,1876,98.934419226159591754
2026-08-14 12:28:00+00:00,1876,1876.59,1876,1876.58,108.37062
2026-08-14 12:29:00+00:00,1876.58,1878,1875.64,1878,1.0580377194451637
2026-08-14 12:30:00+00:00,1878,1878.36,1876.61,1878.36,1094.321245319412252586
2026-08-14 12:31:00+00:00,1878.36,1878.53,1876.98,1878.52,81.12637741950201723
2026-08-14 12:32:00+00:00,1878.52,1878.75,1877.15,1877.99,4134.877049818077768844
2026-08-14 12:33:00+00:00,1877.99,1877.99,1876.67,1876.99,77.683343235778580376
2026-08-14 12:34:00+00:00,1876.99,1877.02,1876.97,1876.98,4.135467943650919991
2026-08-14 12:35:00+00:00,1876.98,1876.98,1876.38,1876.39,138.386597567286366902
2026-08-14 12:36:00+00:00,1876.39,1876.84,1875.98,1876.33,39.264438597691015089
2026-08-14 12:37:00+00:00,1876.33,1876.45,1875.8,1875.96,39.282585596414992399
2026-08-14 12:38:00+00:00,1875.96,1876.02,1874.64,1874.68,2085.824427457828077203
2026-08-14 12:39:00+00:00,1874.68,1876,1874.67,1876,107.982835676046659532
2026-08-14 12:40:00+00:00,1876,1876,1874.8,1874.99,17.103836452881356132
2026-08-14 12:41:00+00:00,1874.99,1875.02,1874.25,1875.01,2132.055181925617931772
2026-08-14 12:42:00+00:00,1875.01,1875.02,1874.25,1874.67,132.3278043221972792
2026-08-14 12:43:00+00:00,1874.67,1875.02,1874.47,1874.88,267.966922995942708412
2026-08-14 12:44:00+00:00,1874.88,1874.98,1874.15,1874.15,1981.125464715506142359
2026-08-14 12:45:00+00:00,1874.15,1874.98,1873.81,1874.34,169.60396
2026-08-14 12:46:00+00:00,1874.34,1874.34,1873.59,1873.59,2034.85047668107884985
2026-08-14 12:47:00+00:00,1873.59,1874.02,1873.07,1873.67,3034.520368295018050148
2026-08-14 12:48:00+00:00,1873.67,1874.75,1873.67,1874.72,4169.167318688144535934
2026-08-14 12:49:00+00:00,1874.72,1875.37,1874.72,1875.37,2170.384305472339790402
2026-08-14 12:50:00+00:00,1875.37,1876,1875.02,1876,190.889822943723379058
2026-08-14 12:51:00+00:00,1876,1876,1874.63,1874.63,2152.69058
2026-08-14 12:52:00+00:00,1874.63,1874.63,1873.48,1873.53,2182.88330568150070297
2026-08-14 12:53:00+00:00,1873.53,1874.02,1872.81,1873.96,131.866234471507464984
2026-08-14 12:54:00+00:00,1873.96,1875.01,1873.96,1875,68.291749211295477837
2026-08-14 12:55:00+00:00,1875,1875,1874.67,1874.99,54.40103
2026-08-14 12:56:00+00:00,1874.99,1875.01,1874.15,1874.15,40.36529
2026-08-14 12:57:00+00:00,1874.15,1874.15,1873.19,1873.2,2064.2869
2026-08-14 12:58:00+00:00,1873.2,1873.2,1872.06,1872.38,618.303626166358448569
2026-08-14 12:59:00+00:00,1872.38,1873,1872.33,1872.8,20.82126
2026-08-14 13:00:00+00:00,1872.8,1873.01,1872.24,1872.24,71.995975650555904414
2026-08-14 13:01:00+00:00,1872.24,1873.02,1871.63,1872.98,2111.309905101445750306
2026-08-14 13:02:00+00:00,1872.98,1872.98,1871.58,1871.58,2097.527516666666666666
2026-08-14 13:03:00+00:00,1871.58,1872.42,1871.58,1871.98,96.19354981692966573
2026-08-14 13:04:00+00:00,1871.98,1872.82,1871.19,1871.99,1097.458268500306347439
2026-08-14 13:05:00+00:00,1871.99,1873,1871.99,1872.47,1937.362578476782547202
2026-08-14 13:06:00+00:00,1872.47,1872.47,1870.98,1870.98,70.515706628276933991
2026-08-14 13:07:00+00:00,1870.98,1871.02,1870.16,1870.98,2204.83795382297556772
2026-08-14 13:08:00+00:00,1870.98,1871.02,1869.81,1870.67,132.860903137919608843
2026-08-14 13:09:00+00:00,1870.67,1870.98,1869.58,1870.33,10492.165225341271373486
2026-08-14 13:10:00+00:00,1870.33,1870.49,1869,1869.01,44.242522842946331287
2026-08-14 13:11:00+00:00,1869.01,1869.01,1866.64,1868.53,5132.391759019785359957
2026-08-14 13:12:00+00:00,1868.53,1870.36,1868.51,1869.45,827.910769569443315152
2026-08-14 13:13:00+00:00,1869.45,1870.37,1869.43,1870.37,2102.104177055697702743
2026-08-14 13:14:00+00:00,1870.37,1871.36,1869.48,1869.48,474.616036741160662114
2026-08-14 13:15:00+00:00,1869.48,1870.02,1869.01,1869.02,251.914171690097970238
2026-08-14 13:16:00+00:00,1869.02,1869.43,1867.04,1867.04,6293.750131823604862865
2026-08-14 13:17:00+00:00,1867.04,1868.02,1865.64,1868,5967.473158320554437714
2026-08-14 13:18:00+00:00,1868,1868.45,1867.53,1868.29,2219.29570148091603109
2026-08-14 13:19:00+00:00,1868.29,1868.33,1866.66,1866.66,92.219445162464536159
2026-08-14 13:20:00+00:00,1866.66,1867.98,1866.64,1867.19,274.605527729425107891
2026-08-14 13:21:00+00:00,1867.19,1867.63,1866.64,1866.64,247.8220976728407953
2026-08-14 13:22:00+00:00,1866.64,1868.02,1866.64,1867.88,66.284169037408509066
2026-08-14 13:23:00+00:00,1867.88,1868.53,1867.6,1868.53,7891.231858455839926254
2026-08-14 13:24:00+00:00,1868.53,1869.33,1868.53,1869.03,10.020215035495899691
2026-08-14 13:25:00+00:00,1869.03,1869.03,1867.48,1868.85,196.740322937877295885
2026-08-14 13:26:00+00:00,1868.85,1870.85,1868.85,1870.85,6449.704696741096019736
2026-08-14 13:27:00+00:00,1870.85,1871.58,1870.85,1871.02,2.026693785138346383
2026-08-14 13:28:00+00:00,1871.02,1871.81,1871,1871.73,74.5547
2026-08-14 13:29:00+00:00,1871.73,1871.73,1870.63,1870.63,2005.5207
2026-08-14 13:30:00+00:00,1870.63,1872.31,1869.63,1869.72,4025.687338999144568006
2026-08-14 13:31:00+00:00,1869.72,1869.72,1867.57,1867.57,4205.366
2026-08-14 13:32:00+00:00,1867.57,1869.36,1867.38,1868.38,10155.866613232804070417
2026-08-14 13:33:00+00:00,1868.38,1869.54,1867.63,1867.96,10825.17238661844061432
2026-08-14 13:34:00+00:00,1867.96,1868.8,1867.96,1868.53,104.73243
2026-08-14 13:35:00+00:00,1868.53,1869.97,1867.16,1867.27,12326.951593431779426214
2026-08-14 13:36:00+00:00,1867.27,1868.92,1867.15,1867.15,5322.265930167840551476
2026-08-14 13:37:00+00:00,1867.15,1868.45,1866.81,1868.01,21934.288411246884826546
2026-08-14 13:38:00+00:00,1868.01,1870.36,1868.01,1869.32,4601.007154298798061909
2026-08-14 13:39:00+00:00,1869.32,1869.36,1864.64,1867.36,12954.209188564541404525
2026-08-14 13:40:00+00:00,1867.36,1868.55,1866.98,1868.07,2155.106880839436679779
2026-08-14 13:41:00+00:00,1868.07,1869.53,1868.02,1868.47,2198.722373788978795535
2026-08-14 13:42:00+00:00,1868.47,1869.59,1868.01,1868.86,249.876692273782424382
2026-08-14 13:43:00+00:00,1868.86,1869.31,1868.3,1868.32,178.80289
2026-08-14 13:44:00+00:00,1868.32,1869.98,1868.32,1868.98,152.78122
2026-08-14 13:45:00+00:00,1868.98,1870.02,1868.98,1869.02,240.788917969886299973
2026-08-14 13:46:00+00:00,1869.02,1869.44,1868.02,1868.02,2102.293087616403246475
2026-08-14 13:47:00+00:00,1868.02,1868.43,1867.07,1867.8,108.089853110398788499
2026-08-14 13:48:00+00:00,1867.8,1869.85,1867.8,1869.02,26229.979983807489400407
2026-08-14 13:49:00+00:00,1869.02,1869.02,1867.5,1867.59,6324.267398864778746412
2026-08-14 13:50:00+00:00,1867.59,1867.59,1866.47,1866.47,158.722058401750545264
2026-08-14 13:51:00+00:00,1866.47,1867.53,1865.64,1866.64,177.888107521529833415
2026-08-14 13:52:00+00:00,1866.64,1867.37,1865.88,1867.02,1157.405169432700026759
2026-08-14 13:53:00+00:00,1867.02,1867.98,1866.72,1866.99,58281.750810567299973241
2026-08-14 13:54:00+00:00,1866.99,1867.06,1866.01,1867.06,316.76723
2026-08-14 13:55:00+00:00,1867.06,1867.53,1866.15,1867.53,2113.072370493010351083
2026-08-14 13:56:00+00:00,1867.53,1868.04,1866.98,1867.02,76.826797523427041499
2026-08-14 13:57:00+00:00,1867.02,1867.42,1866.99,1867.02,58.435520493010351083
2026-08-14 13:58:00+00:00,1867.02,1867.02,1866.63,1867.02,4145.47445
2026-08-14 13:59:00+00:00,1867.02,1868.6,1867.02,1868.6,2418.907770737607197038
2026-08-14 14:00:00+00:00,1868.6,1871.02,1867.64,1869.33,7358.045096306273116046
2026-08-14 14:01:00+00:00,1869.33,1869.99,1867.64,1867.98,104.546356888328169749
2026-08-14 14:02:00+00:00,1867.98,1867.98,1867.06,1867.33,2055.58627
2026-08-14 14:03:00+00:00,1867.33,1868.5,1866.64,1868.5,2064.966659929318404523
2026-08-14 14:04:00+00:00,1868.5,1870.36,1868.45,1868.97,1460.650250632002898432
2026-08-14 14:05:00+00:00,1868.97,1868.99,1867.88,1867.88,13.037965992584176061
2026-08-14 14:06:00+00:00,1867.88,1870,1867.88,1868.98,70876.838250742500361138
2026-08-14 14:07:00+00:00,1868.98,1868.98,1867.63,1867.63,51167.84299
2026-08-14 14:08:00+00:00,1867.63,1867.63,1866.16,1866.16,2246.9902
2026-08-14 14:09:00+00:00,1866.16,1867.72,1865.8,1866.17,4194.78294
2026-08-14 14:10:00+00:00,1866.17,1867.52,1865.66,1867.31,2573.484828865400053518
2026-08-14 14:11:00+00:00,1867.31,1869.81,1866.98,1868.88,694.839863100468705367
2026-08-14 14:12:00+00:00,1868.88,1869.81,1867.51,1867.51,6071.60901107904427507
2026-08-14 14:13:00+00:00,1867.51,1867.51,1866.8,1867,5.49905
2026-08-14 14:14:00+00:00,1867,1867.02,1865.67,1866.22,27.973170742500361138
2026-08-14 14:15:00+00:00,1866.22,1867.37,1866.02,1867.37,2136.183707331190134208
2026-08-14 14:16:00+00:00,1867.37,1867.51,1865.98,1866.01,2032.98423
2026-08-14 14:17:00+00:00,1866.01,1867.84,1865.99,1866.98,2113.17492
2026-08-14 14:18:00+00:00,1866.98,1867.12,1865.42,1865.42,2148.47633
2026-08-14 14:19:00+00:00,1865.42,1865.42,1863.66,1863.98,139.515016607096006378
2026-08-14 14:20:00+00:00,1863.98,1865.43,1863.36,1863.98,6276.655162744034586498
2026-08-14 14:21:00+00:00,1863.98,1865.2,1862.98,1865.2,5364.009221577492431464
2026-08-14 14:22:00+00:00,1865.2,1866.22,1865,1865.99,72.12942
2026-08-14 14:23:00+00:00,1865.99,1866.53,1865.55,1865.55,2094.460125752842121487
2026-08-14 14:24:00+00:00,1865.55,1865.96,1863.88,1864.51,2109.96525
2026-08-14 14:25:00+00:00,1864.51,1865.84,1864.51,1865.84,2058.61613
2026-08-14 14:26:00+00:00,1865.84,1866.99,1865.84,1866.67,2315.34738
2026-08-14 14:27:00+00:00,1866.67,1868.6,1866.67,1868.6,3857.041851205379307522
2026-08-14 14:28:00+00:00,1868.6,1868.75,1867.16,1867.56,5574.955082617423796319
2026-08-14 14:29:00+00:00,1867.56,1868.36,1867.16,1868.36,53.906026844919786096
2026-08-14 14:30:00+00:00,1868.36,1868.36,1866.64,1867.43,195.650353168629245528
2026-08-14 14:31:00+00:00,1867.43,1868.53,1866.64,1868.53,282.485183850336931912
2026-08-14 14:32:00+00:00,1868.53,1869.36,1867.65,1869.36,64.07707195262079294
2026-08-14 14:33:00+00:00,1869.36,1869.62,1867.53,1868.81,161.705531834816721702
2026-08-14 14:34:00+00:00,1868.81,1870.36,1868,1869.53,2168.224953752387887429
2026-08-14 14:35:00+00:00,1869.53,1870.02,1869.49,1870,1.16915548866733649
2026-08-14 14:36:00+00:00,1870,1870.85,1869.99,1870.85,2232.149889090264710453
2026-08-14 14:37:00+00:00,1870.85,1871.64,1870.74,1871.46,6128.71164
2026-08-14 14:38:00+00:00,1871.46,1871.47,1871.02,1871.47,128.03391
2026-08-14 14:39:00+00:00,1871.47,1872.77,1871.47,1872.43,4175.322298461628989893
2026-08-14 14:40:00+00:00,1872.43,1872.5,1871.48,1871.53,2234.275677497917228838
2026-08-14 14:41:00+00:00,1871.53,1872.04,1870.64,1871.67,286.254279328560563085
2026-08-14 14:42:00+00:00,1871.67,1871.93,1870.5,1870.8,2141.265418114765011942
2026-08-14 14:43:00+00:00,1870.8,1871.02,1869.99,1870.02,2047.353354325602859509
2026-08-14 14:44:00+00:00,1870.02,1870.02,1869.98,1869.98,1.208465874798823581
2026-08-14 14:45:00+00:00,1869.98,1871.02,1869.98,1871.02,73.996002661757744074
2026-08-14 14:46:00+00:00,1871.02,1871.02,1870.16,1870.37,249.58031
2026-08-14 14:47:00+00:00,1870.37,1870.37,1869.98,1869.99,0.675071713308491782
2026-08-14 14:48:00+00:00,1869.99,1871.33,1869.97,1870.02,302.219774319294940417
2026-08-14 14:49:00+00:00,1870.02,1870.02,1869.47,1869.6,2104.69091
2026-08-14 14:50:00+00:00,1869.6,1869.61,1869.01,1869.2,27.79129
2026-08-14 14:51:00+00:00,1869.2,1869.2,1866.91,1867.12,7113.44301831652157202
2026-08-14 14:52:00+00:00,1867.12,1867.98,1866.98,1867.34,2630.574316585618094581
2026-08-14 14:53:00+00:00,1867.34,1868.36,1866.47,1866.48,1022.515385597989185976
2026-08-14 14:54:00+00:00,1866.48,1867.02,1866.2,1866.53,266.446416962144269547
2026-08-14 14:55:00+00:00,1866.53,1867.02,1866.15,1866.52,290.982057722804220405
2026-08-14 14:56:00+00:00,1866.52,1866.52,1863.64,1864.96,138.155704380225971974
2026-08-14 14:57:00+00:00,1864.96,1865.33,1862.98,1865.33,143.789169509876372238
2026-08-14 14:58:00+00:00,1865.33,1865.67,1865,1865.54,312.626623135808672218
2026-08-14 14:59:00+00:00,1865.54,1866.66,1865.02,1865.98,2857.5738
2026-08-14 15:00:00+00:00,1865.98,1866.53,1865.96,1866.53,62.28586
2026-08-14 15:01:00+00:00,1866.53,1867.85,1865.83,1865.83,3642.57593
2026-08-14 15:02:00+00:00,1865.83,1866.85,1865.36,1866,98.89061800810586194
2026-08-14 15:03:00+00:00,1866,1866.02,1865.98,1866.02,1.09946
2026-08-14 15:04:00+00:00,1866.02,1866.02,1865.15,1866.02,138.058605210853435761
2026-08-14 15:05:00+00:00,1866.02,1866.56,1866,1866.33,7226.75525
2026-08-14 15:06:00+00:00,1866.33,1867.03,1866.02,1866.53,202.45195
2026-08-14 15:07:00+00:00,1866.53,1867.63,1865.65,1867.53,919.89551
2026-08-14 15:08:00+00:00,1867.53,1867.75,1865.64,1866.54,4064.361630567773569786
2026-08-14 15:09:00+00:00,1866.54,1867.02,1866.01,1866.93,26.854680602870722998
2026-08-14 15:10:00+00:00,1866.93,1868,1866.93,1867.99,68.67943
2026-08-14 15:11:00+00:00,1867.99,1868.41,1867.98,1867.98,2033.295122835165954556
2026-08-14 15:12:00+00:00,1867.98,1868.02,1867.96,1867.99,1.33069
2026-08-14 15:13:00+00:00,1867.99,1868.04,1867.02,1867.67,273.86041
2026-08-14 15:14:00+00:00,1867.67,1867.98,1867.16,1867.98,251.52001
2026-08-14 15:15:00+00:00,1867.98,1868.02,1867.98,1867.98,0.71283
2026-08-14 15:16:00+00:00,1867.98,1868.02,1867.37,1867.98,136.46195
2026-08-14 15:17:00+00:00,1867.98,1868.56,1867.98,1868.33,131.335343716024058314
2026-08-14 15:18:00+00:00,1868.33,1868.71,1867.99,1868.57,175.573513803593314315
2026-08-14 15:19:00+00:00,1868.57,1868.85,1868.02,1868.63,181.287983716024058314
2026-08-14 15:20:00+00:00,1868.63,1870.38,1868.63,1870.01,4109.855268110898988764
2026-08-14 15:21:00+00:00,1870.01,1872.36,1869.99,1871.52,2213.387226897102161187
2026-08-14 15:22:00+00:00,1871.52,1872.01,1871.01,1871.02,347.170832300293881912
2026-08-14 15:23:00+00:00,1871.02,1874.36,1871.02,1872.9,4023.579941040208572963
2026-08-14 15:24:00+00:00,1872.9,1874.26,1872.5,1874.01,7094.487852166330329488
2026-08-14 15:25:00+00:00,1874.01,1874.03,1872.98,1873.02,4654.772122351215818581
2026-08-14 15:26:00+00:00,1873.02,1873.59,1872.01,1872.7,2125.402894233048566231
2026-08-14 15:27:00+00:00,1872.7,1873.52,1872.47,1873.2,179.66868853079050497
2026-08-14 15:28:00+00:00,1873.2,1874.05,1873.03,1873.67,183.2662
2026-08-14 15:29:00+00:00,1873.67,1878.36,1873.58,1878.36,16515.564994053713119685
2026-08-14 15:30:00+00:00,1878.36,1879.36,1876.57,1876.98,43.32636995893984627
2026-08-14 15:31:00+00:00,1876.98,1876.98,1875.55,1875.6,2052.11043262229417846
2026-08-14 15:32:00+00:00,1875.6,1876.32,1875.48,1875.99,19.03652
2026-08-14 15:33:00+00:00,1875.99,1876.8,1875.58,1875.99,2163.402362826943600178
2026-08-14 15:34:00+00:00,1875.99,1876.53,1875.98,1876.53,95.245485997049833287
2026-08-14 15:35:00+00:00,1876.53,1878.48,1876.34,1878,4105.93447
2026-08-14 15:36:00+00:00,1878,1878.35,1877.02,1877.51,164.46318
2026-08-14 15:37:00+00:00,1877.51,1879.01,1876.99,1878.67,207.706199223626369509
2026-08-14 15:38:00+00:00,1878.67,1881.36,1878.49,1880.47,6581.972780217770654778
2026-08-14 15:39:00+00:00,1880.47,1884.36,1880.47,1881.64,2051.126707115816832936
2026-08-14 15:40:00+00:00,1881.64,1883.36,1881.12,1881.66,2053.190340419730320781
2026-08-14 15:41:00+00:00,1881.66,1882.49,1881.57,1881.98,127.119699003384429485
2026-08-14 15:42:00+00:00,1881.98,1882,1881.24,1881.98,2609.60903
2026-08-14 15:43:00+00:00,1881.98,1882.51,1881.98,1881.98,2063.57552
2026-08-14 15:44:00+00:00,1881.98,1883.18,1881.45,1883.18,362.984623621525736928
2026-08-14 15:45:00+00:00,1883.18,1883.35,1881.93,1882.85,1439.208686103833737961
2026-08-14 15:46:00+00:00,1882.85,1883.47,1882.84,1883,77.111219876239047035
2026-08-14 15:47:00+00:00,1883,1883.02,1882.4,1883,4085.95476
2026-08-14 15:48:00+00:00,1883,1883,1881.29,1881.5,2900.63590319178269866
2026-08-14 15:49:00+00:00,1881.5,1881.98,1880.98,1881.47,170.93458
2026-08-14 15:50:00+00:00,1881.47,1882.36,1880.97,1881.98,98.109576108302287518
2026-08-14 15:51:00+00:00,1881.98,1882.01,1880.8,1881.33,278.094392593040900901
2026-08-14 15:52:00+00:00,1881.33,1881.98,1881.02,1881.18,127.3127
2026-08-14 15:53:00+00:00,1881.18,1882,1881.01,1881.58,244.672846657401157568
2026-08-14 15:54:00+00:00,1881.58,1882.35,1881.02,1882.01,36.756816109792618704
2026-08-14 15:55:00+00:00,1882.01,1883.01,1882.01,1882.58,3127.38518
2026-08-14 15:56:00+00:00,1882.58,1882.88,1881.51,1881.98,2081.25912
2026-08-14 15:57:00+00:00,1881.98,1881.98,1881.67,1881.67,62.77
2026-08-14 15:58:00+00:00,1881.67,1881.98,1881.67,1881.67,161.0185
2026-08-14 15:59:00+00:00,1881.67,1882.02,1880.98,1880.99,75.329578540530168872
2026-08-14 16:00:00+00:00,1880.99,1881.98,1880.99,1881.33,194.87469
2026-08-14 16:01:00+00:00,1881.33,1881.61,1880.98,1880.98,94.97207
2026-08-14 16:02:00+00:00,1880.98,1881.53,1880.98,1881.53,167.83033
2026-08-14 16:03:00+00:00,1881.53,1882.01,1881.53,1881.96,1.50539
2026-08-14 16:04:00+00:00,1881.96,1882.53,1880.84,1880.84,2139.2038
2026-08-14 16:05:00+00:00,1880.84,1880.87,1878.86,1879.69,7755.988617078442451673
2026-08-14 16:06:00+00:00,1879.69,1879.69,1878.51,1878.96,2068.378516515093455954
2026-08-14 16:07:00+00:00,1878.96,1879.96,1878.96,1879.53,1314.787066908115823165
2026-08-14 16:08:00+00:00,1879.53,1880.02,1879.07,1879.8,39.81967
2026-08-14 16:09:00+00:00,1879.8,1880.74,1879.02,1880.02,3421.670619747954591397
2026-08-14 16:10:00+00:00,1880.02,1881.13,1879.98,1881.13,1810.858860372419833124
2026-08-14 16:11:00+00:00,1881.13,1882.12,1880.64,1881.67,5244.713059747798963265
2026-08-14 16:12:00+00:00,1881.67,1881.83,1881.02,1881.81,162.19443
2026-08-14 16:13:00+00:00,1881.81,1881.99,1880.15,1880.15,2155.986611548142951294
2026-08-14 16:14:00+00:00,1880.15,1880.15,1879.98,1880,0.45619
2026-08-14 16:15:00+00:00,1880,1880.84,1879.96,1879.99,49.123
2026-08-14 16:16:00+00:00,1879.99,1880.57,1879.8,1880.57,120.25703
2026-08-14 16:17:00+00:00,1880.57,1881.54,1880.02,1881.27,2099.47007
2026-08-14 16:18:00+00:00,1881.27,1881.45,1880.48,1880.48,1220.90677
2026-08-14 16:19:00+00:00,1880.48,1881.01,1880.48,1880.6,63.64155
2026-08-14 16:20:00+00:00,1880.6,1881,1880.16,1880.2,81.53281
2026-08-14 16:21:00+00:00,1880.2,1881.59,1880.2,1881.53,3270.600716657401157568
2026-08-14 16:22:00+00:00,1881.53,1883.35,1881.52,1882,2170.42473
2026-08-14 16:23:00+00:00,1882,1883.01,1881.96,1883.01,88.934268435800973082
2026-08-14 16:24:00+00:00,1883.01,1883.02,1882.47,1882.47,35.96336
2026-08-14 16:25:00+00:00,1882.47,1882.47,1882.01,1882.01,0.15413
2026-08-14 16:26:00+00:00,1882.01,1882.47,1881.99,1882.47,153.0317
2026-08-14 16:27:00+00:00,1882.47,1883.53,1882.02,1883.52,1113.40822
2026-08-14 16:28:00+00:00,1883.52,1884.33,1883.02,1883.57,70.36374
2026-08-14 16:29:00+00:00,1883.57,1883.85,1883.02,1883.82,36.69465
2026-08-14 16:30:00+00:00,1883.82,1885,1883.55,1883.98,282.601366672183166777
2026-08-14 16:31:00+00:00,1883.98,1884,1882.99,1883.02,25.224271367479442161
2026-08-14 16:32:00+00:00,1883.02,1883.85,1882.98,1883.85,107.48449
2026-08-14 16:33:00+00:00,1883.85,1884.82,1883.85,1884.24,2118.579993431383496307
2026-08-14 16:34:00+00:00,1884.24,1885,1884.02,1885,36.463663431383496307
2026-08-14 16:35:00+00:00,1885,1886.02,1884.98,1886.02,2068.387878288593323902
2026-08-14 16:36:00+00:00,1886.02,1887.2,1885.98,1887.2,4143.071877927413912087
2026-08-14 16:37:00+00:00,1887.2,1887.2,1886,1886.99,82.226360577712509909
2026-08-14 16:38:00+00:00,1886.99,1887.02,1885.99,1885.99,132.55857
2026-08-14 16:39:00+00:00,1885.99,1886.44,1885.98,1885.99,63.533435698776066441
2026-08-14 16:40:00+00:00,1885.99,1887,1885.95,1887,285.820025174318186665
2026-08-14 16:41:00+00:00,1887,1887,1886,1886.02,32.52695
2026-08-14 16:42:00+00:00,1886.02,1886.02,1885.97,1886.02,1.240528449193584713
2026-08-14 16:43:00+00:00,1886.02,1886.02,1885.15,1885.47,2086.943760873094253106
2026-08-14 16:44:00+00:00,1885.47,1886.02,1885.17,1885.67,90.4367
2026-08-14 16:45:00+00:00,1885.67,1885.99,1884.98,1884.98,63.83152
2026-08-14 16:46:00+00:00,1884.98,1885.01,1883.53,1883.53,9760.232462646223533868
2026-08-14 16:47:00+00:00,1883.53,1884.02,1883.51,1884.02,182.41202
2026-08-14 16:48:00+00:00,1884.02,1884.85,1884.02,1884.85,2061.98641
2026-08-14 16:49:00+00:00,1884.85,1885,1884.82,1884.99,1.00379
2026-08-14 16:50:00+00:00,1884.99,1884.99,1884,1884,36.33889
2026-08-14 16:51:00+00:00,1884,1884,1883.99,1883.99,0.36666
2026-08-14 16:52:00+00:00,1883.99,1885.03,1883.99,1885.03,36.545348550513221759
2026-08-14 16:53:00+00:00,1885.03,1885.04,1884.47,1884.47,164.41425465780022387
2026-08-14 16:54:00+00:00,1884.47,1884.5,1883.59,1884.43,96.79739
2026-08-14 16:55:00+00:00,1884.43,1884.43,1883.99,1883.99,0.40833
2026-08-14 16:56:00+00:00,1883.99,1884.52,1883.98,1884.52,31.53196
2026-08-14 16:57:00+00:00,1884.52,1885,1884.52,1884.99,15.57479
2026-08-14 16:58:00+00:00,1884.99,1885.01,1884.02,1884.99,66.92643
2026-08-14 16:59:00+00:00,1884.99,1885.01,1884.93,1884.98,18.21299
2026-08-14 17:00:00+00:00,1884.98,1885.02,1884.47,1884.98,32.77485
2026-08-14 17:01:00+00:00,1884.98,1885.42,1884.98,1885.33,2066.131
2026-08-14 17:02:00+00:00,1885.33,1885.33,1884.98,1884.98,0.884625323895551441
2026-08-14 17:03:00+00:00,1884.98,1885.02,1883.88,1884.53,65.39125
2026-08-14 17:04:00+00:00,1884.53,1885.02,1883.88,1884.18,126.423501539908360807
2026-08-14 17:05:00+00:00,1884.18,1884.98,1883.99,1884.33,525.520348094218415417
2026-08-14 17:06:00+00:00,1884.33,1885,1883.89,1884.01,79.498024632080465854
2026-08-14 17:07:00+00:00,1884.01,1884.02,1883.49,1884,1066.56809
2026-08-14 17:08:00+00:00,1884,1884.01,1882.64,1882.64,80.216143560948680383
2026-08-14 17:09:00+00:00,1882.64,1884.02,1882.64,1883.47,312.075520952435890389
2026-08-14 17:10:00+00:00,1883.47,1883.98,1883.01,1883.47,285.247270952435890389
2026-08-14 17:11:00+00:00,1883.47,1883.47,1882.96,1882.96,84.181115200628673679
2026-08-14 17:12:00+00:00,1882.96,1883.44,1882.96,1883.02,32.097514083769633507
2026-08-14 17:13:00+00:00,1883.02,1883.66,1883.01,1883.66,2171.29482
2026-08-14 17:14:00+00:00,1883.66,1884.52,1883.66,1884.33,567.28619
2026-08-14 17:15:00+00:00,1884.33,1884.54,1883.98,1884.52,652.719168094218415417
2026-08-14 17:16:00+00:00,1884.52,1885.02,1884.01,1885,269.439581955086706429
2026-08-14 17:17:00+00:00,1885,1885.02,1883.65,1884.98,193.892510726217540875
2026-08-14 17:18:00+00:00,1884.98,1885.02,1884.18,1885.02,24.2615957824933687
2026-08-14 17:19:00+00:00,1885.02,1885.02,1884.98,1885.01,0.72899
2026-08-14 17:20:00+00:00,1885.01,1885.53,1884.98,1885.42,32.590980421151132626
2026-08-14 17:21:00+00:00,1885.42,1885.98,1884.79,1884.79,160.052611889101011236
2026-08-14 17:22:00+00:00,1884.79,1886.53,1884.79,1886.51,2131.616805348181442337
2026-08-14 17:23:00+00:00,1886.51,1886.61,1886.02,1886.6,317.68039
2026-08-14 17:24:00+00:00,1886.6,1887.01,1886,1886.44,1703.79791
2026-08-14 17:25:00+00:00,1886.44,1886.44,1885.47,1885.47,2098.50637
2026-08-14 17:26:00+00:00,1885.47,1885.98,1884.68,1884.98,125.439022691120122019
2026-08-14 17:27:00+00:00,1884.98,1885.02,1884.47,1884.67,246.001153180955948758
2026-08-14 17:28:00+00:00,1884.67,1885.02,1884.67,1885.02,0.790945323895551441
2026-08-14 17:29:00+00:00,1885.02,1885.02,1884.98,1884.98,0.12597
2026-08-14 17:30:00+00:00,1884.98,1884.98,1884.34,1884.34,0.0855
2026-08-14 17:31:00+00:00,1884.34,1884.34,1884.34,1884.34,0
2026-08-14 17:32:00+00:00,1884.34,1886.36,1884.34,1885.47,143.389290737592466239
2026-08-14 17:33:00+00:00,1885.47,1885.99,1885.02,1885.96,194.33787
2026-08-14 17:34:00+00:00,1885.96,1886,1885.47,1885.99,799.63157
2026-08-14 17:35:00+00:00,1885.99,1885.99,1884.71,1884.71,297.92955
2026-08-14 17:36:00+00:00,1884.71,1885.01,1884.36,1884.36,97.03135
2026-08-14 17:37:00+00:00,1884.36,1884.38,1883.66,1883.98,40.392932781316348194
2026-08-14 17:38:00+00:00,1883.98,1884.04,1883.98,1883.99,1.01219
2026-08-14 17:39:00+00:00,1883.99,1884.42,1883.99,1884.02,4121.75934
2026-08-14 17:40:00+00:00,1884.02,1884.02,1883.98,1883.98,0.52919
2026-08-14 17:41:00+00:00,1883.98,1884.51,1883.98,1884.33,376.50232
2026-08-14 17:42:00+00:00,1884.33,1884.33,1883.93,1883.93,1.163493820440679146
2026-08-14 17:43:00+00:00,1883.93,1883.98,1883.01,1883.01,9974.51558
2026-08-14 17:44:00+00:00,1883.01,1883.36,1881.61,1882.5,4538.636229844396326032
2026-08-14 17:45:00+00:00,1882.5,1882.85,1882.02,1882.85,36.68736
2026-08-14 17:46:00+00:00,1882.85,1883.02,1882.85,1882.99,0.35169
2026-08-14 17:47:00+00:00,1882.99,1882.99,1882.02,1882.85,121.69881
2026-08-14 17:48:00+00:00,1882.85,1882.99,1882.67,1882.67,157.12667
2026-08-14 17:49:00+00:00,1882.67,1883.02,1882.35,1882.47,459.03372
2026-08-14 17:50:00+00:00,1882.47,1882.98,1881.63,1881.98,2108.48938
2026-08-14 17:51:00+00:00,1881.98,1881.98,1880.49,1880.5,4228.98592
2026-08-14 17:52:00+00:00,1880.5,1880.51,1879.63,1879.64,1145.899340274621863241
2026-08-14 17:53:00+00:00,1879.64,1880.02,1879.64,1880,1.06661
2026-08-14 17:54:00+00:00,1880,1880,1879.98,1879.98,0.41329
2026-08-14 17:55:00+00:00,1879.98,1879.98,1876.11,1876.12,18190.133750275968251431
2026-08-14 17:56:00+00:00,1876.12,1878.35,1875.64,1877.04,264.067336418502526361
2026-08-14 17:57:00+00:00,1877.04,1877.57,1877,1877.56,107.85331
2026-08-14 17:58:00+00:00,1877.56,1878.02,1877.02,1877.97,39.8779
2026-08-14 17:59:00+00:00,1877.97,1877.99,1877.97,1877.98,0.2226
2026-08-14 18:00:00+00:00,1877.98,1877.99,1876.88,1877.02,101.522404144095143597
2026-08-14 18:01:00+00:00,1877.02,1877.02,1873.64,1874.99,15519.891026102879521756
2026-08-14 18:02:00+00:00,1874.99,1875.65,1874.97,1875.65,2103.70699660555611911
2026-08-14 18:03:00+00:00,1875.65,1876.01,1875.64,1875.98,3.410976402296245495
2026-08-14 18:04:00+00:00,1875.98,1876.85,1875.98,1876.52,105.55971
2026-08-14 18:05:00+00:00,1876.52,1877.63,1876.51,1877.63,2096.66988
2026-08-14 18:06:00+00:00,1877.63,1877.94,1877.01,1877.02,32.37011
2026-08-14 18:07:00+00:00,1877.02,1877.67,1877.02,1877.26,102.05851
2026-08-14 18:08:00+00:00,1877.26,1877.53,1877.01,1877.41,128.51227
2026-08-14 18:09:00+00:00,1877.41,1877.41,1876.45,1876.99,143.96568
2026-08-14 18:10:00+00:00,1876.99,1877.01,1876.98,1876.98,0.37314
2026-08-14 18:11:00+00:00,1876.98,1878.02,1876.98,1878.02,38.293425681948055461
2026-08-14 18:12:00+00:00,1878.02,1878.02,1877.01,1877.02,22.011291322995643709
2026-08-14 18:13:00+00:00,1877.02,1877.02,1876.01,1876.01,64.07802
2026-08-14 18:14:00+00:00,1876.01,1876.52,1875.26,1875.81,3129.37812
2026-08-14 18:15:00+00:00,1875.81,1876.83,1875.81,1876.83,13571.87869
2026-08-14 18:16:00+00:00,1876.83,1877,1876.42,1877,211.36692
2026-08-14 18:17:00+00:00,1877,1877.01,1876.47,1876.51,200.73795301012253596
2026-08-14 18:18:00+00:00,1876.51,1877.52,1876.5,1877.52,2021.92714
2026-08-14 18:19:00+00:00,1877.52,1877.52,1875.64,1876.96,8.130803230360967856
2026-08-14 18:20:00+00:00,1876.96,1877.42,1876.96,1876.98,154.250064278952003519
2026-08-14 18:21:00+00:00,1876.98,1877.02,1876.51,1876.52,140.394895532489726737
2026-08-14 18:22:00+00:00,1876.52,1877.01,1876.48,1877.01,0.72299
2026-08-14 18:23:00+00:00,1877.01,1878,1876.99,1876.99,174.456861659594349059
2026-08-14 18:24:00+00:00,1876.99,1877,1876.98,1876.98,0.46338
2026-08-14 18:25:00+00:00,1876.98,1877.39,1876.98,1877.39,16601.00467
2026-08-14 18:26:00+00:00,1877.39,1878.2,1877.02,1878,71.850264464559880283
2026-08-14 18:27:00+00:00,1878,1878.04,1876.9,1877.33,54.219804104016697192
2026-08-14 18:28:00+00:00,1877.33,1877.33,1876,1876,2065.586059168443496801
2026-08-14 18:29:00+00:00,1876,1876.01,1874.64,1874.64,3.838202721615544886
2026-08-14 18:30:00+00:00,1874.64,1876,1874.64,1875.99,228.172003483894123309
2026-08-14 18:31:00+00:00,1875.99,1875.99,1875.99,1875.99,0
2026-08-14 18:32:00+00:00,1875.99,1875.99,1874.47,1874.99,0.42235
2026-08-14 18:33:00+00:00,1874.99,1875.02,1874.31,1874.32,128.4973
2026-08-14 18:34:00+00:00,1874.32,1874.33,1873.88,1873.98,19.042177564707694713
2026-08-14 18:35:00+00:00,1873.98,1875.02,1873.98,1874.98,171.735916081474607187
2026-08-14 18:36:00+00:00,1874.98,1875.53,1874.98,1875.48,20364.898328973272222734
2026-08-14 18:37:00+00:00,1875.48,1876,1875.02,1875.99,991.20182
2026-08-14 18:38:00+00:00,1875.99,1876.02,1875.47,1876.02,172.692915830564044058
2026-08-14 18:39:00+00:00,1876.02,1876.72,1876,1876.43,10622.294713297089581851
2026-08-14 18:40:00+00:00,1876.43,1877.33,1876,1876.88,2023.147207311096523496
2026-08-14 18:41:00+00:00,1876.88,1877.03,1876.87,1877.02,0.70612
2026-08-14 18:42:00+00:00,1877.02,1877.02,1876.98,1876.98,1.235510385285388863
2026-08-14 18:43:00+00:00,1876.98,1877.01,1876.51,1876.51,49.97008
2026-08-14 18:44:00+00:00,1876.51,1877.01,1876.51,1876.99,1.07441
2026-08-14 18:45:00+00:00,1876.99,1877.02,1876.42,1876.47,205.752681122262436392
2026-08-14 18:46:00+00:00,1876.47,1876.98,1875.98,1875.98,37.5335435509467055
2026-08-14 18:47:00+00:00,1875.98,1876.02,1875.15,1875.15,4627.79316
2026-08-14 18:48:00+00:00,1875.15,1875.15,1872.7,1872.7,4071.62728
2026-08-14 18:49:00+00:00,1872.7,1874.02,1872.66,1874.01,1823.033882362002832695
2026-08-14 18:50:00+00:00,1874.01,1874.46,1873.98,1873.98,4033.369492362002832695
2026-08-14 18:51:00+00:00,1873.98,1875.02,1873.98,1874.98,94.340417637997167305
2026-08-14 18:52:00+00:00,1874.98,1875.4,1874.97,1875.4,2020.32092
2026-08-14 18:53:00+00:00,1875.4,1875.85,1875.02,1875.15,184.034358421378323071
2026-08-14 18:54:00+00:00,1875.15,1875.47,1875.02,1875.33,1380.10753
2026-08-14 18:55:00+00:00,1875.33,1875.53,1875.02,1875.53,778.818
2026-08-14 18:56:00+00:00,1875.53,1876.02,1875.53,1876.02,1.16672
2026-08-14 18:57:00+00:00,1876.02,1876.02,1875.02,1875.02,89.17231
2026-08-14 18:58:00+00:00,1875.02,1875.51,1875.02,1875.02,107.98442
2026-08-14 18:59:00+00:00,1875.02,1875.02,1875.01,1875.01,0.20929
2026-08-14 19:00:00+00:00,1875.01,1875.01,1873.63,1873.67,2135.88594
2026-08-14 19:01:00+00:00,1873.67,1874.84,1873.01,1874.84,3295.388273850336931912
2026-08-14 19:02:00+00:00,1874.84,1874.84,1874,1874.81,76.02199
2026-08-14 19:03:00+00:00,1874.81,1874.98,1873.55,1873.55,2432.6887
2026-08-14 19:04:00+00:00,1873.55,1874,1873.37,1873.48,198.49666
2026-08-14 19:05:00+00:00,1873.48,1873.74,1872.98,1873.74,80.63232
2026-08-14 19:06:00+00:00,1873.74,1874,1872.99,1873.02,104.37889
2026-08-14 19:07:00+00:00,1873.02,1873.46,1872.98,1873.02,76.071781225608387012
2026-08-14 19:08:00+00:00,1873.02,1873.33,1872.98,1873.02,32.70434
2026-08-14 19:09:00+00:00,1873.02,1874.02,1873.02,1874.02,49.376063541106931757
2026-08-14 19:10:00+00:00,1874.02,1874.02,1873.8,1873.88,47.48687
2026-08-14 19:11:00+00:00,1873.88,1873.88,1872.99,1873.53,75.298003541106931757
2026-08-14 19:12:00+00:00,1873.53,1873.99,1873.02,1873.99,132.16707
2026-08-14 19:13:00+00:00,1873.99,1873.99,1872.98,1873.69,47.588765739070090215
2026-08-14 19:14:00+00:00,1873.69,1874.03,1873.01,1873.01,156.036040125371316569
2026-08-14 19:15:00+00:00,1873.01,1874.41,1873.01,1874.4,2071.375167391443863669
2026-08-14 19:16:00+00:00,1874.4,1874.4,1873.15,1874.02,157.159584205260405386
2026-08-14 19:17:00+00:00,1874.02,1874.41,1873.99,1874.41,32.34884
2026-08-14 19:18:00+00:00,1874.41,1874.84,1874.01,1874.81,217.75309
2026-08-14 19:19:00+00:00,1874.81,1874.98,1873.99,1873.99,1057.0459
2026-08-14 19:20:00+00:00,1873.99,1874.53,1873.99,1874.52,31.8821
2026-08-14 19:21:00+00:00,1874.52,1875.04,1874.02,1874.98,37.36113
2026-08-14 19:22:00+00:00,1874.98,1875.85,1874.98,1875.84,61.700088834313976294
2026-08-14 19:23:00+00:00,1875.84,1876.02,1875.45,1875.65,98.10877
2026-08-14 19:24:00+00:00,1875.65,1875.98,1874.99,1875,73.1961
2026-08-14 19:25:00+00:00,1875,1875.02,1874.98,1875.02,0.41235
2026-08-14 19:26:00+00:00,1875.02,1875.02,1874.98,1874.98,0.38763
2026-08-14 19:27:00+00:00,1874.98,1876.37,1874.98,1876.37,3158.86912
2026-08-14 19:28:00+00:00,1876.37,1877.53,1876.37,1877.44,1368.011455308557790658
2026-08-14 19:29:00+00:00,1877.44,1877.44,1876.98,1876.98,0.11166
2026-08-14 19:30:00+00:00,1876.98,1876.98,1875.66,1876.12,11.57591
2026-08-14 19:31:00+00:00,1876.12,1876.8,1875.65,1875.65,73.79104
2026-08-14 19:32:00+00:00,1875.65,1876.53,1875.65,1876.53,53.75643
2026-08-14 19:33:00+00:00,1876.53,1876.53,1876.44,1876.45,0.21847
2026-08-14 19:34:00+00:00,1876.45,1876.5,1876.01,1876.46,162.63649
2026-08-14 19:35:00+00:00,1876.46,1876.46,1876.46,1876.46,0
2026-08-14 19:36:00+00:00,1876.46,1877.33,1876.46,1877.33,27.2532
2026-08-14 19:37:00+00:00,1877.33,1877.59,1875.64,1877.33,374.276137654278895329
2026-08-14 19:38:00+00:00,1877.33,1877.49,1877.02,1877.02,349.240103436511065412
2026-08-14 19:39:00+00:00,1877.02,1877.55,1876.72,1876.72,100.059220152221455352
2026-08-14 19:40:00+00:00,1876.72,1877.78,1876.67,1877.76,116.27375786998677763
2026-08-14 19:41:00+00:00,1877.76,1878.53,1877.76,1878.52,4159.959987351489191222
2026-08-14 19:42:00+00:00,1878.52,1878.52,1877.99,1878.33,136.29738
2026-08-14 19:43:00+00:00,1878.33,1879.02,1878.02,1878.99,226.62018
2026-08-14 19:44:00+00:00,1878.99,1879,1878.99,1878.99,0.16281
2026-08-14 19:45:00+00:00,1878.99,1879.02,1878.99,1879.01,0.23958
2026-08-14 19:46:00+00:00,1879.01,1879.04,1878.8,1878.93,1.956966935354892364
2026-08-14 19:47:00+00:00,1878.93,1879.68,1878.93,1879.68,63.150636936290905198
2026-08-14 19:48:00+00:00,1879.68,1879.98,1878.96,1878.99,190.45811
2026-08-14 19:49:00+00:00,1878.99,1879.04,1878.98,1878.98,3.174711856147649864
2026-08-14 19:50:00+00:00,1878.98,1879.41,1878.98,1879.02,95.40061
2026-08-14 19:51:00+00:00,1879.02,1879.02,1878.15,1878.37,2193.240732507141194642
2026-08-14 19:52:00+00:00,1878.37,1879.41,1878.37,1879.01,39.664108053588243007
2026-08-14 19:53:00+00:00,1879.01,1879.53,1879.01,1879.53,127.55871
2026-08-14 19:54:00+00:00,1879.53,1880.8,1879.53,1880.79,6478.849073538383208102
2026-08-14 19:55:00+00:00,1880.79,1881.02,1880.17,1881.02,148.374540985467236699
2026-08-14 19:56:00+00:00,1881.02,1881.02,1880.07,1880.47,116.58873
2026-08-14 19:57:00+00:00,1880.47,1880.99,1880.47,1880.61,126.47259
2026-08-14 19:58:00+00:00,1880.61,1881.01,1879.59,1881,2097.12142
2026-08-14 19:59:00+00:00,1881,1881,1879.48,1879.99,112.99871
2026-08-14 20:00:00+00:00,1879.99,1879.99,1879.98,1879.99,0.35592
2026-08-14 20:01:00+00:00,1879.99,1880.02,1879.98,1880.02,0.38643
2026-08-14 20:02:00+00:00,1880.02,1880.53,1879.98,1880.2,164.4422
2026-08-14 20:03:00+00:00,1880.2,1880.2,1879.19,1879.98,44.29076
2026-08-14 20:04:00+00:00,1879.98,1880.61,1879.98,1880.61,48427.29112
2026-08-14 20:05:00+00:00,1880.61,1881.01,1880.47,1880.54,78.20519
2026-08-14 20:06:00+00:00,1880.54,1881.02,1880,1880,157.71729
2026-08-14 20:07:00+00:00,1880,1880.53,1879.99,1880.52,76.0025
2026-08-14 20:08:00+00:00,1880.52,1880.52,1879.98,1880.01,1.09374
2026-08-14 20:09:00+00:00,1880.01,1880.02,1879.99,1880,0.93525
2026-08-14 20:10:00+00:00,1880,1880.01,1879.58,1879.69,1111.32204
2026-08-14 20:11:00+00:00,1879.69,1880.02,1879.69,1880.02,0.73031
2026-08-14 20:12:00+00:00,1880.02,1880.02,1879.4,1879.6,64.74329
2026-08-14 20:13:00+00:00,1879.6,1879.99,1878.96,1879,33.1192
2026-08-14 20:14:00+00:00,1879,1879.02,1878.99,1879,1.44838
2026-08-14 20:15:00+00:00,1879,1879.53,1878.99,1879.02,139.362284017956238192
2026-08-14 20:16:00+00:00,1879.02,1879.42,1878.98,1879.02,33.054388370955359667
2026-08-14 20:17:00+00:00,1879.02,1879.02,1878.48,1878.49,2265.45085
2026-08-14 20:18:00+00:00,1878.49,1879.01,1878.48,1879.01,117.55919
2026-08-14 20:19:00+00:00,1879.01,1879.02,1878.89,1879.02,0.61452
2026-08-14 20:20:00+00:00,1879.02,1879.02,1878.99,1878.99,0.89684
2026-08-14 20:21:00+00:00,1878.99,1879.03,1878.99,1879.02,0.26625
2026-08-14 20:22:00+00:00,1879.02,1879.53,1878.99,1879.53,370.91676
2026-08-14 20:23:00+00:00,1879.53,1880.02,1879.53,1879.99,0.49686
2026-08-14 20:24:00+00:00,1879.99,1880,1879.56,1880,4.85504
2026-08-14 20:25:00+00:00,1880,1880,1878.5,1878.51,1210.56083
2026-08-14 20:26:00+00:00,1878.51,1878.98,1878.47,1878.67,119.88188
2026-08-14 20:27:00+00:00,1878.67,1879.41,1878.67,1879.33,157.32045
2026-08-14 20:28:00+00:00,1879.33,1879.33,1879,1879.01,463.35694
2026-08-14 20:29:00+00:00,1879.01,1880.36,1879.01,1880.36,1.280361915634819442
2026-08-14 20:30:00+00:00,1880.36,1880.36,1880.36,1880.36,0
2026-08-14 20:31:00+00:00,1880.36,1880.36,1877.64,1877.64,10.534034126134238407
2026-08-14 20:32:00+00:00,1877.64,1877.66,1877.64,1877.64,0.688355200628673679
2026-08-14 20:33:00+00:00,1877.64,1880.34,1877.64,1877.64,0.797933587668755957
2026-08-14 20:34:00+00:00,1877.64,1877.64,1877.64,1877.64,0
2026-08-14 20:35:00+00:00,1877.64,1878.36,1877.64,1877.7,0.30185
2026-08-14 20:36:00+00:00,1877.7,1879.36,1877.64,1877.64,1.435749987297037622
2026-08-14 20:37:00+00:00,1877.64,1877.64,1877.64,1877.64,0
2026-08-14 20:38:00+00:00,1877.64,1878.46,1877.64,1878.33,272.6585
2026-08-14 20:39:00+00:00,1878.33,1878.48,1878.01,1878.45,629.17367
2026-08-14 20:40:00+00:00,1878.45,1878.58,1878.02,1878.53,646.66538
2026-08-14 20:41:00+00:00,1878.53,1878.6,1877.64,1877.64,71.928697805452544464
2026-08-14 20:42:00+00:00,1877.64,1877.64,1877.64,1877.64,0.109996661951010157
2026-08-14 20:43:00+00:00,1877.64,1877.64,1877.64,1877.64,0
2026-08-14 20:44:00+00:00,1877.64,1877.64,1877.64,1877.64,0
2026-08-14 20:45:00+00:00,1877.64,1879,1877.64,1877.64,0.442412412314575621
2026-08-14 20:46:00+00:00,1877.64,1879.02,1877.64,1877.64,1.530531579636424133
2026-08-14 20:47:00+00:00,1877.64,1878.4,1877.64,1878.4,0.29102594615310913
2026-08-14 20:48:00+00:00,1878.4,1878.4,1878.4,1878.4,0
2026-08-14 20:49:00+00:00,1878.4,1878.4,1878.4,1878.4,0
2026-08-14 20:50:00+00:00,1878.4,1879.01,1878.4,1879.01,0.5568
2026-08-14 20:51:00+00:00,1879.01,1879.01,1879.01,1879.01,0
2026-08-14 20:52:00+00:00,1879.01,1879.64,1879.01,1879.63,0.4928
2026-08-14 20:53:00+00:00,1879.63,1879.64,1877.69,1877.69,0.17027
2026-08-14 20:54:00+00:00,1877.69,1877.69,1877.69,1877.69,0
2026-08-14 20:55:00+00:00,1877.69,1877.69,1877.69,1877.69,0
2026-08-14 20:56:00+00:00,1877.69,1877.69,1877.69,1877.69,0
2026-08-14 20:57:00+00:00,1877.69,1877.69,1877.69,1877.69,0
2026-08-14 20:58:00+00:00,1877.69,1877.69,1877.69,1877.69,0
2026-08-14 20:59:00+00:00,1877.69,1879.5,1877.69,1879.5,0.09951
2026-08-14 21:00:00+00:00,1879.5,1880.11,1879.5,1879.99,0.81256
2026-08-14 21:01:00+00:00,1879.99,1880.02,1879.99,1880,0.19217
2026-08-14 21:02:00+00:00,1880,1880,1878.93,1878.93,85.363483917932415635
2026-08-14 21:03:00+00:00,1878.93,1879.56,1878.93,1879.55,389.881640536308454433
2026-08-14 21:04:00+00:00,1879.55,1880.3,1879.33,1880.29,54.2269
2026-08-14 21:05:00+00:00,1880.29,1880.45,1879.52,1880.02,2083.453458503005286124
2026-08-14 21:06:00+00:00,1880.02,1880.02,1879.99,1880.01,0.80917
2026-08-14 21:07:00+00:00,1880.01,1880.01,1878.93,1880,1.543988510638297872
2026-08-14 21:08:00+00:00,1880,1880.02,1878.43,1878.43,2775.507687326240574158
2026-08-14 21:09:00+00:00,1878.43,1878.43,1877.99,1877.99,0.41906
2026-08-14 21:10:00+00:00,1877.99,1878.02,1877.98,1878.01,0.40549
2026-08-14 21:11:00+00:00,1878.01,1878.01,1877.99,1877.99,0.18019
2026-08-14 21:12:00+00:00,1877.99,1878.85,1877.99,1878.84,35.67427
2026-08-14 21:13:00+00:00,1878.84,1878.84,1877.54,1877.67,2944.56942
2026-08-14 21:14:00+00:00,1877.67,1877.67,1876.98,1877.5,32.68741
2026-08-14 21:15:00+00:00,1877.5,1878.02,1877.5,1877.99,0.28293
2026-08-14 21:16:00+00:00,1877.99,1878.01,1877.98,1877.98,1.00249
2026-08-14 21:17:00+00:00,1877.98,1878.39,1877.98,1878.33,2095.6625
2026-08-14 21:18:00+00:00,1878.33,1878.41,1878,1878,0.9511
2026-08-14 21:19:00+00:00,1878,1878,1877.01,1877.02,36.32618
2026-08-14 21:20:00+00:00,1877.02,1877.03,1876.93,1876.99,0.617619734259624298
2026-08-14 21:21:00+00:00,1876.99,1877.63,1876.91,1876.99,128.64582
2026-08-14 21:22:00+00:00,1876.99,1878.02,1876.99,1877.99,0.873360985421961438
2026-08-14 21:23:00+00:00,1877.99,1878.33,1877.98,1878.33,95.317505901356097755
2026-08-14 21:24:00+00:00,1878.33,1878.65,1878.02,1878.53,107.54473
2026-08-14 21:25:00+00:00,1878.53,1878.53,1878.53,1878.53,0
2026-08-14 21:26:00+00:00,1878.53,1878.53,1878.53,1878.53,0
2026-08-14 21:27:00+00:00,1878.53,1878.99,1878.53,1878.98,0.3569
2026-08-14 21:28:00+00:00,1878.98,1879.73,1878.98,1879.11,131.32466
2026-08-14 21:29:00+00:00,1879.11,1879.11,1879.01,1879.01,0.16256
2026-08-14 21:30:00+00:00,1879.01,1879.01,1879.01,1879.01,0
2026-08-14 21:31:00+00:00,1879.01,1879.01,1879.01,1879.01,0
2026-08-14 21:32:00+00:00,1879.01,1879.01,1879.01,1879.01,0
2026-08-14 21:33:00+00:00,1879.01,1879.01,1879.01,1879.01,0
2026-08-14 21:34:00+00:00,1879.01,1879.01,1878.67,1878.69,0.20248
2026-08-14 21:35:00+00:00,1878.69,1878.69,1878.69,1878.69,0
2026-08-14 21:36:00+00:00,1878.69,1878.69,1878.07,1878.07,1.15173
2026-08-14 21:37:00+00:00,1878.07,1878.07,1878.07,1878.07,0
2026-08-14 21:38:00+00:00,1878.07,1878.07,1878.07,1878.07,0
2026-08-14 21:39:00+00:00,1878.07,1878.07,1878.07,1878.07,0
2026-08-14 21:40:00+00:00,1878.07,1878.07,1878.07,1878.07,0
2026-08-14 21:41:00+00:00,1878.07,1878.07,1878.07,1878.07,0
2026-08-14 21:42:00+00:00,1878.07,1878.07,1878.07,1878.07,0
2026-08-14 21:43:00+00:00,1878.07,1879.33,1877.54,1879.33,32.56332
2026-08-14 21:44:00+00:00,1879.33,1879.33,1877.17,1877.67,161.3614
2026-08-14 21:45:00+00:00,1877.67,1877.8,1876.96,1877.47,185.19209
2026-08-14 21:46:00+00:00,1877.47,1877.72,1877.02,1877.53,88.83627
2026-08-14 21:47:00+00:00,1877.53,1877.53,1877.53,1877.53,0
2026-08-14 21:48:00+00:00,1877.53,1877.98,1877.11,1877.48,1713.27879
2026-08-14 21:49:00+00:00,1877.48,1878.01,1877.48,1878.01,32.09073
2026-08-14 21:50:00+00:00,1878.01,1878.02,1877.4,1877.4,255.90803
2026-08-14 21:51:00+00:00,1877.4,1877.98,1877.4,1877.52,315.58086
2026-08-14 21:52:00+00:00,1877.52,1878.01,1876.49,1877.02,2546.74647
2026-08-14 21:53:00+00:00,1877.02,1877.5,1876.99,1876.99,89.02157
2026-08-14 21:54:00+00:00,1876.99,1876.99,1876.38,1876.38,515.55717
2026-08-14 21:55:00+00:00,1876.38,1876.99,1876.38,1876.99,247.27728
2026-08-14 21:56:00+00:00,1876.99,1877.5,1876.99,1877.4,6.63473
2026-08-14 21:57:00+00:00,1877.4,1877.85,1877.02,1877.4,103.05467
2026-08-14 21:58:00+00:00,1877.4,1878.52,1877.01,1878.52,214.83158
2026-08-14 21:59:00+00:00,1878.52,1878.93,1878.02,1878.67,82.40036
2026-08-14 22:00:00+00:00,1878.67,1878.98,1877.57,1878.53,2293.489837015017540871
2026-08-14 22:01:00+00:00,1878.53,1879.02,1878.02,1878.98,36.732
2026-08-14 22:02:00+00:00,1878.98,1880.02,1878.98,1879.88,2149.783965610498207389
2026-08-14 22:03:00+00:00,1879.88,1880.03,1879.02,1879.67,161.8783
2026-08-14 22:04:00+00:00,1879.67,1880.02,1879.26,1879.58,67.70791
2026-08-14 22:05:00+00:00,1879.58,1880,1879.58,1879.99,0.18675
2026-08-14 22:06:00+00:00,1879.99,1880.02,1879.98,1880.02,0.28501
2026-08-14 22:07:00+00:00,1880.02,1880.02,1877.68,1877.68,6540.40949
2026-08-14 22:08:00+00:00,1877.68,1878.02,1877.51,1878.01,64.8463
2026-08-14 22:09:00+00:00,1878.01,1878.58,1877.96,1878.48,130.49329
2026-08-14 22:10:00+00:00,1878.48,1878.98,1877.99,1877.99,86.47546
2026-08-14 22:11:00+00:00,1877.99,1878,1876.8,1876.94,2032.971023065004236774
2026-08-14 22:12:00+00:00,1876.94,1877.8,1876.94,1877.47,37.030007126309549278
2026-08-14 22:13:00+00:00,1877.47,1877.47,1876.57,1876.98,2172.879326915098209481
2026-08-14 22:14:00+00:00,1876.98,1877,1876.25,1876.99,155.498978584055643939
2026-08-14 22:15:00+00:00,1876.99,1876.99,1875.7,1876.2,4551.508158430961896932
2026-08-14 22:16:00+00:00,1876.2,1876.2,1875.26,1875.99,3231.717132660005280928
2026-08-14 22:17:00+00:00,1875.99,1875.99,1875.4,1875.47,605.46201
2026-08-14 22:18:00+00:00,1875.47,1876.56,1875.47,1876.55,131.36658
2026-08-14 22:19:00+00:00,1876.55,1876.55,1876.02,1876.53,35.454
2026-08-14 22:20:00+00:00,1876.53,1876.98,1876.53,1876.67,503.93229
2026-08-14 22:21:00+00:00,1876.67,1877.04,1876.67,1877.04,0.602209218669867787
2026-08-14 22:22:00+00:00,1877.04,1877.04,1876.99,1877,0.747744969121493933
2026-08-14 22:23:00+00:00,1877,1877,1876.88,1876.98,0.135861304558637533
2026-08-14 22:24:00+00:00,1876.98,1876.99,1875.31,1876.5,5414.407699019941417251
2026-08-14 22:25:00+00:00,1876.5,1876.51,1875.96,1875.99,95.900080708031569915
2026-08-14 22:26:00+00:00,1875.99,1876.02,1875.99,1875.99,1.024798833698368797
2026-08-14 22:27:00+00:00,1875.99,1876.02,1875.67,1875.98,32.628149819120330235
2026-08-14 22:28:00+00:00,1875.98,1876.02,1875.98,1875.99,0.60741
2026-08-14 22:29:00+00:00,1875.99,1876.01,1875.99,1876.01,0.07615
2026-08-14 22:30:00+00:00,1876.01,1876.01,1876.01,1876.01,0
2026-08-14 22:31:00+00:00,1876.01,1877.99,1876.01,1877.99,0.26954
2026-08-14 22:32:00+00:00,1877.99,1878.04,1877.42,1877.47,369.06039
2026-08-14 22:33:00+00:00,1877.47,1877.98,1877.19,1877.57,251.65864
2026-08-14 22:34:00+00:00,1877.57,1878.26,1877.57,1878.26,158.4534
2026-08-14 22:35:00+00:00,1878.26,1878.26,1878.26,1878.26,0
2026-08-14 22:36:00+00:00,1878.26,1878.43,1878.02,1878.33,1734.02608
2026-08-14 22:37:00+00:00,1878.33,1878.47,1878.02,1878.33,522.1105
2026-08-14 22:38:00+00:00,1878.33,1878.53,1878.02,1878.52,285.90211
2026-08-14 22:39:00+00:00,1878.52,1878.99,1878.47,1878.99,116.99181
2026-08-14 22:40:00+00:00,1878.99,1878.99,1878.48,1878.49,263.78244
2026-08-14 22:41:00+00:00,1878.49,1878.99,1878.48,1878.98,67.71776
2026-08-14 22:42:00+00:00,1878.98,1879.02,1878.98,1879.01,0.26111
2026-08-14 22:43:00+00:00,1879.01,1879.02,1878.98,1879.02,0.90291
2026-08-14 22:44:00+00:00,1879.02,1879.02,1878.98,1879.02,1.58234
2026-08-14 22:45:00+00:00,1879.02,1879.02,1878.47,1879.02,11.88094
2026-08-14 22:46:00+00:00,1879.02,1879.02,1878.98,1878.99,0.36421
2026-08-14 22:47:00+00:00,1878.99,1878.99,1878.55,1878.67,517.46678
2026-08-14 22:48:00+00:00,1878.67,1878.98,1877.98,1877.98,277.46104
2026-08-14 22:49:00+00:00,1877.98,1878.55,1877.98,1878.53,267.42367
2026-08-14 22:50:00+00:00,1878.53,1879.02,1878.02,1879.01,112.24886
2026-08-14 22:51:00+00:00,1879.01,1879.01,1878.98,1878.98,0.45807
2026-08-14 22:52:00+00:00,1878.98,1878.98,1877.99,1877.99,35.74837
2026-08-14 22:53:00+00:00,1877.99,1878.85,1877.99,1878.53,270.92897
2026-08-14 22:54:00+00:00,1878.53,1879,1878.53,1878.67,91.50159
2026-08-14 22:55:00+00:00,1878.67,1878.98,1878.01,1878.01,51.05668
2026-08-14 22:56:00+00:00,1878.01,1878.57,1877.98,1878.53,84.7172
2026-08-14 22:57:00+00:00,1878.53,1879.02,1878.53,1879.02,0.07191
2026-08-14 22:58:00+00:00,1879.02,1879.02,1878.98,1878.99,0.60469
2026-08-14 22:59:00+00:00,1878.99,1879.02,1878.99,1879.01,1.32074
2026-08-14 23:00:00+00:00,1879.01,1879.02,1878.48,1879.02,36.76895922638024728
2026-08-14 23:01:00+00:00,1879.02,1879.37,1878.98,1879.01,2576.81776
2026-08-14 23:02:00+00:00,1879.01,1879.53,1878.88,1878.88,74.59825
2026-08-14 23:03:00+00:00,1878.88,1879.02,1878.88,1879.01,0.75394
2026-08-14 23:04:00+00:00,1879.01,1879.02,1878.98,1878.98,0.77625
2026-08-14 23:05:00+00:00,1878.98,1879.02,1878.98,1878.98,0.64812
2026-08-14 23:06:00+00:00,1878.98,1879.06,1878.98,1879.06,0.55513
2026-08-14 23:07:00+00:00,1879.06,1879.06,1878.99,1879.02,0.37729
2026-08-14 23:08:00+00:00,1879.02,1879.11,1879.01,1879.01,0.42718
2026-08-14 23:09:00+00:00,1879.01,1879.02,1878.98,1878.98,0.417505792276964047
2026-08-14 23:10:00+00:00,1878.98,1879.02,1878.98,1879.02,0.07105
2026-08-14 23:11:00+00:00,1879.02,1879.53,1879,1879.43,64.2106
2026-08-14 23:12:00+00:00,1879.43,1879.71,1879.07,1879.63,24.56033
2026-08-14 23:13:00+00:00,1879.63,1879.75,1879.63,1879.75,0.85239
2026-08-14 23:14:00+00:00,1879.75,1880.2,1879.74,1880,1389.957
2026-08-14 23:15:00+00:00,1880,1880.46,1879.99,1880,35.83978
2026-08-14 23:16:00+00:00,1880,1880.02,1879,1879.53,2691.323616208536604829
2026-08-14 23:17:00+00:00,1879.53,1879.98,1878.9,1879.15,173.47898
2026-08-14 23:18:00+00:00,1879.15,1879.15,1878.98,1878.98,0.10092
2026-08-14 23:19:00+00:00,1878.98,1879.33,1878.98,1878.98,113.85871
2026-08-14 23:20:00+00:00,1878.98,1879.02,1878.98,1879.02,0.21298
2026-08-14 23:21:00+00:00,1879.02,1879.02,1878.67,1878.98,32.55889
2026-08-14 23:22:00+00:00,1878.98,1879.56,1878.98,1879.55,66.96507
2026-08-14 23:23:00+00:00,1879.55,1880.12,1879.55,1880.12,0.28352
2026-08-14 23:24:00+00:00,1880.12,1880.12,1879.98,1879.98,1.35159
2026-08-14 23:25:00+00:00,1879.98,1880.02,1879.39,1879.8,158.35995
2026-08-14 23:26:00+00:00,1879.8,1879.8,1878.98,1879.33,144.46627
2026-08-14 23:27:00+00:00,1879.33,1879.59,1879.01,1879.53,1054.55778
2026-08-14 23:28:00+00:00,1879.53,1880.02,1879.02,1880.02,144.09444
2026-08-14 23:29:00+00:00,1880.02,1880.02,1879.98,1880,0.68515
2026-08-14 23:30:00+00:00,1880,1880,1880,1880,0
2026-08-14 23:31:00+00:00,1880,1880,1880,1880,0
2026-08-14 23:32:00+00:00,1880,1880.33,1880,1880.33,0.272454261419940542
2026-08-14 23:33:00+00:00,1880.33,1880.33,1879.99,1879.99,0.0823
2026-08-14 23:34:00+00:00,1879.99,1880,1879.44,1879.44,0.25438
2026-08-14 23:35:00+00:00,1879.44,1879.44,1879.44,1879.44,0
2026-08-14 23:36:00+00:00,1879.44,1879.44,1878.16,1879.3,4054.72293
2026-08-14 23:37:00+00:00,1879.3,1880.02,1879.04,1879.98,30.81798
2026-08-14 23:38:00+00:00,1879.98,1880.02,1879.98,1880.02,0.62057
2026-08-14 23:39:00+00:00,1880.02,1881.02,1880.02,1881.02,183.304962653678268939
2026-08-14 23:40:00+00:00,1881.02,1881.02,1879.65,1880.02,67.15145
2026-08-14 23:41:00+00:00,1880.02,1880.53,1880.01,1880.33,108.810068878924009647
2026-08-14 23:42:00+00:00,1880.33,1881,1880.33,1880.67,311.13777
2026-08-14 23:43:00+00:00,1880.67,1880.98,1879.98,1879.98,190.05558
2026-08-14 23:44:00+00:00,1879.98,1879.98,1879.55,1879.55,5546.5379
2026-08-14 23:45:00+00:00,1879.55,1880.02,1879.55,1879.98,0.40105
2026-08-14 23:46:00+00:00,1879.98,1880.02,1879.98,1879.98,0.69208
2026-08-14 23:47:00+00:00,1879.98,1880.05,1879.58,1879.59,22.66981
2026-08-14 23:48:00+00:00,1879.59,1880.02,1879.59,1880.02,0.85518
2026-08-14 23:49:00+00:00,1880.02,1880.18,1880,1880.01,0.70296
2026-08-14 23:50:00+00:00,1880.01,1880.02,1880,1880.01,0.85801
2026-08-14 23:51:00+00:00,1880.01,1880.04,1879.48,1880.01,32.07002
2026-08-14 23:52:00+00:00,1880.01,1880.85,1879.98,1880.84,90.41733
2026-08-14 23:53:00+00:00,1880.84,1881.42,1880.84,1881.01,2032.08083
2026-08-14 23:54:00+00:00,1881.01,1881.02,1880.98,1881.01,0.68265
2026-08-14 23:55:00+00:00,1881.01,1881.01,1880.98,1880.98,0.81182
2026-08-14 23:56:00+00:00,1880.98,1881.51,1880.98,1881.33,384.93551
2026-08-14 23:57:00+00:00,1881.33,1881.75,1881.02,1881.75,162.43721
2026-08-14 23:58:00+00:00,1881.75,1882.02,1881.73,1882.02,3.350002097925223277
2026-08-14 23:59:00+00:00,1882.02,1882.02,1881,1881.39,98.32256
2026-08-15 00:00:00+00:00,1881.39,1881.39,1880.92,1880.92,57.16942
2026-08-15 00:01:00+00:00,1880.92,1881.02,1880.92,1880.98,0.774680349916534646
2026-08-15 00:02:00+00:00,1880.98,1881.98,1880.98,1881.47,165.58287
2026-08-15 00:03:00+00:00,1881.47,1881.98,1880.98,1880.98,63.57303
2026-08-15 00:04:00+00:00,1880.98,1880.99,1880.98,1880.98,0.28406
2026-08-15 00:05:00+00:00,1880.98,1881.03,1880.98,1881,0.53982
2026-08-15 00:06:00+00:00,1881,1881.02,1881,1881.02,0.54554
2026-08-15 00:07:00+00:00,1881.02,1881.02,1881,1881.01,0.94411
2026-08-15 00:08:00+00:00,1881.01,1881.53,1881.01,1881.53,349.48847
2026-08-15 00:09:00+00:00,1881.53,1882.02,1881.53,1882.02,0.19851
2026-08-15 00:10:00+00:00,1882.02,1882.02,1881.99,1881.99,0.56683
2026-08-15 00:11:00+00:00,1881.99,1882.01,1881.98,1882,0.57898
2026-08-15 00:12:00+00:00,1882,1882,1881.98,1881.98,0.11881
2026-08-15 00:13:00+00:00,1881.98,1882.01,1880.99,1881.33,105.86823
2026-08-15 00:14:00+00:00,1881.33,1881.33,1880.97,1880.97,0.77549
2026-08-15 00:15:00+00:00,1880.97,1881.66,1880.97,1881.66,206.5597
2026-08-15 00:16:00+00:00,1881.66,1882.02,1881.16,1881.99,0.848540694175944409
2026-08-15 00:17:00+00:00,1881.99,1882.02,1881.99,1881.99,0.43693
2026-08-15 00:18:00+00:00,1881.99,1882.02,1881.49,1882.01,57.17611
2026-08-15 00:19:00+00:00,1882.01,1882.02,1882,1882.01,0.72265
2026-08-15 00:20:00+00:00,1882.01,1882.01,1881.57,1881.82,0.67984
2026-08-15 00:21:00+00:00,1881.82,1882.02,1881.82,1881.99,3.087429463691545567
2026-08-15 00:22:00+00:00,1881.99,1882.01,1881.99,1882,2.00776
2026-08-15 00:23:00+00:00,1882,1882,1880.98,1881.53,94.522199305824055591
2026-08-15 00:24:00+00:00,1881.53,1882.04,1881.02,1882,71.22615
2026-08-15 00:25:00+00:00,1882,1882.01,1881.99,1881.99,0.93681
2026-08-15 00:26:00+00:00,1881.99,1882.02,1881.35,1881.35,71.84371
2026-08-15 00:27:00+00:00,1881.35,1881.35,1880.97,1881.33,63.14914
2026-08-15 00:28:00+00:00,1881.33,1882.37,1881.02,1881.87,243.41194
2026-08-15 00:29:00+00:00,1881.87,1882.18,1881.87,1882.14,0.28403
2026-08-15 00:30:00+00:00,1882.14,1882.14,1882.14,1882.14,0
2026-08-15 00:31:00+00:00,1882.14,1882.57,1882.14,1882.57,0.10533
2026-08-15 00:32:00+00:00,1882.57,1882.57,1882.57,1882.57,0
2026-08-15 00:33:00+00:00,1882.57,1882.71,1882.57,1882.71,0.1631
2026-08-15 00:34:00+00:00,1882.71,1882.71,1881.96,1882.22,1.13453
2026-08-15 00:35:00+00:00,1882.22,1882.22,1881.92,1881.92,0.08778
2026-08-15 00:36:00+00:00,1881.92,1881.92,1881.92,1881.92,0
2026-08-15 00:37:00+00:00,1881.92,1882.07,1881.68,1881.68,1.98881
2026-08-15 00:38:00+00:00,1881.68,1881.68,1881.53,1881.53,0.23956
2026-08-15 00:39:00+00:00,1881.53,1881.53,1881.53,1881.53,0
2026-08-15 00:40:00+00:00,1881.53,1881.53,1881.53,1881.53,0
2026-08-15 00:41:00+00:00,1881.53,1881.87,1880.73,1881.87,2.372924486591441853
2026-08-15 00:42:00+00:00,1881.87,1881.87,1881.87,1881.87,0.08426
2026-08-15 00:43:00+00:00,1881.87,1881.87,1881.87,1881.87,0
2026-08-15 00:44:00+00:00,1881.87,1882.25,1881.87,1881.97,0.2007
2026-08-15 00:45:00+00:00,1881.97,1881.97,1881.97,1881.97,0
2026-08-15 00:46:00+00:00,1881.97,1881.97,1881.97,1881.97,0
2026-08-15 00:47:00+00:00,1881.97,1881.99,1881.97,1881.99,0.07628
2026-08-15 00:48:00+00:00,1881.99,1882.01,1880.73,1880.73,3.23213
2026-08-15 00:49:00+00:00,1880.73,1880.73,1880.73,1880.73,0
2026-08-15 00:50:00+00:00,1880.73,1880.73,1880.73,1880.73,0
2026-08-15 00:51:00+00:00,1880.73,1880.73,1880.73,1880.73,0
2026-08-15 00:52:00+00:00,1880.73,1881.38,1880.73,1881,20.79647
2026-08-15 00:53:00+00:00,1881,1881.33,1880.99,1881,26.07462
2026-08-15 00:54:00+00:00,1881,1881,1880.98,1880.98,0.063795174958267323
2026-08-15 00:55:00+00:00,1880.98,1882.01,1880.98,1881.98,180.157626208536604829
2026-08-15 00:56:00+00:00,1881.98,1881.98,1881.98,1881.98,0
2026-08-15 00:57:00+00:00,1881.98,1881.98,1881.98,1881.98,0
2026-08-15 00:58:00+00:00,1881.98,1881.98,1881.57,1881.58,110.76299
2026-08-15 00:59:00+00:00,1881.58,1881.98,1881.56,1881.67,276.79824
2026-08-15 01:00:00+00:00,1881.67,1882.02,1881.67,1882,0.39354
2026-08-15 01:01:00+00:00,1882,1882,1881.47,1881.47,195.55075
2026-08-15 01:02:00+00:00,1881.47,1881.47,1880.98,1880.98,13.69029
2026-08-15 01:03:00+00:00,1880.98,1881.02,1880.98,1880.98,0.34897
2026-08-15 01:04:00+00:00,1880.98,1881.02,1880.98,1880.99,0.45079
2026-08-15 01:05:00+00:00,1880.99,1880.99,1880.96,1880.99,0.3243
2026-08-15 01:06:00+00:00,1880.99,1881.01,1880.02,1880.43,2221.869335513408558147
2026-08-15 01:07:00+00:00,1880.43,1880.52,1880.02,1880.51,253.08453
2026-08-15 01:08:00+00:00,1880.51,1880.64,1880.01,1880.53,290.80293
2026-08-15 01:09:00+00:00,1880.53,1881.02,1880.53,1881,0.42138
2026-08-15 01:10:00+00:00,1881,1881.5,1880.98,1880.99,2026.25438
2026-08-15 01:11:00+00:00,1880.99,1881.49,1880.99,1881.33,377.37436
2026-08-15 01:12:00+00:00,1881.33,1881.71,1881.02,1881.67,64.41843
2026-08-15 01:13:00+00:00,1881.67,1882.01,1881.67,1881.98,1.34711
2026-08-15 01:14:00+00:00,1881.98,1882.01,1881.97,1882,1.03128
2026-08-15 01:15:00+00:00,1882,1882.02,1881.99,1882.01,1.54764
2026-08-15 01:16:00+00:00,1882.01,1882.01,1881.57,1881.67,534.72331
2026-08-15 01:17:00+00:00,1881.67,1881.99,1881.56,1881.58,409.47616
2026-08-15 01:18:00+00:00,1881.58,1882,1881.55,1881.98,63.11727
2026-08-15 01:19:00+00:00,1881.98,1881.98,1881.98,1881.98,0
2026-08-15 01:20:00+00:00,1881.98,1881.98,1881.98,1881.98,0.11578
2026-08-15 01:21:00+00:00,1881.98,1881.98,1881.58,1881.58,436.60861
2026-08-15 01:22:00+00:00,1881.58,1882.02,1881.58,1881.98,64.11155
2026-08-15 01:23:00+00:00,1881.98,1882.58,1881.98,1881.98,1103.64569
2026-08-15 01:24:00+00:00,1881.98,1883.08,1881.98,1883.07,1488.14144
2026-08-15 01:25:00+00:00,1883.07,1883.07,1882.99,1882.99,0.54325
2026-08-15 01:26:00+00:00,1882.99,1883.01,1882.99,1883.01,0.07582
2026-08-15 01:27:00+00:00,1883.01,1883.02,1882.51,1883.02,1241.79824
2026-08-15 01:28:00+00:00,1883.02,1883.65,1883.01,1883.02,73.65055
2026-08-15 01:29:00+00:00,1883.02,1883.02,1882.98,1882.98,0.21721
2026-08-15 01:30:00+00:00,1882.98,1882.98,1882.98,1882.98,0
2026-08-15 01:31:00+00:00,1882.98,1882.98,1882.98,1882.98,0
2026-08-15 01:32:00+00:00,1882.98,1882.98,1882.98,1882.98,0
2026-08-15 01:33:00+00:00,1882.98,1882.98,1882.98,1882.98,0
2026-08-15 01:34:00+00:00,1882.98,1882.98,1882.98,1882.98,0
2026-08-15 01:35:00+00:00,1882.98,1882.98,1882.98,1882.98,0
2026-08-15 01:36:00+00:00,1882.98,1882.98,1882.98,1882.98,0
2026-08-15 01:37:00+00:00,1882.98,1882.98,1882.98,1882.98,0
2026-08-15 01:38:00+00:00,1882.98,1882.98,1882.98,1882.98,0
2026-08-15 01:39:00+00:00,1882.98,1882.98,1882.98,1882.98,0
2026-08-15 01:40:00+00:00,1882.98,1882.98,1882.98,1882.98,0
2026-08-15 01:41:00+00:00,1882.98,1882.98,1882.98,1882.98,0
2026-08-15 01:42:00+00:00,1882.98,1882.98,1882.98,1882.98,0
2026-08-15 01:43:00+00:00,1882.98,1882.98,1882.98,1882.98,0
2026-08-15 01:44:00+00:00,1882.98,1882.98,1882.98,1882.98,0
2026-08-15 01:45:00+00:00,1882.98,1882.98,1882.98,1882.98,0
2026-08-15 01:46:00+00:00,1882.98,1882.98,1882.98,1882.98,0
2026-08-15 01:47:00+00:00,1882.98,1882.98,1882.98,1882.98,0
2026-08-15 01:48:00+00:00,1882.98,1882.98,1882.98,1882.98,0
2026-08-15 01:49:00+00:00,1882.98,1882.98,1882.98,1882.98,0
2026-08-15 01:50:00+00:00,1882.98,1882.98,1882.98,1882.98,0
2026-08-15 01:51:00+00:00,1882.98,1882.98,1882.98,1882.98,0
2026-08-15 01:52:00+00:00,1882.98,1882.98,1882.98,1882.98,0
2026-08-15 01:53:00+00:00,1882.98,1882.98,1882.98,1882.98,0
2026-08-15 01:54:00+00:00,1882.98,1883.5,1882.98,1883.28,2.1576
2026-08-15 01:55:00+00:00,1883.28,1883.28,1883.28,1883.28,0
2026-08-15 01:56:00+00:00,1883.28,1883.28,1883.28,1883.28,0
2026-08-15 01:57:00+00:00,1883.28,1883.36,1883.28,1883.36,0.34927
2026-08-15 01:58:00+00:00,1883.36,1883.36,1883.33,1883.34,1.20298
2026-08-15 01:59:00+00:00,1883.34,1883.35,1883.33,1883.34,2.54608
2026-08-15 02:00:00+00:00,1883.34,1883.35,1883.34,1883.34,0.39133
2026-08-15 02:01:00+00:00,1883.34,1883.63,1883.34,1883.63,2.622
2026-08-15 02:02:00+00:00,1883.63,1883.8,1883.48,1883.8,3.240708303570440836
2026-08-15 02:03:00+00:00,1883.8,1884.11,1883.27,1883.27,5.065190874749903633
2026-08-15 02:04:00+00:00,1883.27,1884.16,1883.15,1883.15,1.722287707022724468
2026-08-15 02:05:00+00:00,1883.15,1884.15,1883.15,1884.12,0.59144
2026-08-15 02:06:00+00:00,1884.12,1884.12,1884.12,1884.12,0
2026-08-15 02:07:00+00:00,1884.12,1884.12,1884.12,1884.12,0
2026-08-15 02:08:00+00:00,1884.12,1884.12,1883.95,1883.95,0.11121
2026-08-15 02:09:00+00:00,1883.95,1883.95,1883.95,1883.95,0
2026-08-15 02:10:00+00:00,1883.95,1883.95,1883.95,1883.95,0
2026-08-15 02:11:00+00:00,1883.95,1883.95,1883.95,1883.95,0
2026-08-15 02:12:00+00:00,1883.95,1883.95,1883.95,1883.95,0
2026-08-15 02:13:00+00:00,1883.95,1883.95,1883.95,1883.95,0
2026-08-15 02:14:00+00:00,1883.95,1884.07,1883.68,1884.07,4.13555
2026-08-15 02:15:00+00:00,1884.07,1885,1884.02,1885,262.842832712836499055
2026-08-15 02:16:00+00:00,1885,1885,1884.01,1884.44,180.142510491255885692
2026-08-15 02:17:00+00:00,1884.44,1885.01,1884.02,1884.99,94.533
2026-08-15 02:18:00+00:00,1884.99,1885.01,1884.54,1884.55,142.50511
2026-08-15 02:19:00+00:00,1884.55,1885.02,1884.45,1884.67,322.506051795543905635
2026-08-15 02:20:00+00:00,1884.67,1884.99,1884.56,1884.99,63.1777
2026-08-15 02:21:00+00:00,1884.99,1885.02,1884.99,1884.99,0.16445
2026-08-15 02:22:00+00:00,1884.99,1885.02,1884.99,1885.02,0.26642
2026-08-15 02:23:00+00:00,1885.02,1885.02,1884.57,1884.57,125.66797
2026-08-15 02:24:00+00:00,1884.57,1885.01,1884.57,1885.01,251.50047
2026-08-15 02:25:00+00:00,1885.01,1885.02,1885.01,1885.01,0.49693
2026-08-15 02:26:00+00:00,1885.01,1885.03,1885.01,1885.03,0.21147
2026-08-15 02:27:00+00:00,1885.03,1885.03,1884.5,1884.5,351.97559
2026-08-15 02:28:00+00:00,1884.5,1884.98,1884.19,1884.19,53.66747
2026-08-15 02:29:00+00:00,1884.19,1884.23,1884.19,1884.23,0.10699
2026-08-15 02:30:00+00:00,1884.23,1884.23,1884.23,1884.23,0
2026-08-15 02:31:00+00:00,1884.23,1884.23,1884.23,1884.23,0
2026-08-15 02:32:00+00:00,1884.23,1884.23,1884.23,1884.23,0
2026-08-15 02:33:00+00:00,1884.23,1884.23,1884.23,1884.23,0
2026-08-15 02:34:00+00:00,1884.23,1884.23,1884.23,1884.23,0
2026-08-15 02:35:00+00:00,1884.23,1884.23,1884.23,1884.23,0
2026-08-15 02:36:00+00:00,1884.23,1884.23,1883.47,1883.67,57.18854
2026-08-15 02:37:00+00:00,1883.67,1883.67,1883.67,1883.67,0
2026-08-15 02:38:00+00:00,1883.67,1884.98,1883.67,1884.53,172.66109
2026-08-15 02:39:00+00:00,1884.53,1884.98,1884.49,1884.52,286.37732
2026-08-15 02:40:00+00:00,1884.52,1884.52,1884.52,1884.52,0
2026-08-15 02:41:00+00:00,1884.52,1884.56,1884.52,1884.56,0.07892
2026-08-15 02:42:00+00:00,1884.56,1884.56,1883.48,1883.8,171.531
2026-08-15 02:43:00+00:00,1883.8,1883.98,1883.67,1883.67,59.1015
2026-08-15 02:44:00+00:00,1883.67,1883.67,1883.67,1883.67,0
2026-08-15 02:45:00+00:00,1883.67,1883.67,1883.67,1883.67,0
2026-08-15 02:46:00+00:00,1883.67,1883.67,1883.67,1883.67,0
2026-08-15 02:47:00+00:00,1883.67,1883.67,1883.67,1883.67,0
2026-08-15 02:48:00+00:00,1883.67,1883.98,1883.36,1883.45,298.54483
2026-08-15 02:49:00+00:00,1883.45,1883.98,1883.45,1883.8,31.9096
2026-08-15 02:50:00+00:00,1883.8,1883.8,1883.8,1883.8,0
2026-08-15 02:51:00+00:00,1883.8,1885.26,1883.8,1885.26,0.352905086491111425
2026-08-15 02:52:00+00:00,1885.26,1885.26,1885.26,1885.26,0
2026-08-15 02:53:00+00:00,1885.26,1885.26,1883.16,1883.47,292.89036
2026-08-15 02:54:00+00:00,1883.47,1883.47,1883.47,1883.47,0
2026-08-15 02:55:00+00:00,1883.47,1884.02,1883.47,1884.02,0.35499
2026-08-15 02:56:00+00:00,1884.02,1884.02,1883.83,1883.83,6.6067
2026-08-15 02:57:00+00:00,1883.83,1883.84,1883.83,1883.84,0.14343
2026-08-15 02:58:00+00:00,1883.84,1884.02,1883.84,1884.01,0.68882
2026-08-15 02:59:00+00:00,1884.01,1884.02,1883.98,1884.02,1.02194
2026-08-15 03:00:00+00:00,1884.02,1884.02,1883.99,1884.01,1.07385
2026-08-15 03:01:00+00:00,1884.01,1884.02,1884.01,1884.01,0.45525
2026-08-15 03:02:00+00:00,1884.01,1884.4,1883.98,1884.4,32.37459
2026-08-15 03:03:00+00:00,1884.4,1884.49,1884.4,1884.49,0.24702
2026-08-15 03:04:00+00:00,1884.49,1884.53,1884.49,1884.52,0.72165
2026-08-15 03:05:00+00:00,1884.52,1885.02,1884.52,1884.99,0.65627
2026-08-15 03:06:00+00:00,1884.99,1885.01,1884.98,1885.01,0.43272
2026-08-15 03:07:00+00:00,1885.01,1885.01,1884.99,1885.01,0.36065
2026-08-15 03:08:00+00:00,1885.01,1885.02,1885.01,1885.01,0.58376
2026-08-15 03:09:00+00:00,1885.01,1885.01,1884.98,1884.98,0.35682
2026-08-15 03:10:00+00:00,1884.98,1885.03,1884.98,1885.02,0.32731
2026-08-15 03:11:00+00:00,1885.02,1885.02,1885,1885,0.16733
2026-08-15 03:12:00+00:00,1885,1885.03,1884.49,1884.99,103.056910491255885692
2026-08-15 03:13:00+00:00,1884.99,1885.02,1884.98,1884.99,1.45327
2026-08-15 03:14:00+00:00,1884.99,1885.57,1884.99,1885.02,36.697474913508888575
2026-08-15 03:15:00+00:00,1885.02,1885.64,1884.98,1884.98,1594.78283
2026-08-15 03:16:00+00:00,1884.98,1885.77,1884.98,1885.76,93.80236
2026-08-15 03:17:00+00:00,1885.76,1885.77,1885.75,1885.76,1.43327
2026-08-15 03:18:00+00:00,1885.76,1885.98,1885.67,1885.67,113.1935
2026-08-15 03:19:00+00:00,1885.67,1885.98,1884.63,1884.63,2188.48121
2026-08-15 03:20:00+00:00,1884.63,1884.98,1884.43,1884.47,99.70228
2026-08-15 03:21:00+00:00,1884.47,1884.98,1884.01,1884.24,49.0965
2026-08-15 03:22:00+00:00,1884.24,1884.72,1883.98,1884.72,357.53736
2026-08-15 03:23:00+00:00,1884.72,1884.99,1884.72,1884.96,0.49646
2026-08-15 03:24:00+00:00,1884.96,1884.96,1884.96,1884.96,0
2026-08-15 03:25:00+00:00,1884.96,1884.98,1883.99,1883.99,35.75926
2026-08-15 03:26:00+00:00,1883.99,1884,1883.99,1883.99,0.15087
2026-08-15 03:27:00+00:00,1883.99,1884.01,1883.98,1884.01,0.68164
2026-08-15 03:28:00+00:00,1884.01,1884.03,1883.98,1884.03,0.86665
2026-08-15 03:29:00+00:00,1884.03,1884.03,1884.03,1884.03,0
2026-08-15 03:30:00+00:00,1884.03,1884.03,1884.03,1884.03,0
2026-08-15 03:31:00+00:00,1884.03,1884.03,1884.03,1884.03,0
2026-08-15 03:32:00+00:00,1884.03,1884.03,1884.03,1884.03,0
2026-08-15 03:33:00+00:00,1884.03,1884.03,1884.03,1884.03,0
2026-08-15 03:34:00+00:00,1884.03,1884.03,1882.64,1882.64,2.343289525839104954
2026-08-15 03:35:00+00:00,1882.64,1882.64,1882.64,1882.64,0
2026-08-15 03:36:00+00:00,1882.64,1882.64,1882.64,1882.64,0
2026-08-15 03:37:00+00:00,1882.64,1882.64,1882.64,1882.64,0
2026-08-15 03:38:00+00:00,1882.64,1882.65,1882.27,1882.27,0.18373
2026-08-15 03:39:00+00:00,1882.27,1882.43,1882.02,1882.41,185.52167
2026-08-15 03:40:00+00:00,1882.41,1883.05,1882.41,1883.01,10.15306
2026-08-15 03:41:00+00:00,1883.01,1883.01,1883.01,1883.01,0
2026-08-15 03:42:00+00:00,1883.01,1883.01,1883.01,1883.01,0
2026-08-15 03:43:00+00:00,1883.01,1883.01,1882.17,1882.17,94.48178
2026-08-15 03:44:00+00:00,1882.17,1882.17,1881.99,1881.99,0.39721
2026-08-15 03:45:00+00:00,1881.99,1882.4,1881.99,1882.4,42.29233
2026-08-15 03:46:00+00:00,1882.4,1882.4,1882.02,1882.33,36.0005
2026-08-15 03:47:00+00:00,1882.33,1882.43,1881.98,1881.98,32.480339472521339335
2026-08-15 03:48:00+00:00,1881.98,1882.33,1881.98,1882.33,31.380994524999511407
2026-08-15 03:49:00+00:00,1882.33,1882.51,1882.01,1882.5,598.200815475000488593
2026-08-15 03:50:00+00:00,1882.5,1882.51,1881.98,1881.98,440.98482170564653438
2026-08-15 03:51:00+00:00,1881.98,1882.04,1881.98,1882.04,10.598120661498535047
2026-08-15 03:52:00+00:00,1882.04,1882.68,1882.02,1882.68,245.977579338501464953
2026-08-15 03:53:00+00:00,1882.68,1882.99,1882.68,1882.99,0.60678
2026-08-15 03:54:00+00:00,1882.99,1882.99,1882.98,1882.98,0.223085053832548108
2026-08-15 03:55:00+00:00,1882.98,1882.98,1882.98,1882.98,0
2026-08-15 03:56:00+00:00,1882.98,1882.98,1882.98,1882.98,0
2026-08-15 03:57:00+00:00,1882.98,1882.98,1882.98,1882.98,0
2026-08-15 03:58:00+00:00,1882.98,1883.02,1881.64,1882.01,286.624302917421836787
2026-08-15 03:59:00+00:00,1882.01,1882.01,1881.98,1881.98,0.61395
2026-08-15 04:00:00+00:00,1881.98,1882.02,1881.98,1882,0.86863
2026-08-15 04:01:00+00:00,1882,1882.43,1881.98,1882.33,539.56933
2026-08-15 04:02:00+00:00,1882.33,1882.49,1882.02,1882.33,345.44276
2026-08-15 04:03:00+00:00,1882.33,1882.33,1882.02,1882.33,345.191
2026-08-15 04:04:00+00:00,1882.33,1882.52,1882.02,1882.33,376.78157
2026-08-15 04:05:00+00:00,1882.33,1882.52,1882,1882,63.12941
2026-08-15 04:06:00+00:00,1882,1883.02,1882,1883.02,236.27747
2026-08-15 04:07:00+00:00,1883.02,1883.02,1882.01,1882.01,729.70075
2026-08-15 04:08:00+00:00,1882.01,1882.01,1881.98,1881.98,0.079
2026-08-15 04:09:00+00:00,1881.98,1882.53,1881.98,1882.33,270.17337
2026-08-15 04:10:00+00:00,1882.33,1882.53,1881.98,1881.98,0.41743
2026-08-15 04:11:00+00:00,1881.98,1882.02,1881.98,1881.98,0.39731
2026-08-15 04:12:00+00:00,1881.98,1882.53,1881.98,1882.33,314.79007
2026-08-15 04:13:00+00:00,1882.33,1882.99,1882.02,1882.99,94.30438
2026-08-15 04:14:00+00:00,1882.99,1883.02,1882.98,1883,1.54027
2026-08-15 04:15:00+00:00,1883,1883.01,1882.99,1883,2.00588
2026-08-15 04:16:00+00:00,1883,1883.01,1882.67,1882.67,63.87035
2026-08-15 04:17:00+00:00,1882.67,1883,1882.67,1882.99,0.64941
2026-08-15 04:18:00+00:00,1882.99,1883.02,1882.98,1883.02,0.75943
2026-08-15 04:19:00+00:00,1883.02,1883.02,1882.98,1882.99,0.69318
2026-08-15 04:20:00+00:00,1882.99,1883.02,1882.99,1883.01,0.35089
2026-08-15 04:21:00+00:00,1883.01,1883.02,1882.98,1882.98,1.00972
2026-08-15 04:22:00+00:00,1882.98,1882.99,1882.98,1882.98,0.2241
2026-08-15 04:23:00+00:00,1882.98,1883.01,1882.98,1883,1.10345
2026-08-15 04:24:00+00:00,1883,1883.3,1882.98,1883.3,0.60657
2026-08-15 04:25:00+00:00,1883.3,1883.49,1883,1883.49,2160.13988
2026-08-15 04:26:00+00:00,1883.49,1883.64,1883.02,1883.53,35.79829
2026-08-15 04:27:00+00:00,1883.53,1883.53,1883.53,1883.53,0
2026-08-15 04:28:00+00:00,1883.53,1883.71,1883.53,1883.71,0.12755
2026-08-15 04:29:00+00:00,1883.71,1883.74,1883.67,1883.74,0.31218
2026-08-15 04:30:00+00:00,1883.74,1883.74,1883.74,1883.74,0
2026-08-15 04:31:00+00:00,1883.74,1883.74,1883.74,1883.74,0
2026-08-15 04:32:00+00:00,1883.74,1883.74,1883.58,1883.74,0.17994
2026-08-15 04:33:00+00:00,1883.74,1884.36,1883.74,1884.36,4763.293514537083640178
2026-08-15 04:34:00+00:00,1884.36,1884.36,1883.47,1883.67,408.13248
2026-08-15 04:35:00+00:00,1883.67,1883.98,1883.67,1883.67,282.25754
2026-08-15 04:36:00+00:00,1883.67,1883.67,1883.67,1883.67,0
2026-08-15 04:37:00+00:00,1883.67,1883.67,1883.67,1883.67,0
2026-08-15 04:38:00+00:00,1883.67,1884,1883.67,1884,0.07345
2026-08-15 04:39:00+00:00,1884,1884.2,1884,1884.18,0.15253
2026-08-15 04:40:00+00:00,1884.18,1884.18,1884.18,1884.18,0
2026-08-15 04:41:00+00:00,1884.18,1884.18,1884.18,1884.18,0
2026-08-15 04:42:00+00:00,1884.18,1884.75,1884.18,1884.75,3.322841693233675372
2026-08-15 04:43:00+00:00,1884.75,1884.75,1884.75,1884.75,0
2026-08-15 04:44:00+00:00,1884.75,1885.01,1884.71,1885,1.36931
2026-08-15 04:45:00+00:00,1885,1885.01,1885,1885.01,0.07875
2026-08-15 04:46:00+00:00,1885.01,1885.01,1885.01,1885.01,0
2026-08-15 04:47:00+00:00,1885.01,1885.01,1883.98,1884,38.1471
2026-08-15 04:48:00+00:00,1884,1884.49,1883.99,1884.02,42.731652633765028888
2026-08-15 04:49:00+00:00,1884.02,1884.02,1884.02,1884.02,0
2026-08-15 04:50:00+00:00,1884.02,1884.02,1884.02,1884.02,0
2026-08-15 04:51:00+00:00,1884.02,1884.02,1884.02,1884.02,0
2026-08-15 04:52:00+00:00,1884.02,1884.02,1883.99,1883.99,0.29556
2026-08-15 04:53:00+00:00,1883.99,1883.99,1883.99,1883.99,0
2026-08-15 04:54:00+00:00,1883.99,1883.99,1883.99,1883.99,0
2026-08-15 04:55:00+00:00,1883.99,1883.99,1883.99,1883.99,0
2026-08-15 04:56:00+00:00,1883.99,1883.99,1883.99,1883.99,0
2026-08-15 04:57:00+00:00,1883.99,1883.99,1883.99,1883.99,0
2026-08-15 04:58:00+00:00,1883.99,1883.99,1883.99,1883.99,0
2026-08-15 04:59:00+00:00,1883.99,1883.99,1883.99,1883.99,0
2026-08-15 05:00:00+00:00,1883.99,1883.99,1883.99,1883.99,0
2026-08-15 05:01:00+00:00,1883.99,1883.99,1883.59,1883.67,382.0021
2026-08-15 05:02:00+00:00,1883.67,1883.98,1883.55,1883.55,31.65154
2026-08-15 05:03:00+00:00,1883.55,1883.56,1883.53,1883.55,0.32556
2026-08-15 05:04:00+00:00,1883.55,1883.96,1883.15,1883.47,43.224378954585244102
2026-08-15 05:05:00+00:00,1883.47,1884.36,1883,1883.33,189.13135697822623473
2026-08-15 05:06:00+00:00,1883.33,1883.98,1883.02,1883.96,286.73398
2026-08-15 05:07:00+00:00,1883.96,1883.96,1883.96,1883.96,0
2026-08-15 05:08:00+00:00,1883.96,1884.44,1883.96,1883.96,2031.746406510886882635
2026-08-15 05:09:00+00:00,1883.96,1884.46,1883.96,1884,0.8091
2026-08-15 05:10:00+00:00,1884,1884.02,1883.98,1883.98,0.53168
2026-08-15 05:11:00+00:00,1883.98,1884.03,1883.98,1884.01,0.73688
2026-08-15 05:12:00+00:00,1884.01,1884.12,1884.01,1884.12,0.49416
2026-08-15 05:13:00+00:00,1884.12,1884.12,1884.01,1884.01,0.18089
2026-08-15 05:14:00+00:00,1884.01,1884.01,1883.98,1884.01,0.93294
2026-08-15 05:15:00+00:00,1884.01,1884.03,1883.98,1884.02,0.74244
2026-08-15 05:16:00+00:00,1884.02,1884.51,1884.01,1884.06,0.316328954585244102
2026-08-15 05:17:00+00:00,1884.06,1884.06,1882.68,1883.47,18.175085043819987753
2026-08-15 05:18:00+00:00,1883.47,1884.51,1883.47,1884,0.336131546936966652
2026-08-15 05:19:00+00:00,1884,1884.02,1883.7,1884,0.652
2026-08-15 05:20:00+00:00,1884,1884.02,1883.98,1884.01,0.65737
2026-08-15 05:21:00+00:00,1884.01,1884.01,1883.5,1883.52,93.07342
2026-08-15 05:22:00+00:00,1883.52,1883.98,1882.93,1882.99,36.476008132538700362
2026-08-15 05:23:00+00:00,1882.99,1884,1882.99,1883.01,1.36435380234411231
2026-08-15 05:24:00+00:00,1883.01,1883.01,1882.25,1882.52,30.919295043819987753
2026-08-15 05:25:00+00:00,1882.52,1883.02,1882.52,1882.67,63.40259
2026-08-15 05:26:00+00:00,1882.67,1883,1882.53,1883,92.33548
2026-08-15 05:27:00+00:00,1883,1883.02,1883,1883.01,0.2518
2026-08-15 05:28:00+00:00,1883.01,1883.04,1883,1883.01,0.65442
2026-08-15 05:29:00+00:00,1883.01,1883.01,1883.01,1883.01,0
2026-08-15 05:30:00+00:00,1883.01,1883.01,1883.01,1883.01,0
2026-08-15 05:31:00+00:00,1883.01,1883.01,1883.01,1883.01,0
2026-08-15 05:32:00+00:00,1883.01,1883.01,1883.01,1883.01,0
2026-08-15 05:33:00+00:00,1883.01,1883.01,1883.01,1883.01,0
2026-08-15 05:34:00+00:00,1883.01,1883.01,1883.01,1883.01,0
2026-08-15 05:35:00+00:00,1883.01,1883.01,1882.24,1882.24,548.6847
2026-08-15 05:36:00+00:00,1882.24,1882.24,1881.4,1881.4,117.58276
2026-08-15 05:37:00+00:00,1881.4,1881.98,1881.4,1881.53,72.41655
2026-08-15 05:38:00+00:00,1881.53,1881.53,1880.67,1881.02,10.755693856610415705
2026-08-15 05:39:00+00:00,1881.02,1881.02,1880.47,1880.49,2381.083652658478171021
2026-08-15 05:40:00+00:00,1880.49,1880.53,1879.81,1880.02,9.972281374761151384
2026-08-15 05:41:00+00:00,1880.02,1880.45,1880.01,1880.45,89.01866
2026-08-15 05:42:00+00:00,1880.45,1880.63,1880.01,1880.32,390.45699
2026-08-15 05:43:00+00:00,1880.32,1880.33,1880.02,1880.02,0.20946
2026-08-15 05:44:00+00:00,1880.02,1880.57,1879.15,1880.53,2220.28183618551052764
2026-08-15 05:45:00+00:00,1880.53,1880.79,1880.02,1880.77,83.01587
2026-08-15 05:46:00+00:00,1880.77,1881.02,1880.33,1880.36,2156.57738
2026-08-15 05:47:00+00:00,1880.36,1880.36,1880.02,1880.02,0.023933496790252152
2026-08-15 05:48:00+00:00,1880.02,1880.02,1879.99,1880,0.272273496790252152
2026-08-15 05:49:00+00:00,1880,1880.01,1879.41,1879.67,2350.60283
2026-08-15 05:50:00+00:00,1879.67,1879.98,1878.98,1878.98,218.98259
2026-08-15 05:51:00+00:00,1878.98,1878.99,1878.98,1878.98,0.16153
2026-08-15 05:52:00+00:00,1878.98,1879.74,1878.98,1879.74,129.85279
2026-08-15 05:53:00+00:00,1879.74,1880.02,1878.67,1879.98,36.03844
2026-08-15 05:54:00+00:00,1879.98,1879.98,1879.98,1879.98,0
2026-08-15 05:55:00+00:00,1879.98,1879.99,1879.5,1879.67,567.04925
2026-08-15 05:56:00+00:00,1879.67,1879.98,1879.15,1879.15,608.3174
2026-08-15 05:57:00+00:00,1879.15,1879.98,1878.96,1879.98,285.20109
2026-08-15 05:58:00+00:00,1879.98,1880.02,1879.47,1879.98,167.13162
2026-08-15 05:59:00+00:00,1879.98,1880.02,1879.98,1880.02,0.12181
2026-08-15 06:00:00+00:00,1880.02,1880.02,1879.98,1880.01,1.64563
2026-08-15 06:01:00+00:00,1880.01,1880.02,1879.98,1880.02,1.09674
2026-08-15 06:02:00+00:00,1880.02,1880.02,1879.98,1880.01,0.90976
2026-08-15 06:03:00+00:00,1880.01,1880.53,1880.01,1880.36,1105.72594
2026-08-15 06:04:00+00:00,1880.36,1880.36,1879.98,1880,0.87269
2026-08-15 06:05:00+00:00,1880,1880,1879.98,1879.98,0.26029
2026-08-15 06:06:00+00:00,1879.98,1880,1879.98,1879.99,0.20848
2026-08-15 06:07:00+00:00,1879.99,1880.58,1879.99,1880.58,175.62857
2026-08-15 06:08:00+00:00,1880.58,1880.58,1880.04,1880.45,29.17327
2026-08-15 06:09:00+00:00,1880.45,1880.45,1880.04,1880.33,25.1225
2026-08-15 06:10:00+00:00,1880.33,1881.02,1879.99,1881.02,49.76422
2026-08-15 06:11:00+00:00,1881.02,1881.02,1880.99,1880.99,0.07611
2026-08-15 06:12:00+00:00,1880.99,1880.99,1880,1880,13.75293
2026-08-15 06:13:00+00:00,1880,1880.02,1879.99,1880,2.10171
2026-08-15 06:14:00+00:00,1880,1880.02,1879.41,1879.41,2123.32497
2026-08-15 06:15:00+00:00,1879.41,1880.03,1879.41,1880.03,0.71522
2026-08-15 06:16:00+00:00,1880.03,1880.04,1879.97,1879.99,0.60894
2026-08-15 06:17:00+00:00,1879.99,1880.02,1879.98,1880.01,1.669191635477602752
2026-08-15 06:18:00+00:00,1880.01,1880.02,1879.98,1879.99,1.55323
2026-08-15 06:19:00+00:00,1879.99,1880.02,1879.98,1879.98,1.31002
2026-08-15 06:20:00+00:00,1879.98,1880.01,1879.98,1879.99,1.92742
2026-08-15 06:21:00+00:00,1879.99,1880.02,1879.99,1880.02,2.11358
2026-08-15 06:22:00+00:00,1880.02,1880.57,1879.98,1879.98,307.706439494344679425
2026-08-15 06:23:00+00:00,1879.98,1880.5,1879.98,1880.02,189.022454670557419726
2026-08-15 06:24:00+00:00,1880.02,1880.02,1880,1880.01,0.53347
2026-08-15 06:25:00+00:00,1880.01,1880.83,1880,1880.52,38.674083985541743333
2026-08-15 06:26:00+00:00,1880.52,1880.52,1879.99,1880.02,0.91401
2026-08-15 06:27:00+00:00,1880.02,1880.02,1879.61,1880.02,28.02958
2026-08-15 06:28:00+00:00,1880.02,1880.02,1879.67,1879.67,31.69389
2026-08-15 06:29:00+00:00,1879.67,1879.7,1879.2,1879.7,13.10506
2026-08-15 06:30:00+00:00,1879.7,1879.7,1879.7,1879.7,0
2026-08-15 06:31:00+00:00,1879.7,1879.7,1879.7,1879.7,0
2026-08-15 06:32:00+00:00,1879.7,1879.7,1879.7,1879.7,0
2026-08-15 06:33:00+00:00,1879.7,1879.7,1879.7,1879.7,0
2026-08-15 06:34:00+00:00,1879.7,1879.7,1879.7,1879.7,0
2026-08-15 06:35:00+00:00,1879.7,1879.7,1879.7,1879.7,0
2026-08-15 06:36:00+00:00,1879.7,1879.7,1879.7,1879.7,0
2026-08-15 06:37:00+00:00,1879.7,1879.7,1879.7,1879.7,0
2026-08-15 06:38:00+00:00,1879.7,1879.7,1878.77,1878.77,0.239616629147344724
2026-08-15 06:39:00+00:00,1878.77,1878.77,1878.77,1878.77,0
2026-08-15 06:40:00+00:00,1878.77,1880.11,1878.77,1880.11,0.963729962522815748
2026-08-15 06:41:00+00:00,1880.11,1880.11,1880.11,1880.11,0
2026-08-15 06:42:00+00:00,1880.11,1880.37,1879.93,1880.36,3.712253240351606468
2026-08-15 06:43:00+00:00,1880.36,1881.02,1880.36,1881.02,0.28819
2026-08-15 06:44:00+00:00,1881.02,1881.02,1880.98,1881.02,1.9054
2026-08-15 06:45:00+00:00,1881.02,1881.02,1881,1881.02,1.20173
2026-08-15 06:46:00+00:00,1881.02,1881.02,1881.02,1881.02,0
2026-08-15 06:47:00+00:00,1881.02,1881.02,1881.02,1881.02,0.07612
2026-08-15 06:48:00+00:00,1881.02,1881.02,1880.98,1881.02,0.441139277874552128
2026-08-15 06:49:00+00:00,1881.02,1881.85,1880.99,1881.53,116.353427677598677742
2026-08-15 06:50:00+00:00,1881.53,1882.36,1881.02,1882.01,53.929547572228017748
2026-08-15 06:51:00+00:00,1882.01,1882.25,1881.81,1881.99,23.04156
2026-08-15 06:52:00+00:00,1881.99,1882.53,1881.98,1882.53,121.95528
2026-08-15 06:53:00+00:00,1882.53,1882.98,1882.04,1882.47,246.70138
2026-08-15 06:54:00+00:00,1882.47,1882.98,1881.99,1882,71.27915
2026-08-15 06:55:00+00:00,1882,1882.53,1882,1882.53,726.30588
2026-08-15 06:56:00+00:00,1882.53,1883.02,1882.17,1882.39,336.992668375378178232
2026-08-15 06:57:00+00:00,1882.39,1883.02,1881.15,1881.25,1142.014500647436876336
2026-08-15 06:58:00+00:00,1881.25,1881.25,1880.98,1881,1.16359
2026-08-15 06:59:00+00:00,1881,1881.33,1880.99,1881.33,31.51772
2026-08-15 07:00:00+00:00,1881.33,1881.38,1880.99,1881.02,0.91556
2026-08-15 07:01:00+00:00,1881.02,1881.02,1880.98,1881,1.37447
2026-08-15 07:02:00+00:00,1881,1881.02,1881,1881,1.93521
2026-08-15 07:03:00+00:00,1881,1881.02,1880.99,1881,0.91298
2026-08-15 07:04:00+00:00,1881,1881.02,1880.98,1881.02,0.37618
2026-08-15 07:05:00+00:00,1881.02,1881.02,1881.02,1881.02,0.10999
2026-08-15 07:06:00+00:00,1881.02,1881.02,1880.99,1880.99,0.942391794598909139
2026-08-15 07:07:00+00:00,1880.99,1881.02,1880.96,1880.97,1.704659014549297539
2026-08-15 07:08:00+00:00,1880.97,1881.02,1879.8,1879.8,5285.04042
2026-08-15 07:09:00+00:00,1879.8,1881.03,1879.8,1880.52,122.20674
2026-08-15 07:10:00+00:00,1880.52,1881.04,1880.52,1880.57,83.96442
2026-08-15 07:11:00+00:00,1880.57,1881,1880.39,1880.67,369.6697
2026-08-15 07:12:00+00:00,1880.67,1881.01,1880.46,1880.47,640.8022
2026-08-15 07:13:00+00:00,1880.47,1881.2,1880.47,1881.2,698.51437
2026-08-15 07:14:00+00:00,1881.2,1881.84,1881.02,1881.66,279.93851
2026-08-15 07:15:00+00:00,1881.66,1881.96,1881.15,1881.33,31.172627224587381836
2026-08-15 07:16:00+00:00,1881.33,1881.98,1880.96,1880.99,26.499527224587381836
2026-08-15 07:17:00+00:00,1880.99,1881.01,1880.99,1881.01,0.28218
2026-08-15 07:18:00+00:00,1881.01,1881.01,1880.99,1880.99,0.09364
2026-08-15 07:19:00+00:00,1880.99,1881.04,1880.99,1881.04,0.17457
2026-08-15 07:20:00+00:00,1881.04,1881.04,1880.99,1880.99,0.07869
2026-08-15 07:21:00+00:00,1880.99,1880.99,1880.99,1880.99,0
2026-08-15 07:22:00+00:00,1880.99,1881.02,1880.44,1880.47,162.7859
2026-08-15 07:23:00+00:00,1880.47,1880.47,1880.3,1880.35,1.65836
2026-08-15 07:24:00+00:00,1880.35,1880.98,1880.02,1880.53,272.58491
2026-08-15 07:25:00+00:00,1880.53,1880.98,1880.53,1880.67,1133.22706
2026-08-15 07:26:00+00:00,1880.67,1881.02,1880.67,1881,1.1424
2026-08-15 07:27:00+00:00,1881,1881.02,1880.36,1880.47,779.86663
2026-08-15 07:28:00+00:00,1880.47,1880.98,1880.37,1880.47,456.65209
2026-08-15 07:29:00+00:00,1880.47,1880.98,1880.47,1880.96,68.311
2026-08-15 07:30:00+00:00,1880.96,1880.96,1880.96,1880.96,0
2026-08-15 07:31:00+00:00,1880.96,1880.96,1880.96,1880.96,0
2026-08-15 07:32:00+00:00,1880.96,1880.96,1880.96,1880.96,0
2026-08-15 07:33:00+00:00,1880.96,1880.96,1880.96,1880.96,0
2026-08-15 07:34:00+00:00,1880.96,1880.96,1880.96,1880.96,0
2026-08-15 07:35:00+00:00,1880.96,1880.96,1880.96,1880.96,0
2026-08-15 07:36:00+00:00,1880.96,1880.96,1880.96,1880.96,0
2026-08-15 07:37:00+00:00,1880.96,1880.96,1879.64,1879.64,1.959327484112445205
2026-08-15 07:38:00+00:00,1879.64,1881.36,1879.64,1879.64,3.73026538602905992
2026-08-15 07:39:00+00:00,1879.64,1879.67,1879.64,1879.64,0.465197603027381658
2026-08-15 07:40:00+00:00,1879.64,1879.64,1879.64,1879.64,0
2026-08-15 07:41:00+00:00,1879.64,1879.64,1879.64,1879.64,0
2026-08-15 07:42:00+00:00,1879.64,1879.64,1879.64,1879.64,0
2026-08-15 07:43:00+00:00,1879.64,1879.64,1879.64,1879.64,0
2026-08-15 07:44:00+00:00,1879.64,1879.64,1879.64,1879.64,0
2026-08-15 07:45:00+00:00,1879.64,1879.64,1879.64,1879.64,0
2026-08-15 07:46:00+00:00,1879.64,1879.64,1879.64,1879.64,0
2026-08-15 07:47:00+00:00,1879.64,1879.64,1879.64,1879.64,0
2026-08-15 07:48:00+00:00,1879.64,1879.64,1879.64,1879.64,0
2026-08-15 07:49:00+00:00,1879.64,1879.64,1879.64,1879.64,0
2026-08-15 07:50:00+00:00,1879.64,1879.64,1879.64,1879.64,0
2026-08-15 07:51:00+00:00,1879.64,1881.36,1879.64,1879.64,4.830972617964210098
2026-08-15 07:52:00+00:00,1879.64,1879.66,1879.64,1879.64,0.902504122646494631
2026-08-15 07:53:00+00:00,1879.64,1879.64,1879.64,1879.64,0
2026-08-15 07:54:00+00:00,1879.64,1879.64,1879.64,1879.64,0
2026-08-15 07:55:00+00:00,1879.64,1879.99,1879.64,1879.99,0.19837
2026-08-15 07:56:00+00:00,1879.99,1879.99,1878.99,1878.99,33.02668
2026-08-15 07:57:00+00:00,1878.99,1879.85,1878.99,1879.59,232.921908474153823942
2026-08-15 07:58:00+00:00,1879.59,1879.6,1879.02,1879.53,248.81192
2026-08-15 07:59:00+00:00,1879.53,1879.64,1879.02,1879.53,1088.14058
2026-08-15 08:00:00+00:00,1879.53,1879.65,1879.02,1879.53,869.11994
2026-08-15 08:01:00+00:00,1879.53,1879.53,1879.01,1879.32,161.47273
2026-08-15 08:02:00+00:00,1879.32,1879.32,1878.47,1878.98,2035.85401
2026-08-15 08:03:00+00:00,1878.98,1879.02,1878.97,1878.99,0.95725
2026-08-15 08:04:00+00:00,1878.99,1879.42,1878.98,1879.33,409.59191
2026-08-15 08:05:00+00:00,1879.33,1879.53,1879.02,1879.53,448.24721
2026-08-15 08:06:00+00:00,1879.53,1879.53,1879,1879.53,171.15906
2026-08-15 08:07:00+00:00,1879.53,1879.54,1879.04,1879.53,105.2698
2026-08-15 08:08:00+00:00,1879.53,1880.12,1879.04,1879.99,30.17275
2026-08-15 08:09:00+00:00,1879.99,1880.02,1879.98,1880.02,0.88263
2026-08-15 08:10:00+00:00,1880.02,1880.02,1879.98,1879.98,0.6904
2026-08-15 08:11:00+00:00,1879.98,1880.01,1879.98,1879.98,0.31964
2026-08-15 08:12:00+00:00,1879.98,1879.99,1879.51,1879.52,2423.89482
2026-08-15 08:13:00+00:00,1879.52,1880.02,1879.52,1879.98,164.51522
2026-08-15 08:14:00+00:00,1879.98,1880.02,1879.96,1880.01,0.616512621119598288
2026-08-15 08:15:00+00:00,1880.01,1880.02,1880,1880.01,1.03678
2026-08-15 08:16:00+00:00,1880.01,1880.02,1879.98,1879.98,1.27976
2026-08-15 08:17:00+00:00,1879.98,1880.02,1879.96,1879.99,1.949250328253500379
2026-08-15 08:18:00+00:00,1879.99,1880.5,1878.64,1880.33,83.480388898361246746
2026-08-15 08:19:00+00:00,1880.33,1880.51,1880.02,1880.33,534.35887
2026-08-15 08:20:00+00:00,1880.33,1880.33,1879.99,1879.99,0.67104
2026-08-15 08:21:00+00:00,1879.99,1880.04,1879.98,1880.01,1.71738
2026-08-15 08:22:00+00:00,1880.01,1880.01,1879.99,1880,1.51318
2026-08-15 08:23:00+00:00,1880,1880.53,1879.99,1880.33,252.12686
2026-08-15 08:24:00+00:00,1880.33,1880.59,1880.02,1880.53,179.01334
2026-08-15 08:25:00+00:00,1880.53,1880.98,1880.48,1880.49,111.99104
2026-08-15 08:26:00+00:00,1880.49,1880.99,1880.48,1880.48,553.59575
2026-08-15 08:27:00+00:00,1880.48,1880.98,1879.96,1879.96,63.65334
2026-08-15 08:28:00+00:00,1879.96,1880,1879.96,1879.98,0.77066259203945725
2026-08-15 08:29:00+00:00,1879.98,1880.2,1879.64,1879.64,0.600099783349136309
2026-08-15 08:30:00+00:00,1879.64,1879.64,1879.64,1879.64,0
2026-08-15 08:31:00+00:00,1879.64,1879.64,1879.64,1879.64,0
2026-08-15 08:32:00+00:00,1879.64,1879.7,1879.64,1879.64,0.888599939101837359
2026-08-15 08:33:00+00:00,1879.64,1879.64,1879.64,1879.64,0.549262340425531914
2026-08-15 08:34:00+00:00,1879.64,1879.64,1879.64,1879.64,0
2026-08-15 08:35:00+00:00,1879.64,1879.64,1878.65,1878.65,0.700542312327679399
2026-08-15 08:36:00+00:00,1878.65,1879.24,1878.65,1879.17,0.185826576889707408
2026-08-15 08:37:00+00:00,1879.17,1879.2,1878.47,1878.85,96.732183711901909304
2026-08-15 08:38:00+00:00,1878.85,1879,1878.85,1879,0.1105
2026-08-15 08:39:00+00:00,1879,1879.05,1878.94,1879.05,0.18253
2026-08-15 08:40:00+00:00,1879.05,1879.11,1877.64,1878,207.789778690896901999
2026-08-15 08:41:00+00:00,1878,1878.02,1877.6,1878,2030.537937379858739076
2026-08-15 08:42:00+00:00,1878,1878.02,1877.98,1877.98,0.77136535710178491
2026-08-15 08:43:00+00:00,1877.98,1877.99,1877.55,1877.55,65.257881634284075719
2026-08-15 08:44:00+00:00,1877.55,1878.06,1877.55,1877.98,0.994275151332769837
2026-08-15 08:45:00+00:00,1877.98,1878.04,1877.61,1877.62,32.30104
2026-08-15 08:46:00+00:00,1877.62,1878.07,1877.61,1878.06,0.8796
2026-08-15 08:47:00+00:00,1878.06,1878.06,1877.61,1878.04,55.13387
2026-08-15 08:48:00+00:00,1878.04,1878.12,1877.98,1878,1.18865
2026-08-15 08:49:00+00:00,1878,1878.13,1877.47,1877.47,45.86783
2026-08-15 08:50:00+00:00,1877.47,1877.47,1877.01,1877.01,1.36711
2026-08-15 08:51:00+00:00,1877.01,1877.06,1876.98,1876.99,1.151623991112484853
2026-08-15 08:52:00+00:00,1876.99,1876.99,1876.53,1876.98,32.46644
2026-08-15 08:53:00+00:00,1876.98,1876.98,1876.98,1876.98,0
2026-08-15 08:54:00+00:00,1876.98,1876.98,1875.6,1875.99,2414.32565
2026-08-15 08:55:00+00:00,1875.99,1876.53,1875.98,1876.53,57.81303
2026-08-15 08:56:00+00:00,1876.53,1876.53,1875.98,1876.33,284.82468
2026-08-15 08:57:00+00:00,1876.33,1876.53,1876.01,1876.51,883.41976
2026-08-15 08:58:00+00:00,1876.51,1876.82,1876.02,1876.82,325.92975
2026-08-15 08:59:00+00:00,1876.82,1877.02,1876.02,1876.02,141.51648
2026-08-15 09:00:00+00:00,1876.02,1876.02,1876.02,1876.02,0
2026-08-15 09:01:00+00:00,1876.02,1876.02,1875.99,1875.99,2.430193534668475225
2026-08-15 09:02:00+00:00,1875.99,1876.02,1875.99,1875.99,1.0247
2026-08-15 09:03:00+00:00,1875.99,1876.33,1875.99,1876.33,63.0426
2026-08-15 09:04:00+00:00,1876.33,1876.52,1874.64,1875.61,2141.034166081052710234
2026-08-15 09:05:00+00:00,1875.61,1875.61,1875.61,1875.61,0
2026-08-15 09:06:00+00:00,1875.61,1875.98,1875.01,1875.01,63.734224486591441853
2026-08-15 09:07:00+00:00,1875.01,1876.02,1874.98,1876,23.549574486591441853
2026-08-15 09:08:00+00:00,1876,1876.02,1875.98,1876.02,0.58797
2026-08-15 09:09:00+00:00,1876.02,1876.37,1876.02,1876.37,2027.89896
2026-08-15 09:10:00+00:00,1876.37,1876.63,1876.02,1876.53,158.2254
2026-08-15 09:11:00+00:00,1876.53,1877,1876.53,1876.99,3.109680328253500379
2026-08-15 09:12:00+00:00,1876.99,1877.01,1876.96,1877,0.69074
2026-08-15 09:13:00+00:00,1877,1877.02,1876.88,1876.99,1.536811990098321205
2026-08-15 09:14:00+00:00,1876.99,1877.02,1876.91,1876.98,0.58626
2026-08-15 09:15:00+00:00,1876.98,1877.02,1876.98,1877.02,0.10377
2026-08-15 09:16:00+00:00,1877.02,1877.02,1876.98,1876.98,0.772143547880657882
2026-08-15 09:17:00+00:00,1876.98,1877.02,1876.98,1876.99,0.658443944157297383
2026-08-15 09:18:00+00:00,1876.99,1877.02,1876.99,1876.99,0.245036632782448401
2026-08-15 09:19:00+00:00,1876.99,1877.02,1876.98,1876.99,0.766156632782448401
2026-08-15 09:20:00+00:00,1876.99,1877.01,1876.98,1877.01,0.41346
2026-08-15 09:21:00+00:00,1877.01,1877.02,1876.98,1877.01,0.43566
2026-08-15 09:22:00+00:00,1877.01,1877.02,1877,1877,0.17682
2026-08-15 09:23:00+00:00,1877,1877.02,1876.98,1876.98,1.07464
2026-08-15 09:24:00+00:00,1876.98,1877.04,1876.98,1877.01,0.81823
2026-08-15 09:25:00+00:00,1877.01,1877.07,1876.98,1876.98,1.11669170564653438
2026-08-15 09:26:00+00:00,1876.98,1877.07,1876.98,1877.01,2.050747759810853264
2026-08-15 09:27:00+00:00,1877.01,1877.49,1877,1877.33,287.44271829435346562
2026-08-15 09:28:00+00:00,1877.33,1877.49,1877.02,1877.44,340.47175
2026-08-15 09:29:00+00:00,1877.44,1877.47,1877.02,1877.46,63.08043
2026-08-15 09:30:00+00:00,1877.46,1877.46,1877.46,1877.46,0
2026-08-15 09:31:00+00:00,1877.46,1877.46,1877.46,1877.46,0
2026-08-15 09:32:00+00:00,1877.46,1877.85,1877.35,1877.83,1.66096
2026-08-15 09:33:00+00:00,1877.83,1877.83,1877.83,1877.83,0
2026-08-15 09:34:00+00:00,1877.83,1878.36,1877.82,1877.82,3.44540991145528455
2026-08-15 09:35:00+00:00,1877.82,1878.75,1877.82,1878.47,8.90770620114615315
2026-08-15 09:36:00+00:00,1878.47,1878.47,1878.02,1878.33,144.67924
2026-08-15 09:37:00+00:00,1878.33,1878.53,1878.01,1878.52,423.15877
2026-08-15 09:38:00+00:00,1878.52,1878.84,1878.02,1878.83,189.04492
2026-08-15 09:39:00+00:00,1878.83,1879.02,1878.83,1879.01,1.37674
2026-08-15 09:40:00+00:00,1879.01,1879.01,1878.43,1878.45,123.90329
2026-08-15 09:41:00+00:00,1878.45,1878.98,1878.45,1878.47,707.66326
2026-08-15 09:42:00+00:00,1878.47,1879.01,1878.47,1879.01,35.49065
2026-08-15 09:43:00+00:00,1879.01,1879.01,1878.41,1878.47,363.43667
2026-08-15 09:44:00+00:00,1878.47,1879.02,1878.42,1879,190.49453
2026-08-15 09:45:00+00:00,1879,1879.02,1878.98,1879.02,0.24531
2026-08-15 09:46:00+00:00,1879.02,1879.33,1878.99,1879.33,31.80045
2026-08-15 09:47:00+00:00,1879.33,1879.33,1878.99,1879.02,0.331354698550758746
2026-08-15 09:48:00+00:00,1879.02,1879.38,1878.99,1879.01,32.0933
2026-08-15 09:49:00+00:00,1879.01,1879.02,1879.01,1879.02,0.10112
2026-08-15 09:50:00+00:00,1879.02,1879.53,1878.99,1879.53,82.58422007367995956
2026-08-15 09:51:00+00:00,1879.53,1879.53,1878.99,1879.01,31.616923496790252152
2026-08-15 09:52:00+00:00,1879.01,1879.01,1879.01,1879.01,0
2026-08-15 09:53:00+00:00,1879.01,1879.56,1879.01,1879.53,222.10855
2026-08-15 09:54:00+00:00,1879.53,1880.33,1879.53,1880.19,1.00578
2026-08-15 09:55:00+00:00,1880.19,1880.2,1879.98,1879.98,0.83747
2026-08-15 09:56:00+00:00,1879.98,1880,1879.98,1879.99,0.45225
2026-08-15 09:57:00+00:00,1879.99,1880.01,1879.98,1880,0.47257
2026-08-15 09:58:00+00:00,1880,1880.02,1880,1880.01,0.64961752661944497
2026-08-15 09:59:00+00:00,1880.01,1880.02,1879.53,1879.55,1768.33456
2026-08-15 10:00:00+00:00,1879.55,1880.02,1879.55,1880.02,1.540802017494969951
2026-08-15 10:01:00+00:00,1880.02,1880.02,1878.65,1878.65,95.693294516698923468
2026-08-15 10:02:00+00:00,1878.65,1879.18,1878.02,1878.02,1091.97457
2026-08-15 10:03:00+00:00,1878.02,1878.03,1877.64,1877.64,2.453141797189064317
2026-08-15 10:04:00+00:00,1877.64,1878.02,1877.64,1877.88,16.924885910283153023
2026-08-15 10:05:00+00:00,1877.88,1878.02,1877.88,1877.98,7.825841510883881727
2026-08-15 10:06:00+00:00,1877.98,1878.02,1877.96,1877.98,10.56076002175663197
2026-08-15 10:07:00+00:00,1877.98,1878.02,1877.93,1877.98,1.582624346298227087
2026-08-15 10:08:00+00:00,1877.98,1878.02,1877.96,1877.96,4.54608678127918135
2026-08-15 10:09:00+00:00,1877.96,1878.02,1877.96,1877.98,2.070038625110291424
2026-08-15 10:10:00+00:00,1877.98,1878.63,1877.96,1878.62,233.090124343284472203
2026-08-15 10:11:00+00:00,1878.62,1878.68,1877.98,1878.63,39.729060672895771921
2026-08-15 10:12:00+00:00,1878.63,1878.63,1877.96,1877.99,120.904673963660559875
2026-08-15 10:13:00+00:00,1877.99,1878.47,1877.88,1878.33,128.014218214249378707
2026-08-15 10:14:00+00:00,1878.33,1878.48,1878.02,1878.46,506.36091
2026-08-15 10:15:00+00:00,1878.46,1878.48,1877.98,1878.33,600.939035327283414058
2026-08-15 10:16:00+00:00,1878.33,1878.41,1877.93,1878.33,347.09266412327866114
2026-08-15 10:17:00+00:00,1878.33,1878.41,1877.93,1878.33,148.538568363670273381
2026-08-15 10:18:00+00:00,1878.33,1878.45,1877.8,1877.96,132.599886122440511154
2026-08-15 10:19:00+00:00,1877.96,1878.67,1877.96,1878.59,318.6869
2026-08-15 10:20:00+00:00,1878.59,1878.61,1878.58,1878.59,1.67194
2026-08-15 10:21:00+00:00,1878.59,1878.61,1878.02,1878.59,178.15744
2026-08-15 10:22:00+00:00,1878.59,1878.61,1877.98,1878.59,179.39516386798834893
2026-08-15 10:23:00+00:00,1878.59,1878.61,1878.02,1878.59,204.66971
2026-08-15 10:24:00+00:00,1878.59,1878.61,1878.02,1878.53,195.427721902458489348
2026-08-15 10:25:00+00:00,1878.53,1878.61,1877.98,1878.53,529.845387661181127081
2026-08-15 10:26:00+00:00,1878.53,1878.6,1878.01,1878.53,274.20602
2026-08-15 10:27:00+00:00,1878.53,1878.61,1878.02,1878.59,107.472515686999941443
2026-08-15 10:28:00+00:00,1878.59,1878.6,1878.02,1878.59,143.072092944850963371
2026-08-15 10:29:00+00:00,1878.59,1878.61,1878.59,1878.59,2.645170973045028074
2026-08-15 10:30:00+00:00,1878.59,1878.61,1878.59,1878.6,1.113844238764179517
2026-08-15 10:31:00+00:00,1878.6,1879.6,1877.64,1879.59,2216.384006256739614502
2026-08-15 10:32:00+00:00,1879.59,1880.06,1878.64,1878.93,3012.962315258374760268
2026-08-15 10:33:00+00:00,1878.93,1879.52,1878.93,1879.47,200.03265978126812346
2026-08-15 10:34:00+00:00,1879.47,1879.53,1879.01,1879.46,487.657560351991635076
2026-08-15 10:35:00+00:00,1879.46,1879.48,1878.96,1878.96,34.239582760074026833
2026-08-15 10:36:00+00:00,1878.96,1879.02,1878.96,1878.98,4.43292375907057603
2026-08-15 10:37:00+00:00,1878.98,1879.02,1878.98,1879.02,0.293780719072178666
2026-08-15 10:38:00+00:00,1879.02,1879.02,1879,1879.02,0.47956
2026-08-15 10:39:00+00:00,1879.02,1879.7,1878.88,1879.6,637.533430302759552776
2026-08-15 10:40:00+00:00,1879.6,1879.96,1878.98,1879.53,1601.507092393099238834
2026-08-15 10:41:00+00:00,1879.53,1879.53,1879.01,1879.33,259.99518
2026-08-15 10:42:00+00:00,1879.33,1879.33,1878.98,1878.98,2.920619911415107899
2026-08-15 10:43:00+00:00,1878.98,1878.98,1878.98,1878.98,0.567495344110644458
2026-08-15 10:44:00+00:00,1878.98,1879.04,1878.98,1878.98,2.744712157818279064
2026-08-15 10:45:00+00:00,1878.98,1879.53,1878.98,1879.52,247.22080556048166464
2026-08-15 10:46:00+00:00,1879.52,1880.02,1879.12,1879.98,20.617450354059416996
2026-08-15 10:47:00+00:00,1879.98,1880.02,1879.88,1879.98,7.495222693358684979
2026-08-15 10:48:00+00:00,1879.98,1879.99,1879.89,1879.99,0.432400528895498325
2026-08-15 10:49:00+00:00,1879.99,1880,1879.96,1879.98,2.230963619516186548
2026-08-15 10:50:00+00:00,1879.98,1880.02,1879.98,1879.98,1.637170568208406059
2026-08-15 10:51:00+00:00,1879.98,1880.02,1878.64,1879.98,81.064222050012115845
2026-08-15 10:52:00+00:00,1879.98,1880.02,1879.96,1880.01,3.530252787441548048
2026-08-15 10:53:00+00:00,1880.01,1880.04,1878.64,1878.64,1.506793514169306508
2026-08-15 10:54:00+00:00,1878.64,1880,1878.64,1879.99,1.36496626449512417
2026-08-15 10:55:00+00:00,1879.99,1880.02,1879.98,1880.02,0.938702908557412606
2026-08-15 10:56:00+00:00,1880.02,1880.03,1879.98,1879.99,0.94296
2026-08-15 10:57:00+00:00,1879.99,1880.35,1879.99,1880.01,1.37088
2026-08-15 10:58:00+00:00,1880.01,1880.02,1879.98,1880.02,1.495723604683556697
2026-08-15 10:59:00+00:00,1880.02,1880.76,1879.99,1880.02,1162.53258
2026-08-15 11:00:00+00:00,1880.02,1880.02,1879.97,1879.99,0.90138
2026-08-15 11:01:00+00:00,1879.99,1880.04,1879.98,1880.04,0.76363
2026-08-15 11:02:00+00:00,1880.04,1880.04,1880.01,1880.01,0.73897
2026-08-15 11:03:00+00:00,1880.01,1880.02,1880,1880.02,0.34999
2026-08-15 11:04:00+00:00,1880.02,1880.02,1880.01,1880.02,0.2808
2026-08-15 11:05:00+00:00,1880.02,1880.76,1879.96,1880,0.807899901479214941
2026-08-15 11:06:00+00:00,1880,1880.02,1879.98,1879.99,1.732326165703890466
2026-08-15 11:07:00+00:00,1879.99,1880.34,1879.98,1880.33,32.986658510638297872
2026-08-15 11:08:00+00:00,1880.33,1880.53,1880.02,1880.33,397.603941900216782481
2026-08-15 11:09:00+00:00,1880.33,1880.51,1880,1880,63.62923
2026-08-15 11:10:00+00:00,1880,1880.07,1879.98,1880.02,5.639039843314591697
2026-08-15 11:11:00+00:00,1880.02,1880.02,1879.99,1879.99,0.79019
2026-08-15 11:12:00+00:00,1879.99,1880.02,1879.98,1880,1.486821070649687762
2026-08-15 11:13:00+00:00,1880,1880.02,1879.97,1879.98,3.569311757343836971
2026-08-15 11:14:00+00:00,1879.98,1880.02,1879.98,1880.02,1.265945441972786944
2026-08-15 11:15:00+00:00,1880.02,1880.04,1879.99,1880,1.3546
2026-08-15 11:16:00+00:00,1880,1880,1879.97,1879.97,0.37828
2026-08-15 11:17:00+00:00,1879.97,1880.02,1879.97,1879.99,1.80513
2026-08-15 11:18:00+00:00,1879.99,1880.02,1879.99,1879.99,2.46458
2026-08-15 11:19:00+00:00,1879.99,1880.02,1878.67,1878.67,24.387523354967649662
2026-08-15 11:20:00+00:00,1878.67,1879.27,1878.67,1878.67,17.084748573130898296
2026-08-15 11:21:00+00:00,1878.67,1879.02,1878.67,1879.01,0.48681
2026-08-15 11:22:00+00:00,1879.01,1879.02,1878.96,1878.98,0.986855348181442337
2026-08-15 11:23:00+00:00,1878.98,1879.02,1878.98,1879.02,2.284262415403565509
2026-08-15 11:24:00+00:00,1879.02,1879.02,1878.98,1879.02,0.81087688498746113
2026-08-15 11:25:00+00:00,1879.02,1879.04,1878.64,1878.64,2.586541365872418045
2026-08-15 11:26:00+00:00,1878.64,1879.02,1878.64,1879.02,0.443572770502441463
2026-08-15 11:27:00+00:00,1879.02,1879.02,1878.98,1879.02,4.650022780129009531
2026-08-15 11:28:00+00:00,1879.02,1879.07,1878.98,1879.02,1.07229
2026-08-15 11:29:00+00:00,1879.02,1879.05,1878.98,1879.03,0.34989
2026-08-15 11:30:00+00:00,1879.03,1879.03,1879.03,1879.03,0
2026-08-15 11:31:00+00:00,1879.03,1879.03,1879.03,1879.03,0
2026-08-15 11:32:00+00:00,1879.03,1880.36,1879.03,1880.36,0.706096606369779491
2026-08-15 11:33:00+00:00,1880.36,1880.36,1878.64,1878.64,2.619727963140851047
2026-08-15 11:34:00+00:00,1878.64,1880.36,1878.64,1878.64,0.467649293821413748
2026-08-15 11:35:00+00:00,1878.64,1878.64,1878.64,1878.64,0
2026-08-15 11:36:00+00:00,1878.64,1878.64,1878.64,1878.64,0
2026-08-15 11:37:00+00:00,1878.64,1878.64,1878.64,1878.64,0
2026-08-15 11:38:00+00:00,1878.64,1878.64,1878.64,1878.64,0
2026-08-15 11:39:00+00:00,1878.64,1879.98,1878.64,1879.53,32.62371
2026-08-15 11:40:00+00:00,1879.53,1879.99,1879.53,1879.67,248.07366
2026-08-15 11:41:00+00:00,1879.67,1879.67,1878.98,1878.98,0.079817880922905361
2026-08-15 11:42:00+00:00,1878.98,1880,1878.98,1880,0.046628573130898296
2026-08-15 11:43:00+00:00,1880,1880,1880,1880,0
2026-08-15 11:44:00+00:00,1880,1880.35,1880,1880.35,0.140336657384736025
2026-08-15 11:45:00+00:00,1880.35,1880.35,1879.62,1879.62,0.09116
2026-08-15 11:46:00+00:00,1879.62,1880.35,1879,1879.28,786.73257
2026-08-15 11:47:00+00:00,1879.28,1879.28,1879.28,1879.28,0
2026-08-15 11:48:00+00:00,1879.28,1879.28,1879.28,1879.28,0
2026-08-15 11:49:00+00:00,1879.28,1879.28,1879.28,1879.28,0
2026-08-15 11:50:00+00:00,1879.28,1879.28,1878.47,1878.47,553.54216
2026-08-15 11:51:00+00:00,1878.47,1878.98,1878.3,1878.3,61.54565
2026-08-15 11:52:00+00:00,1878.3,1878.67,1877.98,1878.6,247.77773
2026-08-15 11:53:00+00:00,1878.6,1879,1878.6,1878.93,13.481245087762056441
2026-08-15 11:54:00+00:00,1878.93,1879.02,1878.93,1878.98,0.390748919454593909
2026-08-15 11:55:00+00:00,1878.98,1878.98,1878.98,1878.98,0
2026-08-15 11:56:00+00:00,1878.98,1878.98,1878.98,1878.98,0
2026-08-15 11:57:00+00:00,1878.98,1878.98,1878.51,1878.53,275.17973
2026-08-15 11:58:00+00:00,1878.53,1879,1878.51,1878.98,267.60967
2026-08-15 11:59:00+00:00,1878.98,1878.99,1878.54,1878.54,306.92582
2026-08-15 12:00:00+00:00,1878.54,1878.98,1878.39,1878.45,208.356671552719339104
2026-08-15 12:01:00+00:00,1878.45,1878.59,1877.93,1877.93,10.411056450857203705
2026-08-15 12:02:00+00:00,1877.93,1878.5,1877.93,1878.49,113.36522961088919162
2026-08-15 12:03:00+00:00,1878.49,1878.51,1878.02,1878.5,494.589053278256406701
2026-08-15 12:04:00+00:00,1878.5,1878.5,1877.96,1877.98,241.338998049506907106
2026-08-15 12:05:00+00:00,1877.98,1878.02,1877.98,1878.01,0.83642
2026-08-15 12:06:00+00:00,1878.01,1878.66,1877.98,1878.66,65.80196
2026-08-15 12:07:00+00:00,1878.66,1879.02,1878.66,1879.02,3.990512403932121927
2026-08-15 12:08:00+00:00,1879.02,1879.02,1879.02,1879.02,0
2026-08-15 12:09:00+00:00,1879.02,1879.02,1877.99,1877.99,112.36705
2026-08-15 12:10:00+00:00,1877.99,1878.02,1877.99,1878.02,1.382597186554596337
2026-08-15 12:11:00+00:00,1878.02,1878.02,1877.88,1877.88,0.183084173935296752
2026-08-15 12:12:00+00:00,1877.88,1877.88,1877.88,1877.88,0
2026-08-15 12:13:00+00:00,1877.88,1877.88,1877.88,1877.88,0
2026-08-15 12:14:00+00:00,1877.88,1878.02,1877.88,1878.02,0.54323
2026-08-15 12:15:00+00:00,1878.02,1878.02,1878.02,1878.02,0
2026-08-15 12:16:00+00:00,1878.02,1878.02,1877.98,1878.01,1.973962460399918366
2026-08-15 12:17:00+00:00,1878.01,1878.49,1877.98,1878.33,158.28623
2026-08-15 12:18:00+00:00,1878.33,1878.53,1877.98,1878.33,410.025665318581690897
2026-08-15 12:19:00+00:00,1878.33,1878.53,1878.02,1878.03,302.9587
2026-08-15 12:20:00+00:00,1878.03,1878.03,1877.98,1877.98,0.524635391617486214
2026-08-15 12:21:00+00:00,1877.98,1878.03,1877.98,1877.99,0.62428602869106771
2026-08-15 12:22:00+00:00,1877.99,1879.36,1877.98,1877.98,1.156618462407168382
2026-08-15 12:23:00+00:00,1877.98,1878.02,1877.98,1878,0.78725
2026-08-15 12:24:00+00:00,1878,1878.04,1877.98,1878.01,1.412460820012566426
2026-08-15 12:25:00+00:00,1878.01,1878.02,1877.98,1877.99,2.03754
2026-08-15 12:26:00+00:00,1877.99,1878.07,1877.96,1878.01,1.293404663088849135
2026-08-15 12:27:00+00:00,1878.01,1878.02,1877.99,1878.02,1.874237186554596337
2026-08-15 12:28:00+00:00,1878.02,1878.02,1877.99,1877.99,0.55341
2026-08-15 12:29:00+00:00,1877.99,1878.01,1877.98,1878.01,0.28824
2026-08-15 12:30:00+00:00,1878.01,1878.01,1878.01,1878.01,0
2026-08-15 12:31:00+00:00,1878.01,1879.36,1877.64,1877.64,1.666170087416971869
2026-08-15 12:32:00+00:00,1877.64,1879.36,1877.64,1879.36,0.013293822416812734
2026-08-15 12:33:00+00:00,1879.36,1879.36,1877.89,1879.12,0.1815
2026-08-15 12:34:00+00:00,1879.12,1879.12,1879.12,1879.12,0
2026-08-15 12:35:00+00:00,1879.12,1879.12,1879.12,1879.12,0.013799888039933483
2026-08-15 12:36:00+00:00,1879.12,1879.36,1877.64,1879.36,39.080364065153431303
2026-08-15 12:37:00+00:00,1879.36,1879.36,1879.36,1879.36,0
2026-08-15 12:38:00+00:00,1879.36,1879.36,1879.36,1879.36,0
2026-08-15 12:39:00+00:00,1879.36,1879.36,1879.36,1879.36,0
2026-08-15 12:40:00+00:00,1879.36,1879.36,1877.7,1877.7,0.0852
2026-08-15 12:41:00+00:00,1877.7,1879.36,1876.64,1876.64,16.403643374247505875
2026-08-15 12:42:00+00:00,1876.64,1876.7,1876.64,1876.69,0.092569888039933483
2026-08-15 12:43:00+00:00,1876.69,1876.72,1876.69,1876.72,0.013514511261531514
2026-08-15 12:44:00+00:00,1876.72,1876.73,1876.68,1876.68,0.538421778084079944
2026-08-15 12:45:00+00:00,1876.68,1879.19,1876.68,1879.19,0.293653628404632569
2026-08-15 12:46:00+00:00,1879.19,1879.19,1876.68,1877.2,12.805053505913246127
2026-08-15 12:47:00+00:00,1877.2,1878.12,1876.64,1878.12,101.910694949256135588
2026-08-15 12:48:00+00:00,1878.12,1878.12,1876.64,1876.64,0.498270382591653707
2026-08-15 12:49:00+00:00,1876.64,1878.07,1876.64,1876.64,1.685327609141664524
2026-08-15 12:50:00+00:00,1876.64,1876.64,1876.64,1876.64,0
2026-08-15 12:51:00+00:00,1876.64,1878.07,1876.64,1876.64,2.500549527821368356
2026-08-15 12:52:00+00:00,1876.64,1878.02,1876.64,1876.64,2.129869400659056854
2026-08-15 12:53:00+00:00,1876.64,1876.64,1876.64,1876.64,0
2026-08-15 12:54:00+00:00,1876.64,1878.04,1876.64,1878.04,0.053191772296661152
2026-08-15 12:55:00+00:00,1878.04,1879.02,1878.02,1879.02,1379.69832
2026-08-15 12:56:00+00:00,1879.02,1879.02,1878.98,1879.01,0.98742
2026-08-15 12:57:00+00:00,1879.01,1880.57,1879.01,1880.57,2348.824870538954496421
2026-08-15 12:58:00+00:00,1880.57,1882.53,1880.47,1882.53,21640.187820143571694494
2026-08-15 12:59:00+00:00,1882.53,1883.36,1882.47,1882.99,94.226789424417270942
2026-08-15 13:00:00+00:00,1882.99,1883.01,1881.98,1882.85,100.653533465761501808
2026-08-15 13:01:00+00:00,1882.85,1882.85,1881.96,1882.02,1.54081
2026-08-15 13:02:00+00:00,1882.02,1882.02,1881.67,1881.67,244.794
2026-08-15 13:03:00+00:00,1881.67,1882.02,1881.42,1882.02,256.281118855524419831
2026-08-15 13:04:00+00:00,1882.02,1883.37,1881.99,1883.35,2161.771580263347190028
2026-08-15 13:05:00+00:00,1883.35,1883.75,1882.99,1883.75,58.463393793918576019
2026-08-15 13:06:00+00:00,1883.75,1884.33,1883,1883.02,2668.521734168511664586
2026-08-15 13:07:00+00:00,1883.02,1883.04,1883.01,1883.04,1.682835367866512304
2026-08-15 13:08:00+00:00,1883.04,1883.04,1882.99,1882.99,0.09173
2026-08-15 13:09:00+00:00,1882.99,1883.02,1882.01,1882.01,40.84427
2026-08-15 13:10:00+00:00,1882.01,1882.33,1882.01,1882.33,2.174911223311197766
2026-08-15 13:11:00+00:00,1882.33,1883.02,1881.99,1883.02,5017.157063287148132668
2026-08-15 13:12:00+00:00,1883.02,1883.02,1882.98,1882.98,3.645300505857306294
2026-08-15 13:13:00+00:00,1882.98,1883.02,1882.98,1883.02,0.82598
2026-08-15 13:14:00+00:00,1883.02,1883.35,1883,1883.01,1.33703
2026-08-15 13:15:00+00:00,1883.01,1883.37,1882.98,1883.37,2006.9185
2026-08-15 13:16:00+00:00,1883.37,1883.53,1883.02,1883.5,31.72661
2026-08-15 13:17:00+00:00,1883.5,1883.5,1881.98,1882.02,219.184940518428067254
2026-08-15 13:18:00+00:00,1882.02,1882.38,1881.98,1882.02,35.652245532959713677
2026-08-15 13:19:00+00:00,1882.02,1882.02,1882,1882.02,0.91873
2026-08-15 13:20:00+00:00,1882.02,1882.5,1881.99,1882.33,220.74657
2026-08-15 13:21:00+00:00,1882.33,1882.53,1882.02,1882.19,298.87833
2026-08-15 13:22:00+00:00,1882.19,1882.19,1882.19,1882.19,0
2026-08-15 13:23:00+00:00,1882.19,1882.19,1881.98,1882,0.50403
2026-08-15 13:24:00+00:00,1882,1882,1881.98,1881.98,0.09333
2026-08-15 13:25:00+00:00,1881.98,1882.02,1881.98,1881.98,0.668078552664438552
2026-08-15 13:26:00+00:00,1881.98,1882.02,1881.98,1882.02,0.65727
2026-08-15 13:27:00+00:00,1882.02,1882.02,1881.98,1881.99,0.90701091082985303
2026-08-15 13:28:00+00:00,1881.99,1882.06,1881.99,1882.06,0.38498
2026-08-15 13:29:00+00:00,1882.06,1882.06,1881.98,1881.99,0.34385
2026-08-15 13:30:00+00:00,1881.99,1881.99,1881.99,1881.99,0
2026-08-15 13:31:00+00:00,1881.99,1882.17,1881.99,1882.17,0.0839
2026-08-15 13:32:00+00:00,1882.17,1883.36,1882.17,1883.36,2.945282340425531914
2026-08-15 13:33:00+00:00,1883.36,1883.36,1883.36,1883.36,0
2026-08-15 13:34:00+00:00,1883.36,1883.36,1883.36,1883.36,0
2026-08-15 13:35:00+00:00,1883.36,1883.36,1883.36,1883.36,0
2026-08-15 13:36:00+00:00,1883.36,1883.36,1882.17,1883.36,3.961719764723345826
2026-08-15 13:37:00+00:00,1883.36,1883.36,1883.36,1883.36,0
2026-08-15 13:38:00+00:00,1883.36,1883.36,1883.36,1883.36,0
2026-08-15 13:39:00+00:00,1883.36,1883.36,1883.36,1883.36,0
2026-08-15 13:40:00+00:00,1883.36,1883.36,1883.36,1883.36,0
2026-08-15 13:41:00+00:00,1883.36,1883.36,1882.37,1882.37,0.16988
2026-08-15 13:42:00+00:00,1882.37,1883.26,1882.37,1883.26,0.26958091082985303
2026-08-15 13:43:00+00:00,1883.26,1883.28,1883.26,1883.28,0.217032189102695655
2026-08-15 13:44:00+00:00,1883.28,1883.28,1883.28,1883.28,0
2026-08-15 13:45:00+00:00,1883.28,1883.28,1883.28,1883.28,0
2026-08-15 13:46:00+00:00,1883.28,1883.28,1883.28,1883.28,0
2026-08-15 13:47:00+00:00,1883.28,1883.28,1883.28,1883.28,0
2026-08-15 13:48:00+00:00,1883.28,1883.45,1882.48,1883.33,98.0572835137987077
2026-08-15 13:49:00+00:00,1883.33,1884,1882.64,1882.64,73.05069
2026-08-15 13:50:00+00:00,1882.64,1882.64,1882.64,1882.64,0
2026-08-15 13:51:00+00:00,1882.64,1882.64,1882.01,1882.01,5.501474532375250819
2026-08-15 13:52:00+00:00,1882.01,1883.36,1882.01,1882.85,352.407794875775182518
2026-08-15 13:53:00+00:00,1882.85,1883.02,1882.85,1883.02,0.249746687854971477
2026-08-15 13:54:00+00:00,1883.02,1883.02,1883,1883,0.22659
2026-08-15 13:55:00+00:00,1883,1883.01,1883,1883.01,0.49478
2026-08-15 13:56:00+00:00,1883.01,1883.02,1882.99,1883,1.45448
2026-08-15 13:57:00+00:00,1883,1883.02,1883,1883.01,1.04964
2026-08-15 13:58:00+00:00,1883.01,1883.01,1883.01,1883.01,0.44747
2026-08-15 13:59:00+00:00,1883.01,1883.01,1883.01,1883.01,0.55592
2026-08-15 14:00:00+00:00,1883.01,1883.01,1883.01,1883.01,0.49084
2026-08-15 14:01:00+00:00,1883.01,1883.01,1883.01,1883.01,0.4151
2026-08-15 14:02:00+00:00,1883.01,1883.04,1882.99,1882.99,2.09656
2026-08-15 14:03:00+00:00,1882.99,1882.99,1882.02,1882.02,260.38066
2026-08-15 14:04:00+00:00,1882.02,1882.02,1882,1882.01,0.61028
2026-08-15 14:05:00+00:00,1882.01,1882.02,1881.99,1882.02,1.04374
2026-08-15 14:06:00+00:00,1882.02,1882.02,1881.99,1882.02,0.568035702901403355
2026-08-15 14:07:00+00:00,1882.02,1882.02,1882.01,1882.01,0.96572
2026-08-15 14:08:00+00:00,1882.01,1882.02,1882.01,1882.01,0.72607
2026-08-15 14:09:00+00:00,1882.01,1882.38,1881.99,1882.33,81.63954
2026-08-15 14:10:00+00:00,1882.33,1882.33,1881.99,1882.12,22.84385
2026-08-15 14:11:00+00:00,1882.12,1882.42,1881.99,1881.99,49.5416
2026-08-15 14:12:00+00:00,1881.99,1882.39,1881.99,1882.38,74.16269
2026-08-15 14:13:00+00:00,1882.38,1882.38,1882,1882,0.51625
2026-08-15 14:14:00+00:00,1882,1882.02,1881.98,1882.02,0.36680866776434876
2026-08-15 14:15:00+00:00,1882.02,1882.4,1881.99,1882.38,63.20870133223565124
2026-08-15 14:16:00+00:00,1882.38,1882.4,1881.99,1882.39,63.27244
2026-08-15 14:17:00+00:00,1882.39,1882.42,1881.98,1882.39,23.813734492872096798
2026-08-15 14:18:00+00:00,1882.39,1882.58,1881.98,1882.43,64.120605349502513911
2026-08-15 14:19:00+00:00,1882.43,1882.43,1882.01,1882.01,0.39932
2026-08-15 14:20:00+00:00,1882.01,1882.02,1881.98,1881.98,0.61896
2026-08-15 14:21:00+00:00,1881.98,1882.36,1881.01,1881.05,2250.071909388473050408
2026-08-15 14:22:00+00:00,1881.05,1881.06,1880.98,1880.98,9.700214334823336334
2026-08-15 14:23:00+00:00,1880.98,1881.04,1880.98,1881.02,7.295593261482399547
2026-08-15 14:24:00+00:00,1881.02,1881.04,1880.58,1880.98,2121.702309810069267777
2026-08-15 14:25:00+00:00,1880.98,1881.04,1880.98,1881.02,16.943835095212250854
2026-08-15 14:26:00+00:00,1881.02,1881.53,1881.02,1881.49,92.18399223659585981
2026-08-15 14:27:00+00:00,1881.49,1881.53,1880.98,1881.02,32.645301988200949737
2026-08-15 14:28:00+00:00,1881.02,1881.04,1880.98,1881.02,11.720300336627117468
2026-08-15 14:29:00+00:00,1881.02,1882.36,1880.99,1882.36,4.712968361365086633
2026-08-15 14:30:00+00:00,1882.36,1882.36,1882.35,1882.36,0.78283393446432389
2026-08-15 14:31:00+00:00,1882.36,1882.36,1882.36,1882.36,2.379887970700861672
2026-08-15 14:32:00+00:00,1882.36,1882.36,1881.63,1882.36,23.595810004326736858
2026-08-15 14:33:00+00:00,1882.36,1882.36,1882.33,1882.35,0.2657157585387759
2026-08-15 14:34:00+00:00,1882.35,1882.36,1882.31,1882.31,1.627351725948072384
2026-08-15 14:35:00+00:00,1882.31,1882.36,1882.31,1882.36,0.885317896688702413
2026-08-15 14:36:00+00:00,1882.36,1882.36,1881.73,1882.36,3.064409196358966328
2026-08-15 14:37:00+00:00,1882.36,1882.36,1882.35,1882.36,0.721232067376265648
2026-08-15 14:38:00+00:00,1882.36,1882.36,1881.63,1882.36,14.551362088990775393
2026-08-15 14:39:00+00:00,1882.36,1882.36,1882.31,1882.36,2.850452564092670108
2026-08-15 14:40:00+00:00,1882.36,1882.36,1881.62,1881.62,6.027189191493048008
2026-08-15 14:41:00+00:00,1881.62,1882.36,1881.62,1882.36,7.804677183918333984
2026-08-15 14:42:00+00:00,1882.36,1882.36,1881.65,1882.36,23.464269657894355325
2026-08-15 14:43:00+00:00,1882.36,1882.36,1882.34,1882.36,5.491282631359156681
2026-08-15 14:44:00+00:00,1882.36,1882.36,1881.62,1882.36,11.388738819539037058
2026-08-15 14:45:00+00:00,1882.36,1882.36,1882.35,1882.36,5.225789305387117842
2026-08-15 14:46:00+00:00,1882.36,1882.36,1881.92,1882.36,3.586679852925801837
2026-08-15 14:47:00+00:00,1882.36,1882.36,1882.32,1882.36,15.911658681448398239
2026-08-15 14:48:00+00:00,1882.36,1882.36,1882.3,1882.36,5.84664503059429613
2026-08-15 14:49:00+00:00,1882.36,1882.36,1882.35,1882.36,7.835300381779548922
2026-08-15 14:50:00+00:00,1882.36,1882.36,1881.62,1881.62,9.118385371543397601
2026-08-15 14:51:00+00:00,1881.62,1882.46,1881.62,1882.33,63.409930428933591274
2026-08-15 14:52:00+00:00,1882.33,1883.3,1882.02,1883.02,238.838064244803918083
2026-08-15 14:53:00+00:00,1883.02,1883.61,1883.02,1883.41,291.310097687250458446
2026-08-15 14:54:00+00:00,1883.41,1883.85,1883,1883.84,261.329553874260011765
2026-08-15 14:55:00+00:00,1883.84,1884.01,1882.99,1883.52,64.794845095475466229
2026-08-15 14:56:00+00:00,1883.52,1883.53,1882.98,1882.98,158.848779388379204892
2026-08-15 14:57:00+00:00,1882.98,1883.53,1882.98,1883.35,31.57863
2026-08-15 14:58:00+00:00,1883.35,1883.35,1882.99,1883.02,0.47365
2026-08-15 14:59:00+00:00,1883.02,1883.02,1882.98,1883.02,0.991481340605539737
2026-08-15 15:00:00+00:00,1883.02,1883.02,1882.36,1882.39,2083.339733940829911228
2026-08-15 15:01:00+00:00,1882.39,1882.39,1882.01,1882.02,0.933253230264784414
2026-08-15 15:02:00+00:00,1882.02,1882.53,1882,1882.53,55.839619374440645407
2026-08-15 15:03:00+00:00,1882.53,1883.04,1882.53,1882.99,1.32283
2026-08-15 15:04:00+00:00,1882.99,1883.02,1882.98,1883.02,0.74078
2026-08-15 15:05:00+00:00,1883.02,1883.02,1882.92,1882.99,1.10068
2026-08-15 15:06:00+00:00,1882.99,1883.02,1882,1882.98,1.231490765072700808
2026-08-15 15:07:00+00:00,1882.98,1883.02,1882.98,1882.98,0.18637
2026-08-15 15:08:00+00:00,1882.98,1883,1882.98,1882.98,0.51012
2026-08-15 15:09:00+00:00,1882.98,1883.02,1882.47,1882.48,184.057536174625279824
2026-08-15 15:10:00+00:00,1882.48,1882.98,1882.47,1882.94,209.10559
2026-08-15 15:11:00+00:00,1882.94,1883.02,1882.48,1883,1.09302
2026-08-15 15:12:00+00:00,1883,1883,1882.98,1882.98,0.48613
2026-08-15 15:13:00+00:00,1882.98,1883.36,1882.98,1882.99,0.912212648665026292
2026-08-15 15:14:00+00:00,1882.99,1883.06,1882.99,1883.02,1.004362827206780453
2026-08-15 15:15:00+00:00,1883.02,1883.04,1882.48,1882.49,157.228521436321249138
2026-08-15 15:16:00+00:00,1882.49,1883.45,1882.45,1883.33,218.947508296661286211
2026-08-15 15:17:00+00:00,1883.33,1884.02,1882.98,1884.02,37.517416655204056397
2026-08-15 15:18:00+00:00,1884.02,1884.02,1883.98,1884.02,0.999527007383344745
2026-08-15 15:19:00+00:00,1884.02,1884.42,1883.98,1884.41,2053.054190477615614569
2026-08-15 15:20:00+00:00,1884.41,1884.41,1882.88,1883.98,0.68068
2026-08-15 15:21:00+00:00,1883.98,1883.99,1882.35,1882.35,2063.025720266731275873
2026-08-15 15:22:00+00:00,1882.35,1883.01,1882.2,1882.98,1.67347
2026-08-15 15:23:00+00:00,1882.98,1883.02,1882.93,1883.02,1.258246245551933294
2026-08-15 15:24:00+00:00,1883.02,1883.02,1882.98,1882.98,2.347961579687630414
2026-08-15 15:25:00+00:00,1882.98,1883.02,1882.98,1882.98,0.564437057330638361
2026-08-15 15:26:00+00:00,1882.98,1884.36,1882.98,1883.07,169.1943571955525585
2026-08-15 15:27:00+00:00,1883.07,1883.53,1882.99,1883.33,190.799240329124699073
2026-08-15 15:28:00+00:00,1883.33,1883.53,1883.02,1883.44,389.5218471955525585
2026-08-15 15:29:00+00:00,1883.44,1884.2,1882.19,1884.2,1.169512114032954277
2026-08-15 15:30:00+00:00,1884.2,1884.2,1882.19,1884.2,3.102584221583394317
2026-08-15 15:31:00+00:00,1884.2,1884.36,1882.2,1884.35,0.981036922231203332
2026-08-15 15:32:00+00:00,1884.35,1884.35,1884.35,1884.35,0
2026-08-15 15:33:00+00:00,1884.35,1884.35,1883.98,1883.98,0.053124800781997067
2026-08-15 15:34:00+00:00,1883.98,1884.27,1883.96,1884.27,0.889840035500966642
2026-08-15 15:35:00+00:00,1884.27,1885.36,1883.96,1885.36,1567.670192842916542111
2026-08-15 15:36:00+00:00,1885.36,1885.36,1884.43,1884.46,1.210716246512073544
2026-08-15 15:37:00+00:00,1884.46,1884.98,1884.46,1884.47,204.565792799847171072
2026-08-15 15:38:00+00:00,1884.47,1885.02,1884.15,1884.47,636.743656053264778213
2026-08-15 15:39:00+00:00,1884.47,1885.02,1884.47,1884.99,481.387011137081155652
2026-08-15 15:40:00+00:00,1884.99,1885.02,1884.99,1885,0.811112799847171072
2026-08-15 15:41:00+00:00,1885,1885.01,1884.99,1884.99,1.4484
2026-08-15 15:42:00+00:00,1884.99,1885.01,1884.98,1884.98,1.430336071386800778
2026-08-15 15:43:00+00:00,1884.98,1885.02,1884.61,1884.67,67.91867143870471726
2026-08-15 15:44:00+00:00,1884.67,1885.02,1884.49,1884.67,220.336992461583445061
2026-08-15 15:45:00+00:00,1884.67,1884.98,1884.47,1884.67,313.80373
2026-08-15 15:46:00+00:00,1884.67,1885.02,1884.47,1885.01,73.906550274850878778
2026-08-15 15:47:00+00:00,1885.01,1885.02,1884.96,1885.02,1.181405215632775388
2026-08-15 15:48:00+00:00,1885.02,1885.02,1884.47,1884.5,274.776684140499308271
2026-08-15 15:49:00+00:00,1884.5,1885.02,1884.47,1884.99,130.701272774937336053
2026-08-15 15:50:00+00:00,1884.99,1885.02,1884.48,1884.67,186.186802956975530535
2026-08-15 15:51:00+00:00,1884.67,1884.98,1883.96,1884.02,43.02265164191899898
2026-08-15 15:52:00+00:00,1884.02,1884.02,1883.98,1883.98,1.126454712653139666
2026-08-15 15:53:00+00:00,1883.98,1884.04,1883.98,1884,8.821447317670494146
2026-08-15 15:54:00+00:00,1884,1884.04,1883.98,1884,3.623742083996969426
2026-08-15 15:55:00+00:00,1884,1884.07,1884,1884,4.365150518116476046
2026-08-15 15:56:00+00:00,1884,1884.04,1884,1884,3.113549686733686478
2026-08-15 15:57:00+00:00,1884,1884.02,1883.98,1884.02,3.366593568824680392
2026-08-15 15:58:00+00:00,1884.02,1884.03,1884,1884.02,2.129051851213148076
2026-08-15 15:59:00+00:00,1884.02,1884.02,1884,1884,1.28156
2026-08-15 16:00:00+00:00,1884,1884.03,1883.98,1884.03,0.21198
2026-08-15 16:01:00+00:00,1884.03,1884.04,1883.96,1883.96,3.868195962793620432
2026-08-15 16:02:00+00:00,1883.96,1884.04,1883.96,1884,0.95265
2026-08-15 16:03:00+00:00,1884,1884.04,1883.98,1884,1.679984726493772612
2026-08-15 16:04:00+00:00,1884,1884.02,1883.98,1884,3.22247493957662631
2026-08-15 16:05:00+00:00,1884,1884.02,1883.98,1883.99,1.19286
2026-08-15 16:06:00+00:00,1883.99,1884.02,1883.98,1883.98,3.148574449822946584
2026-08-15 16:07:00+00:00,1883.98,1883.98,1883.26,1883.33,174.177738365521965335
2026-08-15 16:08:00+00:00,1883.33,1883.58,1883.02,1883.53,184.698599388379204892
2026-08-15 16:09:00+00:00,1883.53,1884.02,1883.02,1883.98,64.86815
2026-08-15 16:10:00+00:00,1883.98,1884.45,1883.98,1884.44,211.89775
2026-08-15 16:11:00+00:00,1884.44,1884.47,1884.02,1884.45,95.45416
2026-08-15 16:12:00+00:00,1884.45,1884.46,1882.67,1883.99,63.762867226857532946
2026-08-15 16:13:00+00:00,1883.99,1884.02,1883.99,1884.02,1.464714823594354594
2026-08-15 16:14:00+00:00,1884.02,1884.02,1883.98,1883.98,0.91306
2026-08-15 16:15:00+00:00,1883.98,1884.02,1883.16,1883.16,1.815946684544228379
2026-08-15 16:16:00+00:00,1883.16,1883.16,1882.98,1882.98,2.991934616660506505
2026-08-15 16:17:00+00:00,1882.98,1883.02,1882.98,1882.98,1.700346971875267416
2026-08-15 16:18:00+00:00,1882.98,1883.84,1882.98,1883.84,185.918574058924317491
2026-08-15 16:19:00+00:00,1883.84,1884.02,1883.84,1884.02,1.300022697107979716
2026-08-15 16:20:00+00:00,1884.02,1884.02,1883.93,1884.02,0.573736863285739002
2026-08-15 16:21:00+00:00,1884.02,1884.02,1883.98,1884.02,0.5230673592076349
2026-08-15 16:22:00+00:00,1884.02,1884.02,1883.98,1884,5.175236617696747381
2026-08-15 16:23:00+00:00,1884,1884.02,1883.97,1884.01,0.717962833113053817
2026-08-15 16:24:00+00:00,1884.01,1884.02,1883.99,1883.99,1.270507884841986815
2026-08-15 16:25:00+00:00,1883.99,1885.02,1883.99,1884.96,2069.121621188370203897
2026-08-15 16:26:00+00:00,1884.96,1885.02,1884.96,1885.02,0.228667641755572137
2026-08-15 16:27:00+00:00,1885.02,1885.02,1885,1885,0.09758
2026-08-15 16:28:00+00:00,1885,1885.01,1884.48,1884.98,345.90608
2026-08-15 16:29:00+00:00,1884.98,1885.36,1883.64,1883.64,1.75483155001482833
2026-08-15 16:30:00+00:00,1883.64,1885.36,1883.64,1885.36,2.35494246309086693
2026-08-15 16:31:00+00:00,1885.36,1885.36,1883.64,1883.64,5.336704107502637559
2026-08-15 16:32:00+00:00,1883.64,1885.34,1883.64,1883.64,0.535146162988115448
2026-08-15 16:33:00+00:00,1883.64,1885.36,1883.64,1885.36,6.104932296489812693
2026-08-15 16:34:00+00:00,1885.36,1885.36,1883.64,1885.3,1.758602184714191853
2026-08-15 16:35:00+00:00,1885.3,1885.36,1883.64,1883.65,6.391245883014089815
2026-08-15 16:36:00+00:00,1883.65,1885.36,1883.64,1883.78,7.861734478616922737
2026-08-15 16:37:00+00:00,1883.78,1883.8,1883.78,1883.8,0.0706
2026-08-15 16:38:00+00:00,1883.8,1883.8,1883.8,1883.8,0
2026-08-15 16:39:00+00:00,1883.8,1883.8,1883.8,1883.8,0
2026-08-15 16:40:00+00:00,1883.8,1883.98,1882.64,1883.67,720.282242308282936332
2026-08-15 16:41:00+00:00,1883.67,1883.98,1883.02,1883.33,211.43263
2026-08-15 16:42:00+00:00,1883.33,1883.59,1882.98,1883.53,601.536525146521702198
2026-08-15 16:43:00+00:00,1883.53,1884.36,1883.53,1884.36,0.83596109843437266
2026-08-15 16:44:00+00:00,1884.36,1884.36,1883.53,1883.53,0.08231
2026-08-15 16:45:00+00:00,1883.53,1884.36,1882.98,1882.98,3.785812782088427153
2026-08-15 16:46:00+00:00,1882.98,1883.61,1882.98,1883.61,35.4073
2026-08-15 16:47:00+00:00,1883.61,1884.36,1883.61,1883.98,3.023558597500459861
2026-08-15 16:48:00+00:00,1883.98,1884.05,1883.98,1884.05,0.08231
2026-08-15 16:49:00+00:00,1884.05,1884.36,1884.05,1884.36,0.352992180311658199
2026-08-15 16:50:00+00:00,1884.36,1884.36,1884.31,1884.36,0.652824669750340462
2026-08-15 16:51:00+00:00,1884.36,1884.36,1883.98,1884.36,12.154414936700522248
2026-08-15 16:52:00+00:00,1884.36,1884.36,1884.36,1884.36,0.073571029233554034
2026-08-15 16:53:00+00:00,1884.36,1884.36,1884.36,1884.36,0
2026-08-15 16:54:00+00:00,1884.36,1884.36,1883.98,1883.98,0.08231
2026-08-15 16:55:00+00:00,1883.98,1883.98,1883.98,1883.98,0.08231
2026-08-15 16:56:00+00:00,1883.98,1883.98,1883.98,1883.98,0
2026-08-15 16:57:00+00:00,1883.98,1883.98,1883.98,1883.98,0
2026-08-15 16:58:00+00:00,1883.98,1884.13,1883.98,1884.13,0.32079
2026-08-15 16:59:00+00:00,1884.13,1884.13,1884.04,1884.04,0.98977560655965886
2026-08-15 17:00:00+00:00,1884.04,1884.28,1884.04,1884.28,0.700387226857532946
