time,open,high,low,close,volume
2026-08-12 05:18:00+00:00,45.42,45.42,45.41,45.41,3.9378927800146832
2026-08-12 05:19:00+00:00,45.41,45.42,45.41,45.41,3.6456062921407586
2026-08-12 05:20:00+00:00,45.41,45.42,45.41,45.41,3.3703424186173607
2026-08-12 05:21:00+00:00,45.41,45.42,45.4,45.41,465.6919924907116
2026-08-12 05:22:00+00:00,45.41,45.41,45.38,45.4,445.5234591526398
2026-08-12 05:23:00+00:00,45.4,45.4,45.38,45.4,3.8114207776524425
2026-08-12 05:24:00+00:00,45.4,45.4,45.38,45.38,3.1442569064366883
2026-08-12 05:25:00+00:00,45.38,45.4,45.38,45.38,3.5569214930989026
2026-08-12 05:26:00+00:00,45.38,45.4,45.38,45.38,1.928684083306314
2026-08-12 05:27:00+00:00,45.38,45.4,45.38,45.4,13.075734871268175
2026-08-12 05:28:00+00:00,45.4,45.41,45.39,45.39,898.0699651374806
2026-08-12 05:29:00+00:00,45.39,45.4,45.39,45.39,1.483951369093893
2026-08-12 05:30:00+00:00,45.39,45.4,45.39,45.4,1.810875025355388
2026-08-12 05:31:00+00:00,45.4,45.4,45.39,45.4,3.837292956879826
2026-08-12 05:32:00+00:00,45.4,45.41,45.39,45.39,9.240472228156625
2026-08-12 05:33:00+00:00,45.39,45.41,45.33,45.35,1443.625835439714
2026-08-12 05:34:00+00:00,45.35,45.36,45.33,45.36,5.309086420754939
2026-08-12 05:35:00+00:00,45.36,45.36,45.35,45.36,3.5377512692773623
2026-08-12 05:36:00+00:00,45.36,45.36,45.35,45.35,30.723052700292904
2026-08-12 05:37:00+00:00,45.35,45.35,45.29,45.3,1422.3554077410051
2026-08-12 05:38:00+00:00,45.3,45.33,45.28,45.28,1445.4577809564696
2026-08-12 05:39:00+00:00,45.28,45.29,45.27,45.27,1515.5522644790033
2026-08-12 05:40:00+00:00,45.27,45.29,45.27,45.27,3.9193430082150313
2026-08-12 05:41:00+00:00,45.27,45.29,45.27,45.27,3.2330611654037402
2026-08-12 05:42:00+00:00,45.27,45.29,45.27,45.29,3.407821743028739
2026-08-12 05:43:00+00:00,45.29,45.29,45.27,45.29,2.998660459899517
2026-08-12 05:44:00+00:00,45.29,45.29,45.27,45.29,3.887780141847085
2026-08-12 05:45:00+00:00,45.29,45.29,45.27,45.29,4.080607252195958
2026-08-12 05:46:00+00:00,45.29,45.29,45.27,45.27,3.3871717854107906
2026-08-12 05:47:00+00:00,45.27,45.29,45.27,45.27,3.264360643138056
2026-08-12 05:48:00+00:00,45.27,45.29,45.27,45.29,2.5985406078774766
2026-08-12 05:49:00+00:00,45.29,45.29,45.26,45.27,605.330227355863
2026-08-12 05:50:00+00:00,45.27,45.28,45.25,45.28,493.07148482573746
2026-08-12 05:51:00+00:00,45.28,45.28,45.27,45.27,3.5051957493359436
2026-08-12 05:52:00+00:00,45.27,45.28,45.27,45.27,3.953494297270948
2026-08-12 05:53:00+00:00,45.27,45.28,45.27,45.27,3.984880323477275
2026-08-12 05:54:00+00:00,45.27,45.29,45.27,45.29,4.58502728813551
2026-08-12 05:55:00+00:00,45.29,45.29,45.27,45.29,2.9241830633431567
2026-08-12 05:56:00+00:00,45.29,45.29,45.27,45.27,2.9483675508832143
2026-08-12 05:57:00+00:00,45.27,45.27,45.27,45.27,0.0
2026-08-12 05:58:00+00:00,45.27,45.3,45.27,45.29,6.610704651943789
2026-08-12 05:59:00+00:00,45.29,45.3,45.29,45.3,2.706885063000911
2026-08-12 06:00:00+00:00,45.3,45.3,45.27,45.27,467.0488332712685
2026-08-12 06:01:00+00:00,45.27,45.28,45.26,45.28,489.650757342344
2026-08-12 06:02:00+00:00,45.28,45.28,45.26,45.28,3.768614251150401
2026-08-12 06:03:00+00:00,45.28,45.28,45.24,45.26,2730.431186162202
2026-08-12 06:04:00+00:00,45.26,45.35,45.26,45.35,460.85717454211414
2026-08-12 06:05:00+00:00,45.35,45.36,45.35,45.36,3.7228835978835977
2026-08-12 06:06:00+00:00,45.36,45.36,45.34,45.34,5.753194726963092
2026-08-12 06:07:00+00:00,45.34,45.36,45.34,45.34,6.305609946290563
2026-08-12 06:08:00+00:00,45.34,45.36,45.34,45.36,3.4619567306083994
2026-08-12 06:09:00+00:00,45.36,45.36,45.3,45.31,464.05993406932015
2026-08-12 06:10:00+00:00,45.31,45.31,45.3,45.3,2.9492449317748766
2026-08-12 06:11:00+00:00,45.3,45.31,45.3,45.3,2.5509755849207543
2026-08-12 06:12:00+00:00,45.3,45.31,45.3,45.31,3.3552453955897636
2026-08-12 06:13:00+00:00,45.31,45.31,45.3,45.31,3.249492463738884
2026-08-12 06:14:00+00:00,45.31,45.31,45.3,45.31,3.874674732758339
2026-08-12 06:15:00+00:00,45.31,45.31,45.28,45.29,504.4216475766341
2026-08-12 06:16:00+00:00,45.29,45.29,45.28,45.29,7.115223994251416
2026-08-12 06:17:00+00:00,45.29,45.31,45.29,45.3,4.452008079733287
2026-08-12 06:18:00+00:00,45.3,45.31,45.28,45.28,493.9104793389284
2026-08-12 06:19:00+00:00,45.28,45.29,45.28,45.29,3.794406526803708
2026-08-12 06:20:00+00:00,45.29,45.29,45.27,45.27,463.78546544100817
2026-08-12 06:21:00+00:00,45.27,45.3,45.27,45.29,9.887643128097352
2026-08-12 06:22:00+00:00,45.29,45.3,45.27,45.28,460.6313130333481
2026-08-12 06:23:00+00:00,45.28,45.28,45.27,45.28,3.7740933375014927
2026-08-12 06:24:00+00:00,45.28,45.28,45.26,45.26,1007.5525768502118
2026-08-12 06:25:00+00:00,45.26,45.28,45.26,45.26,3.587218421167686
2026-08-12 06:26:00+00:00,45.26,45.28,45.26,45.26,3.898787941364304
2026-08-12 06:27:00+00:00,45.26,45.28,45.26,45.28,3.675937925983989
2026-08-12 06:28:00+00:00,45.28,45.28,45.25,45.26,434.3812537066379
2026-08-12 06:29:00+00:00,45.26,45.27,45.25,45.27,6.025278366477839
2026-08-12 06:30:00+00:00,45.27,45.27,45.24,45.24,7.436388969590675
2026-08-12 06:31:00+00:00,45.24,45.25,45.24,45.24,4.019417061125196
2026-08-12 06:32:00+00:00,45.24,45.25,45.22,45.22,2470.429460000974
2026-08-12 06:33:00+00:00,45.22,45.26,45.22,45.26,464.068742751814
2026-08-12 06:34:00+00:00,45.26,45.26,45.24,45.26,4.2621900851471
2026-08-12 06:35:00+00:00,45.26,45.26,45.24,45.24,3.7185420087807826
2026-08-12 06:36:00+00:00,45.24,45.26,45.24,45.24,4.050569125512365
2026-08-12 06:37:00+00:00,45.24,45.27,45.24,45.26,12.699348693599267
2026-08-12 06:38:00+00:00,45.26,45.27,45.26,45.27,3.723054909605557
2026-08-12 06:39:00+00:00,45.27,45.27,45.26,45.27,4.127022599513637
2026-08-12 06:40:00+00:00,45.27,45.27,45.26,45.27,4.055844175873712
2026-08-12 06:41:00+00:00,45.27,45.28,45.26,45.28,3.5256491042842266
2026-08-12 06:42:00+00:00,45.28,45.3,45.28,45.29,470.9697518287739
2026-08-12 06:43:00+00:00,45.29,45.3,45.29,45.29,3.9746616287384167
2026-08-12 06:44:00+00:00,45.29,45.3,45.26,45.26,489.2714056086662
2026-08-12 06:45:00+00:00,45.26,45.3,45.25,45.3,5.427680167994151
2026-08-12 06:46:00+00:00,45.3,45.31,45.28,45.31,6.4527898825829375
2026-08-12 06:47:00+00:00,45.31,45.31,45.28,45.28,7.267824225817602
2026-08-12 06:48:00+00:00,45.28,45.29,45.28,45.28,0.6439744614018648
2026-08-12 06:49:00+00:00,45.28,45.29,45.28,45.28,2.4610319919061063
2026-08-12 06:50:00+00:00,45.28,45.3,45.28,45.28,5.414229305479912
2026-08-12 06:51:00+00:00,45.28,45.3,45.28,45.28,3.4680124357444284
2026-08-12 06:52:00+00:00,45.28,45.3,45.27,45.27,7.337242825607064
2026-08-12 06:53:00+00:00,45.27,45.28,45.25,45.28,956.236642528848
2026-08-12 06:54:00+00:00,45.28,45.28,45.27,45.28,4.270025406063813
2026-08-12 06:55:00+00:00,45.28,45.28,45.27,45.27,0.4030704660923348
2026-08-12 06:56:00+00:00,45.27,45.28,45.26,45.28,4.32181468677912
2026-08-12 06:57:00+00:00,45.28,45.28,45.26,45.28,3.951640570227145
2026-08-12 06:58:00+00:00,45.28,45.28,45.26,45.28,2.920907382004875
2026-08-12 06:59:00+00:00,45.28,45.28,45.26,45.26,3.7690016867599687
2026-08-12 07:00:00+00:00,45.26,45.28,45.26,45.26,3.8251916976745273
2026-08-12 07:01:00+00:00,45.26,45.28,45.26,45.26,3.8810680321315862
2026-08-12 07:02:00+00:00,45.26,45.29,45.26,45.29,6.354095222230978
2026-08-12 07:03:00+00:00,45.29,45.29,45.28,45.29,7.019526805853444
2026-08-12 07:04:00+00:00,45.29,45.31,45.28,45.3,4.422923635738587
2026-08-12 07:05:00+00:00,45.3,45.32,45.29,45.29,929.5093058010024
2026-08-12 07:06:00+00:00,45.29,45.3,45.27,45.29,936.1668599327629
2026-08-12 07:07:00+00:00,45.29,45.3,45.29,45.3,3.6685826147607985
2026-08-12 07:08:00+00:00,45.3,45.3,45.29,45.3,3.7004185681970054
2026-08-12 07:09:00+00:00,45.3,45.3,45.29,45.29,3.618769762877156
2026-08-12 07:10:00+00:00,45.29,45.3,45.28,45.28,465.44966671500913
2026-08-12 07:11:00+00:00,45.28,45.3,45.28,45.28,4.025148255836629
2026-08-12 07:12:00+00:00,45.28,45.3,45.28,45.3,3.561161807034376
2026-08-12 07:13:00+00:00,45.3,45.3,45.28,45.3,3.913048795232412
2026-08-12 07:14:00+00:00,45.3,45.3,45.27,45.27,466.28329614968214
2026-08-12 07:15:00+00:00,45.27,45.28,45.27,45.27,3.6713277900324783
2026-08-12 07:16:00+00:00,45.27,45.29,45.27,45.27,4.954814805479129
2026-08-12 07:17:00+00:00,45.27,45.29,45.27,45.29,3.7380369338152777
2026-08-12 07:18:00+00:00,45.29,45.29,45.27,45.29,4.033046455205618
2026-08-12 07:19:00+00:00,45.29,45.29,45.26,45.27,485.2258885192805
2026-08-12 07:20:00+00:00,45.27,45.27,45.26,45.27,3.1619791585831405
2026-08-12 07:21:00+00:00,45.27,45.3,45.26,45.28,496.60078486233795
2026-08-12 07:22:00+00:00,45.28,45.29,45.28,45.29,3.838216217708103
2026-08-12 07:23:00+00:00,45.29,45.29,45.28,45.29,4.040656795975991
2026-08-12 07:24:00+00:00,45.29,45.29,45.28,45.28,3.525319832262756
2026-08-12 07:25:00+00:00,45.28,45.29,45.28,45.29,3.808056024114716
2026-08-12 07:26:00+00:00,45.29,45.29,45.27,45.29,468.54050816453554
2026-08-12 07:27:00+00:00,45.29,45.29,45.27,45.27,3.7241315776497266
2026-08-12 07:28:00+00:00,45.27,45.29,45.25,45.25,490.01975400085104
2026-08-12 07:29:00+00:00,45.25,45.26,45.23,45.24,947.113021357954
2026-08-12 07:30:00+00:00,45.24,45.24,45.22,45.24,588.5692733172399
2026-08-12 07:31:00+00:00,45.24,45.25,45.22,45.24,7.5798827026666835
2026-08-12 07:32:00+00:00,45.24,45.27,45.24,45.27,6.732738922834736
2026-08-12 07:33:00+00:00,45.27,45.28,45.26,45.28,5.072270471833151
2026-08-12 07:34:00+00:00,45.28,45.28,45.26,45.26,3.4023212272554804
2026-08-12 07:35:00+00:00,45.26,45.28,45.25,45.26,489.98495702591634
2026-08-12 07:36:00+00:00,45.26,45.26,45.24,45.24,462.3805569472239
2026-08-12 07:37:00+00:00,45.24,45.26,45.23,45.23,490.4865484582692
2026-08-12 07:38:00+00:00,45.23,45.27,45.22,45.24,2020.312035686332
2026-08-12 07:39:00+00:00,45.24,45.25,45.24,45.25,3.784501106437856
2026-08-12 07:40:00+00:00,45.25,45.25,45.24,45.25,3.908516396285495
2026-08-12 07:41:00+00:00,45.25,45.25,45.24,45.24,2.7181114302602203
2026-08-12 07:42:00+00:00,45.24,45.25,45.23,45.23,1.9717459956050292
2026-08-12 07:43:00+00:00,45.23,45.25,45.23,45.23,3.873715216151212
2026-08-12 07:44:00+00:00,45.23,45.25,45.23,45.23,3.8630445885547537
2026-08-12 07:45:00+00:00,45.23,45.23,45.19,45.19,3761.9858205351657
2026-08-12 07:46:00+00:00,45.19,45.21,45.18,45.2,847.5009113540026
2026-08-12 07:47:00+00:00,45.2,45.2,45.2,45.2,4.118429203539823
2026-08-12 07:48:00+00:00,45.2,45.21,45.2,45.21,6.023018886298552
2026-08-12 07:49:00+00:00,45.21,45.22,45.19,45.22,7.232266730839227
2026-08-12 07:50:00+00:00,45.22,45.22,45.21,45.21,1.792148092429442
2026-08-12 07:51:00+00:00,45.21,45.22,45.21,45.21,4.314041872118525
2026-08-12 07:52:00+00:00,45.21,45.23,45.21,45.21,8.67143428008747
2026-08-12 07:53:00+00:00,45.21,45.23,45.21,45.23,3.462728095771212
2026-08-12 07:54:00+00:00,45.23,45.24,45.21,45.24,11.07324335118413
2026-08-12 07:55:00+00:00,45.24,45.26,45.23,45.25,10.264990153376036
2026-08-12 07:56:00+00:00,45.25,45.26,45.25,45.25,4.033754655117272
2026-08-12 07:57:00+00:00,45.25,45.26,45.24,45.26,462.12228970544686
2026-08-12 07:58:00+00:00,45.26,45.28,45.24,45.26,4.043437990507838
2026-08-12 07:59:00+00:00,45.26,45.28,45.26,45.26,3.924478172053421
2026-08-12 08:00:00+00:00,45.26,45.28,45.23,45.23,1388.005173234148
2026-08-12 08:01:00+00:00,45.23,45.24,45.22,45.22,490.29158517112967
2026-08-12 08:02:00+00:00,45.22,45.24,45.22,45.24,3.4738864539254206
2026-08-12 08:03:00+00:00,45.24,45.27,45.24,45.26,9.548884001033844
2026-08-12 08:04:00+00:00,45.26,45.27,45.25,45.25,4.603940140224708
2026-08-12 08:05:00+00:00,45.25,45.27,45.25,45.27,2.3102025440969896
2026-08-12 08:06:00+00:00,45.27,45.28,45.25,45.28,9.428519713007598
2026-08-12 08:07:00+00:00,45.28,45.28,45.27,45.28,3.7943592908586954
2026-08-12 08:08:00+00:00,45.28,45.28,45.27,45.28,5.170084762332952
2026-08-12 08:09:00+00:00,45.28,45.29,45.27,45.27,4.062511635615516
2026-08-12 08:10:00+00:00,45.27,45.3,45.27,45.3,449.46778546616383
2026-08-12 08:11:00+00:00,45.3,45.31,45.3,45.31,2.3834897929056784
2026-08-12 08:12:00+00:00,45.31,45.32,45.3,45.32,2.9341370119873673
2026-08-12 08:13:00+00:00,45.32,45.32,45.3,45.32,4.150951769998578
2026-08-12 08:14:00+00:00,45.32,45.32,45.29,45.29,462.3106607069158
2026-08-12 08:15:00+00:00,45.29,45.32,45.29,45.32,4.638380648924482
2026-08-12 08:16:00+00:00,45.32,45.32,45.31,45.32,2.4082755784754744
2026-08-12 08:17:00+00:00,45.32,45.33,45.31,45.31,9.13845100910988
2026-08-12 08:18:00+00:00,45.31,45.34,45.31,45.34,472.0791042838712
2026-08-12 08:19:00+00:00,45.34,45.34,45.33,45.33,6.594180625712865
2026-08-12 08:20:00+00:00,45.33,45.35,45.33,45.33,1.8181471122828037
2026-08-12 08:21:00+00:00,45.33,45.35,45.33,45.33,2.007605609822954
2026-08-12 08:22:00+00:00,45.33,45.35,45.33,45.33,4.388349929744656
2026-08-12 08:23:00+00:00,45.33,45.35,45.33,45.35,3.5530011862049977
2026-08-12 08:24:00+00:00,45.35,45.35,45.3,45.3,992.9626163709158
2026-08-12 08:25:00+00:00,45.3,45.31,45.3,45.31,2.336277978098388
2026-08-12 08:26:00+00:00,45.31,45.33,45.3,45.33,5.701732617813918
2026-08-12 08:27:00+00:00,45.33,45.34,45.31,45.33,461.14196698096737
2026-08-12 08:28:00+00:00,45.33,45.34,45.32,45.34,459.60965602463136
2026-08-12 08:29:00+00:00,45.34,45.34,45.31,45.32,459.9079210940366
2026-08-12 08:30:00+00:00,45.32,45.32,45.3,45.32,489.7944225200913
2026-08-12 08:31:00+00:00,45.32,45.32,45.3,45.3,3.8282903814717617
2026-08-12 08:32:00+00:00,45.3,45.32,45.27,45.29,463.30037082233247
2026-08-12 08:33:00+00:00,45.29,45.3,45.27,45.3,5.790732831561942
2026-08-12 08:34:00+00:00,45.3,45.3,45.28,45.28,5.597019485597928
2026-08-12 08:35:00+00:00,45.28,45.3,45.28,45.28,3.813075482258052
2026-08-12 08:36:00+00:00,45.28,45.3,45.27,45.28,491.9498430408094
2026-08-12 08:37:00+00:00,45.28,45.28,45.26,45.26,461.28907257204287
2026-08-12 08:38:00+00:00,45.26,45.28,45.26,45.26,4.048873147921159
2026-08-12 08:39:00+00:00,45.26,45.29,45.26,45.29,7.491743316627014
2026-08-12 08:40:00+00:00,45.29,45.29,45.27,45.29,460.4450958899279
2026-08-12 08:41:00+00:00,45.29,45.29,45.27,45.27,3.2922845742453597
2026-08-12 08:42:00+00:00,45.27,45.29,45.27,45.27,3.974679627638843
2026-08-12 08:43:00+00:00,45.27,45.29,45.27,45.27,4.112928274176243
2026-08-12 08:44:00+00:00,45.27,45.29,45.27,45.27,3.776287599590748
2026-08-12 08:45:00+00:00,45.27,45.29,45.27,45.29,3.602424173342712
2026-08-12 08:46:00+00:00,45.29,45.29,45.27,45.29,3.6649031499772495
2026-08-12 08:47:00+00:00,45.29,45.29,45.27,45.27,3.1456033115114175
2026-08-12 08:48:00+00:00,45.27,45.29,45.27,45.27,4.10937314705033
2026-08-12 08:49:00+00:00,45.27,45.29,45.27,45.27,3.645949308442664
2026-08-12 08:50:00+00:00,45.27,45.29,45.27,45.29,3.606507789698598
2026-08-12 08:51:00+00:00,45.29,45.29,45.26,45.26,474.6048910229112
2026-08-12 08:52:00+00:00,45.26,45.28,45.26,45.26,3.7382255440536847
2026-08-12 08:53:00+00:00,45.26,45.29,45.26,45.28,5.2503818803855
2026-08-12 08:54:00+00:00,45.28,45.29,45.28,45.28,4.084802669408843
2026-08-12 08:55:00+00:00,45.28,45.29,45.28,45.29,3.8995476101402273
2026-08-12 08:56:00+00:00,45.29,45.29,45.28,45.29,2.2918177282327394
2026-08-12 08:57:00+00:00,45.29,45.29,45.26,45.26,468.2425088969346
2026-08-12 08:58:00+00:00,45.26,45.27,45.25,45.25,490.266567289512
2026-08-12 08:59:00+00:00,45.25,45.27,45.25,45.27,3.3991868799480587
2026-08-12 09:00:00+00:00,45.27,45.27,45.25,45.27,3.7482006963742407
2026-08-12 09:01:00+00:00,45.27,45.27,45.25,45.27,3.834808772899741
2026-08-12 09:02:00+00:00,45.27,45.27,45.24,45.25,452.95316507173527
2026-08-12 09:03:00+00:00,45.25,45.29,45.24,45.29,6.229976153122866
2026-08-12 09:04:00+00:00,45.29,45.29,45.27,45.29,3.655155131866733
2026-08-12 09:05:00+00:00,45.29,45.29,45.27,45.29,3.6319765370388986
2026-08-12 09:06:00+00:00,45.29,45.29,45.27,45.27,2.188698982962459
2026-08-12 09:07:00+00:00,45.27,45.3,45.27,45.3,10.380954993916989
2026-08-12 09:08:00+00:00,45.3,45.3,45.29,45.3,1.3287584109664623
2026-08-12 09:09:00+00:00,45.3,45.31,45.28,45.29,461.6875519272326
2026-08-12 09:10:00+00:00,45.29,45.29,45.28,45.28,3.0805902840898898
2026-08-12 09:11:00+00:00,45.28,45.31,45.28,45.3,7.4068863475517555
2026-08-12 09:12:00+00:00,45.3,45.31,45.3,45.3,2.317476062620856
2026-08-12 09:13:00+00:00,45.3,45.31,45.29,45.29,462.17711649779653
2026-08-12 09:14:00+00:00,45.29,45.31,45.29,45.31,3.84022208773602
2026-08-12 09:15:00+00:00,45.31,45.33,45.29,45.33,471.3936253447177
2026-08-12 09:16:00+00:00,45.33,45.34,45.32,45.34,6.048397966849483
2026-08-12 09:17:00+00:00,45.34,45.36,45.32,45.34,927.2871339517332
2026-08-12 09:18:00+00:00,45.34,45.34,45.33,45.33,3.555067796215977
2026-08-12 09:19:00+00:00,45.33,45.38,45.33,45.35,1475.2688321057665
2026-08-12 09:20:00+00:00,45.35,45.36,45.33,45.33,454.4696960337439
2026-08-12 09:21:00+00:00,45.33,45.35,45.33,45.35,3.539029486327266
2026-08-12 09:22:00+00:00,45.35,45.35,45.31,45.33,1469.1428425709948
2026-08-12 09:23:00+00:00,45.33,45.35,45.31,45.33,5.977527459999885
2026-08-12 09:24:00+00:00,45.33,45.37,45.33,45.37,5.6795241392799785
2026-08-12 09:25:00+00:00,45.37,45.4,45.35,45.36,2319.095141656437
2026-08-12 09:26:00+00:00,45.36,45.37,45.35,45.35,490.38215137677486
2026-08-12 09:27:00+00:00,45.35,45.37,45.35,45.37,25.752495701778773
2026-08-12 09:28:00+00:00,45.37,45.37,45.34,45.35,51.82876107207885
2026-08-12 09:29:00+00:00,45.35,45.37,45.34,45.34,459.48589758783544
2026-08-12 09:30:00+00:00,45.34,45.37,45.34,45.35,460.4540852470181
2026-08-12 09:31:00+00:00,45.35,45.36,45.34,45.34,461.3785484250096
2026-08-12 09:32:00+00:00,45.34,45.39,45.34,45.38,12.000363184754864
2026-08-12 09:33:00+00:00,45.38,45.39,45.36,45.37,458.3861578723673
2026-08-12 09:34:00+00:00,45.37,45.38,45.35,45.35,490.46264939648137
2026-08-12 09:35:00+00:00,45.35,45.37,45.35,45.37,4.304114538478764
2026-08-12 09:36:00+00:00,45.37,45.37,45.35,45.37,3.520233211723088
2026-08-12 09:37:00+00:00,45.37,45.37,45.35,45.37,1.5121384456456153
2026-08-12 09:38:00+00:00,45.37,45.38,45.35,45.37,6.658376736379543
2026-08-12 09:39:00+00:00,45.37,45.38,45.37,45.37,2.040358798082812
2026-08-12 09:40:00+00:00,45.37,45.38,45.35,45.35,493.9224394876864
2026-08-12 09:41:00+00:00,45.35,45.36,45.34,45.36,459.5528285447337
2026-08-12 09:42:00+00:00,45.36,45.36,45.34,45.36,3.476099005826252
2026-08-12 09:43:00+00:00,45.36,45.37,45.34,45.36,7.061526822198345
2026-08-12 09:44:00+00:00,45.36,45.38,45.35,45.37,490.5078361120032
2026-08-12 09:45:00+00:00,45.37,45.38,45.35,45.38,5.264211657898259
2026-08-12 09:46:00+00:00,45.38,45.38,45.36,45.36,2.842724683118763
2026-08-12 09:47:00+00:00,45.36,45.38,45.36,45.36,4.122327982088155
2026-08-12 09:48:00+00:00,45.36,45.42,45.36,45.42,1052.1753953243267
2026-08-12 09:49:00+00:00,45.42,45.43,45.42,45.43,468.23975262361625
2026-08-12 09:50:00+00:00,45.43,45.45,45.43,45.45,4.799562635331159
2026-08-12 09:51:00+00:00,45.45,45.45,45.41,45.43,954.8980556638224
2026-08-12 09:52:00+00:00,45.43,45.44,45.41,45.44,458.97830310902464
2026-08-12 09:53:00+00:00,45.44,45.44,45.43,45.43,2.0003028717373574
2026-08-12 09:54:00+00:00,45.43,45.44,45.43,45.43,3.2181409915579766
2026-08-12 09:55:00+00:00,45.43,45.44,45.43,45.43,3.7470362186601887
2026-08-12 09:56:00+00:00,45.43,45.45,45.43,45.45,9.48585013306539
2026-08-12 09:57:00+00:00,45.45,45.45,45.43,45.45,3.7363177673699575
2026-08-12 09:58:00+00:00,45.45,45.45,45.42,45.44,488.9345378115905
2026-08-12 09:59:00+00:00,45.44,45.44,45.42,45.42,1.064880472010841
2026-08-12 10:00:00+00:00,45.42,45.46,45.42,45.46,478.4951113848812
2026-08-12 10:01:00+00:00,45.46,45.46,45.44,45.44,3.4229764945812136
2026-08-12 10:02:00+00:00,45.44,45.5,45.44,45.48,2783.593852778889
2026-08-12 10:03:00+00:00,45.48,45.48,45.43,45.44,900.8151501796236
2026-08-12 10:04:00+00:00,45.44,45.45,45.42,45.42,488.5217071387251
2026-08-12 10:05:00+00:00,45.42,45.43,45.42,45.42,3.9798051894742663
2026-08-12 10:06:00+00:00,45.42,45.43,45.42,45.43,3.6689582339236417
2026-08-12 10:07:00+00:00,45.43,45.43,45.42,45.43,3.5083478455732897
2026-08-12 10:08:00+00:00,45.43,45.44,45.42,45.42,10.386040885614468
2026-08-12 10:09:00+00:00,45.42,45.44,45.42,45.42,3.597959275633989
2026-08-12 10:10:00+00:00,45.42,45.44,45.42,45.42,4.0445827015151234
2026-08-12 10:11:00+00:00,45.42,45.44,45.42,45.44,3.776791931410125
2026-08-12 10:12:00+00:00,45.44,45.44,45.42,45.44,2.075897821428793
2026-08-12 10:13:00+00:00,45.44,45.44,45.42,45.42,3.6527916383705135
2026-08-12 10:14:00+00:00,45.42,45.44,45.42,45.42,3.7819443410795026
2026-08-12 10:15:00+00:00,45.42,45.44,45.42,45.42,4.19967004941361
2026-08-12 10:16:00+00:00,45.42,45.44,45.4,45.42,1464.3398381812308
2026-08-12 10:17:00+00:00,45.42,45.42,45.39,45.4,418.55902055341306
2026-08-12 10:18:00+00:00,45.4,45.41,45.39,45.41,6.208052088800222
2026-08-12 10:19:00+00:00,45.41,45.41,45.39,45.39,3.4236084255277817
2026-08-12 10:20:00+00:00,45.39,45.43,45.39,45.43,8.055177067316505
2026-08-12 10:21:00+00:00,45.43,45.45,45.43,45.43,5.722650857553698
2026-08-12 10:22:00+00:00,45.43,45.43,45.42,45.42,2.6431414994039537
2026-08-12 10:23:00+00:00,45.42,45.43,45.4,45.41,927.3370082020728
2026-08-12 10:24:00+00:00,45.41,45.41,45.4,45.41,3.7211827432293334
2026-08-12 10:25:00+00:00,45.41,45.41,45.38,45.39,1486.7803184065529
2026-08-12 10:26:00+00:00,45.39,45.4,45.38,45.4,5.48894846356569
2026-08-12 10:27:00+00:00,45.4,45.4,45.38,45.38,3.6115076019826704
2026-08-12 10:28:00+00:00,45.38,45.4,45.38,45.38,23.367599518927353
2026-08-12 10:29:00+00:00,45.38,45.41,45.38,45.4,10.392967997407181
2026-08-12 10:30:00+00:00,45.4,45.41,45.4,45.41,3.388977829991453
2026-08-12 10:31:00+00:00,45.41,45.41,45.4,45.41,3.994389056341294
2026-08-12 10:32:00+00:00,45.41,45.41,45.39,45.41,462.46934513279103
2026-08-12 10:33:00+00:00,45.41,45.43,45.39,45.43,12.39010513682972
2026-08-12 10:34:00+00:00,45.43,45.43,45.4,45.41,459.6967155261271
2026-08-12 10:35:00+00:00,45.41,45.42,45.4,45.42,4.689380730772918
2026-08-12 10:36:00+00:00,45.42,45.42,45.4,45.42,22.995762082788705
2026-08-12 10:37:00+00:00,45.42,45.42,45.39,45.39,490.91750998309215
2026-08-12 10:38:00+00:00,45.39,45.4,45.39,45.39,3.2754291733027414
2026-08-12 10:39:00+00:00,45.39,45.42,45.39,45.42,2.070802133277856
2026-08-12 10:40:00+00:00,45.42,45.43,45.41,45.41,3.6897042902164174
2026-08-12 10:41:00+00:00,45.41,45.45,45.41,45.43,6.301695920299481
2026-08-12 10:42:00+00:00,45.43,45.45,45.43,45.45,2.9113538278767344
2026-08-12 10:43:00+00:00,45.45,45.45,45.43,45.45,3.6026982698269823
2026-08-12 10:44:00+00:00,45.45,45.45,45.41,45.41,931.0726722752701
2026-08-12 10:45:00+00:00,45.41,45.43,45.4,45.43,4.251741491427628
2026-08-12 10:46:00+00:00,45.43,45.43,45.41,45.43,2.8181426563165073
2026-08-12 10:47:00+00:00,45.43,45.43,45.38,45.41,1929.1168182590927
2026-08-12 10:48:00+00:00,45.41,45.45,45.41,45.43,926.4849482333294
2026-08-12 10:49:00+00:00,45.43,45.43,45.4,45.42,539.682203998312
2026-08-12 10:50:00+00:00,45.42,45.44,45.42,45.44,4.880568662890921
2026-08-12 10:51:00+00:00,45.44,45.44,45.42,45.44,3.8178858626217895
2026-08-12 10:52:00+00:00,45.44,45.44,45.42,45.44,3.9785391704033097
2026-08-12 10:53:00+00:00,45.44,45.44,45.42,45.44,3.150810423139896
2026-08-12 10:54:00+00:00,45.44,45.44,45.42,45.42,3.671465519780949
2026-08-12 10:55:00+00:00,45.42,45.44,45.42,45.42,3.709821604384121
2026-08-12 10:56:00+00:00,45.42,45.44,45.42,45.44,3.3759214952307417
2026-08-12 10:57:00+00:00,45.44,45.44,45.39,45.39,967.5992780804002
2026-08-12 10:58:00+00:00,45.39,45.41,45.39,45.39,4.930085587365976
2026-08-12 10:59:00+00:00,45.39,45.41,45.39,45.39,3.762866922648747
2026-08-12 11:00:00+00:00,45.39,45.42,45.39,45.42,27.92953443292124
2026-08-12 11:01:00+00:00,45.42,45.43,45.41,45.43,5.590742648113343
2026-08-12 11:02:00+00:00,45.43,45.43,45.39,45.39,947.7111293947175
2026-08-12 11:03:00+00:00,45.39,45.41,45.38,45.38,1002.9801745393906
2026-08-12 11:04:00+00:00,45.38,45.39,45.37,45.39,518.210332984269
2026-08-12 11:05:00+00:00,45.39,45.39,45.37,45.39,24.994857567764434
2026-08-12 11:06:00+00:00,45.39,45.39,45.34,45.35,1877.0771445376745
2026-08-12 11:07:00+00:00,45.35,45.36,45.34,45.36,4.222093560282353
2026-08-12 11:08:00+00:00,45.36,45.36,45.34,45.35,1088.5915295815764
2026-08-12 11:09:00+00:00,45.35,45.36,45.34,45.34,417.20368034547033
2026-08-12 11:10:00+00:00,45.34,45.35,45.34,45.34,3.180442857566669
2026-08-12 11:11:00+00:00,45.34,45.35,45.34,45.35,3.06864066620983
2026-08-12 11:12:00+00:00,45.35,45.36,45.34,45.34,7.108596187340909
2026-08-12 11:13:00+00:00,45.34,45.36,45.33,45.33,465.8862213664278
2026-08-12 11:14:00+00:00,45.33,45.34,45.33,45.33,3.0013413081795597
2026-08-12 11:15:00+00:00,45.33,45.35,45.33,45.35,5.509045285349604
2026-08-12 11:16:00+00:00,45.35,45.36,45.33,45.35,5.920337019202221
2026-08-12 11:17:00+00:00,45.35,45.37,45.35,45.35,3.9394091863807454
2026-08-12 11:18:00+00:00,45.35,45.37,45.35,45.35,3.8523038735724113
2026-08-12 11:19:00+00:00,45.35,45.36,45.34,45.36,458.07679899084695
2026-08-12 11:20:00+00:00,45.36,45.36,45.34,45.34,3.6796215386937337
2026-08-12 11:21:00+00:00,45.34,45.36,45.34,45.34,3.590697709020382
2026-08-12 11:22:00+00:00,45.34,45.36,45.34,45.34,3.976661821829812
2026-08-12 11:23:00+00:00,45.34,45.36,45.34,45.36,3.8246526401220544
2026-08-12 11:24:00+00:00,45.36,45.36,45.34,45.36,5.410135000380749
2026-08-12 11:25:00+00:00,45.36,45.36,45.35,45.35,5.5844458687962915
2026-08-12 11:26:00+00:00,45.35,45.37,45.35,45.35,8.181777245070974
2026-08-12 11:27:00+00:00,45.35,45.37,45.35,45.35,24.90079716014612
2026-08-12 11:28:00+00:00,45.35,45.37,45.34,45.35,486.61015286900545
2026-08-12 11:29:00+00:00,45.35,45.37,45.34,45.37,1431.7669758606658
2026-08-12 11:30:00+00:00,45.37,45.37,45.35,45.35,989.4474642092149
2026-08-12 11:31:00+00:00,45.35,45.37,45.35,45.35,3.924417569711637
2026-08-12 11:32:00+00:00,45.35,45.38,45.35,45.38,7.343136455001521
2026-08-12 11:33:00+00:00,45.38,45.38,45.37,45.37,1.5768390705169084
2026-08-12 11:34:00+00:00,45.37,45.38,45.34,45.34,2580.9398759053506
2026-08-12 11:35:00+00:00,45.34,45.36,45.34,45.34,3.0362690691300456
2026-08-12 11:36:00+00:00,45.34,45.37,45.34,45.37,7.0421937505820535
2026-08-12 11:37:00+00:00,45.37,45.38,45.35,45.38,4.0281712543619514
2026-08-12 11:38:00+00:00,45.38,45.4,45.37,45.39,635.2701667517666
2026-08-12 11:39:00+00:00,45.39,45.42,45.39,45.42,512.1958032035467
2026-08-12 11:40:00+00:00,45.42,45.43,45.41,45.41,3.8339106270876697
2026-08-12 11:41:00+00:00,45.41,45.43,45.41,45.43,1.1526689909137589
2026-08-12 11:42:00+00:00,45.43,45.44,45.41,45.42,500.24149802275787
2026-08-12 11:43:00+00:00,45.42,45.46,45.42,45.44,2511.217895474834
2026-08-12 11:44:00+00:00,45.44,45.44,45.43,45.44,1.8313066573555352
2026-08-12 11:45:00+00:00,45.44,45.45,45.43,45.43,6.845705844680315
2026-08-12 11:46:00+00:00,45.43,45.45,45.43,45.43,3.759556682060458
2026-08-12 11:47:00+00:00,45.43,45.45,45.43,45.43,3.023904317792554
2026-08-12 11:48:00+00:00,45.43,45.45,45.43,45.45,2.1294757127044424
2026-08-12 11:49:00+00:00,45.45,45.46,45.43,45.44,464.602436032206
2026-08-12 11:50:00+00:00,45.44,45.45,45.44,45.45,4.013636555997149
2026-08-12 11:51:00+00:00,45.45,45.46,45.44,45.44,3.515217166678691
2026-08-12 11:52:00+00:00,45.44,45.46,45.44,45.44,4.422335540685822
2026-08-12 11:53:00+00:00,45.44,45.46,45.44,45.44,1.367578456606334
2026-08-12 11:54:00+00:00,45.44,45.46,45.43,45.43,476.4942099197461
2026-08-12 11:55:00+00:00,45.43,45.44,45.43,45.43,3.8636053367586105
2026-08-12 11:56:00+00:00,45.43,45.44,45.41,45.42,488.3768644002636
2026-08-12 11:57:00+00:00,45.42,45.42,45.41,45.42,4.05092271976515
2026-08-12 11:58:00+00:00,45.42,45.42,45.41,45.41,3.5522188415717415
2026-08-12 11:59:00+00:00,45.41,45.42,45.41,45.41,4.102831450735415
2026-08-12 12:00:00+00:00,45.41,45.45,45.41,45.45,463.9356422501264
2026-08-12 12:01:00+00:00,45.45,45.45,45.42,45.42,459.7931109963274
2026-08-12 12:02:00+00:00,45.42,45.44,45.42,45.44,3.8740849392369183
2026-08-12 12:03:00+00:00,45.44,45.44,45.42,45.44,3.3792767212588606
2026-08-12 12:04:00+00:00,45.44,45.44,45.42,45.44,4.113365755685589
2026-08-12 12:05:00+00:00,45.44,45.44,45.42,45.42,1.074148983509157
2026-08-12 12:06:00+00:00,45.42,45.44,45.42,45.42,3.086232623061132
2026-08-12 12:07:00+00:00,45.42,45.44,45.42,45.42,4.0944676854056965
2026-08-12 12:08:00+00:00,45.42,45.45,45.42,45.45,14.42799174570298
2026-08-12 12:09:00+00:00,45.45,45.46,45.44,45.44,2.1998655141555856
2026-08-12 12:10:00+00:00,45.44,45.46,45.44,45.46,3.7997816723260818
2026-08-12 12:11:00+00:00,45.46,45.46,45.44,45.46,1.8255910725572089
2026-08-12 12:12:00+00:00,45.46,45.46,45.44,45.46,3.6624135209408673
2026-08-12 12:13:00+00:00,45.46,45.46,45.44,45.44,3.273975370314717
2026-08-12 12:14:00+00:00,45.44,45.46,45.44,45.44,4.602033661770446
2026-08-12 12:15:00+00:00,45.44,45.46,45.44,45.44,4.183413109264916
2026-08-12 12:16:00+00:00,45.44,45.47,45.44,45.47,14.875145158971796
2026-08-12 12:17:00+00:00,45.47,45.49,45.46,45.49,1365.1071645288216
2026-08-12 12:18:00+00:00,45.49,45.49,45.46,45.46,489.8598578432069
2026-08-12 12:19:00+00:00,45.46,45.48,45.45,45.46,443.84168307532434
2026-08-12 12:20:00+00:00,45.46,45.47,45.45,45.45,6.269387765511951
2026-08-12 12:21:00+00:00,45.45,45.47,45.45,45.45,3.8164305627835713
2026-08-12 12:22:00+00:00,45.45,45.45,45.44,45.45,500.02319330656655
2026-08-12 12:23:00+00:00,45.45,45.46,45.43,45.46,450.698521072084
2026-08-12 12:24:00+00:00,45.46,45.46,45.44,45.44,1.4878007984112327
2026-08-12 12:25:00+00:00,45.44,45.46,45.42,45.42,459.9478064383308
2026-08-12 12:26:00+00:00,45.42,45.45,45.42,45.45,5.1511974542524674
2026-08-12 12:27:00+00:00,45.45,45.45,45.44,45.44,1.6229655469948403
2026-08-12 12:28:00+00:00,45.44,45.57,45.44,45.56,1906.7105815317811
2026-08-12 12:29:00+00:00,45.56,45.58,45.56,45.58,3.791265653766631
2026-08-12 12:30:00+00:00,45.58,45.62,45.39,45.45,14827.280725607685
2026-08-12 12:31:00+00:00,45.45,45.53,45.41,45.52,459.15482889508894
2026-08-12 12:32:00+00:00,45.52,45.52,45.47,45.5,504.88220918702194
2026-08-12 12:33:00+00:00,45.5,45.57,45.5,45.57,910.4176817298832
2026-08-12 12:34:00+00:00,45.57,45.58,45.53,45.53,1863.9512035204189
2026-08-12 12:35:00+00:00,45.53,45.55,45.5,45.5,551.5492684457339
2026-08-12 12:36:00+00:00,45.5,45.55,45.5,45.54,6.19642747428755
2026-08-12 12:37:00+00:00,45.54,45.55,45.53,45.55,4.148938243516097
2026-08-12 12:38:00+00:00,45.55,45.55,45.51,45.54,488.7841008237656
2026-08-12 12:39:00+00:00,45.54,45.55,45.49,45.53,953.2065161104432
2026-08-12 12:40:00+00:00,45.53,45.55,45.51,45.55,505.7255486518906
2026-08-12 12:41:00+00:00,45.55,45.55,45.52,45.52,487.1007875804568
2026-08-12 12:42:00+00:00,45.52,45.54,45.48,45.49,1935.862413729849
2026-08-12 12:43:00+00:00,45.49,45.51,45.48,45.51,458.2949926585091
2026-08-12 12:44:00+00:00,45.51,45.51,45.46,45.47,1393.5462541501852
2026-08-12 12:45:00+00:00,45.47,45.48,45.45,45.46,458.30073298667264
2026-08-12 12:46:00+00:00,45.46,45.49,45.45,45.48,963.1836446661327
2026-08-12 12:47:00+00:00,45.48,45.49,45.45,45.47,939.3415743237496
2026-08-12 12:48:00+00:00,45.47,45.47,45.42,45.46,942.4952330913104
2026-08-12 12:49:00+00:00,45.46,45.46,45.43,45.44,504.0966136099284
2026-08-12 12:50:00+00:00,45.44,45.46,45.43,45.46,459.70018025880165
2026-08-12 12:51:00+00:00,45.46,45.46,45.42,45.42,490.65030243608726
2026-08-12 12:52:00+00:00,45.42,45.45,45.42,45.45,1.6996277893029688
2026-08-12 12:53:00+00:00,45.45,45.49,45.45,45.49,5.001506604399591
2026-08-12 12:54:00+00:00,45.49,45.5,45.47,45.5,6.232071884794915
2026-08-12 12:55:00+00:00,45.5,45.5,45.48,45.48,458.07705972577895
2026-08-12 12:56:00+00:00,45.48,45.5,45.47,45.47,490.3733722220252
2026-08-12 12:57:00+00:00,45.47,45.48,45.46,45.48,445.700801011035
2026-08-12 12:58:00+00:00,45.48,45.49,45.47,45.47,8.335182367987867
2026-08-12 12:59:00+00:00,45.47,45.49,45.45,45.45,487.8499560093569
2026-08-12 13:00:00+00:00,45.45,45.5,45.45,45.47,974.2223988192093
2026-08-12 13:01:00+00:00,45.47,45.49,45.45,45.46,968.297369712065
2026-08-12 13:02:00+00:00,45.46,45.46,45.44,45.46,970.613921047744
2026-08-12 13:03:00+00:00,45.46,45.46,45.44,45.44,3.6601478509198615
2026-08-12 13:04:00+00:00,45.44,45.46,45.43,45.43,392.09966156056754
2026-08-12 13:05:00+00:00,45.43,45.45,45.4,45.4,580.4973479139857
2026-08-12 13:06:00+00:00,45.4,45.43,45.4,45.43,5.3675965275074695
2026-08-12 13:07:00+00:00,45.43,45.44,45.42,45.44,6.32014012765703
2026-08-12 13:08:00+00:00,45.44,45.44,45.42,45.42,2.7378218687399607
2026-08-12 13:09:00+00:00,45.42,45.47,45.42,45.46,10.965886749221484
2026-08-12 13:10:00+00:00,45.46,45.5,45.44,45.44,949.9228962606061
2026-08-12 13:11:00+00:00,45.44,45.46,45.43,45.44,446.74619727140794
2026-08-12 13:12:00+00:00,45.44,45.44,45.42,45.42,492.95250137949023
2026-08-12 13:13:00+00:00,45.42,45.44,45.4,45.42,913.2333873046445
2026-08-12 13:14:00+00:00,45.42,45.43,45.4,45.41,505.27337516312167
2026-08-12 13:15:00+00:00,45.41,45.45,45.4,45.43,5.871621207858264
2026-08-12 13:16:00+00:00,45.43,45.46,45.42,45.44,459.485169952424
2026-08-12 13:17:00+00:00,45.44,45.44,45.42,45.42,3.142051029204731
2026-08-12 13:18:00+00:00,45.42,45.45,45.42,45.44,15.854397502180833
2026-08-12 13:19:00+00:00,45.44,45.45,45.44,45.44,60.217273354095965
2026-08-12 13:20:00+00:00,45.44,45.46,45.43,45.46,44.4475495801317
2026-08-12 13:21:00+00:00,45.46,45.46,45.43,45.44,949.5443524791668
2026-08-12 13:22:00+00:00,45.44,45.44,45.41,45.42,534.4395623424957
2026-08-12 13:23:00+00:00,45.42,45.43,45.41,45.43,4.801027191815632
2026-08-12 13:24:00+00:00,45.43,45.45,45.42,45.42,488.9840929656504
2026-08-12 13:25:00+00:00,45.42,45.43,45.4,45.4,945.8723133430256
2026-08-12 13:26:00+00:00,45.4,45.43,45.4,45.42,11.230513018286247
2026-08-12 13:27:00+00:00,45.42,45.42,45.4,45.42,31.06890229169217
2026-08-12 13:28:00+00:00,45.42,45.42,45.4,45.42,17.616566709082846
2026-08-12 13:29:00+00:00,45.42,45.45,45.42,45.45,1.302258022687514
2026-08-12 13:30:00+00:00,45.45,45.45,45.43,45.43,5.5356138180404
2026-08-12 13:31:00+00:00,45.43,45.45,45.42,45.44,520.8653618751968
2026-08-12 13:32:00+00:00,45.44,45.5,45.44,45.5,7.386117625847063
2026-08-12 13:33:00+00:00,45.5,45.5,45.46,45.49,488.54348983521794
2026-08-12 13:34:00+00:00,45.49,45.49,45.46,45.46,494.47323059225056
2026-08-12 13:35:00+00:00,45.46,45.49,45.46,45.47,10.21263315061494
2026-08-12 13:36:00+00:00,45.47,45.53,45.47,45.5,495.90365914097583
2026-08-12 13:37:00+00:00,45.5,45.53,45.5,45.51,946.1895773585285
2026-08-12 13:38:00+00:00,45.51,45.51,45.49,45.51,445.0112222549887
2026-08-12 13:39:00+00:00,45.51,45.51,45.45,45.48,984.7160907130844
2026-08-12 13:40:00+00:00,45.48,45.48,45.44,45.44,503.15897621567126
2026-08-12 13:41:00+00:00,45.44,45.46,45.42,45.44,484.2615009712085
2026-08-12 13:42:00+00:00,45.44,45.48,45.44,45.48,28.518966997591324
2026-08-12 13:43:00+00:00,45.48,45.48,45.46,45.48,3.7234841942097994
2026-08-12 13:44:00+00:00,45.48,45.51,45.44,45.51,959.0563300503559
2026-08-12 13:45:00+00:00,45.51,45.52,45.48,45.49,1913.01783519726
2026-08-12 13:46:00+00:00,45.49,45.51,45.49,45.49,3.983834999822968
2026-08-12 13:47:00+00:00,45.49,45.51,45.49,45.49,4.013480420890251
2026-08-12 13:48:00+00:00,45.49,45.53,45.49,45.51,1368.6388890201104
2026-08-12 13:49:00+00:00,45.51,45.53,45.5,45.51,965.611211316818
2026-08-12 13:50:00+00:00,45.51,45.51,45.47,45.49,967.68093202211
2026-08-12 13:51:00+00:00,45.49,45.51,45.48,45.48,5.175261250562158
2026-08-12 13:52:00+00:00,45.48,45.52,45.47,45.5,1367.9917956960865
2026-08-12 13:53:00+00:00,45.5,45.52,45.5,45.52,457.81806884988174
2026-08-12 13:54:00+00:00,45.52,45.59,45.52,45.57,517.24192589459
2026-08-12 13:55:00+00:00,45.57,45.61,45.56,45.6,944.255160837933
2026-08-12 13:56:00+00:00,45.6,45.61,45.59,45.59,4.410823351224449
2026-08-12 13:57:00+00:00,45.59,45.62,45.59,45.62,5.771942130139502
2026-08-12 13:58:00+00:00,45.62,45.62,45.58,45.61,1494.311670723502
2026-08-12 13:59:00+00:00,45.61,45.61,45.56,45.57,1210.575873750416
2026-08-12 14:00:00+00:00,45.57,45.57,45.54,45.54,562.2399212238984
2026-08-12 14:01:00+00:00,45.54,45.56,45.52,45.52,486.71489899817175
2026-08-12 14:02:00+00:00,45.52,45.53,45.45,45.47,1869.1686891775585
2026-08-12 14:03:00+00:00,45.47,45.47,45.44,45.45,1501.3531042460768
2026-08-12 14:04:00+00:00,45.45,45.45,45.41,45.43,1181.786173313624
2026-08-12 14:05:00+00:00,45.43,45.43,45.39,45.4,2178.8473945786104
2026-08-12 14:06:00+00:00,45.4,45.4,45.36,45.38,7124.255286792847
2026-08-12 14:07:00+00:00,45.38,45.38,45.36,45.38,2.709872851087777
2026-08-12 14:08:00+00:00,45.38,45.41,45.36,45.41,5.810540395203996
2026-08-12 14:09:00+00:00,45.41,45.43,45.4,45.41,912.9588667363465
2026-08-12 14:10:00+00:00,45.41,45.45,45.41,45.45,12.534291040652867
2026-08-12 14:11:00+00:00,45.45,45.49,45.45,45.46,445.52179565707314
2026-08-12 14:12:00+00:00,45.46,45.48,45.44,45.44,503.1144871287229
2026-08-12 14:13:00+00:00,45.44,45.46,45.42,45.44,953.4723385817864
2026-08-12 14:14:00+00:00,45.44,45.44,45.4,45.4,9.127748131393373
2026-08-12 14:15:00+00:00,45.4,45.41,45.37,45.37,912.7838774830893
2026-08-12 14:16:00+00:00,45.37,45.39,45.34,45.35,3928.50232491622
2026-08-12 14:17:00+00:00,45.35,45.35,45.33,45.35,932.6951780760901
2026-08-12 14:18:00+00:00,45.35,45.35,45.21,45.22,8553.215874325302
2026-08-12 14:19:00+00:00,45.22,45.26,45.2,45.26,4.951690350928584
2026-08-12 14:20:00+00:00,45.26,45.27,45.12,45.12,5712.43432526512
2026-08-12 14:21:00+00:00,45.12,45.15,45.12,45.13,1900.223213007762
2026-08-12 14:22:00+00:00,45.13,45.15,45.06,45.06,9956.234349402592
2026-08-12 14:23:00+00:00,45.06,45.07,45.02,45.02,2324.8939972587104
2026-08-12 14:24:00+00:00,45.02,45.04,45.01,45.04,8.029774894025072
2026-08-12 14:25:00+00:00,45.04,45.06,45.03,45.05,4.306634044857439
2026-08-12 14:26:00+00:00,45.05,45.06,45.03,45.03,449.27332238540623
2026-08-12 14:27:00+00:00,45.03,45.07,45.03,45.06,28.136060781644225
2026-08-12 14:28:00+00:00,45.06,45.09,45.04,45.09,5.784515008196021
2026-08-12 14:29:00+00:00,45.09,45.09,45.05,45.05,940.6543678617376
2026-08-12 14:30:00+00:00,45.05,45.07,45.03,45.05,511.1862470928897
2026-08-12 14:31:00+00:00,45.05,45.07,45.0,45.07,4281.26495275609
2026-08-12 14:32:00+00:00,45.07,45.07,45.04,45.05,964.794771478412
2026-08-12 14:33:00+00:00,45.05,45.08,45.05,45.07,943.86090462558
2026-08-12 14:34:00+00:00,45.07,45.07,45.01,45.01,1423.5586480536151
2026-08-12 14:35:00+00:00,45.01,45.02,44.98,44.98,1426.3347894891656
2026-08-12 14:36:00+00:00,44.98,45.01,44.97,44.98,544.7838168404472
2026-08-12 14:37:00+00:00,44.98,45.0,44.98,44.98,8.028009317721455
2026-08-12 14:38:00+00:00,44.98,45.0,44.98,45.0,6.711175452850277
2026-08-12 14:39:00+00:00,45.0,45.0,44.96,45.0,930.3551913295952
2026-08-12 14:40:00+00:00,45.0,45.0,44.98,44.98,4.522356784189064
2026-08-12 14:41:00+00:00,44.98,45.03,44.98,45.01,466.28793250689506
2026-08-12 14:42:00+00:00,45.01,45.03,44.99,45.03,495.20471874227457
2026-08-12 14:43:00+00:00,45.03,45.05,45.01,45.03,6.615689606769708
2026-08-12 14:44:00+00:00,45.03,45.08,45.03,45.07,6.695043245156726
2026-08-12 14:45:00+00:00,45.07,45.08,45.05,45.07,492.8428393843621
2026-08-12 14:46:00+00:00,45.07,45.11,45.07,45.09,7.187794145164523
2026-08-12 14:47:00+00:00,45.09,45.11,45.08,45.08,464.2354940948471
2026-08-12 14:48:00+00:00,45.08,45.08,45.07,45.08,3.818458785101909
2026-08-12 14:49:00+00:00,45.08,45.08,45.05,45.06,939.094774509808
2026-08-12 14:50:00+00:00,45.06,45.07,45.04,45.06,462.68690919877145
2026-08-12 14:51:00+00:00,45.06,45.07,45.02,45.02,1395.8809835014836
2026-08-12 14:52:00+00:00,45.02,45.04,45.0,45.02,6.83517110005467
2026-08-12 14:53:00+00:00,45.02,45.04,45.02,45.04,4.79219760718527
2026-08-12 14:54:00+00:00,45.04,45.04,45.01,45.02,492.33229855232673
2026-08-12 14:55:00+00:00,45.02,45.03,45.0,45.03,450.31892451233347
2026-08-12 14:56:00+00:00,45.03,45.04,45.0,45.01,951.8511454801647
2026-08-12 14:57:00+00:00,45.01,45.03,45.01,45.03,5.130333456572163
2026-08-12 14:58:00+00:00,45.03,45.03,44.99,45.01,508.1962940407058
2026-08-12 14:59:00+00:00,45.01,45.01,44.94,44.96,1682.3067508234833
2026-08-12 15:00:00+00:00,44.96,44.96,44.92,44.96,2600.420688385353
2026-08-12 15:01:00+00:00,44.96,45.03,44.96,45.03,7.127010116075518
2026-08-12 15:02:00+00:00,45.03,45.06,45.03,45.06,9.176279734427126
2026-08-12 15:03:00+00:00,45.06,45.09,45.05,45.07,7.4738943789686685
2026-08-12 15:04:00+00:00,45.07,45.1,45.07,45.1,463.1006134190747
2026-08-12 15:05:00+00:00,45.1,45.1,45.07,45.09,493.96613038362983
2026-08-12 15:06:00+00:00,45.09,45.09,45.07,45.07,3.635740903863943
2026-08-12 15:07:00+00:00,45.07,45.11,45.07,45.08,981.0801000962498
2026-08-12 15:08:00+00:00,45.08,45.09,45.07,45.09,4.833296064823734
2026-08-12 15:09:00+00:00,45.09,45.1,45.07,45.08,463.3735734737893
2026-08-12 15:10:00+00:00,45.08,45.1,45.08,45.08,3.8500054694585826
2026-08-12 15:11:00+00:00,45.08,45.1,45.08,45.1,3.4476272682021807
2026-08-12 15:12:00+00:00,45.1,45.1,45.08,45.1,2.95437130737767
2026-08-12 15:13:00+00:00,45.1,45.1,45.06,45.09,938.9649478813903
2026-08-12 15:14:00+00:00,45.09,45.1,45.08,45.08,465.79779119419646
2026-08-12 15:15:00+00:00,45.08,45.11,45.08,45.11,466.32044736379714
2026-08-12 15:16:00+00:00,45.11,45.12,45.1,45.12,4.186235081771933
2026-08-12 15:17:00+00:00,45.12,45.14,45.1,45.14,5.8909685464659445
2026-08-12 15:18:00+00:00,45.14,45.16,45.12,45.14,5.081081183938286
2026-08-12 15:19:00+00:00,45.14,45.16,45.13,45.14,490.99363358118734
2026-08-12 15:20:00+00:00,45.14,45.14,45.1,45.12,510.7558258433041
2026-08-12 15:21:00+00:00,45.12,45.12,45.1,45.12,3.6754433213819566
2026-08-12 15:22:00+00:00,45.12,45.12,45.09,45.1,507.49865193043325
2026-08-12 15:23:00+00:00,45.1,45.1,45.07,45.09,1207.5155181587584
2026-08-12 15:24:00+00:00,45.09,45.11,45.08,45.11,6.805585351212272
2026-08-12 15:25:00+00:00,45.11,45.11,45.08,45.08,920.0985304859194
2026-08-12 15:26:00+00:00,45.08,45.09,45.04,45.06,1528.7236144323756
2026-08-12 15:27:00+00:00,45.06,45.06,45.04,45.06,2.8494121219073207
2026-08-12 15:28:00+00:00,45.06,45.06,44.94,45.0,2896.7785579900205
2026-08-12 15:29:00+00:00,45.0,45.06,44.98,45.04,5.122614253843522
2026-08-12 15:30:00+00:00,45.04,45.07,45.04,45.07,464.2830454661657
2026-08-12 15:31:00+00:00,45.07,45.07,45.04,45.05,493.3044016059277
2026-08-12 15:32:00+00:00,45.05,45.05,45.03,45.03,450.43267214103383
2026-08-12 15:33:00+00:00,45.03,45.05,45.02,45.03,477.80763454151327
2026-08-12 15:34:00+00:00,45.03,45.05,45.02,45.05,8.984627440194846
2026-08-12 15:35:00+00:00,45.05,45.09,45.04,45.08,4.578840546685446
2026-08-12 15:36:00+00:00,45.08,45.1,45.07,45.07,464.8067070440059
2026-08-12 15:37:00+00:00,45.07,45.08,45.06,45.06,475.3895291233424
2026-08-12 15:38:00+00:00,45.06,45.08,45.06,45.06,3.734826206288687
2026-08-12 15:39:00+00:00,45.06,45.08,45.06,45.08,3.3709940920732326
2026-08-12 15:40:00+00:00,45.08,45.08,45.06,45.06,10.139993710279265
2026-08-12 15:41:00+00:00,45.06,45.08,45.06,45.06,4.0242891859459
2026-08-12 15:42:00+00:00,45.06,45.09,45.03,45.05,962.8268542466408
2026-08-12 15:43:00+00:00,45.05,45.1,45.05,45.08,493.2273746527069
2026-08-12 15:44:00+00:00,45.08,45.1,45.07,45.08,458.351936929632
2026-08-12 15:45:00+00:00,45.08,45.09,45.07,45.09,4.479546454570203
2026-08-12 15:46:00+00:00,45.09,45.09,45.07,45.09,4.022008036290409
2026-08-12 15:47:00+00:00,45.09,45.09,45.07,45.09,3.7156499908498466
2026-08-12 15:48:00+00:00,45.09,45.09,45.05,45.07,519.1070530131078
2026-08-12 15:49:00+00:00,45.07,45.08,45.05,45.07,4.194166144193067
2026-08-12 15:50:00+00:00,45.07,45.08,45.07,45.07,3.8990046145313935
2026-08-12 15:51:00+00:00,45.07,45.08,45.07,45.08,3.5737192061879886
2026-08-12 15:52:00+00:00,45.08,45.08,45.07,45.08,3.8396966446161143
2026-08-12 15:53:00+00:00,45.08,45.08,45.06,45.06,464.7836044991439
2026-08-12 15:54:00+00:00,45.06,45.08,45.05,45.05,494.6437818728636
2026-08-12 15:55:00+00:00,45.05,45.06,45.05,45.06,5.975935339389631
2026-08-12 15:56:00+00:00,45.06,45.06,45.03,45.03,490.09704671679793
2026-08-12 15:57:00+00:00,45.03,45.06,45.03,45.05,5.83456019560297
2026-08-12 15:58:00+00:00,45.05,45.06,45.03,45.04,950.5276491408279
2026-08-12 15:59:00+00:00,45.04,45.04,45.03,45.04,4.059791395237199
2026-08-12 16:00:00+00:00,45.04,45.05,45.02,45.05,453.02426366514703
2026-08-12 16:01:00+00:00,45.05,45.06,45.04,45.06,6.067057136656977
2026-08-12 16:02:00+00:00,45.06,45.08,45.04,45.06,951.826322062264
2026-08-12 16:03:00+00:00,45.06,45.08,45.06,45.06,4.445737923739324
2026-08-12 16:04:00+00:00,45.06,45.09,45.04,45.09,495.2406301601336
2026-08-12 16:05:00+00:00,45.09,45.09,45.07,45.09,3.869084713495869
2026-08-12 16:06:00+00:00,45.09,45.09,45.07,45.07,3.8345975849007066
2026-08-12 16:07:00+00:00,45.07,45.09,45.07,45.07,4.128032252434213
2026-08-12 16:08:00+00:00,45.07,45.09,45.07,45.09,3.6520198416863487
2026-08-12 16:09:00+00:00,45.09,45.09,45.07,45.09,4.2281720364709034
2026-08-12 16:10:00+00:00,45.09,45.09,45.06,45.07,472.2877761279237
2026-08-12 16:11:00+00:00,45.07,45.07,45.05,45.07,492.63987726151663
2026-08-12 16:12:00+00:00,45.07,45.07,45.05,45.07,8.695961393880577
2026-08-12 16:13:00+00:00,45.07,45.09,45.07,45.07,4.7870072255322835
2026-08-12 16:14:00+00:00,45.07,45.11,45.07,45.11,5.841525032497353
2026-08-12 16:15:00+00:00,45.11,45.12,45.09,45.12,4.624580532397213
2026-08-12 16:16:00+00:00,45.12,45.12,45.08,45.08,493.743778033977
2026-08-12 16:17:00+00:00,45.08,45.1,45.04,45.08,1964.029546697038
2026-08-12 16:18:00+00:00,45.08,45.08,45.06,45.08,11.26222268563536
2026-08-12 16:19:00+00:00,45.08,45.08,45.05,45.06,469.8036111409573
2026-08-12 16:20:00+00:00,45.06,45.08,45.05,45.07,494.10687659812623
2026-08-12 16:21:00+00:00,45.07,45.09,45.07,45.09,3.7458507682020272
2026-08-12 16:22:00+00:00,45.09,45.09,45.06,45.07,457.76943297475515
2026-08-12 16:23:00+00:00,45.07,45.08,45.06,45.06,6.509230250032352
2026-08-12 16:24:00+00:00,45.06,45.09,45.06,45.08,7.673814312304525
2026-08-12 16:25:00+00:00,45.08,45.1,45.08,45.1,2.487693423074426
2026-08-12 16:26:00+00:00,45.1,45.1,45.08,45.1,4.05480214528692
2026-08-12 16:27:00+00:00,45.1,45.1,45.08,45.1,4.023941030186296
2026-08-12 16:28:00+00:00,45.1,45.12,45.08,45.1,10.1248828256798
2026-08-12 16:29:00+00:00,45.1,45.12,45.07,45.07,914.8832128700285
2026-08-12 16:30:00+00:00,45.07,45.1,45.06,45.1,496.60433769294906
2026-08-12 16:31:00+00:00,45.1,45.1,45.07,45.07,461.32554855474854
2026-08-12 16:32:00+00:00,45.07,45.11,45.07,45.11,7.243367979034151
2026-08-12 16:33:00+00:00,45.11,45.11,45.09,45.11,4.042751822397718
2026-08-12 16:34:00+00:00,45.11,45.11,45.08,45.1,465.9064118197249
2026-08-12 16:35:00+00:00,45.1,45.1,45.08,45.08,3.4261990902598383
2026-08-12 16:36:00+00:00,45.08,45.1,45.08,45.08,3.6410316717065694
2026-08-12 16:37:00+00:00,45.08,45.1,45.08,45.08,4.115078972686153
2026-08-12 16:38:00+00:00,45.08,45.1,45.08,45.1,3.5885079887541638
2026-08-12 16:39:00+00:00,45.1,45.1,45.08,45.1,3.8657661668735743
2026-08-12 16:40:00+00:00,45.1,45.1,45.08,45.1,4.656519112609856
2026-08-12 16:41:00+00:00,45.1,45.1,45.06,45.08,934.0445213525009
2026-08-12 16:42:00+00:00,45.08,45.09,45.06,45.08,6.277604355388123
2026-08-12 16:43:00+00:00,45.08,45.1,45.08,45.08,5.234439229774521
2026-08-12 16:44:00+00:00,45.08,45.1,45.08,45.08,3.6736312581525423
2026-08-12 16:45:00+00:00,45.08,45.08,45.07,45.07,491.8860673488485
2026-08-12 16:46:00+00:00,45.07,45.09,45.07,45.07,6.600478511503839
2026-08-12 16:47:00+00:00,45.07,45.09,45.06,45.06,467.16366975498033
2026-08-12 16:48:00+00:00,45.06,45.07,45.06,45.07,3.806320148438032
2026-08-12 16:49:00+00:00,45.07,45.07,45.06,45.07,4.126345012852227
2026-08-12 16:50:00+00:00,45.07,45.1,45.06,45.09,458.52992805662967
2026-08-12 16:51:00+00:00,45.09,45.11,45.09,45.09,6.425573291854231
2026-08-12 16:52:00+00:00,45.09,45.11,45.09,45.11,2.671094216404748
2026-08-12 16:53:00+00:00,45.11,45.11,45.09,45.11,4.1265552689787794
2026-08-12 16:54:00+00:00,45.11,45.11,45.09,45.11,4.1652824452821
2026-08-12 16:55:00+00:00,45.11,45.11,45.09,45.09,3.746006491905472
2026-08-12 16:56:00+00:00,45.09,45.12,45.09,45.11,11.747132170420288
2026-08-12 16:57:00+00:00,45.11,45.12,45.11,45.11,3.345811843311307
2026-08-12 16:58:00+00:00,45.11,45.12,45.11,45.12,3.579068497455393
2026-08-12 16:59:00+00:00,45.12,45.12,45.11,45.12,3.5478273607383684
2026-08-12 17:00:00+00:00,45.12,45.12,45.11,45.11,3.7729743418766737
2026-08-12 17:01:00+00:00,45.11,45.12,45.11,45.11,1.891564242686514
2026-08-12 17:02:00+00:00,45.11,45.12,45.11,45.11,3.978286356950936
2026-08-12 17:03:00+00:00,45.11,45.15,45.11,45.14,491.5955093219324
2026-08-12 17:04:00+00:00,45.14,45.15,45.14,45.15,3.6533910742069335
2026-08-12 17:05:00+00:00,45.15,45.17,45.14,45.17,7.523765515556466
2026-08-12 17:06:00+00:00,45.17,45.17,45.16,45.16,3.727633472250192
2026-08-12 17:07:00+00:00,45.16,45.17,45.14,45.14,489.86558663839867
2026-08-12 17:08:00+00:00,45.14,45.15,45.13,45.13,491.67738401600496
2026-08-12 17:09:00+00:00,45.13,45.15,45.13,45.15,3.0006435598010324
2026-08-12 17:10:00+00:00,45.15,45.15,45.1,45.1,1413.4317794757226
2026-08-12 17:11:00+00:00,45.1,45.13,45.1,45.11,917.7259095229016
2026-08-12 17:12:00+00:00,45.11,45.13,45.11,45.13,2.958545880142408
2026-08-12 17:13:00+00:00,45.13,45.13,45.09,45.11,628.2983686828156
2026-08-12 17:14:00+00:00,45.11,45.12,45.09,45.12,4.427609428810664
2026-08-12 17:15:00+00:00,45.12,45.12,45.1,45.12,4.75664956985479
2026-08-12 17:16:00+00:00,45.12,45.12,45.1,45.12,3.7728244759478544
2026-08-12 17:17:00+00:00,45.12,45.12,45.1,45.1,3.6257543716878176
2026-08-12 17:18:00+00:00,45.1,45.12,45.1,45.1,3.8798689967919984
2026-08-12 17:19:00+00:00,45.1,45.12,45.1,45.1,1.881923758865248
2026-08-12 17:20:00+00:00,45.1,45.12,45.1,45.12,3.7353455186268496
2026-08-12 17:21:00+00:00,45.12,45.12,45.1,45.12,3.7616492899938674
2026-08-12 17:22:00+00:00,45.12,45.12,45.1,45.12,3.9828275424195247
2026-08-12 17:23:00+00:00,45.12,45.12,45.06,45.06,494.335798979318
2026-08-12 17:24:00+00:00,45.06,45.07,45.05,45.05,5.876563150082471
2026-08-12 17:25:00+00:00,45.05,45.07,45.01,45.01,2073.9885609669886
2026-08-12 17:26:00+00:00,45.01,45.06,45.01,45.04,463.57085106183536
2026-08-12 17:27:00+00:00,45.04,45.06,45.04,45.06,3.879373574527431
2026-08-12 17:28:00+00:00,45.06,45.06,45.04,45.06,7.955217771607464
2026-08-12 17:29:00+00:00,45.06,45.08,45.06,45.08,4.548411775292774
2026-08-12 17:30:00+00:00,45.08,45.08,45.06,45.06,2.046594582949836
2026-08-12 17:31:00+00:00,45.06,45.08,45.06,45.06,4.096852318765751
2026-08-12 17:32:00+00:00,45.06,45.12,45.06,45.12,8.237221729483778
2026-08-12 17:33:00+00:00,45.12,45.14,45.12,45.13,474.2863041760098
2026-08-12 17:34:00+00:00,45.13,45.14,45.12,45.14,462.44545612350936
2026-08-12 17:35:00+00:00,45.14,45.14,45.12,45.12,3.805894849986017
2026-08-12 17:36:00+00:00,45.12,45.17,45.12,45.16,10.585799525894856
2026-08-12 17:37:00+00:00,45.16,45.18,45.16,45.18,4.050145531447452
2026-08-12 17:38:00+00:00,45.18,45.18,45.16,45.18,3.168491274543593
2026-08-12 17:39:00+00:00,45.18,45.18,45.14,45.16,950.1703487515013
2026-08-12 17:40:00+00:00,45.16,45.16,45.14,45.14,3.6351328687877063
2026-08-12 17:41:00+00:00,45.14,45.16,45.14,45.14,3.883878862454491
2026-08-12 17:42:00+00:00,45.14,45.16,45.14,45.14,4.117927190792703
2026-08-12 17:43:00+00:00,45.14,45.16,45.14,45.16,3.3360255251548865
2026-08-12 17:44:00+00:00,45.16,45.16,45.13,45.14,15.246479853378268
2026-08-12 17:45:00+00:00,45.14,45.14,45.12,45.14,510.1776740185966
2026-08-12 17:46:00+00:00,45.14,45.14,45.12,45.14,3.394486508875461
2026-08-12 17:47:00+00:00,45.14,45.14,45.12,45.12,3.683821687924409
2026-08-12 17:48:00+00:00,45.12,45.14,45.12,45.12,3.9913364096569537
2026-08-12 17:49:00+00:00,45.12,45.14,45.12,45.14,6.435665233379526
2026-08-12 17:50:00+00:00,45.14,45.16,45.14,45.16,3.9626659094230727
2026-08-12 17:51:00+00:00,45.16,45.16,45.15,45.16,4.19939733414943
2026-08-12 17:52:00+00:00,45.16,45.16,45.15,45.16,3.4973210202778455
2026-08-12 17:53:00+00:00,45.16,45.16,45.15,45.15,3.7700470628855487
2026-08-12 17:54:00+00:00,45.15,45.16,45.13,45.13,514.0096681519988
2026-08-12 17:55:00+00:00,45.13,45.14,45.13,45.13,3.6936624133441702
2026-08-12 17:56:00+00:00,45.13,45.16,45.13,45.16,11.944444819144172
2026-08-12 17:57:00+00:00,45.16,45.17,45.15,45.15,15.151464794313451
2026-08-12 17:58:00+00:00,45.15,45.17,45.15,45.15,3.4710103997424766
2026-08-12 17:59:00+00:00,45.15,45.17,45.15,45.15,3.9307722444384465
2026-08-12 18:00:00+00:00,45.15,45.15,45.12,45.13,487.93997758455424
2026-08-12 18:01:00+00:00,45.13,45.14,45.13,45.13,3.5575212100797566
2026-08-12 18:02:00+00:00,45.13,45.14,45.1,45.12,1474.9462222578636
2026-08-12 18:03:00+00:00,45.12,45.12,45.09,45.11,371.377865470196
2026-08-12 18:04:00+00:00,45.11,45.14,45.09,45.14,7.819542883001774
2026-08-12 18:05:00+00:00,45.14,45.14,45.13,45.14,4.120246158368268
2026-08-12 18:06:00+00:00,45.14,45.14,45.11,45.11,462.6804210610128
2026-08-12 18:07:00+00:00,45.11,45.12,45.1,45.1,462.8359001246313
2026-08-12 18:08:00+00:00,45.1,45.12,45.1,45.1,4.068870403381555
2026-08-12 18:09:00+00:00,45.1,45.12,45.1,45.12,1.514286878253212
2026-08-12 18:10:00+00:00,45.12,45.12,45.1,45.12,2.647066575851929
2026-08-12 18:11:00+00:00,45.12,45.13,45.1,45.13,12.54564167389942
2026-08-12 18:12:00+00:00,45.13,45.14,45.11,45.11,14.513371716019797
2026-08-12 18:13:00+00:00,45.11,45.11,45.07,45.07,469.84759100983007
2026-08-12 18:14:00+00:00,45.07,45.09,45.07,45.07,3.778563785576297
2026-08-12 18:15:00+00:00,45.07,45.07,45.05,45.05,492.6365687738086
2026-08-12 18:16:00+00:00,45.05,45.07,45.04,45.04,6.806329022777985
2026-08-12 18:17:00+00:00,45.04,45.05,45.02,45.02,1384.550198541786
2026-08-12 18:18:00+00:00,45.02,45.03,45.01,45.02,7.167090320822285
2026-08-12 18:19:00+00:00,45.02,45.04,45.01,45.02,5.2352871517918285
2026-08-12 18:20:00+00:00,45.02,45.05,45.02,45.03,462.8830502392313
2026-08-12 18:21:00+00:00,45.03,45.05,45.01,45.02,968.7412884706632
2026-08-12 18:22:00+00:00,45.02,45.05,45.02,45.05,6.382619408605373
2026-08-12 18:23:00+00:00,45.05,45.05,45.03,45.03,5.246539309930649
2026-08-12 18:24:00+00:00,45.03,45.05,45.03,45.03,4.179882165127059
2026-08-12 18:25:00+00:00,45.03,45.06,45.03,45.06,465.3856558924268
2026-08-12 18:26:00+00:00,45.06,45.06,45.04,45.06,3.721594850047972
2026-08-12 18:27:00+00:00,45.06,45.06,45.04,45.06,4.000019039149695
2026-08-12 18:28:00+00:00,45.06,45.06,45.03,45.04,470.153219871926
2026-08-12 18:29:00+00:00,45.04,45.07,45.04,45.06,12.046937131360625
2026-08-12 18:30:00+00:00,45.06,45.07,45.05,45.07,462.7321252205025
2026-08-12 18:31:00+00:00,45.07,45.07,45.02,45.04,982.5302453768621
2026-08-12 18:32:00+00:00,45.04,45.07,45.04,45.06,4.99828748415322
2026-08-12 18:33:00+00:00,45.06,45.09,45.06,45.09,6.537389149804266
2026-08-12 18:34:00+00:00,45.09,45.09,45.06,45.06,981.8423542320013
2026-08-12 18:35:00+00:00,45.06,45.07,45.06,45.06,4.059569559449417
2026-08-12 18:36:00+00:00,45.06,45.07,45.06,45.06,3.9349156330375665
2026-08-12 18:37:00+00:00,45.06,45.08,45.06,45.08,9.252722223797141
2026-08-12 18:38:00+00:00,45.08,45.08,45.06,45.08,4.073990570002099
2026-08-12 18:39:00+00:00,45.08,45.08,45.06,45.08,3.9241166367548583
2026-08-12 18:40:00+00:00,45.08,45.09,45.08,45.08,8.187615998408388
2026-08-12 18:41:00+00:00,45.08,45.09,45.08,45.08,1.9805535532503955
2026-08-12 18:42:00+00:00,45.08,45.09,45.08,45.08,4.397323350931972
2026-08-12 18:43:00+00:00,45.08,45.09,45.08,45.09,8.469153298450914
2026-08-12 18:44:00+00:00,45.09,45.11,45.08,45.11,5.954300775524538
2026-08-12 18:45:00+00:00,45.11,45.13,45.1,45.11,462.4541504422336
2026-08-12 18:46:00+00:00,45.11,45.13,45.11,45.11,3.66162346437983
2026-08-12 18:47:00+00:00,45.11,45.13,45.11,45.13,3.659496251696434
2026-08-12 18:48:00+00:00,45.13,45.13,45.11,45.13,4.169092269368576
2026-08-12 18:49:00+00:00,45.13,45.13,45.1,45.11,493.135416994792
2026-08-12 18:50:00+00:00,45.11,45.11,45.09,45.09,448.249467008737
2026-08-12 18:51:00+00:00,45.09,45.11,45.08,45.08,491.86671637515985
2026-08-12 18:52:00+00:00,45.08,45.09,45.08,45.08,3.806652454727733
2026-08-12 18:53:00+00:00,45.08,45.09,45.06,45.07,452.0712480068035
2026-08-12 18:54:00+00:00,45.07,45.07,45.06,45.07,4.061303553942967
2026-08-12 18:55:00+00:00,45.07,45.07,45.06,45.07,4.183098328772198
2026-08-12 18:56:00+00:00,45.07,45.07,45.06,45.06,3.904958539121125
2026-08-12 18:57:00+00:00,45.06,45.07,45.06,45.06,3.917671962861736
2026-08-12 18:58:00+00:00,45.06,45.07,45.06,45.06,4.02523598198236
2026-08-12 18:59:00+00:00,45.06,45.07,45.06,45.07,3.672968340120133
2026-08-12 19:00:00+00:00,45.07,45.07,45.06,45.07,3.9160026899026033
2026-08-12 19:01:00+00:00,45.07,45.07,45.06,45.06,3.6038634826665543
2026-08-12 19:02:00+00:00,45.06,45.07,45.06,45.06,4.229108672596979
2026-08-12 19:03:00+00:00,45.06,45.07,45.06,45.07,3.1428003546487977
2026-08-12 19:04:00+00:00,45.07,45.07,45.07,45.07,0.0
2026-08-12 19:05:00+00:00,45.07,45.07,45.07,45.07,0.0
2026-08-12 19:06:00+00:00,45.07,45.09,45.07,45.08,25.484960449942008
2026-08-12 19:07:00+00:00,45.08,45.1,45.08,45.1,6.795811997804664
2026-08-12 19:08:00+00:00,45.1,45.11,45.1,45.11,447.57636148345927
2026-08-12 19:09:00+00:00,45.11,45.11,45.09,45.11,3.7886944650564383
2026-08-12 19:10:00+00:00,45.11,45.11,45.08,45.08,491.5497117412198
2026-08-12 19:11:00+00:00,45.08,45.09,45.08,45.08,3.5560813599066288
2026-08-12 19:12:00+00:00,45.08,45.09,45.07,45.09,464.93106859553853
2026-08-12 19:13:00+00:00,45.09,45.09,45.07,45.09,3.447781777863793
2026-08-12 19:14:00+00:00,45.09,45.09,45.06,45.07,492.2903984525608
2026-08-12 19:15:00+00:00,45.07,45.07,45.03,45.05,492.9245835684632
2026-08-12 19:16:00+00:00,45.05,45.06,45.03,45.05,7.093013674041825
2026-08-12 19:17:00+00:00,45.05,45.07,45.05,45.05,3.7274782869513374
2026-08-12 19:18:00+00:00,45.05,45.07,45.03,45.04,465.1573228706939
2026-08-12 19:19:00+00:00,45.04,45.05,45.03,45.04,475.93848565300294
2026-08-12 19:20:00+00:00,45.04,45.05,45.04,45.04,4.192694134995062
2026-08-12 19:21:00+00:00,45.04,45.05,45.0,45.0,981.148565316651
2026-08-12 19:22:00+00:00,45.0,45.02,44.99,45.0,683.0062100471598
2026-08-12 19:23:00+00:00,45.0,45.03,44.93,44.94,4009.4322813713784
2026-08-12 19:24:00+00:00,44.94,44.94,44.79,44.79,13412.546754416637
2026-08-12 19:25:00+00:00,44.79,44.82,44.68,44.68,11815.147550406398
2026-08-12 19:26:00+00:00,44.68,44.76,44.68,44.74,1220.0213123912995
2026-08-12 19:27:00+00:00,44.74,44.79,44.74,44.79,4.623803984556416
2026-08-12 19:28:00+00:00,44.79,44.79,44.76,44.79,466.2616011589735
2026-08-12 19:29:00+00:00,44.79,44.79,44.77,44.79,4.017676010497055
2026-08-12 19:30:00+00:00,44.79,44.79,44.72,44.72,974.0436789913688
2026-08-12 19:31:00+00:00,44.72,44.76,44.72,44.76,6.0045485605971844
2026-08-12 19:32:00+00:00,44.76,44.76,44.74,44.76,4.178748487437894
2026-08-12 19:33:00+00:00,44.76,44.77,44.75,44.77,466.7801371237014
2026-08-12 19:34:00+00:00,44.77,44.77,44.68,44.69,11.29105018841607
2026-08-12 19:35:00+00:00,44.69,44.72,44.69,44.72,4.880908743122159
2026-08-12 19:36:00+00:00,44.72,44.74,44.7,44.74,1374.247113886892
2026-08-12 19:37:00+00:00,44.74,44.76,44.72,44.75,6.281785161753494
2026-08-12 19:38:00+00:00,44.75,44.77,44.75,44.77,6.329298917971874
2026-08-12 19:39:00+00:00,44.77,44.8,44.75,44.8,498.70862328995696
2026-08-12 19:40:00+00:00,44.8,44.82,44.78,44.8,5.386662685964986
2026-08-12 19:41:00+00:00,44.8,44.82,44.77,44.79,466.382783213476
2026-08-12 19:42:00+00:00,44.79,44.79,44.75,44.76,509.90882151600186
2026-08-12 19:43:00+00:00,44.76,44.76,44.75,44.76,3.8165305065875854
2026-08-12 19:44:00+00:00,44.76,44.76,44.74,44.74,469.0215312718194
2026-08-12 19:45:00+00:00,44.74,44.77,44.74,44.76,10.875778690728753
2026-08-12 19:46:00+00:00,44.76,44.78,44.76,44.78,5.001342731549951
2026-08-12 19:47:00+00:00,44.78,44.79,44.76,44.79,6.8495393365530965
2026-08-12 19:48:00+00:00,44.79,44.79,44.78,44.79,3.614976495443328
2026-08-12 19:49:00+00:00,44.79,44.79,44.77,44.79,466.23548153437633
2026-08-12 19:50:00+00:00,44.79,44.79,44.75,44.77,961.7930775656047
2026-08-12 19:51:00+00:00,44.77,44.78,44.75,44.76,6.982859098884219
2026-08-12 19:52:00+00:00,44.76,44.76,44.75,44.75,3.9053507171706583
2026-08-12 19:53:00+00:00,44.75,44.76,44.75,44.75,4.139033854049655
2026-08-12 19:54:00+00:00,44.75,44.77,44.75,44.75,9.310452095947356
2026-08-12 19:55:00+00:00,44.75,44.77,44.75,44.77,3.477278519758966
2026-08-12 19:56:00+00:00,44.77,44.77,44.75,44.77,3.7737464608058815
2026-08-12 19:57:00+00:00,44.77,44.77,44.75,44.77,4.329075455805776
2026-08-12 19:58:00+00:00,44.77,44.77,44.75,44.75,3.829727174147692
2026-08-12 19:59:00+00:00,44.75,44.77,44.74,44.75,458.4246148185707
2026-08-12 20:00:00+00:00,44.75,44.76,44.68,44.68,2021.3278178491407
2026-08-12 20:01:00+00:00,44.68,44.74,44.68,44.74,4.2523948089270736
2026-08-12 20:02:00+00:00,44.74,44.75,44.72,44.74,469.8010104366964
2026-08-12 20:03:00+00:00,44.74,44.77,44.74,44.75,942.9954926539165
2026-08-12 20:04:00+00:00,44.75,44.77,44.75,44.75,3.998441070000237
2026-08-12 20:05:00+00:00,44.75,44.78,44.75,44.78,14.426840389017592
2026-08-12 20:06:00+00:00,44.78,44.79,44.77,44.79,6.241943002270369
2026-08-12 20:07:00+00:00,44.79,44.79,44.77,44.77,3.694269592448975
2026-08-12 20:08:00+00:00,44.77,44.79,44.77,44.77,3.8787341497808527
2026-08-12 20:09:00+00:00,44.77,44.79,44.77,44.77,4.3107673648196085
2026-08-12 20:10:00+00:00,44.77,44.79,44.77,44.79,4.054348331825041
2026-08-12 20:11:00+00:00,44.79,44.82,44.79,44.8,3.0845933740454106
2026-08-12 20:12:00+00:00,44.8,44.82,44.8,44.8,3.7082532212182064
2026-08-12 20:13:00+00:00,44.8,44.82,44.8,44.8,3.994338524733856
2026-08-12 20:14:00+00:00,44.8,44.82,44.8,44.82,3.4694910395550456
2026-08-12 20:15:00+00:00,44.82,44.82,44.8,44.82,3.751488633103844
2026-08-12 20:16:00+00:00,44.82,44.83,44.8,44.8,512.7892521178048
2026-08-12 20:17:00+00:00,44.8,44.81,44.8,44.81,3.952656040783307
2026-08-12 20:18:00+00:00,44.81,44.82,44.8,44.82,10.284381805864223
2026-08-12 20:19:00+00:00,44.82,44.82,44.8,44.8,34.090805284630584
2026-08-12 20:20:00+00:00,44.8,44.85,44.8,44.84,725.5889083983707
2026-08-12 20:21:00+00:00,44.84,44.85,44.83,44.83,454.6683302312504
2026-08-12 20:22:00+00:00,44.83,44.85,44.79,44.8,960.810529397812
2026-08-12 20:23:00+00:00,44.8,44.82,44.79,44.81,16.096983287634202
2026-08-12 20:24:00+00:00,44.81,44.84,44.81,44.83,11.226327807651874
2026-08-12 20:25:00+00:00,44.83,44.84,44.83,44.84,1.611628079355392
2026-08-12 20:26:00+00:00,44.84,44.86,44.83,44.86,1007.4104151130152
2026-08-12 20:27:00+00:00,44.86,44.86,44.83,44.84,497.67760356032295
2026-08-12 20:28:00+00:00,44.84,44.85,44.83,44.85,14.00878460155501
2026-08-12 20:29:00+00:00,44.85,44.86,44.84,44.86,464.5173087582779
2026-08-12 20:30:00+00:00,44.86,44.86,44.84,44.86,3.19920508963758
2026-08-12 20:31:00+00:00,44.86,44.86,44.8,44.83,947.4638290559866
2026-08-12 20:32:00+00:00,44.83,44.84,44.82,44.82,469.88659149964263
2026-08-12 20:33:00+00:00,44.82,44.85,44.82,44.84,6.374168812286371
2026-08-12 20:34:00+00:00,44.84,44.85,44.84,44.84,11.580542773660234
2026-08-12 20:35:00+00:00,44.84,44.85,44.84,44.85,8.280875910085854
2026-08-12 20:36:00+00:00,44.85,44.85,44.81,44.85,473.0098779225555
2026-08-12 20:37:00+00:00,44.85,44.85,44.83,44.83,3.7940085560438774
2026-08-12 20:38:00+00:00,44.83,44.86,44.83,44.85,8.187106400034434
2026-08-12 20:39:00+00:00,44.85,44.86,44.82,44.82,964.9872336739197
2026-08-12 20:40:00+00:00,44.82,44.84,44.81,44.83,495.80069251041135
2026-08-12 20:41:00+00:00,44.83,44.83,44.8,44.8,453.33075711819134
2026-08-12 20:42:00+00:00,44.8,44.81,44.8,44.81,27.00920371130487
2026-08-12 20:43:00+00:00,44.81,44.81,44.8,44.81,3.9702295007491952
2026-08-12 20:44:00+00:00,44.81,44.81,44.8,44.81,4.447715971403067
2026-08-12 20:45:00+00:00,44.81,44.82,44.79,44.81,478.1573561596175
2026-08-12 20:46:00+00:00,44.81,44.82,44.79,44.79,599.190912771693
2026-08-12 20:47:00+00:00,44.79,44.8,44.79,44.79,3.8852205032213822
2026-08-12 20:48:00+00:00,44.79,44.8,44.79,44.79,3.864483038903773
2026-08-12 20:49:00+00:00,44.79,44.8,44.79,44.8,3.6537926095588937
2026-08-12 20:50:00+00:00,44.8,44.8,44.79,44.8,3.8172530987864
2026-08-12 20:51:00+00:00,44.8,44.8,44.78,44.78,485.13755523209534
2026-08-12 20:52:00+00:00,44.78,44.8,44.78,44.8,4.380486196404645
2026-08-12 20:53:00+00:00,44.8,44.8,44.77,44.79,483.40799661311695
2026-08-12 20:54:00+00:00,44.79,44.79,44.76,44.77,452.2119334739031
2026-08-12 20:55:00+00:00,44.77,44.79,44.76,44.79,465.0586950688376
2026-08-12 20:56:00+00:00,44.79,44.79,44.77,44.77,3.799218306281571
2026-08-12 20:57:00+00:00,44.77,44.79,44.77,44.77,3.884444903905417
2026-08-12 20:58:00+00:00,44.77,44.81,44.77,44.79,10.659173010415657
2026-08-12 20:59:00+00:00,44.79,44.81,44.79,44.81,6.26820548012025
2026-08-12 21:00:00+00:00,44.81,44.82,44.79,44.82,7.712056850449101
2026-08-12 21:01:00+00:00,44.82,44.84,44.82,44.84,483.2715959329219
2026-08-12 21:02:00+00:00,44.84,44.84,44.79,44.81,501.62002989905886
2026-08-12 21:03:00+00:00,44.81,44.83,44.81,44.81,5.705315433039761
2026-08-12 21:04:00+00:00,44.81,44.83,44.81,44.81,3.8008402792010063
2026-08-12 21:05:00+00:00,44.81,44.83,44.81,44.83,3.9235480831326734
2026-08-12 21:06:00+00:00,44.83,44.83,44.81,44.83,4.540150175801136
2026-08-12 21:07:00+00:00,44.83,44.83,44.81,44.83,4.528566914221759
2026-08-12 21:08:00+00:00,44.83,44.83,44.81,44.81,3.4917581273459213
2026-08-12 21:09:00+00:00,44.81,44.83,44.81,44.81,4.042970411218498
2026-08-12 21:10:00+00:00,44.81,44.84,44.81,44.83,21.628131323022643
2026-08-12 21:11:00+00:00,44.83,44.84,44.83,44.84,3.6904837891903264
2026-08-12 21:12:00+00:00,44.84,44.84,44.83,44.84,4.08077662506569
2026-08-12 21:13:00+00:00,44.84,44.84,44.81,44.81,500.31069931371246
2026-08-12 21:14:00+00:00,44.81,44.83,44.81,44.81,4.150220150283326
2026-08-12 21:15:00+00:00,44.81,44.82,44.8,44.82,467.9138800368124
2026-08-12 21:16:00+00:00,44.82,44.82,44.8,44.82,3.7133398275642246
2026-08-12 21:17:00+00:00,44.82,44.86,44.8,44.84,974.5592527200837
2026-08-12 21:18:00+00:00,44.84,44.86,44.84,44.84,3.86921225436018
2026-08-12 21:19:00+00:00,44.84,44.86,44.83,44.84,9.189795539616306
2026-08-12 21:20:00+00:00,44.84,44.84,44.83,44.84,4.0921478862659475
2026-08-12 21:21:00+00:00,44.84,44.84,44.82,44.84,508.92676380375303
2026-08-12 21:22:00+00:00,44.84,44.84,44.82,44.82,3.298698570672819
2026-08-12 21:23:00+00:00,44.82,44.84,44.82,44.82,4.037676416837933
2026-08-12 21:24:00+00:00,44.82,44.84,44.74,44.74,466.74789952447185
2026-08-12 21:25:00+00:00,44.74,44.76,44.74,44.74,4.120098190198718
2026-08-12 21:26:00+00:00,44.74,44.77,44.72,44.77,492.39515228208023
2026-08-12 21:27:00+00:00,44.77,44.77,44.75,44.77,926.2572089608223
2026-08-12 21:28:00+00:00,44.77,44.77,44.73,44.77,953.7316997947653
2026-08-12 21:29:00+00:00,44.77,44.78,44.75,44.77,471.26324652841794
2026-08-12 21:30:00+00:00,44.77,44.77,44.67,44.67,2951.4927319036456
2026-08-12 21:31:00+00:00,44.67,44.73,44.67,44.72,898.6334725273502
2026-08-12 21:32:00+00:00,44.72,44.74,44.72,44.74,3.9180402135069734
2026-08-12 21:33:00+00:00,44.74,44.75,44.72,44.75,510.2607075646261
2026-08-12 21:34:00+00:00,44.75,44.76,44.74,44.74,4.193069584457332
2026-08-12 21:35:00+00:00,44.74,44.76,44.71,44.72,917.1252396805075
2026-08-12 21:36:00+00:00,44.72,44.74,44.71,44.74,466.3558036537853
2026-08-12 21:37:00+00:00,44.74,44.75,44.71,44.74,466.61977282871703
2026-08-12 21:38:00+00:00,44.74,44.76,44.74,44.74,6.048348965792178
2026-08-12 21:39:00+00:00,44.74,44.77,44.74,44.77,4.410722393454541
2026-08-12 21:40:00+00:00,44.77,44.78,44.76,44.78,478.2939454010197
2026-08-12 21:41:00+00:00,44.78,44.79,44.76,44.78,6.107719833049658
2026-08-12 21:42:00+00:00,44.78,44.8,44.78,44.78,478.1196005457904
2026-08-12 21:43:00+00:00,44.78,44.82,44.78,44.82,952.324169494884
2026-08-12 21:44:00+00:00,44.82,44.84,44.8,44.83,525.5044147967876
2026-08-12 21:45:00+00:00,44.83,44.83,44.82,44.82,3.327990361326337
2026-08-12 21:46:00+00:00,44.82,44.83,44.81,44.81,2.498364343305312
2026-08-12 21:47:00+00:00,44.81,44.83,44.8,44.81,495.07735388204486
2026-08-12 21:48:00+00:00,44.81,44.81,44.8,44.81,3.94260005041126
2026-08-12 21:49:00+00:00,44.81,44.82,44.8,44.82,8.038264506791881
2026-08-12 21:50:00+00:00,44.82,44.82,44.8,44.8,2.9762976210397145
2026-08-12 21:51:00+00:00,44.8,44.82,44.8,44.8,3.1055423977656655
2026-08-12 21:52:00+00:00,44.8,44.87,44.8,44.87,1506.8489880375723
2026-08-12 21:53:00+00:00,44.87,44.87,44.85,44.85,509.0707069974725
2026-08-12 21:54:00+00:00,44.85,44.9,44.85,44.89,6.47072413119662
2026-08-12 21:55:00+00:00,44.89,44.9,44.87,44.89,495.66396518050607
2026-08-12 21:56:00+00:00,44.89,44.92,44.87,44.92,470.4519277030224
2026-08-12 21:57:00+00:00,44.92,44.92,44.9,44.92,3.863684530975136
2026-08-12 21:58:00+00:00,44.92,44.92,44.86,44.88,498.38797996128505
2026-08-12 21:59:00+00:00,44.88,44.88,44.79,44.8,3452.1277414150786
2026-08-12 22:00:00+00:00,44.8,44.8,44.76,44.78,986.9213232257317
2026-08-12 22:01:00+00:00,44.78,44.78,44.74,44.76,6657.476189817875
2026-08-12 22:02:00+00:00,44.76,44.83,44.76,44.83,1483.2709934529903
2026-08-12 22:03:00+00:00,44.83,44.86,44.82,44.85,955.0017909639638
2026-08-12 22:04:00+00:00,44.85,44.85,44.81,44.84,466.7433081947336
2026-08-12 22:05:00+00:00,44.84,44.84,44.83,44.84,5.98768521004019
2026-08-12 22:06:00+00:00,44.84,44.9,44.84,44.9,970.211559278168
2026-08-12 22:07:00+00:00,44.9,44.91,44.89,44.89,464.5101284146938
2026-08-12 22:08:00+00:00,44.89,44.92,44.88,44.92,478.6676104537248
2026-08-12 22:09:00+00:00,44.92,44.92,44.9,44.9,909.0192645833976
2026-08-12 22:10:00+00:00,44.9,44.91,44.9,44.9,3.876267784269355
2026-08-12 22:11:00+00:00,44.9,44.91,44.89,44.91,494.7150821590095
2026-08-12 22:12:00+00:00,44.91,44.91,44.89,44.91,4.017747908876836
2026-08-12 22:13:00+00:00,44.91,44.91,44.87,44.89,944.3874307030842
2026-08-12 22:14:00+00:00,44.89,44.89,44.86,44.87,450.29459951227807
2026-08-12 22:15:00+00:00,44.87,44.9,44.86,44.88,7.418568276664141
2026-08-12 22:16:00+00:00,44.88,44.9,44.88,44.9,3.5355318811063605
2026-08-12 22:17:00+00:00,44.9,44.9,44.88,44.9,4.111493068375356
2026-08-12 22:18:00+00:00,44.9,44.91,44.88,44.9,9.797357413898647
2026-08-12 22:19:00+00:00,44.9,44.91,44.9,44.91,3.556124711685187
2026-08-12 22:20:00+00:00,44.91,44.91,44.88,44.89,471.85392959738846
2026-08-12 22:21:00+00:00,44.89,44.89,44.87,44.89,493.611164789647
2026-08-12 22:22:00+00:00,44.89,44.89,44.87,44.89,3.8619578214691455
2026-08-12 22:23:00+00:00,44.89,44.9,44.87,44.9,9.598088457084371
2026-08-12 22:24:00+00:00,44.9,44.9,44.89,44.89,2.2236298578906815
2026-08-12 22:25:00+00:00,44.89,44.9,44.89,44.89,4.217513302747969
2026-08-12 22:26:00+00:00,44.89,44.9,44.88,44.9,9.654703810027472
2026-08-12 22:27:00+00:00,44.9,44.9,44.88,44.88,3.9615649055734865
2026-08-12 22:28:00+00:00,44.88,44.9,44.88,44.88,3.6674955833720406
2026-08-12 22:29:00+00:00,44.88,44.9,44.88,44.88,3.946340501173136
2026-08-12 22:30:00+00:00,44.88,44.9,44.88,44.9,3.3282655356129087
2026-08-12 22:31:00+00:00,44.9,44.9,44.88,44.9,4.149306003835022
2026-08-12 22:32:00+00:00,44.9,44.9,44.88,44.88,3.6898732576650826
2026-08-12 22:33:00+00:00,44.88,44.9,44.87,44.87,498.5954679979024
2026-08-12 22:34:00+00:00,44.87,44.9,44.87,44.89,7.373949886525008
2026-08-12 22:35:00+00:00,44.89,44.9,44.89,44.9,3.4863108285980924
2026-08-12 22:36:00+00:00,44.9,44.9,44.89,44.9,4.333401167218457
2026-08-12 22:37:00+00:00,44.9,44.91,44.89,44.89,6.054112091451398
2026-08-12 22:38:00+00:00,44.89,44.91,44.89,44.89,3.86603970545978
2026-08-12 22:39:00+00:00,44.89,44.91,44.89,44.89,3.825446368095712
2026-08-12 22:40:00+00:00,44.89,44.91,44.89,44.91,4.008896975158703
2026-08-12 22:41:00+00:00,44.91,44.91,44.86,44.86,1410.7140051117597
2026-08-12 22:42:00+00:00,44.86,44.87,44.86,44.86,3.952034171934357
2026-08-12 22:43:00+00:00,44.86,44.89,44.86,44.88,7.283276474654285
2026-08-12 22:44:00+00:00,44.88,44.9,44.88,44.88,466.63762488091265
2026-08-12 22:45:00+00:00,44.88,44.89,44.88,44.88,3.9816121225622223
2026-08-12 22:46:00+00:00,44.88,44.89,44.88,44.89,3.771928350108346
2026-08-12 22:47:00+00:00,44.89,44.89,44.87,44.87,453.69906261402554
2026-08-12 22:48:00+00:00,44.87,44.89,44.87,44.87,4.309771398207231
2026-08-12 22:49:00+00:00,44.87,44.89,44.86,44.87,497.1116294566571
2026-08-12 22:50:00+00:00,44.87,44.87,44.86,44.87,3.53717700443576
2026-08-12 22:51:00+00:00,44.87,44.87,44.86,44.87,3.987305457952985
2026-08-12 22:52:00+00:00,44.87,44.87,44.85,44.85,455.63341434683906
2026-08-12 22:53:00+00:00,44.85,44.86,44.82,44.82,463.7977727023761
2026-08-12 22:54:00+00:00,44.82,44.84,44.81,44.81,5.800762904266623
2026-08-12 22:55:00+00:00,44.81,44.83,44.81,44.81,4.211051325688063
2026-08-12 22:56:00+00:00,44.81,44.83,44.81,44.83,3.920701668327416
2026-08-12 22:57:00+00:00,44.83,44.83,44.81,44.83,3.604239612236422
2026-08-12 22:58:00+00:00,44.83,44.84,44.81,44.83,10.899951423710636
2026-08-12 22:59:00+00:00,44.83,44.84,44.83,44.83,4.150082137037471
2026-08-12 23:00:00+00:00,44.83,44.84,44.82,44.84,7.5846946522925665
2026-08-12 23:01:00+00:00,44.84,44.84,44.82,44.84,3.6359624542376063
2026-08-12 23:02:00+00:00,44.84,44.84,44.81,44.81,503.83663382552214
2026-08-12 23:03:00+00:00,44.81,44.85,44.81,44.85,516.0451612423752
2026-08-12 23:04:00+00:00,44.85,44.85,44.84,44.85,4.396867101857017
2026-08-12 23:05:00+00:00,44.85,44.85,44.82,44.83,957.5482611937456
2026-08-12 23:06:00+00:00,44.83,44.83,44.8,44.8,455.4180860800792
2026-08-12 23:07:00+00:00,44.8,44.84,44.8,44.84,6.480819388076784
2026-08-12 23:08:00+00:00,44.84,44.84,44.83,44.84,4.392572898548447
2026-08-12 23:09:00+00:00,44.84,44.84,44.83,44.83,3.8320705905927097
2026-08-12 23:10:00+00:00,44.83,44.84,44.78,44.79,2456.0252623422616
2026-08-12 23:11:00+00:00,44.79,44.83,44.79,44.83,5.701745520335325
2026-08-12 23:12:00+00:00,44.83,44.83,44.79,44.8,956.8788244245136
2026-08-12 23:13:00+00:00,44.8,44.82,44.79,44.82,4.541157616694677
2026-08-12 23:14:00+00:00,44.82,44.84,44.81,44.84,7.806837610820037
2026-08-12 23:15:00+00:00,44.84,44.85,44.83,44.85,6.324202798097565
2026-08-12 23:16:00+00:00,44.85,44.85,44.83,44.85,3.820883933880278
2026-08-12 23:17:00+00:00,44.85,44.85,44.83,44.83,3.537008781595578
2026-08-12 23:18:00+00:00,44.83,44.85,44.83,44.83,3.950648890109073
2026-08-12 23:19:00+00:00,44.83,44.86,44.83,44.86,10.78048113496036
2026-08-12 23:20:00+00:00,44.86,44.86,44.85,44.86,4.187356100063072
2026-08-12 23:21:00+00:00,44.86,44.86,44.85,44.86,4.168306228071876
2026-08-12 23:22:00+00:00,44.86,44.86,44.85,44.86,4.083814572874062
2026-08-12 23:23:00+00:00,44.86,44.87,44.85,44.85,11.57717587116103
2026-08-12 23:24:00+00:00,44.85,44.87,44.84,44.85,474.0438834876029
2026-08-12 23:25:00+00:00,44.85,44.86,44.84,44.86,5.414046942753409
2026-08-12 23:26:00+00:00,44.86,44.87,44.86,44.86,2.5329042557282193
2026-08-12 23:27:00+00:00,44.86,44.87,44.85,44.87,6.031684835024374
2026-08-12 23:28:00+00:00,44.87,44.87,44.85,44.85,3.6318957205493185
2026-08-12 23:29:00+00:00,44.85,44.87,44.85,44.85,3.932634835828216
2026-08-12 23:30:00+00:00,44.85,44.88,44.85,44.88,9.810004456327984
2026-08-12 23:31:00+00:00,44.88,44.92,44.88,44.9,463.8305894749282
2026-08-12 23:32:00+00:00,44.9,44.92,44.9,44.9,3.7745414763588623
2026-08-12 23:33:00+00:00,44.9,44.92,44.89,44.91,8.009533499377019
2026-08-12 23:34:00+00:00,44.91,44.93,44.89,44.93,454.00708375486
2026-08-12 23:35:00+00:00,44.93,44.94,44.89,44.89,965.3814293265992
2026-08-12 23:36:00+00:00,44.89,44.9,44.89,44.9,3.837783832888213
2026-08-12 23:37:00+00:00,44.9,44.9,44.89,44.9,3.7579726091147823
2026-08-12 23:38:00+00:00,44.9,44.91,44.89,44.91,9.483802471716947
2026-08-12 23:39:00+00:00,44.91,44.91,44.89,44.89,2.370014378401614
2026-08-12 23:40:00+00:00,44.89,44.91,44.89,44.89,4.401251362902533
2026-08-12 23:41:00+00:00,44.89,44.91,44.89,44.89,3.2285986641236235
2026-08-12 23:42:00+00:00,44.89,44.91,44.89,44.91,3.035165318384597
2026-08-12 23:43:00+00:00,44.91,44.91,44.88,44.9,476.17472954794874
2026-08-12 23:44:00+00:00,44.9,44.9,44.88,44.9,4.09154534338538
2026-08-12 23:45:00+00:00,44.9,44.9,44.88,44.88,3.9009092993342303
2026-08-12 23:46:00+00:00,44.88,44.9,44.88,44.88,3.9748370909408512
2026-08-12 23:47:00+00:00,44.88,44.9,44.88,44.88,3.833858147834959
2026-08-12 23:48:00+00:00,44.88,44.9,44.87,44.9,1014.4722764411222
2026-08-12 23:49:00+00:00,44.9,44.9,44.87,44.9,495.0073653335485
2026-08-12 23:50:00+00:00,44.9,44.9,44.89,44.9,3.9078532478054497
2026-08-12 23:51:00+00:00,44.9,44.91,44.89,44.89,13.129999852952166
2026-08-12 23:52:00+00:00,44.89,44.91,44.88,44.89,469.99626792037816
2026-08-12 23:53:00+00:00,44.89,44.91,44.88,44.91,6.001384009670404
2026-08-12 23:54:00+00:00,44.91,44.91,44.9,44.9,2.389809185309496
2026-08-12 23:55:00+00:00,44.9,44.92,44.9,44.9,9.763825142929715
2026-08-12 23:56:00+00:00,44.9,44.92,44.85,44.85,1525.1679491986135
2026-08-12 23:57:00+00:00,44.85,44.86,44.83,44.86,457.04208169036264
2026-08-12 23:58:00+00:00,44.86,44.88,44.85,44.88,464.41859773317447
2026-08-12 23:59:00+00:00,44.88,44.88,44.85,44.86,493.70868983091015
2026-08-13 00:00:00+00:00,44.86,44.87,44.83,44.84,497.2955910970998
2026-08-13 00:01:00+00:00,44.84,44.86,44.82,44.84,954.9485810138693
2026-08-13 00:02:00+00:00,44.84,44.84,44.81,44.82,1977.485220259764
2026-08-13 00:03:00+00:00,44.82,44.86,44.82,44.85,496.9129472453676
2026-08-13 00:04:00+00:00,44.85,44.87,44.84,44.84,495.45967635075925
2026-08-13 00:05:00+00:00,44.84,44.89,44.84,44.89,465.5747154484625
2026-08-13 00:06:00+00:00,44.89,44.89,44.85,44.86,500.631634570434
2026-08-13 00:07:00+00:00,44.86,44.86,44.85,44.86,4.250626231690219
2026-08-13 00:08:00+00:00,44.86,44.89,44.85,44.87,494.17796887834095
2026-08-13 00:09:00+00:00,44.87,44.91,44.87,44.88,5.195565915412812
2026-08-13 00:10:00+00:00,44.88,44.89,44.87,44.89,465.6608694636281
2026-08-13 00:11:00+00:00,44.89,44.89,44.86,44.87,494.1870286316969
2026-08-13 00:12:00+00:00,44.87,44.89,44.87,44.88,4.919047334855295
2026-08-13 00:13:00+00:00,44.88,44.91,44.88,44.9,7.20662594122361
2026-08-13 00:14:00+00:00,44.9,44.91,44.9,44.9,4.080332216028196
2026-08-13 00:15:00+00:00,44.9,44.91,44.9,44.91,3.9945844324134536
2026-08-13 00:16:00+00:00,44.91,44.97,44.9,44.96,4086.548147519354
2026-08-13 00:17:00+00:00,44.96,44.96,44.93,44.95,448.53708239382513
2026-08-13 00:18:00+00:00,44.95,44.95,44.93,44.95,3.4941985691745927
2026-08-13 00:19:00+00:00,44.95,44.95,44.92,44.93,493.6292659316293
2026-08-13 00:20:00+00:00,44.93,44.93,44.91,44.91,56.6733006973056
2026-08-13 00:21:00+00:00,44.91,44.93,44.88,44.89,921.967987064908
2026-08-13 00:22:00+00:00,44.89,44.89,44.88,44.89,4.008654781603197
2026-08-13 00:23:00+00:00,44.89,44.89,44.88,44.89,3.5706424627203197
2026-08-13 00:24:00+00:00,44.89,44.89,44.87,44.87,1223.2610575330175
2026-08-13 00:25:00+00:00,44.87,44.89,44.85,44.85,1759.6132199688172
2026-08-13 00:26:00+00:00,44.85,44.87,44.83,44.83,463.7981242007915
2026-08-13 00:27:00+00:00,44.83,44.85,44.82,44.84,509.6541838198221
2026-08-13 00:28:00+00:00,44.84,44.88,44.82,44.87,1515.0801010345735
2026-08-13 00:29:00+00:00,44.87,44.92,44.87,44.91,1412.4591065455263
2026-08-13 00:30:00+00:00,44.91,44.94,44.9,44.9,1911.5178441660007
2026-08-13 00:31:00+00:00,44.9,44.9,44.89,44.89,3.4719451457931565
2026-08-13 00:32:00+00:00,44.89,44.91,44.89,44.89,7.337423679248643
2026-08-13 00:33:00+00:00,44.89,44.91,44.88,44.88,467.5670769974007
2026-08-13 00:34:00+00:00,44.88,44.9,44.88,44.9,4.805061429766291
2026-08-13 00:35:00+00:00,44.9,44.9,44.88,44.9,4.014183370452859
2026-08-13 00:36:00+00:00,44.9,44.9,44.88,44.88,3.649718010711067
2026-08-13 00:37:00+00:00,44.88,44.9,44.88,44.88,3.911837873031375
2026-08-13 00:38:00+00:00,44.88,44.93,44.88,44.93,472.0339908420561
2026-08-13 00:39:00+00:00,44.93,44.93,44.91,44.93,4.232377542879116
2026-08-13 00:40:00+00:00,44.93,44.93,44.89,44.91,967.0514665206769
2026-08-13 00:41:00+00:00,44.91,44.91,44.87,44.87,951.1385249075357
2026-08-13 00:42:00+00:00,44.87,44.88,44.86,44.88,494.3438982671963
2026-08-13 00:43:00+00:00,44.88,44.9,44.86,44.89,7.839167504370223
2026-08-13 00:44:00+00:00,44.89,44.9,44.87,44.87,492.2145050608867
2026-08-13 00:45:00+00:00,44.87,44.88,44.84,44.84,1400.9639185690692
2026-08-13 00:46:00+00:00,44.84,44.85,44.83,44.83,55.70342013820269
2026-08-13 00:47:00+00:00,44.83,44.86,44.83,44.86,4.464099328469446
2026-08-13 00:48:00+00:00,44.86,44.86,44.85,44.86,8.405169940322201
2026-08-13 00:49:00+00:00,44.86,44.88,44.85,44.86,463.84845792825155
2026-08-13 00:50:00+00:00,44.86,44.88,44.86,44.86,4.214914761551684
2026-08-13 00:51:00+00:00,44.86,44.88,44.86,44.88,3.674513082094184
2026-08-13 00:52:00+00:00,44.88,44.88,44.84,44.84,942.5160061155832
2026-08-13 00:53:00+00:00,44.84,44.86,44.83,44.83,494.6269136215148
2026-08-13 00:54:00+00:00,44.83,44.84,44.82,44.82,492.0369789949151
2026-08-13 00:55:00+00:00,44.82,44.84,44.8,44.81,521.8565527781304
2026-08-13 00:56:00+00:00,44.81,44.83,44.8,44.83,5.971306161675494
2026-08-13 00:57:00+00:00,44.83,44.83,44.81,44.83,4.336764666717078
2026-08-13 00:58:00+00:00,44.83,44.83,44.81,44.83,3.931855277317076
2026-08-13 00:59:00+00:00,44.83,44.83,44.79,44.79,1159.893632649286
2026-08-13 01:00:00+00:00,44.79,44.81,44.77,44.77,6.021706035893056
2026-08-13 01:01:00+00:00,44.77,44.8,44.77,44.79,6.267543921120507
2026-08-13 01:02:00+00:00,44.79,44.81,44.79,44.81,5.449730255337057
2026-08-13 01:03:00+00:00,44.81,44.85,44.79,44.82,962.813073150392
2026-08-13 01:04:00+00:00,44.82,44.83,44.82,44.83,3.7659612301039487
2026-08-13 01:05:00+00:00,44.83,44.83,44.82,44.83,3.4829044932798334
2026-08-13 01:06:00+00:00,44.83,44.83,44.81,44.83,455.1180573857376
2026-08-13 01:07:00+00:00,44.83,44.83,44.79,44.79,942.5873110852451
2026-08-13 01:08:00+00:00,44.79,44.81,44.79,44.79,4.1236058236809345
2026-08-13 01:09:00+00:00,44.79,44.81,44.79,44.81,4.023051146118221
2026-08-13 01:10:00+00:00,44.81,44.81,44.77,44.79,495.8847680334905
2026-08-13 01:11:00+00:00,44.79,44.81,44.77,44.8,5.1522187514884195
2026-08-13 01:12:00+00:00,44.8,44.82,44.8,44.8,10.867700735827924
2026-08-13 01:13:00+00:00,44.8,44.82,44.8,44.82,3.8124614828361065
2026-08-13 01:14:00+00:00,44.82,44.82,44.8,44.82,3.9069378705297377
2026-08-13 01:15:00+00:00,44.82,44.82,44.8,44.82,4.05172550320329
2026-08-13 01:16:00+00:00,44.82,44.82,44.8,44.8,3.7287062336648176
2026-08-13 01:17:00+00:00,44.8,44.82,44.8,44.8,4.314810601533117
2026-08-13 01:18:00+00:00,44.8,44.82,44.79,44.79,478.0253767356554
2026-08-13 01:19:00+00:00,44.79,44.8,44.78,44.78,4.733228330568494
2026-08-13 01:20:00+00:00,44.78,44.78,44.77,44.77,539.1211508651783
2026-08-13 01:21:00+00:00,44.77,44.79,44.77,44.77,6.791648019924665
2026-08-13 01:22:00+00:00,44.77,44.79,44.77,44.77,3.5708584667544665
2026-08-13 01:23:00+00:00,44.77,44.79,44.72,44.72,1578.0985685497647
2026-08-13 01:24:00+00:00,44.72,44.75,44.72,44.75,6.15140348005627
2026-08-13 01:25:00+00:00,44.75,44.75,44.72,44.72,496.4956528451168
2026-08-13 01:26:00+00:00,44.72,44.73,44.68,44.71,4495.80364086857
2026-08-13 01:27:00+00:00,44.71,44.72,44.69,44.69,496.4313666259806
2026-08-13 01:28:00+00:00,44.69,44.72,44.69,44.72,4.567102134490859
2026-08-13 01:29:00+00:00,44.72,44.73,44.71,44.73,5.949962928653197
2026-08-13 01:30:00+00:00,44.73,44.73,44.71,44.73,4.015058331299459
2026-08-13 01:31:00+00:00,44.73,44.74,44.73,44.73,6.410938361505646
2026-08-13 01:32:00+00:00,44.73,44.74,44.73,44.73,3.2182738111478186
2026-08-13 01:33:00+00:00,44.73,44.75,44.73,44.75,7.511425849622106
2026-08-13 01:34:00+00:00,44.75,44.76,44.73,44.75,4.90056257988306
2026-08-13 01:35:00+00:00,44.75,44.78,44.75,44.77,5.845938375701816
2026-08-13 01:36:00+00:00,44.77,44.79,44.77,44.77,5.665748728703809
2026-08-13 01:37:00+00:00,44.77,44.8,44.77,44.79,5.955210032732115
2026-08-13 01:38:00+00:00,44.79,44.8,44.79,44.79,4.088374034183332
2026-08-13 01:39:00+00:00,44.79,44.8,44.79,44.8,3.832013947030587
2026-08-13 01:40:00+00:00,44.8,44.8,44.79,44.8,3.782059128113737
2026-08-13 01:41:00+00:00,44.8,44.8,44.76,44.78,960.3389436028212
2026-08-13 01:42:00+00:00,44.78,44.78,44.76,44.76,3.738726116480093
2026-08-13 01:43:00+00:00,44.76,44.78,44.75,44.76,497.7953115930489
2026-08-13 01:44:00+00:00,44.76,44.76,44.74,44.75,452.67141281269096
2026-08-13 01:45:00+00:00,44.75,44.75,44.72,44.74,4.782099955288119
2026-08-13 01:46:00+00:00,44.74,44.76,44.72,44.76,7.536393580702656
2026-08-13 01:47:00+00:00,44.76,44.78,44.75,44.77,5.189886545067773
2026-08-13 01:48:00+00:00,44.77,44.78,44.76,44.78,465.4637800941583
2026-08-13 01:49:00+00:00,44.78,44.78,44.76,44.78,4.111151290331722
2026-08-13 01:50:00+00:00,44.78,44.82,44.76,44.82,12.328189809081104
2026-08-13 01:51:00+00:00,44.82,44.83,44.8,44.83,6.091591488144793
2026-08-13 01:52:00+00:00,44.83,44.83,44.82,44.83,3.8261244347852656
2026-08-13 01:53:00+00:00,44.83,44.83,44.82,44.82,7.448993445713854
2026-08-13 01:54:00+00:00,44.82,44.87,44.82,44.85,5.646567481870787
2026-08-13 01:55:00+00:00,44.85,44.87,44.85,44.86,3.5481779194119225
2026-08-13 01:56:00+00:00,44.86,44.86,44.83,44.84,8.860293191583917
2026-08-13 01:57:00+00:00,44.84,44.84,44.83,44.84,3.714970894108241
2026-08-13 01:58:00+00:00,44.84,44.84,44.83,44.83,3.7691660068575046
2026-08-13 01:59:00+00:00,44.83,44.84,44.83,44.83,3.535105452394943
2026-08-13 02:00:00+00:00,44.83,44.84,44.83,44.84,3.1209850007253093
2026-08-13 02:01:00+00:00,44.84,44.84,44.81,44.81,956.2960032034099
2026-08-13 02:02:00+00:00,44.81,44.83,44.81,44.81,5.9796510795454845
2026-08-13 02:03:00+00:00,44.81,44.83,44.81,44.83,3.8664163504340303
2026-08-13 02:04:00+00:00,44.83,44.83,44.81,44.83,4.260034030715257
2026-08-13 02:05:00+00:00,44.83,44.83,44.81,44.81,3.4834955610779454
2026-08-13 02:06:00+00:00,44.81,44.83,44.8,44.8,461.1917802788074
2026-08-13 02:07:00+00:00,44.8,44.8,44.77,44.79,1411.3391579589015
2026-08-13 02:08:00+00:00,44.79,44.8,44.79,44.8,3.4439207571843204
2026-08-13 02:09:00+00:00,44.8,44.8,44.79,44.8,3.702559618497432
2026-08-13 02:10:00+00:00,44.8,44.8,44.79,44.8,4.0726894156858995
2026-08-13 02:11:00+00:00,44.8,44.8,44.78,44.8,10.237251173103527
2026-08-13 02:12:00+00:00,44.8,44.8,44.78,44.8,4.581107457889364
2026-08-13 02:13:00+00:00,44.8,44.8,44.77,44.77,495.7203170008842
2026-08-13 02:14:00+00:00,44.77,44.79,44.77,44.77,3.648315667441284
2026-08-13 02:15:00+00:00,44.77,44.79,44.77,44.77,4.087081879086994
2026-08-13 02:16:00+00:00,44.77,44.79,44.77,44.79,3.9068619382447554
2026-08-13 02:17:00+00:00,44.79,44.79,44.77,44.79,3.7565628406217826
2026-08-13 02:18:00+00:00,44.79,44.79,44.77,44.79,3.992646820845079
2026-08-13 02:19:00+00:00,44.79,44.8,44.77,44.79,471.98097040081785
2026-08-13 02:20:00+00:00,44.79,44.8,44.78,44.78,2.9999933205193643
2026-08-13 02:21:00+00:00,44.78,44.8,44.78,44.78,4.00095359056977
2026-08-13 02:22:00+00:00,44.78,44.8,44.77,44.77,504.43835239900096
2026-08-13 02:23:00+00:00,44.77,44.78,44.77,44.78,3.7311204715321815
2026-08-13 02:24:00+00:00,44.78,44.78,44.77,44.78,3.771656263470791
2026-08-13 02:25:00+00:00,44.78,44.79,44.77,44.77,7.74371320467016
2026-08-13 02:26:00+00:00,44.77,44.8,44.77,44.79,5.639648013038237
2026-08-13 02:27:00+00:00,44.79,44.81,44.79,44.81,10.130736052786128
2026-08-13 02:28:00+00:00,44.81,44.83,44.79,44.83,5.510337918678659
2026-08-13 02:29:00+00:00,44.83,44.83,44.81,44.81,3.6930538701513314
2026-08-13 02:30:00+00:00,44.81,44.83,44.79,44.79,990.1058926824751
2026-08-13 02:31:00+00:00,44.79,44.81,44.78,44.78,443.18124438936695
2026-08-13 02:32:00+00:00,44.78,44.79,44.78,44.79,474.5373421202074
2026-08-13 02:33:00+00:00,44.79,44.79,44.78,44.79,4.314429523274761
2026-08-13 02:34:00+00:00,44.79,44.82,44.78,44.8,9.038193734688228
2026-08-13 02:35:00+00:00,44.8,44.83,44.8,44.82,5.489436200098006
2026-08-13 02:36:00+00:00,44.82,44.83,44.81,44.83,464.7300417882726
2026-08-13 02:37:00+00:00,44.83,44.83,44.79,44.8,468.49576725689303
2026-08-13 02:38:00+00:00,44.8,44.8,44.78,44.8,469.2590136840105
2026-08-13 02:39:00+00:00,44.8,44.8,44.78,44.8,3.8785877085593055
2026-08-13 02:40:00+00:00,44.8,44.8,44.78,44.8,3.6712373488642887
2026-08-13 02:41:00+00:00,44.8,44.82,44.78,44.82,9.427419107803908
2026-08-13 02:42:00+00:00,44.82,44.83,44.8,44.8,465.66870426567647
2026-08-13 02:43:00+00:00,44.8,44.82,44.8,44.8,4.15579585205903
2026-08-13 02:44:00+00:00,44.8,44.83,44.8,44.83,6.976610756475032
2026-08-13 02:45:00+00:00,44.83,44.84,44.82,44.82,4.6578908763549425
2026-08-13 02:46:00+00:00,44.82,44.84,44.81,44.81,495.1034675987892
2026-08-13 02:47:00+00:00,44.81,44.85,44.81,44.83,9.383844286808612
2026-08-13 02:48:00+00:00,44.83,44.85,44.83,44.85,3.434663242856514
2026-08-13 02:49:00+00:00,44.85,44.85,44.83,44.85,4.045970908058214
2026-08-13 02:50:00+00:00,44.85,44.85,44.83,44.85,4.396796922151838
2026-08-13 02:51:00+00:00,44.85,44.85,44.83,44.83,3.5759848216388384
2026-08-13 02:52:00+00:00,44.83,44.85,44.83,44.83,4.144867709078593
2026-08-13 02:53:00+00:00,44.83,44.87,44.83,44.87,476.22910133890286
2026-08-13 02:54:00+00:00,44.87,44.87,44.86,44.87,4.013996480246447
2026-08-13 02:55:00+00:00,44.87,44.87,44.86,44.87,4.418044877453974
2026-08-13 02:56:00+00:00,44.87,44.87,44.85,44.85,469.55289978634426
2026-08-13 02:57:00+00:00,44.85,44.87,44.85,44.85,3.868999813408686
2026-08-13 02:58:00+00:00,44.85,44.87,44.85,44.87,4.218398355810009
2026-08-13 02:59:00+00:00,44.87,44.87,44.85,44.87,4.344752388853318
2026-08-13 03:00:00+00:00,44.87,44.88,44.85,44.88,18.220299350642772
2026-08-13 03:01:00+00:00,44.88,44.88,44.86,44.88,5.191380136151904
2026-08-13 03:02:00+00:00,44.88,44.88,44.86,44.86,3.66724428068151
2026-08-13 03:03:00+00:00,44.86,44.88,44.86,44.86,3.978488909445349
2026-08-13 03:04:00+00:00,44.86,44.89,44.86,44.88,10.894614138363027
2026-08-13 03:05:00+00:00,44.88,44.88,44.86,44.86,11.267980207248542
2026-08-13 03:06:00+00:00,44.86,44.87,44.86,44.87,3.715903828179113
2026-08-13 03:07:00+00:00,44.87,44.87,44.86,44.87,3.8605321699652264
2026-08-13 03:08:00+00:00,44.87,44.87,44.86,44.87,3.781647725370195
2026-08-13 03:09:00+00:00,44.87,44.87,44.86,44.86,3.953406909602924
2026-08-13 03:10:00+00:00,44.86,44.87,44.86,44.86,4.521624247429613
2026-08-13 03:11:00+00:00,44.86,44.87,44.86,44.86,3.82440417112258
2026-08-13 03:12:00+00:00,44.86,44.87,44.86,44.87,3.377198765423389
2026-08-13 03:13:00+00:00,44.87,44.89,44.87,44.88,11.373699477932991
2026-08-13 03:14:00+00:00,44.88,44.9,44.87,44.87,468.33196250099746
2026-08-13 03:15:00+00:00,44.87,44.88,44.86,44.88,5.5059104188529355
2026-08-13 03:16:00+00:00,44.88,44.88,44.86,44.86,3.7296117630369943
2026-08-13 03:17:00+00:00,44.86,44.88,44.86,44.86,4.193636868276268
2026-08-13 03:18:00+00:00,44.86,44.89,44.86,44.88,10.483212448838804
2026-08-13 03:19:00+00:00,44.88,44.9,44.88,44.9,4.810482905054461
2026-08-13 03:20:00+00:00,44.9,44.92,44.88,44.9,938.5145769237811
2026-08-13 03:21:00+00:00,44.9,44.92,44.89,44.91,495.6407442722796
2026-08-13 03:22:00+00:00,44.91,44.92,44.91,44.92,3.3917295162205283
2026-08-13 03:23:00+00:00,44.92,44.92,44.91,44.92,4.102247851793425
2026-08-13 03:24:00+00:00,44.92,44.92,44.91,44.91,9.991184758950968
2026-08-13 03:25:00+00:00,44.91,44.92,44.9,44.92,4.0668071834317665
2026-08-13 03:26:00+00:00,44.92,44.92,44.9,44.92,4.049658031005876
2026-08-13 03:27:00+00:00,44.92,44.92,44.9,44.9,3.705394911418865
2026-08-13 03:28:00+00:00,44.9,44.92,44.89,44.9,494.4580079423236
2026-08-13 03:29:00+00:00,44.9,44.9,44.89,44.9,3.939244701599207
2026-08-13 03:30:00+00:00,44.9,44.92,44.9,44.9,466.72829707413047
2026-08-13 03:31:00+00:00,44.9,44.92,44.9,44.9,3.9736575589962455
2026-08-13 03:32:00+00:00,44.9,44.93,44.9,44.93,474.26441482937616
2026-08-13 03:33:00+00:00,44.93,44.93,44.91,44.93,463.4972848460983
2026-08-13 03:34:00+00:00,44.93,44.93,44.91,44.93,2.7120852283987813
2026-08-13 03:35:00+00:00,44.93,44.93,44.91,44.91,2.757201010820513
2026-08-13 03:36:00+00:00,44.91,44.93,44.91,44.91,3.9707486342965623
2026-08-13 03:37:00+00:00,44.91,44.93,44.91,44.91,4.19526756854709
2026-08-13 03:38:00+00:00,44.91,44.93,44.91,44.93,3.5310279336525014
2026-08-13 03:39:00+00:00,44.93,44.93,44.91,44.93,4.023983531025748
2026-08-13 03:40:00+00:00,44.93,44.93,44.91,44.93,4.010926346101705
2026-08-13 03:41:00+00:00,44.93,44.93,44.9,44.9,462.9090925325846
2026-08-13 03:42:00+00:00,44.9,44.91,44.9,44.9,4.072932948301949
2026-08-13 03:43:00+00:00,44.9,44.91,44.9,44.9,4.183133845022388
2026-08-13 03:44:00+00:00,44.9,44.91,44.9,44.91,3.209409112706978
2026-08-13 03:45:00+00:00,44.91,44.92,44.9,44.92,13.307081095385197
2026-08-13 03:46:00+00:00,44.92,44.92,44.9,44.9,3.614440083533805
2026-08-13 03:47:00+00:00,44.9,44.92,44.9,44.9,4.157604808945178
2026-08-13 03:48:00+00:00,44.9,44.93,44.9,44.93,9.553589770473472
2026-08-13 03:49:00+00:00,44.93,44.94,44.92,44.94,6.062761391459774
2026-08-13 03:50:00+00:00,44.94,44.94,44.91,44.93,494.08421958320343
2026-08-13 03:51:00+00:00,44.93,44.94,44.93,44.93,3.457324289546583
2026-08-13 03:52:00+00:00,44.93,44.94,44.93,44.93,3.8992379086253046
2026-08-13 03:53:00+00:00,44.93,44.95,44.93,44.95,10.98965009198062
2026-08-13 03:54:00+00:00,44.95,44.95,44.92,44.92,469.4652009752985
2026-08-13 03:55:00+00:00,44.92,44.93,44.92,44.93,4.176284762940829
2026-08-13 03:56:00+00:00,44.93,44.93,44.92,44.93,3.653461811279007
2026-08-13 03:57:00+00:00,44.93,44.93,44.92,44.92,7.222340004903245
2026-08-13 03:58:00+00:00,44.92,44.95,44.92,44.94,5.427673156459184
2026-08-13 03:59:00+00:00,44.94,44.95,44.94,44.94,4.2002909230599395
2026-08-13 04:00:00+00:00,44.94,44.95,44.94,44.95,2.890884155019695
2026-08-13 04:01:00+00:00,44.95,44.95,44.93,44.93,466.96481215888144
2026-08-13 04:02:00+00:00,44.93,44.95,44.92,44.92,470.5991336808559
2026-08-13 04:03:00+00:00,44.92,44.93,44.91,44.93,493.67745622521255
2026-08-13 04:04:00+00:00,44.93,44.93,44.91,44.91,3.849726923738914
2026-08-13 04:05:00+00:00,44.91,44.91,44.9,44.9,452.2794015350672
2026-08-13 04:06:00+00:00,44.9,44.91,44.9,44.9,4.16204485189136
2026-08-13 04:07:00+00:00,44.9,44.91,44.9,44.91,3.7459647381870895
2026-08-13 04:08:00+00:00,44.91,44.91,44.89,44.91,496.2820949338096
2026-08-13 04:09:00+00:00,44.91,44.91,44.89,44.91,3.848599280192027
2026-08-13 04:10:00+00:00,44.91,44.91,44.89,44.89,3.1837801838175497
2026-08-13 04:11:00+00:00,44.89,44.91,44.88,44.88,496.38068403842584
2026-08-13 04:12:00+00:00,44.88,44.91,44.88,44.9,4.702642392284201
2026-08-13 04:13:00+00:00,44.9,44.92,44.9,44.92,449.9760203513886
2026-08-13 04:14:00+00:00,44.92,44.92,44.9,44.9,3.719094693461477
2026-08-13 04:15:00+00:00,44.9,44.92,44.88,44.88,465.8144238953806
2026-08-13 04:16:00+00:00,44.88,44.9,44.88,44.88,4.081340114097877
2026-08-13 04:17:00+00:00,44.88,44.9,44.88,44.88,3.504466382017476
2026-08-13 04:18:00+00:00,44.88,44.9,44.88,44.88,4.113958807252401
2026-08-13 04:19:00+00:00,44.88,44.9,44.88,44.9,3.4025945952383787
2026-08-13 04:20:00+00:00,44.9,44.9,44.88,44.9,4.390562350876775
2026-08-13 04:21:00+00:00,44.9,44.9,44.88,44.9,4.1715499188134455
2026-08-13 04:22:00+00:00,44.9,44.9,44.88,44.88,4.078657464200501
2026-08-13 04:23:00+00:00,44.88,44.91,44.88,44.91,20.666483288703425
2026-08-13 04:24:00+00:00,44.91,44.91,44.88,44.88,7.373077294708957
2026-08-13 04:25:00+00:00,44.88,44.9,44.88,44.88,3.3822266454668526
2026-08-13 04:26:00+00:00,44.88,44.9,44.88,44.88,3.8763744049958513
2026-08-13 04:27:00+00:00,44.88,44.9,44.88,44.9,3.6314445152428254
2026-08-13 04:28:00+00:00,44.9,44.9,44.88,44.9,4.522001794441202
2026-08-13 04:29:00+00:00,44.9,44.9,44.88,44.9,3.7092341567118847
2026-08-13 04:30:00+00:00,44.9,44.9,44.88,44.88,3.8075258248673025
2026-08-13 04:31:00+00:00,44.88,44.92,44.88,44.9,6.209341169247163
2026-08-13 04:32:00+00:00,44.9,44.92,44.9,44.92,3.4997326600915857
2026-08-13 04:33:00+00:00,44.92,44.92,44.9,44.92,3.8547558044293546
2026-08-13 04:34:00+00:00,44.92,44.92,44.9,44.92,4.096432281492264
2026-08-13 04:35:00+00:00,44.92,44.92,44.9,44.9,3.584733602127613
2026-08-13 04:36:00+00:00,44.9,44.92,44.9,44.9,4.287964627042978
2026-08-13 04:37:00+00:00,44.9,44.93,44.9,44.92,15.374120733958337
2026-08-13 04:38:00+00:00,44.92,44.94,44.89,44.89,991.9374980607504
2026-08-13 04:39:00+00:00,44.89,44.9,44.89,44.89,4.214810749959937
2026-08-13 04:40:00+00:00,44.89,44.9,44.89,44.89,3.899941539849203
2026-08-13 04:41:00+00:00,44.89,44.91,44.89,44.91,9.03109975886059
2026-08-13 04:42:00+00:00,44.91,44.92,44.89,44.91,5.364736081318803
2026-08-13 04:43:00+00:00,44.91,44.93,44.91,44.91,6.799461783870359
2026-08-13 04:44:00+00:00,44.91,44.93,44.9,44.91,7.543605077361613
2026-08-13 04:45:00+00:00,44.91,44.92,44.9,44.9,6.052977049126715
2026-08-13 04:46:00+00:00,44.9,44.92,44.9,44.9,3.9150841882723455
2026-08-13 04:47:00+00:00,44.9,44.92,44.9,44.92,3.465341512850363
2026-08-13 04:48:00+00:00,44.92,44.92,44.89,44.89,504.8128577953861
2026-08-13 04:49:00+00:00,44.89,44.9,44.89,44.9,3.6358597978428833
2026-08-13 04:50:00+00:00,44.9,44.9,44.89,44.9,3.6298649011367057
2026-08-13 04:51:00+00:00,44.9,44.9,44.89,44.9,3.9685665330892985
2026-08-13 04:52:00+00:00,44.9,44.9,44.89,44.9,4.563420035414458
2026-08-13 04:53:00+00:00,44.9,44.9,44.89,44.89,2.9726607480497984
2026-08-13 04:54:00+00:00,44.89,44.9,44.89,44.89,2.8025170163542557
2026-08-13 04:55:00+00:00,44.89,44.9,44.89,44.89,3.940188503349688
2026-08-13 04:56:00+00:00,44.89,44.9,44.89,44.9,4.0207516021593985
2026-08-13 04:57:00+00:00,44.9,44.9,44.89,44.9,4.228406552815817
2026-08-13 04:58:00+00:00,44.9,44.9,44.89,44.9,3.863914537937577
2026-08-13 04:59:00+00:00,44.9,44.9,44.88,44.88,467.7625153525879
2026-08-13 05:00:00+00:00,44.88,44.9,44.87,44.88,379.09648357212893
2026-08-13 05:01:00+00:00,44.88,44.88,44.87,44.88,4.20227206185268
2026-08-13 05:02:00+00:00,44.88,44.88,44.85,44.85,4.368209526628687
2026-08-13 05:03:00+00:00,44.85,44.86,44.85,44.85,3.83860989547066
2026-08-13 05:04:00+00:00,44.85,44.88,44.85,44.88,7.28318443739084
2026-08-13 05:05:00+00:00,44.88,44.88,44.85,44.85,501.19320297037194
2026-08-13 05:06:00+00:00,44.85,44.9,44.85,44.9,9.30090843648353
2026-08-13 05:07:00+00:00,44.9,44.91,44.89,44.91,5.993122777985403
2026-08-13 05:08:00+00:00,44.91,44.91,44.89,44.89,3.696750596314036
2026-08-13 05:09:00+00:00,44.89,44.91,44.88,44.88,466.47540915583426
2026-08-13 05:10:00+00:00,44.88,44.89,44.88,44.88,3.091426507418213
2026-08-13 05:11:00+00:00,44.88,44.89,44.88,44.88,4.08542153844871
2026-08-13 05:12:00+00:00,44.88,44.89,44.88,44.89,3.5141415597406054
2026-08-13 05:13:00+00:00,44.89,44.9,44.88,44.9,10.54178663895534
2026-08-13 05:14:00+00:00,44.9,44.9,44.88,44.9,4.237679325020148
2026-08-13 05:15:00+00:00,44.9,44.94,44.9,44.93,467.83312626826
2026-08-13 05:16:00+00:00,44.93,44.99,44.92,44.99,2867.187598913805
2026-08-13 05:17:00+00:00,44.99,44.99,44.97,44.99,4.201835784623006
2026-08-13 05:18:00+00:00,44.99,44.99,44.97,44.97,3.6979202948912175
2026-08-13 05:19:00+00:00,44.97,44.99,44.96,44.96,466.5795234137837
2026-08-13 05:20:00+00:00,44.96,44.97,44.95,44.95,477.9506771239192
2026-08-13 05:21:00+00:00,44.95,44.97,44.94,44.97,1352.81242722246
2026-08-13 05:22:00+00:00,44.97,44.97,44.95,44.95,3.6343399734860142
2026-08-13 05:23:00+00:00,44.95,44.97,44.95,44.97,3.6445191863170185
2026-08-13 05:24:00+00:00,44.97,44.98,44.95,44.98,11.883156071555696
2026-08-13 05:25:00+00:00,44.98,44.98,44.97,44.97,3.880170140599637
2026-08-13 05:26:00+00:00,44.97,44.99,44.97,44.97,6.367205918283475
2026-08-13 05:27:00+00:00,44.97,44.99,44.97,44.99,7.1572827070063205
2026-08-13 05:28:00+00:00,44.99,45.0,44.98,44.98,463.2187516510885
2026-08-13 05:29:00+00:00,44.98,45.0,44.97,44.97,499.29537908096694
2026-08-13 05:30:00+00:00,44.97,44.98,44.96,44.98,449.29765219412695
2026-08-13 05:31:00+00:00,44.98,45.01,44.96,44.99,10.97750606345638
2026-08-13 05:32:00+00:00,44.99,45.01,44.97,45.0,464.47135944203177
2026-08-13 05:33:00+00:00,45.0,45.0,44.99,45.0,3.904234476797313
2026-08-13 05:34:00+00:00,45.0,45.0,44.99,45.0,3.573239021017016
2026-08-13 05:35:00+00:00,45.0,45.0,44.99,44.99,3.502517892865081
2026-08-13 05:36:00+00:00,44.99,45.01,44.99,44.99,502.7920093779813
2026-08-13 05:37:00+00:00,44.99,45.01,44.99,44.99,1.5088426819181573
2026-08-13 05:38:00+00:00,44.99,45.02,44.99,45.02,6.868310122420566
2026-08-13 05:39:00+00:00,45.02,45.03,45.01,45.03,4.49749349910941
2026-08-13 05:40:00+00:00,45.03,45.03,45.0,45.03,488.6510911567854
2026-08-13 05:41:00+00:00,45.03,45.03,45.01,45.01,3.4002994818976493
2026-08-13 05:42:00+00:00,45.01,45.03,45.0,45.0,24.319363800015225
2026-08-13 05:43:00+00:00,45.0,45.01,45.0,45.0,3.983183040805747
2026-08-13 05:44:00+00:00,45.0,45.01,45.0,45.01,3.728193507615591
2026-08-13 05:45:00+00:00,45.01,45.01,45.0,45.01,3.978027608679553
2026-08-13 05:46:00+00:00,45.01,45.04,45.0,45.02,17.58767398666117
2026-08-13 05:47:00+00:00,45.02,45.04,45.02,45.02,3.9025964876080335
2026-08-13 05:48:00+00:00,45.02,45.04,45.01,45.02,996.18314652518
2026-08-13 05:49:00+00:00,45.02,45.04,45.02,45.04,3.586105257738222
2026-08-13 05:50:00+00:00,45.04,45.04,45.02,45.04,4.1503262710159206
2026-08-13 05:51:00+00:00,45.04,45.04,45.02,45.04,4.161991729746322
2026-08-13 05:52:00+00:00,45.04,45.04,45.02,45.02,3.5978852106780246
2026-08-13 05:53:00+00:00,45.02,45.04,45.02,45.02,4.169554423413947
2026-08-13 05:54:00+00:00,45.02,45.04,45.01,45.01,437.6243120089172
2026-08-13 05:55:00+00:00,45.01,45.02,45.01,45.02,3.6507690526543737
2026-08-13 05:56:00+00:00,45.02,45.03,45.01,45.03,8.028485022656435
2026-08-13 05:57:00+00:00,45.03,45.03,45.01,45.03,3.881538324224641
2026-08-13 05:58:00+00:00,45.03,45.03,45.01,45.01,3.8610385640854705
2026-08-13 05:59:00+00:00,45.01,45.03,45.01,45.01,3.9411597235307294
2026-08-13 06:00:00+00:00,45.01,45.04,45.01,45.04,11.326479373633658
2026-08-13 06:01:00+00:00,45.04,45.04,45.03,45.04,3.906100472193592
2026-08-13 06:02:00+00:00,45.04,45.04,45.0,45.01,505.4670108830164
2026-08-13 06:03:00+00:00,45.01,45.01,45.0,45.0,3.947240386087042
2026-08-13 06:04:00+00:00,45.0,45.02,44.98,45.0,497.72304151268423
2026-08-13 06:05:00+00:00,45.0,45.0,44.99,44.99,462.81548744659307
2026-08-13 06:06:00+00:00,44.99,45.0,44.99,45.0,3.651522718628831
2026-08-13 06:07:00+00:00,45.0,45.0,44.99,45.0,3.461889669309229
2026-08-13 06:08:00+00:00,45.0,45.0,44.98,45.0,490.2687800177828
2026-08-13 06:09:00+00:00,45.0,45.0,44.98,45.0,3.93305042240996
2026-08-13 06:10:00+00:00,45.0,45.0,44.98,44.98,4.0093910083493896
2026-08-13 06:11:00+00:00,44.98,45.0,44.98,44.98,3.8256776147423546
2026-08-13 06:12:00+00:00,44.98,45.0,44.98,45.0,3.191984556099007
2026-08-13 06:13:00+00:00,45.0,45.02,44.98,45.02,17.78675825320683
2026-08-13 06:14:00+00:00,45.02,45.02,44.94,44.95,581.3459146599571
2026-08-13 06:15:00+00:00,44.95,44.95,44.94,44.95,4.154968825075382
2026-08-13 06:16:00+00:00,44.95,44.97,44.94,44.97,465.99344728696616
2026-08-13 06:17:00+00:00,44.97,44.97,44.96,44.97,3.772326089081135
2026-08-13 06:18:00+00:00,44.97,44.98,44.96,44.96,6.373672159114669
2026-08-13 06:19:00+00:00,44.96,44.98,44.96,44.96,2.701751717647543
2026-08-13 06:20:00+00:00,44.96,44.98,44.96,44.96,3.9963194990577073
2026-08-13 06:21:00+00:00,44.96,45.0,44.96,45.0,8.681062582107792
2026-08-13 06:22:00+00:00,45.0,45.0,44.99,45.0,3.7506845669408015
2026-08-13 06:23:00+00:00,45.0,45.0,44.98,44.98,464.24951442878154
2026-08-13 06:24:00+00:00,44.98,45.0,44.98,44.98,3.7036121239069217
2026-08-13 06:25:00+00:00,44.98,45.0,44.98,45.0,3.627445422656983
2026-08-13 06:26:00+00:00,45.0,45.0,44.97,44.98,493.091769967001
2026-08-13 06:27:00+00:00,44.98,44.98,44.97,44.98,4.148484425118944
2026-08-13 06:28:00+00:00,44.98,44.98,44.97,44.98,4.006768333179583
2026-08-13 06:29:00+00:00,44.98,44.98,44.97,44.97,2.889391346614852
2026-08-13 06:30:00+00:00,44.97,44.98,44.97,44.97,3.9271113700324696
2026-08-13 06:31:00+00:00,44.97,44.98,44.97,44.97,3.8640598796510055
2026-08-13 06:32:00+00:00,44.97,44.98,44.95,44.95,496.9917325085648
2026-08-13 06:33:00+00:00,44.95,44.96,44.94,44.95,449.9067476306046
2026-08-13 06:34:00+00:00,44.95,44.96,44.94,44.96,3.988126368966451
2026-08-13 06:35:00+00:00,44.96,44.96,44.94,44.96,4.158511081204358
2026-08-13 06:36:00+00:00,44.96,44.96,44.94,44.94,3.485512068681532
2026-08-13 06:37:00+00:00,44.94,44.96,44.94,44.94,3.094677066456343
2026-08-13 06:38:00+00:00,44.94,44.96,44.94,44.94,4.226088491654353
2026-08-13 06:39:00+00:00,44.94,44.96,44.94,44.96,2.284722393796711
2026-08-13 06:40:00+00:00,44.96,44.96,44.94,44.96,4.213200023914844
2026-08-13 06:41:00+00:00,44.96,44.96,44.94,44.94,3.368069594968063
2026-08-13 06:42:00+00:00,44.94,44.96,44.94,44.94,3.8980392203444056
2026-08-13 06:43:00+00:00,44.94,44.96,44.94,44.94,2.7498228757362524
2026-08-13 06:44:00+00:00,44.94,44.96,44.94,44.96,3.224108736520184
2026-08-13 06:45:00+00:00,44.96,44.97,44.94,44.97,26.166234776315868
2026-08-13 06:46:00+00:00,44.97,44.97,44.96,44.97,4.0458287632640815
2026-08-13 06:47:00+00:00,44.97,44.98,44.96,44.98,6.387422411528967
2026-08-13 06:48:00+00:00,44.98,44.99,44.96,44.97,1381.584572606814
2026-08-13 06:49:00+00:00,44.97,44.97,44.96,44.96,3.976628255333528
2026-08-13 06:50:00+00:00,44.96,44.97,44.96,44.97,4.003394344747032
2026-08-13 06:51:00+00:00,44.97,44.97,44.96,44.97,4.607069694347437
2026-08-13 06:52:00+00:00,44.97,44.97,44.96,44.97,3.907926132249495
2026-08-13 06:53:00+00:00,44.97,44.98,44.96,44.96,12.482056004642663
2026-08-13 06:54:00+00:00,44.96,44.99,44.96,44.98,3.4409631401073897
2026-08-13 06:55:00+00:00,44.98,45.0,44.98,45.0,11.325314301074128
2026-08-13 06:56:00+00:00,45.0,45.01,44.98,45.01,5.252073945850963
2026-08-13 06:57:00+00:00,45.01,45.01,44.99,45.0,463.70466493663423
2026-08-13 06:58:00+00:00,45.0,45.0,44.98,45.0,3.8776326762511735
2026-08-13 06:59:00+00:00,45.0,45.0,44.98,44.99,3.4341155191764092
2026-08-13 07:00:00+00:00,44.99,45.0,44.99,44.99,4.239342268652293
2026-08-13 07:01:00+00:00,44.99,45.0,44.98,44.98,9.547646716431306
2026-08-13 07:02:00+00:00,44.98,45.0,44.98,45.0,3.705186650857171
2026-08-13 07:03:00+00:00,45.0,45.0,44.98,45.0,3.9279960673879746
2026-08-13 07:04:00+00:00,45.0,45.0,44.97,44.98,493.7971070267519
2026-08-13 07:05:00+00:00,44.98,44.98,44.97,44.97,3.881892898709312
2026-08-13 07:06:00+00:00,44.97,45.0,44.97,44.99,8.022383770636162
2026-08-13 07:07:00+00:00,44.99,45.0,44.98,45.0,9.286328219839149
2026-08-13 07:08:00+00:00,45.0,45.0,44.98,45.0,3.725774744330814
2026-08-13 07:09:00+00:00,45.0,45.0,44.98,44.98,4.03667082654019
2026-08-13 07:10:00+00:00,44.98,45.0,44.98,44.98,4.250613853070501
2026-08-13 07:11:00+00:00,44.98,45.0,44.98,44.98,7.87728366722128
2026-08-13 07:12:00+00:00,44.98,45.0,44.98,45.0,2.9986126278345933
2026-08-13 07:13:00+00:00,45.0,45.0,44.98,45.0,3.7281591324539303
2026-08-13 07:14:00+00:00,45.0,45.0,44.98,45.0,4.181928699174942
2026-08-13 07:15:00+00:00,45.0,45.0,44.98,44.98,3.804442764685539
2026-08-13 07:16:00+00:00,44.98,45.0,44.98,44.98,4.132856924065017
2026-08-13 07:17:00+00:00,44.98,45.0,44.98,44.98,4.009598468455116
2026-08-13 07:18:00+00:00,44.98,45.0,44.98,45.0,3.7629968282199497
2026-08-13 07:19:00+00:00,45.0,45.0,44.94,44.94,1886.0042603980232
2026-08-13 07:20:00+00:00,44.94,44.95,44.94,44.94,3.6247839586387087
2026-08-13 07:21:00+00:00,44.94,44.96,44.94,44.96,7.890058695702397
2026-08-13 07:22:00+00:00,44.96,44.96,44.94,44.96,5.083493516991771
2026-08-13 07:23:00+00:00,44.96,44.96,44.94,44.96,4.106781105530981
2026-08-13 07:24:00+00:00,44.96,44.96,44.94,44.94,3.0737768982605513
2026-08-13 07:25:00+00:00,44.94,44.96,44.94,44.94,2.591202712751046
2026-08-13 07:26:00+00:00,44.94,44.96,44.94,44.94,2.412895772853326
2026-08-13 07:27:00+00:00,44.94,44.96,44.94,44.96,3.582327256824837
2026-08-13 07:28:00+00:00,44.96,44.96,44.94,44.96,4.299849928413844
2026-08-13 07:29:00+00:00,44.96,44.96,44.94,44.96,3.896305116984766
2026-08-13 07:30:00+00:00,44.96,44.96,44.93,44.93,465.8071600940914
2026-08-13 07:31:00+00:00,44.93,44.94,44.92,44.92,934.8324597153737
2026-08-13 07:32:00+00:00,44.92,44.94,44.91,44.94,465.03501856635694
2026-08-13 07:33:00+00:00,44.94,44.94,44.92,44.94,3.833114004583533
2026-08-13 07:34:00+00:00,44.94,44.94,44.92,44.94,3.8162944874357065
2026-08-13 07:35:00+00:00,44.94,44.94,44.92,44.92,3.3988662037163633
2026-08-13 07:36:00+00:00,44.92,44.94,44.92,44.92,3.7889888605803086
2026-08-13 07:37:00+00:00,44.92,44.94,44.92,44.94,3.3278547809466743
2026-08-13 07:38:00+00:00,44.94,44.94,44.92,44.94,3.883300163550411
2026-08-13 07:39:00+00:00,44.94,44.94,44.92,44.94,3.864629489165528
2026-08-13 07:40:00+00:00,44.94,44.94,44.92,44.92,3.936305704528963
2026-08-13 07:41:00+00:00,44.92,44.94,44.92,44.92,4.465832587310437
2026-08-13 07:42:00+00:00,44.92,44.94,44.91,44.92,482.88731528678704
2026-08-13 07:43:00+00:00,44.92,44.92,44.91,44.91,3.343730941649798
2026-08-13 07:44:00+00:00,44.91,44.92,44.89,44.89,494.5310131216976
2026-08-13 07:45:00+00:00,44.89,44.9,44.88,44.9,494.04035951809783
2026-08-13 07:46:00+00:00,44.9,44.9,44.88,44.9,3.8001894187519105
2026-08-13 07:47:00+00:00,44.9,44.9,44.88,44.9,3.935425475110068
2026-08-13 07:48:00+00:00,44.9,44.9,44.88,44.88,3.4077744661338922
2026-08-13 07:49:00+00:00,44.88,44.9,44.88,44.88,3.984234484237104
2026-08-13 07:50:00+00:00,44.88,44.9,44.88,44.88,3.7549336513305462
2026-08-13 07:51:00+00:00,44.88,44.9,44.86,44.86,15.464749253157708
2026-08-13 07:52:00+00:00,44.86,44.87,44.84,44.84,2977.928618605528
2026-08-13 07:53:00+00:00,44.84,44.87,44.84,44.87,4.642417916689985
2026-08-13 07:54:00+00:00,44.87,44.87,44.86,44.87,2.8235580352454273
2026-08-13 07:55:00+00:00,44.87,44.87,44.86,44.87,4.037053444433173
2026-08-13 07:56:00+00:00,44.87,44.88,44.85,44.87,13.5088484911
2026-08-13 07:57:00+00:00,44.87,44.88,44.86,44.86,462.4415843745913
2026-08-13 07:58:00+00:00,44.86,44.88,44.85,44.85,465.60920949793376
2026-08-13 07:59:00+00:00,44.85,44.86,44.85,44.85,3.824767225770153
2026-08-13 08:00:00+00:00,44.85,44.87,44.85,44.85,7.884237963213197
2026-08-13 08:01:00+00:00,44.85,44.87,44.85,44.87,3.727975394792189
2026-08-13 08:02:00+00:00,44.87,44.87,44.85,44.87,17.03875900626087
2026-08-13 08:03:00+00:00,44.87,44.87,44.85,44.87,3.516969304859151
2026-08-13 08:04:00+00:00,44.87,44.87,44.85,44.85,3.7407852239555424
2026-08-13 08:05:00+00:00,44.85,44.87,44.85,44.85,4.374435235794524
2026-08-13 08:06:00+00:00,44.85,44.87,44.85,44.85,4.157368227648361
2026-08-13 08:07:00+00:00,44.85,44.87,44.85,44.87,3.8044724621282984
2026-08-13 08:08:00+00:00,44.87,44.87,44.85,44.87,4.024317096907478
2026-08-13 08:09:00+00:00,44.87,44.87,44.84,44.85,479.3279594932857
2026-08-13 08:10:00+00:00,44.85,44.85,44.82,44.85,459.1460912659514
2026-08-13 08:11:00+00:00,44.85,44.85,44.83,44.83,3.7140288034743416
2026-08-13 08:12:00+00:00,44.83,44.85,44.81,44.81,494.6580499188256
2026-08-13 08:13:00+00:00,44.81,44.83,44.8,44.82,853.2966816230203
2026-08-13 08:14:00+00:00,44.82,44.83,44.82,44.83,3.7095578039224586
2026-08-13 08:15:00+00:00,44.83,44.83,44.81,44.83,9.731082660170397
2026-08-13 08:16:00+00:00,44.83,44.84,44.83,44.84,3.263488213874876
2026-08-13 08:17:00+00:00,44.84,44.84,44.83,44.84,3.9488692738132736
2026-08-13 08:18:00+00:00,44.84,44.84,44.83,44.83,3.83762616051958
2026-08-13 08:19:00+00:00,44.83,44.84,44.82,44.82,9.875655715638299
2026-08-13 08:20:00+00:00,44.82,44.84,44.82,44.82,3.9269105463383913
2026-08-13 08:21:00+00:00,44.82,44.84,44.82,44.84,3.968478652443056
2026-08-13 08:22:00+00:00,44.84,44.84,44.82,44.84,3.9553565535807618
2026-08-13 08:23:00+00:00,44.84,44.85,44.82,44.85,17.15207467416236
2026-08-13 08:24:00+00:00,44.85,44.85,44.83,44.85,5.999914017014625
2026-08-13 08:25:00+00:00,44.85,44.85,44.83,44.85,45.998160564120376
2026-08-13 08:26:00+00:00,44.85,44.85,44.83,44.85,3.852861604510636
2026-08-13 08:27:00+00:00,44.85,44.85,44.83,44.83,3.8405235634383432
2026-08-13 08:28:00+00:00,44.83,44.85,44.83,44.83,2.5363430385220918
2026-08-13 08:29:00+00:00,44.83,44.85,44.83,44.83,3.8516822252577616
2026-08-13 08:30:00+00:00,44.83,44.85,44.83,44.85,2.745103759999065
2026-08-13 08:31:00+00:00,44.85,44.86,44.84,44.86,465.44017599642626
2026-08-13 08:32:00+00:00,44.86,44.86,44.84,44.86,4.5278138587967005
2026-08-13 08:33:00+00:00,44.86,44.86,44.84,44.84,3.5117178312307136
2026-08-13 08:34:00+00:00,44.84,44.86,44.84,44.84,743.3275973037752
2026-08-13 08:35:00+00:00,44.84,44.86,44.84,44.84,4.779830291723323
2026-08-13 08:36:00+00:00,44.84,44.86,44.84,44.84,3.853630802222237
2026-08-13 08:37:00+00:00,44.84,44.86,44.84,44.86,2.945646421834527
2026-08-13 08:38:00+00:00,44.86,44.86,44.84,44.86,6.764785441287349
2026-08-13 08:39:00+00:00,44.86,44.86,44.84,44.86,3.9803094511898047
2026-08-13 08:40:00+00:00,44.86,44.86,44.84,44.84,3.470368632235962
2026-08-13 08:41:00+00:00,44.84,44.86,44.84,44.86,25.187962311530807
2026-08-13 08:42:00+00:00,44.86,44.87,44.86,44.86,4.0611665085672275
2026-08-13 08:43:00+00:00,44.86,44.87,44.86,44.86,3.3312208717888234
2026-08-13 08:44:00+00:00,44.86,44.87,44.82,44.84,516.2663240009857
2026-08-13 08:45:00+00:00,44.84,44.84,44.81,44.82,482.9104626715635
2026-08-13 08:46:00+00:00,44.82,44.83,44.81,44.83,5.828389764807095
2026-08-13 08:47:00+00:00,44.83,44.83,44.81,44.81,3.129611217422181
2026-08-13 08:48:00+00:00,44.81,44.83,44.81,44.83,6.218796690993071
2026-08-13 08:49:00+00:00,44.83,44.84,44.83,44.83,4.085311881957471
2026-08-13 08:50:00+00:00,44.83,44.84,44.83,44.83,3.324875677626828
2026-08-13 08:51:00+00:00,44.83,44.85,44.83,44.85,11.299356955877707
2026-08-13 08:52:00+00:00,44.85,44.86,44.83,44.84,466.20018804819256
2026-08-13 08:53:00+00:00,44.84,44.86,44.84,44.84,3.941454462550355
2026-08-13 08:54:00+00:00,44.84,44.86,44.84,44.84,4.348810940410109
2026-08-13 08:55:00+00:00,44.84,44.86,44.84,44.84,3.7927411596311327
2026-08-13 08:56:00+00:00,44.84,44.86,44.84,44.86,3.6642039979271424
2026-08-13 08:57:00+00:00,44.86,44.86,44.84,44.86,3.741102848270544
2026-08-13 08:58:00+00:00,44.86,44.86,44.81,44.81,481.59084372662886
2026-08-13 08:59:00+00:00,44.81,44.85,44.81,44.85,465.43361794553033
2026-08-13 09:00:00+00:00,44.85,44.85,44.84,44.85,3.830187457050312
2026-08-13 09:01:00+00:00,44.85,44.85,44.83,44.83,465.4190728658228
2026-08-13 09:02:00+00:00,44.83,44.85,44.83,44.83,4.261580493234568
2026-08-13 09:03:00+00:00,44.83,44.85,44.83,44.83,3.680101426148231
2026-08-13 09:04:00+00:00,44.83,44.85,44.83,44.85,3.6410348321952544
2026-08-13 09:05:00+00:00,44.85,44.85,44.83,44.85,4.0601398768691634
2026-08-13 09:06:00+00:00,44.85,44.85,44.83,44.85,48.633362761986255
2026-08-13 09:07:00+00:00,44.85,44.85,44.83,44.85,3.9971211197709366
2026-08-13 09:08:00+00:00,44.85,44.85,44.83,44.83,2.3385477305445495
2026-08-13 09:09:00+00:00,44.83,44.85,44.83,44.83,3.2751702144432167
2026-08-13 09:10:00+00:00,44.83,44.85,44.83,44.83,2.5896553535205835
2026-08-13 09:11:00+00:00,44.83,44.85,44.83,44.85,3.5526382411841486
2026-08-13 09:12:00+00:00,44.85,44.85,44.83,44.85,3.7473543631074007
2026-08-13 09:13:00+00:00,44.85,44.85,44.83,44.85,4.209433243535408
2026-08-13 09:14:00+00:00,44.85,44.85,44.83,44.85,4.231096372745696
2026-08-13 09:15:00+00:00,44.85,44.85,44.83,44.83,3.744958258014732
2026-08-13 09:16:00+00:00,44.83,44.86,44.83,44.84,467.8134888959139
2026-08-13 09:17:00+00:00,44.84,44.87,44.84,44.85,7.286303563195072
2026-08-13 09:18:00+00:00,44.85,44.88,44.85,44.86,6.628990540883664
2026-08-13 09:19:00+00:00,44.86,44.88,44.86,44.86,3.097240632969436
2026-08-13 09:20:00+00:00,44.86,44.88,44.86,44.88,3.442850961160211
2026-08-13 09:21:00+00:00,44.88,44.88,44.86,44.88,4.144196412606302
2026-08-13 09:22:00+00:00,44.88,44.88,44.86,44.88,3.953724381577703
2026-08-13 09:23:00+00:00,44.88,44.88,44.86,44.86,3.7619394225489
2026-08-13 09:24:00+00:00,44.86,44.88,44.86,44.86,3.1629917755616006
2026-08-13 09:25:00+00:00,44.86,44.88,44.86,44.88,3.451093518913665
2026-08-13 09:26:00+00:00,44.88,44.88,44.85,44.85,477.660829935876
2026-08-13 09:27:00+00:00,44.85,44.87,44.85,44.85,3.6571450002435646
2026-08-13 09:28:00+00:00,44.85,44.86,44.85,44.86,3.64051272607806
2026-08-13 09:29:00+00:00,44.86,44.88,44.85,44.85,453.1271196322821
2026-08-13 09:30:00+00:00,44.85,44.87,44.85,44.87,5.629369532957342
2026-08-13 09:31:00+00:00,44.87,44.88,44.87,44.87,3.6254925200827746
2026-08-13 09:32:00+00:00,44.87,44.89,44.87,44.89,7.471889219338477
2026-08-13 09:33:00+00:00,44.89,44.9,44.88,44.89,463.782076449364
2026-08-13 09:34:00+00:00,44.89,44.9,44.88,44.88,463.9318690858087
2026-08-13 09:35:00+00:00,44.88,44.9,44.87,44.88,465.8560332086869
2026-08-13 09:36:00+00:00,44.88,44.88,44.86,44.86,494.83559347451205
2026-08-13 09:37:00+00:00,44.86,44.92,44.86,44.9,498.31484523396006
2026-08-13 09:38:00+00:00,44.9,44.93,44.9,44.92,13.01769890837849
2026-08-13 09:39:00+00:00,44.92,44.93,44.92,44.92,4.272874362394931
2026-08-13 09:40:00+00:00,44.92,44.93,44.89,44.91,1403.3625479000318
2026-08-13 09:41:00+00:00,44.91,44.91,44.88,44.88,493.84316238618345
2026-08-13 09:42:00+00:00,44.88,44.89,44.88,44.88,3.897428528004085
2026-08-13 09:43:00+00:00,44.88,44.9,44.88,44.88,7.099145878882846
2026-08-13 09:44:00+00:00,44.88,44.92,44.88,44.92,496.1684961473801
2026-08-13 09:45:00+00:00,44.92,44.92,44.91,44.92,5.810033091809422
2026-08-13 09:46:00+00:00,44.92,44.93,44.91,44.93,3.5678515772301833
2026-08-13 09:47:00+00:00,44.93,44.93,44.91,44.91,3.410267021170466
2026-08-13 09:48:00+00:00,44.91,44.93,44.91,44.91,3.5208561644395697
2026-08-13 09:49:00+00:00,44.91,44.93,44.91,44.91,3.934233300788089
2026-08-13 09:50:00+00:00,44.91,44.93,44.91,44.93,3.444457453621787
2026-08-13 09:51:00+00:00,44.93,44.93,44.91,44.93,3.8169022467617433
2026-08-13 09:52:00+00:00,44.93,44.93,44.91,44.93,3.927822075885084
2026-08-13 09:53:00+00:00,44.93,44.93,44.91,44.91,1.5173968036476049
2026-08-13 09:54:00+00:00,44.91,44.93,44.91,44.91,2.664506157008232
2026-08-13 09:55:00+00:00,44.91,44.93,44.91,44.91,3.9011135112423823
2026-08-13 09:56:00+00:00,44.91,44.93,44.91,44.93,3.6978390542243824
2026-08-13 09:57:00+00:00,44.93,44.93,44.91,44.93,4.394665037967222
2026-08-13 09:58:00+00:00,44.93,44.93,44.91,44.91,1.7322667492910493
2026-08-13 09:59:00+00:00,44.91,44.91,44.91,44.91,0.0
2026-08-13 10:00:00+00:00,44.91,44.93,44.91,44.91,0.7110271189063092
2026-08-13 10:01:00+00:00,44.91,44.93,44.91,44.91,4.1183025843461785
2026-08-13 10:02:00+00:00,44.91,44.92,44.88,44.88,971.7156240681276
2026-08-13 10:03:00+00:00,44.88,44.88,44.87,44.87,464.4400614848123
2026-08-13 10:04:00+00:00,44.87,44.88,44.86,44.86,494.6342019666148
2026-08-13 10:05:00+00:00,44.86,44.89,44.85,44.88,452.55270169063505
2026-08-13 10:06:00+00:00,44.88,44.91,44.88,44.91,450.6388849563106
2026-08-13 10:07:00+00:00,44.91,44.91,44.88,44.89,956.9995685865696
2026-08-13 10:08:00+00:00,44.89,44.89,44.86,44.86,451.68833783995154
2026-08-13 10:09:00+00:00,44.86,44.88,44.86,44.88,3.8599142171763527
2026-08-13 10:10:00+00:00,44.88,44.9,44.86,44.9,8.08467355612885
2026-08-13 10:11:00+00:00,44.9,44.91,44.88,44.91,5.488443791506165
2026-08-13 10:12:00+00:00,44.91,44.91,44.9,44.91,4.1184250312056925
2026-08-13 10:13:00+00:00,44.91,44.91,44.89,44.91,490.9717734963304
2026-08-13 10:14:00+00:00,44.91,44.91,44.89,44.89,8.868956025463962
2026-08-13 10:15:00+00:00,44.89,44.91,44.89,44.89,4.302750586691067
2026-08-13 10:16:00+00:00,44.89,44.91,44.89,44.89,4.073064289019613
2026-08-13 10:17:00+00:00,44.89,44.91,44.88,44.89,495.62088097483064
2026-08-13 10:18:00+00:00,44.89,44.89,44.88,44.89,3.8642505655535873
2026-08-13 10:19:00+00:00,44.89,44.89,44.88,44.89,3.749885588817029
2026-08-13 10:20:00+00:00,44.89,44.89,44.88,44.88,3.554972905644973
2026-08-13 10:21:00+00:00,44.88,44.89,44.87,44.87,449.9673868044684
2026-08-13 10:22:00+00:00,44.87,44.89,44.87,44.89,3.778709047989581
2026-08-13 10:23:00+00:00,44.89,44.89,44.87,44.89,4.334714682543957
2026-08-13 10:24:00+00:00,44.89,44.89,44.87,44.89,3.703256594891616
2026-08-13 10:25:00+00:00,44.89,44.89,44.87,44.87,91.40213461032756
2026-08-13 10:26:00+00:00,44.87,44.88,44.86,44.88,19.78728648606316
2026-08-13 10:27:00+00:00,44.88,44.88,44.82,44.82,1452.3533745887337
2026-08-13 10:28:00+00:00,44.82,44.84,44.82,44.82,5.930057440910999
2026-08-13 10:29:00+00:00,44.82,44.84,44.82,44.82,3.0460164873986977
2026-08-13 10:30:00+00:00,44.82,44.84,44.82,44.82,4.332292426719466
2026-08-13 10:31:00+00:00,44.82,44.84,44.82,44.84,3.832005373063271
2026-08-13 10:32:00+00:00,44.84,44.84,44.82,44.84,3.952923787527949
2026-08-13 10:33:00+00:00,44.84,44.84,44.82,44.84,4.067390475769666
2026-08-13 10:34:00+00:00,44.84,44.84,44.81,44.81,3.079805897581228
2026-08-13 10:35:00+00:00,44.81,44.84,44.81,44.84,5.414745255178381
2026-08-13 10:36:00+00:00,44.84,44.85,44.83,44.83,452.287505723508
2026-08-13 10:37:00+00:00,44.83,44.85,44.83,44.83,3.678504132171804
2026-08-13 10:38:00+00:00,44.83,44.85,44.83,44.85,2.5945539733779364
2026-08-13 10:39:00+00:00,44.85,44.85,44.81,44.82,495.0208309764097
2026-08-13 10:40:00+00:00,44.82,44.82,44.8,44.82,2340.960336677434
2026-08-13 10:41:00+00:00,44.82,44.82,44.8,44.8,3.9411006526104417
2026-08-13 10:42:00+00:00,44.8,44.82,44.8,44.8,4.217974995218971
2026-08-13 10:43:00+00:00,44.8,44.82,44.8,44.8,4.109839945097852
2026-08-13 10:44:00+00:00,44.8,44.83,44.8,44.81,13.562436039165513
2026-08-13 10:45:00+00:00,44.81,44.83,44.81,44.81,4.090040950655761
2026-08-13 10:46:00+00:00,44.81,44.83,44.81,44.81,4.221323995039307
2026-08-13 10:47:00+00:00,44.81,44.83,44.81,44.81,3.9029155893202234
2026-08-13 10:48:00+00:00,44.81,44.83,44.81,44.83,3.928463889195728
2026-08-13 10:49:00+00:00,44.83,44.83,44.81,44.83,1.8529330098883816
2026-08-13 10:50:00+00:00,44.83,44.83,44.8,44.8,502.81790904497103
2026-08-13 10:51:00+00:00,44.8,44.81,44.8,44.8,3.8132184949548886
2026-08-13 10:52:00+00:00,44.8,44.81,44.8,44.8,3.8630932887270064
2026-08-13 10:53:00+00:00,44.8,44.81,44.8,44.81,4.134379732282335
2026-08-13 10:54:00+00:00,44.81,44.81,44.8,44.81,4.224545531529952
2026-08-13 10:55:00+00:00,44.81,44.82,44.8,44.82,11.586916831298048
2026-08-13 10:56:00+00:00,44.82,44.82,44.8,44.8,8.685445172054283
2026-08-13 10:57:00+00:00,44.8,44.82,44.8,44.8,4.4117221564830755
2026-08-13 10:58:00+00:00,44.8,44.84,44.8,44.84,9.440602885119258
2026-08-13 10:59:00+00:00,44.84,44.84,44.82,44.84,465.64291706920295
2026-08-13 11:00:00+00:00,44.84,44.84,44.82,44.84,3.9797191342433864
2026-08-13 11:01:00+00:00,44.84,44.84,44.82,44.82,3.4790546366255986
2026-08-13 11:02:00+00:00,44.82,44.84,44.82,44.82,4.198194482758072
2026-08-13 11:03:00+00:00,44.82,44.84,44.82,44.82,3.999774855194392
2026-08-13 11:04:00+00:00,44.82,44.84,44.82,44.84,3.2367487692866814
2026-08-13 11:05:00+00:00,44.84,44.84,44.81,44.82,495.2499815488811
2026-08-13 11:06:00+00:00,44.82,44.82,44.81,44.81,3.779580475687869
2026-08-13 11:07:00+00:00,44.81,44.82,44.81,44.81,3.8959681319938686
2026-08-13 11:08:00+00:00,44.81,44.82,44.81,44.81,4.119360827475141
2026-08-13 11:09:00+00:00,44.81,44.82,44.81,44.82,3.1123281641032627
2026-08-13 11:10:00+00:00,44.82,44.82,44.8,44.8,455.71340617547185
2026-08-13 11:11:00+00:00,44.8,44.82,44.8,44.8,4.343584088337477
2026-08-13 11:12:00+00:00,44.8,44.82,44.79,44.8,494.98000498495776
2026-08-13 11:13:00+00:00,44.8,44.82,44.79,44.8,1567.9920893359674
2026-08-13 11:14:00+00:00,44.8,44.8,44.77,44.8,1443.464008459648
2026-08-13 11:15:00+00:00,44.8,44.8,44.77,44.77,496.5710738092072
2026-08-13 11:16:00+00:00,44.77,44.78,44.77,44.78,3.79696298474771
2026-08-13 11:17:00+00:00,44.78,44.78,44.77,44.78,3.7946157288660034
2026-08-13 11:18:00+00:00,44.78,44.78,44.77,44.78,4.034240487557716
2026-08-13 11:19:00+00:00,44.78,44.78,44.75,44.76,2059.795193340187
2026-08-13 11:20:00+00:00,44.76,44.77,44.75,44.75,6.453290581276002
2026-08-13 11:21:00+00:00,44.75,44.77,44.75,44.75,3.7721257476138126
2026-08-13 11:22:00+00:00,44.75,44.77,44.74,44.75,1071.9740312024194
2026-08-13 11:23:00+00:00,44.75,44.75,44.73,44.75,38.63288239621264
2026-08-13 11:24:00+00:00,44.75,44.76,44.75,44.76,3.564429378784929
2026-08-13 11:25:00+00:00,44.76,44.77,44.75,44.77,7.535628839885898
2026-08-13 11:26:00+00:00,44.77,44.77,44.74,44.76,468.25444475584135
2026-08-13 11:27:00+00:00,44.76,44.76,44.74,44.74,3.5888908130902686
2026-08-13 11:28:00+00:00,44.74,44.76,44.74,44.74,4.630911576088716
2026-08-13 11:29:00+00:00,44.74,44.76,44.74,44.74,314.2024037103663
2026-08-13 11:30:00+00:00,44.74,44.76,44.73,44.75,147.40133388844225
2026-08-13 11:31:00+00:00,44.75,44.75,44.73,44.75,15.222417140494532
2026-08-13 11:32:00+00:00,44.75,44.75,44.71,44.71,2822.531325768193
2026-08-13 11:33:00+00:00,44.71,44.74,44.7,44.74,12.835897487214535
2026-08-13 11:34:00+00:00,44.74,44.74,44.72,44.74,3.9693430558432223
2026-08-13 11:35:00+00:00,44.74,44.74,44.72,44.72,3.510901477669029
2026-08-13 11:36:00+00:00,44.72,44.75,44.72,44.75,10.04048150952368
2026-08-13 11:37:00+00:00,44.75,44.75,44.73,44.73,4.510232054330915
2026-08-13 11:38:00+00:00,44.73,44.75,44.73,44.75,3.853014074515373
2026-08-13 11:39:00+00:00,44.75,44.75,44.72,44.73,503.5338817146569
2026-08-13 11:40:00+00:00,44.73,44.73,44.71,44.73,465.4553786804614
2026-08-13 11:41:00+00:00,44.73,44.73,44.7,44.71,425.1990303170485
2026-08-13 11:42:00+00:00,44.71,44.71,44.68,44.68,12.17607186021636
2026-08-13 11:43:00+00:00,44.68,44.7,44.68,44.68,4.207666097869213
2026-08-13 11:44:00+00:00,44.68,44.7,44.68,44.7,3.830418867251887
2026-08-13 11:45:00+00:00,44.7,44.7,44.68,44.7,5.80261885912763
2026-08-13 11:46:00+00:00,44.7,44.71,44.69,44.71,4.583070088894886
2026-08-13 11:47:00+00:00,44.71,44.71,44.68,44.68,498.69031546286
2026-08-13 11:48:00+00:00,44.68,44.7,44.68,44.7,3.3729215259794234
2026-08-13 11:49:00+00:00,44.7,44.7,44.68,44.7,3.783722909519146
2026-08-13 11:50:00+00:00,44.7,44.7,44.68,44.7,4.496784491857584
2026-08-13 11:51:00+00:00,44.7,44.7,44.66,44.66,5153.744285374249
2026-08-13 11:52:00+00:00,44.66,44.67,44.66,44.66,4.383416143467899
2026-08-13 11:53:00+00:00,44.66,44.67,44.66,44.66,3.9415452984522714
2026-08-13 11:54:00+00:00,44.66,44.68,44.66,44.68,10.249606028803212
2026-08-13 11:55:00+00:00,44.68,44.68,44.66,44.68,4.83643145181607
2026-08-13 11:56:00+00:00,44.68,44.68,44.66,44.68,4.123077185988154
2026-08-13 11:57:00+00:00,44.68,44.68,44.66,44.68,4.141525826687744
2026-08-13 11:58:00+00:00,44.68,44.68,44.66,44.66,3.4676497768276855
2026-08-13 11:59:00+00:00,44.66,44.68,44.66,44.66,4.164030077445785
2026-08-13 12:00:00+00:00,44.66,44.68,44.66,44.66,4.0399718894694665
2026-08-13 12:01:00+00:00,44.66,44.68,44.66,44.68,3.7749196054462626
2026-08-13 12:02:00+00:00,44.68,44.68,44.64,44.67,2876.2137373979954
2026-08-13 12:03:00+00:00,44.67,44.67,44.65,44.67,4.199520951328782
2026-08-13 12:04:00+00:00,44.67,44.67,44.65,44.65,3.606159380561344
2026-08-13 12:05:00+00:00,44.65,44.67,44.65,44.67,7.563632724866522
2026-08-13 12:06:00+00:00,44.67,44.68,44.67,44.68,10.185639001138158
2026-08-13 12:07:00+00:00,44.68,44.68,44.67,44.68,3.8449488429924488
2026-08-13 12:08:00+00:00,44.68,44.69,44.67,44.69,9.244332003607592
2026-08-13 12:09:00+00:00,44.69,44.7,44.67,44.68,512.906835889628
2026-08-13 12:10:00+00:00,44.68,44.76,44.68,44.76,553.6882299383361
2026-08-13 12:11:00+00:00,44.76,44.78,44.75,44.78,1019.2297822281312
2026-08-13 12:12:00+00:00,44.78,44.78,44.74,44.74,5.485403432551131
2026-08-13 12:13:00+00:00,44.74,44.75,44.74,44.74,29.196068682368395
2026-08-13 12:14:00+00:00,44.74,44.76,44.74,44.76,7.933359325183413
2026-08-13 12:15:00+00:00,44.76,44.85,44.76,44.82,470.1960036673873
2026-08-13 12:16:00+00:00,44.82,44.83,44.82,44.82,4.4757750062385515
2026-08-13 12:17:00+00:00,44.82,44.83,44.81,44.83,480.34404051318626
2026-08-13 12:18:00+00:00,44.83,44.84,44.81,44.84,8.021927626876856
2026-08-13 12:19:00+00:00,44.84,44.84,44.83,44.84,4.329257420689082
2026-08-13 12:20:00+00:00,44.84,44.84,44.81,44.81,496.8227194318281
2026-08-13 12:21:00+00:00,44.81,44.82,44.8,44.8,465.21139447934377
2026-08-13 12:22:00+00:00,44.8,44.82,44.78,44.78,942.2668827428179
2026-08-13 12:23:00+00:00,44.78,44.8,44.78,44.78,6.7783080975244046
2026-08-13 12:24:00+00:00,44.78,44.8,44.78,44.8,3.7983738555158553
2026-08-13 12:25:00+00:00,44.8,44.8,44.78,44.8,4.4838539307248135
2026-08-13 12:26:00+00:00,44.8,44.8,44.78,44.8,3.858002356760033
2026-08-13 12:27:00+00:00,44.8,44.82,44.78,44.8,15.384592664703064
2026-08-13 12:28:00+00:00,44.8,44.82,44.8,44.8,314.4201120417126
2026-08-13 12:29:00+00:00,44.8,44.82,44.8,44.82,3.823164652658252
2026-08-13 12:30:00+00:00,44.82,44.87,44.8,44.85,515.5949598182864
2026-08-13 12:31:00+00:00,44.85,44.85,44.8,44.82,1006.6679372504163
2026-08-13 12:32:00+00:00,44.82,44.82,44.79,44.79,482.23011425841497
2026-08-13 12:33:00+00:00,44.79,44.83,44.79,44.81,467.5325876703262
2026-08-13 12:34:00+00:00,44.81,44.85,44.81,44.85,495.39583348264256
2026-08-13 12:35:00+00:00,44.85,44.86,44.83,44.85,5.814353556841293
2026-08-13 12:36:00+00:00,44.85,44.86,44.84,44.86,465.2591022340464
2026-08-13 12:37:00+00:00,44.86,44.86,44.84,44.86,4.125819210365244
2026-08-13 12:38:00+00:00,44.86,44.86,44.83,44.84,8.026366079343685
2026-08-13 12:39:00+00:00,44.84,44.84,44.82,44.82,508.6046626040903
2026-08-13 12:40:00+00:00,44.82,44.83,44.8,44.83,466.53410697536134
2026-08-13 12:41:00+00:00,44.83,44.87,44.82,44.86,330.5332287794437
2026-08-13 12:42:00+00:00,44.86,44.88,44.85,44.85,465.45304585243935
2026-08-13 12:43:00+00:00,44.85,44.86,44.84,44.84,494.69260421437406
2026-08-13 12:44:00+00:00,44.84,44.84,44.82,44.84,4.151418502635779
2026-08-13 12:45:00+00:00,44.84,44.84,44.82,44.84,4.482013831916027
2026-08-13 12:46:00+00:00,44.84,44.84,44.82,44.84,26.49954343304013
2026-08-13 12:47:00+00:00,44.84,44.85,44.82,44.84,11.230625818850395
2026-08-13 12:48:00+00:00,44.84,44.85,44.84,44.84,3.672872708811312
2026-08-13 12:49:00+00:00,44.84,44.85,44.84,44.85,3.89817755587313
2026-08-13 12:50:00+00:00,44.85,44.85,44.84,44.85,8.028828307660483
2026-08-13 12:51:00+00:00,44.85,44.85,44.83,44.83,11.181235355349363
2026-08-13 12:52:00+00:00,44.83,44.85,44.83,44.83,3.788224485365375
2026-08-13 12:53:00+00:00,44.83,44.85,44.83,44.83,4.122730558226781
2026-08-13 12:54:00+00:00,44.83,44.85,44.83,44.85,3.4379090636222407
2026-08-13 12:55:00+00:00,44.85,44.86,44.83,44.85,10.91070724211773
2026-08-13 12:56:00+00:00,44.85,44.86,44.85,44.85,3.760615098328952
2026-08-13 12:57:00+00:00,44.85,44.87,44.85,44.87,6.488432716377282
2026-08-13 12:58:00+00:00,44.87,44.87,44.85,44.87,3.985616930267273
2026-08-13 12:59:00+00:00,44.87,44.87,44.85,44.85,3.6643341460366488
2026-08-13 13:00:00+00:00,44.85,44.87,44.85,44.85,3.9138607979101776
2026-08-13 13:01:00+00:00,44.85,44.88,44.85,44.87,11.57176038441212
2026-08-13 13:02:00+00:00,44.87,44.89,44.87,44.89,4.229418217236928
2026-08-13 13:03:00+00:00,44.89,44.89,44.87,44.89,4.19150854504409
2026-08-13 13:04:00+00:00,44.89,44.89,44.86,44.86,494.41137316238735
2026-08-13 13:05:00+00:00,44.86,44.87,44.85,44.87,474.98240925732546
2026-08-13 13:06:00+00:00,44.87,44.87,44.85,44.85,3.7131325551158687
2026-08-13 13:07:00+00:00,44.85,44.91,44.85,44.91,23.94443849132192
2026-08-13 13:08:00+00:00,44.91,44.91,44.88,44.88,985.7402900251066
2026-08-13 13:09:00+00:00,44.88,44.9,44.88,44.88,4.766715735136762
2026-08-13 13:10:00+00:00,44.88,44.9,44.88,44.88,3.3889234543787143
2026-08-13 13:11:00+00:00,44.88,44.9,44.88,44.88,4.018623987153071
2026-08-13 13:12:00+00:00,44.88,44.9,44.88,44.9,12.4534653086808
2026-08-13 13:13:00+00:00,44.9,44.9,44.88,44.88,10.352633790502445
2026-08-13 13:14:00+00:00,44.88,44.9,44.88,44.88,4.356142834740699
2026-08-13 13:15:00+00:00,44.88,44.9,44.87,44.88,475.6006055522741
2026-08-13 13:16:00+00:00,44.88,44.9,44.87,44.89,5.673418983085338
2026-08-13 13:17:00+00:00,44.89,44.9,44.89,44.89,4.1892602456586525
2026-08-13 13:18:00+00:00,44.89,44.9,44.89,44.9,3.608635938083739
2026-08-13 13:19:00+00:00,44.9,44.9,44.89,44.9,4.215518870428631
2026-08-13 13:20:00+00:00,44.9,44.9,44.88,44.88,470.3615679251943
2026-08-13 13:21:00+00:00,44.88,44.9,44.87,44.87,466.8141365619847
2026-08-13 13:22:00+00:00,44.87,44.89,44.87,44.87,6.565306580953276
2026-08-13 13:23:00+00:00,44.87,44.89,44.87,44.89,3.4482896730501813
2026-08-13 13:24:00+00:00,44.89,44.89,44.87,44.89,3.808718689962632
2026-08-13 13:25:00+00:00,44.89,44.89,44.86,44.87,494.5505688573151
2026-08-13 13:26:00+00:00,44.87,44.89,44.86,44.89,12.123088620663305
2026-08-13 13:27:00+00:00,44.89,44.9,44.87,44.88,1488.7316755428851
2026-08-13 13:28:00+00:00,44.88,44.89,44.86,44.87,397.65672933299874
2026-08-13 13:29:00+00:00,44.87,44.89,44.87,44.87,3.6283451318958466
2026-08-13 13:30:00+00:00,44.87,44.89,44.86,44.89,537.8474480188482
2026-08-13 13:31:00+00:00,44.89,44.89,44.87,44.87,3.234344617650664
2026-08-13 13:32:00+00:00,44.87,44.92,44.87,44.92,6.7188350469585245
2026-08-13 13:33:00+00:00,44.92,44.94,44.91,44.94,4.754280089827666
2026-08-13 13:34:00+00:00,44.94,44.96,44.93,44.95,5.294836056629259
2026-08-13 13:35:00+00:00,44.95,44.97,44.95,44.97,4.748463647997912
2026-08-13 13:36:00+00:00,44.97,44.97,44.95,44.97,4.044027408706286
2026-08-13 13:37:00+00:00,44.97,44.97,44.95,44.95,3.834643834982808
2026-08-13 13:38:00+00:00,44.95,44.97,44.95,44.95,3.864574078924944
2026-08-13 13:39:00+00:00,44.95,44.97,44.95,44.95,4.06931428021598
2026-08-13 13:40:00+00:00,44.95,44.97,44.95,44.97,3.628982055272048
2026-08-13 13:41:00+00:00,44.97,44.98,44.95,44.98,15.894236779354904
2026-08-13 13:42:00+00:00,44.98,45.01,44.97,44.98,1858.663743518536
2026-08-13 13:43:00+00:00,44.98,44.98,44.94,44.95,526.6324501454645
2026-08-13 13:44:00+00:00,44.95,44.96,44.92,44.94,1014.4086133725452
2026-08-13 13:45:00+00:00,44.94,44.94,44.91,44.92,460.6494450185522
2026-08-13 13:46:00+00:00,44.92,44.92,44.87,44.87,945.411690892918
2026-08-13 13:47:00+00:00,44.87,44.89,44.87,44.87,3.5780887763531415
2026-08-13 13:48:00+00:00,44.87,44.9,44.86,44.87,454.7225607949573
2026-08-13 13:49:00+00:00,44.87,44.88,44.86,44.88,5.660723170011278
2026-08-13 13:50:00+00:00,44.88,44.88,44.86,44.88,4.069377655816512
2026-08-13 13:51:00+00:00,44.88,44.88,44.8,44.82,5782.376968379338
2026-08-13 13:52:00+00:00,44.82,44.83,44.79,44.8,511.92861061328273
2026-08-13 13:53:00+00:00,44.8,44.8,44.77,44.77,2446.0042531858594
2026-08-13 13:54:00+00:00,44.77,44.78,44.74,44.74,2434.5811701081834
2026-08-13 13:55:00+00:00,44.74,44.78,44.73,44.78,513.013915434592
2026-08-13 13:56:00+00:00,44.78,44.78,44.75,44.75,467.6403784641885
2026-08-13 13:57:00+00:00,44.75,44.77,44.75,44.75,3.9405283566035214
2026-08-13 13:58:00+00:00,44.75,44.77,44.74,44.74,495.71717461413823
2026-08-13 13:59:00+00:00,44.74,44.75,44.71,44.71,498.0695124143206
2026-08-13 14:00:00+00:00,44.71,44.74,44.71,44.74,5.2997963054649
2026-08-13 14:01:00+00:00,44.74,44.74,44.7,44.72,1685.6745325751733
2026-08-13 14:02:00+00:00,44.72,44.73,44.7,44.73,466.8930310639765
2026-08-13 14:03:00+00:00,44.73,44.73,44.71,44.73,6.08131408730367
2026-08-13 14:04:00+00:00,44.73,44.74,44.72,44.74,465.4354834806497
2026-08-13 14:05:00+00:00,44.74,44.74,44.72,44.74,3.8052074678344288
2026-08-13 14:06:00+00:00,44.74,44.74,44.67,44.68,3635.3152957294105
2026-08-13 14:07:00+00:00,44.68,44.69,44.67,44.69,6.696993209031267
2026-08-13 14:08:00+00:00,44.69,44.69,44.67,44.67,7.70573984189303
2026-08-13 14:09:00+00:00,44.67,44.69,44.65,44.65,970.0659891061688
2026-08-13 14:10:00+00:00,44.65,44.68,44.63,44.68,4431.130371553037
2026-08-13 14:11:00+00:00,44.68,44.72,44.67,44.72,7.601588546449829
2026-08-13 14:12:00+00:00,44.72,44.79,44.72,44.79,450.19092361219595
2026-08-13 14:13:00+00:00,44.79,44.79,44.76,44.76,465.9887818211733
2026-08-13 14:14:00+00:00,44.76,44.78,44.76,44.78,6.084277456606276
2026-08-13 14:15:00+00:00,44.78,44.81,44.76,44.81,900.2982825431191
2026-08-13 14:16:00+00:00,44.81,44.81,44.78,44.78,466.0103973428768
2026-08-13 14:17:00+00:00,44.78,44.82,44.78,44.81,453.5267812284831
2026-08-13 14:18:00+00:00,44.81,44.82,44.81,44.81,4.198972228520818
2026-08-13 14:19:00+00:00,44.81,44.86,44.81,44.84,4597.883172028886
2026-08-13 14:20:00+00:00,44.84,44.86,44.83,44.83,544.9853678904834
2026-08-13 14:21:00+00:00,44.83,44.88,44.82,44.88,1432.3038767102703
2026-08-13 14:22:00+00:00,44.88,44.9,44.88,44.9,272.58841589946366
2026-08-13 14:23:00+00:00,44.9,44.9,44.86,44.88,496.2247403697188
2026-08-13 14:24:00+00:00,44.88,44.88,44.84,44.85,1377.1687125150481
2026-08-13 14:25:00+00:00,44.85,44.85,44.83,44.83,562.0592480070029
2026-08-13 14:26:00+00:00,44.83,44.89,44.83,44.87,1001.1471113963036
2026-08-13 14:27:00+00:00,44.87,44.87,44.83,44.86,1394.5336508309408
2026-08-13 14:28:00+00:00,44.86,44.87,44.84,44.85,924.51812493096
2026-08-13 14:29:00+00:00,44.85,44.87,44.85,44.87,10.307688958490017
2026-08-13 14:30:00+00:00,44.87,44.87,44.85,44.87,21.82202119389123
2026-08-13 14:31:00+00:00,44.87,44.88,44.85,44.86,503.87112912729793
2026-08-13 14:32:00+00:00,44.86,44.88,44.85,44.88,11.07309296118088
2026-08-13 14:33:00+00:00,44.88,44.89,44.86,44.89,5.977517923850286
2026-08-13 14:34:00+00:00,44.89,44.91,44.87,44.91,9.288041386844185
2026-08-13 14:35:00+00:00,44.91,44.91,44.89,44.91,183.4461794382433
2026-08-13 14:36:00+00:00,44.91,44.91,44.89,44.89,3.7979827876837313
2026-08-13 14:37:00+00:00,44.89,44.92,44.89,44.92,11.449207046114752
2026-08-13 14:38:00+00:00,44.92,44.93,44.9,44.91,463.99647844255327
2026-08-13 14:39:00+00:00,44.91,44.92,44.89,44.89,12.06599864806138
2026-08-13 14:40:00+00:00,44.89,44.91,44.88,44.89,452.09454821617675
2026-08-13 14:41:00+00:00,44.89,44.89,44.88,44.88,3.7073592747413064
2026-08-13 14:42:00+00:00,44.88,44.89,44.87,44.87,495.70312140042057
2026-08-13 14:43:00+00:00,44.87,44.89,44.85,44.88,455.6586987090213
2026-08-13 14:44:00+00:00,44.88,44.89,44.85,44.89,955.0970885306211
2026-08-13 14:45:00+00:00,44.89,44.91,44.89,44.91,3.9065411037912066
2026-08-13 14:46:00+00:00,44.91,44.91,44.87,44.87,986.818255389582
2026-08-13 14:47:00+00:00,44.87,44.89,44.86,44.86,442.3148998233206
2026-08-13 14:48:00+00:00,44.86,44.88,44.86,44.86,4.570210982307948
2026-08-13 14:49:00+00:00,44.86,44.88,44.84,44.86,534.972641670831
2026-08-13 14:50:00+00:00,44.86,44.86,44.84,44.84,3.641342328576605
2026-08-13 14:51:00+00:00,44.84,44.87,44.84,44.85,467.73530768225345
2026-08-13 14:52:00+00:00,44.85,44.87,44.83,44.83,505.02487708222213
2026-08-13 14:53:00+00:00,44.83,44.84,44.82,44.82,931.2473413530205
2026-08-13 14:54:00+00:00,44.82,44.84,44.81,44.84,949.6122790289608
2026-08-13 14:55:00+00:00,44.84,44.84,44.81,44.81,496.4560375101536
2026-08-13 14:56:00+00:00,44.81,44.85,44.81,44.83,929.8110172240439
2026-08-13 14:57:00+00:00,44.83,44.85,44.83,44.83,4.22366596365161
2026-08-13 14:58:00+00:00,44.83,44.86,44.82,44.84,497.92075656207294
2026-08-13 14:59:00+00:00,44.84,44.87,44.84,44.84,500.36806974016673
2026-08-13 15:00:00+00:00,44.84,44.88,44.84,44.86,6.497430376272873
2026-08-13 15:01:00+00:00,44.86,44.89,44.86,44.88,5.177506011922985
2026-08-13 15:02:00+00:00,44.88,44.9,44.88,44.89,273.9225956346645
2026-08-13 15:03:00+00:00,44.89,44.9,44.89,44.9,2.752451907930348
2026-08-13 15:04:00+00:00,44.9,44.9,44.88,44.88,773.292159527794
2026-08-13 15:05:00+00:00,44.88,44.88,44.84,44.84,875.2046307763139
2026-08-13 15:06:00+00:00,44.84,44.87,44.84,44.86,6.569475796544624
2026-08-13 15:07:00+00:00,44.86,44.87,44.85,44.85,465.0353011050408
2026-08-13 15:08:00+00:00,44.85,44.87,44.85,44.87,4.395125728010487
2026-08-13 15:09:00+00:00,44.87,44.87,44.84,44.84,495.5027877184032
2026-08-13 15:10:00+00:00,44.84,44.86,44.84,44.86,4.086301645938467
2026-08-13 15:11:00+00:00,44.86,44.87,44.84,44.87,5.716223539159699
2026-08-13 15:12:00+00:00,44.87,44.88,44.86,44.86,8.335057500705831
2026-08-13 15:13:00+00:00,44.86,44.88,44.86,44.86,3.943908668521516
2026-08-13 15:14:00+00:00,44.86,44.88,44.86,44.86,3.1779966272570714
2026-08-13 15:15:00+00:00,44.86,44.88,44.85,44.86,12.792351800849492
2026-08-13 15:16:00+00:00,44.86,44.87,44.85,44.85,5.135856607658413
2026-08-13 15:17:00+00:00,44.85,44.87,44.85,44.87,3.8237691296471734
2026-08-13 15:18:00+00:00,44.87,44.87,44.85,44.87,3.5983498072842166
2026-08-13 15:19:00+00:00,44.87,44.88,44.85,44.88,7.809610106691443
2026-08-13 15:20:00+00:00,44.88,44.88,44.85,44.85,460.5906526750024
2026-08-13 15:21:00+00:00,44.85,44.87,44.85,44.87,5.1850628535621235
2026-08-13 15:22:00+00:00,44.87,44.88,44.85,44.88,5.271094374913934
2026-08-13 15:23:00+00:00,44.88,44.88,44.86,44.88,466.234632469634
2026-08-13 15:24:00+00:00,44.88,44.88,44.85,44.87,467.77068860413766
2026-08-13 15:25:00+00:00,44.87,44.87,44.84,44.84,494.76734439489377
2026-08-13 15:26:00+00:00,44.84,44.86,44.84,44.86,5.254401168194923
2026-08-13 15:27:00+00:00,44.86,44.86,44.83,44.83,7.63714535983304
2026-08-13 15:28:00+00:00,44.83,44.86,44.81,44.83,2013.3625159302949
2026-08-13 15:29:00+00:00,44.83,44.83,44.79,44.81,415.3047867516097
2026-08-13 15:30:00+00:00,44.81,44.83,44.79,44.81,496.131112226962
2026-08-13 15:31:00+00:00,44.81,44.82,44.78,44.82,7.289056881533608
2026-08-13 15:32:00+00:00,44.82,44.82,44.79,44.79,495.01453994235
2026-08-13 15:33:00+00:00,44.79,44.82,44.79,44.8,487.28340628108833
2026-08-13 15:34:00+00:00,44.8,44.82,44.77,44.79,987.0362608061484
2026-08-13 15:35:00+00:00,44.79,44.81,44.78,44.81,7.224511683996016
2026-08-13 15:36:00+00:00,44.81,44.83,44.8,44.82,6.425701592917953
2026-08-13 15:37:00+00:00,44.82,44.84,44.81,44.83,958.0684761319392
2026-08-13 15:38:00+00:00,44.83,44.83,44.81,44.83,3.946602745286403
2026-08-13 15:39:00+00:00,44.83,44.83,44.81,44.81,2.5903070405628186
2026-08-13 15:40:00+00:00,44.81,44.83,44.81,44.81,3.413992477122157
2026-08-13 15:41:00+00:00,44.81,44.83,44.8,44.8,471.0077714864246
2026-08-13 15:42:00+00:00,44.8,44.82,44.8,44.8,5.956360297994776
2026-08-13 15:43:00+00:00,44.8,44.82,44.8,44.8,3.811864362210748
2026-08-13 15:44:00+00:00,44.8,44.82,44.8,44.82,4.107710504717281
2026-08-13 15:45:00+00:00,44.82,44.82,44.8,44.82,3.854021940938357
2026-08-13 15:46:00+00:00,44.82,44.82,44.79,44.81,486.320440191441
2026-08-13 15:47:00+00:00,44.81,44.81,44.78,44.81,503.8483224221064
2026-08-13 15:48:00+00:00,44.81,44.81,44.78,44.8,465.67014795396994
2026-08-13 15:49:00+00:00,44.8,44.8,44.78,44.78,3.8020264946085622
2026-08-13 15:50:00+00:00,44.78,44.8,44.77,44.77,510.6861697709799
2026-08-13 15:51:00+00:00,44.77,44.79,44.77,44.79,68.54735208103655
2026-08-13 15:52:00+00:00,44.79,44.79,44.76,44.78,6.7844934414361315
2026-08-13 15:53:00+00:00,44.78,44.78,44.74,44.74,5863.223539026667
2026-08-13 15:54:00+00:00,44.74,44.76,44.73,44.74,1388.433979296325
2026-08-13 15:55:00+00:00,44.74,44.76,44.74,44.76,4.080819553987431
2026-08-13 15:56:00+00:00,44.76,44.76,44.74,44.76,4.397235342079727
2026-08-13 15:57:00+00:00,44.76,44.76,44.71,44.71,965.1432934178237
2026-08-13 15:58:00+00:00,44.71,44.73,44.7,44.72,487.539401395664
2026-08-13 15:59:00+00:00,44.72,44.72,44.67,44.67,978.8017642616672
2026-08-13 16:00:00+00:00,44.67,44.72,44.67,44.72,6.5020126574207335
2026-08-13 16:01:00+00:00,44.72,44.73,44.69,44.71,499.75337969690435
2026-08-13 16:02:00+00:00,44.71,44.72,44.67,44.72,1424.424428226028
2026-08-13 16:03:00+00:00,44.72,44.72,44.7,44.72,3.973170380553321
2026-08-13 16:04:00+00:00,44.72,44.72,44.7,44.72,4.066461232306011
2026-08-13 16:05:00+00:00,44.72,44.72,44.7,44.72,10.36669334021683
2026-08-13 16:06:00+00:00,44.72,44.75,44.72,44.74,5.56174709255703
2026-08-13 16:07:00+00:00,44.74,44.74,44.7,44.7,453.91691444924544
2026-08-13 16:08:00+00:00,44.7,44.74,44.7,44.74,7.430958756922629
2026-08-13 16:09:00+00:00,44.74,44.75,44.72,44.72,466.9113320879864
2026-08-13 16:10:00+00:00,44.72,44.74,44.72,44.72,5.116583373702398
2026-08-13 16:11:00+00:00,44.72,44.75,44.72,44.73,5.982406946358898
2026-08-13 16:12:00+00:00,44.73,44.75,44.73,44.73,3.7370691935598694
2026-08-13 16:13:00+00:00,44.73,44.75,44.72,44.73,498.7089325894448
2026-08-13 16:14:00+00:00,44.73,44.76,44.72,44.74,13.689067957651387
2026-08-13 16:15:00+00:00,44.74,44.78,44.74,44.77,4.721068603508861
2026-08-13 16:16:00+00:00,44.77,44.79,44.77,44.77,6.1856034639458795
2026-08-13 16:17:00+00:00,44.77,44.79,44.77,44.79,3.415466304098101
2026-08-13 16:18:00+00:00,44.79,44.79,44.77,44.79,4.339676288467618
2026-08-13 16:19:00+00:00,44.79,44.79,44.77,44.79,4.011571948471419
2026-08-13 16:20:00+00:00,44.79,44.79,44.76,44.78,931.4215125655572
2026-08-13 16:21:00+00:00,44.78,44.81,44.78,44.81,10.965917378145353
2026-08-13 16:22:00+00:00,44.81,44.82,44.8,44.82,6.353198797375096
2026-08-13 16:23:00+00:00,44.82,44.82,44.8,44.8,3.602651777745904
2026-08-13 16:24:00+00:00,44.8,44.82,44.8,44.8,4.143154104513291
2026-08-13 16:25:00+00:00,44.8,44.82,44.8,44.8,4.032596696309046
2026-08-13 16:26:00+00:00,44.8,44.82,44.8,44.8,3.531837887263339
2026-08-13 16:27:00+00:00,44.8,44.8,44.77,44.77,474.1653300960571
2026-08-13 16:28:00+00:00,44.77,44.78,44.76,44.78,495.3417633914771
2026-08-13 16:29:00+00:00,44.78,44.78,44.74,44.76,450.16335881741605
2026-08-13 16:30:00+00:00,44.76,44.77,44.74,44.75,925.2499273873167
2026-08-13 16:31:00+00:00,44.75,44.77,44.74,44.76,498.28807757827747
2026-08-13 16:32:00+00:00,44.76,44.78,44.76,44.76,7.728188393775097
2026-08-13 16:33:00+00:00,44.76,44.78,44.76,44.78,3.089047706571418
2026-08-13 16:34:00+00:00,44.78,44.78,44.74,44.76,516.9087525271474
2026-08-13 16:35:00+00:00,44.76,44.78,44.74,44.76,5.972281537742793
2026-08-13 16:36:00+00:00,44.76,44.78,44.76,44.76,4.268099458338871
2026-08-13 16:37:00+00:00,44.76,44.78,44.74,44.76,962.2199795462474
2026-08-13 16:38:00+00:00,44.76,44.76,44.74,44.74,3.70909750427752
2026-08-13 16:39:00+00:00,44.74,44.76,44.69,44.71,996.1644160314115
2026-08-13 16:40:00+00:00,44.71,44.75,44.7,44.72,2787.159044301758
2026-08-13 16:41:00+00:00,44.72,44.72,44.68,44.68,1981.0970341044397
2026-08-13 16:42:00+00:00,44.68,44.71,44.67,44.68,928.480581551204
2026-08-13 16:43:00+00:00,44.68,44.71,44.68,44.71,5.1892718904697945
2026-08-13 16:44:00+00:00,44.71,44.74,44.69,44.74,472.87303693874
2026-08-13 16:45:00+00:00,44.74,44.75,44.72,44.73,1493.2455757838627
2026-08-13 16:46:00+00:00,44.73,44.73,44.71,44.71,393.09436990049295
2026-08-13 16:47:00+00:00,44.71,44.74,44.71,44.74,8.534023781436785
2026-08-13 16:48:00+00:00,44.74,44.75,44.73,44.73,5.429148901565769
2026-08-13 16:49:00+00:00,44.73,44.76,44.73,44.74,465.90384813230025
2026-08-13 16:50:00+00:00,44.74,44.78,44.74,44.78,5.681961963345193
2026-08-13 16:51:00+00:00,44.78,44.78,44.75,44.76,467.2022574949066
2026-08-13 16:52:00+00:00,44.76,44.76,44.73,44.74,1409.4238906230676
2026-08-13 16:53:00+00:00,44.74,44.74,44.72,44.72,986.8047965619572
2026-08-13 16:54:00+00:00,44.72,44.74,44.71,44.71,431.7702395220501
2026-08-13 16:55:00+00:00,44.71,44.72,44.71,44.71,4.251866175740381
2026-08-13 16:56:00+00:00,44.71,44.73,44.71,44.71,7.833315993539721
2026-08-13 16:57:00+00:00,44.71,44.73,44.7,44.71,31.34087648460187
2026-08-13 16:58:00+00:00,44.71,44.72,44.7,44.72,5.838067648387748
2026-08-13 16:59:00+00:00,44.72,44.73,44.7,44.73,5.204203507601848
2026-08-13 17:00:00+00:00,44.73,44.74,44.71,44.73,7.806674627793352
2026-08-13 17:01:00+00:00,44.73,44.74,44.73,44.74,3.3740098116139343
2026-08-13 17:02:00+00:00,44.74,44.74,44.71,44.71,468.2233894207674
2026-08-13 17:03:00+00:00,44.71,44.73,44.71,44.73,4.952712692498018
2026-08-13 17:04:00+00:00,44.73,44.73,44.71,44.73,3.8392396077301303
2026-08-13 17:05:00+00:00,44.73,44.73,44.71,44.73,68.56562596896339
2026-08-13 17:06:00+00:00,44.73,44.73,44.71,44.71,3.309887336644435
2026-08-13 17:07:00+00:00,44.71,44.73,44.71,44.71,4.195761667097443
2026-08-13 17:08:00+00:00,44.71,44.73,44.71,44.71,6.98753352394521
2026-08-13 17:09:00+00:00,44.71,44.74,44.71,44.74,15.227800248544987
2026-08-13 17:10:00+00:00,44.74,44.75,44.73,44.75,8.165360594302532
2026-08-13 17:11:00+00:00,44.75,44.78,44.73,44.78,467.34238884354767
2026-08-13 17:12:00+00:00,44.78,44.79,44.76,44.77,495.49282007760746
2026-08-13 17:13:00+00:00,44.77,44.77,44.76,44.76,3.4040461245372287
2026-08-13 17:14:00+00:00,44.76,44.77,44.76,44.76,3.9077663055118577
2026-08-13 17:15:00+00:00,44.76,44.77,44.76,44.76,3.79163864637908
2026-08-13 17:16:00+00:00,44.76,44.79,44.76,44.79,11.810842080456151
2026-08-13 17:17:00+00:00,44.79,44.79,44.76,44.76,966.0623174884408
2026-08-13 17:18:00+00:00,44.76,44.77,44.76,44.77,4.1692332351849775
2026-08-13 17:19:00+00:00,44.77,44.77,44.75,44.75,452.84015699919536
2026-08-13 17:20:00+00:00,44.75,44.77,44.75,44.75,3.9083196324354272
2026-08-13 17:21:00+00:00,44.75,44.77,44.71,44.71,2001.3759872868943
2026-08-13 17:22:00+00:00,44.71,44.72,44.68,44.68,465.65065499933104
2026-08-13 17:23:00+00:00,44.68,44.71,44.68,44.7,6.496623826845948
2026-08-13 17:24:00+00:00,44.7,44.73,44.7,44.72,5.703928219958625
2026-08-13 17:25:00+00:00,44.72,44.73,44.72,44.72,6.367021733861727
2026-08-13 17:26:00+00:00,44.72,44.73,44.7,44.7,467.33926967977817
2026-08-13 17:27:00+00:00,44.7,44.71,44.7,44.7,3.7226763327373975
2026-08-13 17:28:00+00:00,44.7,44.71,44.7,44.7,3.639402137663701
2026-08-13 17:29:00+00:00,44.7,44.71,44.7,44.71,3.948477626383699
2026-08-13 17:30:00+00:00,44.71,44.72,44.7,44.72,10.937711224819543
2026-08-13 17:31:00+00:00,44.72,44.72,44.7,44.72,3.731767357817771
2026-08-13 17:32:00+00:00,44.72,44.74,44.7,44.72,7.929671765013444
2026-08-13 17:33:00+00:00,44.72,44.74,44.72,44.72,3.8834627200049905
2026-08-13 17:34:00+00:00,44.72,44.74,44.7,44.72,482.8233310541243
2026-08-13 17:35:00+00:00,44.72,44.72,44.7,44.7,6.488762638577633
2026-08-13 17:36:00+00:00,44.7,44.72,44.69,44.69,466.34927945603346
2026-08-13 17:37:00+00:00,44.69,44.7,44.67,44.7,946.0601722714184
2026-08-13 17:38:00+00:00,44.7,44.7,44.68,44.68,466.0790357780915
2026-08-13 17:39:00+00:00,44.68,44.7,44.67,44.69,467.1163413569023
2026-08-13 17:40:00+00:00,44.69,44.69,44.67,44.69,152.52320166545195
2026-08-13 17:41:00+00:00,44.69,44.71,44.69,44.71,9.10005816548607
2026-08-13 17:42:00+00:00,44.71,44.71,44.69,44.69,3.4257689156028466
2026-08-13 17:43:00+00:00,44.69,44.71,44.69,44.69,3.9353640544401927
2026-08-13 17:44:00+00:00,44.69,44.72,44.69,44.72,9.19755150526479
2026-08-13 17:45:00+00:00,44.72,44.75,44.71,44.75,6.268975974257148
2026-08-13 17:46:00+00:00,44.75,44.75,44.71,44.73,496.2193977233595
2026-08-13 17:47:00+00:00,44.73,44.73,44.71,44.71,3.4764151848639986
2026-08-13 17:48:00+00:00,44.71,44.73,44.71,44.71,4.165796273703254
2026-08-13 17:49:00+00:00,44.71,44.73,44.71,44.71,3.8734589599777145
2026-08-13 17:50:00+00:00,44.71,44.73,44.71,44.73,3.692342249025853
2026-08-13 17:51:00+00:00,44.73,44.75,44.71,44.75,496.01939777451463
2026-08-13 17:52:00+00:00,44.75,44.75,44.73,44.75,4.087167873785231
2026-08-13 17:53:00+00:00,44.75,44.75,44.73,44.73,3.7077551641319046
2026-08-13 17:54:00+00:00,44.73,44.75,44.73,44.73,3.8938432681751594
2026-08-13 17:55:00+00:00,44.73,44.75,44.73,44.73,4.3415568569705005
2026-08-13 17:56:00+00:00,44.73,44.75,44.71,44.73,504.7647269855518
2026-08-13 17:57:00+00:00,44.73,44.73,44.71,44.73,2.0604953061393783
2026-08-13 17:58:00+00:00,44.73,44.73,44.71,44.73,4.188543797890102
2026-08-13 17:59:00+00:00,44.73,44.73,44.71,44.71,3.5725381389457547
2026-08-13 18:00:00+00:00,44.71,44.73,44.71,44.71,3.4569454901330743
2026-08-13 18:01:00+00:00,44.71,44.73,44.71,44.71,4.22025174231852
2026-08-13 18:02:00+00:00,44.71,44.73,44.71,44.73,3.613506986900153
2026-08-13 18:03:00+00:00,44.73,44.73,44.71,44.73,3.960950898862196
2026-08-13 18:04:00+00:00,44.73,44.74,44.71,44.72,18.913137559426847
2026-08-13 18:05:00+00:00,44.72,44.73,44.71,44.71,4.38315271713935
2026-08-13 18:06:00+00:00,44.71,44.73,44.71,44.71,4.193326963945756
2026-08-13 18:07:00+00:00,44.71,44.74,44.71,44.72,7.509109422055016
2026-08-13 18:08:00+00:00,44.72,44.74,44.7,44.71,466.2164736222834
2026-08-13 18:09:00+00:00,44.71,44.71,44.7,44.71,3.9009442857450223
2026-08-13 18:10:00+00:00,44.71,44.71,44.7,44.71,4.22216877145632
2026-08-13 18:11:00+00:00,44.71,44.71,44.7,44.7,3.7945177497339304
2026-08-13 18:12:00+00:00,44.7,44.71,44.7,44.7,4.202312516605898
2026-08-13 18:13:00+00:00,44.7,44.72,44.7,44.7,13.631021973870844
2026-08-13 18:14:00+00:00,44.7,44.72,44.7,44.72,3.882482130922509
2026-08-13 18:15:00+00:00,44.72,44.73,44.7,44.73,8.432729722198541
2026-08-13 18:16:00+00:00,44.73,44.73,44.71,44.73,465.19986007637385
2026-08-13 18:17:00+00:00,44.73,44.73,44.71,44.71,3.8208060360472937
2026-08-13 18:18:00+00:00,44.71,44.73,44.71,44.71,4.025514587562653
2026-08-13 18:19:00+00:00,44.71,44.74,44.7,44.7,980.8990486332997
2026-08-13 18:20:00+00:00,44.7,44.71,44.68,44.69,19.393942006159424
2026-08-13 18:21:00+00:00,44.69,44.71,44.68,44.71,6.340531341710789
2026-08-13 18:22:00+00:00,44.71,44.71,44.7,44.7,3.700819909763992
2026-08-13 18:23:00+00:00,44.7,44.71,44.69,44.71,468.7492573970511
2026-08-13 18:24:00+00:00,44.71,44.71,44.68,44.68,6.923125720746501
2026-08-13 18:25:00+00:00,44.68,44.69,44.68,44.69,3.917596260962569
2026-08-13 18:26:00+00:00,44.69,44.69,44.68,44.69,3.508034879893779
2026-08-13 18:27:00+00:00,44.69,44.69,44.65,44.67,503.760350645037
2026-08-13 18:28:00+00:00,44.67,44.67,44.65,44.67,2.5140668247501714
2026-08-13 18:29:00+00:00,44.67,44.67,44.65,44.65,3.8785013152316945
2026-08-13 18:30:00+00:00,44.65,44.67,44.65,44.65,2.714275692517807
2026-08-13 18:31:00+00:00,44.65,44.67,44.65,44.67,3.702375774968909
2026-08-13 18:32:00+00:00,44.67,44.67,44.65,44.67,4.166262909463476
2026-08-13 18:33:00+00:00,44.67,44.68,44.65,44.68,13.979842018269675
2026-08-13 18:34:00+00:00,44.68,44.68,44.67,44.67,3.8967551860966294
2026-08-13 18:35:00+00:00,44.67,44.68,44.66,44.66,19.36699060500779
2026-08-13 18:36:00+00:00,44.66,44.68,44.65,44.66,507.81038319526306
2026-08-13 18:37:00+00:00,44.66,44.66,44.65,44.66,4.0744782903700925
2026-08-13 18:38:00+00:00,44.66,44.66,44.65,44.66,6.445764974964777
2026-08-13 18:39:00+00:00,44.66,44.66,44.62,44.62,2844.6800326587063
2026-08-13 18:40:00+00:00,44.62,44.64,44.62,44.62,6.165129947908716
2026-08-13 18:41:00+00:00,44.62,44.64,44.62,44.64,3.6828929759707214
2026-08-13 18:42:00+00:00,44.64,44.64,44.62,44.64,26.656925473041095
2026-08-13 18:43:00+00:00,44.64,44.64,44.61,44.63,3136.629542819561
2026-08-13 18:44:00+00:00,44.63,44.64,44.61,44.64,3.108286368705376
2026-08-13 18:45:00+00:00,44.64,44.64,44.61,44.61,3.7156580645005177
2026-08-13 18:46:00+00:00,44.61,44.65,44.61,44.63,466.45340378687473
2026-08-13 18:47:00+00:00,44.63,44.65,44.63,44.63,4.060464799662975
2026-08-13 18:48:00+00:00,44.63,44.65,44.63,44.63,4.050750631232187
2026-08-13 18:49:00+00:00,44.63,44.67,44.63,44.67,471.1674115398054
2026-08-13 18:50:00+00:00,44.67,44.67,44.66,44.67,4.0420334430396725
2026-08-13 18:51:00+00:00,44.67,44.67,44.66,44.66,3.9666854790531874
2026-08-13 18:52:00+00:00,44.66,44.69,44.66,44.68,470.8852689573525
2026-08-13 18:53:00+00:00,44.68,44.73,44.68,44.73,6.839312836566245
2026-08-13 18:54:00+00:00,44.73,44.73,44.72,44.73,3.825043367939699
2026-08-13 18:55:00+00:00,44.73,44.73,44.7,44.7,960.3850881487845
2026-08-13 18:56:00+00:00,44.7,44.71,44.69,44.69,452.62573750134
2026-08-13 18:57:00+00:00,44.69,44.72,44.69,44.72,468.1422881013432
2026-08-13 18:58:00+00:00,44.72,44.72,44.69,44.7,469.139616621489
2026-08-13 18:59:00+00:00,44.7,44.7,44.69,44.7,10.816804566233843
2026-08-13 19:00:00+00:00,44.7,44.7,44.66,44.66,965.9779757602821
2026-08-13 19:01:00+00:00,44.66,44.68,44.66,44.66,3.808574483584517
2026-08-13 19:02:00+00:00,44.66,44.68,44.66,44.68,3.7210070938847215
2026-08-13 19:03:00+00:00,44.68,44.68,44.65,44.68,497.14608698528343
2026-08-13 19:04:00+00:00,44.68,44.68,44.66,44.68,4.348467331606436
2026-08-13 19:05:00+00:00,44.68,44.68,44.66,44.66,3.5257844106931873
2026-08-13 19:06:00+00:00,44.66,44.71,44.66,44.71,7.143095261779212
2026-08-13 19:07:00+00:00,44.71,44.72,44.7,44.72,6.132798196102273
2026-08-13 19:08:00+00:00,44.72,44.74,44.72,44.72,5.268832806658772
2026-08-13 19:09:00+00:00,44.72,44.74,44.7,44.72,942.0289544680578
2026-08-13 19:10:00+00:00,44.72,44.72,44.7,44.7,2.8088519367838862
2026-08-13 19:11:00+00:00,44.7,44.7,44.68,44.68,203.2781657238945
2026-08-13 19:12:00+00:00,44.68,44.71,44.68,44.69,468.20806828291296
2026-08-13 19:13:00+00:00,44.69,44.71,44.68,44.69,7.2276787769263775
2026-08-13 19:14:00+00:00,44.69,44.69,44.68,44.69,3.842364394086147
2026-08-13 19:15:00+00:00,44.69,44.69,44.67,44.67,454.54896630749903
2026-08-13 19:16:00+00:00,44.67,44.69,44.67,44.67,4.243282572985064
2026-08-13 19:17:00+00:00,44.67,44.71,44.67,44.71,9.221716493539164
2026-08-13 19:18:00+00:00,44.71,44.72,44.7,44.72,465.5872544862027
2026-08-13 19:19:00+00:00,44.72,44.72,44.7,44.72,4.280990473160365
2026-08-13 19:20:00+00:00,44.72,44.72,44.69,44.7,469.9343935124414
2026-08-13 19:21:00+00:00,44.7,44.7,44.67,44.68,947.8969810555596
2026-08-13 19:22:00+00:00,44.68,44.71,44.67,44.71,8.024994518372903
2026-08-13 19:23:00+00:00,44.71,44.71,44.7,44.71,4.128315502790291
2026-08-13 19:24:00+00:00,44.71,44.72,44.69,44.7,473.7735535388199
2026-08-13 19:25:00+00:00,44.7,44.7,44.69,44.7,4.167618002816319
2026-08-13 19:26:00+00:00,44.7,44.7,44.68,44.7,496.56171070874217
2026-08-13 19:27:00+00:00,44.7,44.7,44.68,44.68,3.844295372111701
2026-08-13 19:28:00+00:00,44.68,44.7,44.68,44.68,3.899560493812325
2026-08-13 19:29:00+00:00,44.68,44.71,44.68,44.7,14.205690538112066
2026-08-13 19:30:00+00:00,44.7,44.71,44.7,44.71,0.988600541295958
2026-08-13 19:31:00+00:00,44.71,44.72,44.7,44.72,4.448503399727062
2026-08-13 19:32:00+00:00,44.72,44.72,44.7,44.72,3.9787988598207886
2026-08-13 19:33:00+00:00,44.72,44.72,44.7,44.7,3.789781338920171
2026-08-13 19:34:00+00:00,44.7,44.72,44.7,44.7,4.112510455311298
2026-08-13 19:35:00+00:00,44.7,44.72,44.7,44.7,2.907638910566568
2026-08-13 19:36:00+00:00,44.7,44.72,44.7,44.72,3.682429404137302
2026-08-13 19:37:00+00:00,44.72,44.73,44.7,44.73,17.150823965355084
2026-08-13 19:38:00+00:00,44.73,44.73,44.72,44.73,3.881351056048075
2026-08-13 19:39:00+00:00,44.73,44.74,44.72,44.74,6.956239613882412
2026-08-13 19:40:00+00:00,44.74,44.74,44.72,44.72,3.497051479308395
2026-08-13 19:41:00+00:00,44.72,44.74,44.72,44.72,3.1736476925316057
2026-08-13 19:42:00+00:00,44.72,44.74,44.72,44.74,3.5585221770307953
2026-08-13 19:43:00+00:00,44.74,44.74,44.7,44.72,474.5819632545529
2026-08-13 19:44:00+00:00,44.72,44.74,44.71,44.73,466.23338754718145
2026-08-13 19:45:00+00:00,44.73,44.75,44.73,44.73,1.7798882181980773
2026-08-13 19:46:00+00:00,44.73,44.75,44.73,44.73,4.315204183511997
2026-08-13 19:47:00+00:00,44.73,44.75,44.73,44.75,3.5123375335813765
2026-08-13 19:48:00+00:00,44.75,44.75,44.73,44.75,3.740144129831753
2026-08-13 19:49:00+00:00,44.75,44.75,44.73,44.75,4.146097151499937
2026-08-13 19:50:00+00:00,44.75,44.75,44.73,44.73,3.6096183706834424
2026-08-13 19:51:00+00:00,44.73,44.75,44.73,44.73,3.904702784053795
2026-08-13 19:52:00+00:00,44.73,44.75,44.72,44.73,494.1745013311531
2026-08-13 19:53:00+00:00,44.73,44.73,44.72,44.72,3.3089133039141227
2026-08-13 19:54:00+00:00,44.72,44.75,44.72,44.74,7.140147658056254
2026-08-13 19:55:00+00:00,44.74,44.75,44.74,44.75,2.368707756547451
2026-08-13 19:56:00+00:00,44.75,44.75,44.74,44.75,3.3423784947418103
2026-08-13 19:57:00+00:00,44.75,44.75,44.74,44.75,3.5808858681943843
2026-08-13 19:58:00+00:00,44.75,44.75,44.74,44.75,4.127550245615262
2026-08-13 19:59:00+00:00,44.75,44.75,44.74,44.75,13.81928197497989
2026-08-13 20:00:00+00:00,44.75,44.76,44.74,44.74,3.8787805164023856
2026-08-13 20:01:00+00:00,44.74,44.76,44.74,44.74,4.19150419482559
2026-08-13 20:02:00+00:00,44.74,44.76,44.74,44.74,3.9069310799004313
2026-08-13 20:03:00+00:00,44.74,44.76,44.74,44.76,3.325798966364294
2026-08-13 20:04:00+00:00,44.76,44.76,44.74,44.76,3.5162313044527354
2026-08-13 20:05:00+00:00,44.76,44.76,44.74,44.74,3.7324355935175855
2026-08-13 20:06:00+00:00,44.74,44.76,44.74,44.74,3.508658167156239
2026-08-13 20:07:00+00:00,44.74,44.76,44.74,44.74,3.0505944084439016
2026-08-13 20:08:00+00:00,44.74,44.77,44.74,44.77,17.90737994491955
2026-08-13 20:09:00+00:00,44.77,44.77,44.76,44.77,4.119643568967234
2026-08-13 20:10:00+00:00,44.77,44.77,44.76,44.77,3.9571939880189944
2026-08-13 20:11:00+00:00,44.77,44.77,44.76,44.76,3.2236545920435757
2026-08-13 20:12:00+00:00,44.76,44.77,44.75,44.75,12.396815370788563
2026-08-13 20:13:00+00:00,44.75,44.77,44.75,44.75,3.63071175705
2026-08-13 20:14:00+00:00,44.75,44.77,44.75,44.77,1.743255152654848
2026-08-13 20:15:00+00:00,44.77,44.77,44.75,44.77,3.670535801233618
2026-08-13 20:16:00+00:00,44.77,44.77,44.75,44.75,3.8584018028832654
2026-08-13 20:17:00+00:00,44.75,44.77,44.75,44.75,4.137343996565937
2026-08-13 20:18:00+00:00,44.75,44.77,44.75,44.75,4.281961998195619
2026-08-13 20:19:00+00:00,44.75,44.78,44.75,44.78,23.45070754931296
2026-08-13 20:20:00+00:00,44.78,44.78,44.77,44.78,3.726445019020844
2026-08-13 20:21:00+00:00,44.78,44.78,44.77,44.77,3.020298766869882
2026-08-13 20:22:00+00:00,44.77,44.78,44.76,44.78,7.014380859678813
2026-08-13 20:23:00+00:00,44.78,44.78,44.73,44.75,926.3938197887304
2026-08-13 20:24:00+00:00,44.75,44.75,44.73,44.75,3.9046142428750032
2026-08-13 20:25:00+00:00,44.75,44.75,44.72,44.74,496.143447449016
2026-08-13 20:26:00+00:00,44.74,44.75,44.72,44.75,1.460819879569484
2026-08-13 20:27:00+00:00,44.75,44.75,44.73,44.75,4.023109572394016
2026-08-13 20:28:00+00:00,44.75,44.75,44.73,44.75,1.8933270535690867
2026-08-13 20:29:00+00:00,44.75,44.75,44.73,44.73,2.94193912825182
2026-08-13 20:30:00+00:00,44.73,44.73,44.73,44.73,0.0
2026-08-13 20:31:00+00:00,44.73,44.75,44.73,44.73,1.616188118156487
2026-08-13 20:32:00+00:00,44.73,44.75,44.73,44.75,3.555943552063467
2026-08-13 20:33:00+00:00,44.75,44.75,44.73,44.75,3.0487191454125124
2026-08-13 20:34:00+00:00,44.75,44.75,44.73,44.75,3.690347272961169
2026-08-13 20:35:00+00:00,44.75,44.75,44.73,44.75,14.909877804380596
2026-08-13 20:36:00+00:00,44.75,44.75,44.73,44.75,0.7077093273483233
2026-08-13 20:37:00+00:00,44.75,44.75,44.73,44.73,3.7669124767225326
2026-08-13 20:38:00+00:00,44.73,44.75,44.73,44.73,4.016536512682551
2026-08-13 20:39:00+00:00,44.73,44.75,44.73,44.75,2.4690221477842846
2026-08-13 20:40:00+00:00,44.75,44.75,44.73,44.75,3.7546312611859864
2026-08-13 20:41:00+00:00,44.75,44.75,44.72,44.73,495.9330375036944
2026-08-13 20:42:00+00:00,44.73,44.73,44.72,44.73,4.40725878826927
2026-08-13 20:43:00+00:00,44.73,44.73,44.72,44.72,3.760551212262643
2026-08-13 20:44:00+00:00,44.72,44.73,44.72,44.72,4.164814503198879
2026-08-13 20:45:00+00:00,44.72,44.73,44.7,44.7,497.7504578794323
2026-08-13 20:46:00+00:00,44.7,44.73,44.7,44.72,6.197532379285682
2026-08-13 20:47:00+00:00,44.72,44.73,44.72,44.73,4.088719411479811
2026-08-13 20:48:00+00:00,44.73,44.73,44.72,44.73,4.176768347113089
2026-08-13 20:49:00+00:00,44.73,44.73,44.72,44.73,4.272722570765479
2026-08-13 20:50:00+00:00,44.73,44.73,44.71,44.71,472.1923233388412
2026-08-13 20:51:00+00:00,44.71,44.73,44.71,44.73,2.893331989251546
2026-08-13 20:52:00+00:00,44.73,44.73,44.71,44.73,4.064703672218454
2026-08-13 20:53:00+00:00,44.73,44.73,44.71,44.73,17.70790193083249
2026-08-13 20:54:00+00:00,44.73,44.74,44.71,44.71,472.5356298828163
2026-08-13 20:55:00+00:00,44.71,44.73,44.71,44.73,127.03065693034397
2026-08-13 20:56:00+00:00,44.73,44.73,44.71,44.73,3.9798743853563487
2026-08-13 20:57:00+00:00,44.73,44.74,44.71,44.73,7.267115052627752
2026-08-13 20:58:00+00:00,44.73,44.74,44.73,44.74,3.042102053537137
2026-08-13 20:59:00+00:00,44.74,44.74,44.73,44.74,1.9740526204962352
2026-08-13 21:00:00+00:00,44.74,44.74,44.72,44.74,6.546411685413645
2026-08-13 21:01:00+00:00,44.74,44.74,44.72,44.74,26.033333833437883
2026-08-13 21:02:00+00:00,44.74,44.74,44.71,44.72,387.3066219540625
2026-08-13 21:03:00+00:00,44.72,44.73,44.71,44.73,4.885463744891954
2026-08-13 21:04:00+00:00,44.73,44.73,44.71,44.73,3.627100954093057
2026-08-13 21:05:00+00:00,44.73,44.73,44.71,44.71,3.6317612976749634
2026-08-13 21:06:00+00:00,44.71,44.73,44.71,44.71,3.997371235039652
2026-08-13 21:07:00+00:00,44.71,44.74,44.71,44.74,10.999349521856717
2026-08-13 21:08:00+00:00,44.74,44.74,44.72,44.74,467.7492591456647
2026-08-13 21:09:00+00:00,44.74,44.74,44.72,44.72,3.005674887223577
2026-08-13 21:10:00+00:00,44.72,44.75,44.72,44.75,3.0089317097169745
2026-08-13 21:11:00+00:00,44.75,44.75,44.74,44.75,3.833739095906079
2026-08-13 21:12:00+00:00,44.75,44.75,44.74,44.75,3.619431536150521
2026-08-13 21:13:00+00:00,44.75,44.75,44.74,44.75,4.434004744982182
2026-08-13 21:14:00+00:00,44.75,44.75,44.74,44.74,3.7252570606583535
2026-08-13 21:15:00+00:00,44.74,44.75,44.74,44.74,4.211396593102793
2026-08-13 21:16:00+00:00,44.74,44.75,44.74,44.74,2.817071217187824
2026-08-13 21:17:00+00:00,44.74,44.75,44.74,44.75,3.562925701071117
2026-08-13 21:18:00+00:00,44.75,44.76,44.74,44.76,20.142067538865852
2026-08-13 21:19:00+00:00,44.76,44.76,44.74,44.76,4.047198699026806
2026-08-13 21:20:00+00:00,44.76,44.76,44.74,44.74,3.899672779235244
2026-08-13 21:21:00+00:00,44.74,44.76,44.74,44.74,4.509269783553311
2026-08-13 21:22:00+00:00,44.74,44.76,44.73,44.73,488.0280596847384
2026-08-13 21:23:00+00:00,44.73,44.74,44.73,44.73,4.040640630151545
2026-08-13 21:24:00+00:00,44.73,44.74,44.72,44.72,481.07604340047413
2026-08-13 21:25:00+00:00,44.72,44.74,44.72,44.74,3.769273802602674
2026-08-13 21:26:00+00:00,44.74,44.74,44.72,44.74,3.9529514795483025
2026-08-13 21:27:00+00:00,44.74,44.74,44.72,44.74,4.020818415764149
2026-08-13 21:28:00+00:00,44.74,44.74,44.72,44.72,3.5758938646107143
2026-08-13 21:29:00+00:00,44.72,44.74,44.72,44.72,4.089664123782571
2026-08-13 21:30:00+00:00,44.72,44.74,44.72,44.74,1.969298113209056
2026-08-13 21:31:00+00:00,44.74,44.74,44.72,44.74,2.9626239521049063
2026-08-13 21:32:00+00:00,44.74,44.74,44.72,44.74,4.065579630030956
2026-08-13 21:33:00+00:00,44.74,44.74,44.72,44.74,3.560028085147899
2026-08-13 21:34:00+00:00,44.74,44.74,44.72,44.72,4.012617684526699
2026-08-13 21:35:00+00:00,44.72,44.74,44.71,44.71,484.7660779408632
2026-08-13 21:36:00+00:00,44.71,44.72,44.71,44.72,3.795134076131252
2026-08-13 21:37:00+00:00,44.72,44.72,44.7,44.72,495.61125087394095
2026-08-13 21:38:00+00:00,44.72,44.72,44.7,44.72,3.8177321079108184
2026-08-13 21:39:00+00:00,44.72,44.72,44.7,44.7,2.7392539009816983
2026-08-13 21:40:00+00:00,44.7,44.72,44.7,44.7,3.918683291111885
2026-08-13 21:41:00+00:00,44.7,44.72,44.7,44.7,2.494188317665374
2026-08-13 21:42:00+00:00,44.7,44.71,44.7,44.71,2.7446191689220663
2026-08-13 21:43:00+00:00,44.71,44.71,44.68,44.69,534.8566876591105
2026-08-13 21:44:00+00:00,44.69,44.7,44.68,44.7,4.736016942562602
2026-08-13 21:45:00+00:00,44.7,44.7,44.68,44.68,3.6968510551793616
2026-08-13 21:46:00+00:00,44.68,44.72,44.68,44.72,8.155568305533079
2026-08-13 21:47:00+00:00,44.72,44.72,44.7,44.72,3.903055362123959
2026-08-13 21:48:00+00:00,44.72,44.72,44.7,44.7,3.623683551244032
2026-08-13 21:49:00+00:00,44.7,44.72,44.68,44.68,471.3578067151236
2026-08-13 21:50:00+00:00,44.68,44.7,44.68,44.68,3.8846292101526334
2026-08-13 21:51:00+00:00,44.68,44.71,44.68,44.69,457.6155537680522
2026-08-13 21:52:00+00:00,44.69,44.72,44.68,44.72,1003.5225336933212
2026-08-13 21:53:00+00:00,44.72,44.72,44.7,44.72,4.170818135612891
2026-08-13 21:54:00+00:00,44.72,44.72,44.69,44.69,445.2197081957634
2026-08-13 21:55:00+00:00,44.69,44.72,44.69,44.72,926.645121231988
2026-08-13 21:56:00+00:00,44.72,44.72,44.69,44.7,496.6219293391755
2026-08-13 21:57:00+00:00,44.7,44.7,44.69,44.69,3.6241810123230223
2026-08-13 21:58:00+00:00,44.69,44.7,44.69,44.69,3.7980007739120554
2026-08-13 21:59:00+00:00,44.69,44.7,44.69,44.69,4.1784014110629375
2026-08-13 22:00:00+00:00,44.69,44.7,44.69,44.7,2.365202130711043
2026-08-13 22:01:00+00:00,44.7,44.74,44.7,44.74,11.596166621522247
2026-08-13 22:02:00+00:00,44.74,44.74,44.73,44.74,452.5342804058464
2026-08-13 22:03:00+00:00,44.74,44.74,44.7,44.7,453.6981196382551
2026-08-13 22:04:00+00:00,44.7,44.74,44.7,44.72,7.216099427886346
2026-08-13 22:05:00+00:00,44.72,44.74,44.72,44.72,4.314955031375876
2026-08-13 22:06:00+00:00,44.72,44.74,44.71,44.72,496.0034781063392
2026-08-13 22:07:00+00:00,44.72,44.73,44.7,44.72,468.3577061459744
2026-08-13 22:08:00+00:00,44.72,44.74,44.72,44.74,6.1478826530433786
2026-08-13 22:09:00+00:00,44.74,44.74,44.7,44.72,495.86305595233705
2026-08-13 22:10:00+00:00,44.72,44.72,44.7,44.72,3.417539229928804
2026-08-13 22:11:00+00:00,44.72,44.72,44.7,44.7,3.5109180063472243
2026-08-13 22:12:00+00:00,44.7,44.75,44.7,44.73,492.78412690563135
2026-08-13 22:13:00+00:00,44.73,44.76,44.73,44.73,464.9902890413643
2026-08-13 22:14:00+00:00,44.73,44.76,44.73,44.76,4.052242744035448
2026-08-13 22:15:00+00:00,44.76,44.76,44.74,44.76,2.5539553124536845
2026-08-13 22:16:00+00:00,44.76,44.76,44.74,44.76,3.5043498769376673
2026-08-13 22:17:00+00:00,44.76,44.76,44.73,44.74,467.9268486674269
2026-08-13 22:18:00+00:00,44.74,44.74,44.71,44.72,496.16264504789666
2026-08-13 22:19:00+00:00,44.72,44.76,44.72,44.76,455.36216087182663
2026-08-13 22:20:00+00:00,44.76,44.76,44.74,44.76,4.281537514136888
2026-08-13 22:21:00+00:00,44.76,44.76,44.74,44.76,4.137307811232249
2026-08-13 22:22:00+00:00,44.76,44.76,44.74,44.74,2.816740142529391
2026-08-13 22:23:00+00:00,44.74,44.79,44.74,44.79,10.7202246102391
2026-08-13 22:24:00+00:00,44.79,44.81,44.79,44.79,49.39647998185317
2026-08-13 22:25:00+00:00,44.79,44.81,44.79,44.79,3.545692664106977
2026-08-13 22:26:00+00:00,44.79,44.81,44.79,44.81,3.9592773965280914
2026-08-13 22:27:00+00:00,44.81,44.81,44.79,44.81,4.427525521540454
2026-08-13 22:28:00+00:00,44.81,44.81,44.79,44.81,4.304915931168085
2026-08-13 22:29:00+00:00,44.81,44.81,44.79,44.79,3.7917491326405615
2026-08-13 22:30:00+00:00,44.79,44.84,44.79,44.83,1963.2119786857425
2026-08-13 22:31:00+00:00,44.83,44.83,44.81,44.83,3.665455817292464
2026-08-13 22:32:00+00:00,44.83,44.83,44.8,44.81,450.43490885325343
2026-08-13 22:33:00+00:00,44.81,44.82,44.8,44.81,6.461004819010725
2026-08-13 22:34:00+00:00,44.81,44.82,44.8,44.82,96.6421541438982
2026-08-13 22:35:00+00:00,44.82,44.83,44.8,44.83,6.857040137760357
2026-08-13 22:36:00+00:00,44.83,44.83,44.8,44.8,958.8507779282221
2026-08-13 22:37:00+00:00,44.8,44.83,44.79,44.83,461.02725406174983
2026-08-13 22:38:00+00:00,44.83,44.83,44.8,44.81,912.1355664298
2026-08-13 22:39:00+00:00,44.81,44.83,44.8,44.83,465.2547618220019
2026-08-13 22:40:00+00:00,44.83,44.83,44.81,44.81,2.7955485184104214
2026-08-13 22:41:00+00:00,44.81,44.83,44.81,44.81,3.860761079956749
2026-08-13 22:42:00+00:00,44.81,44.83,44.81,44.81,3.2480095476362063
2026-08-13 22:43:00+00:00,44.81,44.83,44.81,44.83,3.302380457542424
2026-08-13 22:44:00+00:00,44.83,44.83,44.81,44.83,10.791820995244528
2026-08-13 22:45:00+00:00,44.83,44.83,44.81,44.83,4.022372922816903
2026-08-13 22:46:00+00:00,44.83,44.83,44.81,44.81,3.542063098049548
2026-08-13 22:47:00+00:00,44.81,44.83,44.81,44.81,3.878660936505252
2026-08-13 22:48:00+00:00,44.81,44.84,44.81,44.84,21.271645971250663
2026-08-13 22:49:00+00:00,44.84,44.84,44.8,44.82,480.6676185682176
2026-08-13 22:50:00+00:00,44.82,44.82,44.79,44.82,972.0295756582522
2026-08-13 22:51:00+00:00,44.82,44.82,44.8,44.8,3.4366993270701856
2026-08-13 22:52:00+00:00,44.8,44.82,44.8,44.8,4.1142321069994265
2026-08-13 22:53:00+00:00,44.8,44.82,44.8,44.82,3.7372370334512657
2026-08-13 22:54:00+00:00,44.82,44.82,44.8,44.82,3.489046184738956
2026-08-13 22:55:00+00:00,44.82,44.82,44.8,44.82,4.1225713269745645
2026-08-13 22:56:00+00:00,44.82,44.82,44.79,44.79,445.471538365629
2026-08-13 22:57:00+00:00,44.79,44.81,44.79,44.79,3.3741326418074697
2026-08-13 22:58:00+00:00,44.79,44.82,44.79,44.81,7.112191927034467
2026-08-13 22:59:00+00:00,44.81,44.82,44.81,44.82,1.0078091482695393
2026-08-13 23:00:00+00:00,44.82,44.82,44.79,44.8,37.907923532401774
2026-08-13 23:01:00+00:00,44.8,44.8,44.77,44.79,2371.1437618479863
2026-08-13 23:02:00+00:00,44.79,44.79,44.77,44.79,3.1323994090906346
2026-08-13 23:03:00+00:00,44.79,44.81,44.77,44.81,8.785439285124225
2026-08-13 23:04:00+00:00,44.81,44.81,44.78,44.79,466.7725983943242
2026-08-13 23:05:00+00:00,44.79,44.79,44.78,44.79,3.9559678330147903
2026-08-13 23:06:00+00:00,44.79,44.8,44.78,44.78,6.359412931585355
2026-08-13 23:07:00+00:00,44.78,44.8,44.78,44.78,4.170975971814586
2026-08-13 23:08:00+00:00,44.78,44.8,44.77,44.78,974.9206784990114
2026-08-13 23:09:00+00:00,44.78,44.81,44.78,44.8,10.287970957136213
2026-08-13 23:10:00+00:00,44.8,44.81,44.8,44.8,3.469718429201071
2026-08-13 23:11:00+00:00,44.8,44.81,44.8,44.8,4.348834707853795
2026-08-13 23:12:00+00:00,44.8,44.81,44.79,44.81,468.48225082179795
2026-08-13 23:13:00+00:00,44.81,44.81,44.79,44.81,4.099167729550369
2026-08-13 23:14:00+00:00,44.81,44.81,44.79,44.79,3.6135043254496337
2026-08-13 23:15:00+00:00,44.79,44.81,44.79,44.79,3.2352821984256517
2026-08-13 23:16:00+00:00,44.79,44.81,44.78,44.8,497.79157344028783
2026-08-13 23:17:00+00:00,44.8,44.8,44.78,44.8,4.31356586566069
2026-08-13 23:18:00+00:00,44.8,44.8,44.77,44.77,497.5979703768157
2026-08-13 23:19:00+00:00,44.77,44.78,44.77,44.77,3.9205556851888415
2026-08-13 23:20:00+00:00,44.77,44.78,44.74,44.74,976.0982280438828
2026-08-13 23:21:00+00:00,44.74,44.76,44.74,44.74,4.0757798908039025
2026-08-13 23:22:00+00:00,44.74,44.76,44.74,44.74,4.390447229010192
2026-08-13 23:23:00+00:00,44.74,44.76,44.72,44.74,958.4090732308439
2026-08-13 23:24:00+00:00,44.74,44.76,44.72,44.75,466.51173193498454
2026-08-13 23:25:00+00:00,44.75,44.77,44.75,44.75,5.368578837833871
2026-08-13 23:26:00+00:00,44.75,44.77,44.75,44.77,3.856627659932891
2026-08-13 23:27:00+00:00,44.77,44.77,44.75,44.77,3.86814365665356
2026-08-13 23:28:00+00:00,44.77,44.77,44.75,44.75,3.494232530512876
2026-08-13 23:29:00+00:00,44.75,44.77,44.75,44.75,4.112854607597117
2026-08-13 23:30:00+00:00,44.75,44.77,44.75,44.75,3.3149504793588083
2026-08-13 23:31:00+00:00,44.75,44.77,44.75,44.77,3.5148949803028016
2026-08-13 23:32:00+00:00,44.77,44.77,44.75,44.77,2.598400445230308
2026-08-13 23:33:00+00:00,44.77,44.78,44.75,44.76,17.882567079391567
2026-08-13 23:34:00+00:00,44.76,44.78,44.76,44.76,3.944635375568613
2026-08-13 23:35:00+00:00,44.76,44.78,44.76,44.78,3.8238692409839223
2026-08-13 23:36:00+00:00,44.78,44.78,44.76,44.78,3.9432475859539298
2026-08-13 23:37:00+00:00,44.78,44.78,44.76,44.78,3.8352343759042817
2026-08-13 23:38:00+00:00,44.78,44.78,44.76,44.76,3.474125403471884
2026-08-13 23:39:00+00:00,44.76,44.78,44.76,44.76,4.204734595626079
2026-08-13 23:40:00+00:00,44.76,44.79,44.76,44.79,3.713875420904339
2026-08-13 23:41:00+00:00,44.79,44.79,44.78,44.79,7.0095234163578715
2026-08-13 23:42:00+00:00,44.79,44.84,44.78,44.81,955.1012514394304
2026-08-13 23:43:00+00:00,44.81,44.82,44.79,44.8,1567.6030305187555
2026-08-13 23:44:00+00:00,44.8,44.8,44.79,44.8,3.8958610420055497
2026-08-13 23:45:00+00:00,44.8,44.82,44.79,44.79,468.45425817559294
2026-08-13 23:46:00+00:00,44.79,44.81,44.79,44.79,6.099221669683796
2026-08-13 23:47:00+00:00,44.79,44.82,44.79,44.82,5.5600123849644465
2026-08-13 23:48:00+00:00,44.82,44.82,44.8,44.82,464.980435991052
2026-08-13 23:49:00+00:00,44.82,44.82,44.79,44.8,500.63233384265465
2026-08-13 23:50:00+00:00,44.8,44.82,44.79,44.81,6.704551960853349
2026-08-13 23:51:00+00:00,44.81,44.83,44.81,44.83,6.966505679655418
2026-08-13 23:52:00+00:00,44.83,44.84,44.81,44.84,6.0825268246383954
2026-08-13 23:53:00+00:00,44.84,44.84,44.82,44.82,4.8659927798655
2026-08-13 23:54:00+00:00,44.82,44.84,44.82,44.82,4.105560909511771
2026-08-13 23:55:00+00:00,44.82,44.84,44.82,44.84,3.57796593251786
2026-08-13 23:56:00+00:00,44.84,44.84,44.82,44.84,4.169178537920141
2026-08-13 23:57:00+00:00,44.84,44.84,44.82,44.84,3.77115550118006
2026-08-13 23:58:00+00:00,44.84,44.84,44.79,44.79,950.1532065565192
2026-08-13 23:59:00+00:00,44.79,44.81,44.79,44.81,3.7552684627744566
2026-08-14 00:00:00+00:00,44.81,44.84,44.79,44.82,1392.3061896556228
2026-08-14 00:01:00+00:00,44.82,44.84,44.81,44.81,495.3782425940902
2026-08-14 00:02:00+00:00,44.81,44.84,44.81,44.84,5.544048335124327
2026-08-14 00:03:00+00:00,44.84,44.84,44.81,44.81,6.854179598018212
2026-08-14 00:04:00+00:00,44.81,44.83,44.81,44.81,3.968999950866978
2026-08-14 00:05:00+00:00,44.81,44.83,44.81,44.83,3.5202000137094567
2026-08-14 00:06:00+00:00,44.83,44.83,44.81,44.83,4.200787298173172
2026-08-14 00:07:00+00:00,44.83,44.83,44.74,44.75,984.941484168072
2026-08-14 00:08:00+00:00,44.75,44.77,44.74,44.76,4.264473473603499
2026-08-14 00:09:00+00:00,44.76,44.78,44.76,44.76,7.301420788276627
2026-08-14 00:10:00+00:00,44.76,44.78,44.76,44.78,2.2695774316776967
2026-08-14 00:11:00+00:00,44.78,44.78,44.75,44.75,464.20214000903405
2026-08-14 00:12:00+00:00,44.75,44.76,44.75,44.76,3.895284177313144
2026-08-14 00:13:00+00:00,44.76,44.76,44.75,44.76,4.358952890899197
2026-08-14 00:14:00+00:00,44.76,44.76,44.75,44.76,3.9041472284212255
2026-08-14 00:15:00+00:00,44.76,44.78,44.75,44.77,12.316749249981308
2026-08-14 00:16:00+00:00,44.77,44.78,44.77,44.77,3.8728332433659487
2026-08-14 00:17:00+00:00,44.77,44.78,44.77,44.77,3.9919968848772287
2026-08-14 00:18:00+00:00,44.77,44.78,44.77,44.77,4.093511359683352
2026-08-14 00:19:00+00:00,44.77,44.79,44.77,44.79,11.002616880710608
2026-08-14 00:20:00+00:00,44.79,44.79,44.77,44.79,4.317752958573759
2026-08-14 00:21:00+00:00,44.79,44.79,44.77,44.77,3.720065016387247
2026-08-14 00:22:00+00:00,44.77,44.79,44.77,44.77,3.0617130905933196
2026-08-14 00:23:00+00:00,44.77,44.79,44.77,44.77,3.8775069601106256
2026-08-14 00:24:00+00:00,44.77,44.79,44.77,44.79,3.4527688017488902
2026-08-14 00:25:00+00:00,44.79,44.79,44.77,44.79,4.2187606342815505
2026-08-14 00:26:00+00:00,44.79,44.79,44.74,44.74,1447.4249331339863
2026-08-14 00:27:00+00:00,44.74,44.75,44.72,44.72,2047.2779052863905
2026-08-14 00:28:00+00:00,44.72,44.76,44.72,44.74,7.119395060241527
2026-08-14 00:29:00+00:00,44.74,44.76,44.74,44.76,3.504048772712401
2026-08-14 00:30:00+00:00,44.76,44.76,44.72,44.76,468.47433601515536
2026-08-14 00:31:00+00:00,44.76,44.77,44.73,44.77,461.6301291968304
2026-08-14 00:32:00+00:00,44.77,44.78,44.76,44.76,450.5403742594483
2026-08-14 00:33:00+00:00,44.76,44.78,44.75,44.76,466.73924864604896
2026-08-14 00:34:00+00:00,44.76,44.77,44.75,44.77,7.073138306098818
2026-08-14 00:35:00+00:00,44.77,44.8,44.77,44.8,6.707293931185697
2026-08-14 00:36:00+00:00,44.8,44.8,44.78,44.78,4.0461805633095125
2026-08-14 00:37:00+00:00,44.78,44.8,44.78,44.78,3.9714339847986984
2026-08-14 00:38:00+00:00,44.78,44.8,44.78,44.78,3.6688685059497224
2026-08-14 00:39:00+00:00,44.78,44.8,44.78,44.8,4.25185195080712
2026-08-14 00:40:00+00:00,44.8,44.8,44.78,44.8,4.642815271485995
2026-08-14 00:41:00+00:00,44.8,44.8,44.78,44.8,16.65343388609188
2026-08-14 00:42:00+00:00,44.8,44.81,44.8,44.81,3.7990305396595145
2026-08-14 00:43:00+00:00,44.81,44.81,44.75,44.75,1636.97545810544
2026-08-14 00:44:00+00:00,44.75,44.78,44.75,44.78,4.1702373527785515
2026-08-14 00:45:00+00:00,44.78,44.78,44.75,44.75,5.708600372968725
2026-08-14 00:46:00+00:00,44.75,44.76,44.73,44.73,498.8745743033347
2026-08-14 00:47:00+00:00,44.73,44.75,44.73,44.73,4.006339639325712
2026-08-14 00:48:00+00:00,44.73,44.75,44.73,44.75,3.7757821666185816
2026-08-14 00:49:00+00:00,44.75,44.75,44.73,44.75,4.251440236702649
2026-08-14 00:50:00+00:00,44.75,44.76,44.73,44.76,9.791340770711509
2026-08-14 00:51:00+00:00,44.76,44.76,44.75,44.75,3.5998244891438382
2026-08-14 00:52:00+00:00,44.75,44.76,44.75,44.75,8.69906284042516
2026-08-14 00:53:00+00:00,44.75,44.76,44.74,44.76,4.084812877741038
2026-08-14 00:54:00+00:00,44.76,44.76,44.73,44.74,504.62009952088874
2026-08-14 00:55:00+00:00,44.74,44.74,44.72,44.72,1033.3375784305026
2026-08-14 00:56:00+00:00,44.72,44.74,44.72,44.72,3.969481182471093
2026-08-14 00:57:00+00:00,44.72,44.74,44.72,44.72,3.8419360259195847
2026-08-14 00:58:00+00:00,44.72,44.74,44.72,44.74,3.937950755827948
2026-08-14 00:59:00+00:00,44.74,44.74,44.71,44.72,301.33306834614785
2026-08-14 01:00:00+00:00,44.72,44.72,44.7,44.7,7.412437975960363
2026-08-14 01:01:00+00:00,44.7,44.73,44.7,44.72,469.2708336961893
2026-08-14 01:02:00+00:00,44.72,44.73,44.71,44.71,465.7768363128745
2026-08-14 01:03:00+00:00,44.71,44.73,44.71,44.71,4.171206157894708
2026-08-14 01:04:00+00:00,44.71,44.73,44.71,44.73,3.6177189781998234
2026-08-14 01:05:00+00:00,44.73,44.73,44.71,44.73,3.6137426062375897
2026-08-14 01:06:00+00:00,44.73,44.75,44.73,44.75,949.2871918433891
2026-08-14 01:07:00+00:00,44.75,44.75,44.73,44.73,3.621318555654223
2026-08-14 01:08:00+00:00,44.73,44.75,44.73,44.75,9.33407813235715
2026-08-14 01:09:00+00:00,44.75,44.76,44.74,44.76,464.59681585824416
2026-08-14 01:10:00+00:00,44.76,44.76,44.74,44.76,3.295203455333027
2026-08-14 01:11:00+00:00,44.76,44.76,44.73,44.74,473.10222464375687
2026-08-14 01:12:00+00:00,44.74,44.74,44.73,44.73,3.480662897566195
2026-08-14 01:13:00+00:00,44.73,44.75,44.73,44.73,6.652028789561745
2026-08-14 01:14:00+00:00,44.73,44.75,44.73,44.74,8.810812191107903
2026-08-14 01:15:00+00:00,44.74,44.74,44.73,44.74,4.082938374297841
2026-08-14 01:16:00+00:00,44.74,44.74,44.73,44.74,4.134791818511526
2026-08-14 01:17:00+00:00,44.74,44.74,44.71,44.71,501.54185298013306
2026-08-14 01:18:00+00:00,44.71,44.73,44.71,44.71,4.2689514556960795
2026-08-14 01:19:00+00:00,44.71,44.73,44.71,44.71,4.046467792565178
2026-08-14 01:20:00+00:00,44.71,44.73,44.69,44.72,496.70011230138505
2026-08-14 01:21:00+00:00,44.72,44.76,44.71,44.73,17.106439071845237
2026-08-14 01:22:00+00:00,44.73,44.75,44.72,44.74,466.23113253619266
2026-08-14 01:23:00+00:00,44.74,44.76,44.74,44.74,4.807826589478588
2026-08-14 01:24:00+00:00,44.74,44.76,44.74,44.74,4.005253599088848
2026-08-14 01:25:00+00:00,44.74,44.76,44.74,44.76,3.7453050851249374
2026-08-14 01:26:00+00:00,44.76,44.77,44.72,44.77,993.43042115925
2026-08-14 01:27:00+00:00,44.77,44.78,44.75,44.75,957.2386006255344
2026-08-14 01:28:00+00:00,44.75,44.76,44.73,44.73,944.7972471554829
2026-08-14 01:29:00+00:00,44.73,44.76,44.72,44.75,5.457862337726067
2026-08-14 01:30:00+00:00,44.75,44.76,44.72,44.74,1883.376114037423
2026-08-14 01:31:00+00:00,44.74,44.75,44.74,44.74,4.00871751622659
2026-08-14 01:32:00+00:00,44.74,44.75,44.74,44.74,5.7453889104736575
2026-08-14 01:33:00+00:00,44.74,44.75,44.72,44.73,83.27197706947013
2026-08-14 01:34:00+00:00,44.73,44.75,44.72,44.74,5.335191878935222
2026-08-14 01:35:00+00:00,44.74,44.75,44.74,44.74,4.238879170277432
2026-08-14 01:36:00+00:00,44.74,44.75,44.74,44.75,3.911629846437392
2026-08-14 01:37:00+00:00,44.75,44.75,44.74,44.75,4.175749729660883
2026-08-14 01:38:00+00:00,44.75,44.75,44.74,44.75,4.067228246129718
2026-08-14 01:39:00+00:00,44.75,44.76,44.74,44.74,7.9504782201936735
2026-08-14 01:40:00+00:00,44.74,44.77,44.74,44.76,2.439868734394603
2026-08-14 01:41:00+00:00,44.76,44.78,44.76,44.76,5.048289909118988
2026-08-14 01:42:00+00:00,44.76,44.78,44.76,44.76,3.717492160062839
2026-08-14 01:43:00+00:00,44.76,44.78,44.76,44.78,3.6448242145793897
2026-08-14 01:44:00+00:00,44.78,44.78,44.76,44.76,4.141873187195388
2026-08-14 01:45:00+00:00,44.76,44.76,44.74,44.76,458.4179116906325
2026-08-14 01:46:00+00:00,44.76,44.76,44.74,44.74,4.055710933152445
2026-08-14 01:47:00+00:00,44.74,44.76,44.74,44.74,3.2268085029460254
2026-08-14 01:48:00+00:00,44.74,44.76,44.74,44.74,4.0174922689050785
2026-08-14 01:49:00+00:00,44.74,44.76,44.74,44.75,478.04030411511405
2026-08-14 01:50:00+00:00,44.75,44.76,44.74,44.74,5.51050295196208
2026-08-14 01:51:00+00:00,44.74,44.76,44.74,44.76,3.58561574910225
2026-08-14 01:52:00+00:00,44.76,44.76,44.74,44.76,4.541822267311121
2026-08-14 01:53:00+00:00,44.76,44.76,44.74,44.76,4.011799422579791
2026-08-14 01:54:00+00:00,44.76,44.76,44.74,44.74,3.39404872477382
2026-08-14 01:55:00+00:00,44.74,44.76,44.74,44.74,3.9269391156050864
2026-08-14 01:56:00+00:00,44.74,44.76,44.74,44.74,7.248256653575439
2026-08-14 01:57:00+00:00,44.74,44.76,44.74,44.76,3.7984406478419848
2026-08-14 01:58:00+00:00,44.76,44.76,44.74,44.76,3.9294582181309305
2026-08-14 01:59:00+00:00,44.76,44.76,44.74,44.74,3.9250575163101034
2026-08-14 02:00:00+00:00,44.74,44.76,44.74,44.74,3.824274649319292
2026-08-14 02:01:00+00:00,44.74,44.76,44.74,44.74,3.968852096693716
2026-08-14 02:02:00+00:00,44.74,44.77,44.74,44.77,15.250693677034938
2026-08-14 02:03:00+00:00,44.77,44.77,44.76,44.77,3.9401867812908513
2026-08-14 02:04:00+00:00,44.77,44.78,44.76,44.78,8.202829294697379
2026-08-14 02:05:00+00:00,44.78,44.79,44.76,44.78,5.5996648562187135
2026-08-14 02:06:00+00:00,44.78,44.79,44.78,44.78,3.623505788164728
2026-08-14 02:07:00+00:00,44.78,44.8,44.78,44.8,8.163474754849819
2026-08-14 02:08:00+00:00,44.8,44.8,44.77,44.78,495.46403707809606
2026-08-14 02:09:00+00:00,44.78,44.78,44.77,44.78,4.087199998842777
2026-08-14 02:10:00+00:00,44.78,44.78,44.77,44.77,3.007794595632104
2026-08-14 02:11:00+00:00,44.77,44.78,44.77,44.77,4.01304072335174
2026-08-14 02:12:00+00:00,44.77,44.78,44.76,44.78,464.79124467162114
2026-08-14 02:13:00+00:00,44.78,44.78,44.73,44.73,1434.761381891681
2026-08-14 02:14:00+00:00,44.73,44.74,44.73,44.74,6.672907444168313
2026-08-14 02:15:00+00:00,44.74,44.77,44.74,44.77,4.844325304380247
2026-08-14 02:16:00+00:00,44.77,44.77,44.75,44.77,3.772454124931525
2026-08-14 02:17:00+00:00,44.77,44.77,44.75,44.75,3.4638784351552254
2026-08-14 02:18:00+00:00,44.75,44.77,44.75,44.75,4.261753004493482
2026-08-14 02:19:00+00:00,44.75,44.77,44.75,44.75,3.9430574544256616
2026-08-14 02:20:00+00:00,44.75,44.77,44.75,44.77,3.378800184181596
2026-08-14 02:21:00+00:00,44.77,44.77,44.75,44.77,1.9550799106045424
2026-08-14 02:22:00+00:00,44.77,44.77,44.75,44.77,2.7433931341193913
2026-08-14 02:23:00+00:00,44.77,44.77,44.75,44.75,3.545493063865842
2026-08-14 02:24:00+00:00,44.75,44.77,44.73,44.75,480.46433055399024
2026-08-14 02:25:00+00:00,44.75,44.75,44.72,44.75,467.28226663970474
2026-08-14 02:26:00+00:00,44.75,44.76,44.75,44.76,3.480168312195287
2026-08-14 02:27:00+00:00,44.76,44.76,44.72,44.73,495.4713135334254
2026-08-14 02:28:00+00:00,44.73,44.74,44.73,44.73,0.69318109521381
2026-08-14 02:29:00+00:00,44.73,44.74,44.73,44.73,3.8600583983711534
2026-08-14 02:30:00+00:00,44.73,44.79,44.73,44.79,468.59724454754655
2026-08-14 02:31:00+00:00,44.79,44.8,44.77,44.8,4.675458480347546
2026-08-14 02:32:00+00:00,44.8,44.8,44.79,44.8,4.317646517079706
2026-08-14 02:33:00+00:00,44.8,44.8,44.76,44.77,929.5644312665905
2026-08-14 02:34:00+00:00,44.77,44.79,44.77,44.79,3.50920092040472
2026-08-14 02:35:00+00:00,44.79,44.8,44.77,44.8,7.417044926531488
2026-08-14 02:36:00+00:00,44.8,44.81,44.79,44.79,6.172173223588193
2026-08-14 02:37:00+00:00,44.79,44.79,44.79,44.79,0.0
2026-08-14 02:38:00+00:00,44.79,44.81,44.79,44.79,3.3597054547844314
2026-08-14 02:39:00+00:00,44.79,44.81,44.79,44.81,2.890569185993761
2026-08-14 02:40:00+00:00,44.81,44.81,44.79,44.81,4.216551230496214
2026-08-14 02:41:00+00:00,44.81,44.81,44.79,44.81,3.83463543500057
2026-08-14 02:42:00+00:00,44.81,44.81,44.79,44.79,3.5917926893232166
2026-08-14 02:43:00+00:00,44.79,44.81,44.79,44.79,4.037365111675159
2026-08-14 02:44:00+00:00,44.79,44.81,44.79,44.81,4.052539787574727
2026-08-14 02:45:00+00:00,44.81,44.82,44.79,44.82,9.847341684427056
2026-08-14 02:46:00+00:00,44.82,44.83,44.81,44.81,5.335831280130227
2026-08-14 02:47:00+00:00,44.81,44.83,44.81,44.81,3.9538916613397745
2026-08-14 02:48:00+00:00,44.81,44.84,44.81,44.83,7.485925834772184
2026-08-14 02:49:00+00:00,44.83,44.84,44.83,44.84,3.582446965372008
2026-08-14 02:50:00+00:00,44.84,44.84,44.81,44.83,501.5499021782426
2026-08-14 02:51:00+00:00,44.83,44.83,44.81,44.83,6.340536672004708
2026-08-14 02:52:00+00:00,44.83,44.83,44.81,44.81,3.4329155699059597
2026-08-14 02:53:00+00:00,44.81,44.83,44.81,44.81,1.9935973849086357
2026-08-14 02:54:00+00:00,44.81,44.83,44.81,44.83,2.528951047830125
2026-08-14 02:55:00+00:00,44.83,44.83,44.81,44.83,4.047174395792023
2026-08-14 02:56:00+00:00,44.83,44.83,44.8,44.83,471.8942724320136
2026-08-14 02:57:00+00:00,44.83,44.83,44.81,44.81,3.5482216758462117
2026-08-14 02:58:00+00:00,44.81,44.83,44.81,44.81,3.910198078754508
2026-08-14 02:59:00+00:00,44.81,44.83,44.81,44.83,0.3728976132054427
2026-08-14 03:00:00+00:00,44.83,44.83,44.8,44.8,8.344810528381739
2026-08-14 03:01:00+00:00,44.8,44.81,44.8,44.8,3.8143522651193926
2026-08-14 03:02:00+00:00,44.8,44.81,44.8,44.8,4.28211695910511
2026-08-14 03:03:00+00:00,44.8,44.81,44.8,44.81,3.3307956211942487
2026-08-14 03:04:00+00:00,44.81,44.81,44.8,44.81,4.115000109589696
2026-08-14 03:05:00+00:00,44.81,44.82,44.8,44.8,12.654770409221964
2026-08-14 03:06:00+00:00,44.8,44.83,44.8,44.82,1.6264406325328575
2026-08-14 03:07:00+00:00,44.82,44.82,44.82,44.82,0.0
2026-08-14 03:08:00+00:00,44.82,44.83,44.81,44.83,4.485208320607168
2026-08-14 03:09:00+00:00,44.83,44.83,44.81,44.81,3.5203261914894535
2026-08-14 03:10:00+00:00,44.81,44.83,44.81,44.81,2.3563812917584013
2026-08-14 03:11:00+00:00,44.81,44.83,44.81,44.81,3.1243239667143943
2026-08-14 03:12:00+00:00,44.81,44.83,44.81,44.83,3.0218354563494425
2026-08-14 03:13:00+00:00,44.83,44.83,44.81,44.83,3.7018867577945658
2026-08-14 03:14:00+00:00,44.83,44.83,44.81,44.81,1.7155863632817931
2026-08-14 03:15:00+00:00,44.81,44.85,44.81,44.85,476.5437458492328
2026-08-14 03:16:00+00:00,44.85,44.87,44.84,44.86,6.575939578924326
2026-08-14 03:17:00+00:00,44.86,44.87,44.86,44.86,3.4203859646647503
2026-08-14 03:18:00+00:00,44.86,44.88,44.86,44.88,6.526696700921485
2026-08-14 03:19:00+00:00,44.88,44.91,44.88,44.89,2191.968302067388
2026-08-14 03:20:00+00:00,44.89,44.91,44.88,44.88,492.7858748974836
2026-08-14 03:21:00+00:00,44.88,44.89,44.87,44.89,4.530794451232545
2026-08-14 03:22:00+00:00,44.89,44.89,44.87,44.89,2.291169097548359
2026-08-14 03:23:00+00:00,44.89,44.89,44.87,44.89,4.261161972685826
2026-08-14 03:24:00+00:00,44.89,44.89,44.87,44.87,2.8564236288065277
2026-08-14 03:25:00+00:00,44.87,44.89,44.87,44.89,10.443207532584788
2026-08-14 03:26:00+00:00,44.89,44.9,44.86,44.88,1420.1105814180992
2026-08-14 03:27:00+00:00,44.88,44.89,44.85,44.87,452.1725160519241
2026-08-14 03:28:00+00:00,44.87,44.89,44.87,44.89,3.1045142813254776
2026-08-14 03:29:00+00:00,44.89,44.9,44.87,44.9,7.1653165225276965
2026-08-14 03:30:00+00:00,44.9,44.9,44.87,44.9,926.1330568510888
2026-08-14 03:31:00+00:00,44.9,44.9,44.89,44.89,3.7383636317630673
2026-08-14 03:32:00+00:00,44.89,44.9,44.88,44.88,465.8932872564712
2026-08-14 03:33:00+00:00,44.88,44.9,44.88,44.88,3.9517217504535727
2026-08-14 03:34:00+00:00,44.88,44.9,44.88,44.9,4.056495559552025
2026-08-14 03:35:00+00:00,44.9,44.9,44.86,44.86,470.87567612541426
2026-08-14 03:36:00+00:00,44.86,44.88,44.86,44.88,2.21730890041746
2026-08-14 03:37:00+00:00,44.88,44.88,44.86,44.88,3.9895546791245176
2026-08-14 03:38:00+00:00,44.88,44.88,44.85,44.85,454.21348064013785
2026-08-14 03:39:00+00:00,44.85,44.86,44.84,44.86,496.779154031033
2026-08-14 03:40:00+00:00,44.86,44.87,44.86,44.86,3.971163968907651
2026-08-14 03:41:00+00:00,44.86,44.87,44.84,44.84,497.9195660500576
2026-08-14 03:42:00+00:00,44.84,44.86,44.84,44.86,3.023580786373545
2026-08-14 03:43:00+00:00,44.86,44.87,44.84,44.87,5.013065498241636
2026-08-14 03:44:00+00:00,44.87,44.87,44.86,44.87,3.8304290514401287
2026-08-14 03:45:00+00:00,44.87,44.87,44.86,44.87,3.1019917995624353
2026-08-14 03:46:00+00:00,44.87,44.87,44.81,44.84,994.1179303895997
2026-08-14 03:47:00+00:00,44.84,44.84,44.83,44.84,4.09337728534579
2026-08-14 03:48:00+00:00,44.84,44.84,44.82,44.84,7.680457132258032
2026-08-14 03:49:00+00:00,44.84,44.84,44.82,44.82,2.859500963513087
2026-08-14 03:50:00+00:00,44.82,44.83,44.82,44.83,3.4157706892705777
2026-08-14 03:51:00+00:00,44.83,44.83,44.81,44.83,4.710594216379448
2026-08-14 03:52:00+00:00,44.83,44.83,44.81,44.81,3.7673015263643457
2026-08-14 03:53:00+00:00,44.81,44.83,44.81,44.81,3.4922376546812792
2026-08-14 03:54:00+00:00,44.81,44.83,44.81,44.81,4.340781189151528
2026-08-14 03:55:00+00:00,44.81,44.83,44.81,44.81,3.6823347623392952
2026-08-14 03:56:00+00:00,44.81,44.83,44.77,44.78,19.36016230758864
2026-08-14 03:57:00+00:00,44.78,44.78,44.77,44.78,3.636851171133927
2026-08-14 03:58:00+00:00,44.78,44.78,44.77,44.78,4.0464041361519945
2026-08-14 03:59:00+00:00,44.78,44.78,44.77,44.77,3.838465506245359
2026-08-14 04:00:00+00:00,44.77,44.78,44.76,44.76,1023.936090183724
2026-08-14 04:01:00+00:00,44.76,44.78,44.76,44.78,2.2094085432464783
2026-08-14 04:02:00+00:00,44.78,44.79,44.76,44.79,15.92479158534182
2026-08-14 04:03:00+00:00,44.79,44.8,44.78,44.8,5.373104619957346
2026-08-14 04:04:00+00:00,44.8,44.81,44.78,44.8,5.129484869236893
2026-08-14 04:05:00+00:00,44.8,44.81,44.8,44.81,3.567221019502981
2026-08-14 04:06:00+00:00,44.81,44.81,44.78,44.79,465.7894034765654
2026-08-14 04:07:00+00:00,44.79,44.79,44.78,44.79,4.216486375154922
2026-08-14 04:08:00+00:00,44.79,44.79,44.78,44.79,1.5835480667510862
2026-08-14 04:09:00+00:00,44.79,44.8,44.78,44.8,7.79965985120635
2026-08-14 04:10:00+00:00,44.8,44.8,44.78,44.8,4.085755419351751
2026-08-14 04:11:00+00:00,44.8,44.8,44.78,44.78,3.6765482238563134
2026-08-14 04:12:00+00:00,44.78,44.8,44.78,44.78,3.357649101958782
2026-08-14 04:13:00+00:00,44.78,44.78,44.78,44.78,0.0
2026-08-14 04:14:00+00:00,44.78,44.78,44.74,44.75,656.8867956310241
2026-08-14 04:15:00+00:00,44.75,44.76,44.74,44.74,5.525281974202808
2026-08-14 04:16:00+00:00,44.74,44.79,44.74,44.79,5.509021632800219
2026-08-14 04:17:00+00:00,44.79,44.79,44.76,44.78,6.2107143970152405
2026-08-14 04:18:00+00:00,44.78,44.78,44.76,44.76,3.5587483600691456
2026-08-14 04:19:00+00:00,44.76,44.78,44.76,44.76,3.844548414829964
2026-08-14 04:20:00+00:00,44.76,44.78,44.76,44.76,4.056215133383704
2026-08-14 04:21:00+00:00,44.76,44.78,44.76,44.78,3.9092768897770886
2026-08-14 04:22:00+00:00,44.78,44.78,44.76,44.78,2.173589589617157
2026-08-14 04:23:00+00:00,44.78,44.78,44.75,44.75,452.80298100489176
2026-08-14 04:24:00+00:00,44.75,44.76,44.75,44.76,1.7110057763066584
2026-08-14 04:25:00+00:00,44.76,44.76,44.74,44.76,495.7251339157657
2026-08-14 04:26:00+00:00,44.76,44.76,44.74,44.74,3.721994081183188
2026-08-14 04:27:00+00:00,44.74,44.76,44.74,44.74,3.7862855809137335
2026-08-14 04:28:00+00:00,44.74,44.77,44.74,44.76,12.490658368346587
2026-08-14 04:29:00+00:00,44.76,44.78,44.76,44.78,3.333157186139443
2026-08-14 04:30:00+00:00,44.78,44.78,44.76,44.78,2.079219855905607
2026-08-14 04:31:00+00:00,44.78,44.78,44.76,44.78,4.075045261492886
2026-08-14 04:32:00+00:00,44.78,44.78,44.76,44.76,3.7940603470606566
2026-08-14 04:33:00+00:00,44.76,44.78,44.76,44.76,2.538764333304995
2026-08-14 04:34:00+00:00,44.76,44.78,44.76,44.78,4.149272174040418
2026-08-14 04:35:00+00:00,44.78,44.78,44.75,44.76,2.193491694999026
2026-08-14 04:36:00+00:00,44.76,44.76,44.75,44.75,3.094992695992531
2026-08-14 04:37:00+00:00,44.75,44.76,44.75,44.75,2.7941927848587875
2026-08-14 04:38:00+00:00,44.75,44.78,44.75,44.78,8.934550656480358
2026-08-14 04:39:00+00:00,44.78,44.78,44.76,44.78,3.6371539281906857
2026-08-14 04:40:00+00:00,44.78,44.78,44.76,44.78,2.1487969483216727
2026-08-14 04:41:00+00:00,44.78,44.79,44.76,44.79,495.0564063848207
2026-08-14 04:42:00+00:00,44.79,44.8,44.79,44.79,3.8270967790163617
2026-08-14 04:43:00+00:00,44.79,44.8,44.79,44.79,2.2375917824849294
2026-08-14 04:44:00+00:00,44.79,44.8,44.77,44.77,494.8668591549381
2026-08-14 04:45:00+00:00,44.77,44.78,44.77,44.77,4.2778313962994625
2026-08-14 04:46:00+00:00,44.77,44.78,44.77,44.77,6.220588606168613
2026-08-14 04:47:00+00:00,44.77,44.78,44.76,44.76,4.369575565738726
2026-08-14 04:48:00+00:00,44.76,44.78,44.75,44.75,482.0854801021896
2026-08-14 04:49:00+00:00,44.75,44.76,44.74,44.76,495.07226073653874
2026-08-14 04:50:00+00:00,44.76,44.76,44.73,44.74,386.87873888938856
2026-08-14 04:51:00+00:00,44.74,44.76,44.74,44.76,3.519491697237499
2026-08-14 04:52:00+00:00,44.76,44.76,44.74,44.76,4.089510109647519
2026-08-14 04:53:00+00:00,44.76,44.76,44.74,44.76,4.000552971532872
2026-08-14 04:54:00+00:00,44.76,44.76,44.74,44.74,2.857349304071623
2026-08-14 04:55:00+00:00,44.74,44.76,44.74,44.74,3.7204055164523218
2026-08-14 04:56:00+00:00,44.74,44.76,44.74,44.74,1.85292069800172
2026-08-14 04:57:00+00:00,44.74,44.74,44.73,44.73,510.1883034070914
2026-08-14 04:58:00+00:00,44.73,44.74,44.72,44.74,465.94862020668
2026-08-14 04:59:00+00:00,44.74,44.74,44.72,44.74,3.977304619495027
2026-08-14 05:00:00+00:00,44.74,44.74,44.72,44.74,4.1381266278709905
2026-08-14 05:01:00+00:00,44.74,44.74,44.72,44.72,8.437419562306069
2026-08-14 05:02:00+00:00,44.72,44.74,44.72,44.72,4.064040344810765
2026-08-14 05:03:00+00:00,44.72,44.74,44.72,44.72,4.085143120698162
2026-08-14 05:04:00+00:00,44.72,44.74,44.72,44.74,4.007346151447081
2026-08-14 05:05:00+00:00,44.74,44.74,44.72,44.74,3.8097379172687673
2026-08-14 05:06:00+00:00,44.74,44.74,44.72,44.74,3.2172559622961687
2026-08-14 05:07:00+00:00,44.74,44.74,44.72,44.74,4.073271917730989
2026-08-14 05:08:00+00:00,44.74,44.74,44.72,44.74,18.368880804457156
2026-08-14 05:09:00+00:00,44.74,44.75,44.74,44.74,3.767434917574665
2026-08-14 05:10:00+00:00,44.74,44.75,44.72,44.73,5.431115597236041
2026-08-14 05:11:00+00:00,44.73,44.73,44.72,44.73,3.3472000108382356
2026-08-14 05:12:00+00:00,44.73,44.73,44.72,44.73,3.1750110082078637
2026-08-14 05:13:00+00:00,44.73,44.73,44.7,44.72,2213.691883963477
2026-08-14 05:14:00+00:00,44.72,44.72,44.7,44.7,3.5982590455951624
2026-08-14 05:15:00+00:00,44.7,44.72,44.68,44.68,1009.7920963248112
2026-08-14 05:16:00+00:00,44.68,44.69,44.67,44.69,447.36602373413086
2026-08-14 05:17:00+00:00,44.69,44.7,44.69,44.7,4.474791306554774
2026-08-14 05:18:00+00:00,44.7,44.7,44.69,44.7,3.00566088134867
2026-08-14 05:19:00+00:00,44.7,44.7,44.68,44.68,7.025540134903953
2026-08-14 05:20:00+00:00,44.68,44.7,44.68,44.68,3.6922722757305744
2026-08-14 05:21:00+00:00,44.68,44.7,44.68,44.7,12.118297112551796
2026-08-14 05:22:00+00:00,44.7,44.71,44.7,44.71,4.243258408525837
2026-08-14 05:23:00+00:00,44.71,44.71,44.68,44.68,933.12169630815
2026-08-14 05:24:00+00:00,44.68,44.7,44.68,44.7,4.129657166377918
2026-08-14 05:25:00+00:00,44.7,44.73,44.7,44.73,4.500750223352701
2026-08-14 05:26:00+00:00,44.73,44.73,44.71,44.73,4.454493000899105
2026-08-14 05:27:00+00:00,44.73,44.73,44.71,44.73,4.438931018952503
2026-08-14 05:28:00+00:00,44.73,44.73,44.71,44.71,3.562391456520129
2026-08-14 05:29:00+00:00,44.71,44.73,44.71,44.71,3.713696453429191
2026-08-14 05:30:00+00:00,44.71,44.73,44.71,44.71,3.9817125722100193
2026-08-14 05:31:00+00:00,44.71,44.73,44.71,44.73,3.72039748118673
2026-08-14 05:32:00+00:00,44.73,44.73,44.71,44.73,2.0869421654307665
2026-08-14 05:33:00+00:00,44.73,44.75,44.73,44.73,4.262043216024964
2026-08-14 05:34:00+00:00,44.73,44.75,44.73,44.75,3.94880110208114
2026-08-14 05:35:00+00:00,44.75,44.75,44.73,44.75,4.030392225482004
2026-08-14 05:36:00+00:00,44.75,44.76,44.74,44.76,9.561777465703122
2026-08-14 05:37:00+00:00,44.76,44.76,44.74,44.76,3.312094594405647
2026-08-14 05:38:00+00:00,44.76,44.76,44.74,44.76,3.756513664692795
2026-08-14 05:39:00+00:00,44.76,44.76,44.74,44.76,3.8234183663889825
2026-08-14 05:40:00+00:00,44.76,44.76,44.74,44.74,3.481455389355158
2026-08-14 05:41:00+00:00,44.74,44.76,44.74,44.74,4.319079565260987
2026-08-14 05:42:00+00:00,44.74,44.76,44.74,44.74,3.9375060572394647
2026-08-14 05:43:00+00:00,44.74,44.76,44.74,44.76,3.8406795313843904
2026-08-14 05:44:00+00:00,44.76,44.76,44.74,44.76,4.277652761282245
2026-08-14 05:45:00+00:00,44.76,44.76,44.74,44.76,3.8013009731931446
2026-08-14 05:46:00+00:00,44.76,44.76,44.74,44.74,3.5870638537905237
2026-08-14 05:47:00+00:00,44.74,44.76,44.74,44.74,3.971676548006694
2026-08-14 05:48:00+00:00,44.74,44.76,44.74,44.76,21.568601258068163
2026-08-14 05:49:00+00:00,44.76,44.77,44.75,44.77,465.8377945441574
2026-08-14 05:50:00+00:00,44.77,44.77,44.75,44.75,3.6221383034079833
2026-08-14 05:51:00+00:00,44.75,44.77,44.75,44.75,3.87616645224568
2026-08-14 05:52:00+00:00,44.75,44.77,44.75,44.75,4.307869206109937
2026-08-14 05:53:00+00:00,44.75,44.77,44.75,44.75,2.9477657349856434
2026-08-14 05:54:00+00:00,44.75,44.78,44.75,44.78,14.023650912957203
2026-08-14 05:55:00+00:00,44.78,44.78,44.77,44.78,3.0147509034065534
2026-08-14 05:56:00+00:00,44.78,44.79,44.77,44.77,4.099689467103524
2026-08-14 05:57:00+00:00,44.77,44.79,44.76,44.77,467.42706101524305
2026-08-14 05:58:00+00:00,44.77,44.77,44.76,44.76,3.541849185280821
2026-08-14 05:59:00+00:00,44.76,44.77,44.76,44.76,4.624504412683794
2026-08-14 06:00:00+00:00,44.76,44.77,44.76,44.76,4.078266821204915
2026-08-14 06:01:00+00:00,44.76,44.77,44.76,44.77,3.469011992184061
2026-08-14 06:02:00+00:00,44.77,44.77,44.76,44.77,4.241490405833569
2026-08-14 06:03:00+00:00,44.77,44.77,44.76,44.76,16.18106984302451
2026-08-14 06:04:00+00:00,44.76,44.78,44.75,44.77,943.3194865868869
2026-08-14 06:05:00+00:00,44.77,44.77,44.75,44.75,3.5630121028272375
2026-08-14 06:06:00+00:00,44.75,44.77,44.75,44.75,3.962949431170863
2026-08-14 06:07:00+00:00,44.75,44.77,44.75,44.75,3.3883057314667266
2026-08-14 06:08:00+00:00,44.75,44.77,44.75,44.77,3.9401785712948736
2026-08-14 06:09:00+00:00,44.77,44.77,44.75,44.77,3.801406857894415
2026-08-14 06:10:00+00:00,44.77,44.77,44.73,44.75,952.6650363427837
2026-08-14 06:11:00+00:00,44.75,44.75,44.72,44.73,5.052151195191009
2026-08-14 06:12:00+00:00,44.73,44.74,44.72,44.74,3.3663040429235376
2026-08-14 06:13:00+00:00,44.74,44.74,44.72,44.74,2.7507767098793026
2026-08-14 06:14:00+00:00,44.74,44.74,44.72,44.74,3.2591000537392354
2026-08-14 06:15:00+00:00,44.74,44.74,44.72,44.72,3.504969269874121
2026-08-14 06:16:00+00:00,44.72,44.74,44.72,44.72,3.9427492117045975
2026-08-14 06:17:00+00:00,44.72,44.74,44.72,44.72,2.6468215681460685
2026-08-14 06:18:00+00:00,44.72,44.74,44.71,44.72,494.54321233955
2026-08-14 06:19:00+00:00,44.72,44.72,44.71,44.72,4.248632761157273
2026-08-14 06:20:00+00:00,44.72,44.72,44.71,44.71,3.6519240522004455
2026-08-14 06:21:00+00:00,44.71,44.72,44.71,44.71,2.7063067436378905
2026-08-14 06:22:00+00:00,44.71,44.72,44.71,44.71,3.8979852820142047
2026-08-14 06:23:00+00:00,44.71,44.72,44.71,44.71,2.448061713751391
2026-08-14 06:24:00+00:00,44.71,44.74,44.71,44.72,518.7162887836728
2026-08-14 06:25:00+00:00,44.72,44.72,44.71,44.72,4.203702117882326
2026-08-14 06:26:00+00:00,44.72,44.73,44.71,44.73,4.124111348604454
2026-08-14 06:27:00+00:00,44.73,44.73,44.7,44.7,2.1329044670891713
2026-08-14 06:28:00+00:00,44.7,44.71,44.7,44.7,4.25534719647422
2026-08-14 06:29:00+00:00,44.7,44.71,44.7,44.7,3.8030888795153657
2026-08-14 06:30:00+00:00,44.7,44.72,44.7,44.72,8.612465783072889
2026-08-14 06:31:00+00:00,44.72,44.72,44.7,44.72,3.7593638668443567
2026-08-14 06:32:00+00:00,44.72,44.73,44.72,44.72,5.094165444865576
2026-08-14 06:33:00+00:00,44.72,44.73,44.72,44.72,1.3825407823606315
2026-08-14 06:34:00+00:00,44.72,44.73,44.7,44.72,7.203008065571506
2026-08-14 06:35:00+00:00,44.72,44.73,44.7,44.73,7.738774095047125
2026-08-14 06:36:00+00:00,44.73,44.73,44.71,44.71,6.003174367225541
2026-08-14 06:37:00+00:00,44.71,44.73,44.7,44.7,467.40891834519806
2026-08-14 06:38:00+00:00,44.7,44.73,44.7,44.71,3.7266410111055257
2026-08-14 06:39:00+00:00,44.71,44.73,44.71,44.73,3.5118994240799553
2026-08-14 06:40:00+00:00,44.73,44.73,44.71,44.73,3.8576318718994047
2026-08-14 06:41:00+00:00,44.73,44.73,44.71,44.73,3.6478639875236407
2026-08-14 06:42:00+00:00,44.73,44.73,44.71,44.71,3.7265917731093934
2026-08-14 06:43:00+00:00,44.71,44.73,44.71,44.71,3.765006820665038
2026-08-14 06:44:00+00:00,44.71,44.73,44.71,44.71,2.4844812406834955
2026-08-14 06:45:00+00:00,44.71,44.73,44.71,44.73,3.501423136597862
2026-08-14 06:46:00+00:00,44.73,44.74,44.73,44.74,455.60378023367946
2026-08-14 06:47:00+00:00,44.74,44.74,44.72,44.72,466.0991635997914
2026-08-14 06:48:00+00:00,44.72,44.72,44.71,44.72,500.25208244944866
2026-08-14 06:49:00+00:00,44.72,44.73,44.7,44.71,455.7172651240886
2026-08-14 06:50:00+00:00,44.71,44.75,44.71,44.75,6.880501540310463
2026-08-14 06:51:00+00:00,44.75,44.75,44.72,44.73,467.6961412945794
2026-08-14 06:52:00+00:00,44.73,44.74,44.67,44.69,1439.2779063402968
2026-08-14 06:53:00+00:00,44.69,44.72,44.67,44.7,4.5580784653291095
2026-08-14 06:54:00+00:00,44.7,44.72,44.7,44.7,4.324947553357106
2026-08-14 06:55:00+00:00,44.7,44.72,44.7,44.7,4.100540434540746
2026-08-14 06:56:00+00:00,44.7,44.74,44.7,44.72,1451.8476203388293
2026-08-14 06:57:00+00:00,44.72,44.73,44.7,44.7,6.302062695928506
2026-08-14 06:58:00+00:00,44.7,44.71,44.69,44.69,509.2919751099331
2026-08-14 06:59:00+00:00,44.69,44.71,44.69,44.69,4.039091799623231
2026-08-14 07:00:00+00:00,44.69,44.7,44.66,44.66,1249.7341222124578
2026-08-14 07:01:00+00:00,44.66,44.68,44.66,44.66,4.267915536906522
2026-08-14 07:02:00+00:00,44.66,44.69,44.66,44.68,8.47618118419594
2026-08-14 07:03:00+00:00,44.68,44.7,44.68,44.7,5.614005112928451
2026-08-14 07:04:00+00:00,44.7,44.7,44.68,44.7,3.9868634225183706
2026-08-14 07:05:00+00:00,44.7,44.7,44.68,44.7,4.42848856096247
2026-08-14 07:06:00+00:00,44.7,44.71,44.7,44.7,8.87899685119665
2026-08-14 07:07:00+00:00,44.7,44.71,44.69,44.71,6.109515137378262
2026-08-14 07:08:00+00:00,44.71,44.71,44.68,44.69,503.246698763324
2026-08-14 07:09:00+00:00,44.69,44.7,44.68,44.7,48.39277322684004
2026-08-14 07:10:00+00:00,44.7,44.7,44.67,44.68,468.53818973172815
2026-08-14 07:11:00+00:00,44.68,44.7,44.68,44.68,2.5677731779955497
2026-08-14 07:12:00+00:00,44.68,44.7,44.68,44.7,3.6314880161987104
2026-08-14 07:13:00+00:00,44.7,44.7,44.68,44.7,1.8090239415660756
2026-08-14 07:14:00+00:00,44.7,44.7,44.68,44.7,3.13178747604141
2026-08-14 07:15:00+00:00,44.7,44.7,44.68,44.68,3.7302350194973353
2026-08-14 07:16:00+00:00,44.68,44.7,44.68,44.68,4.0995175135540025
2026-08-14 07:17:00+00:00,44.68,44.7,44.68,44.7,3.943991736414453
2026-08-14 07:18:00+00:00,44.7,44.7,44.68,44.7,4.1764179980332425
2026-08-14 07:19:00+00:00,44.7,44.7,44.68,44.7,4.368382662492815
2026-08-14 07:20:00+00:00,44.7,44.7,44.68,44.68,3.658373659871139
2026-08-14 07:21:00+00:00,44.68,44.7,44.68,44.68,3.4290387823728867
2026-08-14 07:22:00+00:00,44.68,44.7,44.68,44.68,3.6628020584859975
2026-08-14 07:23:00+00:00,44.68,44.7,44.68,44.7,3.851589137971436
2026-08-14 07:24:00+00:00,44.7,44.7,44.68,44.7,3.8614881363671865
2026-08-14 07:25:00+00:00,44.7,44.7,44.68,44.7,4.173921167476802
2026-08-14 07:26:00+00:00,44.7,44.7,44.68,44.7,3.9950522332309895
2026-08-14 07:27:00+00:00,44.7,44.7,44.68,44.68,3.865661687686136
2026-08-14 07:28:00+00:00,44.68,44.7,44.68,44.68,3.8530623333914145
2026-08-14 07:29:00+00:00,44.68,44.7,44.68,44.68,4.3478014175874575
2026-08-14 07:30:00+00:00,44.68,44.7,44.68,44.7,2.7038762144526625
2026-08-14 07:31:00+00:00,44.7,44.7,44.68,44.7,1.2049856098249745
2026-08-14 07:32:00+00:00,44.7,44.7,44.67,44.67,456.94279200218693
2026-08-14 07:33:00+00:00,44.67,44.69,44.67,44.67,6.2594825186514305
2026-08-14 07:34:00+00:00,44.67,44.69,44.67,44.67,3.9104785081898674
2026-08-14 07:35:00+00:00,44.67,44.69,44.66,44.67,537.1357664835376
2026-08-14 07:36:00+00:00,44.67,44.68,44.66,44.68,6.487289231320601
2026-08-14 07:37:00+00:00,44.68,44.68,44.66,44.68,4.243599747580546
2026-08-14 07:38:00+00:00,44.68,44.68,44.63,44.63,5370.786020072758
2026-08-14 07:39:00+00:00,44.63,44.64,44.57,44.57,12472.011628081136
2026-08-14 07:40:00+00:00,44.57,44.61,44.57,44.61,4.935631266484838
2026-08-14 07:41:00+00:00,44.61,44.63,44.59,44.63,4.502667615878481
2026-08-14 07:42:00+00:00,44.63,44.63,44.61,44.63,3.4250910535267107
2026-08-14 07:43:00+00:00,44.63,44.63,44.61,44.61,3.14356761763752
2026-08-14 07:44:00+00:00,44.61,44.63,44.61,44.61,1.6696484376785428
2026-08-14 07:45:00+00:00,44.61,44.64,44.61,44.63,8.814110280584751
2026-08-14 07:46:00+00:00,44.63,44.64,44.62,44.62,6.323523873109045
2026-08-14 07:47:00+00:00,44.62,44.64,44.61,44.62,502.68063582476407
2026-08-14 07:48:00+00:00,44.62,44.63,44.61,44.63,4.919022520406337
2026-08-14 07:49:00+00:00,44.63,44.65,44.61,44.63,10.515612474516466
2026-08-14 07:50:00+00:00,44.63,44.67,44.63,44.67,480.346486019178
2026-08-14 07:51:00+00:00,44.67,44.67,44.65,44.67,4.110431606823813
2026-08-14 07:52:00+00:00,44.67,44.67,44.65,44.67,4.077374851185664
2026-08-14 07:53:00+00:00,44.67,44.67,44.65,44.67,4.251536746643483
2026-08-14 07:54:00+00:00,44.67,44.67,44.65,44.65,2.3672629768983997
2026-08-14 07:55:00+00:00,44.65,44.67,44.65,44.65,3.594933275775495
2026-08-14 07:56:00+00:00,44.65,44.67,44.65,44.65,3.3098871831279326
2026-08-14 07:57:00+00:00,44.65,44.67,44.63,44.64,500.0992767473008
2026-08-14 07:58:00+00:00,44.64,44.64,44.61,44.62,959.9174073086024
2026-08-14 07:59:00+00:00,44.62,44.62,44.61,44.61,3.7509127011519023
2026-08-14 08:00:00+00:00,44.61,44.65,44.61,44.65,468.1620331281257
2026-08-14 08:01:00+00:00,44.65,44.65,44.63,44.65,3.677007250607772
2026-08-14 08:02:00+00:00,44.65,44.65,44.63,44.65,4.149941359326491
2026-08-14 08:03:00+00:00,44.65,44.65,44.56,44.56,10065.447929304084
2026-08-14 08:04:00+00:00,44.56,44.57,44.49,44.5,15486.058168686272
2026-08-14 08:05:00+00:00,44.5,44.51,44.47,44.48,5337.811277466758
2026-08-14 08:06:00+00:00,44.48,44.5,44.48,44.49,454.7905647828953
2026-08-14 08:07:00+00:00,44.49,44.51,44.49,44.49,4.832859155181272
2026-08-14 08:08:00+00:00,44.49,44.51,44.49,44.49,71.67053442052652
2026-08-14 08:09:00+00:00,44.49,44.51,44.49,44.51,3.7777299016654418
2026-08-14 08:10:00+00:00,44.51,44.51,44.49,44.51,3.378495077818209
2026-08-14 08:11:00+00:00,44.51,44.51,44.49,44.51,3.6851463797574233
2026-08-14 08:12:00+00:00,44.51,44.51,44.48,44.5,15.048161616596946
2026-08-14 08:13:00+00:00,44.5,44.5,44.48,44.48,2.0606718131113086
2026-08-14 08:14:00+00:00,44.48,44.5,44.48,44.48,2.6727236278393014
2026-08-14 08:15:00+00:00,44.48,44.51,44.48,44.5,7.486233440687314
2026-08-14 08:16:00+00:00,44.5,44.54,44.5,44.54,17.16971621577095
2026-08-14 08:17:00+00:00,44.54,44.54,44.5,44.5,965.2885780733878
2026-08-14 08:18:00+00:00,44.5,44.52,44.5,44.5,4.131924185065165
2026-08-14 08:19:00+00:00,44.5,44.52,44.47,44.49,954.472001438184
2026-08-14 08:20:00+00:00,44.49,44.49,44.47,44.49,3.706319816880749
2026-08-14 08:21:00+00:00,44.49,44.52,44.46,44.52,8416.461057117096
2026-08-14 08:22:00+00:00,44.52,44.52,44.49,44.5,467.97667776513504
2026-08-14 08:23:00+00:00,44.5,44.5,44.48,44.5,498.6343324411841
2026-08-14 08:24:00+00:00,44.5,44.5,44.47,44.48,455.53457678644264
2026-08-14 08:25:00+00:00,44.48,44.48,44.47,44.47,3.2587656550046673
2026-08-14 08:26:00+00:00,44.47,44.48,44.46,44.46,498.87286380301794
2026-08-14 08:27:00+00:00,44.46,44.48,44.46,44.48,10.2590478123574
2026-08-14 08:28:00+00:00,44.48,44.5,44.48,44.5,4.793942092161845
2026-08-14 08:29:00+00:00,44.5,44.5,44.48,44.5,4.77010004243796
2026-08-14 08:30:00+00:00,44.5,44.5,44.48,44.48,4.087640307978336
2026-08-14 08:31:00+00:00,44.48,44.5,44.48,44.48,5.785855598333481
2026-08-14 08:32:00+00:00,44.48,44.5,44.48,44.48,3.8496298096354375
2026-08-14 08:33:00+00:00,44.48,44.52,44.48,44.52,14.589393409516989
2026-08-14 08:34:00+00:00,44.52,44.56,44.5,44.55,5.282789399638703
2026-08-14 08:35:00+00:00,44.55,44.56,44.54,44.56,467.41841976419
2026-08-14 08:36:00+00:00,44.56,44.56,44.53,44.53,473.6045850821598
2026-08-14 08:37:00+00:00,44.53,44.57,44.53,44.57,6.99431742578186
2026-08-14 08:38:00+00:00,44.57,44.57,44.54,44.57,504.6643323460017
2026-08-14 08:39:00+00:00,44.57,44.57,44.56,44.57,4.3672536523951795
2026-08-14 08:40:00+00:00,44.57,44.57,44.56,44.56,3.761389785257008
2026-08-14 08:41:00+00:00,44.56,44.57,44.55,44.55,6.866678750605497
2026-08-14 08:42:00+00:00,44.55,44.57,44.54,44.54,512.8417839422892
2026-08-14 08:43:00+00:00,44.54,44.55,44.54,44.55,3.676084383222536
2026-08-14 08:44:00+00:00,44.55,44.55,44.54,44.55,3.6429257601207903
2026-08-14 08:45:00+00:00,44.55,44.55,44.54,44.55,4.012577851558543
2026-08-14 08:46:00+00:00,44.55,44.56,44.54,44.56,13.294430748730193
2026-08-14 08:47:00+00:00,44.56,44.58,44.56,44.58,8.087749186631877
2026-08-14 08:48:00+00:00,44.58,44.62,44.56,44.62,1598.9679333794345
2026-08-14 08:49:00+00:00,44.62,44.63,44.58,44.58,945.6308438415987
2026-08-14 08:50:00+00:00,44.58,44.6,44.58,44.6,3.5393911283589534
2026-08-14 08:51:00+00:00,44.6,44.6,44.58,44.6,3.741893376546824
2026-08-14 08:52:00+00:00,44.6,44.6,44.58,44.6,4.07077804400614
2026-08-14 08:53:00+00:00,44.6,44.6,44.57,44.57,512.2011246244457
2026-08-14 08:54:00+00:00,44.57,44.58,44.57,44.57,3.781490767719818
2026-08-14 08:55:00+00:00,44.57,44.58,44.56,44.58,472.5954522032338
2026-08-14 08:56:00+00:00,44.58,44.58,44.56,44.56,3.9630397675330817
2026-08-14 08:57:00+00:00,44.56,44.58,44.56,44.56,3.6835715329913423
2026-08-14 08:58:00+00:00,44.56,44.59,44.56,44.59,7.967340190687526
2026-08-14 08:59:00+00:00,44.59,44.6,44.58,44.58,5.693436231270933
2026-08-14 09:00:00+00:00,44.58,44.62,44.58,44.62,468.63281061495735
2026-08-14 09:01:00+00:00,44.62,44.62,44.6,44.62,4.147156054213658
2026-08-14 09:02:00+00:00,44.62,44.63,44.6,44.61,8.340999943039716
2026-08-14 09:03:00+00:00,44.61,44.63,44.61,44.61,4.239375918251454
2026-08-14 09:04:00+00:00,44.61,44.63,44.61,44.61,2.6806070014113406
2026-08-14 09:05:00+00:00,44.61,44.63,44.61,44.63,3.316789224088288
2026-08-14 09:06:00+00:00,44.63,44.63,44.61,44.63,4.099316902034879
2026-08-14 09:07:00+00:00,44.63,44.63,44.61,44.63,4.149399448291949
2026-08-14 09:08:00+00:00,44.63,44.63,44.61,44.61,3.2735642227660513
2026-08-14 09:09:00+00:00,44.61,44.63,44.59,44.61,944.3053990437554
2026-08-14 09:10:00+00:00,44.61,44.61,44.59,44.61,3.7979923333463534
2026-08-14 09:11:00+00:00,44.61,44.62,44.59,44.61,7.482968347835731
2026-08-14 09:12:00+00:00,44.61,44.62,44.61,44.61,3.980346814681872
2026-08-14 09:13:00+00:00,44.61,44.63,44.61,44.63,8.968007632380012
2026-08-14 09:14:00+00:00,44.63,44.64,44.63,44.64,1.6735591054524779
2026-08-14 09:15:00+00:00,44.64,44.64,44.62,44.64,467.04187727753055
2026-08-14 09:16:00+00:00,44.64,44.64,44.62,44.64,4.22022538191884
2026-08-14 09:17:00+00:00,44.64,44.64,44.62,44.62,3.889707962017772
2026-08-14 09:18:00+00:00,44.62,44.64,44.62,44.64,3.9396766943958466
2026-08-14 09:19:00+00:00,44.64,44.64,44.64,44.64,0.0
2026-08-14 09:20:00+00:00,44.64,44.64,44.62,44.64,3.365721759935352
2026-08-14 09:21:00+00:00,44.64,44.64,44.62,44.64,3.886823779940204
2026-08-14 09:22:00+00:00,44.64,44.64,44.62,44.64,4.285151775486828
2026-08-14 09:23:00+00:00,44.64,44.64,44.62,44.62,3.4267642911306786
2026-08-14 09:24:00+00:00,44.62,44.64,44.62,44.64,3.57470584939489
2026-08-14 09:25:00+00:00,44.64,44.64,44.62,44.62,2.232606858152234
2026-08-14 09:26:00+00:00,44.62,44.66,44.62,44.65,983.5981607746764
2026-08-14 09:27:00+00:00,44.65,44.72,44.65,44.7,497.70887878960417
2026-08-14 09:28:00+00:00,44.7,44.72,44.68,44.7,959.2115376104413
2026-08-14 09:29:00+00:00,44.7,44.7,44.68,44.68,4.155689356477781
2026-08-14 09:30:00+00:00,44.68,44.7,44.67,44.67,454.7057485704025
2026-08-14 09:31:00+00:00,44.67,44.68,44.66,44.66,495.27293031199247
2026-08-14 09:32:00+00:00,44.66,44.68,44.65,44.65,816.9763219804322
2026-08-14 09:33:00+00:00,44.65,44.68,44.65,44.68,5.988561367030495
2026-08-14 09:34:00+00:00,44.68,44.69,44.67,44.69,455.447086539774
2026-08-14 09:35:00+00:00,44.69,44.69,44.66,44.66,496.3842920147915
2026-08-14 09:36:00+00:00,44.66,44.67,44.64,44.64,946.5874736951248
2026-08-14 09:37:00+00:00,44.64,44.65,44.64,44.64,4.140783703998042
2026-08-14 09:38:00+00:00,44.64,44.65,44.64,44.65,3.4762626531726246
2026-08-14 09:39:00+00:00,44.65,44.65,44.61,44.62,176.11146078594277
2026-08-14 09:40:00+00:00,44.62,44.62,44.59,44.59,798.3406181729681
2026-08-14 09:41:00+00:00,44.59,44.61,44.58,44.58,1548.876150779363
2026-08-14 09:42:00+00:00,44.58,44.6,44.57,44.58,429.97050121153296
2026-08-14 09:43:00+00:00,44.58,44.58,44.57,44.57,3.9124228546281383
2026-08-14 09:44:00+00:00,44.57,44.59,44.57,44.59,8.328299699493465
2026-08-14 09:45:00+00:00,44.59,44.63,44.57,44.63,947.4600167067229
2026-08-14 09:46:00+00:00,44.63,44.63,44.61,44.61,3.83662091400548
2026-08-14 09:47:00+00:00,44.61,44.63,44.61,44.61,2.535137356680446
2026-08-14 09:48:00+00:00,44.61,44.63,44.61,44.61,3.874793101946649
2026-08-14 09:49:00+00:00,44.61,44.64,44.61,44.64,8.702518743319223
2026-08-14 09:50:00+00:00,44.64,44.66,44.63,44.66,5.914376693203892
2026-08-14 09:51:00+00:00,44.66,44.66,44.64,44.66,467.45994006245456
2026-08-14 09:52:00+00:00,44.66,44.66,44.64,44.66,6.132160664544337
2026-08-14 09:53:00+00:00,44.66,44.66,44.64,44.66,4.175027387332727
2026-08-14 09:54:00+00:00,44.66,44.66,44.64,44.64,3.3530494340352517
2026-08-14 09:55:00+00:00,44.64,44.67,44.64,44.67,14.087864164855276
2026-08-14 09:56:00+00:00,44.67,44.67,44.64,44.65,4.429543351732094
2026-08-14 09:57:00+00:00,44.65,44.65,44.63,44.63,453.79540861499424
2026-08-14 09:58:00+00:00,44.63,44.65,44.63,44.63,3.972010566411547
2026-08-14 09:59:00+00:00,44.63,44.65,44.63,44.65,3.6814953660293583
2026-08-14 10:00:00+00:00,44.65,44.65,44.6,44.62,1439.3656380107225
2026-08-14 10:01:00+00:00,44.62,44.63,44.6,44.63,6.471368625375916
2026-08-14 10:02:00+00:00,44.63,44.64,44.62,44.62,3.9936003692672006
2026-08-14 10:03:00+00:00,44.62,44.66,44.62,44.66,12.904240066624006
2026-08-14 10:04:00+00:00,44.66,44.66,44.64,44.66,4.227928598715584
2026-08-14 10:05:00+00:00,44.66,44.66,44.64,44.64,3.933137599176253
2026-08-14 10:06:00+00:00,44.64,44.66,44.64,44.64,2.5919362864301685
2026-08-14 10:07:00+00:00,44.64,44.66,44.64,44.64,4.112741981631025
2026-08-14 10:08:00+00:00,44.64,44.66,44.64,44.66,3.680008651588184
2026-08-14 10:09:00+00:00,44.66,44.66,44.63,44.63,476.49735251494366
2026-08-14 10:10:00+00:00,44.63,44.65,44.63,44.65,6.591815592413909
2026-08-14 10:11:00+00:00,44.65,44.66,44.65,44.66,4.071937721312552
2026-08-14 10:12:00+00:00,44.66,44.66,44.64,44.64,468.1073377680319
2026-08-14 10:13:00+00:00,44.64,44.66,44.63,44.64,467.14142768802947
2026-08-14 10:14:00+00:00,44.64,44.64,44.63,44.63,3.4122392639761254
2026-08-14 10:15:00+00:00,44.63,44.64,44.62,44.62,496.7652371732544
2026-08-14 10:16:00+00:00,44.62,44.67,44.62,44.67,13.37328105214827
2026-08-14 10:17:00+00:00,44.67,44.67,44.66,44.67,3.917023811278229
2026-08-14 10:18:00+00:00,44.67,44.67,44.66,44.66,3.5334019561874404
2026-08-14 10:19:00+00:00,44.66,44.67,44.66,44.66,2.47676801595539
2026-08-14 10:20:00+00:00,44.66,44.67,44.65,44.67,7.56767588869076
2026-08-14 10:21:00+00:00,44.67,44.67,44.64,44.64,498.51954561198
2026-08-14 10:22:00+00:00,44.64,44.65,44.64,44.65,2.264069725904787
2026-08-14 10:23:00+00:00,44.65,44.65,44.64,44.65,3.4344947360393663
2026-08-14 10:24:00+00:00,44.65,44.65,44.64,44.65,4.118168109589921
2026-08-14 10:25:00+00:00,44.65,44.65,44.63,44.63,470.88754425628593
2026-08-14 10:26:00+00:00,44.63,44.65,44.62,44.63,498.1408924573729
2026-08-14 10:27:00+00:00,44.63,44.63,44.62,44.62,3.5241305999937933
2026-08-14 10:28:00+00:00,44.62,44.63,44.62,44.62,3.7685925101785656
2026-08-14 10:29:00+00:00,44.62,44.65,44.62,44.65,8.92008480057399
2026-08-14 10:30:00+00:00,44.65,44.66,44.64,44.66,6.35059016889586
2026-08-14 10:31:00+00:00,44.66,44.66,44.64,44.66,3.9969813240461183
2026-08-14 10:32:00+00:00,44.66,44.66,44.64,44.64,3.823749341901455
2026-08-14 10:33:00+00:00,44.64,44.66,44.63,44.64,2.404197000520512
2026-08-14 10:34:00+00:00,44.64,44.64,44.63,44.63,3.618591920064376
2026-08-14 10:35:00+00:00,44.63,44.64,44.63,44.63,4.573733633852858
2026-08-14 10:36:00+00:00,44.63,44.65,44.63,44.64,8.7243796347444
2026-08-14 10:37:00+00:00,44.64,44.65,44.61,44.61,1408.0701919023545
2026-08-14 10:38:00+00:00,44.61,44.61,44.59,44.61,497.03290487240366
2026-08-14 10:39:00+00:00,44.61,44.61,44.59,44.61,4.289607552414464
2026-08-14 10:40:00+00:00,44.61,44.61,44.58,44.59,497.3038754379178
2026-08-14 10:41:00+00:00,44.59,44.59,44.58,44.58,3.8239684062286856
2026-08-14 10:42:00+00:00,44.58,44.59,44.58,44.58,10.878434736265648
2026-08-14 10:43:00+00:00,44.58,44.59,44.58,44.58,4.1414884238640655
2026-08-14 10:44:00+00:00,44.58,44.59,44.58,44.59,3.7639895761300983
2026-08-14 10:45:00+00:00,44.59,44.59,44.57,44.59,491.2593870368864
2026-08-14 10:46:00+00:00,44.59,44.59,44.57,44.59,24.121232179331113
2026-08-14 10:47:00+00:00,44.59,44.59,44.53,44.53,2336.3650739333457
2026-08-14 10:48:00+00:00,44.53,44.55,44.53,44.53,5.879782529630448
2026-08-14 10:49:00+00:00,44.53,44.55,44.53,44.55,3.745508240072205
2026-08-14 10:50:00+00:00,44.55,44.55,44.53,44.55,3.759821863115523
2026-08-14 10:51:00+00:00,44.55,44.55,44.53,44.55,4.085527344709918
2026-08-14 10:52:00+00:00,44.55,44.57,44.53,44.56,504.9628172992258
2026-08-14 10:53:00+00:00,44.56,44.57,44.53,44.53,997.8891049020077
2026-08-14 10:54:00+00:00,44.53,44.55,44.53,44.53,4.336616044417527
2026-08-14 10:55:00+00:00,44.53,44.55,44.53,44.55,3.9384785197585552
2026-08-14 10:56:00+00:00,44.55,44.55,44.51,44.52,656.71288146108
2026-08-14 10:57:00+00:00,44.52,44.52,44.51,44.52,6.913752408929982
2026-08-14 10:58:00+00:00,44.52,44.53,44.51,44.51,10.599529083296147
2026-08-14 10:59:00+00:00,44.51,44.53,44.5,44.53,500.23036891178486
2026-08-14 11:00:00+00:00,44.53,44.55,44.52,44.54,131.9580694520265
2026-08-14 11:01:00+00:00,44.54,44.55,44.54,44.54,4.446455111409459
2026-08-14 11:02:00+00:00,44.54,44.55,44.54,44.54,3.743900089554931
2026-08-14 11:03:00+00:00,44.54,44.55,44.54,44.54,4.359572767035721
2026-08-14 11:04:00+00:00,44.54,44.57,44.54,44.55,474.32236073315073
2026-08-14 11:05:00+00:00,44.55,44.57,44.54,44.54,497.6869651469217
2026-08-14 11:06:00+00:00,44.54,44.55,44.52,44.52,494.3897664080912
2026-08-14 11:07:00+00:00,44.52,44.53,44.52,44.52,4.167554722993816
2026-08-14 11:08:00+00:00,44.52,44.54,44.52,44.54,5.982190984210054
2026-08-14 11:09:00+00:00,44.54,44.55,44.52,44.53,474.4561355013621
2026-08-14 11:10:00+00:00,44.53,44.54,44.52,44.54,25.057678632784008
2026-08-14 11:11:00+00:00,44.54,44.55,44.52,44.55,4.867665820563166
2026-08-14 11:12:00+00:00,44.55,44.55,44.47,44.5,966.3621102366461
2026-08-14 11:13:00+00:00,44.5,44.51,44.49,44.51,4.818696059697348
2026-08-14 11:14:00+00:00,44.51,44.51,44.48,44.48,6.081067916148564
2026-08-14 11:15:00+00:00,44.48,44.49,44.48,44.48,4.142871690510033
2026-08-14 11:16:00+00:00,44.48,44.53,44.48,44.53,503.97612618093945
2026-08-14 11:17:00+00:00,44.53,44.54,44.53,44.53,4.0237274639448835
2026-08-14 11:18:00+00:00,44.53,44.54,44.53,44.53,8.036902963255097
2026-08-14 11:19:00+00:00,44.53,44.55,44.53,44.55,3.6590316065815727
2026-08-14 11:20:00+00:00,44.55,44.55,44.51,44.54,957.685352890996
2026-08-14 11:21:00+00:00,44.54,44.55,44.53,44.55,22.208153359033137
2026-08-14 11:22:00+00:00,44.55,44.55,44.53,44.53,3.1950657005466496
2026-08-14 11:23:00+00:00,44.53,44.55,44.53,44.53,4.267983359306063
2026-08-14 11:24:00+00:00,44.53,44.55,44.53,44.55,3.5004023164499247
2026-08-14 11:25:00+00:00,44.55,44.55,44.52,44.52,480.53477017600727
2026-08-14 11:26:00+00:00,44.52,44.55,44.52,44.55,5.7853538624131025
2026-08-14 11:27:00+00:00,44.55,44.55,44.54,44.55,3.1508317823749645
2026-08-14 11:28:00+00:00,44.55,44.55,44.52,44.52,472.02270695255214
2026-08-14 11:29:00+00:00,44.52,44.53,44.52,44.52,454.3660754260986
2026-08-14 11:30:00+00:00,44.52,44.54,44.52,44.52,4.8752779057075095
2026-08-14 11:31:00+00:00,44.52,44.54,44.52,44.54,4.302756237162876
2026-08-14 11:32:00+00:00,44.54,44.54,44.52,44.54,3.1118767022868488
2026-08-14 11:33:00+00:00,44.54,44.54,44.52,44.52,2.773679221076303
2026-08-14 11:34:00+00:00,44.52,44.54,44.52,44.52,2.0046792489140266
2026-08-14 11:35:00+00:00,44.52,44.54,44.52,44.52,3.180108242346341
2026-08-14 11:36:00+00:00,44.52,44.56,44.52,44.55,436.8073334034158
2026-08-14 11:37:00+00:00,44.55,44.57,44.55,44.55,6.271274168116703
2026-08-14 11:38:00+00:00,44.55,44.58,44.55,44.58,24.858524994655316
2026-08-14 11:39:00+00:00,44.58,44.58,44.55,44.56,502.98074782889694
2026-08-14 11:40:00+00:00,44.56,44.56,44.53,44.54,468.64594644247785
2026-08-14 11:41:00+00:00,44.54,44.54,44.52,44.52,453.978540967666
2026-08-14 11:42:00+00:00,44.52,44.54,44.52,44.54,3.810571607297679
2026-08-14 11:43:00+00:00,44.54,44.54,44.52,44.54,4.0804871480494835
2026-08-14 11:44:00+00:00,44.54,44.54,44.52,44.54,3.9317285995487063
2026-08-14 11:45:00+00:00,44.54,44.54,44.52,44.52,7.0274072616378636
2026-08-14 11:46:00+00:00,44.52,44.54,44.52,44.52,10.680648556412338
2026-08-14 11:47:00+00:00,44.52,44.54,44.52,44.52,3.882242023988048
2026-08-14 11:48:00+00:00,44.52,44.54,44.52,44.54,3.3363275931141576
2026-08-14 11:49:00+00:00,44.54,44.54,44.52,44.54,3.791188362137308
2026-08-14 11:50:00+00:00,44.54,44.55,44.52,44.54,22.78627315178884
2026-08-14 11:51:00+00:00,44.54,44.55,44.54,44.55,3.8985255942148624
2026-08-14 11:52:00+00:00,44.55,44.55,44.54,44.55,3.900407164999292
2026-08-14 11:53:00+00:00,44.55,44.55,44.54,44.55,4.196947557700439
2026-08-14 11:54:00+00:00,44.55,44.55,44.54,44.54,3.8999219455947487
2026-08-14 11:55:00+00:00,44.54,44.55,44.54,44.54,4.223035120954593
2026-08-14 11:56:00+00:00,44.54,44.56,44.54,44.54,4.486751350694152
2026-08-14 11:57:00+00:00,44.54,44.56,44.53,44.54,484.9694632820164
2026-08-14 11:58:00+00:00,44.54,44.54,44.52,44.54,467.7349332577501
2026-08-14 11:59:00+00:00,44.54,44.54,44.53,44.53,3.9028675440773366
2026-08-14 12:00:00+00:00,44.53,44.55,44.53,44.53,471.785423675164
2026-08-14 12:01:00+00:00,44.53,44.54,44.52,44.52,8.418454496451583
2026-08-14 12:02:00+00:00,44.52,44.54,44.52,44.54,3.888900081132842
2026-08-14 12:03:00+00:00,44.54,44.55,44.52,44.55,10.375186841701542
2026-08-14 12:04:00+00:00,44.55,44.55,44.52,44.52,468.12237103348986
2026-08-14 12:05:00+00:00,44.52,44.53,44.5,44.5,6.2161772264145485
2026-08-14 12:06:00+00:00,44.5,44.53,44.5,44.53,467.7843265483942
2026-08-14 12:07:00+00:00,44.53,44.53,44.51,44.53,4.313724411781192
2026-08-14 12:08:00+00:00,44.53,44.53,44.47,44.49,503.7968261317697
2026-08-14 12:09:00+00:00,44.49,44.49,44.36,44.38,27720.142812277143
2026-08-14 12:10:00+00:00,44.38,44.38,44.32,44.34,6275.875059014487
2026-08-14 12:11:00+00:00,44.34,44.38,44.34,44.38,3.8114046145301694
2026-08-14 12:12:00+00:00,44.38,44.38,44.36,44.38,3.950044486281483
2026-08-14 12:13:00+00:00,44.38,44.4,44.36,44.38,89.07240709772029
2026-08-14 12:14:00+00:00,44.38,44.4,44.38,44.4,3.4496262113848863
2026-08-14 12:15:00+00:00,44.4,44.44,44.38,44.44,486.61918214740865
2026-08-14 12:16:00+00:00,44.44,44.44,44.43,44.43,3.8511398810373945
2026-08-14 12:17:00+00:00,44.43,44.44,44.43,44.43,4.109738678121694
2026-08-14 12:18:00+00:00,44.43,44.44,44.4,44.4,501.41886518654064
2026-08-14 12:19:00+00:00,44.4,44.42,44.4,44.42,3.5080794403137943
2026-08-14 12:20:00+00:00,44.42,44.42,44.4,44.42,4.074089810206424
2026-08-14 12:21:00+00:00,44.42,44.42,44.4,44.42,10.986400716339933
2026-08-14 12:22:00+00:00,44.42,44.42,44.4,44.42,3.9756753308914496
2026-08-14 12:23:00+00:00,44.42,44.43,44.4,44.43,13.117675510351248
2026-08-14 12:24:00+00:00,44.43,44.46,44.42,44.46,475.08534703277473
2026-08-14 12:25:00+00:00,44.46,44.47,44.45,44.47,3.460617041151844
2026-08-14 12:26:00+00:00,44.47,44.47,44.45,44.47,3.6040551143160178
2026-08-14 12:27:00+00:00,44.47,44.47,44.43,44.44,504.54085258339785
2026-08-14 12:28:00+00:00,44.44,44.44,44.43,44.43,3.89586677776488
2026-08-14 12:29:00+00:00,44.43,44.45,44.43,44.43,7.085064721156582
2026-08-14 12:30:00+00:00,44.43,44.46,44.42,44.42,925.9025019772157
2026-08-14 12:31:00+00:00,44.42,44.47,44.42,44.46,5.509604752061437
2026-08-14 12:32:00+00:00,44.46,44.47,44.46,44.47,3.530567064626099
2026-08-14 12:33:00+00:00,44.47,44.47,44.45,44.45,470.852610161037
2026-08-14 12:34:00+00:00,44.45,44.47,44.44,44.44,6.041989828068074
2026-08-14 12:35:00+00:00,44.44,44.44,44.38,44.4,1430.1736036729633
2026-08-14 12:36:00+00:00,44.4,44.42,44.4,44.42,4.986692214880048
2026-08-14 12:37:00+00:00,44.42,44.42,44.39,44.39,471.3082772955488
2026-08-14 12:38:00+00:00,44.39,44.4,44.38,44.4,499.62927727430866
2026-08-14 12:39:00+00:00,44.4,44.4,44.37,44.4,457.7251995696992
2026-08-14 12:40:00+00:00,44.4,44.4,44.38,44.4,3.893797678931748
2026-08-14 12:41:00+00:00,44.4,44.4,44.37,44.39,470.33543440665954
2026-08-14 12:42:00+00:00,44.39,44.39,44.37,44.37,3.504982655477097
2026-08-14 12:43:00+00:00,44.37,44.39,44.37,44.37,3.339027732907903
2026-08-14 12:44:00+00:00,44.37,44.39,44.37,44.39,3.2855908630059654
2026-08-14 12:45:00+00:00,44.39,44.39,44.37,44.39,4.213817230366835
2026-08-14 12:46:00+00:00,44.39,44.39,44.37,44.37,3.722490756044309
2026-08-14 12:47:00+00:00,44.37,44.39,44.37,44.37,2.770367691294046
2026-08-14 12:48:00+00:00,44.37,44.39,44.36,44.36,1036.3574737350923
2026-08-14 12:49:00+00:00,44.36,44.39,44.36,44.38,6.513584002225278
2026-08-14 12:50:00+00:00,44.38,44.41,44.38,44.41,5.521864141044748
2026-08-14 12:51:00+00:00,44.41,44.41,44.37,44.39,966.4135502296616
2026-08-14 12:52:00+00:00,44.39,44.39,44.35,44.35,458.62627507380705
2026-08-14 12:53:00+00:00,44.35,44.37,44.34,44.34,531.9645379199285
2026-08-14 12:54:00+00:00,44.34,44.36,44.34,44.34,6.931718009536529
2026-08-14 12:55:00+00:00,44.34,44.37,44.34,44.37,5.318451244395507
2026-08-14 12:56:00+00:00,44.37,44.38,44.36,44.38,6.649498338581538
2026-08-14 12:57:00+00:00,44.38,44.38,44.36,44.36,3.5181607955069567
2026-08-14 12:58:00+00:00,44.36,44.38,44.36,44.36,4.133051448044209
2026-08-14 12:59:00+00:00,44.36,44.38,44.34,44.38,940.6624813861861
2026-08-14 13:00:00+00:00,44.38,44.38,44.37,44.38,4.0365563840388035
2026-08-14 13:01:00+00:00,44.38,44.38,44.36,44.36,471.18549956806174
2026-08-14 13:02:00+00:00,44.36,44.38,44.34,44.34,966.6530558227978
2026-08-14 13:03:00+00:00,44.34,44.36,44.34,44.34,3.9520600711039746
2026-08-14 13:04:00+00:00,44.34,44.36,44.33,44.34,457.27998672630633
2026-08-14 13:05:00+00:00,44.34,44.37,44.34,44.36,6.130755717625477
2026-08-14 13:06:00+00:00,44.36,44.37,44.34,44.34,471.2579047582592
2026-08-14 13:07:00+00:00,44.34,44.37,44.34,44.34,997.9207600810677
2026-08-14 13:08:00+00:00,44.34,44.36,44.34,44.34,558.401303194774
2026-08-14 13:09:00+00:00,44.34,44.38,44.34,44.36,1654.1880083784265
2026-08-14 13:10:00+00:00,44.36,44.36,44.34,44.36,4.243536999731154
2026-08-14 13:11:00+00:00,44.36,44.36,44.33,44.36,440.0694300942739
2026-08-14 13:12:00+00:00,44.36,44.39,44.35,44.37,8.545495710309739
2026-08-14 13:13:00+00:00,44.37,44.41,44.37,44.39,5.563222413116955
2026-08-14 13:14:00+00:00,44.39,44.41,44.39,44.41,7.022842663077402
2026-08-14 13:15:00+00:00,44.41,44.41,44.39,44.41,4.308777316612761
2026-08-14 13:16:00+00:00,44.41,44.41,44.38,44.39,499.7928221215213
2026-08-14 13:17:00+00:00,44.39,44.4,44.38,44.4,9.719850316512412
2026-08-14 13:18:00+00:00,44.4,44.41,44.38,44.4,6.1169043030633246
2026-08-14 13:19:00+00:00,44.4,44.41,44.39,44.4,470.6745649586352
2026-08-14 13:20:00+00:00,44.4,44.41,44.39,44.41,4.49999934562938
2026-08-14 13:21:00+00:00,44.41,44.41,44.39,44.39,3.565370722007686
2026-08-14 13:22:00+00:00,44.39,44.42,44.39,44.41,8.807934458957275
2026-08-14 13:23:00+00:00,44.41,44.43,44.41,44.42,40.19092980591306
2026-08-14 13:24:00+00:00,44.42,44.46,44.42,44.46,5.233298284277435
2026-08-14 13:25:00+00:00,44.46,44.46,44.43,44.45,470.5845570449737
2026-08-14 13:26:00+00:00,44.45,44.47,44.45,44.47,4.434386288228193
2026-08-14 13:27:00+00:00,44.47,44.48,44.45,44.46,5.810281892049717
2026-08-14 13:28:00+00:00,44.46,44.48,44.46,44.48,3.2051152600187054
2026-08-14 13:29:00+00:00,44.48,44.48,44.45,44.45,470.2371119197145
2026-08-14 13:30:00+00:00,44.45,44.46,44.44,44.46,498.6459945887832
2026-08-14 13:31:00+00:00,44.46,44.46,44.43,44.43,455.85271139327625
2026-08-14 13:32:00+00:00,44.43,44.45,44.43,44.45,3.400141373280399
2026-08-14 13:33:00+00:00,44.45,44.46,44.43,44.43,471.13820912702533
2026-08-14 13:34:00+00:00,44.43,44.46,44.43,44.44,6.381504215019773
2026-08-14 13:35:00+00:00,44.44,44.45,44.4,44.42,964.678968990228
2026-08-14 13:36:00+00:00,44.42,44.42,44.39,44.4,505.38485066955326
2026-08-14 13:37:00+00:00,44.4,44.41,44.39,44.39,4.932608321861408
2026-08-14 13:38:00+00:00,44.39,44.44,44.39,44.44,458.0497627177394
2026-08-14 13:39:00+00:00,44.44,44.44,44.37,44.39,1506.4328899376276
2026-08-14 13:40:00+00:00,44.39,44.41,44.39,44.41,3.097489605171436
2026-08-14 13:41:00+00:00,44.41,44.43,44.39,44.43,12.741897500363457
2026-08-14 13:42:00+00:00,44.43,44.43,44.41,44.43,3.7468498805683113
2026-08-14 13:43:00+00:00,44.43,44.43,44.41,44.41,3.631163792384743
2026-08-14 13:44:00+00:00,44.41,44.43,44.39,44.39,501.9110892605854
2026-08-14 13:45:00+00:00,44.39,44.42,44.39,44.42,4.240225505840502
2026-08-14 13:46:00+00:00,44.42,44.42,44.41,44.42,1.8677595420106592
2026-08-14 13:47:00+00:00,44.42,44.42,44.4,44.4,471.2409351875793
2026-08-14 13:48:00+00:00,44.4,44.42,44.4,44.42,3.8114202372115473
2026-08-14 13:49:00+00:00,44.42,44.42,44.38,44.4,951.0326792553477
2026-08-14 13:50:00+00:00,44.4,44.4,44.34,44.36,1054.1786535610345
2026-08-14 13:51:00+00:00,44.36,44.38,44.34,44.36,966.6922906364008
2026-08-14 13:52:00+00:00,44.36,44.38,44.36,44.38,3.469129802009126
2026-08-14 13:53:00+00:00,44.38,44.39,44.36,44.36,506.96913676508495
2026-08-14 13:54:00+00:00,44.36,44.36,44.27,44.3,16358.968485518722
2026-08-14 13:55:00+00:00,44.3,44.32,44.28,44.3,6.18307162863008
2026-08-14 13:56:00+00:00,44.3,44.32,44.23,44.23,10544.947593098872
2026-08-14 13:57:00+00:00,44.23,44.25,44.17,44.17,13749.565992610585
2026-08-14 13:58:00+00:00,44.17,44.21,44.17,44.19,3132.477009743845
2026-08-14 13:59:00+00:00,44.19,44.2,44.17,44.2,3.5675813833474574
2026-08-14 14:00:00+00:00,44.2,44.21,44.18,44.2,471.5969014052124
2026-08-14 14:01:00+00:00,44.2,44.21,44.15,44.15,9048.527230111373
2026-08-14 14:02:00+00:00,44.15,44.18,44.14,44.16,4655.397471750734
2026-08-14 14:03:00+00:00,44.16,44.17,44.14,44.17,504.1354341390117
2026-08-14 14:04:00+00:00,44.17,44.19,44.16,44.19,474.16326777356494
2026-08-14 14:05:00+00:00,44.19,44.19,44.17,44.17,3.614966696335616
2026-08-14 14:06:00+00:00,44.17,44.25,44.17,44.23,8.153185904697251
2026-08-14 14:07:00+00:00,44.23,44.25,44.22,44.22,516.5718903459191
2026-08-14 14:08:00+00:00,44.22,44.24,44.22,44.24,4.664054472910101
2026-08-14 14:09:00+00:00,44.24,44.25,44.22,44.23,472.0990094591516
2026-08-14 14:10:00+00:00,44.23,44.25,44.23,44.25,9.48447734411349
2026-08-14 14:11:00+00:00,44.25,44.27,44.23,44.27,11.724753186123769
2026-08-14 14:12:00+00:00,44.27,44.27,44.25,44.27,4.100846730195679
2026-08-14 14:13:00+00:00,44.27,44.27,44.21,44.21,1018.2499017740392
2026-08-14 14:14:00+00:00,44.21,44.22,44.2,44.2,467.81770943050145
2026-08-14 14:15:00+00:00,44.2,44.23,44.2,44.23,8.06673070595733
2026-08-14 14:16:00+00:00,44.23,44.24,44.22,44.24,3.960584122197037
2026-08-14 14:17:00+00:00,44.24,44.24,44.22,44.24,4.168051561606728
2026-08-14 14:18:00+00:00,44.24,44.24,44.21,44.21,499.1318372221208
2026-08-14 14:19:00+00:00,44.21,44.22,44.21,44.21,4.330845239165772
2026-08-14 14:20:00+00:00,44.21,44.23,44.2,44.23,461.68603874640667
2026-08-14 14:21:00+00:00,44.23,44.23,44.21,44.21,4.124403844455401
2026-08-14 14:22:00+00:00,44.21,44.24,44.21,44.23,8.355868028132774
2026-08-14 14:23:00+00:00,44.23,44.24,44.23,44.23,4.229989724721056
2026-08-14 14:24:00+00:00,44.23,44.24,44.2,44.22,925.9714789177448
2026-08-14 14:25:00+00:00,44.22,44.22,43.98,44.01,39981.70471894999
2026-08-14 14:26:00+00:00,44.01,44.05,44.0,44.05,5.399389529595386
2026-08-14 14:27:00+00:00,44.05,44.08,44.05,44.06,520.1056813690362
2026-08-14 14:28:00+00:00,44.06,44.08,44.01,44.01,457.2460694582951
2026-08-14 14:29:00+00:00,44.01,44.03,44.0,44.01,4.630058082532295
2026-08-14 14:30:00+00:00,44.01,44.03,43.97,43.99,3174.4985552467374
2026-08-14 14:31:00+00:00,43.99,44.02,43.98,44.01,475.04660885802457
2026-08-14 14:32:00+00:00,44.01,44.02,44.0,44.02,473.0627269720589
2026-08-14 14:33:00+00:00,44.02,44.03,44.0,44.03,8.548567292377927
2026-08-14 14:34:00+00:00,44.03,44.06,44.01,44.06,474.1386723949731
2026-08-14 14:35:00+00:00,44.06,44.07,44.05,44.05,3.907255982961788
2026-08-14 14:36:00+00:00,44.05,44.08,44.05,44.08,474.4091301885827
2026-08-14 14:37:00+00:00,44.08,44.08,44.06,44.08,4.052946732429709
2026-08-14 14:38:00+00:00,44.08,44.09,44.05,44.09,2461.836454614533
2026-08-14 14:39:00+00:00,44.09,44.1,44.07,44.08,1438.3405844228653
2026-08-14 14:40:00+00:00,44.08,44.1,44.08,44.08,4.332840743072789
2026-08-14 14:41:00+00:00,44.08,44.13,44.08,44.11,1608.8439242546383
2026-08-14 14:42:00+00:00,44.11,44.13,44.1,44.12,473.33301676277966
2026-08-14 14:43:00+00:00,44.12,44.12,44.1,44.12,4.179586902757477
2026-08-14 14:44:00+00:00,44.12,44.12,44.09,44.1,503.6289782808716
2026-08-14 14:45:00+00:00,44.1,44.1,44.08,44.08,468.82888722465583
2026-08-14 14:46:00+00:00,44.08,44.1,44.06,44.08,1475.9114552939752
2026-08-14 14:47:00+00:00,44.08,44.08,44.0,44.02,471.6203744852705
2026-08-14 14:48:00+00:00,44.02,44.05,44.0,44.03,6.204160267983889
2026-08-14 14:49:00+00:00,44.03,44.05,44.03,44.03,4.081323553257853
2026-08-14 14:50:00+00:00,44.03,44.05,44.03,44.05,4.147841196913775
2026-08-14 14:51:00+00:00,44.05,44.05,44.0,44.0,511.50941562554345
2026-08-14 14:52:00+00:00,44.0,44.01,44.0,44.0,5.966338249571378
2026-08-14 14:53:00+00:00,44.0,44.03,44.0,44.02,7.492877958632007
2026-08-14 14:54:00+00:00,44.02,44.04,44.02,44.02,6.612486074561676
2026-08-14 14:55:00+00:00,44.02,44.04,44.0,44.0,507.99090389580726
2026-08-14 14:56:00+00:00,44.0,44.02,43.96,43.98,1564.5832451731137
2026-08-14 14:57:00+00:00,43.98,43.98,43.94,43.96,2313.158267475421
2026-08-14 14:58:00+00:00,43.96,43.97,43.94,43.96,508.09640935367105
2026-08-14 14:59:00+00:00,43.96,43.97,43.96,43.97,3.930743641971053
2026-08-14 15:00:00+00:00,43.97,43.97,43.94,43.96,507.640681706775
2026-08-14 15:01:00+00:00,43.96,43.97,43.92,43.93,1054.088107587444
2026-08-14 15:02:00+00:00,43.93,43.95,43.92,43.93,4.845905887744399
2026-08-14 15:03:00+00:00,43.93,43.95,43.75,43.81,34876.518661545895
2026-08-14 15:04:00+00:00,43.81,43.81,43.76,43.76,1479.956094676617
2026-08-14 15:05:00+00:00,43.76,43.77,43.7,43.73,14749.854948584278
2026-08-14 15:06:00+00:00,43.73,43.78,43.73,43.78,476.4251863277698
2026-08-14 15:07:00+00:00,43.78,43.84,43.78,43.84,5.6825158246208245
2026-08-14 15:08:00+00:00,43.84,43.84,43.79,43.8,1931.3636100332224
2026-08-14 15:09:00+00:00,43.8,43.8,43.77,43.77,978.2163891631693
2026-08-14 15:10:00+00:00,43.77,43.78,43.73,43.73,1465.3522838298047
2026-08-14 15:11:00+00:00,43.73,43.75,43.72,43.72,1890.0842058311168
2026-08-14 15:12:00+00:00,43.72,43.74,43.71,43.71,965.8445142851589
2026-08-14 15:13:00+00:00,43.71,43.73,43.7,43.73,505.4192644826465
2026-08-14 15:14:00+00:00,43.73,43.76,43.72,43.74,478.2283534674168
2026-08-14 15:15:00+00:00,43.74,43.77,43.74,43.76,16.457881521546273
2026-08-14 15:16:00+00:00,43.76,43.78,43.75,43.77,507.46212974703514
2026-08-14 15:17:00+00:00,43.77,43.77,43.75,43.77,3.62785143118248
2026-08-14 15:18:00+00:00,43.77,43.77,43.75,43.75,4.066062767061588
2026-08-14 15:19:00+00:00,43.75,43.77,43.75,43.75,4.3451038114820975
2026-08-14 15:20:00+00:00,43.75,43.78,43.75,43.77,11.706045090369704
2026-08-14 15:21:00+00:00,43.77,43.8,43.76,43.77,526.1696992568305
2026-08-14 15:22:00+00:00,43.77,43.78,43.76,43.78,6.101730027928848
2026-08-14 15:23:00+00:00,43.78,43.82,43.76,43.8,477.8056623483201
2026-08-14 15:24:00+00:00,43.8,43.84,43.79,43.84,11.628871062718536
2026-08-14 15:25:00+00:00,43.84,43.85,43.81,43.81,976.5362157113306
2026-08-14 15:26:00+00:00,43.81,43.83,43.78,43.78,463.75103668249903
2026-08-14 15:27:00+00:00,43.78,43.8,43.78,43.78,4.015747093708476
2026-08-14 15:28:00+00:00,43.78,43.81,43.78,43.81,5.308525786459771
2026-08-14 15:29:00+00:00,43.81,43.84,43.8,43.84,6.722502508000434
2026-08-14 15:30:00+00:00,43.84,43.86,43.82,43.82,505.9861573406762
2026-08-14 15:31:00+00:00,43.82,43.83,43.77,43.79,1926.5803950551528
2026-08-14 15:32:00+00:00,43.79,43.8,43.75,43.8,992.458398637822
2026-08-14 15:33:00+00:00,43.8,43.8,43.79,43.8,2.6707096186552466
2026-08-14 15:34:00+00:00,43.8,43.81,43.79,43.81,6.888075324371356
2026-08-14 15:35:00+00:00,43.81,43.87,43.79,43.85,477.3525134218437
2026-08-14 15:36:00+00:00,43.85,43.85,43.84,43.84,42.425764600620894
2026-08-14 15:37:00+00:00,43.84,43.88,43.84,43.88,463.28437002774785
2026-08-14 15:38:00+00:00,43.88,43.88,43.86,43.88,5.762651674903283
2026-08-14 15:39:00+00:00,43.88,43.91,43.88,43.89,521.6964524947483
2026-08-14 15:40:00+00:00,43.89,43.89,43.87,43.89,910.9221707409444
2026-08-14 15:41:00+00:00,43.89,43.9,43.87,43.9,6.325525548808395
2026-08-14 15:42:00+00:00,43.9,43.9,43.87,43.87,478.80267281577846
2026-08-14 15:43:00+00:00,43.87,43.89,43.87,43.87,33.30524713050837
2026-08-14 15:44:00+00:00,43.87,43.89,43.87,43.89,3.6388461829501746
2026-08-14 15:45:00+00:00,43.89,43.89,43.86,43.87,518.2333393448527
2026-08-14 15:46:00+00:00,43.87,43.89,43.86,43.88,475.26398860769785
2026-08-14 15:47:00+00:00,43.88,43.89,43.88,43.88,3.9572799208180394
2026-08-14 15:48:00+00:00,43.88,43.89,43.85,43.87,1434.9635147867195
2026-08-14 15:49:00+00:00,43.87,43.87,43.85,43.87,4.171123961928565
2026-08-14 15:50:00+00:00,43.87,43.87,43.85,43.87,4.388355312251212
2026-08-14 15:51:00+00:00,43.87,43.87,43.85,43.87,3.954919918625544
2026-08-14 15:52:00+00:00,43.87,43.87,43.85,43.85,4.1687852338683875
2026-08-14 15:53:00+00:00,43.85,43.88,43.85,43.87,13.914562376385383
2026-08-14 15:54:00+00:00,43.87,43.9,43.87,43.89,3.8199139762700054
2026-08-14 15:55:00+00:00,43.89,43.91,43.89,43.91,7.027055164200769
2026-08-14 15:56:00+00:00,43.91,43.91,43.88,43.88,505.14253257961303
2026-08-14 15:57:00+00:00,43.88,43.89,43.88,43.88,4.134691752377546
2026-08-14 15:58:00+00:00,43.88,43.9,43.88,43.88,8.29173854439075
2026-08-14 15:59:00+00:00,43.88,43.9,43.88,43.9,3.893848734278411
2026-08-14 16:00:00+00:00,43.9,43.9,43.86,43.87,982.4504521202272
2026-08-14 16:01:00+00:00,43.87,43.89,43.87,43.87,3.9377564193551615
2026-08-14 16:02:00+00:00,43.87,43.92,43.87,43.92,11.220682479370693
2026-08-14 16:03:00+00:00,43.92,43.93,43.9,43.92,5.336757831047064
2026-08-14 16:04:00+00:00,43.92,43.94,43.91,43.91,506.36987810067143
2026-08-14 16:05:00+00:00,43.91,43.94,43.9,43.94,977.4693141159964
2026-08-14 16:06:00+00:00,43.94,43.94,43.91,43.92,475.83679195324606
2026-08-14 16:07:00+00:00,43.92,43.96,43.92,43.95,4.816824642608829
2026-08-14 16:08:00+00:00,43.95,43.96,43.91,43.93,476.9500020755208
2026-08-14 16:09:00+00:00,43.93,43.93,43.91,43.93,3.8500654107899512
2026-08-14 16:10:00+00:00,43.93,43.94,43.91,43.94,8.118905740237278
2026-08-14 16:11:00+00:00,43.94,43.95,43.92,43.92,504.96077268607826
2026-08-14 16:12:00+00:00,43.92,43.93,43.92,43.93,3.9807138892931584
2026-08-14 16:13:00+00:00,43.93,43.93,43.91,43.93,481.0249613762868
2026-08-14 16:14:00+00:00,43.93,43.93,43.91,43.93,4.257654770847993
2026-08-14 16:15:00+00:00,43.93,43.93,43.9,43.9,504.7537926567075
2026-08-14 16:16:00+00:00,43.9,43.91,43.87,43.9,61.30628086910587
2026-08-14 16:17:00+00:00,43.9,43.9,43.89,43.89,3.7273014852309903
2026-08-14 16:18:00+00:00,43.89,43.91,43.87,43.87,527.4584045784464
2026-08-14 16:19:00+00:00,43.87,43.89,43.87,43.87,3.881676251677331
2026-08-14 16:20:00+00:00,43.87,43.89,43.86,43.87,7.8705241646173665
2026-08-14 16:21:00+00:00,43.87,43.87,43.8,43.8,4093.473131688668
2026-08-14 16:22:00+00:00,43.8,43.83,43.8,43.83,5.697571988610093
2026-08-14 16:23:00+00:00,43.83,43.9,43.82,43.9,995.9872359735011
2026-08-14 16:24:00+00:00,43.9,43.9,43.88,43.88,3.9941430345340265
2026-08-14 16:25:00+00:00,43.88,43.9,43.88,43.88,4.415373113253582
2026-08-14 16:26:00+00:00,43.88,43.9,43.88,43.88,3.9477166033684745
2026-08-14 16:27:00+00:00,43.88,43.9,43.88,43.9,3.7063979521702386
2026-08-14 16:28:00+00:00,43.9,43.92,43.88,43.92,11.826800060092427
2026-08-14 16:29:00+00:00,43.92,43.93,43.91,43.91,5.108507189513065
2026-08-14 16:30:00+00:00,43.91,43.93,43.91,43.91,3.7107574507652106
2026-08-14 16:31:00+00:00,43.91,43.93,43.91,43.93,3.436448324680426
2026-08-14 16:32:00+00:00,43.93,43.94,43.92,43.92,6.2824309814148
2026-08-14 16:33:00+00:00,43.92,43.94,43.92,43.92,4.027196031515073
2026-08-14 16:34:00+00:00,43.92,43.94,43.92,43.92,3.894826889706364
2026-08-14 16:35:00+00:00,43.92,43.94,43.91,43.91,484.02156143786425
2026-08-14 16:36:00+00:00,43.91,43.94,43.91,43.93,6.160642331311965
2026-08-14 16:37:00+00:00,43.93,43.94,43.92,43.94,476.85808475518337
2026-08-14 16:38:00+00:00,43.94,43.95,43.91,43.94,474.3901591339269
2026-08-14 16:39:00+00:00,43.94,43.94,43.92,43.94,4.026384774568401
2026-08-14 16:40:00+00:00,43.94,43.94,43.92,43.94,3.86866194628708
2026-08-14 16:41:00+00:00,43.94,43.94,43.92,43.92,3.358137431569627
2026-08-14 16:42:00+00:00,43.92,43.94,43.91,43.92,483.32753142185334
2026-08-14 16:43:00+00:00,43.92,43.92,43.89,43.9,459.8213184542792
2026-08-14 16:44:00+00:00,43.9,43.9,43.88,43.9,3.5680875752377634
2026-08-14 16:45:00+00:00,43.9,43.9,43.89,43.9,1.1794552959329363
2026-08-14 16:46:00+00:00,43.9,43.9,43.87,43.87,520.7586333492618
2026-08-14 16:47:00+00:00,43.87,43.88,43.86,43.86,505.62264063104726
2026-08-14 16:48:00+00:00,43.86,43.91,43.86,43.9,500.83554724700184
2026-08-14 16:49:00+00:00,43.9,43.92,43.9,43.9,4.8138471691297875
2026-08-14 16:50:00+00:00,43.9,43.92,43.9,43.9,4.334677047935571
2026-08-14 16:51:00+00:00,43.9,43.92,43.9,43.92,3.7823534402994055
2026-08-14 16:52:00+00:00,43.92,43.94,43.9,43.94,11.04253191072586
2026-08-14 16:53:00+00:00,43.94,43.94,43.92,43.94,4.302795540864218
2026-08-14 16:54:00+00:00,43.94,43.94,43.91,43.93,476.71592174691693
2026-08-14 16:55:00+00:00,43.93,44.0,43.91,44.0,7353.017709485444
2026-08-14 16:56:00+00:00,44.0,44.01,43.99,44.01,1455.989868409879
2026-08-14 16:57:00+00:00,44.01,44.05,43.99,44.05,6.590520338630996
2026-08-14 16:58:00+00:00,44.05,44.05,44.03,44.03,3.6980485392917792
2026-08-14 16:59:00+00:00,44.03,44.05,44.03,44.03,4.212451437119928
2026-08-14 17:00:00+00:00,44.03,44.08,44.03,44.08,1636.7206615596083
2026-08-14 17:01:00+00:00,44.08,44.09,44.06,44.09,473.39199724584904
2026-08-14 17:02:00+00:00,44.09,44.11,44.07,44.11,458.89802069898826
2026-08-14 17:03:00+00:00,44.11,44.11,44.05,44.05,1599.47948487982
2026-08-14 17:04:00+00:00,44.05,44.08,44.05,44.05,967.3975003047992
2026-08-14 17:05:00+00:00,44.05,44.05,44.04,44.04,3.5591519009135233
2026-08-14 17:06:00+00:00,44.04,44.05,44.02,44.04,461.0711061587993
2026-08-14 17:07:00+00:00,44.04,44.05,44.02,44.02,954.7318262797996
2026-08-14 17:08:00+00:00,44.02,44.03,43.97,43.99,555.4424051929706
2026-08-14 17:09:00+00:00,43.99,44.0,43.96,43.97,505.396792956727
2026-08-14 17:10:00+00:00,43.97,43.97,43.95,43.97,604.6951886232506
2026-08-14 17:11:00+00:00,43.97,43.98,43.95,43.98,8.002188424349862
2026-08-14 17:12:00+00:00,43.98,43.98,43.96,43.98,5.637015939843435
2026-08-14 17:13:00+00:00,43.98,44.0,43.95,43.97,508.83027606431966
2026-08-14 17:14:00+00:00,43.97,44.01,43.95,44.01,7.928994832713282
2026-08-14 17:15:00+00:00,44.01,44.01,43.93,43.93,1028.9218231156167
2026-08-14 17:16:00+00:00,43.93,43.95,43.93,43.93,4.283473097002237
2026-08-14 17:17:00+00:00,43.93,43.95,43.93,43.95,3.6587959435931654
2026-08-14 17:18:00+00:00,43.95,43.96,43.93,43.96,10.873353219310992
2026-08-14 17:19:00+00:00,43.96,43.97,43.95,43.95,4.986341188618314
2026-08-14 17:20:00+00:00,43.95,43.97,43.92,43.95,6916.666126369344
2026-08-14 17:21:00+00:00,43.95,43.95,43.91,43.93,974.8391481253997
2026-08-14 17:22:00+00:00,43.93,43.96,43.92,43.94,461.4437219450726
2026-08-14 17:23:00+00:00,43.94,43.98,43.94,43.98,4.922069772674889
2026-08-14 17:24:00+00:00,43.98,43.99,43.97,43.97,473.26235852975486
2026-08-14 17:25:00+00:00,43.97,44.0,43.95,43.98,507.13056486234706
2026-08-14 17:26:00+00:00,43.98,43.98,43.95,43.96,488.6681444829552
2026-08-14 17:27:00+00:00,43.96,43.96,43.94,43.95,475.5829692594679
2026-08-14 17:28:00+00:00,43.95,43.95,43.93,43.95,504.5605716298259
2026-08-14 17:29:00+00:00,43.95,43.95,43.93,43.95,4.406239733447073
2026-08-14 17:30:00+00:00,43.95,43.95,43.92,43.92,933.743674233512
2026-08-14 17:31:00+00:00,43.92,43.94,43.92,43.94,5.336993160003696
2026-08-14 17:32:00+00:00,43.94,43.95,43.92,43.95,474.5081639543331
2026-08-14 17:33:00+00:00,43.95,43.95,43.93,43.93,3.9905804637484343
2026-08-14 17:34:00+00:00,43.93,43.95,43.91,43.93,978.8176150466787
2026-08-14 17:35:00+00:00,43.93,43.93,43.91,43.93,3.872454075532579
2026-08-14 17:36:00+00:00,43.93,43.93,43.89,43.89,964.259258147364
2026-08-14 17:37:00+00:00,43.89,43.89,43.88,43.88,3.8042268231696337
2026-08-14 17:38:00+00:00,43.88,43.89,43.88,43.88,3.66872101215166
2026-08-14 17:39:00+00:00,43.88,43.89,43.88,43.88,3.8159196522423984
2026-08-14 17:40:00+00:00,43.88,43.9,43.88,43.9,9.77119892158105
2026-08-14 17:41:00+00:00,43.9,43.9,43.84,43.84,5775.830102136857
2026-08-14 17:42:00+00:00,43.84,43.85,43.84,43.85,3.60432291363224
2026-08-14 17:43:00+00:00,43.85,43.85,43.83,43.85,1007.6392440621192
2026-08-14 17:44:00+00:00,43.85,43.87,43.82,43.87,1468.0400810612955
2026-08-14 17:45:00+00:00,43.87,43.89,43.87,43.89,4.470664443834331
2026-08-14 17:46:00+00:00,43.89,43.89,43.87,43.89,4.17349347631881
2026-08-14 17:47:00+00:00,43.89,43.89,43.87,43.87,3.936656175116698
2026-08-14 17:48:00+00:00,43.87,43.89,43.87,43.87,19.014384568878107
2026-08-14 17:49:00+00:00,43.87,43.9,43.87,43.9,1007.0957506347982
2026-08-14 17:50:00+00:00,43.9,43.91,43.87,43.89,1441.761721265607
2026-08-14 17:51:00+00:00,43.89,43.89,43.81,43.81,1754.5220205698452
2026-08-14 17:52:00+00:00,43.81,43.83,43.8,43.8,2112.149938299119
2026-08-14 17:53:00+00:00,43.8,43.82,43.8,43.8,5.565477444922364
2026-08-14 17:54:00+00:00,43.8,43.82,43.8,43.8,3.6921068443132863
2026-08-14 17:55:00+00:00,43.8,43.81,43.78,43.78,1980.2402030965231
2026-08-14 17:56:00+00:00,43.78,43.82,43.78,43.8,20.77920744978048
2026-08-14 17:57:00+00:00,43.8,43.82,43.8,43.8,4.458095165152586
2026-08-14 17:58:00+00:00,43.8,43.82,43.8,43.82,3.5701851805539055
2026-08-14 17:59:00+00:00,43.82,43.82,43.8,43.82,4.261254644883906
2026-08-14 18:00:00+00:00,43.82,43.82,43.79,43.8,482.0933609392373
2026-08-14 18:01:00+00:00,43.8,43.8,43.74,43.76,6884.245844171353
2026-08-14 18:02:00+00:00,43.76,43.8,43.76,43.8,5.043567894196062
2026-08-14 18:03:00+00:00,43.8,43.82,43.78,43.82,5.211015036024255
2026-08-14 18:04:00+00:00,43.82,43.82,43.8,43.8,3.6178063539302543
2026-08-14 18:05:00+00:00,43.8,43.82,43.8,43.8,4.28922518230453
2026-08-14 18:06:00+00:00,43.8,43.82,43.8,43.8,4.204050838944707
2026-08-14 18:07:00+00:00,43.8,43.82,43.79,43.79,481.6185413023588
2026-08-14 18:08:00+00:00,43.79,43.8,43.79,43.79,3.9858282264564897
2026-08-14 18:09:00+00:00,43.79,43.8,43.77,43.79,966.4115648117072
2026-08-14 18:10:00+00:00,43.79,43.8,43.77,43.8,5.504411493097485
2026-08-14 18:11:00+00:00,43.8,43.81,43.79,43.81,7.362824678524619
2026-08-14 18:12:00+00:00,43.81,43.81,43.79,43.79,3.6182966065290865
2026-08-14 18:13:00+00:00,43.79,43.81,43.78,43.78,506.91407826862167
2026-08-14 18:14:00+00:00,43.78,43.79,43.77,43.77,494.8593983486717
2026-08-14 18:15:00+00:00,43.77,43.79,43.77,43.79,3.8900502809976976
2026-08-14 18:16:00+00:00,43.79,43.79,43.77,43.79,3.9861186558085633
2026-08-14 18:17:00+00:00,43.79,43.8,43.77,43.8,11.51356580087744
2026-08-14 18:18:00+00:00,43.8,43.81,43.79,43.79,7.0204965078560635
2026-08-14 18:19:00+00:00,43.79,43.81,43.79,43.79,4.39169656552702
2026-08-14 18:20:00+00:00,43.79,43.82,43.79,43.81,7.685639103121299
2026-08-14 18:21:00+00:00,43.81,43.85,43.81,43.83,508.7041787182729
2026-08-14 18:22:00+00:00,43.83,43.85,43.82,43.84,5.4500545493986925
2026-08-14 18:23:00+00:00,43.84,43.87,43.84,43.86,6.575182319780465
2026-08-14 18:24:00+00:00,43.86,43.87,43.85,43.85,474.23042954789304
2026-08-14 18:25:00+00:00,43.85,43.9,43.85,43.9,477.48120498409384
2026-08-14 18:26:00+00:00,43.9,43.94,43.9,43.94,5.633543825226124
2026-08-14 18:27:00+00:00,43.94,43.94,43.92,43.92,3.9512070504322416
2026-08-14 18:28:00+00:00,43.92,43.94,43.92,43.94,3.603881068570902
2026-08-14 18:29:00+00:00,43.94,43.96,43.93,43.93,509.8190453806203
2026-08-14 18:30:00+00:00,43.93,43.96,43.92,43.95,977.4847717239364
2026-08-14 18:31:00+00:00,43.95,43.95,43.93,43.95,474.37978966690576
2026-08-14 18:32:00+00:00,43.95,43.95,43.92,43.93,1057.4082320067816
2026-08-14 18:33:00+00:00,43.93,43.94,43.92,43.94,4.111439873299656
2026-08-14 18:34:00+00:00,43.94,43.94,43.91,43.91,467.6603401386912
2026-08-14 18:35:00+00:00,43.91,43.93,43.88,43.9,616.1383848642693
2026-08-14 18:36:00+00:00,43.9,43.93,43.9,43.93,4.407122310147893
2026-08-14 18:37:00+00:00,43.93,43.93,43.92,43.92,3.885556028239993
2026-08-14 18:38:00+00:00,43.92,43.93,43.9,43.91,9.332345234315213
2026-08-14 18:39:00+00:00,43.91,43.92,43.9,43.9,5.531863683690961
2026-08-14 18:40:00+00:00,43.9,43.93,43.9,43.92,11.849165611242299
2026-08-14 18:41:00+00:00,43.92,43.94,43.92,43.92,3.91081509767003
2026-08-14 18:42:00+00:00,43.92,43.92,43.89,43.9,964.8039396197056
2026-08-14 18:43:00+00:00,43.9,43.9,43.89,43.9,4.584644122212759
2026-08-14 18:44:00+00:00,43.9,43.9,43.81,43.83,7075.13915948457
2026-08-14 18:45:00+00:00,43.83,43.84,43.81,43.82,476.2030990273688
2026-08-14 18:46:00+00:00,43.82,43.82,43.79,43.81,1708.5678171513944
2026-08-14 18:47:00+00:00,43.81,43.81,43.79,43.81,3.7780685962588665
2026-08-14 18:48:00+00:00,43.81,43.81,43.69,43.69,9056.498249134325
2026-08-14 18:49:00+00:00,43.69,43.74,43.69,43.73,4.6360888130412174
2026-08-14 18:50:00+00:00,43.73,43.74,43.7,43.72,508.24207870603783
2026-08-14 18:51:00+00:00,43.72,43.73,43.7,43.73,5.493543259743976
2026-08-14 18:52:00+00:00,43.73,43.74,43.72,43.72,6.315557852815371
2026-08-14 18:53:00+00:00,43.72,43.74,43.72,43.72,4.148202877688211
2026-08-14 18:54:00+00:00,43.72,43.74,43.72,43.72,3.730241119549061
2026-08-14 18:55:00+00:00,43.72,43.74,43.72,43.74,3.6732469604345064
2026-08-14 18:56:00+00:00,43.74,43.74,43.72,43.74,4.635152941506222
2026-08-14 18:57:00+00:00,43.74,43.74,43.72,43.72,3.8552312466872576
2026-08-14 18:58:00+00:00,43.72,43.74,43.72,43.72,7.801346861407211
2026-08-14 18:59:00+00:00,43.72,43.74,43.67,43.67,8966.001180524932
2026-08-14 19:00:00+00:00,43.67,43.7,43.64,43.64,5837.735682454249
2026-08-14 19:01:00+00:00,43.64,43.71,43.64,43.69,195.80017097665652
2026-08-14 19:02:00+00:00,43.69,43.71,43.68,43.69,477.6133416126132
2026-08-14 19:03:00+00:00,43.69,43.69,43.63,43.63,2394.037179904809
2026-08-14 19:04:00+00:00,43.63,43.65,43.63,43.64,510.0072430870893
2026-08-14 19:05:00+00:00,43.64,43.65,43.61,43.65,5401.632204130022
2026-08-14 19:06:00+00:00,43.65,43.65,43.63,43.65,3.802155735817621
2026-08-14 19:07:00+00:00,43.65,43.65,43.6,43.6,5399.36226922915
2026-08-14 19:08:00+00:00,43.6,43.61,43.59,43.61,4952.241406753075
2026-08-14 19:09:00+00:00,43.61,43.63,43.61,43.61,4.780183985490763
2026-08-14 19:10:00+00:00,43.61,43.63,43.59,43.59,518.4485235100904
2026-08-14 19:11:00+00:00,43.59,43.61,43.59,43.61,4.725623636366433
2026-08-14 19:12:00+00:00,43.61,43.61,43.59,43.59,21.626694001941825
2026-08-14 19:13:00+00:00,43.59,43.61,43.57,43.57,2466.9962298323176
2026-08-14 19:14:00+00:00,43.57,43.6,43.51,43.51,18770.150841411418
2026-08-14 19:15:00+00:00,43.51,43.51,43.4,43.43,26583.065148997033
2026-08-14 19:16:00+00:00,43.43,43.43,43.38,43.4,1789.4829086469708
2026-08-14 19:17:00+00:00,43.4,43.4,43.37,43.39,734.5208319875218
2026-08-14 19:18:00+00:00,43.39,43.4,43.37,43.4,8.07941054394376
2026-08-14 19:19:00+00:00,43.4,43.43,43.38,43.41,7.893460409181468
2026-08-14 19:20:00+00:00,43.41,43.44,43.41,43.44,4.0791728842034916
2026-08-14 19:21:00+00:00,43.44,43.45,43.43,43.43,5.979688284448175
2026-08-14 19:22:00+00:00,43.43,43.45,43.43,43.43,4.337728535290974
2026-08-14 19:23:00+00:00,43.43,43.47,43.41,43.41,2034.9316885828655
2026-08-14 19:24:00+00:00,43.41,43.43,43.4,43.4,481.835851678885
2026-08-14 19:25:00+00:00,43.4,43.41,43.39,43.41,511.1197994697169
2026-08-14 19:26:00+00:00,43.41,43.41,43.39,43.41,4.02295786823663
2026-08-14 19:27:00+00:00,43.41,43.46,43.39,43.45,510.5091769614053
2026-08-14 19:28:00+00:00,43.45,43.51,43.45,43.49,480.3953140428375
2026-08-14 19:29:00+00:00,43.49,43.55,43.49,43.53,5.643018417607407
2026-08-14 19:30:00+00:00,43.53,43.55,43.5,43.51,1002.1311315047034
2026-08-14 19:31:00+00:00,43.51,43.54,43.5,43.54,6.705342734029774
2026-08-14 19:32:00+00:00,43.54,43.57,43.52,43.55,6.563539610892936
2026-08-14 19:33:00+00:00,43.55,43.57,43.55,43.55,4.42171741528933
2026-08-14 19:34:00+00:00,43.55,43.57,43.55,43.57,3.8341663164202298
2026-08-14 19:35:00+00:00,43.57,43.57,43.55,43.57,4.0533963610031964
2026-08-14 19:36:00+00:00,43.57,43.57,43.55,43.57,4.510766258395703
2026-08-14 19:37:00+00:00,43.57,43.58,43.55,43.57,12.923422199857132
2026-08-14 19:38:00+00:00,43.57,43.59,43.55,43.58,521.8489162407305
2026-08-14 19:39:00+00:00,43.58,43.6,43.57,43.57,479.4106885891687
2026-08-14 19:40:00+00:00,43.57,43.59,43.57,43.59,6.6093718217621475
2026-08-14 19:41:00+00:00,43.59,43.6,43.57,43.6,4.268589550829442
2026-08-14 19:42:00+00:00,43.6,43.62,43.59,43.6,480.11829054834135
2026-08-14 19:43:00+00:00,43.6,43.62,43.6,43.6,4.3777760285871725
2026-08-14 19:44:00+00:00,43.6,43.62,43.57,43.6,1003.2989859461594
2026-08-14 19:45:00+00:00,43.6,43.61,43.59,43.61,4.613067174782776
2026-08-14 19:46:00+00:00,43.61,43.64,43.59,43.62,982.1021923445677
2026-08-14 19:47:00+00:00,43.62,43.64,43.61,43.63,4.52159354786816
2026-08-14 19:48:00+00:00,43.63,43.64,43.63,43.63,4.034915876633628
2026-08-14 19:49:00+00:00,43.63,43.65,43.63,43.65,7671.245516334274
2026-08-14 19:50:00+00:00,43.65,43.67,43.64,43.67,7.155818022408287
2026-08-14 19:51:00+00:00,43.67,43.67,43.65,43.65,4.88407463755521
2026-08-14 19:52:00+00:00,43.65,43.67,43.63,43.64,1298.15584686618
2026-08-14 19:53:00+00:00,43.64,43.65,43.63,43.65,6.7517359053178705
2026-08-14 19:54:00+00:00,43.65,43.65,43.63,43.63,3.6772215225449663
2026-08-14 19:55:00+00:00,43.63,43.65,43.63,43.63,4.574235279013699
2026-08-14 19:56:00+00:00,43.63,43.65,43.61,43.63,988.6630165429552
2026-08-14 19:57:00+00:00,43.63,43.63,43.61,43.61,20.842857826095205
2026-08-14 19:58:00+00:00,43.61,43.63,43.6,43.6,466.35115657037574
2026-08-14 19:59:00+00:00,43.6,43.62,43.6,43.6,3.8619038484997623
2026-08-14 20:00:00+00:00,43.6,43.61,43.59,43.61,9.433442106288588
2026-08-14 20:01:00+00:00,43.61,43.63,43.59,43.63,515.4868821823894
2026-08-14 20:02:00+00:00,43.63,43.66,43.61,43.63,963.5575680709893
2026-08-14 20:03:00+00:00,43.63,43.66,43.62,43.66,981.2488099209146
2026-08-14 20:04:00+00:00,43.66,43.69,43.66,43.67,477.2540732060294
2026-08-14 20:05:00+00:00,43.67,43.69,43.65,43.67,968.0434873159402
2026-08-14 20:06:00+00:00,43.67,43.67,43.64,43.64,509.5043216831024
2026-08-14 20:07:00+00:00,43.64,43.65,43.64,43.64,3.909986214398132
2026-08-14 20:08:00+00:00,43.64,43.65,43.64,43.65,3.889855881139344
2026-08-14 20:09:00+00:00,43.65,43.66,43.64,43.66,9.803057708327751
2026-08-14 20:10:00+00:00,43.66,43.66,43.64,43.66,4.153170917425839
2026-08-14 20:11:00+00:00,43.66,43.66,43.64,43.64,3.7013953648999247
2026-08-14 20:12:00+00:00,43.64,43.66,43.59,43.61,946.8951619683107
2026-08-14 20:13:00+00:00,43.61,43.61,43.58,43.59,1441.449441595506
2026-08-14 20:14:00+00:00,43.59,43.61,43.59,43.61,3.856453473847607
2026-08-14 20:15:00+00:00,43.61,43.61,43.59,43.61,3.788867450596933
2026-08-14 20:16:00+00:00,43.61,43.61,43.59,43.61,3.8511651929112234
2026-08-14 20:17:00+00:00,43.61,43.61,43.59,43.61,3.990495670108559
2026-08-14 20:18:00+00:00,43.61,43.62,43.59,43.61,13.736148972617867
2026-08-14 20:19:00+00:00,43.61,43.62,43.61,43.61,4.38599953466078
2026-08-14 20:20:00+00:00,43.61,43.62,43.58,43.58,491.5518662774748
2026-08-14 20:21:00+00:00,43.58,43.61,43.58,43.61,5.766496942246644
2026-08-14 20:22:00+00:00,43.61,43.61,43.58,43.61,478.50644364152873
2026-08-14 20:23:00+00:00,43.61,43.61,43.59,43.61,10.095631559613643
2026-08-14 20:24:00+00:00,43.61,43.62,43.61,43.62,3.7159343829645057
2026-08-14 20:25:00+00:00,43.62,43.62,43.57,43.57,984.500056701347
2026-08-14 20:26:00+00:00,43.57,43.57,43.55,43.55,4.614921188160009
2026-08-14 20:27:00+00:00,43.55,43.57,43.55,43.57,6.088762988279826
2026-08-14 20:28:00+00:00,43.57,43.57,43.55,43.57,3.7877979903276646
2026-08-14 20:29:00+00:00,43.57,43.57,43.55,43.57,4.311871106500302
2026-08-14 20:30:00+00:00,43.57,43.57,43.55,43.57,4.146968840408048
2026-08-14 20:31:00+00:00,43.57,43.57,43.55,43.55,4.2077373939609695
2026-08-14 20:32:00+00:00,43.55,43.57,43.55,43.55,3.7218652381706514
2026-08-14 20:33:00+00:00,43.55,43.57,43.55,43.57,3.733884573355043
2026-08-14 20:34:00+00:00,43.57,43.57,43.55,43.57,3.4735578915858376
2026-08-14 20:35:00+00:00,43.57,43.57,43.55,43.57,4.326641136226672
2026-08-14 20:36:00+00:00,43.57,43.58,43.55,43.57,22.370152390900948
2026-08-14 20:37:00+00:00,43.57,43.59,43.57,43.57,5.835283154134635
2026-08-14 20:38:00+00:00,43.57,43.59,43.57,43.59,7.54678905714952
2026-08-14 20:39:00+00:00,43.59,43.61,43.59,43.6,476.9125273869254
2026-08-14 20:40:00+00:00,43.6,43.6,43.58,43.6,6.543749552115261
2026-08-14 20:41:00+00:00,43.6,43.6,43.58,43.58,3.8023955522060033
2026-08-14 20:42:00+00:00,43.58,43.6,43.58,43.58,3.912063620211274
2026-08-14 20:43:00+00:00,43.58,43.6,43.58,43.58,4.498925439242814
2026-08-14 20:44:00+00:00,43.58,43.6,43.58,43.6,4.06327786923553
2026-08-14 20:45:00+00:00,43.6,43.6,43.58,43.6,4.235504955559953
2026-08-14 20:46:00+00:00,43.6,43.6,43.57,43.58,521.09118892042
2026-08-14 20:47:00+00:00,43.58,43.58,43.57,43.58,5.704377677968692
2026-08-14 20:48:00+00:00,43.58,43.59,43.57,43.59,4.1766109899100154
2026-08-14 20:49:00+00:00,43.59,43.59,43.57,43.57,3.9283635255236593
2026-08-14 20:50:00+00:00,43.57,43.59,43.57,43.57,4.12687727564259
2026-08-14 20:51:00+00:00,43.57,43.59,43.57,43.57,3.794527484836772
2026-08-14 20:52:00+00:00,43.57,43.59,43.57,43.59,3.8874146615106446
2026-08-14 20:53:00+00:00,43.59,43.59,43.55,43.55,489.55637305607866
2026-08-14 20:54:00+00:00,43.55,43.57,43.53,43.53,587.283117958986
2026-08-14 20:55:00+00:00,43.53,43.53,43.51,43.52,877.3305525688398
2026-08-14 20:56:00+00:00,43.52,43.52,43.51,43.52,4.103734858112402
2026-08-14 20:57:00+00:00,43.52,43.52,43.51,43.51,4.0085684589496
2026-08-14 20:58:00+00:00,43.51,43.52,43.5,43.5,7.560215648345491
2026-08-14 20:59:00+00:00,43.5,43.52,43.5,43.5,4.103144026791751
2026-08-14 21:00:00+00:00,43.5,43.54,43.5,43.54,11.554461915570684
2026-08-14 21:01:00+00:00,43.54,43.54,43.52,43.54,4.082591153925397
2026-08-14 21:02:00+00:00,43.54,43.54,43.52,43.54,4.049472077315653
2026-08-14 21:03:00+00:00,43.54,43.54,43.52,43.52,3.499079605214272
2026-08-14 21:04:00+00:00,43.52,43.56,43.52,43.56,12.433224590716003
2026-08-14 21:05:00+00:00,43.56,43.57,43.55,43.55,6.090314474185503
2026-08-14 21:06:00+00:00,43.55,43.57,43.55,43.57,4.020224609197441
2026-08-14 21:07:00+00:00,43.57,43.57,43.55,43.57,3.7687429152502
2026-08-14 21:08:00+00:00,43.57,43.57,43.53,43.53,998.5183946778171
2026-08-14 21:09:00+00:00,43.53,43.56,43.53,43.55,5.4155387489385145
2026-08-14 21:10:00+00:00,43.55,43.56,43.55,43.55,4.297121538946505
2026-08-14 21:11:00+00:00,43.55,43.56,43.55,43.56,3.732237124401303
2026-08-14 21:12:00+00:00,43.56,43.56,43.55,43.56,4.131596146202659
2026-08-14 21:13:00+00:00,43.56,43.58,43.55,43.57,5.175523428409293
2026-08-14 21:14:00+00:00,43.57,43.58,43.57,43.57,4.14116091137649
2026-08-14 21:15:00+00:00,43.57,43.58,43.57,43.57,4.37903072108489
2026-08-14 21:16:00+00:00,43.57,43.58,43.57,43.58,3.895722823374117
2026-08-14 21:17:00+00:00,43.58,43.58,43.57,43.58,4.571520058715578
2026-08-14 21:18:00+00:00,43.58,43.58,43.57,43.58,3.7568134254162913
2026-08-14 21:19:00+00:00,43.58,43.58,43.56,43.56,21.983883426131488
2026-08-14 21:20:00+00:00,43.56,43.56,43.54,43.54,6.310388606309979
2026-08-14 21:21:00+00:00,43.54,43.56,43.54,43.54,3.9669630598379504
2026-08-14 21:22:00+00:00,43.54,43.58,43.54,43.58,8.44382477427795
2026-08-14 21:23:00+00:00,43.58,43.58,43.56,43.56,3.95721313641231
2026-08-14 21:24:00+00:00,43.56,43.58,43.56,43.56,4.214620568402537
2026-08-14 21:25:00+00:00,43.56,43.58,43.56,43.56,4.297269231595862
2026-08-14 21:26:00+00:00,43.56,43.59,43.56,43.58,17.949619975652233
2026-08-14 21:27:00+00:00,43.58,43.6,43.58,43.59,7.39046061080081
2026-08-14 21:28:00+00:00,43.59,43.62,43.59,43.62,5.137031640180482
2026-08-14 21:29:00+00:00,43.62,43.62,43.6,43.6,3.3916562030715647
2026-08-14 21:30:00+00:00,43.6,43.62,43.6,43.62,6.710024765594437
2026-08-14 21:31:00+00:00,43.62,43.63,43.6,43.63,4.033781455375548
2026-08-14 21:32:00+00:00,43.63,43.63,43.6,43.61,514.8576254209908
2026-08-14 21:33:00+00:00,43.61,43.61,43.6,43.61,4.241709922604233
2026-08-14 21:34:00+00:00,43.61,43.61,43.6,43.6,3.8170219985736793
2026-08-14 21:35:00+00:00,43.6,43.61,43.55,43.57,981.8576066449714
2026-08-14 21:36:00+00:00,43.57,43.57,43.54,43.55,509.44456430374834
2026-08-14 21:37:00+00:00,43.55,43.55,43.54,43.55,4.62934941911762
2026-08-14 21:38:00+00:00,43.55,43.55,43.54,43.55,4.366905799963821
2026-08-14 21:39:00+00:00,43.55,43.55,43.54,43.54,3.9107920241202385
2026-08-14 21:40:00+00:00,43.54,43.56,43.53,43.55,19.7378997807354
2026-08-14 21:41:00+00:00,43.55,43.56,43.55,43.55,4.353278695524286
2026-08-14 21:42:00+00:00,43.55,43.56,43.55,43.56,3.9733017367074352
2026-08-14 21:43:00+00:00,43.56,43.56,43.52,43.52,477.8874140153048
2026-08-14 21:44:00+00:00,43.52,43.52,43.5,43.52,510.10622447322686
2026-08-14 21:45:00+00:00,43.52,43.52,43.5,43.52,3.2793584981406356
2026-08-14 21:46:00+00:00,43.52,43.52,43.5,43.5,3.363637064739689
2026-08-14 21:47:00+00:00,43.5,43.52,43.5,43.5,3.9900339650946584
2026-08-14 21:48:00+00:00,43.5,43.53,43.5,43.53,12.136741138749755
2026-08-14 21:49:00+00:00,43.53,43.53,43.52,43.53,3.5686010366413967
2026-08-14 21:50:00+00:00,43.53,43.53,43.52,43.53,4.291570669230821
2026-08-14 21:51:00+00:00,43.53,43.55,43.52,43.55,524.407430808274
2026-08-14 21:52:00+00:00,43.55,43.55,43.52,43.52,488.05615741322146
2026-08-14 21:53:00+00:00,43.52,43.54,43.52,43.52,4.112389416679052
2026-08-14 21:54:00+00:00,43.52,43.54,43.52,43.54,3.786412859456483
2026-08-14 21:55:00+00:00,43.54,43.54,43.52,43.54,3.8511067831473422
2026-08-14 21:56:00+00:00,43.54,43.54,43.52,43.54,4.174332172579643
2026-08-14 21:57:00+00:00,43.54,43.54,43.52,43.52,3.7457442678638975
2026-08-14 21:58:00+00:00,43.52,43.56,43.52,43.56,15.67273396107282
2026-08-14 21:59:00+00:00,43.56,43.56,43.54,43.56,2.6156793748652856
2026-08-14 22:00:00+00:00,43.56,43.59,43.53,43.59,479.0250231831692
2026-08-14 22:01:00+00:00,43.59,43.6,43.57,43.6,6.54756001360483
2026-08-14 22:02:00+00:00,43.6,43.61,43.59,43.59,4.704823614805766
2026-08-14 22:03:00+00:00,43.59,43.62,43.59,43.61,5.404815550598
2026-08-14 22:04:00+00:00,43.61,43.63,43.59,43.6,953.53651924682
2026-08-14 22:05:00+00:00,43.6,43.65,43.6,43.63,5.64074574870146
2026-08-14 22:06:00+00:00,43.63,43.65,43.63,43.63,4.034377719125658
2026-08-14 22:07:00+00:00,43.63,43.65,43.61,43.63,509.4886999093089
2026-08-14 22:08:00+00:00,43.63,43.63,43.61,43.63,4.542368427926504
2026-08-14 22:09:00+00:00,43.63,43.63,43.61,43.63,3.6383429626978825
2026-08-14 22:10:00+00:00,43.63,43.63,43.61,43.61,3.7281865500593026
2026-08-14 22:11:00+00:00,43.61,43.63,43.6,43.61,509.92143395189214
2026-08-14 22:12:00+00:00,43.61,43.61,43.6,43.6,3.9537930762450326
2026-08-14 22:13:00+00:00,43.6,43.61,43.6,43.6,3.8540451331547976
2026-08-14 22:14:00+00:00,43.6,43.61,43.6,43.61,3.87509041251796
2026-08-14 22:15:00+00:00,43.61,43.61,43.6,43.61,3.995948823916743
2026-08-14 22:16:00+00:00,43.61,43.61,43.58,43.58,513.5383021073151
2026-08-14 22:17:00+00:00,43.58,43.59,43.58,43.59,3.674332664684619
2026-08-14 22:18:00+00:00,43.59,43.62,43.58,43.62,8.707769800668682
2026-08-14 22:19:00+00:00,43.62,43.64,43.6,43.62,5.855930700081184
2026-08-14 22:20:00+00:00,43.62,43.64,43.62,43.62,4.079519744094381
2026-08-14 22:21:00+00:00,43.62,43.64,43.62,43.62,4.219049023921703
2026-08-14 22:22:00+00:00,43.62,43.64,43.62,43.64,3.6268555174658568
2026-08-14 22:23:00+00:00,43.64,43.64,43.62,43.64,3.88153001234308
2026-08-14 22:24:00+00:00,43.64,43.64,43.6,43.63,960.2977614288186
2026-08-14 22:25:00+00:00,43.63,43.63,43.6,43.6,478.9899986892967
2026-08-14 22:26:00+00:00,43.6,43.61,43.6,43.61,4.490268455387516
2026-08-14 22:27:00+00:00,43.61,43.61,43.58,43.59,623.254067951504
2026-08-14 22:28:00+00:00,43.59,43.59,43.58,43.58,3.787224856213153
2026-08-14 22:29:00+00:00,43.58,43.59,43.58,43.58,4.248607429296794
2026-08-14 22:30:00+00:00,43.58,43.61,43.57,43.61,397.6032463845021
2026-08-14 22:31:00+00:00,43.61,43.61,43.57,43.59,478.3423149388016
2026-08-14 22:32:00+00:00,43.59,43.61,43.59,43.59,4.118684160565407
2026-08-14 22:33:00+00:00,43.59,43.61,43.58,43.58,480.40225452687656
2026-08-14 22:34:00+00:00,43.58,43.59,43.58,43.58,4.304777690358266
2026-08-14 22:35:00+00:00,43.58,43.59,43.58,43.59,3.8167381797573263
2026-08-14 22:36:00+00:00,43.59,43.59,43.57,43.59,510.283914087144
2026-08-14 22:37:00+00:00,43.59,43.59,43.55,43.57,1504.7406493773788
2026-08-14 22:38:00+00:00,43.57,43.58,43.55,43.58,5.925219545933993
2026-08-14 22:39:00+00:00,43.58,43.59,43.57,43.57,4.738339905135717
2026-08-14 22:40:00+00:00,43.57,43.59,43.57,43.57,4.356576504740403
2026-08-14 22:41:00+00:00,43.57,43.6,43.57,43.6,7.015432925289265
2026-08-14 22:42:00+00:00,43.6,43.6,43.59,43.6,4.039094675994621
2026-08-14 22:43:00+00:00,43.6,43.6,43.58,43.6,8.137256011508196
2026-08-14 22:44:00+00:00,43.6,43.6,43.58,43.58,3.6174574546021026
2026-08-14 22:45:00+00:00,43.58,43.6,43.58,43.58,3.689363513689892
2026-08-14 22:46:00+00:00,43.58,43.6,43.58,43.6,3.1800922588848515
2026-08-14 22:47:00+00:00,43.6,43.6,43.58,43.6,3.8734969959286096
2026-08-14 22:48:00+00:00,43.6,43.61,43.58,43.61,18.56488215651704
2026-08-14 22:49:00+00:00,43.61,43.61,43.6,43.6,3.90868776940732
2026-08-14 22:50:00+00:00,43.6,43.61,43.59,43.61,480.51293694659665
2026-08-14 22:51:00+00:00,43.61,43.61,43.57,43.59,489.8198090283217
2026-08-14 22:52:00+00:00,43.59,43.6,43.58,43.58,4.971644090375639
2026-08-14 22:53:00+00:00,43.58,43.61,43.58,43.6,5.79544343703678
2026-08-14 22:54:00+00:00,43.6,43.61,43.6,43.6,4.1079106088368755
2026-08-14 22:55:00+00:00,43.6,43.61,43.6,43.61,3.4432785910983297
2026-08-14 22:56:00+00:00,43.61,43.61,43.6,43.61,4.0927561749367305
2026-08-14 22:57:00+00:00,43.61,43.61,43.57,43.58,991.9900205968344
2026-08-14 22:58:00+00:00,43.58,43.58,43.57,43.58,3.84749558216468
2026-08-14 22:59:00+00:00,43.58,43.59,43.57,43.59,9.777377954135815
2026-08-14 23:00:00+00:00,43.59,43.6,43.59,43.59,5.12945588690277
2026-08-14 23:01:00+00:00,43.59,43.6,43.59,43.59,4.29004084136796
2026-08-14 23:02:00+00:00,43.59,43.61,43.59,43.61,8.381176477914895
2026-08-14 23:03:00+00:00,43.61,43.61,43.59,43.61,3.9945213783836255
2026-08-14 23:04:00+00:00,43.61,43.66,43.61,43.64,1455.9064009616693
2026-08-14 23:05:00+00:00,43.64,43.66,43.63,43.64,5.972540478678319
2026-08-14 23:06:00+00:00,43.64,43.64,43.63,43.64,4.316432422842446
2026-08-14 23:07:00+00:00,43.64,43.65,43.63,43.63,7.936584959624117
2026-08-14 23:08:00+00:00,43.63,43.65,43.61,43.61,509.3677318530982
2026-08-14 23:09:00+00:00,43.61,43.62,43.61,43.62,3.4422570119187186
2026-08-14 23:10:00+00:00,43.62,43.62,43.61,43.62,4.508320051820243
2026-08-14 23:11:00+00:00,43.62,43.63,43.61,43.63,10.463461463452187
2026-08-14 23:12:00+00:00,43.63,43.63,43.61,43.61,4.189038969428934
2026-08-14 23:13:00+00:00,43.61,43.63,43.61,43.61,4.186416260267031
2026-08-14 23:14:00+00:00,43.61,43.63,43.61,43.61,3.745478249037436
2026-08-14 23:15:00+00:00,43.61,43.65,43.61,43.65,499.1414179719152
2026-08-14 23:16:00+00:00,43.65,43.65,43.61,43.63,981.3571976487085
2026-08-14 23:17:00+00:00,43.63,43.63,43.6,43.6,477.9493777422302
2026-08-14 23:18:00+00:00,43.6,43.63,43.6,43.63,7.680328642284039
2026-08-14 23:19:00+00:00,43.63,43.65,43.59,43.59,939.954166893872
2026-08-14 23:20:00+00:00,43.59,43.62,43.59,43.62,4.755947080276614
2026-08-14 23:21:00+00:00,43.62,43.62,43.61,43.62,4.051053468695949
2026-08-14 23:22:00+00:00,43.62,43.64,43.61,43.62,8.156036805430473
2026-08-14 23:23:00+00:00,43.62,43.65,43.62,43.63,479.53074572022376
2026-08-14 23:24:00+00:00,43.63,43.65,43.63,43.65,7.043781344687795
2026-08-14 23:25:00+00:00,43.65,43.69,43.65,43.68,476.6941020330587
2026-08-14 23:26:00+00:00,43.68,43.68,43.65,43.67,964.1784386046278
2026-08-14 23:27:00+00:00,43.67,43.68,43.66,43.68,476.8768675686697
2026-08-14 23:28:00+00:00,43.68,43.69,43.65,43.69,513.3356018553643
2026-08-14 23:29:00+00:00,43.69,43.69,43.67,43.67,3.7816548540278183
2026-08-14 23:30:00+00:00,43.67,43.69,43.66,43.66,480.67682318613066
2026-08-14 23:31:00+00:00,43.66,43.68,43.66,43.66,4.2804908139653906
2026-08-14 23:32:00+00:00,43.66,43.68,43.66,43.68,3.99609105869699
2026-08-14 23:33:00+00:00,43.68,43.68,43.66,43.68,4.034292784822446
2026-08-14 23:34:00+00:00,43.68,43.68,43.66,43.66,4.012018695917001
2026-08-14 23:35:00+00:00,43.66,43.68,43.66,43.66,4.384585055347767
2026-08-14 23:36:00+00:00,43.66,43.69,43.65,43.69,979.3391676412131
2026-08-14 23:37:00+00:00,43.69,43.71,43.68,43.68,476.05705762333344
2026-08-14 23:38:00+00:00,43.68,43.71,43.68,43.69,476.701185103099
2026-08-14 23:39:00+00:00,43.69,43.71,43.69,43.71,3.6726515964712383
2026-08-14 23:40:00+00:00,43.71,43.71,43.69,43.7,3.9541050662222346
2026-08-14 23:41:00+00:00,43.7,43.72,43.69,43.72,11.844143928146217
2026-08-14 23:42:00+00:00,43.72,43.73,43.71,43.71,5.355624107475901
2026-08-14 23:43:00+00:00,43.71,43.73,43.69,43.69,987.7267653209736
2026-08-14 23:44:00+00:00,43.69,43.71,43.69,43.71,6.223438281785959
2026-08-14 23:45:00+00:00,43.71,43.73,43.71,43.73,5.620943482786059
2026-08-14 23:46:00+00:00,43.73,43.73,43.71,43.73,3.8521729893138583
2026-08-14 23:47:00+00:00,43.73,43.73,43.71,43.71,4.095952231364203
2026-08-14 23:48:00+00:00,43.71,43.74,43.71,43.72,480.2658329547017
2026-08-14 23:49:00+00:00,43.72,43.74,43.72,43.74,7.539360663171841
2026-08-14 23:50:00+00:00,43.74,43.76,43.74,43.76,5.428793479375445
2026-08-14 23:51:00+00:00,43.76,43.76,43.73,43.75,1055.4725860312942
2026-08-14 23:52:00+00:00,43.75,43.76,43.75,43.75,4.361904006267955
2026-08-14 23:53:00+00:00,43.75,43.77,43.75,43.77,4.89628748629571
2026-08-14 23:54:00+00:00,43.77,43.77,43.75,43.77,3.5736123189399134
2026-08-14 23:55:00+00:00,43.77,43.77,43.75,43.75,3.9135156734880385
2026-08-14 23:56:00+00:00,43.75,43.78,43.75,43.77,11.059717769450703
2026-08-14 23:57:00+00:00,43.77,43.82,43.77,43.81,3615.1717925784033
2026-08-14 23:58:00+00:00,43.81,43.83,43.8,43.83,946.56044615811
2026-08-14 23:59:00+00:00,43.83,43.83,43.8,43.82,507.4052549874807
2026-08-15 00:00:00+00:00,43.82,43.84,43.8,43.82,2882.4038035780777
2026-08-15 00:01:00+00:00,43.82,43.87,43.82,43.87,470.0355495144664
2026-08-15 00:02:00+00:00,43.87,43.87,43.83,43.83,977.1574678696509
2026-08-15 00:03:00+00:00,43.83,43.85,43.82,43.82,933.8448874701469
2026-08-15 00:04:00+00:00,43.82,43.83,43.82,43.83,11.658434656825731
2026-08-15 00:05:00+00:00,43.83,43.84,43.82,43.84,5.754448938721853
2026-08-15 00:06:00+00:00,43.84,43.84,43.73,43.73,1476.7395546792898
2026-08-15 00:07:00+00:00,43.73,43.77,43.71,43.77,1457.7449694691086
2026-08-15 00:08:00+00:00,43.77,43.79,43.76,43.76,475.5570138797634
2026-08-15 00:09:00+00:00,43.76,43.78,43.74,43.74,964.547907642488
2026-08-15 00:10:00+00:00,43.74,43.74,43.71,43.73,475.66140964619433
2026-08-15 00:11:00+00:00,43.73,43.75,43.71,43.75,5.879569608222563
2026-08-15 00:12:00+00:00,43.75,43.76,43.73,43.76,490.9018594800593
2026-08-15 00:13:00+00:00,43.76,43.77,43.73,43.76,543.8634317601984
2026-08-15 00:14:00+00:00,43.76,43.76,43.74,43.76,3.9204160742094927
2026-08-15 00:15:00+00:00,43.76,43.76,43.74,43.74,3.8799276031962178
2026-08-15 00:16:00+00:00,43.74,43.76,43.74,43.74,4.239306409237233
2026-08-15 00:17:00+00:00,43.74,43.76,43.74,43.76,12.924211770734328
2026-08-15 00:18:00+00:00,43.76,43.77,43.75,43.77,476.1973398088455
2026-08-15 00:19:00+00:00,43.77,43.77,43.73,43.73,977.5768802550984
2026-08-15 00:20:00+00:00,43.73,43.75,43.73,43.73,4.087637144817222
2026-08-15 00:21:00+00:00,43.73,43.75,43.73,43.75,3.5988898003985494
2026-08-15 00:22:00+00:00,43.75,43.75,43.72,43.73,1515.5410540780767
2026-08-15 00:23:00+00:00,43.73,43.74,43.73,43.73,4.232555704346548
2026-08-15 00:24:00+00:00,43.73,43.76,43.73,43.74,477.65102562278497
2026-08-15 00:25:00+00:00,43.74,43.76,43.72,43.74,967.0858704030146
2026-08-15 00:26:00+00:00,43.74,43.74,43.72,43.72,4.091303127814655
2026-08-15 00:27:00+00:00,43.72,43.74,43.71,43.71,507.59119257979137
2026-08-15 00:28:00+00:00,43.71,43.75,43.71,43.75,528.4936810996645
2026-08-15 00:29:00+00:00,43.75,43.75,43.73,43.73,3.9841218521833537
2026-08-15 00:30:00+00:00,43.73,43.75,43.73,43.73,4.024137801443926
2026-08-15 00:31:00+00:00,43.73,43.75,43.73,43.75,4.33974534121721
2026-08-15 00:32:00+00:00,43.75,43.75,43.73,43.75,4.489289831759825
2026-08-15 00:33:00+00:00,43.75,43.75,43.73,43.73,2.8808955368985005
2026-08-15 00:34:00+00:00,43.73,43.75,43.73,43.73,3.4845495906700203
2026-08-15 00:35:00+00:00,43.73,43.75,43.72,43.72,455.5822895121694
2026-08-15 00:36:00+00:00,43.72,43.73,43.72,43.72,4.382922340763175
2026-08-15 00:37:00+00:00,43.72,43.73,43.72,43.73,3.64699200617446
2026-08-15 00:38:00+00:00,43.73,43.73,43.72,43.73,4.167000452330685
2026-08-15 00:39:00+00:00,43.73,43.73,43.7,43.72,514.5003459967103
2026-08-15 00:40:00+00:00,43.72,43.73,43.7,43.71,6.220006989866003
2026-08-15 00:41:00+00:00,43.71,43.73,43.71,43.71,4.073954848555666
2026-08-15 00:42:00+00:00,43.71,43.73,43.71,43.72,3.948858313497532
2026-08-15 00:43:00+00:00,43.72,43.72,43.71,43.72,3.919111322379075
2026-08-15 00:44:00+00:00,43.72,43.72,43.71,43.72,4.084292207665803
2026-08-15 00:45:00+00:00,43.72,43.72,43.71,43.71,3.8913202095320503
2026-08-15 00:46:00+00:00,43.71,43.73,43.71,43.71,10.767218039650643
2026-08-15 00:47:00+00:00,43.71,43.73,43.71,43.73,3.5096672176130403
2026-08-15 00:48:00+00:00,43.73,43.73,43.71,43.72,484.44490046518274
2026-08-15 00:49:00+00:00,43.72,43.72,43.7,43.72,22.18748761916005
2026-08-15 00:50:00+00:00,43.72,43.72,43.69,43.7,8.510428378217114
2026-08-15 00:51:00+00:00,43.7,43.71,43.69,43.69,4.204944099486282
2026-08-15 00:52:00+00:00,43.69,43.71,43.69,43.69,3.515640774976084
2026-08-15 00:53:00+00:00,43.69,43.71,43.69,43.71,4.152192725112072
2026-08-15 00:54:00+00:00,43.71,43.71,43.69,43.71,3.654292683854064
2026-08-15 00:55:00+00:00,43.71,43.71,43.69,43.71,4.424535674613978
2026-08-15 00:56:00+00:00,43.71,43.71,43.68,43.69,8.414905212422644
2026-08-15 00:57:00+00:00,43.69,43.7,43.68,43.68,4.603000952756931
2026-08-15 00:58:00+00:00,43.68,43.7,43.67,43.67,2169.964944908947
2026-08-15 00:59:00+00:00,43.67,43.68,43.65,43.65,123.20327966193376
2026-08-15 01:00:00+00:00,43.65,43.67,43.64,43.67,731.3761075456512
2026-08-15 01:01:00+00:00,43.67,43.67,43.64,43.65,510.3210186374658
2026-08-15 01:02:00+00:00,43.65,43.65,43.64,43.65,3.9514226730628494
2026-08-15 01:03:00+00:00,43.65,43.65,43.63,43.65,8.244426281533602
2026-08-15 01:04:00+00:00,43.65,43.65,43.63,43.65,4.243789646299363
2026-08-15 01:05:00+00:00,43.65,43.65,43.63,43.63,3.911056412889919
2026-08-15 01:06:00+00:00,43.63,43.65,43.63,43.63,4.368280387587069
2026-08-15 01:07:00+00:00,43.63,43.65,43.63,43.63,4.315417515665288
2026-08-15 01:08:00+00:00,43.63,43.65,43.63,43.65,3.4520677917686977
2026-08-15 01:09:00+00:00,43.65,43.65,43.63,43.65,3.5685735536699714
2026-08-15 01:10:00+00:00,43.65,43.66,43.63,43.66,21.23760733142666
2026-08-15 01:11:00+00:00,43.66,43.66,43.63,43.66,508.0486271550136
2026-08-15 01:12:00+00:00,43.66,43.66,43.63,43.64,508.0301195514208
2026-08-15 01:13:00+00:00,43.64,43.65,43.63,43.63,4.190894261044989
2026-08-15 01:14:00+00:00,43.63,43.65,43.63,43.65,3.909614715433515
2026-08-15 01:15:00+00:00,43.65,43.65,43.63,43.65,4.390447990351017
2026-08-15 01:16:00+00:00,43.65,43.65,43.63,43.65,4.077426169609643
2026-08-15 01:17:00+00:00,43.65,43.65,43.63,43.63,3.3554961683153057
2026-08-15 01:18:00+00:00,43.63,43.65,43.63,43.63,4.293042703416393
2026-08-15 01:19:00+00:00,43.63,43.66,43.63,43.66,18.23463904338021
2026-08-15 01:20:00+00:00,43.66,43.66,43.65,43.65,2.6347048288896966
2026-08-15 01:21:00+00:00,43.65,43.67,43.65,43.65,11.754654339061272
2026-08-15 01:22:00+00:00,43.65,43.71,43.65,43.71,6.39952351383602
2026-08-15 01:23:00+00:00,43.71,43.72,43.69,43.69,5.45549278620546
2026-08-15 01:24:00+00:00,43.69,43.71,43.69,43.71,6.262500477171713
2026-08-15 01:25:00+00:00,43.71,43.73,43.71,43.73,3.6650424272264592
2026-08-15 01:26:00+00:00,43.73,43.73,43.71,43.71,2.647943232067705
2026-08-15 01:27:00+00:00,43.71,43.74,43.71,43.73,7.192349575491393
2026-08-15 01:28:00+00:00,43.73,43.74,43.72,43.72,6.603079297635595
2026-08-15 01:29:00+00:00,43.72,43.74,43.72,43.74,3.9205937647857607
2026-08-15 01:30:00+00:00,43.74,43.74,43.72,43.74,3.3957997248148946
2026-08-15 01:31:00+00:00,43.74,43.74,43.72,43.72,2.9134901361325407
2026-08-15 01:32:00+00:00,43.72,43.75,43.72,43.74,13.517243534972192
2026-08-15 01:33:00+00:00,43.74,43.75,43.74,43.74,3.930996532758508
2026-08-15 01:34:00+00:00,43.74,43.77,43.74,43.77,7.58008168426951
2026-08-15 01:35:00+00:00,43.77,43.77,43.73,43.73,1439.5206691416497
2026-08-15 01:36:00+00:00,43.73,43.75,43.73,43.73,4.492048092515763
2026-08-15 01:37:00+00:00,43.73,43.75,43.72,43.72,515.2958184548803
2026-08-15 01:38:00+00:00,43.72,43.73,43.71,43.73,467.520134832159
2026-08-15 01:39:00+00:00,43.73,43.73,43.71,43.73,5.855617212441542
2026-08-15 01:40:00+00:00,43.73,43.74,43.73,43.73,4.178170139519525
2026-08-15 01:41:00+00:00,43.73,43.74,43.72,43.74,477.21576651898994
2026-08-15 01:42:00+00:00,43.74,43.74,43.72,43.74,9.189513715077961
2026-08-15 01:43:00+00:00,43.74,43.78,43.74,43.78,4.2085616729980915
2026-08-15 01:44:00+00:00,43.78,43.78,43.76,43.76,3.942953559972039
2026-08-15 01:45:00+00:00,43.76,43.79,43.76,43.78,8.78939695926922
2026-08-15 01:46:00+00:00,43.78,43.83,43.78,43.82,476.8002912421208
2026-08-15 01:47:00+00:00,43.82,43.84,43.81,43.82,478.5084402330156
2026-08-15 01:48:00+00:00,43.82,43.82,43.81,43.82,4.1763671411683845
2026-08-15 01:49:00+00:00,43.82,43.82,43.8,43.82,507.8754026448665
2026-08-15 01:50:00+00:00,43.82,43.82,43.8,43.8,3.656823962286565
2026-08-15 01:51:00+00:00,43.8,43.83,43.8,43.82,11.718020537544083
2026-08-15 01:52:00+00:00,43.82,43.83,43.76,43.76,2026.277945045758
2026-08-15 01:53:00+00:00,43.76,43.77,43.76,43.77,4.030866474620742
2026-08-15 01:54:00+00:00,43.77,43.77,43.75,43.77,483.8020530076727
2026-08-15 01:55:00+00:00,43.77,43.77,43.75,43.75,4.029304428995724
2026-08-15 01:56:00+00:00,43.75,43.77,43.75,43.75,4.036824977316492
2026-08-15 01:57:00+00:00,43.75,43.81,43.75,43.81,10.831166538023261
2026-08-15 01:58:00+00:00,43.81,43.84,43.79,43.84,7.333563704429396
2026-08-15 01:59:00+00:00,43.84,43.84,43.81,43.82,611.9971079314444
2026-08-15 02:00:00+00:00,43.82,43.82,43.81,43.81,3.708846830495279
2026-08-15 02:01:00+00:00,43.81,43.82,43.8,43.8,478.2554507861133
2026-08-15 02:02:00+00:00,43.8,43.82,43.8,43.8,3.8358191772485615
2026-08-15 02:03:00+00:00,43.8,43.82,43.8,43.8,13.284314860085573
2026-08-15 02:04:00+00:00,43.8,43.85,43.8,43.84,7.6721983373621105
2026-08-15 02:05:00+00:00,43.84,43.85,43.83,43.85,474.9596632841231
2026-08-15 02:06:00+00:00,43.85,43.85,43.83,43.83,4.151906804849565
2026-08-15 02:07:00+00:00,43.83,43.85,43.81,43.81,1008.7751206290974
2026-08-15 02:08:00+00:00,43.81,43.83,43.8,43.8,593.7362999513914
2026-08-15 02:09:00+00:00,43.8,43.82,43.76,43.77,1070.9686008364015
2026-08-15 02:10:00+00:00,43.77,43.78,43.77,43.78,5.535943853063895
2026-08-15 02:11:00+00:00,43.78,43.78,43.75,43.78,554.8005186149876
2026-08-15 02:12:00+00:00,43.78,43.79,43.76,43.79,8.360254375751442
2026-08-15 02:13:00+00:00,43.79,43.81,43.78,43.8,5.543328213577861
2026-08-15 02:14:00+00:00,43.8,43.81,43.79,43.79,476.47554956264895
2026-08-15 02:15:00+00:00,43.79,43.82,43.79,43.82,8.100678233197726
2026-08-15 02:16:00+00:00,43.82,43.82,43.8,43.82,475.044348966873
2026-08-15 02:17:00+00:00,43.82,43.83,43.81,43.81,5.518992635812711
2026-08-15 02:18:00+00:00,43.81,43.83,43.81,43.81,3.8200474296246263
2026-08-15 02:19:00+00:00,43.81,43.83,43.81,43.83,3.228758109278951
2026-08-15 02:20:00+00:00,43.83,43.83,43.81,43.83,3.9690716289196657
2026-08-15 02:21:00+00:00,43.83,43.85,43.81,43.85,11.944036899791593
2026-08-15 02:22:00+00:00,43.85,43.85,43.83,43.84,5.695752873553839
2026-08-15 02:23:00+00:00,43.84,43.86,43.84,43.86,4.242902225395335
2026-08-15 02:24:00+00:00,43.86,43.86,43.84,43.86,4.350269135620637
2026-08-15 02:25:00+00:00,43.86,43.9,43.84,43.9,3021.1167989003648
2026-08-15 02:26:00+00:00,43.9,43.92,43.88,43.92,3867.073694396485
2026-08-15 02:27:00+00:00,43.92,43.92,43.9,43.92,4.548432556657366
2026-08-15 02:28:00+00:00,43.92,43.92,43.89,43.9,505.62842816665017
2026-08-15 02:29:00+00:00,43.9,43.92,43.89,43.91,6.160728737912726
2026-08-15 02:30:00+00:00,43.91,43.94,43.91,43.94,1115.2255816158
2026-08-15 02:31:00+00:00,43.94,43.94,43.92,43.92,3.7943178954079624
2026-08-15 02:32:00+00:00,43.92,43.94,43.88,43.9,507.23049030126685
2026-08-15 02:33:00+00:00,43.9,43.92,43.9,43.9,6.279370542795866
2026-08-15 02:34:00+00:00,43.9,43.92,43.9,43.92,3.5396917360618394
2026-08-15 02:35:00+00:00,43.92,43.92,43.9,43.92,4.249655441037961
2026-08-15 02:36:00+00:00,43.92,43.94,43.91,43.91,1010.5811069339688
2026-08-15 02:37:00+00:00,43.91,43.93,43.91,43.91,4.9470418605349415
2026-08-15 02:38:00+00:00,43.91,43.95,43.91,43.95,1573.0722932515405
2026-08-15 02:39:00+00:00,43.95,43.95,43.93,43.95,4.376646718186214
2026-08-15 02:40:00+00:00,43.95,43.95,43.93,43.93,3.582010334467882
2026-08-15 02:41:00+00:00,43.93,43.95,43.93,43.93,4.306486267971566
2026-08-15 02:42:00+00:00,43.93,43.95,43.93,43.93,3.9022750746028625
2026-08-15 02:43:00+00:00,43.93,43.95,43.91,43.93,483.78473325552415
2026-08-15 02:44:00+00:00,43.93,43.94,43.92,43.94,4.954241995808875
2026-08-15 02:45:00+00:00,43.94,43.94,43.92,43.94,4.386875410913872
2026-08-15 02:46:00+00:00,43.94,43.94,43.92,43.92,3.4122735983743357
2026-08-15 02:47:00+00:00,43.92,43.94,43.91,43.92,494.9935841798623
2026-08-15 02:48:00+00:00,43.92,43.93,43.91,43.91,4.525321950327472
2026-08-15 02:49:00+00:00,43.91,43.93,43.91,43.91,4.379031769502661
2026-08-15 02:50:00+00:00,43.91,43.94,43.91,43.93,8.698721568436985
2026-08-15 02:51:00+00:00,43.93,43.94,43.93,43.94,3.765936891572754
2026-08-15 02:52:00+00:00,43.94,43.95,43.93,43.95,11.84747998355753
2026-08-15 02:53:00+00:00,43.95,43.95,43.93,43.95,3.7780521239835743
2026-08-15 02:54:00+00:00,43.95,43.97,43.93,43.97,1235.098033821337
2026-08-15 02:55:00+00:00,43.97,43.97,43.95,43.95,3.7744092918871406
2026-08-15 02:56:00+00:00,43.95,43.98,43.95,43.97,1244.48990460368
2026-08-15 02:57:00+00:00,43.97,43.99,43.96,43.99,1128.1336102225605
2026-08-15 02:58:00+00:00,43.99,43.99,43.97,43.99,473.5158331982388
2026-08-15 02:59:00+00:00,43.99,43.99,43.97,43.97,3.487927591003041
2026-08-15 03:00:00+00:00,43.97,44.0,43.93,43.93,2556.3296883565913
2026-08-15 03:01:00+00:00,43.93,43.96,43.92,43.96,1110.7363896086044
2026-08-15 03:02:00+00:00,43.96,43.99,43.96,43.99,4.478499469834859
2026-08-15 03:03:00+00:00,43.99,43.99,43.95,43.97,975.685860656364
2026-08-15 03:04:00+00:00,43.97,43.97,43.95,43.97,3.844241996624547
2026-08-15 03:05:00+00:00,43.97,43.99,43.95,43.99,8.72497472803325
2026-08-15 03:06:00+00:00,43.99,43.99,43.98,43.99,4.033800046126486
2026-08-15 03:07:00+00:00,43.99,43.99,43.97,43.97,475.80148326782034
2026-08-15 03:08:00+00:00,43.97,43.99,43.97,43.99,3.77569987038322
2026-08-15 03:09:00+00:00,43.99,43.99,43.97,43.99,3.66130718091232
2026-08-15 03:10:00+00:00,43.99,44.0,43.97,44.0,9.5572311750651
2026-08-15 03:11:00+00:00,44.0,44.0,43.98,43.98,486.773767423737
2026-08-15 03:12:00+00:00,43.98,44.01,43.98,44.0,461.87170359663816
2026-08-15 03:13:00+00:00,44.0,44.02,44.0,44.02,5.36748095839247
2026-08-15 03:14:00+00:00,44.02,44.02,43.99,44.0,474.127414078727
2026-08-15 03:15:00+00:00,44.0,44.01,43.97,43.99,506.6508359111123
2026-08-15 03:16:00+00:00,43.99,44.01,43.97,44.01,5.914968599443562
2026-08-15 03:17:00+00:00,44.01,44.02,44.0,44.0,6.313276502027716
2026-08-15 03:18:00+00:00,44.0,44.02,44.0,44.0,4.02233217339226
2026-08-15 03:19:00+00:00,44.0,44.03,44.0,44.0,2218.637647061497
2026-08-15 03:20:00+00:00,44.0,44.01,43.98,43.99,504.0997451535401
2026-08-15 03:21:00+00:00,43.99,43.99,43.98,43.99,3.9169819642543504
2026-08-15 03:22:00+00:00,43.99,43.99,43.98,43.99,4.024435661252955
2026-08-15 03:23:00+00:00,43.99,43.99,43.98,43.98,3.7545623095744713
2026-08-15 03:24:00+00:00,43.98,43.99,43.98,43.98,4.0416787435980375
2026-08-15 03:25:00+00:00,43.98,43.99,43.95,43.97,493.1150440496296
2026-08-15 03:26:00+00:00,43.97,43.97,43.95,43.97,4.391847777067983
2026-08-15 03:27:00+00:00,43.97,43.99,43.95,43.99,6.679551721063496
2026-08-15 03:28:00+00:00,43.99,43.99,43.98,43.99,4.184961990100482
2026-08-15 03:29:00+00:00,43.99,44.0,43.98,43.98,8.156692745179187
2026-08-15 03:30:00+00:00,43.98,44.0,43.97,43.98,479.27182434001867
2026-08-15 03:31:00+00:00,43.98,44.0,43.97,43.98,460.47848296254693
2026-08-15 03:32:00+00:00,43.98,43.99,43.98,43.98,3.8200299770473696
2026-08-15 03:33:00+00:00,43.98,43.99,43.98,43.99,3.763972934648321
2026-08-15 03:34:00+00:00,43.99,43.99,43.89,43.91,1522.1670093891519
2026-08-15 03:35:00+00:00,43.91,43.91,43.89,43.91,25.055962769800914
2026-08-15 03:36:00+00:00,43.91,43.91,43.89,43.91,4.155525799239616
2026-08-15 03:37:00+00:00,43.91,43.91,43.86,43.87,1427.270624725806
2026-08-15 03:38:00+00:00,43.87,43.87,43.84,43.85,1058.4224888994324
2026-08-15 03:39:00+00:00,43.85,43.85,43.84,43.84,2.425303560578948
2026-08-15 03:40:00+00:00,43.84,43.89,43.84,43.89,7.865006203759751
2026-08-15 03:41:00+00:00,43.89,43.92,43.88,43.92,11.563950275870322
2026-08-15 03:42:00+00:00,43.92,43.92,43.9,43.9,3.9188773748916024
2026-08-15 03:43:00+00:00,43.9,43.92,43.89,43.89,505.07179484616256
2026-08-15 03:44:00+00:00,43.89,43.92,43.89,43.91,5.648802490606238
2026-08-15 03:45:00+00:00,43.91,43.92,43.91,43.92,3.650801933205816
2026-08-15 03:46:00+00:00,43.92,43.92,43.91,43.92,4.238914011687261
2026-08-15 03:47:00+00:00,43.92,43.92,43.91,43.92,3.41785980514042
2026-08-15 03:48:00+00:00,43.92,43.92,43.89,43.89,502.75843252678146
2026-08-15 03:49:00+00:00,43.89,43.9,43.89,43.89,4.234119223301575
2026-08-15 03:50:00+00:00,43.89,43.91,43.89,43.89,7.706793388492912
2026-08-15 03:51:00+00:00,43.89,43.92,43.89,43.92,5.582298745903091
2026-08-15 03:52:00+00:00,43.92,43.97,43.91,43.97,494.8986848374663
2026-08-15 03:53:00+00:00,43.97,43.97,43.95,43.95,3.7007665222150896
2026-08-15 03:54:00+00:00,43.95,43.98,43.95,43.96,7.975196744563792
2026-08-15 03:55:00+00:00,43.96,43.98,43.96,43.96,4.192099322588934
2026-08-15 03:56:00+00:00,43.96,43.99,43.96,43.99,7.370873008610967
2026-08-15 03:57:00+00:00,43.99,43.99,43.98,43.99,4.577912964633638
2026-08-15 03:58:00+00:00,43.99,43.99,43.96,43.96,476.4296013847788
2026-08-15 03:59:00+00:00,43.96,43.98,43.96,43.96,3.8014220522108446
2026-08-15 04:00:00+00:00,43.96,44.02,43.96,44.0,10.459932886826644
2026-08-15 04:01:00+00:00,44.0,44.0,43.99,43.99,3.208551070491227
2026-08-15 04:02:00+00:00,43.99,44.05,43.99,44.03,3050.0835513084903
2026-08-15 04:03:00+00:00,44.03,44.06,44.02,44.02,1465.2168526344083
2026-08-15 04:04:00+00:00,44.02,44.04,44.02,44.02,4.141306290469076
2026-08-15 04:05:00+00:00,44.02,44.04,44.02,44.04,3.5193946707404486
2026-08-15 04:06:00+00:00,44.04,44.04,44.01,44.02,174.26515569134577
2026-08-15 04:07:00+00:00,44.02,44.02,44.0,44.02,472.3721046246417
2026-08-15 04:08:00+00:00,44.02,44.02,43.98,43.99,502.42864003173383
2026-08-15 04:09:00+00:00,43.99,44.01,43.98,44.0,6.348096533331608
2026-08-15 04:10:00+00:00,44.0,44.01,43.97,43.99,639.0058715824729
2026-08-15 04:11:00+00:00,43.99,43.99,43.96,43.99,725.6358913699912
2026-08-15 04:12:00+00:00,43.99,44.0,43.98,43.98,4.522074976060643
2026-08-15 04:13:00+00:00,43.98,44.01,43.98,44.01,7.587136850239775
2026-08-15 04:14:00+00:00,44.01,44.02,44.0,44.02,3.9606287224815167
2026-08-15 04:15:00+00:00,44.02,44.03,44.0,44.02,3.7646240363660457
2026-08-15 04:16:00+00:00,44.02,44.05,44.02,44.05,506.165476973579
2026-08-15 04:17:00+00:00,44.05,44.06,44.03,44.03,971.4599504430869
2026-08-15 04:18:00+00:00,44.03,44.04,44.02,44.04,465.1214803292047
2026-08-15 04:19:00+00:00,44.04,44.05,44.04,44.04,3.8138176057056783
2026-08-15 04:20:00+00:00,44.04,44.05,44.03,44.04,475.8777068172285
2026-08-15 04:21:00+00:00,44.04,44.06,44.04,44.05,4.043001589181349
2026-08-15 04:22:00+00:00,44.05,44.06,44.04,44.06,4.843368317237345
2026-08-15 04:23:00+00:00,44.06,44.06,44.04,44.06,4.338266650257699
2026-08-15 04:24:00+00:00,44.06,44.06,44.04,44.04,3.865677098729624
2026-08-15 04:25:00+00:00,44.04,44.07,44.04,44.06,456.17911627539047
2026-08-15 04:26:00+00:00,44.06,44.08,44.06,44.06,6.426248933282661
2026-08-15 04:27:00+00:00,44.06,44.08,44.06,44.08,3.5884299416815706
2026-08-15 04:28:00+00:00,44.08,44.08,44.06,44.08,3.696473244700965
2026-08-15 04:29:00+00:00,44.08,44.08,44.06,44.08,4.218871508741174
2026-08-15 04:30:00+00:00,44.08,44.09,44.06,44.08,1901.5277148042487
2026-08-15 04:31:00+00:00,44.08,44.09,44.08,44.09,1894.5586180089067
2026-08-15 04:32:00+00:00,44.09,44.1,44.07,44.08,502.85314391356394
2026-08-15 04:33:00+00:00,44.08,44.08,44.05,44.06,482.0671360675496
2026-08-15 04:34:00+00:00,44.06,44.06,44.05,44.05,3.732400740296871
2026-08-15 04:35:00+00:00,44.05,44.06,44.05,44.06,8.722854630693982
2026-08-15 04:36:00+00:00,44.06,44.07,44.05,44.05,4.325343763546128
2026-08-15 04:37:00+00:00,44.05,44.07,44.05,44.07,4.1265136905557585
2026-08-15 04:38:00+00:00,44.07,44.08,44.05,44.08,8.183615130724197
2026-08-15 04:39:00+00:00,44.08,44.08,44.05,44.06,507.6367818354401
2026-08-15 04:40:00+00:00,44.06,44.09,44.05,44.07,5.347224043558012
2026-08-15 04:41:00+00:00,44.07,44.09,44.04,44.04,923.5872343108314
2026-08-15 04:42:00+00:00,44.04,44.06,44.04,44.06,3.9904379627648368
2026-08-15 04:43:00+00:00,44.06,44.06,44.04,44.06,4.351634258955771
2026-08-15 04:44:00+00:00,44.06,44.07,44.04,44.06,8.984051504320941
2026-08-15 04:45:00+00:00,44.06,44.07,44.06,44.06,2.6630227557549113
2026-08-15 04:46:00+00:00,44.06,44.07,44.06,44.06,3.9843660392140143
2026-08-15 04:47:00+00:00,44.06,44.07,44.06,44.07,3.3143642851029
2026-08-15 04:48:00+00:00,44.07,44.07,44.06,44.07,3.7578553638050143
2026-08-15 04:49:00+00:00,44.07,44.07,44.05,44.06,93.11172987774879
2026-08-15 04:50:00+00:00,44.06,44.06,44.03,44.04,921.8885843709968
2026-08-15 04:51:00+00:00,44.04,44.06,44.04,44.06,473.89799700239854
2026-08-15 04:52:00+00:00,44.06,44.06,44.02,44.04,1003.9182383106292
2026-08-15 04:53:00+00:00,44.04,44.04,43.98,44.03,3949.4126460596567
2026-08-15 04:54:00+00:00,44.03,44.03,43.99,44.0,1426.6678605424029
2026-08-15 04:55:00+00:00,44.0,44.01,44.0,44.0,4.257541261283593
2026-08-15 04:56:00+00:00,44.0,44.01,44.0,44.0,3.4412033577079586
2026-08-15 04:57:00+00:00,44.0,44.01,44.0,44.01,3.608041044390738
2026-08-15 04:58:00+00:00,44.01,44.01,43.99,44.01,477.1572629149307
2026-08-15 04:59:00+00:00,44.01,44.01,43.99,44.01,4.406104824695497
2026-08-15 05:00:00+00:00,44.01,44.02,43.99,44.01,11.428490134142791
2026-08-15 05:01:00+00:00,44.01,44.04,44.01,44.03,6.592402898752821
2026-08-15 05:02:00+00:00,44.03,44.04,44.03,44.04,3.558373073804233
2026-08-15 05:03:00+00:00,44.04,44.05,44.03,44.05,7.8136300120433155
2026-08-15 05:04:00+00:00,44.05,44.05,44.03,44.05,4.072644788933766
2026-08-15 05:05:00+00:00,44.05,44.05,44.03,44.03,4.0275313782291144
2026-08-15 05:06:00+00:00,44.03,44.05,44.03,44.03,4.584332970786867
2026-08-15 05:07:00+00:00,44.03,44.05,44.03,44.03,4.08731965590482
2026-08-15 05:08:00+00:00,44.03,44.07,44.03,44.07,14.272705214503468
2026-08-15 05:09:00+00:00,44.07,44.07,44.05,44.07,3.4198470084353985
2026-08-15 05:10:00+00:00,44.07,44.07,44.05,44.07,4.011736498043692
2026-08-15 05:11:00+00:00,44.07,44.07,44.05,44.07,4.332368095643939
2026-08-15 05:12:00+00:00,44.07,44.07,44.05,44.05,3.006082857037625
2026-08-15 05:13:00+00:00,44.05,44.09,44.05,44.07,6.532717930696403
2026-08-15 05:14:00+00:00,44.07,44.09,44.07,44.09,3.7703976173907954
2026-08-15 05:15:00+00:00,44.09,44.09,44.05,44.07,11.68192613646403
2026-08-15 05:16:00+00:00,44.07,44.07,44.05,44.07,3.822120437329221
2026-08-15 05:17:00+00:00,44.07,44.07,44.03,44.03,474.80773431295546
2026-08-15 05:18:00+00:00,44.03,44.04,44.03,44.03,4.204234010416892
2026-08-15 05:19:00+00:00,44.03,44.04,44.03,44.03,3.9704704939638424
2026-08-15 05:20:00+00:00,44.03,44.05,44.02,44.04,483.08449964746114
2026-08-15 05:21:00+00:00,44.04,44.05,44.04,44.04,4.063882746156883
2026-08-15 05:22:00+00:00,44.04,44.05,44.02,44.02,476.6623608193144
2026-08-15 05:23:00+00:00,44.02,44.03,44.01,44.03,503.7896721264526
2026-08-15 05:24:00+00:00,44.03,44.03,44.01,44.03,3.8561754309859686
2026-08-15 05:25:00+00:00,44.03,44.03,44.01,44.03,4.071993073653124
2026-08-15 05:26:00+00:00,44.03,44.03,44.01,44.01,4.174022457782833
2026-08-15 05:27:00+00:00,44.01,44.03,43.99,44.01,964.7188597895438
2026-08-15 05:28:00+00:00,44.01,44.01,43.99,43.99,3.7872931295089423
2026-08-15 05:29:00+00:00,43.99,44.01,43.99,43.99,3.911788172096496
2026-08-15 05:30:00+00:00,43.99,44.01,43.96,43.98,995.0257439287725
2026-08-15 05:31:00+00:00,43.98,43.99,43.98,43.99,3.7313962121491704
2026-08-15 05:32:00+00:00,43.99,43.99,43.98,43.99,3.935117535187469
2026-08-15 05:33:00+00:00,43.99,44.02,43.99,44.02,950.903712441456
2026-08-15 05:34:00+00:00,44.02,44.02,44.0,44.02,4.223555171203172
2026-08-15 05:35:00+00:00,44.02,44.02,43.98,43.99,490.0909940123944
2026-08-15 05:36:00+00:00,43.99,44.01,43.98,44.0,4.767616594449368
2026-08-15 05:37:00+00:00,44.0,44.01,43.99,43.99,474.8052897466317
2026-08-15 05:38:00+00:00,43.99,44.01,43.98,43.98,505.848152554025
2026-08-15 05:39:00+00:00,43.98,43.99,43.98,43.99,3.76321219393262
2026-08-15 05:40:00+00:00,43.99,43.99,43.97,43.99,462.641725327552
2026-08-15 05:41:00+00:00,43.99,44.0,43.97,44.0,9.660752349295624
2026-08-15 05:42:00+00:00,44.0,44.0,43.99,43.99,4.304492017813965
2026-08-15 05:43:00+00:00,43.99,44.0,43.99,43.99,4.038115863109384
2026-08-15 05:44:00+00:00,43.99,44.02,43.98,43.98,478.5992557911828
2026-08-15 05:45:00+00:00,43.98,44.01,43.98,44.0,5.316598618284159
2026-08-15 05:46:00+00:00,44.0,44.01,44.0,44.0,2.9379016390902892
2026-08-15 05:47:00+00:00,44.0,44.01,43.99,43.99,474.21466903155687
2026-08-15 05:48:00+00:00,43.99,44.01,43.97,43.97,506.008167886886
2026-08-15 05:49:00+00:00,43.97,43.99,43.97,43.97,3.7159080234239767
2026-08-15 05:50:00+00:00,43.97,43.99,43.97,43.99,3.7975340602716217
2026-08-15 05:51:00+00:00,43.99,43.99,43.97,43.99,4.19678165634332
2026-08-15 05:52:00+00:00,43.99,43.99,43.97,43.99,3.8735676482389496
2026-08-15 05:53:00+00:00,43.99,43.99,43.97,43.97,4.4502386285716415
2026-08-15 05:54:00+00:00,43.97,43.99,43.97,43.97,2.7764648735733606
2026-08-15 05:55:00+00:00,43.97,43.99,43.96,43.96,504.5259910016616
2026-08-15 05:56:00+00:00,43.96,43.98,43.96,43.98,4.695347994268867
2026-08-15 05:57:00+00:00,43.98,43.98,43.96,43.98,4.111389483018379
2026-08-15 05:58:00+00:00,43.98,43.98,43.96,43.98,4.0322436350214605
2026-08-15 05:59:00+00:00,43.98,43.98,43.96,43.96,3.9045520215367975
2026-08-15 06:00:00+00:00,43.96,43.99,43.96,43.99,5.810986781119452
2026-08-15 06:01:00+00:00,43.99,43.99,43.98,43.99,4.5895612153367775
2026-08-15 06:02:00+00:00,43.99,44.02,43.98,44.02,476.93168712034475
2026-08-15 06:03:00+00:00,44.02,44.02,44.0,44.02,4.2517327351204
2026-08-15 06:04:00+00:00,44.02,44.02,44.0,44.0,3.702339546074098
2026-08-15 06:05:00+00:00,44.0,44.02,43.98,44.0,982.9357833549808
2026-08-15 06:06:00+00:00,44.0,44.01,43.98,44.01,5.968593291544808
2026-08-15 06:07:00+00:00,44.01,44.01,44.0,44.01,3.861661378612299
2026-08-15 06:08:00+00:00,44.01,44.03,44.0,44.03,515.3944522284584
2026-08-15 06:09:00+00:00,44.03,44.06,44.03,44.04,939.8537987959957
2026-08-15 06:10:00+00:00,44.04,44.06,44.04,44.06,3.822142231941168
2026-08-15 06:11:00+00:00,44.06,44.07,44.04,44.05,480.6698304092083
2026-08-15 06:12:00+00:00,44.05,44.05,44.02,44.03,958.8738503906985
2026-08-15 06:13:00+00:00,44.03,44.03,44.01,44.01,503.9336891456061
2026-08-15 06:14:00+00:00,44.01,44.03,43.96,43.98,1550.3845454386887
2026-08-15 06:15:00+00:00,43.98,44.01,43.96,44.01,5.93958836566108
2026-08-15 06:16:00+00:00,44.01,44.02,43.99,44.02,6.623151717415425
2026-08-15 06:17:00+00:00,44.02,44.03,44.01,44.01,4.1124033069516575
2026-08-15 06:18:00+00:00,44.01,44.03,44.01,44.03,3.7476859754016014
2026-08-15 06:19:00+00:00,44.03,44.03,44.01,44.03,3.843365239756434
2026-08-15 06:20:00+00:00,44.03,44.03,44.01,44.03,1.341148613685604
2026-08-15 06:21:00+00:00,44.03,44.04,44.01,44.03,11.290092506068573
2026-08-15 06:22:00+00:00,44.03,44.05,44.03,44.05,6.370333404053604
2026-08-15 06:23:00+00:00,44.05,44.06,44.05,44.05,4.427091753428794
2026-08-15 06:24:00+00:00,44.05,44.06,44.05,44.05,4.103986169927191
2026-08-15 06:25:00+00:00,44.05,44.07,44.05,44.07,9.284845069119052
2026-08-15 06:26:00+00:00,44.07,44.07,44.05,44.07,3.8548038140745544
2026-08-15 06:27:00+00:00,44.07,44.07,44.05,44.05,3.9637049972350766
2026-08-15 06:28:00+00:00,44.05,44.07,44.03,44.04,506.0538663781614
2026-08-15 06:29:00+00:00,44.04,44.04,44.03,44.03,47.918115471389235
2026-08-15 06:30:00+00:00,44.03,44.05,44.03,44.03,6.779358244851259
2026-08-15 06:31:00+00:00,44.03,44.05,44.03,44.05,3.9646140452683816
2026-08-15 06:32:00+00:00,44.05,44.05,44.03,44.05,4.49964913510884
2026-08-15 06:33:00+00:00,44.05,44.05,44.01,44.02,479.38864317790507
2026-08-15 06:34:00+00:00,44.02,44.02,44.01,44.02,4.061161810009517
2026-08-15 06:35:00+00:00,44.02,44.02,44.01,44.02,3.712993190284187
2026-08-15 06:36:00+00:00,44.02,44.02,44.0,44.02,476.99920083397814
2026-08-15 06:37:00+00:00,44.02,44.02,44.0,44.0,2.183165606542481
2026-08-15 06:38:00+00:00,44.0,44.02,44.0,44.0,4.186639936392549
2026-08-15 06:39:00+00:00,44.0,44.03,44.0,44.02,9.196650347492414
2026-08-15 06:40:00+00:00,44.02,44.03,44.02,44.03,3.726349119900179
2026-08-15 06:41:00+00:00,44.03,44.03,44.02,44.03,4.351934381817857
2026-08-15 06:42:00+00:00,44.03,44.04,44.02,44.04,11.081770122335412
2026-08-15 06:43:00+00:00,44.04,44.05,44.04,44.04,4.211942909191005
2026-08-15 06:44:00+00:00,44.04,44.05,44.04,44.04,3.6148565435817814
2026-08-15 06:45:00+00:00,44.04,44.06,44.04,44.06,8.499704264316883
2026-08-15 06:46:00+00:00,44.06,44.06,44.04,44.06,4.101689824749752
2026-08-15 06:47:00+00:00,44.06,44.06,44.03,44.04,503.9865436656104
2026-08-15 06:48:00+00:00,44.04,44.04,44.03,44.04,3.6250601264145104
2026-08-15 06:49:00+00:00,44.04,44.05,44.03,44.03,6.984963243768912
2026-08-15 06:50:00+00:00,44.03,44.05,44.03,44.03,3.96109657459327
2026-08-15 06:51:00+00:00,44.03,44.05,44.03,44.05,3.6795292756486586
2026-08-15 06:52:00+00:00,44.05,44.06,44.03,44.05,5.643650033351928
2026-08-15 06:53:00+00:00,44.05,44.06,44.05,44.06,3.5739443375893876
2026-08-15 06:54:00+00:00,44.06,44.06,44.05,44.06,4.01007041270211
2026-08-15 06:55:00+00:00,44.06,44.06,44.05,44.06,3.70989635431614
2026-08-15 06:56:00+00:00,44.06,44.06,44.05,44.05,3.4037050446635817
2026-08-15 06:57:00+00:00,44.05,44.06,44.05,44.05,3.9977797431322366
2026-08-15 06:58:00+00:00,44.05,44.06,44.05,44.05,3.5838874499379907
2026-08-15 06:59:00+00:00,44.05,44.06,44.05,44.06,4.118266253375467
2026-08-15 07:00:00+00:00,44.06,44.06,44.03,44.03,485.1519038793803
2026-08-15 07:01:00+00:00,44.03,44.04,44.03,44.03,4.115140670746537
2026-08-15 07:02:00+00:00,44.03,44.04,44.03,44.04,3.813292702750148
2026-08-15 07:03:00+00:00,44.04,44.04,44.02,44.03,465.06050670688126
2026-08-15 07:04:00+00:00,44.03,44.05,44.02,44.05,5.098621272625845
2026-08-15 07:05:00+00:00,44.05,44.07,44.04,44.06,5.869288730854291
2026-08-15 07:06:00+00:00,44.06,44.07,44.05,44.05,472.117334799507
2026-08-15 07:07:00+00:00,44.05,44.07,44.04,44.05,475.3438427659151
2026-08-15 07:08:00+00:00,44.05,44.05,44.03,44.03,488.72061784573833
2026-08-15 07:09:00+00:00,44.03,44.05,44.03,44.03,2.4170854357634086
2026-08-15 07:10:00+00:00,44.03,44.06,44.03,44.05,5.94540534773316
2026-08-15 07:11:00+00:00,44.05,44.06,44.05,44.06,3.7705410329429014
2026-08-15 07:12:00+00:00,44.06,44.06,44.05,44.06,4.269600220110539
2026-08-15 07:13:00+00:00,44.06,44.08,44.05,44.08,465.2038643567123
2026-08-15 07:14:00+00:00,44.08,44.08,44.07,44.07,3.593846867320881
2026-08-15 07:15:00+00:00,44.07,44.08,44.07,44.07,3.9971217986811114
2026-08-15 07:16:00+00:00,44.07,44.08,44.07,44.07,2.4106096471666714
2026-08-15 07:17:00+00:00,44.07,44.07,44.04,44.06,17.375290441176013
2026-08-15 07:18:00+00:00,44.06,44.06,44.04,44.06,4.379722412217178
2026-08-15 07:19:00+00:00,44.06,44.06,44.04,44.06,4.23356650146382
2026-08-15 07:20:00+00:00,44.06,44.06,44.04,44.04,1.6641982405299025
2026-08-15 07:21:00+00:00,44.04,44.04,44.01,44.01,519.0119588539881
2026-08-15 07:22:00+00:00,44.01,44.02,44.01,44.02,461.35255757411704
2026-08-15 07:23:00+00:00,44.02,44.02,43.99,43.99,4.369795960179168
2026-08-15 07:24:00+00:00,43.99,44.01,43.99,43.99,4.022203425733648
2026-08-15 07:25:00+00:00,43.99,44.01,43.99,43.99,3.878628661086191
2026-08-15 07:26:00+00:00,43.99,44.02,43.99,44.02,7.927349774433317
2026-08-15 07:27:00+00:00,44.02,44.02,44.0,44.0,473.05559375725903
2026-08-15 07:28:00+00:00,44.0,44.02,44.0,44.0,3.8632688034364544
2026-08-15 07:29:00+00:00,44.0,44.02,44.0,44.0,4.04575926231878
2026-08-15 07:30:00+00:00,44.0,44.02,44.0,44.02,2.0389475651563336
2026-08-15 07:31:00+00:00,44.02,44.02,44.0,44.02,3.6610715790343233
2026-08-15 07:32:00+00:00,44.02,44.02,44.0,44.02,3.4077946697782
2026-08-15 07:33:00+00:00,44.02,44.02,44.0,44.0,3.5784506938994673
2026-08-15 07:34:00+00:00,44.0,44.02,44.0,44.0,4.361004935772996
2026-08-15 07:35:00+00:00,44.0,44.02,44.0,44.02,3.8575975486349185
2026-08-15 07:36:00+00:00,44.02,44.03,44.0,44.03,491.60338376750417
2026-08-15 07:37:00+00:00,44.03,44.03,44.0,44.01,474.1065748412613
2026-08-15 07:38:00+00:00,44.01,44.01,44.0,44.0,3.737498631509368
2026-08-15 07:39:00+00:00,44.0,44.01,44.0,44.0,4.138108312160459
2026-08-15 07:40:00+00:00,44.0,44.01,44.0,44.0,3.514748714135217
2026-08-15 07:41:00+00:00,44.0,44.01,44.0,44.01,2.7712697475780295
2026-08-15 07:42:00+00:00,44.01,44.01,44.0,44.01,3.1136081727293385
2026-08-15 07:43:00+00:00,44.01,44.01,44.0,44.01,4.643480970234037
2026-08-15 07:44:00+00:00,44.01,44.01,43.99,43.99,503.66029634300463
2026-08-15 07:45:00+00:00,43.99,44.01,43.99,43.99,4.196080650624001
2026-08-15 07:46:00+00:00,43.99,44.01,43.99,43.99,3.5987159761733456
2026-08-15 07:47:00+00:00,43.99,44.01,43.99,44.01,3.6097488951316574
2026-08-15 07:48:00+00:00,44.01,44.01,43.99,44.01,3.765303526100389
2026-08-15 07:49:00+00:00,44.01,44.02,43.99,44.01,25.00824330604312
2026-08-15 07:50:00+00:00,44.01,44.02,44.01,44.02,1.8294630593331964
2026-08-15 07:51:00+00:00,44.02,44.03,44.01,44.01,3.1466049851470275
2026-08-15 07:52:00+00:00,44.01,44.03,44.01,44.01,4.376425097572698
2026-08-15 07:53:00+00:00,44.01,44.03,44.01,44.03,3.6438456448921985
2026-08-15 07:54:00+00:00,44.03,44.03,44.01,44.03,3.9303293859410786
2026-08-15 07:55:00+00:00,44.03,44.03,44.01,44.01,3.3886167809300254
2026-08-15 07:56:00+00:00,44.01,44.03,44.0,44.01,482.4028442373628
2026-08-15 07:57:00+00:00,44.01,44.01,44.0,44.0,3.1316850509181795
2026-08-15 07:58:00+00:00,44.0,44.01,44.0,44.0,1.1808999400962592
2026-08-15 07:59:00+00:00,44.0,44.01,43.98,43.98,504.1545332196425
2026-08-15 08:00:00+00:00,43.98,43.99,43.98,43.98,3.9557710106300767
2026-08-15 08:01:00+00:00,43.98,44.0,43.98,44.0,474.9715824487131
2026-08-15 08:02:00+00:00,44.0,44.0,43.97,43.99,477.2464481583121
2026-08-15 08:03:00+00:00,43.99,43.99,43.97,43.99,4.59175020807911
2026-08-15 08:04:00+00:00,43.99,44.0,43.97,43.99,7.349149610554405
2026-08-15 08:05:00+00:00,43.99,44.01,43.99,43.99,6.290788565402771
2026-08-15 08:06:00+00:00,43.99,44.01,43.92,43.95,2102.785392945691
2026-08-15 08:07:00+00:00,43.95,43.97,43.94,43.94,474.55090201153087
2026-08-15 08:08:00+00:00,43.94,43.95,43.94,43.94,4.048186776569352
2026-08-15 08:09:00+00:00,43.94,43.95,43.94,43.95,3.8364650213368834
2026-08-15 08:10:00+00:00,43.95,43.95,43.94,43.95,4.0750490870009415
2026-08-15 08:11:00+00:00,43.95,43.95,43.94,43.95,4.04918990266487
2026-08-15 08:12:00+00:00,43.95,43.95,43.94,43.95,3.2850310771281346
2026-08-15 08:13:00+00:00,43.95,43.95,43.94,43.94,3.7944405417875138
2026-08-15 08:14:00+00:00,43.94,43.95,43.94,43.94,4.148754936791974
2026-08-15 08:15:00+00:00,43.94,43.95,43.94,43.94,3.7941728067490934
2026-08-15 08:16:00+00:00,43.94,43.95,43.94,43.95,3.680669140823431
2026-08-15 08:17:00+00:00,43.95,43.95,43.94,43.95,4.0948071654231155
2026-08-15 08:18:00+00:00,43.95,43.95,43.94,43.95,4.364858611106364
2026-08-15 08:19:00+00:00,43.95,43.95,43.94,43.94,3.3093459951335022
2026-08-15 08:20:00+00:00,43.94,43.95,43.93,43.93,494.7428940336309
2026-08-15 08:21:00+00:00,43.93,43.95,43.93,43.93,4.030373624188031
2026-08-15 08:22:00+00:00,43.93,43.97,43.93,43.97,25.264868295311572
2026-08-15 08:23:00+00:00,43.97,43.97,43.95,43.97,4.512687552248236
2026-08-15 08:24:00+00:00,43.97,43.97,43.95,43.97,3.953584269758857
2026-08-15 08:25:00+00:00,43.97,43.97,43.95,43.95,3.5628043114513646
2026-08-15 08:26:00+00:00,43.95,43.98,43.95,43.97,12.380883169692837
2026-08-15 08:27:00+00:00,43.97,43.98,43.96,43.98,4.6609264914366495
2026-08-15 08:28:00+00:00,43.98,43.98,43.96,43.98,3.727356456177243
2026-08-15 08:29:00+00:00,43.98,43.98,43.96,43.98,4.321066352436648
2026-08-15 08:30:00+00:00,43.98,43.99,43.96,43.99,8.689877327359856
2026-08-15 08:31:00+00:00,43.99,44.0,43.98,44.0,5.514557176139734
2026-08-15 08:32:00+00:00,44.0,44.01,44.0,44.0,5.66923224577059
2026-08-15 08:33:00+00:00,44.0,44.01,44.0,44.0,3.9398385697465454
2026-08-15 08:34:00+00:00,44.0,44.01,43.99,44.01,476.1151875334068
2026-08-15 08:35:00+00:00,44.01,44.01,43.98,43.98,477.9085693524384
2026-08-15 08:36:00+00:00,43.98,43.99,43.97,43.98,510.91628909187074
2026-08-15 08:37:00+00:00,43.98,44.0,43.98,44.0,5.860585368067079
2026-08-15 08:38:00+00:00,44.0,44.0,43.98,43.99,6.866957664856633
2026-08-15 08:39:00+00:00,43.99,43.99,43.98,43.98,3.464345776630163
2026-08-15 08:40:00+00:00,43.98,43.99,43.98,43.98,3.763261008201769
2026-08-15 08:41:00+00:00,43.98,43.99,43.98,43.98,3.886648129236036
2026-08-15 08:42:00+00:00,43.98,43.99,43.98,43.99,3.390215431987157
2026-08-15 08:43:00+00:00,43.99,43.99,43.95,43.97,491.4717560072182
2026-08-15 08:44:00+00:00,43.97,43.98,43.95,43.98,5.762200141159081
2026-08-15 08:45:00+00:00,43.98,43.98,43.96,43.96,4.168365009861028
2026-08-15 08:46:00+00:00,43.96,43.98,43.96,43.98,3.687150727375873
2026-08-15 08:47:00+00:00,43.98,43.98,43.96,43.98,4.1910849438966595
2026-08-15 08:48:00+00:00,43.98,43.98,43.96,43.98,4.206899001986592
2026-08-15 08:49:00+00:00,43.98,43.98,43.96,43.96,3.952900865684253
2026-08-15 08:50:00+00:00,43.96,43.98,43.96,43.96,4.338050290457942
2026-08-15 08:51:00+00:00,43.96,43.98,43.96,43.96,4.300954751953179
2026-08-15 08:52:00+00:00,43.96,43.98,43.95,43.95,488.9242080217376
2026-08-15 08:53:00+00:00,43.95,43.96,43.95,43.96,3.932815870462443
2026-08-15 08:54:00+00:00,43.96,43.96,43.94,43.96,504.5864157207852
2026-08-15 08:55:00+00:00,43.96,43.96,43.94,43.96,4.364841574021651
2026-08-15 08:56:00+00:00,43.96,43.96,43.93,43.94,462.78759908645816
2026-08-15 08:57:00+00:00,43.94,43.94,43.93,43.94,4.023411827128875
2026-08-15 08:58:00+00:00,43.94,43.96,43.93,43.95,8.30523389533775
2026-08-15 08:59:00+00:00,43.95,43.96,43.95,43.95,4.14597470448365
2026-08-15 09:00:00+00:00,43.95,43.96,43.94,43.95,476.96903158120995
2026-08-15 09:01:00+00:00,43.95,43.96,43.93,43.94,930.0683191176192
2026-08-15 09:02:00+00:00,43.94,43.94,43.92,43.92,504.7935908212107
2026-08-15 09:03:00+00:00,43.92,43.94,43.92,43.92,2.188247199982092
2026-08-15 09:04:00+00:00,43.92,43.94,43.92,43.92,2.9930595455137117
2026-08-15 09:05:00+00:00,43.92,43.94,43.92,43.92,4.375500485842178
2026-08-15 09:06:00+00:00,43.92,43.94,43.92,43.94,3.737014396183569
2026-08-15 09:07:00+00:00,43.94,43.95,43.92,43.95,15.011442417902941
2026-08-15 09:08:00+00:00,43.95,43.95,43.94,43.94,3.800247104982852
2026-08-15 09:09:00+00:00,43.94,43.96,43.94,43.94,5.924764689020009
2026-08-15 09:10:00+00:00,43.94,43.97,43.94,43.96,7.503954856323374
2026-08-15 09:11:00+00:00,43.96,43.98,43.96,43.98,4.807509443441552
2026-08-15 09:12:00+00:00,43.98,43.98,43.96,43.98,2.2218641859294963
2026-08-15 09:13:00+00:00,43.98,43.98,43.96,43.98,4.283721382992765
2026-08-15 09:14:00+00:00,43.98,43.98,43.96,43.96,3.6272112996187778
2026-08-15 09:15:00+00:00,43.96,43.98,43.96,43.96,4.10999187528784
2026-08-15 09:16:00+00:00,43.96,43.98,43.96,43.96,4.007660970471729
2026-08-15 09:17:00+00:00,43.96,43.98,43.96,43.96,4.139727545939692
2026-08-15 09:18:00+00:00,43.96,44.0,43.96,44.0,9.589076371080957
2026-08-15 09:19:00+00:00,44.0,44.01,43.99,43.99,4.15673410417015
2026-08-15 09:20:00+00:00,43.99,44.01,43.99,43.99,4.186887995190496
2026-08-15 09:21:00+00:00,43.99,44.03,43.99,44.01,993.5792150666522
2026-08-15 09:22:00+00:00,44.01,44.04,44.01,44.04,6.103853120194838
2026-08-15 09:23:00+00:00,44.04,44.04,44.02,44.03,7.9003466603272035
2026-08-15 09:24:00+00:00,44.03,44.05,44.03,44.03,4.316496455440169
2026-08-15 09:25:00+00:00,44.03,44.05,44.03,44.03,4.117035547169753
2026-08-15 09:26:00+00:00,44.03,44.05,44.03,44.05,4.076838034535838
2026-08-15 09:27:00+00:00,44.05,44.05,44.03,44.05,4.566890483039245
2026-08-15 09:28:00+00:00,44.05,44.05,44.03,44.03,0.2596184419713831
2026-08-15 09:29:00+00:00,44.03,44.03,43.98,43.99,2223.4566248895294
2026-08-15 09:30:00+00:00,43.99,43.99,43.99,43.99,0.0
2026-08-15 09:31:00+00:00,43.99,43.99,43.97,43.97,4.3668944343678495
2026-08-15 09:32:00+00:00,43.97,43.99,43.97,43.97,1.3385710865397644
2026-08-15 09:33:00+00:00,43.97,43.99,43.97,43.99,0.9012272053270732
2026-08-15 09:34:00+00:00,43.99,43.99,43.97,43.99,2.7538359323813077
2026-08-15 09:35:00+00:00,43.99,44.0,43.99,44.0,7.729862696067288
2026-08-15 09:36:00+00:00,44.0,44.0,43.98,43.98,1.68042695026665
2026-08-15 09:37:00+00:00,43.98,44.0,43.98,43.98,3.5838148641944683
2026-08-15 09:38:00+00:00,43.98,44.02,43.98,44.0,9.323931936609085
2026-08-15 09:39:00+00:00,44.0,44.02,44.0,44.02,1.8935454648713392
2026-08-15 09:40:00+00:00,44.02,44.02,43.98,43.99,507.350001974122
2026-08-15 09:41:00+00:00,43.99,43.99,43.98,43.98,2.9739349945277778
2026-08-15 09:42:00+00:00,43.98,43.99,43.98,43.98,2.2890436104116842
2026-08-15 09:43:00+00:00,43.98,43.99,43.98,43.98,0.615738720022048
2026-08-15 09:44:00+00:00,43.98,44.0,43.98,43.98,6.444073419587758
2026-08-15 09:45:00+00:00,43.98,44.01,43.98,44.01,3.9982888362909974
2026-08-15 09:46:00+00:00,44.01,44.01,44.01,44.01,0.0
2026-08-15 09:47:00+00:00,44.01,44.01,44.01,44.01,0.0
2026-08-15 09:48:00+00:00,44.01,44.02,44.0,44.0,3.5541823838882745
2026-08-15 09:49:00+00:00,44.0,44.02,44.0,44.02,2.417476033621081
2026-08-15 09:50:00+00:00,44.02,44.02,43.99,44.0,6.208464129244249
2026-08-15 09:51:00+00:00,44.0,44.0,43.99,43.99,3.0869892847547997
2026-08-15 09:52:00+00:00,43.99,44.02,43.99,44.02,7.481318958323035
2026-08-15 09:53:00+00:00,44.02,44.02,44.01,44.01,4.0358773784529784
2026-08-15 09:54:00+00:00,44.01,44.03,44.01,44.03,11.5619068457332
2026-08-15 09:55:00+00:00,44.03,44.03,44.01,44.01,3.756558940752373
2026-08-15 09:56:00+00:00,44.01,44.04,44.01,44.03,7.081478787804523
2026-08-15 09:57:00+00:00,44.03,44.04,44.03,44.03,2.808441889901258
2026-08-15 09:58:00+00:00,44.03,44.04,44.03,44.04,3.572928276546645
2026-08-15 09:59:00+00:00,44.04,44.04,44.03,44.04,4.387474021201381
2026-08-15 10:00:00+00:00,44.04,44.04,44.03,44.04,3.9531985921992336
2026-08-15 10:01:00+00:00,44.04,44.04,44.03,44.03,3.625583209202379
2026-08-15 10:02:00+00:00,44.03,44.04,44.01,44.02,475.8257502710033
2026-08-15 10:03:00+00:00,44.02,44.02,44.01,44.02,4.217246028818571
2026-08-15 10:04:00+00:00,44.02,44.02,44.01,44.02,3.2852304435787123
2026-08-15 10:05:00+00:00,44.02,44.02,44.01,44.01,3.863632527033993
2026-08-15 10:06:00+00:00,44.01,44.04,44.01,44.03,9.569771050929232
2026-08-15 10:07:00+00:00,44.03,44.04,44.03,44.03,4.0851533551044685
2026-08-15 10:08:00+00:00,44.03,44.04,44.03,44.04,1.649209862897954
2026-08-15 10:09:00+00:00,44.04,44.05,44.03,44.05,466.5582119429867
2026-08-15 10:10:00+00:00,44.05,44.05,44.03,44.05,3.8004274353236096
2026-08-15 10:11:00+00:00,44.05,44.05,44.03,44.03,3.572778579665139
2026-08-15 10:12:00+00:00,44.03,44.05,44.03,44.03,4.178464250074052
2026-08-15 10:13:00+00:00,44.03,44.05,44.03,44.03,4.208767858464059
2026-08-15 10:14:00+00:00,44.03,44.05,44.03,44.03,4.098073983711962
2026-08-15 10:15:00+00:00,44.03,44.05,44.02,44.03,503.8648092967143
2026-08-15 10:16:00+00:00,44.03,44.03,44.02,44.03,3.5078761661718607
2026-08-15 10:17:00+00:00,44.03,44.03,44.02,44.03,3.9568028768539234
2026-08-15 10:18:00+00:00,44.03,44.03,44.02,44.02,3.677870721946944
2026-08-15 10:19:00+00:00,44.02,44.04,44.02,44.02,10.923338174593955
2026-08-15 10:20:00+00:00,44.02,44.05,44.02,44.05,5.698530324343371
2026-08-15 10:21:00+00:00,44.05,44.05,44.04,44.04,3.345772417191677
2026-08-15 10:22:00+00:00,44.04,44.05,44.04,44.04,4.2410803665226435
2026-08-15 10:23:00+00:00,44.04,44.05,44.04,44.05,2.201539457989383
2026-08-15 10:24:00+00:00,44.05,44.05,44.03,44.03,11.051748198202494
2026-08-15 10:25:00+00:00,44.03,44.05,44.03,44.03,4.082588726136834
2026-08-15 10:26:00+00:00,44.03,44.05,44.03,44.03,4.446384347891993
2026-08-15 10:27:00+00:00,44.03,44.05,44.03,44.05,3.84164557082765
2026-08-15 10:28:00+00:00,44.05,44.05,44.03,44.05,4.420271577293677
2026-08-15 10:29:00+00:00,44.05,44.05,44.03,44.05,3.9307625772645474
2026-08-15 10:30:00+00:00,44.05,44.05,44.03,44.03,3.6239567078787216
2026-08-15 10:31:00+00:00,44.03,44.07,44.03,44.07,17.63987474021058
2026-08-15 10:32:00+00:00,44.07,44.08,44.06,44.08,6.375644539523182
2026-08-15 10:33:00+00:00,44.08,44.08,44.06,44.08,4.047584952626059
2026-08-15 10:34:00+00:00,44.08,44.08,44.06,44.08,4.434176224386314
2026-08-15 10:35:00+00:00,44.08,44.08,44.05,44.07,478.3804204828448
2026-08-15 10:36:00+00:00,44.07,44.07,44.05,44.05,3.818508311640211
2026-08-15 10:37:00+00:00,44.05,44.07,44.05,44.05,4.311888376942368
2026-08-15 10:38:00+00:00,44.05,44.07,44.05,44.05,2.847325694572689
2026-08-15 10:39:00+00:00,44.05,44.07,44.03,44.05,492.44664357016296
2026-08-15 10:40:00+00:00,44.05,44.05,44.04,44.05,3.975212751589979
2026-08-15 10:41:00+00:00,44.05,44.05,44.04,44.04,3.479950921719085
2026-08-15 10:42:00+00:00,44.04,44.05,44.04,44.04,3.8286551798437287
2026-08-15 10:43:00+00:00,44.04,44.05,44.04,44.05,2.2025430652765365
2026-08-15 10:44:00+00:00,44.05,44.05,44.04,44.05,4.041788751532247
2026-08-15 10:45:00+00:00,44.05,44.05,44.04,44.05,94.08296164511552
2026-08-15 10:46:00+00:00,44.05,44.05,44.04,44.05,4.193405932693527
2026-08-15 10:47:00+00:00,44.05,44.05,44.02,44.02,986.5030414147456
2026-08-15 10:48:00+00:00,44.02,44.03,44.02,44.02,3.83974622131476
2026-08-15 10:49:00+00:00,44.02,44.03,44.01,44.03,461.1228987367839
2026-08-15 10:50:00+00:00,44.03,44.03,44.01,44.03,4.465040165184518
2026-08-15 10:51:00+00:00,44.03,44.03,44.01,44.03,3.8411998377714727
2026-08-15 10:52:00+00:00,44.03,44.03,44.01,44.01,3.568438180924648
2026-08-15 10:53:00+00:00,44.01,44.03,44.01,44.01,4.087290786172056
2026-08-15 10:54:00+00:00,44.01,44.03,44.01,44.03,2.5132330866722783
2026-08-15 10:55:00+00:00,44.03,44.03,44.01,44.03,4.260563135698465
2026-08-15 10:56:00+00:00,44.03,44.03,44.01,44.03,3.6280030300961377
2026-08-15 10:57:00+00:00,44.03,44.03,44.01,44.01,3.7276746148633553
2026-08-15 10:58:00+00:00,44.01,44.03,44.01,44.01,4.15844744574445
2026-08-15 10:59:00+00:00,44.01,44.06,44.01,44.06,526.2163394505983
2026-08-15 11:00:00+00:00,44.06,44.06,44.03,44.04,471.80195424513425
2026-08-15 11:01:00+00:00,44.04,44.04,44.03,44.03,3.0640910035123854
2026-08-15 11:02:00+00:00,44.03,44.04,44.03,44.03,3.3226971980337905
2026-08-15 11:03:00+00:00,44.03,44.04,44.03,44.03,2.450879148330663
2026-08-15 11:04:00+00:00,44.03,44.03,44.03,44.03,0.0
2026-08-15 11:05:00+00:00,44.03,44.05,44.03,44.03,4.768751218483033
2026-08-15 11:06:00+00:00,44.03,44.06,44.03,44.06,6.338141605648282
2026-08-15 11:07:00+00:00,44.06,44.07,44.05,44.05,5.638289891179098
2026-08-15 11:08:00+00:00,44.05,44.07,44.04,44.07,170.3563484593726
2026-08-15 11:09:00+00:00,44.07,44.08,44.06,44.06,6.12091994539816
2026-08-15 11:10:00+00:00,44.06,44.08,44.06,44.08,3.1511279887268064
2026-08-15 11:11:00+00:00,44.08,44.08,44.06,44.08,3.359903557102878
2026-08-15 11:12:00+00:00,44.08,44.08,44.06,44.08,4.106753608138712
2026-08-15 11:13:00+00:00,44.08,44.08,44.06,44.08,4.368271786204755
2026-08-15 11:14:00+00:00,44.08,44.08,44.06,44.08,4.331066344112508
2026-08-15 11:15:00+00:00,44.08,44.08,44.06,44.06,3.908720629680859
2026-08-15 11:16:00+00:00,44.06,44.08,44.03,44.05,485.6612702694303
2026-08-15 11:17:00+00:00,44.05,44.05,44.02,44.04,505.0845992807784
2026-08-15 11:18:00+00:00,44.04,44.04,44.02,44.02,3.725632917660662
2026-08-15 11:19:00+00:00,44.02,44.04,43.99,44.0,962.4711598865581
2026-08-15 11:20:00+00:00,44.0,44.0,43.96,43.96,973.3544394333297
2026-08-15 11:21:00+00:00,43.96,43.97,43.96,43.96,3.9003326260791176
2026-08-15 11:22:00+00:00,43.96,43.97,43.96,43.96,4.11213373830242
2026-08-15 11:23:00+00:00,43.96,43.98,43.96,43.98,9.613263191650102
2026-08-15 11:24:00+00:00,43.98,43.98,43.96,43.98,4.099238745297826
2026-08-15 11:25:00+00:00,43.98,43.99,43.96,43.98,7.249086065226457
2026-08-15 11:26:00+00:00,43.98,43.99,43.98,43.98,4.1296072136366515
2026-08-15 11:27:00+00:00,43.98,43.99,43.98,43.98,8.921401888539512
2026-08-15 11:28:00+00:00,43.98,43.99,43.98,43.99,3.92314434189175
2026-08-15 11:29:00+00:00,43.99,43.99,43.98,43.99,4.018892026702915
2026-08-15 11:30:00+00:00,43.99,44.02,43.99,44.0,14.721802350734936
2026-08-15 11:31:00+00:00,44.0,44.02,43.99,44.0,474.97968261974887
2026-08-15 11:32:00+00:00,44.0,44.01,43.99,44.01,4.532726004288298
2026-08-15 11:33:00+00:00,44.01,44.01,43.99,44.01,4.108954964305525
2026-08-15 11:34:00+00:00,44.01,44.03,44.0,44.01,491.6906212583638
2026-08-15 11:35:00+00:00,44.01,44.01,44.0,44.0,3.936199577575344
2026-08-15 11:36:00+00:00,44.0,44.03,44.0,44.02,8.611768959049233
2026-08-15 11:37:00+00:00,44.02,44.03,44.02,44.03,3.335071472994075
2026-08-15 11:38:00+00:00,44.03,44.03,44.02,44.03,4.241024025067374
2026-08-15 11:39:00+00:00,44.03,44.04,44.02,44.02,8.163160154243604
2026-08-15 11:40:00+00:00,44.02,44.04,44.02,44.02,3.3801833532029244
2026-08-15 11:41:00+00:00,44.02,44.04,44.02,44.02,4.53619319267396
2026-08-15 11:42:00+00:00,44.02,44.04,44.02,44.04,3.8514408857999896
2026-08-15 11:43:00+00:00,44.04,44.04,44.02,44.04,12.63060741319382
2026-08-15 11:44:00+00:00,44.04,44.05,44.03,44.03,472.16393594626425
2026-08-15 11:45:00+00:00,44.03,44.05,44.03,44.03,4.5107099251026606
2026-08-15 11:46:00+00:00,44.03,44.06,44.03,44.06,604.6879020029551
2026-08-15 11:47:00+00:00,44.06,44.06,44.04,44.06,4.348645353149429
2026-08-15 11:48:00+00:00,44.06,44.06,44.04,44.04,3.480547426657481
2026-08-15 11:49:00+00:00,44.04,44.06,44.04,44.04,3.925829972174844
2026-08-15 11:50:00+00:00,44.04,44.06,44.03,44.03,361.09335788202
2026-08-15 11:51:00+00:00,44.03,44.04,44.03,44.04,3.742463544074379
2026-08-15 11:52:00+00:00,44.04,44.05,44.03,44.05,8.340206052316185
2026-08-15 11:53:00+00:00,44.05,44.05,44.03,44.05,3.7155270513887055
2026-08-15 11:54:00+00:00,44.05,44.05,44.03,44.03,0.8513583169869475
2026-08-15 11:55:00+00:00,44.03,44.03,44.01,44.01,10.191290279118547
2026-08-15 11:56:00+00:00,44.01,44.02,44.01,44.01,2.8688394876592938
2026-08-15 11:57:00+00:00,44.01,44.04,44.01,44.03,7.191679638820421
2026-08-15 11:58:00+00:00,44.03,44.04,44.03,44.04,3.4742774980232904
2026-08-15 11:59:00+00:00,44.04,44.04,44.03,44.04,4.359708649642934
2026-08-15 12:00:00+00:00,44.04,44.05,44.03,44.05,11.025727421896956
2026-08-15 12:01:00+00:00,44.05,44.06,44.03,44.05,6.864134673805036
2026-08-15 12:02:00+00:00,44.05,44.06,44.04,44.06,6.175113879583912
2026-08-15 12:03:00+00:00,44.06,44.06,44.04,44.06,4.314740323965792
2026-08-15 12:04:00+00:00,44.06,44.06,44.02,44.02,502.5233123460168
2026-08-15 12:05:00+00:00,44.02,44.07,44.02,44.06,8.634851624616427
2026-08-15 12:06:00+00:00,44.06,44.07,44.04,44.04,5.707784738965725
2026-08-15 12:07:00+00:00,44.04,44.07,44.04,44.07,4.105452463331301
2026-08-15 12:08:00+00:00,44.07,44.07,44.06,44.07,3.939045864495071
2026-08-15 12:09:00+00:00,44.07,44.08,44.06,44.08,9.60814607340138
2026-08-15 12:10:00+00:00,44.08,44.08,44.06,44.06,2.381969068742261
2026-08-15 12:11:00+00:00,44.06,44.08,44.06,44.06,3.276916140175128
2026-08-15 12:12:00+00:00,44.06,44.08,44.06,44.06,3.840938410581842
2026-08-15 12:13:00+00:00,44.06,44.08,44.06,44.08,3.404204329107396
2026-08-15 12:14:00+00:00,44.08,44.08,44.06,44.08,3.8307760906798434
2026-08-15 12:15:00+00:00,44.08,44.08,44.06,44.08,4.064579051170117
2026-08-15 12:16:00+00:00,44.08,44.08,44.06,44.06,3.634520294055376
2026-08-15 12:17:00+00:00,44.06,44.08,44.06,44.06,2.767436234041519
2026-08-15 12:18:00+00:00,44.06,44.09,44.06,44.09,4.042768256668126
2026-08-15 12:19:00+00:00,44.09,44.09,44.07,44.07,5.44522487066958
2026-08-15 12:20:00+00:00,44.07,44.09,44.07,44.07,4.263280087561475
2026-08-15 12:21:00+00:00,44.07,44.09,44.07,44.07,4.130273488593659
2026-08-15 12:22:00+00:00,44.07,44.11,44.07,44.11,501.5033440561249
2026-08-15 12:23:00+00:00,44.11,44.11,44.08,44.08,910.2380890161872
2026-08-15 12:24:00+00:00,44.08,44.1,44.08,44.08,5.494326347287475
2026-08-15 12:25:00+00:00,44.08,44.1,44.08,44.08,2.26313369630974
2026-08-15 12:26:00+00:00,44.08,44.1,44.05,44.05,8.535499681041907
2026-08-15 12:27:00+00:00,44.05,44.07,44.05,44.05,4.361087229145047
2026-08-15 12:28:00+00:00,44.05,44.07,44.05,44.05,3.470740734158612
2026-08-15 12:29:00+00:00,44.05,44.07,44.05,44.07,3.4489809911844405
2026-08-15 12:30:00+00:00,44.07,44.07,44.05,44.07,3.5738194395615066
2026-08-15 12:31:00+00:00,44.07,44.07,44.05,44.07,4.13390782953649
2026-08-15 12:32:00+00:00,44.07,44.07,44.05,44.05,3.789762103268276
2026-08-15 12:33:00+00:00,44.05,44.07,44.05,44.05,4.394127854071804
2026-08-15 12:34:00+00:00,44.05,44.08,44.05,44.08,18.569231383620256
2026-08-15 12:35:00+00:00,44.08,44.08,44.07,44.08,3.410980520183819
2026-08-15 12:36:00+00:00,44.08,44.1,44.07,44.09,7.128770290774656
2026-08-15 12:37:00+00:00,44.09,44.09,44.09,44.09,4.0437060557949644
2026-08-15 12:38:00+00:00,44.09,44.09,44.09,44.09,3.9874574733499655
2026-08-15 12:39:00+00:00,44.09,44.09,44.09,44.09,3.966545701973237
2026-08-15 12:40:00+00:00,44.09,44.09,44.07,44.08,3.8740693789085614
2026-08-15 12:41:00+00:00,44.08,44.08,44.07,44.08,84.14399608958195
2026-08-15 12:42:00+00:00,44.08,44.08,44.07,44.07,3.531246996302286
2026-08-15 12:43:00+00:00,44.07,44.08,44.06,44.06,410.90927968382147
2026-08-15 12:44:00+00:00,44.06,44.08,44.06,44.06,4.118587969465825
2026-08-15 12:45:00+00:00,44.06,44.08,44.05,44.05,461.4538529396309
2026-08-15 12:46:00+00:00,44.05,44.06,44.04,44.04,503.928744642492
2026-08-15 12:47:00+00:00,44.04,44.06,44.04,44.04,3.9230824286756194
2026-08-15 12:48:00+00:00,44.04,44.06,44.04,44.06,3.5981766050175983
2026-08-15 12:49:00+00:00,44.06,44.06,44.04,44.06,2.6485033207544992
2026-08-15 12:50:00+00:00,44.06,44.06,44.04,44.04,3.3930643458284737
2026-08-15 12:51:00+00:00,44.04,44.06,44.04,44.04,3.7805250910842
2026-08-15 12:52:00+00:00,44.04,44.06,44.04,44.04,4.221254972679894
2026-08-15 12:53:00+00:00,44.04,44.06,44.04,44.06,4.140118235269138
2026-08-15 12:54:00+00:00,44.06,44.07,44.03,44.05,6.020407659082783
2026-08-15 12:55:00+00:00,44.05,44.07,44.05,44.07,3.6104301458287775
2026-08-15 12:56:00+00:00,44.07,44.09,44.05,44.09,7.845373212600002
2026-08-15 12:57:00+00:00,44.09,44.09,44.07,44.07,4.051264388295842
2026-08-15 12:58:00+00:00,44.07,44.09,44.07,44.09,6.269096794039339
2026-08-15 12:59:00+00:00,44.09,44.1,44.09,44.1,4.167307465815388
2026-08-15 13:00:00+00:00,44.1,44.11,44.09,44.11,5.880638851057719
2026-08-15 13:01:00+00:00,44.11,44.11,44.09,44.09,3.7139048397480905
2026-08-15 13:02:00+00:00,44.09,44.11,44.09,44.09,4.381810217029439
2026-08-15 13:03:00+00:00,44.09,44.11,44.09,44.11,2.4420486187364636
2026-08-15 13:04:00+00:00,44.11,44.11,44.09,44.11,3.4035994057825394
2026-08-15 13:05:00+00:00,44.11,44.12,44.09,44.12,13.225898582685263
2026-08-15 13:06:00+00:00,44.12,44.12,44.11,44.12,4.373546620549919
2026-08-15 13:07:00+00:00,44.12,44.12,44.11,44.11,3.757931846597139
2026-08-15 13:08:00+00:00,44.11,44.13,44.11,44.11,462.32812752427543
2026-08-15 13:09:00+00:00,44.11,44.13,44.11,44.13,83.42978111891293
2026-08-15 13:10:00+00:00,44.13,44.13,44.11,44.13,4.344353873366149
2026-08-15 13:11:00+00:00,44.13,44.13,44.11,44.13,3.748372420205075
2026-08-15 13:12:00+00:00,44.13,44.13,44.11,44.11,3.5865710802819084
2026-08-15 13:13:00+00:00,44.11,44.13,44.11,44.11,4.101926861974906
2026-08-15 13:14:00+00:00,44.11,44.13,44.11,44.11,4.301235401083843
2026-08-15 13:15:00+00:00,44.11,44.13,44.11,44.11,4.018006212246817
2026-08-15 13:16:00+00:00,44.11,44.13,44.11,44.13,3.188973238781587
2026-08-15 13:17:00+00:00,44.13,44.13,44.1,44.11,494.3393789550119
2026-08-15 13:18:00+00:00,44.11,44.11,44.09,44.11,473.9169214847985
2026-08-15 13:19:00+00:00,44.11,44.11,44.09,44.11,3.631295264385481
2026-08-15 13:20:00+00:00,44.11,44.11,44.09,44.09,4.001103012690341
2026-08-15 13:21:00+00:00,44.09,44.13,44.09,44.11,510.1762520501136
2026-08-15 13:22:00+00:00,44.11,44.11,44.1,44.11,4.447178641727983
2026-08-15 13:23:00+00:00,44.11,44.12,44.11,44.12,3.096151640596851
2026-08-15 13:24:00+00:00,44.12,44.12,44.1,44.12,4.034345826574813
2026-08-15 13:25:00+00:00,44.12,44.12,44.1,44.1,3.4347496828891724
2026-08-15 13:26:00+00:00,44.1,44.12,44.1,44.1,4.121509971773539
2026-08-15 13:27:00+00:00,44.1,44.12,44.1,44.1,4.285074184403286
2026-08-15 13:28:00+00:00,44.1,44.12,44.1,44.1,3.9472102573274706
2026-08-15 13:29:00+00:00,44.1,44.12,44.1,44.12,3.5829459236096977
2026-08-15 13:30:00+00:00,44.12,44.12,44.09,44.09,481.19445248702175
2026-08-15 13:31:00+00:00,44.09,44.1,44.09,44.1,3.6569363891318982
2026-08-15 13:32:00+00:00,44.1,44.1,44.09,44.1,3.939456990931248
2026-08-15 13:33:00+00:00,44.1,44.1,44.08,44.1,501.60775097021735
2026-08-15 13:34:00+00:00,44.1,44.13,44.08,44.13,474.02708323124193
2026-08-15 13:35:00+00:00,44.13,44.13,44.11,44.13,3.750998623581951
2026-08-15 13:36:00+00:00,44.13,44.13,44.11,44.13,3.225259277285229
2026-08-15 13:37:00+00:00,44.13,44.13,44.11,44.13,4.101043648834776
2026-08-15 13:38:00+00:00,44.13,44.13,44.11,44.11,4.00057252374081
2026-08-15 13:39:00+00:00,44.11,44.13,44.11,44.11,4.211866785665464
2026-08-15 13:40:00+00:00,44.11,44.13,44.11,44.11,4.421919805475701
2026-08-15 13:41:00+00:00,44.11,44.13,44.11,44.11,6.147310359164069
2026-08-15 13:42:00+00:00,44.11,44.13,44.11,44.13,4.01885382951989
2026-08-15 13:43:00+00:00,44.13,44.13,44.1,44.11,476.7411764117144
2026-08-15 13:44:00+00:00,44.11,44.11,44.1,44.1,3.8658079394381497
2026-08-15 13:45:00+00:00,44.1,44.11,44.1,44.1,3.9608856697670376
2026-08-15 13:46:00+00:00,44.1,44.11,44.09,44.11,502.72927506990095
2026-08-15 13:47:00+00:00,44.11,44.11,44.09,44.11,4.223013956274081
2026-08-15 13:48:00+00:00,44.11,44.12,44.09,44.12,15.032661326531402
2026-08-15 13:49:00+00:00,44.12,44.13,44.11,44.11,5.441451550716811
2026-08-15 13:50:00+00:00,44.11,44.13,44.11,44.11,3.9132842193591073
2026-08-15 13:51:00+00:00,44.11,44.14,44.11,44.13,592.9687657098926
2026-08-15 13:52:00+00:00,44.13,44.14,44.13,44.14,3.4755006344787422
2026-08-15 13:53:00+00:00,44.14,44.14,44.13,44.14,3.243666378458587
2026-08-15 13:54:00+00:00,44.14,44.14,44.13,44.14,4.206441619998417
2026-08-15 13:55:00+00:00,44.14,44.14,44.13,44.13,3.4383631649744326
2026-08-15 13:56:00+00:00,44.13,44.14,44.13,44.13,4.218568598708085
2026-08-15 13:57:00+00:00,44.13,44.14,44.13,44.13,3.750906299928815
2026-08-15 13:58:00+00:00,44.13,44.14,44.13,44.14,4.216915755659099
2026-08-15 13:59:00+00:00,44.14,44.14,44.13,44.14,4.03452159871599
2026-08-15 14:00:00+00:00,44.14,44.14,44.13,44.13,3.8259375515619864
2026-08-15 14:01:00+00:00,44.13,44.14,44.13,44.13,4.0492492369467765
2026-08-15 14:02:00+00:00,44.13,44.14,44.13,44.13,14.198496805428539
2026-08-15 14:03:00+00:00,44.13,44.14,44.12,44.14,17.02451139661199
2026-08-15 14:04:00+00:00,44.14,44.14,44.12,44.12,2.390228815345224
2026-08-15 14:05:00+00:00,44.12,44.14,44.12,44.12,2.7719485536213178
2026-08-15 14:06:00+00:00,44.12,44.14,44.12,44.12,1.6783268003685627
2026-08-15 14:07:00+00:00,44.12,44.14,44.12,44.12,1.313704108866497
2026-08-15 14:08:00+00:00,44.12,44.14,44.12,44.14,4.632849257016036
2026-08-15 14:09:00+00:00,44.14,44.15,44.12,44.15,1828.3372725127665
2026-08-15 14:10:00+00:00,44.15,44.15,44.13,44.15,5.2003482274303785
2026-08-15 14:11:00+00:00,44.15,44.15,44.13,44.13,4.008632438032489
2026-08-15 14:12:00+00:00,44.13,44.15,44.13,44.13,3.7835406611630056
2026-08-15 14:13:00+00:00,44.13,44.17,44.13,44.15,1246.2385739761853
2026-08-15 14:14:00+00:00,44.15,44.17,44.15,44.17,1.8449435530539244
2026-08-15 14:15:00+00:00,44.17,44.17,44.15,44.17,3.3634419727548073
2026-08-15 14:16:00+00:00,44.17,44.17,44.15,44.17,4.182046920025609
2026-08-15 14:17:00+00:00,44.17,44.17,44.15,44.15,3.5972632198616945
2026-08-15 14:18:00+00:00,44.15,44.17,44.15,44.15,3.534096232229487
2026-08-15 14:19:00+00:00,44.15,44.17,44.15,44.15,4.531191343237584
2026-08-15 14:20:00+00:00,44.15,44.17,44.15,44.15,4.029569861733122
2026-08-15 14:21:00+00:00,44.15,44.17,44.14,44.15,483.8689985067225
2026-08-15 14:22:00+00:00,44.15,44.15,44.14,44.15,4.514662273493019
2026-08-15 14:23:00+00:00,44.15,44.15,44.14,44.15,2.4054696089504155
2026-08-15 14:24:00+00:00,44.15,44.15,44.14,44.14,3.583694422308099
2026-08-15 14:25:00+00:00,44.14,44.16,44.14,44.14,12.175091797674707
2026-08-15 14:26:00+00:00,44.14,44.16,44.14,44.14,4.3910752513412525
2026-08-15 14:27:00+00:00,44.14,44.16,44.14,44.14,4.280045868547376
2026-08-15 14:28:00+00:00,44.14,44.16,44.1,44.11,989.8046230050303
2026-08-15 14:29:00+00:00,44.11,44.11,44.1,44.11,3.0091042338495138
2026-08-15 14:30:00+00:00,44.11,44.11,44.06,44.06,1053.985299977814
2026-08-15 14:31:00+00:00,44.06,44.08,44.06,44.06,4.494620583271622
2026-08-15 14:32:00+00:00,44.06,44.08,44.06,44.08,3.525080003509486
2026-08-15 14:33:00+00:00,44.08,44.08,44.05,44.06,1039.919876486931
2026-08-15 14:34:00+00:00,44.06,44.08,44.05,44.07,287.77499662775404
2026-08-15 14:35:00+00:00,44.07,44.07,44.05,44.05,3.7397309872566273
2026-08-15 14:36:00+00:00,44.05,44.07,44.05,44.05,3.3413387740636544
2026-08-15 14:37:00+00:00,44.05,44.07,44.05,44.05,4.261646740416842
2026-08-15 14:38:00+00:00,44.05,44.07,44.04,44.05,14.831298739792217
2026-08-15 14:39:00+00:00,44.05,44.05,44.04,44.05,1.7148411721466708
2026-08-15 14:40:00+00:00,44.05,44.07,44.04,44.06,7.0302392455254115
2026-08-15 14:41:00+00:00,44.06,44.07,44.06,44.06,1.3353816314386977
2026-08-15 14:42:00+00:00,44.06,44.07,44.06,44.06,2.6713361918237406
2026-08-15 14:43:00+00:00,44.06,44.08,44.06,44.08,9.89402843870092
2026-08-15 14:44:00+00:00,44.08,44.08,44.06,44.08,3.986555610522856
2026-08-15 14:45:00+00:00,44.08,44.08,44.06,44.08,4.282816319191863
2026-08-15 14:46:00+00:00,44.08,44.08,44.06,44.06,1.8018834652960447
2026-08-15 14:47:00+00:00,44.06,44.08,44.06,44.08,12.882682221405721
2026-08-15 14:48:00+00:00,44.08,44.09,44.07,44.09,5.093252918986774
2026-08-15 14:49:00+00:00,44.09,44.1,44.07,44.1,6.248769354745956
2026-08-15 14:50:00+00:00,44.1,44.1,44.09,44.09,3.116578843830569
2026-08-15 14:51:00+00:00,44.09,44.11,44.09,44.11,517.6569360300243
2026-08-15 14:52:00+00:00,44.11,44.12,44.11,44.11,4.470775222374296
2026-08-15 14:53:00+00:00,44.11,44.13,44.11,44.13,6.87533878333393
2026-08-15 14:54:00+00:00,44.13,44.13,44.11,44.13,4.073051067200465
2026-08-15 14:55:00+00:00,44.13,44.13,44.11,44.11,3.0163212881213934
2026-08-15 14:56:00+00:00,44.11,44.13,44.11,44.11,3.5646137884384888
2026-08-15 14:57:00+00:00,44.11,44.13,44.11,44.11,4.398614941130169
2026-08-15 14:58:00+00:00,44.11,44.13,44.11,44.13,3.8439531540100984
2026-08-15 14:59:00+00:00,44.13,44.13,44.1,44.1,472.8862766098797
2026-08-15 15:00:00+00:00,44.1,44.11,44.09,44.09,502.9616199774075
2026-08-15 15:01:00+00:00,44.09,44.11,44.08,44.09,455.71844598083976
2026-08-15 15:02:00+00:00,44.09,44.09,44.08,44.09,5.790555548809378
2026-08-15 15:03:00+00:00,44.09,44.1,44.08,44.08,3.8475018519204416
2026-08-15 15:04:00+00:00,44.08,44.1,44.08,44.08,3.4810109736574604
2026-08-15 15:05:00+00:00,44.08,44.1,44.08,44.1,7.745209164125421
2026-08-15 15:06:00+00:00,44.1,44.1,44.08,44.1,4.087529692457745
2026-08-15 15:07:00+00:00,44.1,44.1,44.08,44.1,4.125539937693166
2026-08-15 15:08:00+00:00,44.1,44.1,44.08,44.08,3.8400654756760537
2026-08-15 15:09:00+00:00,44.08,44.1,44.08,44.08,4.017971519521299
2026-08-15 15:10:00+00:00,44.08,44.1,44.08,44.08,3.6767478425126856
2026-08-15 15:11:00+00:00,44.08,44.1,44.08,44.1,3.7835384232337823
2026-08-15 15:12:00+00:00,44.1,44.11,44.08,44.11,21.62093578937281
2026-08-15 15:13:00+00:00,44.11,44.12,44.1,44.1,1.8274382581139663
2026-08-15 15:14:00+00:00,44.1,44.12,44.1,44.1,1.362467255865779
2026-08-15 15:15:00+00:00,44.1,44.13,44.1,44.12,3.023468974773494
2026-08-15 15:16:00+00:00,44.12,44.14,44.12,44.14,5.4888204641933935
2026-08-15 15:17:00+00:00,44.14,44.15,44.14,44.15,3.7765135074038665
2026-08-15 15:18:00+00:00,44.15,44.16,44.14,44.16,5.221124127886627
2026-08-15 15:19:00+00:00,44.16,44.18,44.14,44.16,462.7725479947754
2026-08-15 15:20:00+00:00,44.16,44.18,44.16,44.16,3.1796694681179103
2026-08-15 15:21:00+00:00,44.16,44.16,44.16,44.16,0.0
2026-08-15 15:22:00+00:00,44.16,44.16,44.15,44.15,6.012422968265301
2026-08-15 15:23:00+00:00,44.15,44.16,44.15,44.15,3.863159616221051
2026-08-15 15:24:00+00:00,44.15,44.17,44.15,44.17,8.103312999706567
2026-08-15 15:25:00+00:00,44.17,44.17,44.15,44.17,2.477655111479866
2026-08-15 15:26:00+00:00,44.17,44.18,44.15,44.17,5.380686501285236
2026-08-15 15:27:00+00:00,44.17,44.18,44.16,44.18,3.2817039607174063
2026-08-15 15:28:00+00:00,44.18,44.18,44.16,44.16,3.6682756661647673
2026-08-15 15:29:00+00:00,44.16,44.18,44.16,44.16,3.943245978654516
2026-08-15 15:30:00+00:00,44.16,44.18,44.16,44.16,3.344416431298837
2026-08-15 15:31:00+00:00,44.16,44.18,44.16,44.18,2.9625933167837766
2026-08-15 15:32:00+00:00,44.18,44.18,44.16,44.18,3.693565139892141
2026-08-15 15:33:00+00:00,44.18,44.18,44.16,44.18,4.014992776995952
2026-08-15 15:34:00+00:00,44.18,44.18,44.16,44.18,3.491120707612468
2026-08-15 15:35:00+00:00,44.18,44.19,44.16,44.19,19.865510226022284
2026-08-15 15:36:00+00:00,44.19,44.19,44.18,44.19,2.5376744071215582
2026-08-15 15:37:00+00:00,44.19,44.19,44.18,44.18,2.6457994158932
2026-08-15 15:38:00+00:00,44.18,44.19,44.17,44.17,473.2328005502405
2026-08-15 15:39:00+00:00,44.17,44.19,44.17,44.17,2.518607190644593
2026-08-15 15:40:00+00:00,44.17,44.19,44.17,44.19,2.062511553650308
2026-08-15 15:41:00+00:00,44.19,44.2,44.17,44.2,1106.9428065382072
2026-08-15 15:42:00+00:00,44.2,44.2,44.18,44.2,470.81076843772274
2026-08-15 15:43:00+00:00,44.2,44.2,44.18,44.18,3.091713086530012
2026-08-15 15:44:00+00:00,44.18,44.22,44.18,44.21,1891.6821316811208
2026-08-15 15:45:00+00:00,44.21,44.24,44.21,44.24,1237.1555190409124
2026-08-15 15:46:00+00:00,44.24,44.25,44.22,44.25,1110.5167270498637
2026-08-15 15:47:00+00:00,44.25,44.25,44.24,44.24,3.8003881550045464
2026-08-15 15:48:00+00:00,44.24,44.26,44.24,44.24,519.9606781555448
2026-08-15 15:49:00+00:00,44.24,44.26,44.24,44.24,3.9415746301037182
2026-08-15 15:50:00+00:00,44.24,44.26,44.24,44.24,3.9038410726849153
2026-08-15 15:51:00+00:00,44.24,44.26,44.24,44.26,3.1881279881580893
2026-08-15 15:52:00+00:00,44.26,44.26,44.24,44.26,2.9200781548126353
2026-08-15 15:53:00+00:00,44.26,44.26,44.24,44.26,3.9783035412967434
2026-08-15 15:54:00+00:00,44.26,44.26,44.24,44.24,3.848778251397913
2026-08-15 15:55:00+00:00,44.24,44.26,44.22,44.22,435.63475661763096
2026-08-15 15:56:00+00:00,44.22,44.24,44.22,44.24,4.2395000427810885
2026-08-15 15:57:00+00:00,44.24,44.24,44.24,44.24,0.0
2026-08-15 15:58:00+00:00,44.24,44.24,44.22,44.24,5.599208094003107
2026-08-15 15:59:00+00:00,44.24,44.25,44.23,44.23,3.0614800055257727
2026-08-15 16:00:00+00:00,44.23,44.26,44.23,44.25,6.043170227595708
2026-08-15 16:01:00+00:00,44.25,44.26,44.23,44.23,472.58387040333264
2026-08-15 16:02:00+00:00,44.23,44.26,44.23,44.26,4.154781695072828
2026-08-15 16:03:00+00:00,44.26,44.27,44.25,44.27,641.7417431715972
2026-08-15 16:04:00+00:00,44.27,44.27,44.24,44.24,500.8724911697575
2026-08-15 16:05:00+00:00,44.24,44.25,44.24,44.24,3.7349468282914966
2026-08-15 16:06:00+00:00,44.24,44.25,44.24,44.24,2.3933254155556236
2026-08-15 16:07:00+00:00,44.24,44.26,44.24,44.24,8.419962405791741
2026-08-15 16:08:00+00:00,44.24,44.27,44.24,44.27,5.51900225602869
2026-08-15 16:09:00+00:00,44.27,44.27,44.23,44.23,37.02444147504892
2026-08-15 16:10:00+00:00,44.23,44.25,44.23,44.25,6.536771480979491
2026-08-15 16:11:00+00:00,44.25,44.26,44.24,44.24,469.66849541582104
2026-08-15 16:12:00+00:00,44.24,44.26,44.23,44.23,166.40394439954812
2026-08-15 16:13:00+00:00,44.23,44.24,44.23,44.23,4.022034698409882
2026-08-15 16:14:00+00:00,44.23,44.24,44.23,44.24,3.373174551160525
2026-08-15 16:15:00+00:00,44.24,44.24,44.22,44.24,344.2797361750328
2026-08-15 16:16:00+00:00,44.24,44.24,44.22,44.24,3.23051655662179
2026-08-15 16:17:00+00:00,44.24,44.24,44.21,44.21,129.4753686713229
2026-08-15 16:18:00+00:00,44.21,44.23,44.21,44.21,4.098711573434561
2026-08-15 16:19:00+00:00,44.21,44.23,44.21,44.23,3.381845336342287
2026-08-15 16:20:00+00:00,44.23,44.23,44.21,44.23,3.825736773235544
2026-08-15 16:21:00+00:00,44.23,44.23,44.21,44.23,3.808200302719386
2026-08-15 16:22:00+00:00,44.23,44.23,44.13,44.13,2487.5955315679407
2026-08-15 16:23:00+00:00,44.13,44.14,44.13,44.13,4.244195071385147
2026-08-15 16:24:00+00:00,44.13,44.16,44.13,44.15,8.005686778336953
2026-08-15 16:25:00+00:00,44.15,44.16,44.15,44.16,7.410846156055608
2026-08-15 16:26:00+00:00,44.16,44.16,44.15,44.16,4.046410576386495
2026-08-15 16:27:00+00:00,44.16,44.16,44.15,44.16,4.076284811126429
2026-08-15 16:28:00+00:00,44.16,44.16,44.14,44.15,3.235859356884927
2026-08-15 16:29:00+00:00,44.15,44.15,44.14,44.15,3.596606309277441
2026-08-15 16:30:00+00:00,44.15,44.15,44.14,44.14,3.762421359814161
2026-08-15 16:31:00+00:00,44.14,44.16,44.14,44.14,9.349287868081083
2026-08-15 16:32:00+00:00,44.14,44.16,44.14,44.14,4.450685216833133
2026-08-15 16:33:00+00:00,44.14,44.16,44.13,44.14,517.2893556549751
2026-08-15 16:34:00+00:00,44.14,44.14,44.13,44.14,3.553586953363374
2026-08-15 16:35:00+00:00,44.14,44.14,44.13,44.14,3.8196711665938192
2026-08-15 16:36:00+00:00,44.14,44.14,44.13,44.13,3.9596302363234384
