time,open,high,low,close,volume
2026-08-10 00:00:00+00:00,45.43,45.43,45.38,45.39,2.89
2026-08-10 00:01:00+00:00,45.39,45.42,45.34,45.34,452.867
2026-08-10 00:02:00+00:00,45.34,45.4,45.33,45.38,3.585
2026-08-10 00:03:00+00:00,45.38,45.41,45.37,45.41,5.777
2026-08-10 00:04:00+00:00,45.41,45.41,45.37,45.37,4.699
2026-08-10 00:05:00+00:00,45.37,45.43,45.37,45.41,6.807
2026-08-10 00:06:00+00:00,45.41,45.42,45.3,45.31,12280.227
2026-08-10 00:07:00+00:00,45.31,45.37,45.31,45.31,6.587
2026-08-10 00:08:00+00:00,45.31,45.35,45.31,45.34,5.668
2026-08-10 00:09:00+00:00,45.34,45.41,45.34,45.37,1478.137
2026-08-10 00:10:00+00:00,45.37,45.5,45.33,45.49,513.936
2026-08-10 00:11:00+00:00,45.49,45.56,45.48,45.53,10710.614
2026-08-10 00:12:00+00:00,45.53,45.58,45.51,45.56,192.019
2026-08-10 00:13:00+00:00,45.56,45.56,45.51,45.52,5.234
2026-08-10 00:14:00+00:00,45.52,45.53,45.51,45.51,2.851
2026-08-10 00:15:00+00:00,45.51,45.52,45.49,45.49,7.849
2026-08-10 00:16:00+00:00,45.49,45.51,45.49,45.5,5.814
2026-08-10 00:17:00+00:00,45.5,45.5,45.45,45.46,1698.531
2026-08-10 00:18:00+00:00,45.46,45.47,45.45,45.45,4.226
2026-08-10 00:19:00+00:00,45.45,45.5,45.45,45.46,225.885
2026-08-10 00:20:00+00:00,45.46,45.48,45.43,45.44,226.843
2026-08-10 00:21:00+00:00,45.44,45.44,45.37,45.38,511.467
2026-08-10 00:22:00+00:00,45.38,45.44,45.37,45.42,4.042
2026-08-10 00:23:00+00:00,45.42,45.42,45.38,45.39,6.775
2026-08-10 00:24:00+00:00,45.39,45.39,45.34,45.37,5.018
2026-08-10 00:25:00+00:00,45.37,45.38,45.36,45.37,4.951
2026-08-10 00:26:00+00:00,45.37,45.37,45.31,45.34,9792.058
2026-08-10 00:27:00+00:00,45.34,45.39,45.34,45.37,5.961
2026-08-10 00:28:00+00:00,45.37,45.39,45.36,45.39,4.471
2026-08-10 00:29:00+00:00,45.39,45.46,45.36,45.44,241.786
2026-08-10 00:30:00+00:00,45.44,45.45,45.4,45.42,8.099
2026-08-10 00:31:00+00:00,45.42,45.46,45.4,45.44,1480.271
2026-08-10 00:32:00+00:00,45.44,45.48,45.42,45.48,227.086
2026-08-10 00:33:00+00:00,45.48,45.48,45.47,45.48,4.86
2026-08-10 00:34:00+00:00,45.48,45.48,45.46,45.46,5.209
2026-08-10 00:35:00+00:00,45.46,45.48,45.45,45.45,4.96
2026-08-10 00:36:00+00:00,45.45,45.47,45.42,45.42,226.181
2026-08-10 00:37:00+00:00,45.42,45.46,45.41,45.45,2.746
2026-08-10 00:38:00+00:00,45.45,45.45,45.44,45.44,5.009
2026-08-10 00:39:00+00:00,45.44,45.45,45.41,45.44,4.618
2026-08-10 00:40:00+00:00,45.44,45.47,45.42,45.46,4.176
2026-08-10 00:41:00+00:00,45.46,45.47,45.43,45.46,3.251
2026-08-10 00:42:00+00:00,45.46,45.47,45.43,45.43,1476.651
2026-08-10 00:43:00+00:00,45.43,45.44,45.41,45.41,4.432
2026-08-10 00:44:00+00:00,45.41,45.42,45.38,45.39,5.797
2026-08-10 00:45:00+00:00,45.39,45.43,45.38,45.41,3.357
2026-08-10 00:46:00+00:00,45.41,45.43,45.41,45.42,4.232
2026-08-10 00:47:00+00:00,45.42,45.45,45.41,45.44,191.41
2026-08-10 00:48:00+00:00,45.44,45.47,45.44,45.46,6.988
2026-08-10 00:49:00+00:00,45.46,45.52,45.46,45.52,406.643
2026-08-10 00:50:00+00:00,45.52,45.52,45.5,45.5,5.484
2026-08-10 00:51:00+00:00,45.5,45.56,45.5,45.56,4.857
2026-08-10 00:52:00+00:00,45.56,45.56,45.52,45.52,6.193
2026-08-10 00:53:00+00:00,45.52,45.55,45.52,45.53,4.889
2026-08-10 00:54:00+00:00,45.53,45.56,45.53,45.54,5.349
2026-08-10 00:55:00+00:00,45.54,45.56,45.54,45.55,4.742
2026-08-10 00:56:00+00:00,45.55,45.55,45.51,45.51,5.407
2026-08-10 00:57:00+00:00,45.51,45.52,45.51,45.51,6.85
2026-08-10 00:58:00+00:00,45.51,45.52,45.49,45.49,4.096
2026-08-10 00:59:00+00:00,45.49,45.49,45.47,45.48,3.846
2026-08-10 01:00:00+00:00,45.48,45.49,45.46,45.47,3.212
2026-08-10 01:01:00+00:00,45.47,45.54,45.47,45.52,7.222
2026-08-10 01:02:00+00:00,45.52,45.54,45.52,45.52,4.791
2026-08-10 01:03:00+00:00,45.52,45.53,45.5,45.5,4.286
2026-08-10 01:04:00+00:00,45.5,45.52,45.48,45.52,6.156
2026-08-10 01:05:00+00:00,45.52,45.52,45.48,45.49,4.174
2026-08-10 01:06:00+00:00,45.49,45.49,45.43,45.44,6.976
2026-08-10 01:07:00+00:00,45.44,45.49,45.44,45.47,3.207
2026-08-10 01:08:00+00:00,45.47,45.47,45.45,45.45,3.486
2026-08-10 01:09:00+00:00,45.45,45.47,45.45,45.45,2.33
2026-08-10 01:10:00+00:00,45.45,45.48,45.45,45.47,5.482
2026-08-10 01:11:00+00:00,45.47,45.49,45.45,45.47,5.05
2026-08-10 01:12:00+00:00,45.47,45.49,45.47,45.49,4.807
2026-08-10 01:13:00+00:00,45.49,45.5,45.48,45.5,7.7
2026-08-10 01:14:00+00:00,45.5,45.52,45.47,45.52,4.157
2026-08-10 01:15:00+00:00,45.52,45.53,45.51,45.52,7.21
2026-08-10 01:16:00+00:00,45.52,45.53,45.49,45.53,5.232
2026-08-10 01:17:00+00:00,45.53,45.55,45.51,45.52,4.546
2026-08-10 01:18:00+00:00,45.52,45.53,45.52,45.53,4.254
2026-08-10 01:19:00+00:00,45.53,45.56,45.52,45.55,1474.874
2026-08-10 01:20:00+00:00,45.55,45.56,45.54,45.54,4.65
2026-08-10 01:21:00+00:00,45.54,45.56,45.54,45.54,6.56
2026-08-10 01:22:00+00:00,45.54,45.58,45.54,45.56,4.603
2026-08-10 01:23:00+00:00,45.56,45.61,45.56,45.59,192.323
2026-08-10 01:24:00+00:00,45.59,45.61,45.59,45.6,6.787
2026-08-10 01:25:00+00:00,45.6,45.61,45.59,45.59,8.334
2026-08-10 01:26:00+00:00,45.59,45.6,45.57,45.59,3.507
2026-08-10 01:27:00+00:00,45.59,45.6,45.59,45.59,5.019
2026-08-10 01:28:00+00:00,45.59,45.6,45.58,45.6,7.859
2026-08-10 01:29:00+00:00,45.6,45.6,45.55,45.55,4.608
2026-08-10 01:30:00+00:00,45.55,45.55,45.52,45.54,228.246
2026-08-10 01:31:00+00:00,45.54,45.55,45.52,45.53,192.092
2026-08-10 01:32:00+00:00,45.53,45.55,45.52,45.54,5.693
2026-08-10 01:33:00+00:00,45.54,45.54,45.53,45.53,7.413
2026-08-10 01:34:00+00:00,45.53,45.54,45.53,45.53,6.563
2026-08-10 01:35:00+00:00,45.53,45.54,45.53,45.53,6.303
2026-08-10 01:36:00+00:00,45.53,45.56,45.53,45.55,225.499
2026-08-10 01:37:00+00:00,45.55,45.56,45.51,45.52,380.37
2026-08-10 01:38:00+00:00,45.52,45.53,45.5,45.5,1724.446
2026-08-10 01:39:00+00:00,45.5,45.59,45.5,45.55,444.198
2026-08-10 01:40:00+00:00,45.55,45.56,45.53,45.54,5.991
2026-08-10 01:41:00+00:00,45.54,45.57,45.53,45.56,227.177
2026-08-10 01:42:00+00:00,45.56,45.56,45.54,45.55,5.242
2026-08-10 01:43:00+00:00,45.55,45.55,45.52,45.53,5.997
2026-08-10 01:44:00+00:00,45.53,45.55,45.53,45.55,4.647
2026-08-10 01:45:00+00:00,45.55,45.56,45.54,45.54,7.359
2026-08-10 01:46:00+00:00,45.54,45.55,45.52,45.53,4.72
2026-08-10 01:47:00+00:00,45.53,45.59,45.53,45.57,7.283
2026-08-10 01:48:00+00:00,45.57,45.59,45.57,45.59,5.964
2026-08-10 01:49:00+00:00,45.59,45.7,45.59,45.69,3687.137236186348862405
2026-08-10 01:50:00+00:00,45.69,45.74,45.66,45.68,227.771
2026-08-10 01:51:00+00:00,45.68,45.73,45.67,45.68,194.117
2026-08-10 01:52:00+00:00,45.68,45.73,45.65,45.66,193.045
2026-08-10 01:53:00+00:00,45.66,45.66,45.65,45.66,4.939
2026-08-10 01:54:00+00:00,45.66,45.66,45.62,45.63,5.416
2026-08-10 01:55:00+00:00,45.63,45.63,45.6,45.61,226.168
2026-08-10 01:56:00+00:00,45.61,45.61,45.6,45.61,2.576
2026-08-10 01:57:00+00:00,45.61,45.62,45.6,45.61,4.127
2026-08-10 01:58:00+00:00,45.61,45.62,45.58,45.6,192.855
2026-08-10 01:59:00+00:00,45.6,45.6,45.59,45.59,4.123
2026-08-10 02:00:00+00:00,45.59,45.6,45.54,45.58,1694.735
2026-08-10 02:01:00+00:00,45.58,45.59,45.54,45.59,4.79
2026-08-10 02:02:00+00:00,45.59,45.59,45.54,45.54,6.95
2026-08-10 02:03:00+00:00,45.54,45.56,45.54,45.55,6.301
2026-08-10 02:04:00+00:00,45.55,45.57,45.54,45.57,4.233
2026-08-10 02:05:00+00:00,45.57,45.57,45.54,45.56,5.667
2026-08-10 02:06:00+00:00,45.56,45.58,45.56,45.57,3.694
2026-08-10 02:07:00+00:00,45.57,45.57,45.53,45.54,190.451
2026-08-10 02:08:00+00:00,45.54,45.55,45.54,45.54,4.046
2026-08-10 02:09:00+00:00,45.54,45.55,45.54,45.55,3.42
2026-08-10 02:10:00+00:00,45.55,45.56,45.54,45.56,184.455
2026-08-10 02:11:00+00:00,45.56,45.57,45.56,45.57,2.698
2026-08-10 02:12:00+00:00,45.57,45.57,45.56,45.57,5.161
2026-08-10 02:13:00+00:00,45.57,45.57,45.54,45.54,2.699
2026-08-10 02:14:00+00:00,45.54,45.55,45.5,45.53,186.188
2026-08-10 02:15:00+00:00,45.53,45.53,45.51,45.51,4.941
2026-08-10 02:16:00+00:00,45.51,45.52,45.5,45.51,4.359
2026-08-10 02:17:00+00:00,45.51,45.51,45.45,45.45,414.582
2026-08-10 02:18:00+00:00,45.45,45.45,45.39,45.43,3901.425
2026-08-10 02:19:00+00:00,45.43,45.43,45.41,45.41,5.896
2026-08-10 02:20:00+00:00,45.41,45.42,45.41,45.41,6.672
2026-08-10 02:21:00+00:00,45.41,45.46,45.4,45.43,5.214
2026-08-10 02:22:00+00:00,45.43,45.45,45.42,45.45,5.413
2026-08-10 02:23:00+00:00,45.45,45.46,45.44,45.46,190.596
2026-08-10 02:24:00+00:00,45.46,45.46,45.41,45.42,193.364
2026-08-10 02:25:00+00:00,45.42,45.43,45.41,45.41,4.166
2026-08-10 02:26:00+00:00,45.41,45.42,45.37,45.37,7.893
2026-08-10 02:27:00+00:00,45.37,45.37,45.31,45.32,7423.788
2026-08-10 02:28:00+00:00,45.32,45.34,45.31,45.34,26.736
2026-08-10 02:29:00+00:00,45.34,45.34,45.31,45.32,27.562445621001544231
2026-08-10 02:30:00+00:00,45.32,45.35,45.32,45.33,4.645
2026-08-10 02:31:00+00:00,45.33,45.35,45.33,45.35,5.61
2026-08-10 02:32:00+00:00,45.35,45.36,45.34,45.34,35.36630702515177797
2026-08-10 02:33:00+00:00,45.34,45.34,45.31,45.33,6.273
2026-08-10 02:34:00+00:00,45.33,45.34,45.3,45.34,4.064
2026-08-10 02:35:00+00:00,45.34,45.34,45.31,45.31,8.605
2026-08-10 02:36:00+00:00,45.31,45.36,45.31,45.34,5.311
2026-08-10 02:37:00+00:00,45.34,45.36,45.34,45.35,226.003
2026-08-10 02:38:00+00:00,45.35,45.36,45.35,45.35,7.348
2026-08-10 02:39:00+00:00,45.35,45.38,45.32,45.38,5.53
2026-08-10 02:40:00+00:00,45.38,45.41,45.38,45.39,7.326
2026-08-10 02:41:00+00:00,45.39,45.41,45.39,45.4,4.21
2026-08-10 02:42:00+00:00,45.4,45.43,45.39,45.42,6.275
2026-08-10 02:43:00+00:00,45.42,45.49,45.42,45.49,6.508
2026-08-10 02:44:00+00:00,45.49,45.54,45.49,45.54,191.619
2026-08-10 02:45:00+00:00,45.54,45.54,45.48,45.48,6.883
2026-08-10 02:46:00+00:00,45.48,45.5,45.48,45.48,3.207
2026-08-10 02:47:00+00:00,45.48,45.5,45.47,45.48,188.963
2026-08-10 02:48:00+00:00,45.48,45.49,45.47,45.49,6.113
2026-08-10 02:49:00+00:00,45.49,45.49,45.47,45.47,5.598
2026-08-10 02:50:00+00:00,45.47,45.49,45.47,45.48,4.374
2026-08-10 02:51:00+00:00,45.48,45.51,45.48,45.5,372.769
2026-08-10 02:52:00+00:00,45.5,45.51,45.47,45.48,4.65
2026-08-10 02:53:00+00:00,45.48,45.48,45.47,45.47,5.092
2026-08-10 02:54:00+00:00,45.47,45.48,45.46,45.46,4.997
2026-08-10 02:55:00+00:00,45.46,45.47,45.46,45.47,4.549
2026-08-10 02:56:00+00:00,45.47,45.47,45.43,45.43,6.252
2026-08-10 02:57:00+00:00,45.43,45.47,45.43,45.44,3.771
2026-08-10 02:58:00+00:00,45.44,45.47,45.44,45.47,5.048
2026-08-10 02:59:00+00:00,45.47,45.49,45.47,45.47,3.754
2026-08-10 03:00:00+00:00,45.47,45.49,45.45,45.45,227.742
2026-08-10 03:01:00+00:00,45.45,45.49,45.45,45.49,5.501
2026-08-10 03:02:00+00:00,45.49,45.49,45.47,45.47,8.039
2026-08-10 03:03:00+00:00,45.47,45.48,45.43,45.45,4.872
2026-08-10 03:04:00+00:00,45.45,45.46,45.43,45.44,3.698
2026-08-10 03:05:00+00:00,45.44,45.44,45.41,45.41,5.972
2026-08-10 03:06:00+00:00,45.41,45.42,45.4,45.4,4.559
2026-08-10 03:07:00+00:00,45.4,45.41,45.4,45.4,7.444
2026-08-10 03:08:00+00:00,45.4,45.43,45.4,45.42,4.865
2026-08-10 03:09:00+00:00,45.42,45.45,45.41,45.42,8.379
2026-08-10 03:10:00+00:00,45.42,45.43,45.39,45.41,6.778
2026-08-10 03:11:00+00:00,45.41,45.42,45.39,45.4,4.658
2026-08-10 03:12:00+00:00,45.4,45.41,45.37,45.38,5.598
2026-08-10 03:13:00+00:00,45.38,45.39,45.32,45.35,195.115
2026-08-10 03:14:00+00:00,45.35,45.36,45.33,45.34,6.197
2026-08-10 03:15:00+00:00,45.34,45.36,45.34,45.34,3.405
2026-08-10 03:16:00+00:00,45.34,45.34,45.31,45.32,7.721
2026-08-10 03:17:00+00:00,45.32,45.38,45.32,45.37,5.182
2026-08-10 03:18:00+00:00,45.37,45.41,45.36,45.39,5.509
2026-08-10 03:19:00+00:00,45.39,45.42,45.39,45.41,4.054
2026-08-10 03:20:00+00:00,45.41,45.44,45.39,45.43,192.672
2026-08-10 03:21:00+00:00,45.43,45.43,45.4,45.4,5.859
2026-08-10 03:22:00+00:00,45.4,45.41,45.4,45.4,7.669
2026-08-10 03:23:00+00:00,45.4,45.42,45.39,45.4,4.53
2026-08-10 03:24:00+00:00,45.4,45.44,45.4,45.43,4.803
2026-08-10 03:25:00+00:00,45.43,45.44,45.42,45.44,3.118
2026-08-10 03:26:00+00:00,45.44,45.44,45.37,45.37,5.068
2026-08-10 03:27:00+00:00,45.37,45.38,45.36,45.36,5.644
2026-08-10 03:28:00+00:00,45.36,45.37,45.36,45.36,6.833
2026-08-10 03:29:00+00:00,45.36,45.38,45.35,45.35,3.836
2026-08-10 03:30:00+00:00,45.35,45.38,45.35,45.37,2.631
2026-08-10 03:31:00+00:00,45.37,45.38,45.36,45.37,191.42
2026-08-10 03:32:00+00:00,45.37,45.38,45.35,45.36,3.868
2026-08-10 03:33:00+00:00,45.36,45.38,45.34,45.38,2.757
2026-08-10 03:34:00+00:00,45.38,45.4,45.37,45.37,5.807
2026-08-10 03:35:00+00:00,45.37,45.41,45.37,45.41,5.045
2026-08-10 03:36:00+00:00,45.41,45.41,45.39,45.39,8.2
2026-08-10 03:37:00+00:00,45.39,45.42,45.38,45.4,5.525
2026-08-10 03:38:00+00:00,45.4,45.41,45.37,45.38,4.448
2026-08-10 03:39:00+00:00,45.38,45.39,45.37,45.39,4.091
2026-08-10 03:40:00+00:00,45.39,45.39,45.37,45.38,5.951
2026-08-10 03:41:00+00:00,45.38,45.38,45.37,45.37,2.969
2026-08-10 03:42:00+00:00,45.37,45.4,45.37,45.4,6.508
2026-08-10 03:43:00+00:00,45.4,45.41,45.37,45.37,5.965
2026-08-10 03:44:00+00:00,45.37,45.38,45.36,45.38,4.726
2026-08-10 03:45:00+00:00,45.38,45.38,45.37,45.37,3.949
2026-08-10 03:46:00+00:00,45.37,45.39,45.36,45.38,5.254
2026-08-10 03:47:00+00:00,45.38,45.39,45.36,45.37,4.597
2026-08-10 03:48:00+00:00,45.37,45.38,45.36,45.36,5.17
2026-08-10 03:49:00+00:00,45.36,45.37,45.36,45.37,4.542
2026-08-10 03:50:00+00:00,45.37,45.37,45.35,45.35,4.768
2026-08-10 03:51:00+00:00,45.35,45.36,45.33,45.35,5.925
2026-08-10 03:52:00+00:00,45.35,45.35,45.34,45.34,5.469
2026-08-10 03:53:00+00:00,45.34,45.35,45.33,45.33,3.041
2026-08-10 03:54:00+00:00,45.33,45.34,45.33,45.33,3.817
2026-08-10 03:55:00+00:00,45.33,45.34,45.33,45.33,2.431
2026-08-10 03:56:00+00:00,45.33,45.34,45.3,45.33,1506.16
2026-08-10 03:57:00+00:00,45.33,45.33,45.27,45.27,232.571033245844269466
2026-08-10 03:58:00+00:00,45.27,45.31,45.27,45.3,4.269
2026-08-10 03:59:00+00:00,45.3,45.32,45.3,45.32,4.178
2026-08-10 04:00:00+00:00,45.32,45.32,45.3,45.31,2.67
2026-08-10 04:01:00+00:00,45.31,45.32,45.3,45.3,4.873
2026-08-10 04:02:00+00:00,45.3,45.32,45.3,45.32,4.067
2026-08-10 04:03:00+00:00,45.32,45.39,45.31,45.36,5.847
2026-08-10 04:04:00+00:00,45.36,45.36,45.34,45.35,5.2
2026-08-10 04:05:00+00:00,45.35,45.35,45.34,45.35,6.049
2026-08-10 04:06:00+00:00,45.35,45.35,45.34,45.35,5.279
2026-08-10 04:07:00+00:00,45.35,45.37,45.32,45.34,6.362
2026-08-10 04:08:00+00:00,45.34,45.36,45.34,45.35,5.876
2026-08-10 04:09:00+00:00,45.35,45.38,45.35,45.37,5.87
2026-08-10 04:10:00+00:00,45.37,45.37,45.34,45.35,4.274
2026-08-10 04:11:00+00:00,45.35,45.37,45.35,45.37,8.126
2026-08-10 04:12:00+00:00,45.37,45.38,45.37,45.37,3.765
2026-08-10 04:13:00+00:00,45.37,45.38,45.37,45.38,6.094
2026-08-10 04:14:00+00:00,45.38,45.39,45.37,45.38,4.97
2026-08-10 04:15:00+00:00,45.38,45.4,45.38,45.39,5.256
2026-08-10 04:16:00+00:00,45.39,45.4,45.39,45.39,4.368
2026-08-10 04:17:00+00:00,45.39,45.4,45.37,45.38,4.174
2026-08-10 04:18:00+00:00,45.38,45.41,45.38,45.4,3.578
2026-08-10 04:19:00+00:00,45.4,45.41,45.39,45.39,5.667
2026-08-10 04:20:00+00:00,45.39,45.4,45.39,45.4,5.498
2026-08-10 04:21:00+00:00,45.4,45.4,45.39,45.39,10.121236395681868252
2026-08-10 04:22:00+00:00,45.39,45.41,45.38,45.39,4.444
2026-08-10 04:23:00+00:00,45.39,45.39,45.38,45.38,6.606
2026-08-10 04:24:00+00:00,45.38,45.39,45.36,45.36,5.531
2026-08-10 04:25:00+00:00,45.36,45.37,45.36,45.36,6.77
2026-08-10 04:26:00+00:00,45.36,45.38,45.36,45.37,191.921
2026-08-10 04:27:00+00:00,45.37,45.37,45.34,45.35,2.904
2026-08-10 04:28:00+00:00,45.35,45.37,45.33,45.34,5.256
2026-08-10 04:29:00+00:00,45.34,45.35,45.31,45.31,5.34
2026-08-10 04:30:00+00:00,45.31,45.32,45.31,45.31,4.369
2026-08-10 04:31:00+00:00,45.31,45.31,45.3,45.3,6.493
2026-08-10 04:32:00+00:00,45.3,45.33,45.3,45.32,6.894
2026-08-10 04:33:00+00:00,45.32,45.33,45.3,45.3,5.909
2026-08-10 04:34:00+00:00,45.3,45.32,45.3,45.31,4.017
2026-08-10 04:35:00+00:00,45.31,45.31,45.3,45.31,3.336
2026-08-10 04:36:00+00:00,45.31,45.32,45.3,45.3,4.554
2026-08-10 04:37:00+00:00,45.3,45.33,45.3,45.32,5.759
2026-08-10 04:38:00+00:00,45.32,45.34,45.32,45.32,4.843
2026-08-10 04:39:00+00:00,45.32,45.33,45.3,45.3,25.489591350397175639
2026-08-10 04:40:00+00:00,45.3,45.31,45.22,45.22,7232.342768554100916452
2026-08-10 04:41:00+00:00,45.22,45.26,45.19,45.2,7338.145
2026-08-10 04:42:00+00:00,45.2,45.23,45.17,45.22,5.279
2026-08-10 04:43:00+00:00,45.22,45.29,45.22,45.27,3.441
2026-08-10 04:44:00+00:00,45.27,45.27,45.26,45.27,7.148
2026-08-10 04:45:00+00:00,45.27,45.31,45.26,45.3,5.711
2026-08-10 04:46:00+00:00,45.3,45.35,45.3,45.34,241.178
2026-08-10 04:47:00+00:00,45.34,45.35,45.33,45.33,4.502
2026-08-10 04:48:00+00:00,45.33,45.34,45.31,45.32,6.324
2026-08-10 04:49:00+00:00,45.32,45.32,45.28,45.29,8.954
2026-08-10 04:50:00+00:00,45.29,45.3,45.28,45.28,5.185
2026-08-10 04:51:00+00:00,45.28,45.35,45.28,45.32,192.686
2026-08-10 04:52:00+00:00,45.32,45.32,45.28,45.29,3.626
2026-08-10 04:53:00+00:00,45.29,45.29,45.26,45.26,3010.92
2026-08-10 04:54:00+00:00,45.26,45.29,45.26,45.27,1508.44
2026-08-10 04:55:00+00:00,45.27,45.28,45.27,45.28,7.454
2026-08-10 04:56:00+00:00,45.28,45.28,45.25,45.25,4.963
2026-08-10 04:57:00+00:00,45.25,45.27,45.25,45.25,3.396
2026-08-10 04:58:00+00:00,45.25,45.27,45.25,45.26,5.757
2026-08-10 04:59:00+00:00,45.26,45.27,45.26,45.26,5.667
2026-08-10 05:00:00+00:00,45.26,45.27,45.26,45.27,4.985
2026-08-10 05:01:00+00:00,45.27,45.29,45.26,45.27,227.805
2026-08-10 05:02:00+00:00,45.27,45.29,45.27,45.29,6.658
2026-08-10 05:03:00+00:00,45.29,45.32,45.28,45.3,4.356
2026-08-10 05:04:00+00:00,45.3,45.36,45.3,45.34,5.214
2026-08-10 05:05:00+00:00,45.34,45.34,45.32,45.33,5.486
2026-08-10 05:06:00+00:00,45.33,45.35,45.33,45.34,193.909
2026-08-10 05:07:00+00:00,45.34,45.35,45.34,45.34,5.303
2026-08-10 05:08:00+00:00,45.34,45.35,45.34,45.35,6.834
2026-08-10 05:09:00+00:00,45.35,45.36,45.35,45.36,2.792
2026-08-10 05:10:00+00:00,45.36,45.36,45.35,45.35,4.757
2026-08-10 05:11:00+00:00,45.35,45.36,45.34,45.35,3.144
2026-08-10 05:12:00+00:00,45.35,45.37,45.31,45.33,6.677
2026-08-10 05:13:00+00:00,45.33,45.35,45.31,45.32,4.623
2026-08-10 05:14:00+00:00,45.32,45.35,45.32,45.34,5.768
2026-08-10 05:15:00+00:00,45.34,45.35,45.34,45.34,5.537
2026-08-10 05:16:00+00:00,45.34,45.37,45.34,45.36,5.152
2026-08-10 05:17:00+00:00,45.36,45.37,45.35,45.36,6.079
2026-08-10 05:18:00+00:00,45.36,45.37,45.36,45.37,3.863
2026-08-10 05:19:00+00:00,45.37,45.37,45.35,45.35,4.047
2026-08-10 05:20:00+00:00,45.35,45.37,45.34,45.35,5.718
2026-08-10 05:21:00+00:00,45.35,45.37,45.35,45.37,4.767
2026-08-10 05:22:00+00:00,45.37,45.37,45.36,45.36,1.429
2026-08-10 05:23:00+00:00,45.36,45.42,45.36,45.39,4.998
2026-08-10 05:24:00+00:00,45.39,45.41,45.38,45.4,6.327
2026-08-10 05:25:00+00:00,45.4,45.41,45.37,45.37,4.823
2026-08-10 05:26:00+00:00,45.37,45.39,45.37,45.39,2.719
2026-08-10 05:27:00+00:00,45.39,45.42,45.37,45.37,27.385739264479189605
2026-08-10 05:28:00+00:00,45.37,45.4,45.37,45.39,5.347
2026-08-10 05:29:00+00:00,45.39,45.41,45.39,45.41,4.998
2026-08-10 05:30:00+00:00,45.41,45.41,45.39,45.41,3.964
2026-08-10 05:31:00+00:00,45.41,45.41,45.38,45.39,4.266
2026-08-10 05:32:00+00:00,45.39,45.39,45.37,45.37,3.882
2026-08-10 05:33:00+00:00,45.37,45.4,45.36,45.39,5.355
2026-08-10 05:34:00+00:00,45.39,45.4,45.38,45.39,10.108
2026-08-10 05:35:00+00:00,45.39,45.4,45.39,45.39,5.689
2026-08-10 05:36:00+00:00,45.39,45.4,45.39,45.39,4.199
2026-08-10 05:37:00+00:00,45.39,45.44,45.39,45.42,828.637
2026-08-10 05:38:00+00:00,45.42,45.43,45.41,45.41,4.972
2026-08-10 05:39:00+00:00,45.41,45.42,45.41,45.42,6.466
2026-08-10 05:40:00+00:00,45.42,45.42,45.37,45.41,23.266591350397175639
2026-08-10 05:41:00+00:00,45.41,45.43,45.39,45.42,4.543
2026-08-10 05:42:00+00:00,45.42,45.42,45.41,45.41,5
2026-08-10 05:43:00+00:00,45.41,45.44,45.41,45.41,226.261
2026-08-10 05:44:00+00:00,45.41,45.43,45.41,45.43,7.311
2026-08-10 05:45:00+00:00,45.43,45.43,45.41,45.43,3.505
2026-08-10 05:46:00+00:00,45.43,45.43,45.42,45.42,2.553
2026-08-10 05:47:00+00:00,45.42,45.44,45.42,45.43,4.334
2026-08-10 05:48:00+00:00,45.43,45.46,45.43,45.45,193.069
2026-08-10 05:49:00+00:00,45.45,45.45,45.44,45.45,1.776
2026-08-10 05:50:00+00:00,45.45,45.45,45.44,45.44,4.228
2026-08-10 05:51:00+00:00,45.44,45.44,45.43,45.43,4.066
2026-08-10 05:52:00+00:00,45.43,45.47,45.43,45.44,193.361
2026-08-10 05:53:00+00:00,45.44,45.49,45.44,45.46,1.956
2026-08-10 05:54:00+00:00,45.46,45.47,45.45,45.46,3.857
2026-08-10 05:55:00+00:00,45.46,45.49,45.44,45.45,5.615700901693424235
2026-08-10 05:56:00+00:00,45.45,45.46,45.44,45.46,7.273
2026-08-10 05:57:00+00:00,45.46,45.46,45.44,45.46,4.599
2026-08-10 05:58:00+00:00,45.46,45.46,45.41,45.43,4.943
2026-08-10 05:59:00+00:00,45.43,45.44,45.43,45.43,4.674
2026-08-10 06:00:00+00:00,45.43,45.48,45.43,45.47,4.007
2026-08-10 06:01:00+00:00,45.47,45.47,45.44,45.44,4.089
2026-08-10 06:02:00+00:00,45.44,45.46,45.44,45.45,7.061
2026-08-10 06:03:00+00:00,45.45,45.48,45.45,45.47,6.209
2026-08-10 06:04:00+00:00,45.47,45.49,45.46,45.49,4.247
2026-08-10 06:05:00+00:00,45.49,45.49,45.47,45.49,5.505
2026-08-10 06:06:00+00:00,45.49,45.54,45.48,45.51,7.128
2026-08-10 06:07:00+00:00,45.51,45.54,45.49,45.49,4.52
2026-08-10 06:08:00+00:00,45.49,45.52,45.46,45.46,3.268
2026-08-10 06:09:00+00:00,45.46,45.49,45.46,45.47,3.282
2026-08-10 06:10:00+00:00,45.47,45.48,45.43,45.45,5.683
2026-08-10 06:11:00+00:00,45.45,45.46,45.45,45.45,2.693
2026-08-10 06:12:00+00:00,45.45,45.45,45.44,45.44,4.374
2026-08-10 06:13:00+00:00,45.44,45.46,45.44,45.45,5.04
2026-08-10 06:14:00+00:00,45.45,45.45,45.44,45.44,5.428
2026-08-10 06:15:00+00:00,45.44,45.47,45.44,45.47,4.554
2026-08-10 06:16:00+00:00,45.47,45.48,45.44,45.44,5.273
2026-08-10 06:17:00+00:00,45.44,45.45,45.42,45.43,5.138
2026-08-10 06:18:00+00:00,45.43,45.45,45.42,45.44,6.578
2026-08-10 06:19:00+00:00,45.44,45.47,45.44,45.46,3.372
2026-08-10 06:20:00+00:00,45.46,45.47,45.45,45.45,4.145
2026-08-10 06:21:00+00:00,45.45,45.46,45.44,45.45,221.162
2026-08-10 06:22:00+00:00,45.45,45.46,45.43,45.44,6.703
2026-08-10 06:23:00+00:00,45.44,45.44,45.43,45.44,7.644
2026-08-10 06:24:00+00:00,45.44,45.44,45.43,45.44,5.147
2026-08-10 06:25:00+00:00,45.44,45.44,45.41,45.41,4.683
2026-08-10 06:26:00+00:00,45.41,45.44,45.41,45.43,3.86
2026-08-10 06:27:00+00:00,45.43,45.44,45.42,45.43,5.762
2026-08-10 06:28:00+00:00,45.43,45.43,45.42,45.43,4.155
2026-08-10 06:29:00+00:00,45.43,45.43,45.42,45.42,4.5
2026-08-10 06:30:00+00:00,45.42,45.45,45.42,45.45,186.688
2026-08-10 06:31:00+00:00,45.45,45.46,45.44,45.45,5.164
2026-08-10 06:32:00+00:00,45.45,45.47,45.45,45.46,5.952
2026-08-10 06:33:00+00:00,45.46,45.47,45.46,45.46,5.743
2026-08-10 06:34:00+00:00,45.46,45.46,45.44,45.46,7.235
2026-08-10 06:35:00+00:00,45.46,45.47,45.45,45.46,4.649
2026-08-10 06:36:00+00:00,45.46,45.48,45.46,45.48,6.789
2026-08-10 06:37:00+00:00,45.48,45.48,45.47,45.47,5.318
2026-08-10 06:38:00+00:00,45.47,45.48,45.47,45.47,9.437
2026-08-10 06:39:00+00:00,45.47,45.48,45.47,45.48,6.619
2026-08-10 06:40:00+00:00,45.48,45.48,45.45,45.46,6.175
2026-08-10 06:41:00+00:00,45.46,45.49,45.46,45.49,6.039
2026-08-10 06:42:00+00:00,45.49,45.5,45.48,45.49,221.292
2026-08-10 06:43:00+00:00,45.49,45.54,45.49,45.49,2973.169445621001544231
2026-08-10 06:44:00+00:00,45.49,45.54,45.49,45.53,378.047
2026-08-10 06:45:00+00:00,45.53,45.53,45.51,45.52,4.493
2026-08-10 06:46:00+00:00,45.52,45.54,45.51,45.53,7.172
2026-08-10 06:47:00+00:00,45.53,45.55,45.52,45.55,1500.287
2026-08-10 06:48:00+00:00,45.55,45.55,45.55,45.55,1.373
2026-08-10 06:49:00+00:00,45.55,45.55,45.52,45.54,1500.109
2026-08-10 06:50:00+00:00,45.54,45.55,45.53,45.54,5.483
2026-08-10 06:51:00+00:00,45.54,45.54,45.49,45.49,229.096
2026-08-10 06:52:00+00:00,45.49,45.52,45.49,45.52,189.163
2026-08-10 06:53:00+00:00,45.52,45.52,45.51,45.51,5.649
2026-08-10 06:54:00+00:00,45.51,45.53,45.51,45.51,2.849
2026-08-10 06:55:00+00:00,45.51,45.52,45.5,45.51,378.976
2026-08-10 06:56:00+00:00,45.51,45.52,45.49,45.49,3.483
2026-08-10 06:57:00+00:00,45.49,45.52,45.49,45.5,190.705
2026-08-10 06:58:00+00:00,45.5,45.53,45.5,45.51,4.800696110744891232
2026-08-10 06:59:00+00:00,45.51,45.55,45.51,45.55,5.633
2026-08-10 07:00:00+00:00,45.55,45.55,45.52,45.53,227.101
2026-08-10 07:01:00+00:00,45.53,45.53,45.51,45.52,4.95
2026-08-10 07:02:00+00:00,45.52,45.52,45.51,45.52,7.217
2026-08-10 07:03:00+00:00,45.52,45.52,45.5,45.51,4.863
2026-08-10 07:04:00+00:00,45.51,45.51,45.5,45.5,5.958
2026-08-10 07:05:00+00:00,45.5,45.51,45.49,45.49,5.318
2026-08-10 07:06:00+00:00,45.49,45.5,45.47,45.48,6.586
2026-08-10 07:07:00+00:00,45.48,45.5,45.48,45.49,5.217
2026-08-10 07:08:00+00:00,45.49,45.5,45.47,45.47,5.544
2026-08-10 07:09:00+00:00,45.47,45.49,45.47,45.48,4.672
2026-08-10 07:10:00+00:00,45.48,45.49,45.47,45.48,6.622
2026-08-10 07:11:00+00:00,45.48,45.48,45.47,45.47,6.487
2026-08-10 07:12:00+00:00,45.47,45.48,45.47,45.47,5.588
2026-08-10 07:13:00+00:00,45.47,45.48,45.47,45.48,6.754
2026-08-10 07:14:00+00:00,45.48,45.49,45.47,45.47,3.946
2026-08-10 07:15:00+00:00,45.47,45.48,45.44,45.44,5.655
2026-08-10 07:16:00+00:00,45.44,45.47,45.44,45.46,4.826
2026-08-10 07:17:00+00:00,45.46,45.48,45.46,45.48,3.887
2026-08-10 07:18:00+00:00,45.48,45.48,45.47,45.47,5.309
2026-08-10 07:19:00+00:00,45.47,45.51,45.47,45.49,6.892
2026-08-10 07:20:00+00:00,45.49,45.51,45.49,45.5,5.06
2026-08-10 07:21:00+00:00,45.5,45.52,45.5,45.52,1.918
2026-08-10 07:22:00+00:00,45.52,45.53,45.51,45.53,3.821
2026-08-10 07:23:00+00:00,45.53,45.53,45.51,45.52,6.105
2026-08-10 07:24:00+00:00,45.52,45.53,45.52,45.53,5.024
2026-08-10 07:25:00+00:00,45.53,45.53,45.52,45.52,5.617
2026-08-10 07:26:00+00:00,45.52,45.54,45.52,45.53,5.025
2026-08-10 07:27:00+00:00,45.53,45.54,45.52,45.52,6.35
2026-08-10 07:28:00+00:00,45.52,45.54,45.52,45.53,4.428
2026-08-10 07:29:00+00:00,45.53,45.54,45.53,45.53,4.237
2026-08-10 07:30:00+00:00,45.53,45.53,45.52,45.53,5.776
2026-08-10 07:31:00+00:00,45.53,45.54,45.52,45.54,4.934
2026-08-10 07:32:00+00:00,45.54,45.54,45.53,45.54,5.546
2026-08-10 07:33:00+00:00,45.54,45.55,45.53,45.55,6.079
2026-08-10 07:34:00+00:00,45.55,45.55,45.52,45.53,4.711
2026-08-10 07:35:00+00:00,45.53,45.55,45.52,45.52,5.02
2026-08-10 07:36:00+00:00,45.52,45.54,45.52,45.53,188.592203866432337434
2026-08-10 07:37:00+00:00,45.53,45.56,45.53,45.56,3.077
2026-08-10 07:38:00+00:00,45.56,45.56,45.55,45.55,3.994
2026-08-10 07:39:00+00:00,45.55,45.56,45.53,45.53,3.887
2026-08-10 07:40:00+00:00,45.53,45.54,45.53,45.53,2.41
2026-08-10 07:41:00+00:00,45.53,45.54,45.53,45.54,4.287
2026-08-10 07:42:00+00:00,45.54,45.54,45.53,45.53,3.139
2026-08-10 07:43:00+00:00,45.53,45.55,45.53,45.55,182.109
2026-08-10 07:44:00+00:00,45.55,45.55,45.54,45.54,3.09
2026-08-10 07:45:00+00:00,45.54,45.55,45.52,45.52,180.921
2026-08-10 07:46:00+00:00,45.52,45.54,45.52,45.54,4.847
2026-08-10 07:47:00+00:00,45.54,45.55,45.53,45.54,4.659
2026-08-10 07:48:00+00:00,45.54,45.55,45.52,45.53,3.986
2026-08-10 07:49:00+00:00,45.53,45.54,45.51,45.51,446.739
2026-08-10 07:50:00+00:00,45.51,45.54,45.51,45.54,189.794
2026-08-10 07:51:00+00:00,45.54,45.55,45.53,45.54,3.44
2026-08-10 07:52:00+00:00,45.54,45.55,45.54,45.54,5.498
2026-08-10 07:53:00+00:00,45.54,45.55,45.51,45.52,4.874
2026-08-10 07:54:00+00:00,45.52,45.53,45.51,45.53,7.096
2026-08-10 07:55:00+00:00,45.53,45.53,45.51,45.52,7.085
2026-08-10 07:56:00+00:00,45.52,45.53,45.51,45.53,7.296
2026-08-10 07:57:00+00:00,45.53,45.53,45.51,45.53,6.231
2026-08-10 07:58:00+00:00,45.53,45.55,45.51,45.54,193.213
2026-08-10 07:59:00+00:00,45.54,45.55,45.51,45.52,5.837
2026-08-10 08:00:00+00:00,45.52,45.55,45.51,45.55,5.899
2026-08-10 08:01:00+00:00,45.55,45.55,45.51,45.51,7.61
2026-08-10 08:02:00+00:00,45.51,45.53,45.51,45.52,2.003
2026-08-10 08:03:00+00:00,45.52,45.55,45.51,45.55,377.723
2026-08-10 08:04:00+00:00,45.55,45.55,45.52,45.54,652.376705314009661835
2026-08-10 08:05:00+00:00,45.54,45.54,45.54,45.54,0.224
2026-08-10 08:06:00+00:00,45.54,45.54,45.51,45.51,2.715
2026-08-10 08:07:00+00:00,45.51,45.53,45.48,45.5,2.429
2026-08-10 08:08:00+00:00,45.5,45.5,45.5,45.5,0
2026-08-10 08:09:00+00:00,45.5,45.52,45.49,45.49,6.624
2026-08-10 08:10:00+00:00,45.49,45.5,45.49,45.49,4.961
2026-08-10 08:11:00+00:00,45.49,45.52,45.49,45.51,8.053
2026-08-10 08:12:00+00:00,45.51,45.52,45.51,45.52,3.997
2026-08-10 08:13:00+00:00,45.52,45.52,45.51,45.51,7.31
2026-08-10 08:14:00+00:00,45.51,45.52,45.51,45.52,27.962604732690622261
2026-08-10 08:15:00+00:00,45.52,45.53,45.47,45.47,5.94
2026-08-10 08:16:00+00:00,45.47,45.49,45.47,45.49,5.518
2026-08-10 08:17:00+00:00,45.49,45.51,45.49,45.5,3.279
2026-08-10 08:18:00+00:00,45.5,45.52,45.5,45.51,6.315
2026-08-10 08:19:00+00:00,45.51,45.52,45.51,45.51,6.022
2026-08-10 08:20:00+00:00,45.51,45.52,45.51,45.51,4.578
2026-08-10 08:21:00+00:00,45.51,45.52,45.5,45.51,3.956
2026-08-10 08:22:00+00:00,45.51,45.54,45.49,45.5,412.003
2026-08-10 08:23:00+00:00,45.5,45.51,45.49,45.5,5.589
2026-08-10 08:24:00+00:00,45.5,45.51,45.5,45.51,3.73
2026-08-10 08:25:00+00:00,45.51,45.51,45.49,45.49,8.605
2026-08-10 08:26:00+00:00,45.49,45.52,45.49,45.51,192.939
2026-08-10 08:27:00+00:00,45.51,45.52,45.48,45.49,5.897
2026-08-10 08:28:00+00:00,45.49,45.49,45.47,45.47,6.196
2026-08-10 08:29:00+00:00,45.47,45.48,45.44,45.45,6.165
2026-08-10 08:30:00+00:00,45.45,45.48,45.42,45.48,1259.507
2026-08-10 08:31:00+00:00,45.48,45.48,45.47,45.47,5.677
2026-08-10 08:32:00+00:00,45.47,45.48,45.47,45.47,5.869
2026-08-10 08:33:00+00:00,45.47,45.48,45.47,45.48,6.461
2026-08-10 08:34:00+00:00,45.48,45.48,45.46,45.47,8.083
2026-08-10 08:35:00+00:00,45.47,45.47,45.46,45.46,7.501
2026-08-10 08:36:00+00:00,45.46,45.47,45.46,45.46,5.385
2026-08-10 08:37:00+00:00,45.46,45.47,45.46,45.47,5.56
2026-08-10 08:38:00+00:00,45.47,45.47,45.45,45.46,5.599
2026-08-10 08:39:00+00:00,45.46,45.47,45.46,45.47,6.178
2026-08-10 08:40:00+00:00,45.47,45.47,45.44,45.46,3.662
2026-08-10 08:41:00+00:00,45.46,45.46,45.4,45.41,17.831349931489220674
2026-08-10 08:42:00+00:00,45.41,45.42,45.38,45.39,6.146
2026-08-10 08:43:00+00:00,45.39,45.48,45.37,45.48,228.857
2026-08-10 08:44:00+00:00,45.48,45.49,45.42,45.44,5.87
2026-08-10 08:45:00+00:00,45.44,45.44,45.4,45.41,4.953
2026-08-10 08:46:00+00:00,45.41,45.46,45.41,45.43,3.972
2026-08-10 08:47:00+00:00,45.43,45.44,45.43,45.43,5.361
2026-08-10 08:48:00+00:00,45.43,45.43,45.42,45.42,4.104
2026-08-10 08:49:00+00:00,45.42,45.43,45.41,45.42,7.565
2026-08-10 08:50:00+00:00,45.42,45.43,45.41,45.41,5.695
2026-08-10 08:51:00+00:00,45.41,45.42,45.35,45.39,10828.36
2026-08-10 08:52:00+00:00,45.39,45.41,45.39,45.41,6.533
2026-08-10 08:53:00+00:00,45.41,45.41,45.38,45.38,5.22
2026-08-10 08:54:00+00:00,45.38,45.4,45.38,45.39,1.848
2026-08-10 08:55:00+00:00,45.39,45.41,45.38,45.4,4.818
2026-08-10 08:56:00+00:00,45.4,45.41,45.4,45.41,6.22
2026-08-10 08:57:00+00:00,45.41,45.42,45.4,45.41,6.195
2026-08-10 08:58:00+00:00,45.41,45.42,45.41,45.41,4.242
2026-08-10 08:59:00+00:00,45.41,45.43,45.41,45.43,3.735
2026-08-10 09:00:00+00:00,45.43,45.43,45.4,45.4,191.978
2026-08-10 09:01:00+00:00,45.4,45.41,45.4,45.4,7.076
2026-08-10 09:02:00+00:00,45.4,45.4,45.38,45.38,5.289
2026-08-10 09:03:00+00:00,45.38,45.39,45.36,45.38,2.73
2026-08-10 09:04:00+00:00,45.38,45.44,45.38,45.41,3.217
2026-08-10 09:05:00+00:00,45.41,45.41,45.4,45.4,5.276
2026-08-10 09:06:00+00:00,45.4,45.41,45.39,45.4,5.154
2026-08-10 09:07:00+00:00,45.4,45.41,45.4,45.4,6.006
2026-08-10 09:08:00+00:00,45.4,45.41,45.39,45.4,5.624
2026-08-10 09:09:00+00:00,45.4,45.41,45.4,45.4,6.278
2026-08-10 09:10:00+00:00,45.4,45.41,45.38,45.38,3.856
2026-08-10 09:11:00+00:00,45.38,45.4,45.38,45.4,4.644
2026-08-10 09:12:00+00:00,45.4,45.42,45.39,45.41,4.409
2026-08-10 09:13:00+00:00,45.41,45.43,45.41,45.42,5.137
2026-08-10 09:14:00+00:00,45.42,45.43,45.42,45.42,7.26
2026-08-10 09:15:00+00:00,45.42,45.43,45.42,45.43,3.111
2026-08-10 09:16:00+00:00,45.43,45.43,45.42,45.42,5.721
2026-08-10 09:17:00+00:00,45.42,45.43,45.42,45.42,4.011
2026-08-10 09:18:00+00:00,45.42,45.43,45.39,45.42,5.533
2026-08-10 09:19:00+00:00,45.42,45.43,45.42,45.43,6.48
2026-08-10 09:20:00+00:00,45.43,45.43,45.4,45.4,6.673
2026-08-10 09:21:00+00:00,45.4,45.41,45.39,45.4,5.373
2026-08-10 09:22:00+00:00,45.4,45.45,45.4,45.45,1475.84
2026-08-10 09:23:00+00:00,45.45,45.45,45.42,45.44,5.04
2026-08-10 09:24:00+00:00,45.44,45.44,45.42,45.43,5.739
2026-08-10 09:25:00+00:00,45.43,45.43,45.41,45.43,3.697
2026-08-10 09:26:00+00:00,45.43,45.43,45.42,45.42,4.772
2026-08-10 09:27:00+00:00,45.42,45.44,45.41,45.42,2.917
2026-08-10 09:28:00+00:00,45.42,45.43,45.42,45.42,6.883
2026-08-10 09:29:00+00:00,45.42,45.43,45.42,45.42,6.198
2026-08-10 09:30:00+00:00,45.42,45.42,45.39,45.4,2.101
2026-08-10 09:31:00+00:00,45.4,45.41,45.38,45.4,5.822
2026-08-10 09:32:00+00:00,45.4,45.4,45.38,45.39,7.659
2026-08-10 09:33:00+00:00,45.39,45.41,45.36,45.4,7.498
2026-08-10 09:34:00+00:00,45.4,45.41,45.4,45.4,6.129
2026-08-10 09:35:00+00:00,45.4,45.41,45.39,45.4,5.49
2026-08-10 09:36:00+00:00,45.4,45.4,45.39,45.4,5.659
2026-08-10 09:37:00+00:00,45.4,45.44,45.39,45.43,3.957
2026-08-10 09:38:00+00:00,45.43,45.45,45.43,45.44,6.257
2026-08-10 09:39:00+00:00,45.44,45.44,45.43,45.43,6.257
2026-08-10 09:40:00+00:00,45.43,45.44,45.43,45.43,5.713
2026-08-10 09:41:00+00:00,45.43,45.45,45.43,45.43,5
2026-08-10 09:42:00+00:00,45.43,45.44,45.43,45.43,1.975
2026-08-10 09:43:00+00:00,45.43,45.44,45.43,45.44,5.075
2026-08-10 09:44:00+00:00,45.44,45.48,45.43,45.48,1725.898
2026-08-10 09:45:00+00:00,45.48,45.49,45.46,45.46,7.712
2026-08-10 09:46:00+00:00,45.46,45.47,45.43,45.43,4.622
2026-08-10 09:47:00+00:00,45.43,45.44,45.43,45.43,2.34
2026-08-10 09:48:00+00:00,45.43,45.46,45.43,45.46,188.162
2026-08-10 09:49:00+00:00,45.46,45.46,45.43,45.44,189.055
2026-08-10 09:50:00+00:00,45.44,45.48,45.44,45.47,184.349
2026-08-10 09:51:00+00:00,45.47,45.47,45.45,45.45,10.596191726854891661
2026-08-10 09:52:00+00:00,45.45,45.46,45.39,45.4,1500.883
2026-08-10 09:53:00+00:00,45.4,45.43,45.4,45.42,3.916
2026-08-10 09:54:00+00:00,45.42,45.42,45.41,45.41,4.863
2026-08-10 09:55:00+00:00,45.41,45.45,45.41,45.44,2.565
2026-08-10 09:56:00+00:00,45.44,45.45,45.44,45.44,3.43
2026-08-10 09:57:00+00:00,45.44,45.45,45.44,45.44,3.841
2026-08-10 09:58:00+00:00,45.44,45.45,45.42,45.42,185.278
2026-08-10 09:59:00+00:00,45.42,45.43,45.4,45.42,6.331
2026-08-10 10:00:00+00:00,45.42,45.42,45.41,45.41,7.322
2026-08-10 10:01:00+00:00,45.41,45.42,45.41,45.41,7.525
2026-08-10 10:02:00+00:00,45.41,45.44,45.41,45.43,5.164
2026-08-10 10:03:00+00:00,45.43,45.44,45.41,45.42,3.175
2026-08-10 10:04:00+00:00,45.42,45.45,45.41,45.45,1.334
2026-08-10 10:05:00+00:00,45.45,45.45,45.43,45.43,1.421
2026-08-10 10:06:00+00:00,45.43,45.44,45.43,45.43,4.289
2026-08-10 10:07:00+00:00,45.43,45.44,45.42,45.42,4.065
2026-08-10 10:08:00+00:00,45.42,45.43,45.41,45.42,4.965
2026-08-10 10:09:00+00:00,45.42,45.45,45.42,45.45,4.711
2026-08-10 10:10:00+00:00,45.45,45.45,45.4,45.41,4.402
2026-08-10 10:11:00+00:00,45.41,45.42,45.41,45.42,5.518
2026-08-10 10:12:00+00:00,45.42,45.42,45.41,45.42,3.758
2026-08-10 10:13:00+00:00,45.42,45.43,45.41,45.42,4.67
2026-08-10 10:14:00+00:00,45.42,45.43,45.42,45.42,5.176
2026-08-10 10:15:00+00:00,45.42,45.45,45.41,45.44,3.656
2026-08-10 10:16:00+00:00,45.44,45.45,45.44,45.44,4.758
2026-08-10 10:17:00+00:00,45.44,45.45,45.44,45.44,5.393
2026-08-10 10:18:00+00:00,45.44,45.46,45.41,45.44,4.272
2026-08-10 10:19:00+00:00,45.44,45.46,45.43,45.43,6.425
2026-08-10 10:20:00+00:00,45.43,45.46,45.43,45.44,7.563
2026-08-10 10:21:00+00:00,45.44,45.47,45.44,45.46,225.359
2026-08-10 10:22:00+00:00,45.46,45.48,45.46,45.48,3.344
2026-08-10 10:23:00+00:00,45.48,45.49,45.47,45.48,3.512
2026-08-10 10:24:00+00:00,45.48,45.52,45.48,45.52,4.574
2026-08-10 10:25:00+00:00,45.52,45.52,45.51,45.52,3.115
2026-08-10 10:26:00+00:00,45.52,45.53,45.5,45.5,5.695
2026-08-10 10:27:00+00:00,45.5,45.53,45.48,45.51,1110.760708125067846965
2026-08-10 10:28:00+00:00,45.51,45.53,45.44,45.49,954.490868414351338234
2026-08-10 10:29:00+00:00,45.49,45.49,45.47,45.48,5.006649600345647007
2026-08-10 10:30:00+00:00,45.48,45.49,45.47,45.47,2.297
2026-08-10 10:31:00+00:00,45.47,45.5,45.47,45.49,6.88
2026-08-10 10:32:00+00:00,45.49,45.51,45.49,45.51,4.391
2026-08-10 10:33:00+00:00,45.51,45.51,45.48,45.49,4.081
2026-08-10 10:34:00+00:00,45.49,45.5,45.49,45.49,5.386
2026-08-10 10:35:00+00:00,45.49,45.5,45.48,45.48,4.12
2026-08-10 10:36:00+00:00,45.48,45.5,45.48,45.49,4.183
2026-08-10 10:37:00+00:00,45.49,45.5,45.49,45.5,3.298
2026-08-10 10:38:00+00:00,45.5,45.5,45.48,45.49,4.864
2026-08-10 10:39:00+00:00,45.49,45.49,45.47,45.47,219.371
2026-08-10 10:40:00+00:00,45.47,45.48,45.47,45.48,5.094
2026-08-10 10:41:00+00:00,45.48,45.48,45.46,45.48,2.77
2026-08-10 10:42:00+00:00,45.48,45.48,45.46,45.47,3.847
2026-08-10 10:43:00+00:00,45.47,45.49,45.45,45.48,3.247
2026-08-10 10:44:00+00:00,45.48,45.5,45.48,45.48,442.745
2026-08-10 10:45:00+00:00,45.48,45.49,45.47,45.47,4.056
2026-08-10 10:46:00+00:00,45.47,45.49,45.47,45.48,4.192
2026-08-10 10:47:00+00:00,45.48,45.49,45.48,45.48,3.149
2026-08-10 10:48:00+00:00,45.48,45.49,45.47,45.48,4.395
2026-08-10 10:49:00+00:00,45.48,45.48,45.47,45.48,2.732
2026-08-10 10:50:00+00:00,45.48,45.48,45.48,45.48,1.589
2026-08-10 10:51:00+00:00,45.48,45.48,45.47,45.47,1.394
2026-08-10 10:52:00+00:00,45.47,45.5,45.45,45.46,835.601705314009661835
2026-08-10 10:53:00+00:00,45.46,45.47,45.43,45.43,448.559
2026-08-10 10:54:00+00:00,45.43,45.44,45.43,45.44,2.972
2026-08-10 10:55:00+00:00,45.44,45.44,45.41,45.41,1499.84
2026-08-10 10:56:00+00:00,45.41,45.43,45.39,45.39,5.876
2026-08-10 10:57:00+00:00,45.39,45.39,45.38,45.38,6.911
2026-08-10 10:58:00+00:00,45.38,45.39,45.35,45.39,4.234
2026-08-10 10:59:00+00:00,45.39,45.39,45.35,45.35,3.232
2026-08-10 11:00:00+00:00,45.35,45.38,45.31,45.31,858.949
2026-08-10 11:01:00+00:00,45.31,45.33,45.29,45.33,6.281
2026-08-10 11:02:00+00:00,45.33,45.34,45.31,45.34,3.87
2026-08-10 11:03:00+00:00,45.34,45.34,45.32,45.32,6.534
2026-08-10 11:04:00+00:00,45.32,45.33,45.3,45.3,6.627
2026-08-10 11:05:00+00:00,45.3,45.31,45.29,45.3,4.676
2026-08-10 11:06:00+00:00,45.3,45.33,45.29,45.32,5.336
2026-08-10 11:07:00+00:00,45.32,45.34,45.32,45.33,5.055
2026-08-10 11:08:00+00:00,45.33,45.34,45.33,45.33,6.1
2026-08-10 11:09:00+00:00,45.33,45.35,45.33,45.35,5.872
2026-08-10 11:10:00+00:00,45.35,45.36,45.35,45.35,3.676
2026-08-10 11:11:00+00:00,45.35,45.36,45.34,45.34,5.082
2026-08-10 11:12:00+00:00,45.34,45.34,45.32,45.32,7.237
2026-08-10 11:13:00+00:00,45.32,45.35,45.32,45.34,4.25
2026-08-10 11:14:00+00:00,45.34,45.35,45.3,45.31,229.268
2026-08-10 11:15:00+00:00,45.31,45.32,45.31,45.31,4.544
2026-08-10 11:16:00+00:00,45.31,45.37,45.31,45.35,2.901
2026-08-10 11:17:00+00:00,45.35,45.36,45.34,45.35,6.597
2026-08-10 11:18:00+00:00,45.35,45.36,45.35,45.35,7.629
2026-08-10 11:19:00+00:00,45.35,45.37,45.35,45.36,7.303
2026-08-10 11:20:00+00:00,45.36,45.37,45.36,45.37,3.426
2026-08-10 11:21:00+00:00,45.37,45.37,45.36,45.36,3.4
2026-08-10 11:22:00+00:00,45.36,45.37,45.36,45.37,3.2
2026-08-10 11:23:00+00:00,45.37,45.37,45.36,45.37,3.731
2026-08-10 11:24:00+00:00,45.37,45.37,45.36,45.36,2.928
2026-08-10 11:25:00+00:00,45.36,45.37,45.36,45.36,3.413
2026-08-10 11:26:00+00:00,45.36,45.37,45.36,45.36,2.838
2026-08-10 11:27:00+00:00,45.36,45.37,45.36,45.36,3.51
2026-08-10 11:28:00+00:00,45.36,45.37,45.36,45.36,3.78
2026-08-10 11:29:00+00:00,45.36,45.37,45.36,45.36,3.066
2026-08-10 11:30:00+00:00,45.36,45.37,45.36,45.36,3.516
2026-08-10 11:31:00+00:00,45.36,45.39,45.36,45.37,169.995
2026-08-10 11:32:00+00:00,45.37,45.38,45.37,45.37,3.554
2026-08-10 11:33:00+00:00,45.37,45.38,45.36,45.37,4.886
2026-08-10 11:34:00+00:00,45.37,45.37,45.36,45.37,3.202
2026-08-10 11:35:00+00:00,45.37,45.37,45.36,45.37,3.857
2026-08-10 11:36:00+00:00,45.37,45.37,45.36,45.36,3.174
2026-08-10 11:37:00+00:00,45.36,45.37,45.36,45.37,3.39
2026-08-10 11:38:00+00:00,45.37,45.37,45.36,45.37,3.732
2026-08-10 11:39:00+00:00,45.37,45.37,45.36,45.36,3.38
2026-08-10 11:40:00+00:00,45.36,45.39,45.36,45.38,367.589
2026-08-10 11:41:00+00:00,45.38,45.38,45.37,45.38,4.231
2026-08-10 11:42:00+00:00,45.38,45.38,45.34,45.34,229.326
2026-08-10 11:43:00+00:00,45.34,45.35,45.32,45.33,229.669
2026-08-10 11:44:00+00:00,45.33,45.34,45.33,45.33,3.532
2026-08-10 11:45:00+00:00,45.33,45.36,45.33,45.35,7.277
2026-08-10 11:46:00+00:00,45.35,45.36,45.33,45.33,6.273
2026-08-10 11:47:00+00:00,45.33,45.33,45.32,45.33,6.407
2026-08-10 11:48:00+00:00,45.33,45.33,45.3,45.31,229.625
2026-08-10 11:49:00+00:00,45.31,45.33,45.31,45.31,2.037
2026-08-10 11:50:00+00:00,45.31,45.32,45.31,45.31,2.871
2026-08-10 11:51:00+00:00,45.31,45.33,45.31,45.33,2.899
2026-08-10 11:52:00+00:00,45.33,45.33,45.31,45.33,4.542
2026-08-10 11:53:00+00:00,45.33,45.33,45.31,45.33,6.087
2026-08-10 11:54:00+00:00,45.33,45.34,45.31,45.33,4.622
2026-08-10 11:55:00+00:00,45.33,45.35,45.33,45.35,0.789
2026-08-10 11:56:00+00:00,45.35,45.37,45.34,45.35,5.213
2026-08-10 11:57:00+00:00,45.35,45.35,45.34,45.34,6.786
2026-08-10 11:58:00+00:00,45.34,45.37,45.33,45.34,6.802
2026-08-10 11:59:00+00:00,45.34,45.37,45.34,45.36,2.354
2026-08-10 12:00:00+00:00,45.36,45.39,45.36,45.38,2.839
2026-08-10 12:01:00+00:00,45.38,45.4,45.38,45.38,5.457
2026-08-10 12:02:00+00:00,45.38,45.42,45.36,45.42,7.781
2026-08-10 12:03:00+00:00,45.42,45.42,45.36,45.37,379.773
2026-08-10 12:04:00+00:00,45.37,45.38,45.35,45.35,4.155
2026-08-10 12:05:00+00:00,45.35,45.36,45.33,45.33,7.589
2026-08-10 12:06:00+00:00,45.33,45.35,45.33,45.35,4.752
2026-08-10 12:07:00+00:00,45.35,45.38,45.34,45.37,5.725
2026-08-10 12:08:00+00:00,45.37,45.38,45.36,45.37,4.297
2026-08-10 12:09:00+00:00,45.37,45.38,45.37,45.38,4.601
2026-08-10 12:10:00+00:00,45.38,45.39,45.37,45.38,5.103
2026-08-10 12:11:00+00:00,45.38,45.39,45.38,45.38,5.638
2026-08-10 12:12:00+00:00,45.38,45.39,45.36,45.36,187.628
2026-08-10 12:13:00+00:00,45.36,45.37,45.34,45.35,4.931
2026-08-10 12:14:00+00:00,45.35,45.36,45.35,45.36,8.004
2026-08-10 12:15:00+00:00,45.36,45.43,45.34,45.38,3420.962
2026-08-10 12:16:00+00:00,45.38,45.39,45.38,45.39,5.814
2026-08-10 12:17:00+00:00,45.39,45.39,45.38,45.38,7.573
2026-08-10 12:18:00+00:00,45.38,45.4,45.38,45.39,3.629
2026-08-10 12:19:00+00:00,45.39,45.4,45.39,45.39,2.602
2026-08-10 12:20:00+00:00,45.39,45.44,45.39,45.44,6.67
2026-08-10 12:21:00+00:00,45.44,45.44,45.43,45.43,1.968
2026-08-10 12:22:00+00:00,45.43,45.44,45.43,45.43,2.664
2026-08-10 12:23:00+00:00,45.43,45.44,45.43,45.43,2.547
2026-08-10 12:24:00+00:00,45.43,45.45,45.42,45.44,6.209
2026-08-10 12:25:00+00:00,45.44,45.45,45.42,45.43,20.684753521126760563
2026-08-10 12:26:00+00:00,45.43,45.46,45.43,45.43,5.704
2026-08-10 12:27:00+00:00,45.43,45.45,45.43,45.44,4.644
2026-08-10 12:28:00+00:00,45.44,45.44,45.41,45.41,6.121
2026-08-10 12:29:00+00:00,45.41,45.43,45.41,45.42,3.804
2026-08-10 12:30:00+00:00,45.42,45.43,45.4,45.4,5.354
2026-08-10 12:31:00+00:00,45.4,45.42,45.4,45.41,5.59
2026-08-10 12:32:00+00:00,45.41,45.42,45.4,45.41,4.139
2026-08-10 12:33:00+00:00,45.41,45.41,45.38,45.4,6.167
2026-08-10 12:34:00+00:00,45.4,45.41,45.39,45.39,4.561
2026-08-10 12:35:00+00:00,45.39,45.4,45.38,45.38,5.425
2026-08-10 12:36:00+00:00,45.38,45.41,45.38,45.41,5.485
2026-08-10 12:37:00+00:00,45.41,45.41,45.38,45.4,5.352
2026-08-10 12:38:00+00:00,45.4,45.43,45.4,45.42,4.948
2026-08-10 12:39:00+00:00,45.42,45.42,45.4,45.42,4.113
2026-08-10 12:40:00+00:00,45.42,45.42,45.38,45.38,4.949
2026-08-10 12:41:00+00:00,45.38,45.39,45.36,45.37,5.728
2026-08-10 12:42:00+00:00,45.37,45.42,45.37,45.41,228.7
2026-08-10 12:43:00+00:00,45.41,45.45,45.41,45.44,6.436
2026-08-10 12:44:00+00:00,45.44,45.49,45.44,45.49,30.771224274406332453
2026-08-10 12:45:00+00:00,45.49,45.49,45.44,45.44,3.845
2026-08-10 12:46:00+00:00,45.44,45.45,45.42,45.44,5.041
2026-08-10 12:47:00+00:00,45.44,45.46,45.43,45.43,6.467
2026-08-10 12:48:00+00:00,45.43,45.44,45.41,45.42,4.669
2026-08-10 12:49:00+00:00,45.42,45.43,45.42,45.42,5.583
2026-08-10 12:50:00+00:00,45.42,45.43,45.39,45.4,3.977
2026-08-10 12:51:00+00:00,45.4,45.4,45.36,45.37,228.323
2026-08-10 12:52:00+00:00,45.37,45.41,45.37,45.41,2.663
2026-08-10 12:53:00+00:00,45.41,45.41,45.39,45.41,4.402
2026-08-10 12:54:00+00:00,45.41,45.43,45.4,45.43,4.928
2026-08-10 12:55:00+00:00,45.43,45.43,45.4,45.41,5.119
2026-08-10 12:56:00+00:00,45.41,45.41,45.39,45.39,2.138
2026-08-10 12:57:00+00:00,45.39,45.41,45.39,45.4,4.134
2026-08-10 12:58:00+00:00,45.4,45.41,45.39,45.39,5.569
2026-08-10 12:59:00+00:00,45.39,45.4,45.36,45.37,380.845
2026-08-10 13:00:00+00:00,45.37,45.4,45.36,45.39,192.392
2026-08-10 13:01:00+00:00,45.39,45.4,45.39,45.39,5.086
2026-08-10 13:02:00+00:00,45.39,45.42,45.39,45.41,225.519
2026-08-10 13:03:00+00:00,45.41,45.42,45.4,45.4,5.261
2026-08-10 13:04:00+00:00,45.4,45.42,45.4,45.42,5.934
2026-08-10 13:05:00+00:00,45.42,45.42,45.41,45.41,3.827
2026-08-10 13:06:00+00:00,45.41,45.44,45.41,45.44,182.422
2026-08-10 13:07:00+00:00,45.44,45.44,45.43,45.43,3.555
2026-08-10 13:08:00+00:00,45.43,45.44,45.43,45.43,3.502
2026-08-10 13:09:00+00:00,45.43,45.44,45.43,45.43,6.101
2026-08-10 13:10:00+00:00,45.43,45.44,45.42,45.42,4.031
2026-08-10 13:11:00+00:00,45.42,45.46,45.42,45.45,227.902
2026-08-10 13:12:00+00:00,45.45,45.46,45.43,45.43,10.004
2026-08-10 13:13:00+00:00,45.43,45.45,45.43,45.44,3.754
2026-08-10 13:14:00+00:00,45.44,45.45,45.42,45.44,2.498
2026-08-10 13:15:00+00:00,45.44,45.44,45.41,45.43,2.553
2026-08-10 13:16:00+00:00,45.43,45.45,45.43,45.45,5.434
2026-08-10 13:17:00+00:00,45.45,45.45,45.44,45.45,5.784
2026-08-10 13:18:00+00:00,45.45,45.48,45.44,45.47,2.744
2026-08-10 13:19:00+00:00,45.47,45.47,45.46,45.47,5.025
2026-08-10 13:20:00+00:00,45.47,45.47,45.44,45.44,1.726
2026-08-10 13:21:00+00:00,45.44,45.46,45.44,45.46,2.746
2026-08-10 13:22:00+00:00,45.46,45.47,45.44,45.47,6.21
2026-08-10 13:23:00+00:00,45.47,45.49,45.46,45.48,377.562
2026-08-10 13:24:00+00:00,45.48,45.49,45.48,45.48,6.071
2026-08-10 13:25:00+00:00,45.48,45.51,45.46,45.46,6.211
2026-08-10 13:26:00+00:00,45.46,45.49,45.46,45.47,6.36
2026-08-10 13:27:00+00:00,45.47,45.48,45.47,45.47,4.933
2026-08-10 13:28:00+00:00,45.47,45.5,45.47,45.48,225.845
2026-08-10 13:29:00+00:00,45.48,45.51,45.48,45.49,4.046
2026-08-10 13:30:00+00:00,45.49,45.49,45.47,45.48,225.692
2026-08-10 13:31:00+00:00,45.48,45.49,45.45,45.48,4.839
2026-08-10 13:32:00+00:00,45.48,45.51,45.47,45.49,189.981
2026-08-10 13:33:00+00:00,45.49,45.5,45.48,45.48,4.067
2026-08-10 13:34:00+00:00,45.48,45.48,45.39,45.4,5524.962
2026-08-10 13:35:00+00:00,45.4,45.4,45.36,45.4,26.607
2026-08-10 13:36:00+00:00,45.4,45.47,45.4,45.46,191.342
2026-08-10 13:37:00+00:00,45.46,45.47,45.43,45.43,2.435
2026-08-10 13:38:00+00:00,45.43,45.44,45.41,45.42,5.118
2026-08-10 13:39:00+00:00,45.42,45.42,45.37,45.39,4.193
2026-08-10 13:40:00+00:00,45.39,45.4,45.35,45.35,5.107
2026-08-10 13:41:00+00:00,45.35,45.37,45.34,45.35,6.842
2026-08-10 13:42:00+00:00,45.35,45.39,45.35,45.38,5.103
2026-08-10 13:43:00+00:00,45.38,45.42,45.32,45.34,1718.484187913542126157
2026-08-10 13:44:00+00:00,45.34,45.34,45.33,45.34,4.893
2026-08-10 13:45:00+00:00,45.34,45.35,45.32,45.32,7.443
2026-08-10 13:46:00+00:00,45.32,45.32,45.3,45.3,6.037
2026-08-10 13:47:00+00:00,45.3,45.31,45.28,45.28,7.002
2026-08-10 13:48:00+00:00,45.28,45.3,45.27,45.28,4.671
2026-08-10 13:49:00+00:00,45.28,45.29,45.24,45.27,896.507
2026-08-10 13:50:00+00:00,45.27,45.33,45.26,45.33,3012.760649006622516556
2026-08-10 13:51:00+00:00,45.33,45.35,45.32,45.34,4.729
2026-08-10 13:52:00+00:00,45.34,45.34,45.27,45.29,7.073
2026-08-10 13:53:00+00:00,45.29,45.3,45.27,45.29,8.669
2026-08-10 13:54:00+00:00,45.29,45.33,45.28,45.3,3.155
2026-08-10 13:55:00+00:00,45.3,45.31,45.24,45.25,1485.452
2026-08-10 13:56:00+00:00,45.25,45.27,45.23,45.24,3.704
2026-08-10 13:57:00+00:00,45.24,45.31,45.24,45.3,6.263
2026-08-10 13:58:00+00:00,45.3,45.35,45.29,45.34,3.598
2026-08-10 13:59:00+00:00,45.34,45.36,45.33,45.34,191.753
2026-08-10 14:00:00+00:00,45.34,45.4,45.33,45.37,416.35
2026-08-10 14:01:00+00:00,45.37,45.41,45.36,45.37,46.087402527749277119
2026-08-10 14:02:00+00:00,45.37,45.38,45.35,45.35,6.523
2026-08-10 14:03:00+00:00,45.35,45.39,45.35,45.38,7.994
2026-08-10 14:04:00+00:00,45.38,45.38,45.36,45.38,4.481
2026-08-10 14:05:00+00:00,45.38,45.39,45.37,45.37,2.755
2026-08-10 14:06:00+00:00,45.37,45.4,45.36,45.38,6.634
2026-08-10 14:07:00+00:00,45.38,45.4,45.38,45.39,2.825
2026-08-10 14:08:00+00:00,45.39,45.39,45.36,45.36,7.047
2026-08-10 14:09:00+00:00,45.36,45.38,45.34,45.35,332.773456962615136489
2026-08-10 14:10:00+00:00,45.35,45.36,45.32,45.33,5.922
2026-08-10 14:11:00+00:00,45.33,45.37,45.32,45.35,5.186
2026-08-10 14:12:00+00:00,45.35,45.37,45.34,45.35,5.219
2026-08-10 14:13:00+00:00,45.35,45.38,45.35,45.37,3.907
2026-08-10 14:14:00+00:00,45.37,45.41,45.37,45.4,25.153187913542126157
2026-08-10 14:15:00+00:00,45.4,45.44,45.39,45.41,5.636
2026-08-10 14:16:00+00:00,45.41,45.41,45.4,45.4,5.492
2026-08-10 14:17:00+00:00,45.4,45.41,45.38,45.38,5.191
2026-08-10 14:18:00+00:00,45.38,45.4,45.38,45.39,7.122
2026-08-10 14:19:00+00:00,45.39,45.41,45.39,45.39,4.598
2026-08-10 14:20:00+00:00,45.39,45.4,45.37,45.39,4.491
2026-08-10 14:21:00+00:00,45.39,45.39,45.35,45.37,3.979
2026-08-10 14:22:00+00:00,45.37,45.38,45.35,45.37,5.008
2026-08-10 14:23:00+00:00,45.37,45.38,45.35,45.36,3.704
2026-08-10 14:24:00+00:00,45.36,45.37,45.36,45.36,5.153
2026-08-10 14:25:00+00:00,45.36,45.4,45.35,45.4,192.998
2026-08-10 14:26:00+00:00,45.4,45.4,45.38,45.39,5.711
2026-08-10 14:27:00+00:00,45.39,45.48,45.39,45.46,3345.761
2026-08-10 14:28:00+00:00,45.46,45.49,45.43,45.47,6.006
2026-08-10 14:29:00+00:00,45.47,45.49,45.45,45.47,6.544
2026-08-10 14:30:00+00:00,45.47,45.48,45.45,45.46,6.649
2026-08-10 14:31:00+00:00,45.46,45.48,45.46,45.47,4.021
2026-08-10 14:32:00+00:00,45.47,45.48,45.47,45.47,5.809
2026-08-10 14:33:00+00:00,45.47,45.47,45.46,45.46,3.05
2026-08-10 14:34:00+00:00,45.46,45.49,45.46,45.48,190.82
2026-08-10 14:35:00+00:00,45.48,45.52,45.48,45.51,1503.711
2026-08-10 14:36:00+00:00,45.51,45.52,45.5,45.51,6.341
2026-08-10 14:37:00+00:00,45.51,45.52,45.49,45.5,5.308
2026-08-10 14:38:00+00:00,45.5,45.5,45.45,45.46,5.358
2026-08-10 14:39:00+00:00,45.46,45.47,45.45,45.45,3.435
2026-08-10 14:40:00+00:00,45.45,45.47,45.45,45.47,5.773
2026-08-10 14:41:00+00:00,45.47,45.51,45.46,45.49,227.202
2026-08-10 14:42:00+00:00,45.49,45.53,45.48,45.52,1.881
2026-08-10 14:43:00+00:00,45.52,45.53,45.5,45.51,5.172
2026-08-10 14:44:00+00:00,45.51,45.52,45.49,45.5,3.869
2026-08-10 14:45:00+00:00,45.5,45.54,45.49,45.51,5.514
2026-08-10 14:46:00+00:00,45.51,45.51,45.48,45.49,2.825
2026-08-10 14:47:00+00:00,45.49,45.49,45.46,45.48,7.808
2026-08-10 14:48:00+00:00,45.48,45.5,45.47,45.48,3.349
2026-08-10 14:49:00+00:00,45.48,45.49,45.48,45.48,5.654
2026-08-10 14:50:00+00:00,45.48,45.49,45.48,45.48,4.799
2026-08-10 14:51:00+00:00,45.48,45.49,45.47,45.47,5.257
2026-08-10 14:52:00+00:00,45.47,45.48,45.44,45.46,190.22
2026-08-10 14:53:00+00:00,45.46,45.47,45.44,45.44,6.783
2026-08-10 14:54:00+00:00,45.44,45.45,45.43,45.44,6.655
2026-08-10 14:55:00+00:00,45.44,45.45,45.44,45.45,6.124
2026-08-10 14:56:00+00:00,45.45,45.45,45.43,45.43,5.759
2026-08-10 14:57:00+00:00,45.43,45.44,45.42,45.42,5.963
2026-08-10 14:58:00+00:00,45.42,45.43,45.38,45.39,6.671
2026-08-10 14:59:00+00:00,45.39,45.4,45.39,45.4,5.285
2026-08-10 15:00:00+00:00,45.4,45.41,45.34,45.38,1926.272
2026-08-10 15:01:00+00:00,45.38,45.4,45.34,45.39,7.14
2026-08-10 15:02:00+00:00,45.39,45.42,45.39,45.4,7.464
2026-08-10 15:03:00+00:00,45.4,45.41,45.39,45.39,4.095
2026-08-10 15:04:00+00:00,45.39,45.41,45.38,45.38,4.423
2026-08-10 15:05:00+00:00,45.38,45.4,45.38,45.4,3.589
2026-08-10 15:06:00+00:00,45.4,45.4,45.36,45.36,3.045
2026-08-10 15:07:00+00:00,45.36,45.38,45.36,45.37,6.323
2026-08-10 15:08:00+00:00,45.37,45.38,45.35,45.35,60.545
2026-08-10 15:09:00+00:00,45.35,45.35,45.32,45.34,11.829320317670416942
2026-08-10 15:10:00+00:00,45.34,45.36,45.33,45.34,4.715
2026-08-10 15:11:00+00:00,45.34,45.36,45.34,45.34,1.882
2026-08-10 15:12:00+00:00,45.34,45.35,45.21,45.21,16204.224320317670416942
2026-08-10 15:13:00+00:00,45.21,45.21,45.09,45.16,8006.825903956735915511
2026-08-10 15:14:00+00:00,45.16,45.17,45.14,45.14,379.85
2026-08-10 15:15:00+00:00,45.14,45.2,45.14,45.2,4.02
2026-08-10 15:16:00+00:00,45.2,45.21,45.18,45.18,5.815
2026-08-10 15:17:00+00:00,45.18,45.19,45.16,45.16,6.102
2026-08-10 15:18:00+00:00,45.16,45.19,45.11,45.15,7.088
2026-08-10 15:19:00+00:00,45.15,45.15,45.12,45.13,193.76
2026-08-10 15:20:00+00:00,45.13,45.15,45.13,45.15,5.314
2026-08-10 15:21:00+00:00,45.15,45.16,45.13,45.14,4.765
2026-08-10 15:22:00+00:00,45.14,45.14,45.09,45.1,4496.829455159001117675
2026-08-10 15:23:00+00:00,45.1,45.16,45.09,45.13,227.436700901693424235
2026-08-10 15:24:00+00:00,45.13,45.13,45.07,45.09,8.678
2026-08-10 15:25:00+00:00,45.09,45.1,45.04,45.04,454.809
2026-08-10 15:26:00+00:00,45.04,45.09,45.04,45.09,5.022
2026-08-10 15:27:00+00:00,45.09,45.11,45.07,45.11,7.245
2026-08-10 15:28:00+00:00,45.11,45.17,45.11,45.16,280.124
2026-08-10 15:29:00+00:00,45.16,45.17,45.15,45.17,4.62
2026-08-10 15:30:00+00:00,45.17,45.18,45.16,45.18,4.13
2026-08-10 15:31:00+00:00,45.18,45.19,45.16,45.18,2.996
2026-08-10 15:32:00+00:00,45.18,45.23,45.18,45.2,4.904
2026-08-10 15:33:00+00:00,45.2,45.21,45.2,45.2,6.041
2026-08-10 15:34:00+00:00,45.2,45.21,45.18,45.19,4.241151582208453197
2026-08-10 15:35:00+00:00,45.19,45.19,45.15,45.18,4.663
2026-08-10 15:36:00+00:00,45.18,45.19,45.17,45.18,3.922
2026-08-10 15:37:00+00:00,45.18,45.18,45.13,45.14,6.309
2026-08-10 15:38:00+00:00,45.14,45.15,45.13,45.14,5.171
2026-08-10 15:39:00+00:00,45.14,45.16,45.13,45.13,6.287
2026-08-10 15:40:00+00:00,45.13,45.17,45.13,45.16,195.759820961666297363
2026-08-10 15:41:00+00:00,45.16,45.19,45.15,45.18,5.446
2026-08-10 15:42:00+00:00,45.18,45.19,45.15,45.16,4.396
2026-08-10 15:43:00+00:00,45.16,45.17,45.15,45.17,4.318
2026-08-10 15:44:00+00:00,45.17,45.22,45.16,45.18,6.292
2026-08-10 15:45:00+00:00,45.18,45.19,45.14,45.15,451.933
2026-08-10 15:46:00+00:00,45.15,45.16,45.15,45.15,6.366
2026-08-10 15:47:00+00:00,45.15,45.18,45.15,45.16,190.828
2026-08-10 15:48:00+00:00,45.16,45.17,45.15,45.17,3.33
2026-08-10 15:49:00+00:00,45.17,45.17,45.12,45.14,6.459
2026-08-10 15:50:00+00:00,45.14,45.17,45.13,45.17,2.843
2026-08-10 15:51:00+00:00,45.17,45.19,45.16,45.19,3.373
2026-08-10 15:52:00+00:00,45.19,45.19,45.18,45.19,7.682
2026-08-10 15:53:00+00:00,45.19,45.2,45.13,45.13,227.995
2026-08-10 15:54:00+00:00,45.13,45.14,45.13,45.13,9.303
2026-08-10 15:55:00+00:00,45.13,45.14,45.12,45.12,6.472
2026-08-10 15:56:00+00:00,45.12,45.16,45.12,45.15,4.985
2026-08-10 15:57:00+00:00,45.15,45.18,45.15,45.17,194.252
2026-08-10 15:58:00+00:00,45.17,45.18,45.17,45.17,3.629
2026-08-10 15:59:00+00:00,45.17,45.22,45.17,45.21,228.318
2026-08-10 16:00:00+00:00,45.21,45.21,45.16,45.19,1738.821
2026-08-10 16:01:00+00:00,45.19,45.23,45.17,45.23,227.222
2026-08-10 16:02:00+00:00,45.23,45.23,45.19,45.2,5.489
2026-08-10 16:03:00+00:00,45.2,45.23,45.19,45.22,6.918
2026-08-10 16:04:00+00:00,45.22,45.24,45.21,45.22,5.758
2026-08-10 16:05:00+00:00,45.22,45.26,45.22,45.25,193.345
2026-08-10 16:06:00+00:00,45.25,45.26,45.25,45.25,5.622
2026-08-10 16:07:00+00:00,45.25,45.25,45.23,45.23,2.56
2026-08-10 16:08:00+00:00,45.23,45.24,45.2,45.2,7.72
2026-08-10 16:09:00+00:00,45.2,45.21,45.2,45.2,7.674
2026-08-10 16:10:00+00:00,45.2,45.21,45.16,45.17,5.775
2026-08-10 16:11:00+00:00,45.17,45.17,45.13,45.13,4.555
2026-08-10 16:12:00+00:00,45.13,45.15,45.13,45.13,3.53
2026-08-10 16:13:00+00:00,45.13,45.14,45.13,45.14,5.706
2026-08-10 16:14:00+00:00,45.14,45.14,45.09,45.1,226.226
2026-08-10 16:15:00+00:00,45.1,45.11,45.08,45.08,4.135
2026-08-10 16:16:00+00:00,45.08,45.14,45.08,45.14,227.286
2026-08-10 16:17:00+00:00,45.14,45.15,45.12,45.12,6.355
2026-08-10 16:18:00+00:00,45.12,45.12,45.11,45.11,5.786
2026-08-10 16:19:00+00:00,45.11,45.12,45.09,45.09,4.872
2026-08-10 16:20:00+00:00,45.09,45.11,45.08,45.08,5.522
2026-08-10 16:21:00+00:00,45.08,45.1,45.04,45.06,11888.227
2026-08-10 16:22:00+00:00,45.06,45.11,45.06,45.1,5.564
2026-08-10 16:23:00+00:00,45.1,45.16,45.1,45.14,193.102
2026-08-10 16:24:00+00:00,45.14,45.2,45.14,45.19,5.359
2026-08-10 16:25:00+00:00,45.19,45.21,45.18,45.2,191.486
2026-08-10 16:26:00+00:00,45.2,45.22,45.2,45.2,6.153
2026-08-10 16:27:00+00:00,45.2,45.24,45.2,45.24,3.397
2026-08-10 16:28:00+00:00,45.24,45.27,45.22,45.25,3.973
2026-08-10 16:29:00+00:00,45.25,45.25,45.22,45.22,5.019
2026-08-10 16:30:00+00:00,45.22,45.28,45.22,45.25,226.944
2026-08-10 16:31:00+00:00,45.25,45.28,45.23,45.23,2993.186
2026-08-10 16:32:00+00:00,45.23,45.28,45.23,45.23,2994.573
2026-08-10 16:33:00+00:00,45.23,45.24,45.21,45.21,7.177
2026-08-10 16:34:00+00:00,45.21,45.23,45.21,45.21,5.317
2026-08-10 16:35:00+00:00,45.21,45.25,45.21,45.24,3.052
2026-08-10 16:36:00+00:00,45.24,45.25,45.23,45.24,192.754
2026-08-10 16:37:00+00:00,45.24,45.25,45.23,45.25,188.07
2026-08-10 16:38:00+00:00,45.25,45.28,45.25,45.27,5.429
2026-08-10 16:39:00+00:00,45.27,45.29,45.27,45.28,1543.052439929328621908
2026-08-10 16:40:00+00:00,45.28,45.29,45.28,45.29,2.792
2026-08-10 16:41:00+00:00,45.29,45.29,45.25,45.26,2.82
2026-08-10 16:42:00+00:00,45.26,45.27,45.24,45.25,2.14
2026-08-10 16:43:00+00:00,45.25,45.25,45.23,45.24,3.874
2026-08-10 16:44:00+00:00,45.24,45.24,45.21,45.22,6.151
2026-08-10 16:45:00+00:00,45.22,45.22,45.19,45.19,5.173
2026-08-10 16:46:00+00:00,45.19,45.2,45.18,45.18,4.166
2026-08-10 16:47:00+00:00,45.18,45.2,45.17,45.19,6.571
2026-08-10 16:48:00+00:00,45.19,45.19,45.15,45.16,229.073
2026-08-10 16:49:00+00:00,45.16,45.17,45.11,45.11,7.034
2026-08-10 16:50:00+00:00,45.11,45.16,45.1,45.15,7.281
2026-08-10 16:51:00+00:00,45.15,45.17,45.14,45.16,4.029
2026-08-10 16:52:00+00:00,45.16,45.17,45.15,45.16,5.664
2026-08-10 16:53:00+00:00,45.16,45.16,45.13,45.14,6.715
2026-08-10 16:54:00+00:00,45.14,45.14,45.12,45.12,4.511
2026-08-10 16:55:00+00:00,45.12,45.16,45.1,45.1,5.767
2026-08-10 16:56:00+00:00,45.1,45.13,45.1,45.12,28.240604732690622261
2026-08-10 16:57:00+00:00,45.12,45.12,45.08,45.09,5.634
2026-08-10 16:58:00+00:00,45.09,45.11,45.06,45.11,6.157
2026-08-10 16:59:00+00:00,45.11,45.13,45.08,45.11,3.297
2026-08-10 17:00:00+00:00,45.11,45.13,45.1,45.12,5.408
2026-08-10 17:01:00+00:00,45.12,45.13,45.06,45.06,226.86
2026-08-10 17:02:00+00:00,45.06,45.08,45.05,45.07,3.13
2026-08-10 17:03:00+00:00,45.07,45.08,45.07,45.07,3.899
2026-08-10 17:04:00+00:00,45.07,45.09,45.06,45.07,6.256
2026-08-10 17:05:00+00:00,45.07,45.08,45.06,45.07,3.107
2026-08-10 17:06:00+00:00,45.07,45.1,45.05,45.09,3.787
2026-08-10 17:07:00+00:00,45.09,45.1,45.07,45.09,3.673
2026-08-10 17:08:00+00:00,45.09,45.14,45.09,45.13,5.101
2026-08-10 17:09:00+00:00,45.13,45.15,45.13,45.14,4.634
2026-08-10 17:10:00+00:00,45.14,45.18,45.14,45.18,194.585
2026-08-10 17:11:00+00:00,45.18,45.2,45.17,45.19,4.798
2026-08-10 17:12:00+00:00,45.19,45.22,45.19,45.21,4.23
2026-08-10 17:13:00+00:00,45.21,45.23,45.21,45.22,187.438
2026-08-10 17:14:00+00:00,45.22,45.23,45.19,45.2,184.794
2026-08-10 17:15:00+00:00,45.2,45.21,45.2,45.2,5.747
2026-08-10 17:16:00+00:00,45.2,45.21,45.18,45.18,7.337
2026-08-10 17:17:00+00:00,45.18,45.19,45.18,45.18,4.632
2026-08-10 17:18:00+00:00,45.18,45.19,45.18,45.18,5.391
2026-08-10 17:19:00+00:00,45.18,45.19,45.18,45.18,5.18
2026-08-10 17:20:00+00:00,45.18,45.2,45.18,45.19,3.037
2026-08-10 17:21:00+00:00,45.19,45.2,45.19,45.19,4.034
2026-08-10 17:22:00+00:00,45.19,45.23,45.19,45.21,6.332
2026-08-10 17:23:00+00:00,45.21,45.23,45.21,45.22,4.854
2026-08-10 17:24:00+00:00,45.22,45.24,45.22,45.23,1506.227
2026-08-10 17:25:00+00:00,45.23,45.26,45.23,45.26,3.314
2026-08-10 17:26:00+00:00,45.26,45.26,45.25,45.25,5.091
2026-08-10 17:27:00+00:00,45.25,45.26,45.23,45.24,5.11
2026-08-10 17:28:00+00:00,45.24,45.24,45.21,45.21,1501.19
2026-08-10 17:29:00+00:00,45.21,45.22,45.2,45.2,5.52
2026-08-10 17:30:00+00:00,45.2,45.26,45.2,45.24,225.74
2026-08-10 17:31:00+00:00,45.24,45.26,45.24,45.25,4.411
2026-08-10 17:32:00+00:00,45.25,45.26,45.24,45.24,4.552
2026-08-10 17:33:00+00:00,45.24,45.27,45.24,45.27,3.749
2026-08-10 17:34:00+00:00,45.27,45.27,45.25,45.25,5.479
2026-08-10 17:35:00+00:00,45.25,45.26,45.23,45.23,6.476
2026-08-10 17:36:00+00:00,45.23,45.24,45.22,45.23,10.217527851458885941
2026-08-10 17:37:00+00:00,45.23,45.24,45.21,45.22,8.55
2026-08-10 17:38:00+00:00,45.22,45.23,45.22,45.22,6.833
2026-08-10 17:39:00+00:00,45.22,45.24,45.21,45.24,4.403
2026-08-10 17:40:00+00:00,45.24,45.27,45.23,45.25,4.052
2026-08-10 17:41:00+00:00,45.25,45.29,45.21,45.21,2334.657
2026-08-10 17:42:00+00:00,45.21,45.23,45.21,45.21,5.3
2026-08-10 17:43:00+00:00,45.21,45.22,45.18,45.2,5.485
2026-08-10 17:44:00+00:00,45.2,45.22,45.11,45.12,3086.011
2026-08-10 17:45:00+00:00,45.12,45.12,45.07,45.07,5.53
2026-08-10 17:46:00+00:00,45.07,45.11,45.07,45.09,4.443
2026-08-10 17:47:00+00:00,45.09,45.11,45.09,45.11,6.334
2026-08-10 17:48:00+00:00,45.11,45.11,45.09,45.09,5.17
2026-08-10 17:49:00+00:00,45.09,45.1,45.08,45.09,5.765
2026-08-10 17:50:00+00:00,45.09,45.11,45.08,45.08,6.169
2026-08-10 17:51:00+00:00,45.08,45.09,45.07,45.07,5.711
2026-08-10 17:52:00+00:00,45.07,45.08,45.07,45.07,2.848
2026-08-10 17:53:00+00:00,45.07,45.09,45.06,45.07,5.017
2026-08-10 17:54:00+00:00,45.07,45.07,45.03,45.04,6.154
2026-08-10 17:55:00+00:00,45.04,45.05,45.03,45.04,4.37
2026-08-10 17:56:00+00:00,45.04,45.05,45.04,45.04,4.594
2026-08-10 17:57:00+00:00,45.04,45.06,45.04,45.05,4.945
2026-08-10 17:58:00+00:00,45.05,45.06,45.05,45.05,4.87
2026-08-10 17:59:00+00:00,45.05,45.06,45.05,45.06,5.793
2026-08-10 18:00:00+00:00,45.06,45.06,45.03,45.06,4.886
2026-08-10 18:01:00+00:00,45.06,45.06,45.01,45.02,4.348
2026-08-10 18:02:00+00:00,45.02,45.04,45.02,45.04,3.72
2026-08-10 18:03:00+00:00,45.04,45.06,45.02,45.06,229.492
2026-08-10 18:04:00+00:00,45.06,45.06,45.04,45.06,194.955
2026-08-10 18:05:00+00:00,45.06,45.06,45.04,45.05,4.752
2026-08-10 18:06:00+00:00,45.05,45.12,45.04,45.1,6.042
2026-08-10 18:07:00+00:00,45.1,45.1,45.07,45.09,5.716
2026-08-10 18:08:00+00:00,45.09,45.12,45.09,45.12,226.738
2026-08-10 18:09:00+00:00,45.12,45.12,45.11,45.11,4.564
2026-08-10 18:10:00+00:00,45.11,45.12,45.11,45.11,4.148
2026-08-10 18:11:00+00:00,45.11,45.14,45.1,45.13,5.303
2026-08-10 18:12:00+00:00,45.13,45.15,45.12,45.12,6.031
2026-08-10 18:13:00+00:00,45.12,45.13,45.12,45.12,4.475
2026-08-10 18:14:00+00:00,45.12,45.13,45.11,45.11,4.897
2026-08-10 18:15:00+00:00,45.11,45.13,45.09,45.09,4.503
2026-08-10 18:16:00+00:00,45.09,45.11,45.09,45.1,4.662
2026-08-10 18:17:00+00:00,45.1,45.13,45.09,45.13,6.205
2026-08-10 18:18:00+00:00,45.13,45.14,45.12,45.14,4.527
2026-08-10 18:19:00+00:00,45.14,45.14,45.13,45.13,4.798
2026-08-10 18:20:00+00:00,45.13,45.14,45.13,45.13,3.389
2026-08-10 18:21:00+00:00,45.13,45.15,45.13,45.15,4.857
2026-08-10 18:22:00+00:00,45.15,45.16,45.13,45.13,5.12
2026-08-10 18:23:00+00:00,45.13,45.15,45.13,45.14,5.464
2026-08-10 18:24:00+00:00,45.14,45.16,45.14,45.15,5.65
2026-08-10 18:25:00+00:00,45.15,45.17,45.15,45.16,5.835
2026-08-10 18:26:00+00:00,45.16,45.17,45.15,45.16,2.921
2026-08-10 18:27:00+00:00,45.16,45.18,45.13,45.13,7.825551815766164747
2026-08-10 18:28:00+00:00,45.13,45.16,45.13,45.16,5.429
2026-08-10 18:29:00+00:00,45.16,45.16,45.14,45.15,4.282
2026-08-10 18:30:00+00:00,45.15,45.15,45.14,45.15,7.007
2026-08-10 18:31:00+00:00,45.15,45.15,45.12,45.14,6.288
2026-08-10 18:32:00+00:00,45.14,45.16,45.12,45.14,4.78
2026-08-10 18:33:00+00:00,45.14,45.14,45.12,45.12,4.135
2026-08-10 18:34:00+00:00,45.12,45.13,45.11,45.11,2.918
2026-08-10 18:35:00+00:00,45.11,45.12,45.1,45.1,5.042
2026-08-10 18:36:00+00:00,45.1,45.11,45.06,45.06,3004.009
2026-08-10 18:37:00+00:00,45.06,45.08,45.03,45.03,5.216
2026-08-10 18:38:00+00:00,45.03,45.06,45.03,45.04,11.031571554920620265
2026-08-10 18:39:00+00:00,45.04,45.05,45.04,45.04,4.677
2026-08-10 18:40:00+00:00,45.04,45.07,45.04,45.06,4.956
2026-08-10 18:41:00+00:00,45.06,45.06,45.03,45.05,4.836
2026-08-10 18:42:00+00:00,45.05,45.06,45.04,45.04,6.1
2026-08-10 18:43:00+00:00,45.04,45.05,45.04,45.05,2.096
2026-08-10 18:44:00+00:00,45.05,45.07,45.04,45.06,6.082
2026-08-10 18:45:00+00:00,45.06,45.06,45.01,45.02,5.072
2026-08-10 18:46:00+00:00,45.02,45.03,44.97,44.97,265.603393085223519047
2026-08-10 18:47:00+00:00,44.97,45.02,44.97,45.01,228.97
2026-08-10 18:48:00+00:00,45.01,45.03,45.01,45.02,4.757
2026-08-10 18:49:00+00:00,45.02,45.04,45.02,45.04,5.01
2026-08-10 18:50:00+00:00,45.04,45.05,45.03,45.04,8.029
2026-08-10 18:51:00+00:00,45.04,45.04,45.03,45.03,6.82
2026-08-10 18:52:00+00:00,45.03,45.04,45.01,45.02,4.243
2026-08-10 18:53:00+00:00,45.02,45.02,45.01,45.01,4.276
2026-08-10 18:54:00+00:00,45.01,45.05,45,45.02,5.358
2026-08-10 18:55:00+00:00,45.02,45.06,45.02,45.06,228.425
2026-08-10 18:56:00+00:00,45.06,45.06,45.05,45.06,5.837
2026-08-10 18:57:00+00:00,45.06,45.07,45.05,45.06,5.533
2026-08-10 18:58:00+00:00,45.06,45.07,45.05,45.05,4.466
2026-08-10 18:59:00+00:00,45.05,45.06,45.05,45.06,7.652
2026-08-10 19:00:00+00:00,45.06,45.06,45.03,45.04,5.726
2026-08-10 19:01:00+00:00,45.04,45.05,45.03,45.04,4.687
2026-08-10 19:02:00+00:00,45.04,45.05,45.04,45.04,4.714
2026-08-10 19:03:00+00:00,45.04,45.07,45.03,45.03,192.354
2026-08-10 19:04:00+00:00,45.03,45.04,45.02,45.02,4.556
2026-08-10 19:05:00+00:00,45.02,45.04,45.02,45.03,1.583
2026-08-10 19:06:00+00:00,45.03,45.04,45.03,45.03,4.314
2026-08-10 19:07:00+00:00,45.03,45.04,45.02,45.03,4.060741727737064179
2026-08-10 19:08:00+00:00,45.03,45.03,45.02,45.02,3.952
2026-08-10 19:09:00+00:00,45.02,45.03,45,45.01,188.448728504776716285
2026-08-10 19:10:00+00:00,45.01,45.01,44.98,44.99,5.746
2026-08-10 19:11:00+00:00,44.99,45.04,44.99,45.02,6.009
2026-08-10 19:12:00+00:00,45.02,45.04,45.02,45.02,6.957
2026-08-10 19:13:00+00:00,45.02,45.06,45.02,45.06,600.044
2026-08-10 19:14:00+00:00,45.06,45.07,45.04,45.06,5.679
2026-08-10 19:15:00+00:00,45.06,45.07,45.06,45.07,5.992
2026-08-10 19:16:00+00:00,45.07,45.07,45.04,45.05,6.526
2026-08-10 19:17:00+00:00,45.05,45.08,45.04,45.08,3.415
2026-08-10 19:18:00+00:00,45.08,45.11,45.06,45.1,229.101
2026-08-10 19:19:00+00:00,45.1,45.11,45.08,45.08,5.819671989354624085
2026-08-10 19:20:00+00:00,45.08,45.1,45.08,45.1,4.556
2026-08-10 19:21:00+00:00,45.1,45.12,45.09,45.12,194.133
2026-08-10 19:22:00+00:00,45.12,45.14,45.09,45.1,1237.639
2026-08-10 19:23:00+00:00,45.1,45.11,45.09,45.11,189.539
2026-08-10 19:24:00+00:00,45.11,45.11,45.03,45.03,3383.881262480585755491
2026-08-10 19:25:00+00:00,45.03,45.04,45.01,45.01,6.505741727737064179
2026-08-10 19:26:00+00:00,45.01,45.03,45.01,45.01,3.052494002665482007
2026-08-10 19:27:00+00:00,45.01,45.02,45.01,45.01,6.946
2026-08-10 19:28:00+00:00,45.01,45.04,45.01,45.01,5.557
2026-08-10 19:29:00+00:00,45.01,45.03,44.99,45.02,3.717
2026-08-10 19:30:00+00:00,45.02,45.05,45.01,45.05,415.405
2026-08-10 19:31:00+00:00,45.05,45.1,45.04,45.07,231
2026-08-10 19:32:00+00:00,45.07,45.09,45.06,45.09,191.677
2026-08-10 19:33:00+00:00,45.09,45.09,45.08,45.09,1.778
2026-08-10 19:34:00+00:00,45.09,45.09,45.08,45.08,2.811
2026-08-10 19:35:00+00:00,45.08,45.09,45.06,45.06,189.171
2026-08-10 19:36:00+00:00,45.06,45.08,45.06,45.07,3.711
2026-08-10 19:37:00+00:00,45.07,45.09,45.06,45.06,4.844
2026-08-10 19:38:00+00:00,45.06,45.07,45.05,45.05,224.514
2026-08-10 19:39:00+00:00,45.05,45.07,45.05,45.06,5.271
2026-08-10 19:40:00+00:00,45.06,45.12,45.06,45.1,1489.137
2026-08-10 19:41:00+00:00,45.1,45.11,45.09,45.1,2.598
2026-08-10 19:42:00+00:00,45.1,45.14,45.09,45.14,229.344
2026-08-10 19:43:00+00:00,45.14,45.15,45.14,45.14,3.523
2026-08-10 19:44:00+00:00,45.14,45.15,45.12,45.12,6.846
2026-08-10 19:45:00+00:00,45.12,45.17,45.12,45.15,5.086
2026-08-10 19:46:00+00:00,45.15,45.17,45.14,45.15,5.399
2026-08-10 19:47:00+00:00,45.15,45.16,45.15,45.15,7.535
2026-08-10 19:48:00+00:00,45.15,45.16,45.12,45.12,4.221
2026-08-10 19:49:00+00:00,45.12,45.13,45.12,45.13,7.379
2026-08-10 19:50:00+00:00,45.13,45.13,45.11,45.12,6.004
2026-08-10 19:51:00+00:00,45.12,45.13,45.12,45.13,4.764
2026-08-10 19:52:00+00:00,45.13,45.14,45.11,45.12,7.711571554920620265
2026-08-10 19:53:00+00:00,45.12,45.12,45.11,45.11,6.041
2026-08-10 19:54:00+00:00,45.11,45.12,45.11,45.11,4.543
2026-08-10 19:55:00+00:00,45.11,45.12,45.1,45.1,6.941
2026-08-10 19:56:00+00:00,45.1,45.11,45.1,45.11,6.037
2026-08-10 19:57:00+00:00,45.11,45.11,45.1,45.1,6.793
2026-08-10 19:58:00+00:00,45.1,45.11,45.09,45.11,4.343
2026-08-10 19:59:00+00:00,45.11,45.11,45.1,45.1,4.88
2026-08-10 20:00:00+00:00,45.1,45.11,45.08,45.08,5.076
2026-08-10 20:01:00+00:00,45.08,45.1,45.06,45.09,6.35
2026-08-10 20:02:00+00:00,45.09,45.1,45.08,45.08,4.819
2026-08-10 20:03:00+00:00,45.08,45.09,45.06,45.06,2.894
2026-08-10 20:04:00+00:00,45.06,45.09,45.06,45.08,5.304
2026-08-10 20:05:00+00:00,45.08,45.1,45.08,45.09,5.294
2026-08-10 20:06:00+00:00,45.09,45.09,45.07,45.08,5.343
2026-08-10 20:07:00+00:00,45.08,45.09,45.07,45.07,5.242
2026-08-10 20:08:00+00:00,45.07,45.11,45.07,45.11,3.019
2026-08-10 20:09:00+00:00,45.11,45.12,45.1,45.1,5.540189519984700707
2026-08-10 20:10:00+00:00,45.1,45.11,45.1,45.1,5.772
2026-08-10 20:11:00+00:00,45.1,45.11,45.1,45.1,5.909
2026-08-10 20:12:00+00:00,45.1,45.13,45.1,45.12,228.689810480015299293
2026-08-10 20:13:00+00:00,45.12,45.13,45.12,45.12,4.509
2026-08-10 20:14:00+00:00,45.12,45.12,45.1,45.1,4.178
2026-08-10 20:15:00+00:00,45.1,45.11,45.09,45.1,3.625
2026-08-10 20:16:00+00:00,45.1,45.11,45.1,45.1,5.613
2026-08-10 20:17:00+00:00,45.1,45.11,45.1,45.1,5.02
2026-08-10 20:18:00+00:00,45.1,45.13,45.1,45.12,5.61
2026-08-10 20:19:00+00:00,45.12,45.14,45.12,45.14,4.335
2026-08-10 20:20:00+00:00,45.14,45.15,45.13,45.14,190.075
2026-08-10 20:21:00+00:00,45.14,45.15,45.12,45.13,3.789
2026-08-10 20:22:00+00:00,45.13,45.13,45.11,45.11,5.819
2026-08-10 20:23:00+00:00,45.11,45.12,45.1,45.12,3.18
2026-08-10 20:24:00+00:00,45.12,45.13,45.11,45.13,190.437
2026-08-10 20:25:00+00:00,45.13,45.13,45.12,45.12,5.279
2026-08-10 20:26:00+00:00,45.12,45.13,45.12,45.13,3.723
2026-08-10 20:27:00+00:00,45.13,45.13,45.11,45.13,2.239
2026-08-10 20:28:00+00:00,45.13,45.14,45.12,45.13,12.787248226950354609
2026-08-10 20:29:00+00:00,45.13,45.14,45.13,45.13,5.536
2026-08-10 20:30:00+00:00,45.13,45.14,45.12,45.13,5.622
2026-08-10 20:31:00+00:00,45.13,45.15,45.12,45.15,5.424
2026-08-10 20:32:00+00:00,45.15,45.16,45.14,45.16,6.275
2026-08-10 20:33:00+00:00,45.16,45.18,45.15,45.18,23.222170208319744274
2026-08-10 20:34:00+00:00,45.18,45.18,45.12,45.12,227.601
2026-08-10 20:35:00+00:00,45.12,45.12,45.1,45.11,228.292
2026-08-10 20:36:00+00:00,45.11,45.12,45.1,45.11,192.74
2026-08-10 20:37:00+00:00,45.11,45.12,45.11,45.11,5.511
2026-08-10 20:38:00+00:00,45.11,45.11,45.1,45.11,6.045
2026-08-10 20:39:00+00:00,45.11,45.11,45.08,45.09,229.135
2026-08-10 20:40:00+00:00,45.09,45.11,45.08,45.11,3.088
2026-08-10 20:41:00+00:00,45.11,45.12,45.1,45.1,6.669
2026-08-10 20:42:00+00:00,45.1,45.11,45.09,45.09,5.837
2026-08-10 20:43:00+00:00,45.09,45.13,45.09,45.11,4.016
2026-08-10 20:44:00+00:00,45.11,45.12,45.08,45.1,3.829
2026-08-10 20:45:00+00:00,45.1,45.11,45.07,45.07,3.593
2026-08-10 20:46:00+00:00,45.07,45.08,45.07,45.07,5.538
2026-08-10 20:47:00+00:00,45.07,45.08,45.07,45.07,5.498
2026-08-10 20:48:00+00:00,45.07,45.08,45.07,45.07,6.505
2026-08-10 20:49:00+00:00,45.07,45.09,45.07,45.07,5.153
2026-08-10 20:50:00+00:00,45.07,45.08,45.07,45.07,4.732
2026-08-10 20:51:00+00:00,45.07,45.08,45.07,45.07,5.586
2026-08-10 20:52:00+00:00,45.07,45.08,45.04,45.04,5.874
2026-08-10 20:53:00+00:00,45.04,45.05,45.04,45.05,5.09
2026-08-10 20:54:00+00:00,45.05,45.05,45,45,1830.795
2026-08-10 20:55:00+00:00,45,45.02,44.99,45.01,6.403
2026-08-10 20:56:00+00:00,45.01,45.01,44.97,45.01,643.262
2026-08-10 20:57:00+00:00,45.01,45.03,44.99,45.03,4.464
2026-08-10 20:58:00+00:00,45.03,45.04,45.02,45.04,4.864
2026-08-10 20:59:00+00:00,45.04,45.05,45.01,45.01,3.754
2026-08-10 21:00:00+00:00,45.01,45.02,45.01,45.01,5.246
2026-08-10 21:01:00+00:00,45.01,45.02,44.99,44.99,5.744
2026-08-10 21:02:00+00:00,44.99,45.04,44.99,45.02,6.692
2026-08-10 21:03:00+00:00,45.02,45.04,45.02,45.04,4.428
2026-08-10 21:04:00+00:00,45.04,45.04,45.03,45.03,4.788
2026-08-10 21:05:00+00:00,45.03,45.04,45.03,45.03,4.818
2026-08-10 21:06:00+00:00,45.03,45.07,45.03,45.07,1487.991
2026-08-10 21:07:00+00:00,45.07,45.08,45.06,45.07,5.58
2026-08-10 21:08:00+00:00,45.07,45.1,45.07,45.09,228.035
2026-08-10 21:09:00+00:00,45.09,45.13,45.09,45.11,3.64
2026-08-10 21:10:00+00:00,45.11,45.11,45.09,45.09,5.416
2026-08-10 21:11:00+00:00,45.09,45.12,45.08,45.11,6.594
2026-08-10 21:12:00+00:00,45.11,45.12,45.1,45.11,4.253
2026-08-10 21:13:00+00:00,45.11,45.14,45.08,45.09,229.154
2026-08-10 21:14:00+00:00,45.09,45.12,45.08,45.1,4.439
2026-08-10 21:15:00+00:00,45.1,45.11,45.09,45.1,26.548033695411217025
2026-08-10 21:16:00+00:00,45.1,45.11,45.1,45.11,6.091
2026-08-10 21:17:00+00:00,45.11,45.12,45.09,45.1,3.267
2026-08-10 21:18:00+00:00,45.1,45.12,45.1,45.12,4.242
2026-08-10 21:19:00+00:00,45.12,45.12,45.11,45.11,1.553
2026-08-10 21:20:00+00:00,45.11,45.11,45.08,45.1,2.806
2026-08-10 21:21:00+00:00,45.1,45.11,45.09,45.1,4.807
2026-08-10 21:22:00+00:00,45.1,45.11,45.1,45.1,3.851
2026-08-10 21:23:00+00:00,45.1,45.12,45.1,45.11,4.618
2026-08-10 21:24:00+00:00,45.11,45.12,45.1,45.1,8.288
2026-08-10 21:25:00+00:00,45.1,45.1,45.09,45.1,5.659
2026-08-10 21:26:00+00:00,45.1,45.12,45.09,45.11,3.919
2026-08-10 21:27:00+00:00,45.11,45.14,45.11,45.13,3.778
2026-08-10 21:28:00+00:00,45.13,45.14,45.13,45.13,6.711
2026-08-10 21:29:00+00:00,45.13,45.15,45.13,45.14,2.997
2026-08-10 21:30:00+00:00,45.14,45.15,45.14,45.15,4.614
2026-08-10 21:31:00+00:00,45.15,45.15,45.13,45.13,192.733
2026-08-10 21:32:00+00:00,45.13,45.13,45.11,45.13,4.691
2026-08-10 21:33:00+00:00,45.13,45.17,45.12,45.15,3.88
2026-08-10 21:34:00+00:00,45.15,45.15,45.14,45.15,6.041
2026-08-10 21:35:00+00:00,45.15,45.15,45.12,45.13,2.382
2026-08-10 21:36:00+00:00,45.13,45.13,45.12,45.12,5.623
2026-08-10 21:37:00+00:00,45.12,45.14,45.12,45.12,7.413
2026-08-10 21:38:00+00:00,45.12,45.13,45.11,45.12,4.424
2026-08-10 21:39:00+00:00,45.12,45.12,45.09,45.09,5.914
2026-08-10 21:40:00+00:00,45.09,45.1,45.09,45.09,3.064
2026-08-10 21:41:00+00:00,45.09,45.1,45.07,45.07,190.313
2026-08-10 21:42:00+00:00,45.07,45.08,45.06,45.06,5.159
2026-08-10 21:43:00+00:00,45.06,45.08,45.05,45.05,5.797
2026-08-10 21:44:00+00:00,45.05,45.06,45.04,45.05,6.953
2026-08-10 21:45:00+00:00,45.05,45.07,45.05,45.06,4.825
2026-08-10 21:46:00+00:00,45.06,45.08,45.06,45.07,6.827
2026-08-10 21:47:00+00:00,45.07,45.1,45.07,45.07,7.393
2026-08-10 21:48:00+00:00,45.07,45.08,45.06,45.06,5.112
2026-08-10 21:49:00+00:00,45.06,45.07,45.06,45.06,4.328
2026-08-10 21:50:00+00:00,45.06,45.07,45.05,45.06,4.216
2026-08-10 21:51:00+00:00,45.06,45.06,45.03,45.04,229.17
2026-08-10 21:52:00+00:00,45.04,45.04,45.03,45.03,6.552
2026-08-10 21:53:00+00:00,45.03,45.04,45.03,45.04,6.652
2026-08-10 21:54:00+00:00,45.04,45.04,45.03,45.03,5.293
2026-08-10 21:55:00+00:00,45.03,45.06,45.03,45.06,228.272
2026-08-10 21:56:00+00:00,45.06,45.1,45.06,45.08,7.388
2026-08-10 21:57:00+00:00,45.08,45.09,45.07,45.09,4.885
2026-08-10 21:58:00+00:00,45.09,45.09,45.05,45.05,5.822
2026-08-10 21:59:00+00:00,45.05,45.07,45.04,45.05,4.232
2026-08-10 22:00:00+00:00,45.05,45.06,45.04,45.05,6.755
2026-08-10 22:01:00+00:00,45.05,45.06,45.04,45.04,6.725
2026-08-10 22:02:00+00:00,45.04,45.09,45.04,45.06,4.804
2026-08-10 22:03:00+00:00,45.06,45.09,45.06,45.08,7.492
2026-08-10 22:04:00+00:00,45.08,45.09,45.02,45.02,237.914
2026-08-10 22:05:00+00:00,45.02,45.04,45,45.04,230.253
2026-08-10 22:06:00+00:00,45.04,45.07,45.03,45.06,8.554
2026-08-10 22:07:00+00:00,45.06,45.1,45.06,45.08,6.047
2026-08-10 22:08:00+00:00,45.08,45.09,45.07,45.08,3.936
2026-08-10 22:09:00+00:00,45.08,45.13,45.08,45.1,3.962
2026-08-10 22:10:00+00:00,45.1,45.11,45.1,45.1,5.394
2026-08-10 22:11:00+00:00,45.1,45.12,45.1,45.11,2.702
2026-08-10 22:12:00+00:00,45.11,45.14,45.11,45.14,228.081
2026-08-10 22:13:00+00:00,45.14,45.14,45.11,45.12,5.433
2026-08-10 22:14:00+00:00,45.12,45.14,45.12,45.14,6.042
2026-08-10 22:15:00+00:00,45.14,45.16,45.13,45.16,6.584
2026-08-10 22:16:00+00:00,45.16,45.18,45.15,45.17,228.986
2026-08-10 22:17:00+00:00,45.17,45.18,45.14,45.15,4.707
2026-08-10 22:18:00+00:00,45.15,45.17,45.15,45.16,5.017
2026-08-10 22:19:00+00:00,45.16,45.17,45.15,45.15,2.699
2026-08-10 22:20:00+00:00,45.15,45.16,45.14,45.14,4.684
2026-08-10 22:21:00+00:00,45.14,45.15,45.12,45.12,5.249
2026-08-10 22:22:00+00:00,45.12,45.13,45.11,45.13,4.213
2026-08-10 22:23:00+00:00,45.13,45.15,45.12,45.14,4.489
2026-08-10 22:24:00+00:00,45.14,45.15,45.14,45.14,4.863
2026-08-10 22:25:00+00:00,45.14,45.14,45.12,45.12,6.647
2026-08-10 22:26:00+00:00,45.12,45.15,45.12,45.14,5.777
2026-08-10 22:27:00+00:00,45.14,45.15,45.14,45.15,5.729
2026-08-10 22:28:00+00:00,45.15,45.15,45.14,45.14,5.878
2026-08-10 22:29:00+00:00,45.14,45.15,45.14,45.14,6.041
2026-08-10 22:30:00+00:00,45.14,45.15,45.14,45.14,4.294
2026-08-10 22:31:00+00:00,45.14,45.15,45.11,45.11,6.647
2026-08-10 22:32:00+00:00,45.11,45.14,45.11,45.13,4.881
2026-08-10 22:33:00+00:00,45.13,45.14,45.12,45.12,4.431
2026-08-10 22:34:00+00:00,45.12,45.13,45.09,45.1,5.987
2026-08-10 22:35:00+00:00,45.1,45.12,45.1,45.1,4.368
2026-08-10 22:36:00+00:00,45.1,45.15,45.1,45.12,6.219
2026-08-10 22:37:00+00:00,45.12,45.13,45.11,45.12,6.27
2026-08-10 22:38:00+00:00,45.12,45.13,45.12,45.12,5.588
2026-08-10 22:39:00+00:00,45.12,45.13,45.1,45.11,3.441
2026-08-10 22:40:00+00:00,45.11,45.11,45.1,45.1,4.578
2026-08-10 22:41:00+00:00,45.1,45.11,45.1,45.1,5.163
2026-08-10 22:42:00+00:00,45.1,45.11,45.1,45.1,5.101
2026-08-10 22:43:00+00:00,45.1,45.11,45.1,45.11,5.315
2026-08-10 22:44:00+00:00,45.11,45.13,45.1,45.13,6.375
2026-08-10 22:45:00+00:00,45.13,45.13,45.12,45.13,4.913
2026-08-10 22:46:00+00:00,45.13,45.16,45.12,45.15,5.69
2026-08-10 22:47:00+00:00,45.15,45.16,45.15,45.15,4.487
2026-08-10 22:48:00+00:00,45.15,45.16,45.12,45.14,193.67
2026-08-10 22:49:00+00:00,45.14,45.16,45.13,45.16,191.08
2026-08-10 22:50:00+00:00,45.16,45.16,45.13,45.14,5.565
2026-08-10 22:51:00+00:00,45.14,45.15,45.14,45.14,7.295
2026-08-10 22:52:00+00:00,45.14,45.15,45.14,45.15,7.189
2026-08-10 22:53:00+00:00,45.15,45.15,45.14,45.15,5.581
2026-08-10 22:54:00+00:00,45.15,45.15,45.14,45.14,4.899
2026-08-10 22:55:00+00:00,45.14,45.15,45.14,45.14,6.571
2026-08-10 22:56:00+00:00,45.14,45.16,45.14,45.15,4.392
2026-08-10 22:57:00+00:00,45.15,45.16,45.15,45.15,5.046
2026-08-10 22:58:00+00:00,45.15,45.16,45.14,45.15,3.746
2026-08-10 22:59:00+00:00,45.15,45.15,45.14,45.15,4.984
2026-08-10 23:00:00+00:00,45.15,45.15,45.12,45.15,4.794
2026-08-10 23:01:00+00:00,45.15,45.15,45.11,45.11,6.124
2026-08-10 23:02:00+00:00,45.11,45.14,45.11,45.13,4.168
2026-08-10 23:03:00+00:00,45.13,45.14,45.13,45.14,7.183
2026-08-10 23:04:00+00:00,45.14,45.14,45.13,45.13,4.33
2026-08-10 23:05:00+00:00,45.13,45.15,45.12,45.15,4.431
2026-08-10 23:06:00+00:00,45.15,45.17,45.14,45.17,185.58
2026-08-10 23:07:00+00:00,45.17,45.18,45.16,45.17,7.279
2026-08-10 23:08:00+00:00,45.17,45.18,45.16,45.16,6.072
2026-08-10 23:09:00+00:00,45.16,45.18,45.16,45.16,5.641
2026-08-10 23:10:00+00:00,45.16,45.17,45.16,45.17,3.222
2026-08-10 23:11:00+00:00,45.17,45.18,45.15,45.15,4.093
2026-08-10 23:12:00+00:00,45.15,45.16,45.14,45.14,7.39
2026-08-10 23:13:00+00:00,45.14,45.16,45.14,45.14,4.071
2026-08-10 23:14:00+00:00,45.14,45.16,45.14,45.16,2.99
2026-08-10 23:15:00+00:00,45.16,45.16,45.14,45.16,3.021
2026-08-10 23:16:00+00:00,45.16,45.18,45.16,45.16,5.194
2026-08-10 23:17:00+00:00,45.16,45.2,45.16,45.17,3.064
2026-08-10 23:18:00+00:00,45.17,45.19,45.17,45.17,5.548
2026-08-10 23:19:00+00:00,45.17,45.18,45.16,45.16,2.391
2026-08-10 23:20:00+00:00,45.16,45.17,45.16,45.17,6.588
2026-08-10 23:21:00+00:00,45.17,45.18,45.17,45.17,5.32
2026-08-10 23:22:00+00:00,45.17,45.18,45.16,45.17,7.056
2026-08-10 23:23:00+00:00,45.17,45.17,45.13,45.14,5.496
2026-08-10 23:24:00+00:00,45.14,45.15,45.13,45.14,6.237
2026-08-10 23:25:00+00:00,45.14,45.16,45.14,45.15,5.438
2026-08-10 23:26:00+00:00,45.15,45.17,45.15,45.17,6.151
2026-08-10 23:27:00+00:00,45.17,45.17,45.14,45.14,3.626
2026-08-10 23:28:00+00:00,45.14,45.16,45.14,45.15,5.405
2026-08-10 23:29:00+00:00,45.15,45.17,45.15,45.16,6.175
2026-08-10 23:30:00+00:00,45.16,45.17,45.13,45.13,1487.053
2026-08-10 23:31:00+00:00,45.13,45.15,45.13,45.15,3.255
2026-08-10 23:32:00+00:00,45.15,45.15,45.14,45.14,4.37
2026-08-10 23:33:00+00:00,45.14,45.15,45.14,45.14,2.653
2026-08-10 23:34:00+00:00,45.14,45.15,45.13,45.14,185.962
2026-08-10 23:35:00+00:00,45.14,45.14,45.12,45.12,6.949
2026-08-10 23:36:00+00:00,45.12,45.13,45.12,45.12,5.431
2026-08-10 23:37:00+00:00,45.12,45.13,45.12,45.12,7.635
2026-08-10 23:38:00+00:00,45.12,45.13,45.12,45.12,5.159
2026-08-10 23:39:00+00:00,45.12,45.13,45.09,45.1,230.598
2026-08-10 23:40:00+00:00,45.1,45.11,45.1,45.1,5.531
2026-08-10 23:41:00+00:00,45.1,45.12,45.1,45.11,3.095
2026-08-10 23:42:00+00:00,45.11,45.13,45.11,45.12,2.691
2026-08-10 23:43:00+00:00,45.12,45.13,45.12,45.12,4.552
2026-08-10 23:44:00+00:00,45.12,45.13,45.12,45.12,4.953
2026-08-10 23:45:00+00:00,45.12,45.13,45.12,45.12,2.627
2026-08-10 23:46:00+00:00,45.12,45.13,45.11,45.11,2.418
2026-08-10 23:47:00+00:00,45.11,45.13,45.11,45.12,4.131
2026-08-10 23:48:00+00:00,45.12,45.13,45.12,45.12,4.733
2026-08-10 23:49:00+00:00,45.12,45.13,45.11,45.11,4.571
2026-08-10 23:50:00+00:00,45.11,45.14,45.11,45.12,6.736
2026-08-10 23:51:00+00:00,45.12,45.14,45.12,45.13,6.632
2026-08-10 23:52:00+00:00,45.13,45.14,45.13,45.14,7.273
2026-08-10 23:53:00+00:00,45.14,45.14,45.13,45.14,5.941
2026-08-10 23:54:00+00:00,45.14,45.14,45.12,45.12,3.659
2026-08-10 23:55:00+00:00,45.12,45.13,45.12,45.12,5.728
2026-08-10 23:56:00+00:00,45.12,45.13,45.12,45.12,4.845
2026-08-10 23:57:00+00:00,45.12,45.13,45.1,45.1,6.002
2026-08-10 23:58:00+00:00,45.1,45.11,45.1,45.1,2.037
2026-08-10 23:59:00+00:00,45.1,45.1,45.1,45.1,0
2026-08-11 00:00:00+00:00,45.1,45.1,45.06,45.08,4.098
2026-08-11 00:01:00+00:00,45.08,45.11,45.08,45.1,4.094
2026-08-11 00:02:00+00:00,45.1,45.12,45.09,45.12,3.457
2026-08-11 00:03:00+00:00,45.12,45.14,45.12,45.13,5.402
2026-08-11 00:04:00+00:00,45.13,45.15,45.13,45.14,6.513
2026-08-11 00:05:00+00:00,45.14,45.15,45.11,45.12,4.885
2026-08-11 00:06:00+00:00,45.12,45.14,45.11,45.11,5.997
2026-08-11 00:07:00+00:00,45.11,45.13,45.11,45.12,5.054
2026-08-11 00:08:00+00:00,45.12,45.15,45.12,45.14,188.623
2026-08-11 00:09:00+00:00,45.14,45.16,45.12,45.12,4.043
2026-08-11 00:10:00+00:00,45.12,45.13,45.09,45.1,192.962
2026-08-11 00:11:00+00:00,45.1,45.11,45.08,45.1,4.365
2026-08-11 00:12:00+00:00,45.1,45.11,45.1,45.1,3.997
2026-08-11 00:13:00+00:00,45.1,45.15,45.1,45.15,191.23
2026-08-11 00:14:00+00:00,45.15,45.15,45.13,45.14,4.261
2026-08-11 00:15:00+00:00,45.14,45.15,45.13,45.13,5.506
2026-08-11 00:16:00+00:00,45.13,45.14,45.11,45.13,7.167
2026-08-11 00:17:00+00:00,45.13,45.15,45.13,45.14,3.487
2026-08-11 00:18:00+00:00,45.14,45.14,45.13,45.14,7.466
2026-08-11 00:19:00+00:00,45.14,45.14,45.12,45.12,6.802
2026-08-11 00:20:00+00:00,45.12,45.15,45.12,45.12,2.932
2026-08-11 00:21:00+00:00,45.12,45.16,45.12,45.15,4.55
2026-08-11 00:22:00+00:00,45.15,45.16,45.12,45.12,4.976
2026-08-11 00:23:00+00:00,45.12,45.14,45.12,45.14,4.291
2026-08-11 00:24:00+00:00,45.14,45.15,45.13,45.14,4.671
2026-08-11 00:25:00+00:00,45.14,45.16,45.13,45.15,3.548
2026-08-11 00:26:00+00:00,45.15,45.16,45.14,45.14,3.808
2026-08-11 00:27:00+00:00,45.14,45.15,45.13,45.13,3.837
2026-08-11 00:28:00+00:00,45.13,45.14,45.13,45.13,4.001
2026-08-11 00:29:00+00:00,45.13,45.18,45.13,45.17,227.329
2026-08-11 00:30:00+00:00,45.17,45.17,45.15,45.15,5.417
2026-08-11 00:31:00+00:00,45.15,45.15,45.12,45.13,5.139
2026-08-11 00:32:00+00:00,45.13,45.14,45.11,45.11,4.568
2026-08-11 00:33:00+00:00,45.11,45.12,45.05,45.08,1490.483
2026-08-11 00:34:00+00:00,45.08,45.11,45.07,45.09,5.638
2026-08-11 00:35:00+00:00,45.09,45.11,45.09,45.09,4.977
2026-08-11 00:36:00+00:00,45.09,45.1,45.08,45.08,379.542
2026-08-11 00:37:00+00:00,45.08,45.09,45.07,45.07,4.784
2026-08-11 00:38:00+00:00,45.07,45.09,45.06,45.08,5.38
2026-08-11 00:39:00+00:00,45.08,45.09,45.05,45.06,6.176
2026-08-11 00:40:00+00:00,45.06,45.07,45.05,45.06,6.525
2026-08-11 00:41:00+00:00,45.06,45.11,45.06,45.09,1486.567
2026-08-11 00:42:00+00:00,45.09,45.11,45.08,45.11,1.897
2026-08-11 00:43:00+00:00,45.11,45.12,45.09,45.1,3.632
2026-08-11 00:44:00+00:00,45.1,45.14,45.1,45.12,5.88
2026-08-11 00:45:00+00:00,45.12,45.13,45.12,45.13,3.274
2026-08-11 00:46:00+00:00,45.13,45.14,45.12,45.12,3.774
2026-08-11 00:47:00+00:00,45.12,45.14,45.12,45.12,5.274
2026-08-11 00:48:00+00:00,45.12,45.14,45.12,45.12,5.314
2026-08-11 00:49:00+00:00,45.12,45.13,45.12,45.12,3.704
2026-08-11 00:50:00+00:00,45.12,45.14,45.12,45.13,4.787
2026-08-11 00:51:00+00:00,45.13,45.14,45.13,45.13,8.561
2026-08-11 00:52:00+00:00,45.13,45.14,45.12,45.13,7.278
2026-08-11 00:53:00+00:00,45.13,45.14,45.13,45.13,6.523
2026-08-11 00:54:00+00:00,45.13,45.15,45.13,45.14,6.276
2026-08-11 00:55:00+00:00,45.14,45.14,45.14,45.14,0
2026-08-11 00:56:00+00:00,45.14,45.15,45.14,45.14,3.978
2026-08-11 00:57:00+00:00,45.14,45.15,45.13,45.14,4.493
2026-08-11 00:58:00+00:00,45.14,45.16,45.13,45.14,4.849
2026-08-11 00:59:00+00:00,45.14,45.15,45.12,45.13,5.242
2026-08-11 01:00:00+00:00,45.13,45.13,45.1,45.11,181.952
2026-08-11 01:01:00+00:00,45.11,45.12,45.08,45.1,3.154
2026-08-11 01:02:00+00:00,45.1,45.11,45.08,45.08,6.969
2026-08-11 01:03:00+00:00,45.08,45.09,45.07,45.09,4.742
2026-08-11 01:04:00+00:00,45.09,45.13,45.09,45.11,5.477
2026-08-11 01:05:00+00:00,45.11,45.14,45.11,45.13,3.693
2026-08-11 01:06:00+00:00,45.13,45.14,45.11,45.13,4.736
2026-08-11 01:07:00+00:00,45.13,45.13,45.11,45.12,3.367
2026-08-11 01:08:00+00:00,45.12,45.13,45.12,45.13,6.552
2026-08-11 01:09:00+00:00,45.13,45.13,45.12,45.12,6.947
2026-08-11 01:10:00+00:00,45.12,45.16,45.12,45.14,8.299
2026-08-11 01:11:00+00:00,45.14,45.16,45.14,45.16,5.327
2026-08-11 01:12:00+00:00,45.16,45.18,45.15,45.16,8.3
2026-08-11 01:13:00+00:00,45.16,45.18,45.16,45.17,5.68
2026-08-11 01:14:00+00:00,45.17,45.18,45.16,45.16,3.979
2026-08-11 01:15:00+00:00,45.16,45.18,45.15,45.16,3.225
2026-08-11 01:16:00+00:00,45.16,45.17,45.16,45.17,3.084
2026-08-11 01:17:00+00:00,45.17,45.18,45.16,45.17,4.358
2026-08-11 01:18:00+00:00,45.17,45.17,45.15,45.15,3.359
2026-08-11 01:19:00+00:00,45.15,45.16,45.15,45.15,5.443
2026-08-11 01:20:00+00:00,45.15,45.17,45.14,45.16,3.138
2026-08-11 01:21:00+00:00,45.16,45.18,45.16,45.18,5.014
2026-08-11 01:22:00+00:00,45.18,45.18,45.17,45.18,3.398
2026-08-11 01:23:00+00:00,45.18,45.19,45.17,45.18,28.142
2026-08-11 01:24:00+00:00,45.18,45.19,45.18,45.18,3.69
2026-08-11 01:25:00+00:00,45.18,45.19,45.15,45.19,249.36
2026-08-11 01:26:00+00:00,45.19,45.19,45.15,45.16,3.799
2026-08-11 01:27:00+00:00,45.16,45.17,45.14,45.17,191.055
2026-08-11 01:28:00+00:00,45.17,45.19,45.16,45.18,4.866
2026-08-11 01:29:00+00:00,45.18,45.21,45.18,45.21,33.216
2026-08-11 01:30:00+00:00,45.21,45.21,45.2,45.2,1.685
2026-08-11 01:31:00+00:00,45.2,45.21,45.2,45.2,3.122
2026-08-11 01:32:00+00:00,45.2,45.21,45.2,45.2,3.684
2026-08-11 01:33:00+00:00,45.2,45.21,45.2,45.2,3.237
2026-08-11 01:34:00+00:00,45.2,45.21,45.2,45.2,3.193
2026-08-11 01:35:00+00:00,45.2,45.21,45.18,45.19,185.916
2026-08-11 01:36:00+00:00,45.19,45.2,45.18,45.19,4.373
2026-08-11 01:37:00+00:00,45.19,45.19,45.18,45.18,5.503
2026-08-11 01:38:00+00:00,45.18,45.19,45.18,45.19,5.015
2026-08-11 01:39:00+00:00,45.19,45.2,45.16,45.16,5.684
2026-08-11 01:40:00+00:00,45.16,45.18,45.16,45.18,6.531
2026-08-11 01:41:00+00:00,45.18,45.18,45.16,45.16,4.09
2026-08-11 01:42:00+00:00,45.16,45.17,45.15,45.16,3.388
2026-08-11 01:43:00+00:00,45.16,45.19,45.15,45.19,8.055
2026-08-11 01:44:00+00:00,45.19,45.19,45.17,45.17,4.496
2026-08-11 01:45:00+00:00,45.17,45.19,45.17,45.19,7.025
2026-08-11 01:46:00+00:00,45.19,45.19,45.17,45.17,2.267
2026-08-11 01:47:00+00:00,45.17,45.19,45.17,45.19,4.664
2026-08-11 01:48:00+00:00,45.19,45.2,45.17,45.19,5.91
2026-08-11 01:49:00+00:00,45.19,45.22,45.19,45.2,6.482
2026-08-11 01:50:00+00:00,45.2,45.23,45.2,45.23,3.013
2026-08-11 01:51:00+00:00,45.23,45.23,45.21,45.23,2.401
2026-08-11 01:52:00+00:00,45.23,45.24,45.22,45.23,3.476
2026-08-11 01:53:00+00:00,45.23,45.25,45.23,45.24,2.652
2026-08-11 01:54:00+00:00,45.24,45.25,45.24,45.24,4.643
2026-08-11 01:55:00+00:00,45.24,45.25,45.24,45.24,4.702
2026-08-11 01:56:00+00:00,45.24,45.25,45.23,45.23,3.523
2026-08-11 01:57:00+00:00,45.23,45.24,45.23,45.24,1.661
2026-08-11 01:58:00+00:00,45.24,45.24,45.23,45.23,1.934
2026-08-11 01:59:00+00:00,45.23,45.25,45.23,45.25,4.226
2026-08-11 02:00:00+00:00,45.25,45.27,45.23,45.23,4.848
2026-08-11 02:01:00+00:00,45.23,45.24,45.23,45.23,5.973
2026-08-11 02:02:00+00:00,45.23,45.27,45.23,45.26,5.874
2026-08-11 02:03:00+00:00,45.26,45.27,45.26,45.26,8.176
2026-08-11 02:04:00+00:00,45.26,45.27,45.26,45.27,7.089
2026-08-11 02:05:00+00:00,45.27,45.28,45.26,45.27,4.922
2026-08-11 02:06:00+00:00,45.27,45.27,45.26,45.26,7.602
2026-08-11 02:07:00+00:00,45.26,45.27,45.24,45.24,4.123
2026-08-11 02:08:00+00:00,45.24,45.26,45.24,45.25,192.428
2026-08-11 02:09:00+00:00,45.25,45.26,45.25,45.25,5.819
2026-08-11 02:10:00+00:00,45.25,45.26,45.25,45.25,4.806
2026-08-11 02:11:00+00:00,45.25,45.26,45.25,45.25,4.358
2026-08-11 02:12:00+00:00,45.25,45.29,45.25,45.26,3.754
2026-08-11 02:13:00+00:00,45.26,45.28,45.26,45.26,3.533
2026-08-11 02:14:00+00:00,45.26,45.28,45.25,45.25,7.74
2026-08-11 02:15:00+00:00,45.25,45.28,45.25,45.28,5.656
2026-08-11 02:16:00+00:00,45.28,45.28,45.26,45.28,4.801
2026-08-11 02:17:00+00:00,45.28,45.28,45.26,45.28,3.89
2026-08-11 02:18:00+00:00,45.28,45.28,45.27,45.27,4.627
2026-08-11 02:19:00+00:00,45.27,45.27,45.27,45.27,0
2026-08-11 02:20:00+00:00,45.27,45.28,45.26,45.28,4.736
2026-08-11 02:21:00+00:00,45.28,45.28,45.27,45.28,1.436
2026-08-11 02:22:00+00:00,45.28,45.28,45.25,45.25,7.002
2026-08-11 02:23:00+00:00,45.25,45.26,45.24,45.26,5.763
2026-08-11 02:24:00+00:00,45.26,45.29,45.26,45.26,3.853
2026-08-11 02:25:00+00:00,45.26,45.28,45.25,45.25,4.225
2026-08-11 02:26:00+00:00,45.25,45.27,45.25,45.26,7.185
2026-08-11 02:27:00+00:00,45.26,45.27,45.25,45.26,5.147
2026-08-11 02:28:00+00:00,45.26,45.26,45.25,45.25,5.676
2026-08-11 02:29:00+00:00,45.25,45.26,45.25,45.25,5.852
2026-08-11 02:30:00+00:00,45.25,45.26,45.24,45.25,3.963
2026-08-11 02:31:00+00:00,45.25,45.25,45.22,45.24,5.195
2026-08-11 02:32:00+00:00,45.24,45.24,45.22,45.22,6.978
2026-08-11 02:33:00+00:00,45.22,45.25,45.22,45.24,3.616
2026-08-11 02:34:00+00:00,45.24,45.24,45.21,45.23,16.603465280849181777
2026-08-11 02:35:00+00:00,45.23,45.23,45.2,45.2,215.533534719150818223
2026-08-11 02:36:00+00:00,45.2,45.21,45.18,45.18,5.971
2026-08-11 02:37:00+00:00,45.18,45.21,45.18,45.2,4.874
2026-08-11 02:38:00+00:00,45.2,45.22,45.2,45.21,5.724
2026-08-11 02:39:00+00:00,45.21,45.22,45.2,45.2,5.971
2026-08-11 02:40:00+00:00,45.2,45.22,45.2,45.22,0.605
2026-08-11 02:41:00+00:00,45.22,45.23,45.19,45.22,5.939
2026-08-11 02:42:00+00:00,45.22,45.23,45.21,45.22,3.314
2026-08-11 02:43:00+00:00,45.22,45.23,45.2,45.21,229.937
2026-08-11 02:44:00+00:00,45.21,45.21,45.2,45.2,6.015
2026-08-11 02:45:00+00:00,45.2,45.21,45.2,45.21,7.907
2026-08-11 02:46:00+00:00,45.21,45.21,45.2,45.2,4.95
2026-08-11 02:47:00+00:00,45.2,45.21,45.2,45.2,7.734
2026-08-11 02:48:00+00:00,45.2,45.21,45.19,45.19,1.248
2026-08-11 02:49:00+00:00,45.19,45.2,45.19,45.19,6.545
2026-08-11 02:50:00+00:00,45.19,45.2,45.19,45.19,5.996
2026-08-11 02:51:00+00:00,45.19,45.2,45.18,45.19,6.176
2026-08-11 02:52:00+00:00,45.19,45.19,45.17,45.17,6.994
2026-08-11 02:53:00+00:00,45.17,45.18,45.17,45.18,3.711
2026-08-11 02:54:00+00:00,45.18,45.18,45.17,45.17,5.81
2026-08-11 02:55:00+00:00,45.17,45.18,45.17,45.17,3.447
2026-08-11 02:56:00+00:00,45.17,45.18,45.17,45.17,6.116
2026-08-11 02:57:00+00:00,45.17,45.2,45.17,45.19,4.974
2026-08-11 02:58:00+00:00,45.19,45.19,45.18,45.18,1.208
2026-08-11 02:59:00+00:00,45.18,45.19,45.18,45.19,4.048
2026-08-11 03:00:00+00:00,45.19,45.19,45.18,45.18,1.124
2026-08-11 03:01:00+00:00,45.18,45.2,45.18,45.19,4.372
2026-08-11 03:02:00+00:00,45.19,45.2,45.19,45.19,5.661
2026-08-11 03:03:00+00:00,45.19,45.2,45.19,45.2,5.378
2026-08-11 03:04:00+00:00,45.2,45.2,45.19,45.2,5.563
2026-08-11 03:05:00+00:00,45.2,45.2,45.19,45.19,5.106
2026-08-11 03:06:00+00:00,45.19,45.21,45.19,45.19,4.651
2026-08-11 03:07:00+00:00,45.19,45.2,45.19,45.2,6.41
2026-08-11 03:08:00+00:00,45.2,45.22,45.19,45.22,5.24
2026-08-11 03:09:00+00:00,45.22,45.22,45.19,45.19,4.689
2026-08-11 03:10:00+00:00,45.19,45.2,45.18,45.18,3.693
2026-08-11 03:11:00+00:00,45.18,45.19,45.18,45.19,3.349
2026-08-11 03:12:00+00:00,45.19,45.19,45.18,45.18,3.169
2026-08-11 03:13:00+00:00,45.18,45.19,45.18,45.18,3.735
2026-08-11 03:14:00+00:00,45.18,45.19,45.18,45.18,2.806
2026-08-11 03:15:00+00:00,45.18,45.19,45.18,45.18,3.114
2026-08-11 03:16:00+00:00,45.18,45.22,45.18,45.21,183.802
2026-08-11 03:17:00+00:00,45.21,45.22,45.21,45.22,3.235
2026-08-11 03:18:00+00:00,45.22,45.22,45.21,45.21,3.281
2026-08-11 03:19:00+00:00,45.21,45.22,45.19,45.2,376.139
2026-08-11 03:20:00+00:00,45.2,45.2,45.19,45.2,5.421
2026-08-11 03:21:00+00:00,45.2,45.2,45.19,45.19,5.722
2026-08-11 03:22:00+00:00,45.19,45.2,45.19,45.2,2.986
2026-08-11 03:23:00+00:00,45.2,45.22,45.19,45.21,7.532
2026-08-11 03:24:00+00:00,45.21,45.21,45.2,45.2,2.923
2026-08-11 03:25:00+00:00,45.2,45.23,45.2,45.23,1727.405
2026-08-11 03:26:00+00:00,45.23,45.23,45.22,45.22,4.84
2026-08-11 03:27:00+00:00,45.22,45.23,45.22,45.23,4.352
2026-08-11 03:28:00+00:00,45.23,45.23,45.2,45.2,5.17
2026-08-11 03:29:00+00:00,45.2,45.21,45.2,45.21,5.797
2026-08-11 03:30:00+00:00,45.21,45.21,45.2,45.2,6.476
2026-08-11 03:31:00+00:00,45.2,45.21,45.2,45.2,4.989
2026-08-11 03:32:00+00:00,45.2,45.21,45.2,45.2,6.02
2026-08-11 03:33:00+00:00,45.2,45.21,45.2,45.2,5.206
2026-08-11 03:34:00+00:00,45.2,45.22,45.2,45.2,5.108
2026-08-11 03:35:00+00:00,45.2,45.21,45.2,45.2,4.822
2026-08-11 03:36:00+00:00,45.2,45.21,45.2,45.21,4.095
2026-08-11 03:37:00+00:00,45.21,45.21,45.2,45.2,4.805
2026-08-11 03:38:00+00:00,45.2,45.23,45.2,45.22,5.704
2026-08-11 03:39:00+00:00,45.22,45.23,45.22,45.22,4.785
2026-08-11 03:40:00+00:00,45.22,45.23,45.22,45.22,2.775
2026-08-11 03:41:00+00:00,45.22,45.24,45.22,45.22,5.097
2026-08-11 03:42:00+00:00,45.22,45.22,45.22,45.22,0
2026-08-11 03:43:00+00:00,45.22,45.22,45.2,45.21,2.18
2026-08-11 03:44:00+00:00,45.21,45.22,45.19,45.21,6.153
2026-08-11 03:45:00+00:00,45.21,45.21,45.2,45.2,0.277
2026-08-11 03:46:00+00:00,45.2,45.21,45.19,45.19,3.462
2026-08-11 03:47:00+00:00,45.19,45.19,45.19,45.19,0.956
2026-08-11 03:48:00+00:00,45.19,45.21,45.19,45.2,2.873
2026-08-11 03:49:00+00:00,45.2,45.21,45.2,45.21,4.268
2026-08-11 03:50:00+00:00,45.21,45.21,45.2,45.2,3.996
2026-08-11 03:51:00+00:00,45.2,45.21,45.2,45.2,2.918
2026-08-11 03:52:00+00:00,45.2,45.21,45.2,45.2,11.093079646017699115
2026-08-11 03:53:00+00:00,45.2,45.21,45.2,45.21,4.459
2026-08-11 03:54:00+00:00,45.21,45.21,45.2,45.21,4.938
2026-08-11 03:55:00+00:00,45.21,45.21,45.2,45.2,4.456
2026-08-11 03:56:00+00:00,45.2,45.21,45.19,45.21,4.667
2026-08-11 03:57:00+00:00,45.21,45.21,45.2,45.21,4.737
2026-08-11 03:58:00+00:00,45.21,45.21,45.2,45.21,4.488
2026-08-11 03:59:00+00:00,45.21,45.21,45.2,45.21,4.349
2026-08-11 04:00:00+00:00,45.21,45.21,45.2,45.2,4.111
2026-08-11 04:01:00+00:00,45.2,45.21,45.2,45.21,4.289
2026-08-11 04:02:00+00:00,45.21,45.21,45.2,45.21,3.955
2026-08-11 04:03:00+00:00,45.21,45.21,45.2,45.21,2.133
2026-08-11 04:04:00+00:00,45.21,45.21,45.19,45.19,5.157
2026-08-11 04:05:00+00:00,45.19,45.2,45.19,45.19,7.531
2026-08-11 04:06:00+00:00,45.19,45.2,45.19,45.19,6.312
2026-08-11 04:07:00+00:00,45.19,45.21,45.19,45.21,4.778
2026-08-11 04:08:00+00:00,45.21,45.21,45.18,45.18,5.27
2026-08-11 04:09:00+00:00,45.18,45.2,45.18,45.18,191.975
2026-08-11 04:10:00+00:00,45.18,45.2,45.18,45.18,4.58
2026-08-11 04:11:00+00:00,45.18,45.19,45.18,45.18,5.213
2026-08-11 04:12:00+00:00,45.18,45.19,45.18,45.18,5.315
2026-08-11 04:13:00+00:00,45.18,45.19,45.17,45.19,4.188
2026-08-11 04:14:00+00:00,45.19,45.19,45.18,45.18,2.054
2026-08-11 04:15:00+00:00,45.18,45.19,45.17,45.17,381.437
2026-08-11 04:16:00+00:00,45.17,45.19,45.17,45.19,4.583
2026-08-11 04:17:00+00:00,45.19,45.19,45.18,45.18,2.621
2026-08-11 04:18:00+00:00,45.18,45.19,45.18,45.18,5.962
2026-08-11 04:19:00+00:00,45.18,45.19,45.18,45.18,4.263
2026-08-11 04:20:00+00:00,45.18,45.18,45.17,45.17,7.221
2026-08-11 04:21:00+00:00,45.17,45.19,45.17,45.18,3.981
2026-08-11 04:22:00+00:00,45.18,45.19,45.18,45.18,4.187
2026-08-11 04:23:00+00:00,45.18,45.19,45.17,45.18,5.658
2026-08-11 04:24:00+00:00,45.18,45.18,45.17,45.17,6.045
2026-08-11 04:25:00+00:00,45.17,45.18,45.15,45.17,7.4
2026-08-11 04:26:00+00:00,45.17,45.18,45.17,45.17,2.775
2026-08-11 04:27:00+00:00,45.17,45.18,45.16,45.16,2.394
2026-08-11 04:28:00+00:00,45.16,45.18,45.16,45.17,3.545
2026-08-11 04:29:00+00:00,45.17,45.18,45.17,45.18,5.836
2026-08-11 04:30:00+00:00,45.18,45.18,45.17,45.17,5.545
2026-08-11 04:31:00+00:00,45.17,45.18,45.15,45.16,5.195
2026-08-11 04:32:00+00:00,45.16,45.17,45.16,45.16,5.972
2026-08-11 04:33:00+00:00,45.16,45.18,45.16,45.17,5.168
2026-08-11 04:34:00+00:00,45.17,45.17,45.13,45.13,229.048
2026-08-11 04:35:00+00:00,45.13,45.16,45.13,45.15,4.486
2026-08-11 04:36:00+00:00,45.15,45.16,45.14,45.14,6.205
2026-08-11 04:37:00+00:00,45.14,45.15,45.14,45.14,3.836
2026-08-11 04:38:00+00:00,45.14,45.15,45.13,45.14,3.883
2026-08-11 04:39:00+00:00,45.14,45.17,45.13,45.15,192.702
2026-08-11 04:40:00+00:00,45.15,45.16,45.14,45.15,4.526
2026-08-11 04:41:00+00:00,45.15,45.16,45.15,45.15,4.015
2026-08-11 04:42:00+00:00,45.15,45.15,45.14,45.15,0.579
2026-08-11 04:43:00+00:00,45.15,45.15,45.15,45.15,0
2026-08-11 04:44:00+00:00,45.15,45.16,45.14,45.15,1.804
2026-08-11 04:45:00+00:00,45.15,45.15,45.15,45.15,0.204
2026-08-11 04:46:00+00:00,45.15,45.16,45.14,45.16,2.084
2026-08-11 04:47:00+00:00,45.16,45.16,45.14,45.15,2.693
2026-08-11 04:48:00+00:00,45.15,45.15,45.14,45.14,0.312
2026-08-11 04:49:00+00:00,45.14,45.16,45.14,45.16,0.59
2026-08-11 04:50:00+00:00,45.16,45.17,45.12,45.12,4.756
2026-08-11 04:51:00+00:00,45.12,45.15,45.12,45.15,3.954
2026-08-11 04:52:00+00:00,45.15,45.15,45.14,45.15,5.129
2026-08-11 04:53:00+00:00,45.15,45.15,45.14,45.14,4.992
2026-08-11 04:54:00+00:00,45.14,45.16,45.14,45.14,2.708
2026-08-11 04:55:00+00:00,45.14,45.17,45.14,45.15,1.679
2026-08-11 04:56:00+00:00,45.15,45.16,45.15,45.15,4.692
2026-08-11 04:57:00+00:00,45.15,45.16,45.15,45.15,6.193
2026-08-11 04:58:00+00:00,45.15,45.16,45.15,45.16,5.388
2026-08-11 04:59:00+00:00,45.16,45.16,45.15,45.16,4.64
2026-08-11 05:00:00+00:00,45.16,45.16,45.15,45.15,6.543
2026-08-11 05:01:00+00:00,45.15,45.16,45.15,45.16,4.47
2026-08-11 05:02:00+00:00,45.16,45.16,45.15,45.16,6.292
2026-08-11 05:03:00+00:00,45.16,45.17,45.15,45.16,4.774
2026-08-11 05:04:00+00:00,45.16,45.18,45.16,45.17,5.697
2026-08-11 05:05:00+00:00,45.17,45.18,45.15,45.15,5.999
2026-08-11 05:06:00+00:00,45.15,45.17,45.15,45.15,5.147
2026-08-11 05:07:00+00:00,45.15,45.16,45.15,45.15,7.664
2026-08-11 05:08:00+00:00,45.15,45.16,45.14,45.15,4.335
2026-08-11 05:09:00+00:00,45.15,45.16,45.14,45.15,6.781
2026-08-11 05:10:00+00:00,45.15,45.16,45.15,45.16,6.444
2026-08-11 05:11:00+00:00,45.16,45.16,45.15,45.16,5.325
2026-08-11 05:12:00+00:00,45.16,45.16,45.15,45.16,5.39
2026-08-11 05:13:00+00:00,45.16,45.17,45.15,45.17,5.675
2026-08-11 05:14:00+00:00,45.17,45.17,45.15,45.16,4.241
2026-08-11 05:15:00+00:00,45.16,45.16,45.15,45.15,4.776
2026-08-11 05:16:00+00:00,45.15,45.16,45.15,45.16,3.304
2026-08-11 05:17:00+00:00,45.16,45.16,45.15,45.15,6.725
2026-08-11 05:18:00+00:00,45.15,45.16,45.13,45.13,6.55
2026-08-11 05:19:00+00:00,45.13,45.13,45.11,45.11,6.948
2026-08-11 05:20:00+00:00,45.11,45.12,45.07,45.08,228.479
2026-08-11 05:21:00+00:00,45.08,45.08,45.06,45.08,7.209
2026-08-11 05:22:00+00:00,45.08,45.08,45.05,45.05,230.116
2026-08-11 05:23:00+00:00,45.05,45.07,45.04,45.05,5.498
2026-08-11 05:24:00+00:00,45.05,45.07,45.05,45.05,5.509
2026-08-11 05:25:00+00:00,45.05,45.06,45.03,45.04,6.651
2026-08-11 05:26:00+00:00,45.04,45.04,45.03,45.04,4.162
2026-08-11 05:27:00+00:00,45.04,45.04,45.03,45.03,5.85
2026-08-11 05:28:00+00:00,45.03,45.08,45.03,45.05,3.595
2026-08-11 05:29:00+00:00,45.05,45.08,45.05,45.07,3.925
2026-08-11 05:30:00+00:00,45.07,45.07,45.05,45.06,6.835
2026-08-11 05:31:00+00:00,45.06,45.06,45.05,45.05,4.105
2026-08-11 05:32:00+00:00,45.05,45.07,45.05,45.07,6.738
2026-08-11 05:33:00+00:00,45.07,45.12,45.06,45.09,5.575
2026-08-11 05:34:00+00:00,45.09,45.11,45.09,45.1,3.679
2026-08-11 05:35:00+00:00,45.1,45.13,45.1,45.12,4.803
2026-08-11 05:36:00+00:00,45.12,45.13,45.11,45.11,3.837
2026-08-11 05:37:00+00:00,45.11,45.13,45.11,45.12,4.151
2026-08-11 05:38:00+00:00,45.12,45.12,45.12,45.12,0.339
2026-08-11 05:39:00+00:00,45.12,45.13,45.12,45.12,4.504
2026-08-11 05:40:00+00:00,45.12,45.13,45.11,45.11,8.436
2026-08-11 05:41:00+00:00,45.11,45.12,45.1,45.1,4.087
2026-08-11 05:42:00+00:00,45.1,45.11,45.1,45.1,2.95
2026-08-11 05:43:00+00:00,45.1,45.11,45.1,45.1,11.251410108623365107
2026-08-11 05:44:00+00:00,45.1,45.11,45.1,45.1,6.666
2026-08-11 05:45:00+00:00,45.1,45.11,45.1,45.1,4.705
2026-08-11 05:46:00+00:00,45.1,45.12,45.1,45.11,4.234
2026-08-11 05:47:00+00:00,45.11,45.12,45.11,45.12,5.314
2026-08-11 05:48:00+00:00,45.12,45.12,45.11,45.11,7.213
2026-08-11 05:49:00+00:00,45.11,45.12,45.11,45.11,4.367
2026-08-11 05:50:00+00:00,45.11,45.12,45.11,45.12,5.309
2026-08-11 05:51:00+00:00,45.12,45.12,45.09,45.11,13.242410108623365107
2026-08-11 05:52:00+00:00,45.11,45.12,45.11,45.11,7.47
2026-08-11 05:53:00+00:00,45.11,45.12,45.11,45.11,5.602
2026-08-11 05:54:00+00:00,45.11,45.12,45.09,45.09,6.257
2026-08-11 05:55:00+00:00,45.09,45.1,45.09,45.09,6.47
2026-08-11 05:56:00+00:00,45.09,45.12,45.09,45.1,5.853
2026-08-11 05:57:00+00:00,45.1,45.11,45.07,45.09,7.342
2026-08-11 05:58:00+00:00,45.09,45.09,45.08,45.09,5.533
2026-08-11 05:59:00+00:00,45.09,45.09,45.07,45.07,5.721
2026-08-11 06:00:00+00:00,45.07,45.08,45.07,45.08,5.967
2026-08-11 06:01:00+00:00,45.08,45.08,45.07,45.07,7.957
2026-08-11 06:02:00+00:00,45.07,45.08,45.05,45.05,6.919
2026-08-11 06:03:00+00:00,45.05,45.06,45.05,45.05,4.782
2026-08-11 06:04:00+00:00,45.05,45.07,45.03,45.03,5.991
2026-08-11 06:05:00+00:00,45.03,45.04,45.03,45.03,5.772
2026-08-11 06:06:00+00:00,45.03,45.08,45.03,45.06,229.892
2026-08-11 06:07:00+00:00,45.06,45.07,45.06,45.06,5.003
2026-08-11 06:08:00+00:00,45.06,45.1,45.06,45.09,5.161
2026-08-11 06:09:00+00:00,45.09,45.14,45.09,45.13,5.758
2026-08-11 06:10:00+00:00,45.13,45.19,45.13,45.19,5.172
2026-08-11 06:11:00+00:00,45.19,45.19,45.15,45.15,4.73
2026-08-11 06:12:00+00:00,45.15,45.16,45.15,45.15,6.366
2026-08-11 06:13:00+00:00,45.15,45.16,45.14,45.16,5.285
2026-08-11 06:14:00+00:00,45.16,45.16,45.14,45.15,192.529
2026-08-11 06:15:00+00:00,45.15,45.16,45.14,45.15,3.057
2026-08-11 06:16:00+00:00,45.15,45.15,45.14,45.14,4.814
2026-08-11 06:17:00+00:00,45.14,45.15,45.14,45.15,3.378
2026-08-11 06:18:00+00:00,45.15,45.17,45.14,45.15,188.29
2026-08-11 06:19:00+00:00,45.15,45.16,45.13,45.13,3.78
2026-08-11 06:20:00+00:00,45.13,45.14,45.13,45.13,2.535
2026-08-11 06:21:00+00:00,45.13,45.14,45.13,45.13,2.935
2026-08-11 06:22:00+00:00,45.13,45.14,45.13,45.13,3.13
2026-08-11 06:23:00+00:00,45.13,45.14,45.13,45.13,3.802
2026-08-11 06:24:00+00:00,45.13,45.14,45.13,45.13,16.671465280849181777
2026-08-11 06:25:00+00:00,45.13,45.14,45.1,45.11,183.279
2026-08-11 06:26:00+00:00,45.11,45.12,45.11,45.11,5.931
2026-08-11 06:27:00+00:00,45.11,45.12,45.1,45.1,2.607
2026-08-11 06:28:00+00:00,45.1,45.11,45.08,45.09,2.707
2026-08-11 06:29:00+00:00,45.09,45.1,45.09,45.09,51.07719290465631929
2026-08-11 06:30:00+00:00,45.09,45.1,45.09,45.1,4.675
2026-08-11 06:31:00+00:00,45.1,45.11,45.07,45.09,3.224
2026-08-11 06:32:00+00:00,45.09,45.09,45.06,45.07,4.581
2026-08-11 06:33:00+00:00,45.07,45.08,45.07,45.07,3.502
2026-08-11 06:34:00+00:00,45.07,45.08,45.07,45.07,3.157
2026-08-11 06:35:00+00:00,45.07,45.08,45.07,45.07,3.497
2026-08-11 06:36:00+00:00,45.07,45.08,45.07,45.07,3.611
2026-08-11 06:37:00+00:00,45.07,45.08,45.07,45.07,3.036
2026-08-11 06:38:00+00:00,45.07,45.1,45.07,45.09,186.193
2026-08-11 06:39:00+00:00,45.09,45.1,45.09,45.09,6.799
2026-08-11 06:40:00+00:00,45.09,45.1,45.09,45.09,5.682
2026-08-11 06:41:00+00:00,45.09,45.1,45.08,45.09,5.069
2026-08-11 06:42:00+00:00,45.09,45.1,45.09,45.09,5.272
2026-08-11 06:43:00+00:00,45.09,45.1,45.09,45.09,6.04
2026-08-11 06:44:00+00:00,45.09,45.1,45.08,45.08,5.391
2026-08-11 06:45:00+00:00,45.08,45.09,45.07,45.07,2.006
2026-08-11 06:46:00+00:00,45.07,45.07,45.04,45.05,4.215
2026-08-11 06:47:00+00:00,45.05,45.06,45.05,45.06,0.374
2026-08-11 06:48:00+00:00,45.06,45.07,45.04,45.07,0.768
2026-08-11 06:49:00+00:00,45.07,45.07,45.05,45.05,2.3
2026-08-11 06:50:00+00:00,45.05,45.07,45.05,45.07,0.232
2026-08-11 06:51:00+00:00,45.07,45.07,45.07,45.07,0
2026-08-11 06:52:00+00:00,45.07,45.07,45.05,45.06,1.767
2026-08-11 06:53:00+00:00,45.06,45.06,45,45.02,1126.265
2026-08-11 06:54:00+00:00,45.02,45.03,45,45.02,5.915
2026-08-11 06:55:00+00:00,45.02,45.07,45.02,45.04,3.118
2026-08-11 06:56:00+00:00,45.04,45.05,45.03,45.04,7.397
2026-08-11 06:57:00+00:00,45.04,45.1,45.04,45.1,4.512
2026-08-11 06:58:00+00:00,45.1,45.1,45.06,45.07,5.484
2026-08-11 06:59:00+00:00,45.07,45.08,45.07,45.07,5.483
2026-08-11 07:00:00+00:00,45.07,45.08,45.07,45.07,6.259
2026-08-11 07:01:00+00:00,45.07,45.08,45.07,45.07,4.575
2026-08-11 07:02:00+00:00,45.07,45.09,45.07,45.07,4.113
2026-08-11 07:03:00+00:00,45.07,45.08,45.07,45.08,2.406
2026-08-11 07:04:00+00:00,45.08,45.09,45.07,45.08,3.387
2026-08-11 07:05:00+00:00,45.08,45.08,45.07,45.08,2.462
2026-08-11 07:06:00+00:00,45.08,45.09,45.05,45.07,190.272
2026-08-11 07:07:00+00:00,45.07,45.08,45.04,45.06,7.897
2026-08-11 07:08:00+00:00,45.06,45.07,45.05,45.06,6.287
2026-08-11 07:09:00+00:00,45.06,45.07,45.05,45.06,3.729
2026-08-11 07:10:00+00:00,45.06,45.07,45.05,45.06,6.404
2026-08-11 07:11:00+00:00,45.06,45.07,45.05,45.05,5.447
2026-08-11 07:12:00+00:00,45.05,45.07,45.05,45.06,192.029
2026-08-11 07:13:00+00:00,45.06,45.07,45.05,45.05,188.971
2026-08-11 07:14:00+00:00,45.05,45.06,45.03,45.04,5.228
2026-08-11 07:15:00+00:00,45.04,45.04,44.99,45.02,11051.715
2026-08-11 07:16:00+00:00,45.02,45.03,45,45.02,6.175
2026-08-11 07:17:00+00:00,45.02,45.03,45,45.01,5.715
2026-08-11 07:18:00+00:00,45.01,45.02,45,45.01,5.016
2026-08-11 07:19:00+00:00,45.01,45.02,45,45.02,5.427
2026-08-11 07:20:00+00:00,45.02,45.03,44.99,45.02,229.337
2026-08-11 07:21:00+00:00,45.02,45.03,45.01,45.03,11.622756786102062975
2026-08-11 07:22:00+00:00,45.03,45.03,45.01,45.02,54.07519290465631929
2026-08-11 07:23:00+00:00,45.02,45.04,45.02,45.03,4.216
2026-08-11 07:24:00+00:00,45.03,45.05,45.02,45.02,7.228
2026-08-11 07:25:00+00:00,45.02,45.04,45.02,45.03,4.109
2026-08-11 07:26:00+00:00,45.03,45.04,45.02,45.03,6.561
2026-08-11 07:27:00+00:00,45.03,45.04,45,45.04,3.146
2026-08-11 07:28:00+00:00,45.04,45.04,45.02,45.02,4.07
2026-08-11 07:29:00+00:00,45.02,45.03,45.01,45.01,4.004
2026-08-11 07:30:00+00:00,45.01,45.06,45.01,45.06,20.859865008880994671
2026-08-11 07:31:00+00:00,45.06,45.06,45.05,45.05,3.875
2026-08-11 07:32:00+00:00,45.05,45.06,45.05,45.06,4.468
2026-08-11 07:33:00+00:00,45.06,45.06,45.05,45.06,4.565
2026-08-11 07:34:00+00:00,45.06,45.1,45.05,45.06,1664.109
2026-08-11 07:35:00+00:00,45.06,45.08,45.06,45.07,3.11
2026-08-11 07:36:00+00:00,45.07,45.09,45.07,45.07,2.881
2026-08-11 07:37:00+00:00,45.07,45.09,45.07,45.08,4.789
2026-08-11 07:38:00+00:00,45.08,45.12,45.08,45.11,6.746
2026-08-11 07:39:00+00:00,45.11,45.12,45.11,45.12,8.206
2026-08-11 07:40:00+00:00,45.12,45.13,45.11,45.11,3.699
2026-08-11 07:41:00+00:00,45.11,45.12,45.11,45.11,4.097
2026-08-11 07:42:00+00:00,45.11,45.11,45.09,45.1,4.359
2026-08-11 07:43:00+00:00,45.1,45.11,45.1,45.1,0.523
2026-08-11 07:44:00+00:00,45.1,45.12,45.1,45.12,0.245
2026-08-11 07:45:00+00:00,45.12,45.13,45.12,45.12,1.826
2026-08-11 07:46:00+00:00,45.12,45.15,45.12,45.15,228.664
2026-08-11 07:47:00+00:00,45.15,45.15,45.15,45.15,0.499
2026-08-11 07:48:00+00:00,45.15,45.15,45.14,45.14,0.269
2026-08-11 07:49:00+00:00,45.14,45.15,45.12,45.13,5.798
2026-08-11 07:50:00+00:00,45.13,45.13,45.12,45.12,5.252
2026-08-11 07:51:00+00:00,45.12,45.15,45.12,45.15,3.727
2026-08-11 07:52:00+00:00,45.15,45.15,45.12,45.12,4.457
2026-08-11 07:53:00+00:00,45.12,45.13,45.11,45.11,6.886
2026-08-11 07:54:00+00:00,45.11,45.12,45.1,45.1,7.351
2026-08-11 07:55:00+00:00,45.1,45.11,45.1,45.1,4.913
2026-08-11 07:56:00+00:00,45.1,45.12,45.09,45.1,4.602
2026-08-11 07:57:00+00:00,45.1,45.12,45.1,45.11,5.866
2026-08-11 07:58:00+00:00,45.11,45.12,45.11,45.12,5.192
2026-08-11 07:59:00+00:00,45.12,45.13,45.11,45.12,8.027
2026-08-11 08:00:00+00:00,45.12,45.14,45.12,45.13,5.619
2026-08-11 08:01:00+00:00,45.13,45.15,45.12,45.14,6.232
2026-08-11 08:02:00+00:00,45.14,45.15,45.13,45.13,0.603
2026-08-11 08:03:00+00:00,45.13,45.18,45.13,45.17,5.147
2026-08-11 08:04:00+00:00,45.17,45.2,45.16,45.16,4.466
2026-08-11 08:05:00+00:00,45.16,45.17,45.16,45.16,6.779
2026-08-11 08:06:00+00:00,45.16,45.19,45.16,45.17,3.872
2026-08-11 08:07:00+00:00,45.17,45.18,45.16,45.17,5.845
2026-08-11 08:08:00+00:00,45.17,45.18,45.16,45.17,6.266
2026-08-11 08:09:00+00:00,45.17,45.17,45.14,45.14,6.384
2026-08-11 08:10:00+00:00,45.14,45.16,45.14,45.15,5.599
2026-08-11 08:11:00+00:00,45.15,45.17,45.14,45.15,3.527
2026-08-11 08:12:00+00:00,45.15,45.15,45.12,45.12,6.657
2026-08-11 08:13:00+00:00,45.12,45.14,45.12,45.12,4.715
2026-08-11 08:14:00+00:00,45.12,45.14,45.12,45.13,6.428
2026-08-11 08:15:00+00:00,45.13,45.16,45.12,45.14,195.062
2026-08-11 08:16:00+00:00,45.14,45.15,45.12,45.14,4.857
2026-08-11 08:17:00+00:00,45.14,45.14,45.11,45.12,4.475
2026-08-11 08:18:00+00:00,45.12,45.13,45.12,45.12,5.114
2026-08-11 08:19:00+00:00,45.12,45.13,45.09,45.12,112.804406159982273432
2026-08-11 08:20:00+00:00,45.12,45.13,45.12,45.12,5.587
2026-08-11 08:21:00+00:00,45.12,45.14,45.12,45.14,3.696
2026-08-11 08:22:00+00:00,45.14,45.16,45.12,45.15,4.171
2026-08-11 08:23:00+00:00,45.15,45.15,45.14,45.14,6.087
2026-08-11 08:24:00+00:00,45.14,45.15,45.12,45.13,5.755
2026-08-11 08:25:00+00:00,45.13,45.14,45.13,45.13,2.519
2026-08-11 08:26:00+00:00,45.13,45.14,45.13,45.14,4.549
2026-08-11 08:27:00+00:00,45.14,45.15,45.13,45.14,6.373
2026-08-11 08:28:00+00:00,45.14,45.16,45.14,45.15,5.525
2026-08-11 08:29:00+00:00,45.15,45.16,45.14,45.14,4.043
2026-08-11 08:30:00+00:00,45.14,45.14,45.13,45.13,5.104
2026-08-11 08:31:00+00:00,45.13,45.15,45.13,45.14,4.081
2026-08-11 08:32:00+00:00,45.14,45.15,45.13,45.15,3.825
2026-08-11 08:33:00+00:00,45.15,45.15,45.13,45.13,3.819
2026-08-11 08:34:00+00:00,45.13,45.15,45.12,45.12,4.793
2026-08-11 08:35:00+00:00,45.12,45.13,45.11,45.12,6.377
2026-08-11 08:36:00+00:00,45.12,45.13,45.11,45.12,3.261
2026-08-11 08:37:00+00:00,45.12,45.13,45.12,45.13,5.638
2026-08-11 08:38:00+00:00,45.13,45.14,45.13,45.13,4.63
2026-08-11 08:39:00+00:00,45.13,45.14,45.13,45.13,4.478
2026-08-11 08:40:00+00:00,45.13,45.14,45.13,45.13,3.786
2026-08-11 08:41:00+00:00,45.13,45.14,45.13,45.14,4.479
2026-08-11 08:42:00+00:00,45.14,45.2,45.14,45.18,3.139
2026-08-11 08:43:00+00:00,45.18,45.18,45.16,45.17,4.242
2026-08-11 08:44:00+00:00,45.17,45.19,45.17,45.17,5.706
2026-08-11 08:45:00+00:00,45.17,45.18,45.17,45.17,5.672
2026-08-11 08:46:00+00:00,45.17,45.2,45.17,45.18,5.965527851458885941
2026-08-11 08:47:00+00:00,45.18,45.18,45.17,45.18,0.481
2026-08-11 08:48:00+00:00,45.18,45.2,45.17,45.18,4.496
2026-08-11 08:49:00+00:00,45.18,45.19,45.18,45.19,2.984
2026-08-11 08:50:00+00:00,45.19,45.21,45.17,45.2,2.525
2026-08-11 08:51:00+00:00,45.2,45.22,45.19,45.21,6.321
2026-08-11 08:52:00+00:00,45.21,45.22,45.21,45.21,6.071
2026-08-11 08:53:00+00:00,45.21,45.23,45.21,45.21,5.227
2026-08-11 08:54:00+00:00,45.21,45.25,45.21,45.23,6.586
2026-08-11 08:55:00+00:00,45.23,45.25,45.23,45.25,5.706
2026-08-11 08:56:00+00:00,45.25,45.25,45.24,45.24,7.608
2026-08-11 08:57:00+00:00,45.24,45.26,45.24,45.26,4.243
2026-08-11 08:58:00+00:00,45.26,45.26,45.23,45.23,5.309
2026-08-11 08:59:00+00:00,45.23,45.26,45.23,45.25,4.758
2026-08-11 09:00:00+00:00,45.25,45.29,45.25,45.27,3.953
2026-08-11 09:01:00+00:00,45.27,45.28,45.27,45.27,7.75
2026-08-11 09:02:00+00:00,45.27,45.28,45.27,45.28,5.694
2026-08-11 09:03:00+00:00,45.28,45.28,45.25,45.27,3.937
2026-08-11 09:04:00+00:00,45.27,45.27,45.26,45.26,7.396
2026-08-11 09:05:00+00:00,45.26,45.27,45.26,45.27,5.004
2026-08-11 09:06:00+00:00,45.27,45.28,45.26,45.27,5.422
2026-08-11 09:07:00+00:00,45.27,45.27,45.25,45.27,5.766
2026-08-11 09:08:00+00:00,45.27,45.28,45.26,45.28,3.501
2026-08-11 09:09:00+00:00,45.28,45.28,45.28,45.28,0.526
2026-08-11 09:10:00+00:00,45.28,45.29,45.27,45.28,3.652
2026-08-11 09:11:00+00:00,45.28,45.31,45.28,45.3,227.168
2026-08-11 09:12:00+00:00,45.3,45.31,45.29,45.3,3.534
2026-08-11 09:13:00+00:00,45.3,45.31,45.29,45.3,188.591
2026-08-11 09:14:00+00:00,45.3,45.32,45.29,45.3,191.137
2026-08-11 09:15:00+00:00,45.3,45.32,45.29,45.32,188.626
2026-08-11 09:16:00+00:00,45.32,45.33,45.3,45.32,5.248
2026-08-11 09:17:00+00:00,45.32,45.33,45.31,45.32,4.996
2026-08-11 09:18:00+00:00,45.32,45.41,45.32,45.39,229.635
2026-08-11 09:19:00+00:00,45.39,45.39,45.37,45.38,5.027
2026-08-11 09:20:00+00:00,45.38,45.39,45.36,45.36,128.146303657999118554
2026-08-11 09:21:00+00:00,45.36,45.38,45.36,45.37,4.262
2026-08-11 09:22:00+00:00,45.37,45.41,45.37,45.39,189.081
2026-08-11 09:23:00+00:00,45.39,45.41,45.39,45.39,2.679
2026-08-11 09:24:00+00:00,45.39,45.41,45.39,45.4,2.46226431718061674
2026-08-11 09:25:00+00:00,45.4,45.41,45.39,45.4,5.95
2026-08-11 09:26:00+00:00,45.4,45.43,45.39,45.4,21.902865008880994671
2026-08-11 09:27:00+00:00,45.4,45.44,45.4,45.41,2.597
2026-08-11 09:28:00+00:00,45.41,45.46,45.41,45.45,14.952421029476462824
2026-08-11 09:29:00+00:00,45.45,45.46,45.44,45.45,4.736
2026-08-11 09:30:00+00:00,45.45,45.45,45.44,45.44,5.171
2026-08-11 09:31:00+00:00,45.44,45.51,45.44,45.49,6.102
2026-08-11 09:32:00+00:00,45.49,45.5,45.48,45.49,4.613
2026-08-11 09:33:00+00:00,45.49,45.5,45.47,45.47,5.486
2026-08-11 09:34:00+00:00,45.47,45.49,45.47,45.48,5.825
2026-08-11 09:35:00+00:00,45.48,45.49,45.48,45.48,4.523
2026-08-11 09:36:00+00:00,45.48,45.5,45.48,45.49,3.843
2026-08-11 09:37:00+00:00,45.49,45.54,45.49,45.51,5.55
2026-08-11 09:38:00+00:00,45.51,45.54,45.5,45.51,7.158
2026-08-11 09:39:00+00:00,45.51,45.51,45.45,45.48,2976.166
2026-08-11 09:40:00+00:00,45.48,45.48,45.47,45.47,5.714
2026-08-11 09:41:00+00:00,45.47,45.54,45.47,45.54,3.918
2026-08-11 09:42:00+00:00,45.54,45.54,45.51,45.51,9.445
2026-08-11 09:43:00+00:00,45.51,45.53,45.51,45.53,6.009
2026-08-11 09:44:00+00:00,45.53,45.54,45.5,45.51,28.529315459711049708
2026-08-11 09:45:00+00:00,45.51,45.54,45.51,45.52,11.45934622144112478
2026-08-11 09:46:00+00:00,45.52,45.54,45.5,45.5,4.409
2026-08-11 09:47:00+00:00,45.5,45.52,45.5,45.51,5.231
2026-08-11 09:48:00+00:00,45.51,45.52,45.49,45.5,187.877
2026-08-11 09:49:00+00:00,45.5,45.53,45.5,45.52,4.218
2026-08-11 09:50:00+00:00,45.52,45.53,45.52,45.52,8.365836555360281195
2026-08-11 09:51:00+00:00,45.52,45.53,45.52,45.52,3.663
2026-08-11 09:52:00+00:00,45.52,45.53,45.5,45.52,5.791
2026-08-11 09:53:00+00:00,45.52,45.52,45.49,45.5,4.914
2026-08-11 09:54:00+00:00,45.5,45.5,45.49,45.49,4.382
2026-08-11 09:55:00+00:00,45.49,45.52,45.49,45.51,4.902
2026-08-11 09:56:00+00:00,45.51,45.55,45.51,45.55,2.917
2026-08-11 09:57:00+00:00,45.55,45.55,45.51,45.51,3.486
2026-08-11 09:58:00+00:00,45.51,45.54,45.51,45.53,189.634
2026-08-11 09:59:00+00:00,45.53,45.56,45.53,45.56,3.333
2026-08-11 10:00:00+00:00,45.56,45.56,45.49,45.49,186.45
2026-08-11 10:01:00+00:00,45.49,45.5,45.49,45.49,2.909
2026-08-11 10:02:00+00:00,45.49,45.5,45.49,45.49,3.792
2026-08-11 10:03:00+00:00,45.49,45.5,45.49,45.49,3.706
2026-08-11 10:04:00+00:00,45.49,45.5,45.49,45.49,3.691
2026-08-11 10:05:00+00:00,45.49,45.5,45.47,45.47,1489.302
2026-08-11 10:06:00+00:00,45.47,45.49,45.45,45.45,5.625
2026-08-11 10:07:00+00:00,45.45,45.46,45.44,45.44,3.862
2026-08-11 10:08:00+00:00,45.44,45.45,45.44,45.44,3.101
2026-08-11 10:09:00+00:00,45.44,45.45,45.43,45.44,222.094
2026-08-11 10:10:00+00:00,45.44,45.45,45.41,45.45,7.31
2026-08-11 10:11:00+00:00,45.45,45.45,45.42,45.43,27.54
2026-08-11 10:12:00+00:00,45.43,45.44,45.42,45.42,4.656
2026-08-11 10:13:00+00:00,45.42,45.43,45.39,45.41,6.985
2026-08-11 10:14:00+00:00,45.41,45.41,45.4,45.4,5.481
2026-08-11 10:15:00+00:00,45.4,45.41,45.39,45.4,5.751
2026-08-11 10:16:00+00:00,45.4,45.46,45.39,45.46,5.06
2026-08-11 10:17:00+00:00,45.46,45.46,45.43,45.44,3.669
2026-08-11 10:18:00+00:00,45.44,45.44,45.42,45.42,2.072
2026-08-11 10:19:00+00:00,45.42,45.45,45.42,45.44,189.293
2026-08-11 10:20:00+00:00,45.44,45.46,45.43,45.43,3.223
2026-08-11 10:21:00+00:00,45.43,45.45,45.43,45.45,8.108
2026-08-11 10:22:00+00:00,45.45,45.45,45.41,45.42,5.508
2026-08-11 10:23:00+00:00,45.42,45.44,45.42,45.43,3.431
2026-08-11 10:24:00+00:00,45.43,45.44,45.42,45.44,5.114
2026-08-11 10:25:00+00:00,45.44,45.45,45.43,45.44,7.54
2026-08-11 10:26:00+00:00,45.44,45.45,45.42,45.43,5.498
2026-08-11 10:27:00+00:00,45.43,45.45,45.43,45.43,4.572
2026-08-11 10:28:00+00:00,45.43,45.47,45.43,45.46,1.961
2026-08-11 10:29:00+00:00,45.46,45.47,45.46,45.46,3.201
2026-08-11 10:30:00+00:00,45.46,45.49,45.46,45.49,1954.158
2026-08-11 10:31:00+00:00,45.49,45.49,45.44,45.46,411.924
2026-08-11 10:32:00+00:00,45.46,45.47,45.43,45.43,5.582
2026-08-11 10:33:00+00:00,45.43,45.44,45.43,45.44,6.762
2026-08-11 10:34:00+00:00,45.44,45.45,45.43,45.44,3.777
2026-08-11 10:35:00+00:00,45.44,45.45,45.43,45.44,3.041
2026-08-11 10:36:00+00:00,45.44,45.45,45.43,45.43,3.736
2026-08-11 10:37:00+00:00,45.43,45.44,45.42,45.42,2.852
2026-08-11 10:38:00+00:00,45.42,45.43,45.41,45.42,5.457
2026-08-11 10:39:00+00:00,45.42,45.43,45.4,45.41,5.718
2026-08-11 10:40:00+00:00,45.41,45.42,45.4,45.4,4.216
2026-08-11 10:41:00+00:00,45.4,45.41,45.39,45.39,4.432
2026-08-11 10:42:00+00:00,45.39,45.43,45.39,45.42,4.565
2026-08-11 10:43:00+00:00,45.42,45.42,45.38,45.38,225.261
2026-08-11 10:44:00+00:00,45.38,45.4,45.38,45.39,3.981
2026-08-11 10:45:00+00:00,45.39,45.4,45.39,45.4,6.281
2026-08-11 10:46:00+00:00,45.4,45.43,45.38,45.41,227.441
2026-08-11 10:47:00+00:00,45.41,45.43,45.4,45.43,5.31
2026-08-11 10:48:00+00:00,45.43,45.43,45.4,45.4,3.691
2026-08-11 10:49:00+00:00,45.4,45.44,45.4,45.42,225.854
2026-08-11 10:50:00+00:00,45.42,45.45,45.42,45.44,4.898
2026-08-11 10:51:00+00:00,45.44,45.45,45.44,45.45,2.299
2026-08-11 10:52:00+00:00,45.45,45.45,45.42,45.43,7.556
2026-08-11 10:53:00+00:00,45.43,45.45,45.43,45.44,5.178
2026-08-11 10:54:00+00:00,45.44,45.45,45.44,45.44,1.551
2026-08-11 10:55:00+00:00,45.44,45.45,45.43,45.43,46.618
2026-08-11 10:56:00+00:00,45.43,45.45,45.43,45.43,2.005
2026-08-11 10:57:00+00:00,45.43,45.43,45.43,45.43,0
2026-08-11 10:58:00+00:00,45.43,45.45,45.43,45.44,4.259
2026-08-11 10:59:00+00:00,45.44,45.46,45.43,45.44,5.593
2026-08-11 11:00:00+00:00,45.44,45.45,45.44,45.45,4.297
2026-08-11 11:01:00+00:00,45.45,45.49,45.44,45.48,413.322
2026-08-11 11:02:00+00:00,45.48,45.49,45.44,45.46,6.266
2026-08-11 11:03:00+00:00,45.46,45.47,45.45,45.46,4.571
2026-08-11 11:04:00+00:00,45.46,45.47,45.43,45.44,5.993
2026-08-11 11:05:00+00:00,45.44,45.46,45.44,45.45,4.9
2026-08-11 11:06:00+00:00,45.45,45.47,45.42,45.42,608.369
2026-08-11 11:07:00+00:00,45.42,45.44,45.42,45.42,6.858
2026-08-11 11:08:00+00:00,45.42,45.43,45.41,45.41,6.291
2026-08-11 11:09:00+00:00,45.41,45.43,45.39,45.39,5.591
2026-08-11 11:10:00+00:00,45.39,45.42,45.39,45.39,6.891
2026-08-11 11:11:00+00:00,45.39,45.41,45.39,45.4,4.165
2026-08-11 11:12:00+00:00,45.4,45.41,45.4,45.4,6.189
2026-08-11 11:13:00+00:00,45.4,45.41,45.38,45.39,4.84
2026-08-11 11:14:00+00:00,45.39,45.39,45.36,45.37,5.159
2026-08-11 11:15:00+00:00,45.37,45.37,45.37,45.37,1.274
2026-08-11 11:16:00+00:00,45.37,45.39,45.35,45.37,2.91
2026-08-11 11:17:00+00:00,45.37,45.37,45.35,45.36,4.171
2026-08-11 11:18:00+00:00,45.36,45.37,45.36,45.36,3.415
2026-08-11 11:19:00+00:00,45.36,45.37,45.36,45.36,3.588
2026-08-11 11:20:00+00:00,45.36,45.41,45.36,45.39,566.064
2026-08-11 11:21:00+00:00,45.39,45.4,45.39,45.4,5.44
2026-08-11 11:22:00+00:00,45.4,45.43,45.39,45.41,1504.737
2026-08-11 11:23:00+00:00,45.41,45.43,45.41,45.42,3.215
2026-08-11 11:24:00+00:00,45.42,45.43,45.41,45.43,4.893
2026-08-11 11:25:00+00:00,45.43,45.43,45.41,45.41,5.138
2026-08-11 11:26:00+00:00,45.41,45.43,45.41,45.41,5.206
2026-08-11 11:27:00+00:00,45.41,45.43,45.41,45.42,4.165
2026-08-11 11:28:00+00:00,45.42,45.43,45.42,45.43,3.211
2026-08-11 11:29:00+00:00,45.43,45.43,45.42,45.42,11.608754567466431873
2026-08-11 11:30:00+00:00,45.42,45.43,45.42,45.43,20.784386173491853808
2026-08-11 11:31:00+00:00,45.43,45.43,45.42,45.43,3.462
2026-08-11 11:32:00+00:00,45.43,45.43,45.42,45.42,3.272
2026-08-11 11:33:00+00:00,45.42,45.43,45.42,45.43,2.876
2026-08-11 11:34:00+00:00,45.43,45.43,45.42,45.42,1.565
2026-08-11 11:35:00+00:00,45.42,45.47,45.42,45.46,1463.477859259041714319
2026-08-11 11:36:00+00:00,45.46,45.49,45.46,45.47,4.08
2026-08-11 11:37:00+00:00,45.47,45.49,45.46,45.46,6.229
2026-08-11 11:38:00+00:00,45.46,45.47,45.46,45.46,5.454
2026-08-11 11:39:00+00:00,45.46,45.47,45.45,45.46,2.91
2026-08-11 11:40:00+00:00,45.46,45.47,45.45,45.46,2.326
2026-08-11 11:41:00+00:00,45.46,45.47,45.45,45.46,6.199
2026-08-11 11:42:00+00:00,45.46,45.47,45.46,45.46,6.381
2026-08-11 11:43:00+00:00,45.46,45.46,45.43,45.43,6.369
2026-08-11 11:44:00+00:00,45.43,45.45,45.43,45.44,5.692
2026-08-11 11:45:00+00:00,45.44,45.47,45.44,45.47,11.606293653086871781
2026-08-11 11:46:00+00:00,45.47,45.48,45.46,45.48,4.317
2026-08-11 11:47:00+00:00,45.48,45.49,45.48,45.49,5.541
2026-08-11 11:48:00+00:00,45.49,45.49,45.48,45.48,5.252
2026-08-11 11:49:00+00:00,45.48,45.49,45.48,45.48,4.805
2026-08-11 11:50:00+00:00,45.48,45.49,45.48,45.48,5.637
2026-08-11 11:51:00+00:00,45.48,45.49,45.46,45.48,5.179
2026-08-11 11:52:00+00:00,45.48,45.49,45.48,45.48,3.686
2026-08-11 11:53:00+00:00,45.48,45.49,45.48,45.48,3.067
2026-08-11 11:54:00+00:00,45.48,45.49,45.48,45.49,5.638
2026-08-11 11:55:00+00:00,45.49,45.5,45.46,45.49,4.866
2026-08-11 11:56:00+00:00,45.49,45.49,45.47,45.47,3.97
2026-08-11 11:57:00+00:00,45.47,45.48,45.46,45.46,5.438
2026-08-11 11:58:00+00:00,45.46,45.47,45.44,45.44,7.227604047514298284
2026-08-11 11:59:00+00:00,45.44,45.46,45.44,45.45,5.437
2026-08-11 12:00:00+00:00,45.45,45.46,45.43,45.43,4.899
2026-08-11 12:01:00+00:00,45.43,45.44,45.41,45.42,191.366
2026-08-11 12:02:00+00:00,45.42,45.43,45.41,45.41,4.516
2026-08-11 12:03:00+00:00,45.41,45.42,45.4,45.41,5.513
2026-08-11 12:04:00+00:00,45.41,45.41,45.38,45.39,4.611
2026-08-11 12:05:00+00:00,45.39,45.41,45.39,45.4,2.492
2026-08-11 12:06:00+00:00,45.4,45.41,45.4,45.4,4.57
2026-08-11 12:07:00+00:00,45.4,45.41,45.4,45.4,5.355
2026-08-11 12:08:00+00:00,45.4,45.42,45.4,45.41,7.747
2026-08-11 12:09:00+00:00,45.41,45.42,45.4,45.4,4.633
2026-08-11 12:10:00+00:00,45.4,45.43,45.4,45.4,5.776
2026-08-11 12:11:00+00:00,45.4,45.41,45.39,45.4,6.361
2026-08-11 12:12:00+00:00,45.4,45.42,45.39,45.4,5.472
2026-08-11 12:13:00+00:00,45.4,45.41,45.4,45.4,5.289
2026-08-11 12:14:00+00:00,45.4,45.41,45.4,45.41,4.586
2026-08-11 12:15:00+00:00,45.41,45.41,45.4,45.4,4.861
2026-08-11 12:16:00+00:00,45.4,45.41,45.36,45.36,7.076
2026-08-11 12:17:00+00:00,45.36,45.37,45.33,45.37,5.699
2026-08-11 12:18:00+00:00,45.37,45.37,45.33,45.35,5.933
2026-08-11 12:19:00+00:00,45.35,45.35,45.3,45.31,4.829
2026-08-11 12:20:00+00:00,45.31,45.34,45.31,45.32,3.557
2026-08-11 12:21:00+00:00,45.32,45.35,45.32,45.34,5.083
2026-08-11 12:22:00+00:00,45.34,45.35,45.32,45.33,5.755
2026-08-11 12:23:00+00:00,45.33,45.35,45.31,45.32,5.8
2026-08-11 12:24:00+00:00,45.32,45.33,45.32,45.33,4.874
2026-08-11 12:25:00+00:00,45.33,45.33,45.31,45.31,4.93
2026-08-11 12:26:00+00:00,45.31,45.35,45.31,45.34,4.904
2026-08-11 12:27:00+00:00,45.34,45.34,45.31,45.32,14.445079646017699115
2026-08-11 12:28:00+00:00,45.32,45.33,45.32,45.33,5.594
2026-08-11 12:29:00+00:00,45.33,45.35,45.32,45.34,6.5
2026-08-11 12:30:00+00:00,45.34,45.35,45.31,45.31,4.099
2026-08-11 12:31:00+00:00,45.31,45.35,45.31,45.33,4.041
2026-08-11 12:32:00+00:00,45.33,45.33,45.32,45.33,4.177
2026-08-11 12:33:00+00:00,45.33,45.35,45.33,45.35,5.015
2026-08-11 12:34:00+00:00,45.35,45.35,45.34,45.35,5.558
2026-08-11 12:35:00+00:00,45.35,45.35,45.32,45.32,6.828
2026-08-11 12:36:00+00:00,45.32,45.34,45.31,45.34,7.067
2026-08-11 12:37:00+00:00,45.34,45.34,45.32,45.33,192.487
2026-08-11 12:38:00+00:00,45.33,45.35,45.31,45.32,5.158
2026-08-11 12:39:00+00:00,45.32,45.32,45.31,45.31,4.785
2026-08-11 12:40:00+00:00,45.31,45.32,45.29,45.29,5.615
2026-08-11 12:41:00+00:00,45.29,45.31,45.29,45.3,4.292
2026-08-11 12:42:00+00:00,45.3,45.33,45.3,45.3,6.489
2026-08-11 12:43:00+00:00,45.3,45.33,45.29,45.32,6.857
2026-08-11 12:44:00+00:00,45.32,45.34,45.32,45.34,6.408
2026-08-11 12:45:00+00:00,45.34,45.34,45.32,45.32,4.501
2026-08-11 12:46:00+00:00,45.32,45.34,45.32,45.33,5.406
2026-08-11 12:47:00+00:00,45.33,45.34,45.32,45.33,5.282
2026-08-11 12:48:00+00:00,45.33,45.34,45.31,45.32,5.471
2026-08-11 12:49:00+00:00,45.32,45.32,45.31,45.31,6.744
2026-08-11 12:50:00+00:00,45.31,45.33,45.31,45.32,4.548
2026-08-11 12:51:00+00:00,45.32,45.33,45.31,45.32,5.858
2026-08-11 12:52:00+00:00,45.32,45.32,45.31,45.32,4.554
2026-08-11 12:53:00+00:00,45.32,45.33,45.31,45.33,373.653
2026-08-11 12:54:00+00:00,45.33,45.35,45.32,45.34,6.833
2026-08-11 12:55:00+00:00,45.34,45.34,45.32,45.33,4.342
2026-08-11 12:56:00+00:00,45.33,45.34,45.33,45.33,4.053
2026-08-11 12:57:00+00:00,45.33,45.35,45.33,45.34,183.958
2026-08-11 12:58:00+00:00,45.34,45.35,45.34,45.34,7.951
2026-08-11 12:59:00+00:00,45.34,45.35,45.34,45.35,4.663
2026-08-11 13:00:00+00:00,45.35,45.35,45.31,45.32,372.008
2026-08-11 13:01:00+00:00,45.32,45.35,45.3,45.32,596.532
2026-08-11 13:02:00+00:00,45.32,45.35,45.32,45.35,6.099
2026-08-11 13:03:00+00:00,45.35,45.35,45.3,45.3,5.093
2026-08-11 13:04:00+00:00,45.3,45.34,45.3,45.34,3.083
2026-08-11 13:05:00+00:00,45.34,45.34,45.33,45.34,4.326
2026-08-11 13:06:00+00:00,45.34,45.39,45.33,45.37,228.679
2026-08-11 13:07:00+00:00,45.37,45.41,45.36,45.4,5.257
2026-08-11 13:08:00+00:00,45.4,45.43,45.39,45.42,6.809
2026-08-11 13:09:00+00:00,45.42,45.43,45.4,45.42,6.497
2026-08-11 13:10:00+00:00,45.42,45.45,45.42,45.43,6.746
2026-08-11 13:11:00+00:00,45.43,45.44,45.42,45.43,5.45
2026-08-11 13:12:00+00:00,45.43,45.44,45.42,45.42,4.069
2026-08-11 13:13:00+00:00,45.42,45.43,45.41,45.41,3.21
2026-08-11 13:14:00+00:00,45.41,45.42,45.41,45.42,4.751
2026-08-11 13:15:00+00:00,45.42,45.42,45.41,45.41,6.674
2026-08-11 13:16:00+00:00,45.41,45.44,45.41,45.43,6.043
2026-08-11 13:17:00+00:00,45.43,45.44,45.43,45.44,3.683
2026-08-11 13:18:00+00:00,45.44,45.44,45.41,45.41,3.755
2026-08-11 13:19:00+00:00,45.41,45.43,45.4,45.43,3.868
2026-08-11 13:20:00+00:00,45.43,45.43,45.38,45.42,415.5161581149526536
2026-08-11 13:21:00+00:00,45.42,45.43,45.4,45.42,4.611
2026-08-11 13:22:00+00:00,45.42,45.43,45.41,45.41,6.065
2026-08-11 13:23:00+00:00,45.41,45.42,45.4,45.41,3.58
2026-08-11 13:24:00+00:00,45.41,45.43,45.41,45.43,2.952
2026-08-11 13:25:00+00:00,45.43,45.43,45.4,45.4,189.778
2026-08-11 13:26:00+00:00,45.4,45.4,45.36,45.37,5.79
2026-08-11 13:27:00+00:00,45.37,45.38,45.37,45.37,4.401
2026-08-11 13:28:00+00:00,45.37,45.38,45.36,45.36,186.286
2026-08-11 13:29:00+00:00,45.36,45.39,45.36,45.38,5.122
2026-08-11 13:30:00+00:00,45.38,45.4,45.36,45.38,4.825
2026-08-11 13:31:00+00:00,45.38,45.38,45.33,45.33,3.207
2026-08-11 13:32:00+00:00,45.33,45.37,45.33,45.36,9.851497354497354497
2026-08-11 13:33:00+00:00,45.36,45.37,45.35,45.35,5.152
2026-08-11 13:34:00+00:00,45.35,45.35,45.33,45.33,4.18
2026-08-11 13:35:00+00:00,45.33,45.34,45.3,45.31,3381.632
2026-08-11 13:36:00+00:00,45.31,45.35,45.29,45.33,5.201
2026-08-11 13:37:00+00:00,45.33,45.38,45.31,45.35,192.727
2026-08-11 13:38:00+00:00,45.35,45.37,45.34,45.35,5.003
2026-08-11 13:39:00+00:00,45.35,45.36,45.34,45.36,4.857
2026-08-11 13:40:00+00:00,45.36,45.39,45.36,45.39,5.357
2026-08-11 13:41:00+00:00,45.39,45.41,45.31,45.34,3384.819152887006541592
2026-08-11 13:42:00+00:00,45.34,45.36,45.3,45.33,865.32753449565743623
2026-08-11 13:43:00+00:00,45.33,45.35,45.3,45.3,5.646
2026-08-11 13:44:00+00:00,45.3,45.33,45.3,45.31,4.873
2026-08-11 13:45:00+00:00,45.31,45.34,45.3,45.3,7.544
2026-08-11 13:46:00+00:00,45.3,45.33,45.28,45.31,231.742604047514298284
2026-08-11 13:47:00+00:00,45.31,45.35,45.29,45.29,3.442
2026-08-11 13:48:00+00:00,45.29,45.34,45.29,45.32,225.548498326788887449
2026-08-11 13:49:00+00:00,45.32,45.36,45.32,45.36,35.10547343352167561
2026-08-11 13:50:00+00:00,45.36,45.36,45.33,45.33,471.447059401361476782
2026-08-11 13:51:00+00:00,45.33,45.36,45.23,45.25,2490.183956875535468886
2026-08-11 13:52:00+00:00,45.25,45.26,45.21,45.21,946.971547748198652591
2026-08-11 13:53:00+00:00,45.21,45.23,45.2,45.2,461.206528001649331331
2026-08-11 13:54:00+00:00,45.2,45.22,45.14,45.14,2990.965561716124415913
2026-08-11 13:55:00+00:00,45.14,45.16,45.1,45.1,6792.077073283959947336
2026-08-11 13:56:00+00:00,45.1,45.14,45.1,45.12,964.838309151650981885
2026-08-11 13:57:00+00:00,45.12,45.14,45.11,45.11,462.657892989872956171
2026-08-11 13:58:00+00:00,45.11,45.12,45.04,45.05,7807.276838003250128788
2026-08-11 13:59:00+00:00,45.05,45.06,44.99,45.02,1991.256187314122452195
2026-08-11 14:00:00+00:00,45.02,45.02,44.98,45,493.608098889330535633
2026-08-11 14:01:00+00:00,45,45.08,45,45.07,449.946836143410968145
2026-08-11 14:02:00+00:00,45.07,45.09,45.03,45.05,1869.311395302886880712
2026-08-11 14:03:00+00:00,45.05,45.09,45.04,45.09,466.216117718801410879
2026-08-11 14:04:00+00:00,45.09,45.14,45.08,45.12,4.291162070878020803
2026-08-11 14:05:00+00:00,45.12,45.14,45.1,45.1,491.769489263654194882
2026-08-11 14:06:00+00:00,45.1,45.12,45.09,45.11,7.58308384059927921
2026-08-11 14:07:00+00:00,45.11,45.11,45.03,45.04,1884.165124563077336936
2026-08-11 14:08:00+00:00,45.04,45.09,45.04,45.09,5.937176664499541907
2026-08-11 14:09:00+00:00,45.09,45.09,45.06,45.07,465.143851296019153631
2026-08-11 14:10:00+00:00,45.07,45.08,45.06,45.08,5.377849558506750213
2026-08-11 14:11:00+00:00,45.08,45.08,45.03,45.03,493.764734793096703534
2026-08-11 14:12:00+00:00,45.03,45.05,45.02,45.05,508.954559360998464443
2026-08-11 14:13:00+00:00,45.05,45.05,45.03,45.03,462.284114270324237911
2026-08-11 14:14:00+00:00,45.03,45.06,45.03,45.04,510.183195748838968269
2026-08-11 14:15:00+00:00,45.04,45.1,45.04,45.1,509.017096363261487663
2026-08-11 14:16:00+00:00,45.1,45.1,45.07,45.07,950.450624595284733156
2026-08-11 14:17:00+00:00,45.07,45.08,45.05,45.06,495.617488465673812215
2026-08-11 14:18:00+00:00,45.06,45.07,45.04,45.07,464.038798807596516328
2026-08-11 14:19:00+00:00,45.07,45.07,45.04,45.05,5.718390290473945765
2026-08-11 14:20:00+00:00,45.05,45.05,45.04,45.05,3.907279286090252978
2026-08-11 14:21:00+00:00,45.05,45.05,45.04,45.05,4.281961546574459395
2026-08-11 14:22:00+00:00,45.05,45.05,45.03,45.03,492.214423183672743867
2026-08-11 14:23:00+00:00,45.03,45.06,45.03,45.05,454.574886997604122554
2026-08-11 14:24:00+00:00,45.05,45.05,44.96,45,2943.751987253440237739
2026-08-11 14:25:00+00:00,45,45.04,44.97,45.04,463.871699498927314777
2026-08-11 14:26:00+00:00,45.04,45.05,45.03,45.03,461.556082426346224953
2026-08-11 14:27:00+00:00,45.03,45.05,45.02,45.04,512.09101634951316895
2026-08-11 14:28:00+00:00,45.04,45.06,45.02,45.06,6.159490545838294764
2026-08-11 14:29:00+00:00,45.06,45.07,45.03,45.05,949.583212004349323475
2026-08-11 14:30:00+00:00,45.05,45.05,45.02,45.04,495.695611526991215538
2026-08-11 14:31:00+00:00,45.04,45.04,45.02,45.02,3.667488842535348403
2026-08-11 14:32:00+00:00,45.02,45.04,45.02,45.02,4.33888711786275371
2026-08-11 14:33:00+00:00,45.02,45.04,45,45,489.579023790239442095
2026-08-11 14:34:00+00:00,45,45.03,44.99,45.03,465.745869707767488262
2026-08-11 14:35:00+00:00,45.03,45.06,45.02,45.06,5.73337120288214836
2026-08-11 14:36:00+00:00,45.06,45.06,45.01,45.03,494.571265804984761763
2026-08-11 14:37:00+00:00,45.03,45.04,45.02,45.04,4.53986339423020793
2026-08-11 14:38:00+00:00,45.04,45.04,44.99,45.01,962.314650053199489007
2026-08-11 14:39:00+00:00,45.01,45.04,45,45.04,481.756857996189852742
2026-08-11 14:40:00+00:00,45.04,45.05,45.02,45.02,474.781089757008315715
2026-08-11 14:41:00+00:00,45.02,45.05,45.01,45.03,495.304100724817261945
2026-08-11 14:42:00+00:00,45.03,45.07,45.03,45.07,449.481531313805012263
2026-08-11 14:43:00+00:00,45.07,45.08,45.06,45.08,6.514144363931287901
2026-08-11 14:44:00+00:00,45.08,45.08,45.06,45.06,3.800970016907359245
2026-08-11 14:45:00+00:00,45.06,45.08,45.06,45.06,4.25062401270355881
2026-08-11 14:46:00+00:00,45.06,45.09,45.06,45.08,10.091719381047779015
2026-08-11 14:47:00+00:00,45.08,45.08,45.05,45.06,470.261189409527527417
2026-08-11 14:48:00+00:00,45.06,45.06,45.03,45.04,501.001817170560727798
2026-08-11 14:49:00+00:00,45.04,45.04,45.02,45.04,507.264130371108005673
2026-08-11 14:50:00+00:00,45.04,45.04,44.95,44.98,2889.898434985991476507
2026-08-11 14:51:00+00:00,44.98,44.99,44.94,44.97,1435.754627917579716388
2026-08-11 14:52:00+00:00,44.97,45,44.93,44.98,1466.549882565541216677
2026-08-11 14:53:00+00:00,44.98,45,44.95,44.97,466.882880907237618058
2026-08-11 14:54:00+00:00,44.97,45,44.96,45,465.079932443818311344
2026-08-11 14:55:00+00:00,45,45,44.95,44.96,953.778127273631404046
2026-08-11 14:56:00+00:00,44.96,44.97,44.94,44.94,494.531581348636909879
2026-08-11 14:57:00+00:00,44.94,44.97,44.93,44.93,983.717119995415894981
2026-08-11 14:58:00+00:00,44.93,44.98,44.92,44.96,1017.933599836415936143
2026-08-11 14:59:00+00:00,44.96,45.01,44.96,44.99,1027.967686424364151134
2026-08-11 15:00:00+00:00,44.99,45.02,44.97,45,1859.72109970198407752
2026-08-11 15:01:00+00:00,45,45,44.97,44.98,464.087427807356313056
2026-08-11 15:02:00+00:00,44.98,45.03,44.97,45,948.551082496764162937
2026-08-11 15:03:00+00:00,45,45.03,44.99,45.03,972.603385841567644439
2026-08-11 15:04:00+00:00,45.03,45.03,44.96,44.96,934.634638580943467317
2026-08-11 15:05:00+00:00,44.96,44.99,44.95,44.97,953.034189170622482157
2026-08-11 15:06:00+00:00,44.97,45.02,44.97,44.99,464.784745588243185457
2026-08-11 15:07:00+00:00,44.99,45.08,44.99,45.08,5.544702487177941689
2026-08-11 15:08:00+00:00,45.08,45.1,45.07,45.1,5.835048319903444402
2026-08-11 15:09:00+00:00,45.1,45.11,45.09,45.11,4.432539611779229115
2026-08-11 15:10:00+00:00,45.11,45.13,45.11,45.13,448.930595743820111955
2026-08-11 15:11:00+00:00,45.13,45.13,45.04,45.04,3204.459662516607517283
2026-08-11 15:12:00+00:00,45.04,45.07,45.04,45.07,4.826459668808857163
2026-08-11 15:13:00+00:00,45.07,45.08,45.04,45.05,10.81518907855295298
2026-08-11 15:14:00+00:00,45.05,45.06,45.04,45.04,4.805986566203246415
2026-08-11 15:15:00+00:00,45.04,45.07,45.04,45.06,5.777908459523096555
2026-08-11 15:16:00+00:00,45.06,45.08,45.06,45.06,4.428707363003561782
2026-08-11 15:17:00+00:00,45.06,45.08,45.05,45.06,1390.890968972034192286
2026-08-11 15:18:00+00:00,45.06,45.08,45.05,45.06,946.384963826482476795
2026-08-11 15:19:00+00:00,45.06,45.1,45.05,45.09,6.302083760114426416
2026-08-11 15:20:00+00:00,45.09,45.1,45.07,45.1,934.473841484077294121
2026-08-11 15:21:00+00:00,45.1,45.14,45.08,45.14,997.173789561801628113
2026-08-11 15:22:00+00:00,45.14,45.15,45.13,45.13,3.524044885560744473
2026-08-11 15:23:00+00:00,45.13,45.15,45.11,45.12,493.381865048329971098
2026-08-11 15:24:00+00:00,45.12,45.12,45.1,45.12,492.348125621157081971
2026-08-11 15:25:00+00:00,45.12,45.12,45.08,45.08,557.480091467721006034
2026-08-11 15:26:00+00:00,45.08,45.08,45.03,45.07,492.818389175434739384
2026-08-11 15:27:00+00:00,45.07,45.08,45.06,45.06,4.571601856470321758
2026-08-11 15:28:00+00:00,45.06,45.09,45.06,45.08,6.938762598379640141
2026-08-11 15:29:00+00:00,45.08,45.09,45.08,45.09,3.74953198699711884
2026-08-11 15:30:00+00:00,45.09,45.1,45.06,45.08,958.149629602476242736
2026-08-11 15:31:00+00:00,45.08,45.08,45.06,45.06,3.614513981358189077
2026-08-11 15:32:00+00:00,45.06,45.08,45.05,45.06,451.075489886876015888
2026-08-11 15:33:00+00:00,45.06,45.07,45.03,45.05,3451.220944551027450753
2026-08-11 15:34:00+00:00,45.05,45.07,45.02,45.02,937.696480501894655973
2026-08-11 15:35:00+00:00,45.02,45.03,45.01,45.01,1536.360722576408455469
2026-08-11 15:36:00+00:00,45.01,45.04,45,45.04,2676.464691244753373545
2026-08-11 15:37:00+00:00,45.04,45.04,44.94,44.95,7676.689876375411891299
2026-08-11 15:38:00+00:00,44.95,44.97,44.93,44.97,3574.204007317558014928
2026-08-11 15:39:00+00:00,44.97,44.99,44.97,44.99,6.740715924006410797
2026-08-11 15:40:00+00:00,44.99,45,44.97,44.98,495.57470406479782019
2026-08-11 15:41:00+00:00,44.98,45,44.94,44.96,992.00248125303464644
2026-08-11 15:42:00+00:00,44.96,44.96,44.9,44.93,4045.623965512377256367
2026-08-11 15:43:00+00:00,44.93,44.96,44.92,44.94,5.551795057403128853
2026-08-11 15:44:00+00:00,44.94,44.99,44.94,44.99,4.705466300146863915
2026-08-11 15:45:00+00:00,44.99,45.02,44.97,45,936.634350722137839939
2026-08-11 15:46:00+00:00,45,45.05,45,45.05,5.933570731492326448
2026-08-11 15:47:00+00:00,45.05,45.06,45,45.02,512.741753230198020302
2026-08-11 15:48:00+00:00,45.02,45.02,44.96,44.97,1899.712391200451184962
2026-08-11 15:49:00+00:00,44.97,44.99,44.95,44.97,5.182465502889423233
2026-08-11 15:50:00+00:00,44.97,45.01,44.97,45.01,6.489988684224393718
2026-08-11 15:51:00+00:00,45.01,45.02,44.98,45,451.888817563586881178
2026-08-11 15:52:00+00:00,45,45,44.98,44.99,3.033100326179560737
2026-08-11 15:53:00+00:00,44.99,44.99,44.97,44.97,476.404476535264449859
2026-08-11 15:54:00+00:00,44.97,44.99,44.97,44.97,3.49721177384167054
2026-08-11 15:55:00+00:00,44.97,45,44.97,45,465.846351098772781811
2026-08-11 15:56:00+00:00,45,45.02,44.99,45.02,7.057699734552862209
2026-08-11 15:57:00+00:00,45.02,45.02,44.99,45.01,496.587148249995798347
2026-08-11 15:58:00+00:00,45.01,45.03,44.99,45.01,5.029946372894489895
2026-08-11 15:59:00+00:00,45.01,45.03,44.99,44.99,477.317255855537707555
2026-08-11 16:00:00+00:00,44.99,45.01,44.97,44.97,498.285747881790782962
2026-08-11 16:01:00+00:00,44.97,45,44.97,44.97,463.963868999158354949
2026-08-11 16:02:00+00:00,44.97,45,44.97,45,6.056905912324482477
2026-08-11 16:03:00+00:00,45,45.07,44.99,45.05,1392.657274595978968121
2026-08-11 16:04:00+00:00,45.05,45.14,45.05,45.12,5.234996536609848809
2026-08-11 16:05:00+00:00,45.12,45.15,45.12,45.15,3.866166828979302179
2026-08-11 16:06:00+00:00,45.15,45.15,45.12,45.12,464.885886805993386109
2026-08-11 16:07:00+00:00,45.12,45.13,45.1,45.1,962.533231206985920772
2026-08-11 16:08:00+00:00,45.1,45.13,45.1,45.13,7.08941134500373435
2026-08-11 16:09:00+00:00,45.13,45.15,45.13,45.14,5.642256601094070576
2026-08-11 16:10:00+00:00,45.14,45.16,45.14,45.14,4.245087549687950445
2026-08-11 16:11:00+00:00,45.14,45.16,45.13,45.15,496.389942112678636652
2026-08-11 16:12:00+00:00,45.15,45.15,45.1,45.1,1431.047763024482852362
2026-08-11 16:13:00+00:00,45.1,45.12,45.1,45.12,4.036055780299098923
2026-08-11 16:14:00+00:00,45.12,45.13,45.1,45.12,7.707110221783743492
2026-08-11 16:15:00+00:00,45.12,45.13,45.09,45.09,531.68456772064593691
2026-08-11 16:16:00+00:00,45.09,45.11,45.09,45.09,4.344990434903979566
2026-08-11 16:17:00+00:00,45.09,45.12,45.09,45.11,8.528393311812119682
2026-08-11 16:18:00+00:00,45.11,45.15,45.11,45.15,5.514513836605159339
2026-08-11 16:19:00+00:00,45.15,45.15,45.13,45.15,4.246207424889681311
2026-08-11 16:20:00+00:00,45.15,45.15,45.13,45.13,3.702117902778217419
2026-08-11 16:21:00+00:00,45.13,45.15,45.12,45.14,468.657059980731650892
2026-08-11 16:22:00+00:00,45.14,45.14,45.1,45.1,936.228189813910113018
2026-08-11 16:23:00+00:00,45.1,45.12,45.1,45.1,2.394956577974870655
2026-08-11 16:24:00+00:00,45.1,45.12,45.1,45.1,4.001839391580569571
2026-08-11 16:25:00+00:00,45.1,45.13,45.1,45.13,9.348307927081893681
2026-08-11 16:26:00+00:00,45.13,45.13,45.1,45.11,467.586339099417677329
2026-08-11 16:27:00+00:00,45.11,45.11,45.09,45.09,491.210342848823780959
2026-08-11 16:28:00+00:00,45.09,45.11,45.02,45.02,5385.912407930370945418
2026-08-11 16:29:00+00:00,45.02,45.04,44.99,45.01,2192.094367441951328248
2026-08-11 16:30:00+00:00,45.01,45.04,44.99,45.04,922.055348790305954555
2026-08-11 16:31:00+00:00,45.04,45.1,45.04,45.1,542.232504000498483232
2026-08-11 16:32:00+00:00,45.1,45.1,45.07,45.09,462.089008543670808421
2026-08-11 16:33:00+00:00,45.09,45.09,45.07,45.07,3.859408195910031373
2026-08-11 16:34:00+00:00,45.07,45.09,45.03,45.03,1882.172805677703482141
2026-08-11 16:35:00+00:00,45.03,45.05,45.03,45.04,6.286291962290653802
2026-08-11 16:36:00+00:00,45.04,45.05,45.03,45.05,543.476328170585240243
2026-08-11 16:37:00+00:00,45.05,45.07,45.02,45.04,1430.391272350383075744
2026-08-11 16:38:00+00:00,45.04,45.05,45.02,45.04,5.301660304644848866
2026-08-11 16:39:00+00:00,45.04,45.05,44.99,45.01,1881.393742743949970975
2026-08-11 16:40:00+00:00,45.01,45.02,44.99,45.01,5.745365377724412521
2026-08-11 16:41:00+00:00,45.01,45.02,44.99,44.99,463.352809789875109258
2026-08-11 16:42:00+00:00,44.99,45.02,44.99,45.02,463.150296620713754985
2026-08-11 16:43:00+00:00,45.02,45.02,44.99,45,5.113339797486814768
2026-08-11 16:44:00+00:00,45,45.01,44.98,44.98,493.688360083308827502
2026-08-11 16:45:00+00:00,44.98,45.03,44.98,45.01,2458.063963451573329019
2026-08-11 16:46:00+00:00,45.01,45.01,44.99,44.99,3.756809553422693991
2026-08-11 16:47:00+00:00,44.99,45.02,44.98,45,969.833392271679132574
2026-08-11 16:48:00+00:00,45,45.03,45,45.03,4.301957333385423582
2026-08-11 16:49:00+00:00,45.03,45.03,45,45.02,494.568161711815109196
2026-08-11 16:50:00+00:00,45.02,45.02,45,45.02,3.97331678760057258
2026-08-11 16:51:00+00:00,45.02,45.02,45,45,4.047848324201589412
2026-08-11 16:52:00+00:00,45,45.02,44.99,45,10.261644598398724942
2026-08-11 16:53:00+00:00,45,45.02,44.99,45.01,5.58011040322623082
2026-08-11 16:54:00+00:00,45.01,45.03,45.01,45.01,12.993811005844523824
2026-08-11 16:55:00+00:00,45.01,45.03,45.01,45.03,3.918822357585007259
2026-08-11 16:56:00+00:00,45.03,45.03,45.01,45.03,44.298224167519231997
2026-08-11 16:57:00+00:00,45.03,45.03,45.01,45.03,3.992460120516066622
2026-08-11 16:58:00+00:00,45.03,45.03,45.01,45.01,3.608451247022215256
2026-08-11 16:59:00+00:00,45.01,45.03,45.01,45.01,4.055224325751283926
2026-08-11 17:00:00+00:00,45.01,45.05,45.01,45.04,16.015565338689001037
2026-08-11 17:01:00+00:00,45.04,45.05,45.03,45.05,462.344721793433777474
2026-08-11 17:02:00+00:00,45.05,45.06,45.03,45.06,8.572049970754894701
2026-08-11 17:03:00+00:00,45.06,45.08,45.05,45.08,5.601186893247600898
2026-08-11 17:04:00+00:00,45.08,45.08,45.04,45.04,462.382260449834970402
2026-08-11 17:05:00+00:00,45.04,45.06,45.04,45.04,3.994581548659415228
2026-08-11 17:06:00+00:00,45.04,45.06,45.04,45.06,3.347957095295871535
2026-08-11 17:07:00+00:00,45.06,45.06,45.04,45.06,3.754277876192706146
2026-08-11 17:08:00+00:00,45.06,45.06,45.04,45.06,3.568392429592593726
2026-08-11 17:09:00+00:00,45.06,45.06,45.04,45.04,3.45071749607194354
2026-08-11 17:10:00+00:00,45.04,45.06,45.04,45.04,3.963172135199248835
2026-08-11 17:11:00+00:00,45.04,45.09,45.04,45.09,16.037474157655323807
2026-08-11 17:12:00+00:00,45.09,45.09,45.08,45.09,4.427924152680540519
2026-08-11 17:13:00+00:00,45.09,45.09,45.07,45.09,6.927362288758142775
2026-08-11 17:14:00+00:00,45.09,45.09,45.07,45.07,3.720384593827900242
2026-08-11 17:15:00+00:00,45.07,45.09,45.07,45.07,4.036472202649898286
2026-08-11 17:16:00+00:00,45.07,45.09,45.07,45.07,2.933493942027440812
2026-08-11 17:17:00+00:00,45.07,45.14,45.07,45.14,15.424190661826868089
2026-08-11 17:18:00+00:00,45.14,45.14,45.11,45.12,920.101211674499743389
2026-08-11 17:19:00+00:00,45.12,45.13,45.11,45.11,4.685329730771238604
2026-08-11 17:20:00+00:00,45.11,45.13,45.11,45.11,3.534083457415541285
2026-08-11 17:21:00+00:00,45.11,45.14,45.11,45.13,5.919018878407650044
2026-08-11 17:22:00+00:00,45.13,45.15,45.13,45.15,4.233147302428456481
2026-08-11 17:23:00+00:00,45.15,45.15,45.13,45.15,2.935605357133655224
2026-08-11 17:24:00+00:00,45.15,45.18,45.13,45.18,496.060209072066318943
2026-08-11 17:25:00+00:00,45.18,45.18,45.16,45.18,3.788814724371875741
2026-08-11 17:26:00+00:00,45.18,45.19,45.16,45.18,7.053357982554163916
2026-08-11 17:27:00+00:00,45.18,45.19,45.16,45.17,978.583446108527747389
2026-08-11 17:28:00+00:00,45.17,45.17,45.15,45.15,5.106811294343219573
2026-08-11 17:29:00+00:00,45.15,45.19,45.15,45.19,3.461592758014319912
2026-08-11 17:30:00+00:00,45.19,45.19,45.17,45.19,4.004357196385732278
2026-08-11 17:31:00+00:00,45.19,45.19,45.17,45.17,4.172653313393091021
2026-08-11 17:32:00+00:00,45.17,45.19,45.17,45.17,3.151551526007108544
2026-08-11 17:33:00+00:00,45.17,45.19,45.17,45.19,2.471148026611179919
2026-08-11 17:34:00+00:00,45.19,45.19,45.15,45.16,490.447464649296164405
2026-08-11 17:35:00+00:00,45.16,45.19,45.15,45.19,4.95312105009059257
2026-08-11 17:36:00+00:00,45.19,45.19,45.17,45.17,3.773426072084005329
2026-08-11 17:37:00+00:00,45.17,45.19,45.15,45.15,463.892250534093320725
2026-08-11 17:38:00+00:00,45.15,45.17,45.15,45.15,4.074457444020387108
2026-08-11 17:39:00+00:00,45.15,45.17,45.15,45.17,3.4392870590271623
2026-08-11 17:40:00+00:00,45.17,45.17,45.15,45.17,4.296990441670950955
2026-08-11 17:41:00+00:00,45.17,45.19,45.15,45.19,11.372661517317457686
2026-08-11 17:42:00+00:00,45.19,45.19,45.17,45.17,3.477383054344182183
2026-08-11 17:43:00+00:00,45.17,45.19,45.17,45.17,4.213197380817460112
2026-08-11 17:44:00+00:00,45.17,45.23,45.17,45.21,1619.855499973763248043
2026-08-11 17:45:00+00:00,45.21,45.23,45.2,45.22,461.584396951726714958
2026-08-11 17:46:00+00:00,45.22,45.23,45.21,45.23,461.739250865475902701
2026-08-11 17:47:00+00:00,45.23,45.23,45.21,45.21,3.564665026740614445
2026-08-11 17:48:00+00:00,45.21,45.23,45.21,45.21,4.053453422437253653
2026-08-11 17:49:00+00:00,45.21,45.23,45.18,45.19,979.824646871383035242
2026-08-11 17:50:00+00:00,45.19,45.2,45.18,45.18,4.083844044618008875
2026-08-11 17:51:00+00:00,45.18,45.21,45.18,45.19,4.647488028145870411
2026-08-11 17:52:00+00:00,45.19,45.21,45.19,45.21,3.481871445584591856
2026-08-11 17:53:00+00:00,45.21,45.21,45.19,45.21,3.412201073508158108
2026-08-11 17:54:00+00:00,45.21,45.24,45.19,45.23,16.588074418074947885
2026-08-11 17:55:00+00:00,45.23,45.28,45.23,45.28,1109.543940917663033469
2026-08-11 17:56:00+00:00,45.28,45.28,45.23,45.25,490.395732364083607071
2026-08-11 17:57:00+00:00,45.25,45.25,45.22,45.22,504.742860101164948209
2026-08-11 17:58:00+00:00,45.22,45.25,45.22,45.23,461.397118134650921887
2026-08-11 17:59:00+00:00,45.23,45.25,45.23,45.23,4.324056096342451038
2026-08-11 18:00:00+00:00,45.23,45.26,45.21,45.24,1393.953760338348325211
2026-08-11 18:01:00+00:00,45.24,45.27,45.24,45.26,5.47429423822114666
2026-08-11 18:02:00+00:00,45.26,45.29,45.26,45.26,462.07674445977243758
2026-08-11 18:03:00+00:00,45.26,45.27,45.24,45.26,8.185104354725030946
2026-08-11 18:04:00+00:00,45.26,45.28,45.23,45.23,463.203421877945195263
2026-08-11 18:05:00+00:00,45.23,45.26,45.23,45.26,5.240668473328964773
2026-08-11 18:06:00+00:00,45.26,45.27,45.25,45.25,7.326909171446226378
2026-08-11 18:07:00+00:00,45.25,45.28,45.25,45.26,52.218341763146197652
2026-08-11 18:08:00+00:00,45.26,45.28,45.25,45.25,444.558768737440059702
2026-08-11 18:09:00+00:00,45.25,45.26,45.22,45.22,464.941235755241624479
2026-08-11 18:10:00+00:00,45.22,45.24,45.18,45.18,2044.527106809775481475
2026-08-11 18:11:00+00:00,45.18,45.19,45.18,45.18,4.452559607406473532
2026-08-11 18:12:00+00:00,45.18,45.19,45.15,45.16,798.941165018247480686
2026-08-11 18:13:00+00:00,45.16,45.28,45.15,45.27,458.401204806542274669
2026-08-11 18:14:00+00:00,45.27,45.31,45.27,45.29,5.351442003079343755
2026-08-11 18:15:00+00:00,45.29,45.37,45.29,45.37,4672.550859429344997338
2026-08-11 18:16:00+00:00,45.37,45.38,45.35,45.35,1383.807822675239532787
2026-08-11 18:17:00+00:00,45.35,45.36,45.34,45.34,485.174438193574599997
2026-08-11 18:18:00+00:00,45.34,45.36,45.34,45.36,5.078854941966984303
2026-08-11 18:19:00+00:00,45.36,45.39,45.36,45.39,6.04387263329565361
2026-08-11 18:20:00+00:00,45.39,45.39,45.38,45.38,3.448281724879650826
2026-08-11 18:21:00+00:00,45.38,45.38,45.33,45.35,966.92148481574043903
2026-08-11 18:22:00+00:00,45.35,45.36,45.32,45.36,455.671086987933015068
2026-08-11 18:23:00+00:00,45.36,45.36,45.34,45.34,3.05016888856213955
2026-08-11 18:24:00+00:00,45.34,45.36,45.32,45.32,959.144117970016633932
2026-08-11 18:25:00+00:00,45.32,45.33,45.31,45.33,2900.502602410160754968
2026-08-11 18:26:00+00:00,45.33,45.35,45.33,45.33,6.2158215199172225
2026-08-11 18:27:00+00:00,45.33,45.35,45.33,45.33,3.883968520935897981
2026-08-11 18:28:00+00:00,45.33,45.35,45.32,45.32,918.993382448175030143
2026-08-11 18:29:00+00:00,45.32,45.33,45.29,45.32,905.10053615657592205
2026-08-11 18:30:00+00:00,45.32,45.32,45.3,45.3,3.545302085342591991
2026-08-11 18:31:00+00:00,45.3,45.33,45.3,45.31,495.238002614324874596
2026-08-11 18:32:00+00:00,45.31,45.31,45.28,45.28,944.796947095686663614
2026-08-11 18:33:00+00:00,45.28,45.29,45.22,45.24,487.776882998947417338
2026-08-11 18:34:00+00:00,45.24,45.29,45.22,45.29,6.019346120562654891
2026-08-11 18:35:00+00:00,45.29,45.31,45.27,45.27,1388.354546557173444459
2026-08-11 18:36:00+00:00,45.27,45.28,45.26,45.28,1006.305004768943566293
2026-08-11 18:37:00+00:00,45.28,45.28,45.26,45.26,3.075039680432959776
2026-08-11 18:38:00+00:00,45.26,45.26,45.24,45.25,914.28132374420524544
2026-08-11 18:39:00+00:00,45.25,45.25,45.22,45.22,505.741325027067587807
2026-08-11 18:40:00+00:00,45.22,45.23,45.18,45.19,1449.255230581296310573
2026-08-11 18:41:00+00:00,45.19,45.26,45.19,45.26,478.343664263167912024
2026-08-11 18:42:00+00:00,45.26,45.27,45.25,45.27,3.572974098930053805
2026-08-11 18:43:00+00:00,45.27,45.3,45.25,45.3,944.141542630674521309
2026-08-11 18:44:00+00:00,45.3,45.31,45.3,45.3,3.982364854871567507
2026-08-11 18:45:00+00:00,45.3,45.31,45.3,45.3,3.712625674590008584
2026-08-11 18:46:00+00:00,45.3,45.32,45.3,45.32,471.659375676416150483
2026-08-11 18:47:00+00:00,45.32,45.35,45.3,45.35,1407.88744960469242543
2026-08-11 18:48:00+00:00,45.35,45.37,45.34,45.34,457.700896905721441024
2026-08-11 18:49:00+00:00,45.34,45.36,45.34,45.34,1.532389746821685683
2026-08-11 18:50:00+00:00,45.34,45.36,45.34,45.34,3.577296376816667943
2026-08-11 18:51:00+00:00,45.34,45.37,45.34,45.36,5.314116434374226601
2026-08-11 18:52:00+00:00,45.36,45.37,45.36,45.36,1.286580687344775213
2026-08-11 18:53:00+00:00,45.36,45.37,45.34,45.34,463.863922057164462502
2026-08-11 18:54:00+00:00,45.34,45.36,45.34,45.34,5.839007984884747682
2026-08-11 18:55:00+00:00,45.34,45.39,45.34,45.39,7.377635025431462093
2026-08-11 18:56:00+00:00,45.39,45.39,45.34,45.34,1493.723999810137209397
2026-08-11 18:57:00+00:00,45.34,45.35,45.33,45.35,4.506412969839454918
2026-08-11 18:58:00+00:00,45.35,45.37,45.33,45.37,6.419497674577028677
2026-08-11 18:59:00+00:00,45.37,45.37,45.35,45.35,3.689968207017201934
2026-08-11 19:00:00+00:00,45.35,45.37,45.31,45.33,2202.084401783827618155
2026-08-11 19:01:00+00:00,45.33,45.34,45.31,45.33,934.731918769898896082
2026-08-11 19:02:00+00:00,45.33,45.33,45.32,45.32,3.325524539179098296
2026-08-11 19:03:00+00:00,45.32,45.33,45.3,45.3,495.204902199374613592
2026-08-11 19:04:00+00:00,45.3,45.31,45.29,45.31,457.872951103209712068
2026-08-11 19:05:00+00:00,45.31,45.31,45.29,45.31,3.641328472012848943
2026-08-11 19:06:00+00:00,45.31,45.33,45.29,45.33,506.92385486813460643
2026-08-11 19:07:00+00:00,45.33,45.34,45.32,45.32,503.879863971382641532
2026-08-11 19:08:00+00:00,45.32,45.34,45.31,45.31,438.500908074969077075
2026-08-11 19:09:00+00:00,45.31,45.34,45.3,45.34,493.011936305152805763
2026-08-11 19:10:00+00:00,45.34,45.36,45.34,45.36,3.696574667000943566
2026-08-11 19:11:00+00:00,45.36,45.36,45.33,45.33,488.945880875521077385
2026-08-11 19:12:00+00:00,45.33,45.36,45.33,45.33,492.439714871414269715
2026-08-11 19:13:00+00:00,45.33,45.35,45.33,45.34,991.985205322674899967
2026-08-11 19:14:00+00:00,45.34,45.34,45.3,45.32,1430.1675526810848671
2026-08-11 19:15:00+00:00,45.32,45.34,45.3,45.32,947.347002036046316257
2026-08-11 19:16:00+00:00,45.32,45.33,45.3,45.32,4.863486954054791662
2026-08-11 19:17:00+00:00,45.32,45.34,45.32,45.34,5.294455068172611851
2026-08-11 19:18:00+00:00,45.34,45.38,45.34,45.36,477.78111822558352786
2026-08-11 19:19:00+00:00,45.36,45.38,45.36,45.38,3.019001448089151918
2026-08-11 19:20:00+00:00,45.38,45.39,45.36,45.39,7.057557787994806597
2026-08-11 19:21:00+00:00,45.39,45.4,45.36,45.4,460.170375560479543946
2026-08-11 19:22:00+00:00,45.4,45.4,45.37,45.38,914.368977286066126701
2026-08-11 19:23:00+00:00,45.38,45.38,45.36,45.36,489.079036210763213931
2026-08-11 19:24:00+00:00,45.36,45.36,45.28,45.3,3252.048055143849056366
2026-08-11 19:25:00+00:00,45.3,45.36,45.3,45.36,5.482190390744028717
2026-08-11 19:26:00+00:00,45.36,45.36,45.33,45.33,944.452539562891869834
2026-08-11 19:27:00+00:00,45.33,45.36,45.33,45.35,977.750242012083685156
2026-08-11 19:28:00+00:00,45.35,45.35,45.33,45.35,3.977478362156631103
2026-08-11 19:29:00+00:00,45.35,45.35,45.33,45.35,8.076946994854103101
2026-08-11 19:30:00+00:00,45.35,45.38,45.35,45.37,4.672318894619572482
2026-08-11 19:31:00+00:00,45.37,45.4,45.37,45.38,458.829148834577695265
2026-08-11 19:32:00+00:00,45.38,45.4,45.37,45.37,7.858946236186336125
2026-08-11 19:33:00+00:00,45.37,45.39,45.36,45.37,459.265348457795939189
2026-08-11 19:34:00+00:00,45.37,45.37,45.36,45.37,5.600503434624733565
2026-08-11 19:35:00+00:00,45.37,45.4,45.37,45.38,460.283067792566879775
2026-08-11 19:36:00+00:00,45.38,45.4,45.38,45.4,3.93125660356111776
2026-08-11 19:37:00+00:00,45.4,45.41,45.39,45.39,458.556122493780031752
2026-08-11 19:38:00+00:00,45.39,45.41,45.38,45.4,489.889272747813121186
2026-08-11 19:39:00+00:00,45.4,45.41,45.38,45.4,4.252685620328561788
2026-08-11 19:40:00+00:00,45.4,45.43,45.4,45.41,481.661401475775813055
2026-08-11 19:41:00+00:00,45.41,45.41,45.39,45.39,489.025708964403974669
2026-08-11 19:42:00+00:00,45.39,45.42,45.39,45.42,7.132307608648330591
2026-08-11 19:43:00+00:00,45.42,45.43,45.41,45.43,4.869350905386741107
2026-08-11 19:44:00+00:00,45.43,45.44,45.41,45.44,8.816356337234481184
2026-08-11 19:45:00+00:00,45.44,45.44,45.42,45.44,457.363556488792410507
2026-08-11 19:46:00+00:00,45.44,45.44,45.42,45.44,4.280126053223803766
2026-08-11 19:47:00+00:00,45.44,45.47,45.42,45.46,2178.358212406431719978
2026-08-11 19:48:00+00:00,45.46,45.47,45.44,45.46,939.915247467083362196
2026-08-11 19:49:00+00:00,45.46,45.48,45.46,45.46,5.740016443528899468
2026-08-11 19:50:00+00:00,45.46,45.48,45.45,45.45,458.975984610195653615
2026-08-11 19:51:00+00:00,45.45,45.47,45.45,45.45,5.444677178519083132
2026-08-11 19:52:00+00:00,45.45,45.49,45.45,45.49,7.907076422417296632
2026-08-11 19:53:00+00:00,45.49,45.5,45.47,45.48,500.699752095118580539
2026-08-11 19:54:00+00:00,45.48,45.5,45.48,45.48,28.549239127987583758
2026-08-11 19:55:00+00:00,45.48,45.5,45.48,45.48,3.565870035856843238
2026-08-11 19:56:00+00:00,45.48,45.5,45.47,45.48,438.064460702032769315
2026-08-11 19:57:00+00:00,45.48,45.5,45.47,45.48,444.429228321414867581
2026-08-11 19:58:00+00:00,45.48,45.5,45.48,45.5,3.354084055785902745
2026-08-11 19:59:00+00:00,45.5,45.5,45.47,45.47,6.718522175213285877
2026-08-11 20:00:00+00:00,45.47,45.48,45.45,45.47,1924.557095230061158584
2026-08-11 20:01:00+00:00,45.47,45.48,45.45,45.45,941.496045163025714146
2026-08-11 20:02:00+00:00,45.45,45.47,45.44,45.46,458.275526699222791494
2026-08-11 20:03:00+00:00,45.46,45.48,45.45,45.46,897.350269900228571215
2026-08-11 20:04:00+00:00,45.46,45.48,45.45,45.48,503.086302795461958853
2026-08-11 20:05:00+00:00,45.48,45.52,45.46,45.5,986.037095837750677817
2026-08-11 20:06:00+00:00,45.5,45.53,45.5,45.51,459.060731599656226137
2026-08-11 20:07:00+00:00,45.51,45.54,45.48,45.49,1517.945036476051031486
2026-08-11 20:08:00+00:00,45.49,45.52,45.48,45.5,4.901508241657104746
2026-08-11 20:09:00+00:00,45.5,45.52,45.49,45.49,459.159440269727178213
2026-08-11 20:10:00+00:00,45.49,45.52,45.49,45.52,443.997313179103331125
2026-08-11 20:11:00+00:00,45.52,45.52,45.49,45.5,6.316058073316150848
2026-08-11 20:12:00+00:00,45.5,45.5,45.49,45.49,3.185854067673368615
2026-08-11 20:13:00+00:00,45.49,45.5,45.49,45.49,4.081991400114504086
2026-08-11 20:14:00+00:00,45.49,45.5,45.49,45.49,3.86440843175290306
2026-08-11 20:15:00+00:00,45.49,45.5,45.49,45.49,3.476966129495916257
2026-08-11 20:16:00+00:00,45.49,45.52,45.49,45.5,13.648966441133627552
2026-08-11 20:17:00+00:00,45.5,45.52,45.5,45.52,3.178651074760037848
2026-08-11 20:18:00+00:00,45.52,45.52,45.49,45.49,467.45081331714618459
2026-08-11 20:19:00+00:00,45.49,45.51,45.49,45.49,4.013752064424686114
2026-08-11 20:20:00+00:00,45.49,45.51,45.49,45.49,3.688482414610912426
2026-08-11 20:21:00+00:00,45.49,45.51,45.49,45.51,3.74877959902328699
2026-08-11 20:22:00+00:00,45.51,45.51,45.49,45.51,4.27330469621082942
2026-08-11 20:23:00+00:00,45.51,45.51,45.49,45.51,4.053087194932360573
2026-08-11 20:24:00+00:00,45.51,45.51,45.48,45.48,487.571329574614222752
2026-08-11 20:25:00+00:00,45.48,45.5,45.48,45.5,457.468717843268580441
2026-08-11 20:26:00+00:00,45.5,45.51,45.48,45.49,5.643819497977270513
2026-08-11 20:27:00+00:00,45.49,45.49,45.47,45.49,501.98516328613333114
2026-08-11 20:28:00+00:00,45.49,45.49,45.47,45.49,4.150766757767955725
2026-08-11 20:29:00+00:00,45.49,45.51,45.47,45.49,8.355073606373094561
2026-08-11 20:30:00+00:00,45.49,45.52,45.49,45.5,459.327983702117719852
2026-08-11 20:31:00+00:00,45.5,45.52,45.49,45.5,4.545052608985655932
2026-08-11 20:32:00+00:00,45.5,45.51,45.48,45.49,458.84670240323800782
2026-08-11 20:33:00+00:00,45.49,45.49,45.46,45.47,928.954885345906777731
2026-08-11 20:34:00+00:00,45.47,45.47,45.46,45.47,3.967831252816189432
2026-08-11 20:35:00+00:00,45.47,45.47,45.46,45.47,3.512823696696312867
2026-08-11 20:36:00+00:00,45.47,45.47,45.46,45.47,7.315773413546213455
2026-08-11 20:37:00+00:00,45.47,45.49,45.46,45.46,462.812198119847802977
2026-08-11 20:38:00+00:00,45.46,45.48,45.46,45.46,5.187267255428062814
2026-08-11 20:39:00+00:00,45.46,45.48,45.46,45.48,3.861533407547822487
2026-08-11 20:40:00+00:00,45.48,45.49,45.48,45.49,7.780872998656474499
2026-08-11 20:41:00+00:00,45.49,45.49,45.48,45.48,2.239849538292409843
2026-08-11 20:42:00+00:00,45.48,45.49,45.46,45.47,919.201959326567298778
2026-08-11 20:43:00+00:00,45.47,45.47,45.46,45.47,4.110268698699635255
2026-08-11 20:44:00+00:00,45.47,45.48,45.46,45.48,7.682025839076218538
2026-08-11 20:45:00+00:00,45.48,45.48,45.46,45.46,3.600805012457432103
2026-08-11 20:46:00+00:00,45.46,45.49,45.46,45.46,914.35216377293383802
2026-08-11 20:47:00+00:00,45.46,45.5,45.46,45.5,454.291802309555395498
2026-08-11 20:48:00+00:00,45.5,45.5,45.47,45.47,487.449043171725394277
2026-08-11 20:49:00+00:00,45.47,45.49,45.46,45.47,461.361194423245873602
2026-08-11 20:50:00+00:00,45.47,45.49,45.47,45.49,4.822378850521480572
2026-08-11 20:51:00+00:00,45.49,45.49,45.46,45.46,912.409648940049092307
2026-08-11 20:52:00+00:00,45.46,45.47,45.45,45.47,487.571123545099653778
2026-08-11 20:53:00+00:00,45.47,45.47,45.42,45.44,678.763320498250128737
2026-08-11 20:54:00+00:00,45.44,45.44,45.42,45.44,2.065797800342344687
2026-08-11 20:55:00+00:00,45.44,45.46,45.42,45.44,7.429428684912581364
2026-08-11 20:56:00+00:00,45.44,45.47,45.44,45.46,5.936841635116274695
2026-08-11 20:57:00+00:00,45.46,45.47,45.46,45.46,4.174835469710645933
2026-08-11 20:58:00+00:00,45.46,45.47,45.46,45.47,3.583611032873548022
2026-08-11 20:59:00+00:00,45.47,45.47,45.46,45.47,3.957771279894180452
2026-08-11 21:00:00+00:00,45.47,45.47,45.44,45.45,466.695364246754630154
2026-08-11 21:01:00+00:00,45.45,45.47,45.44,45.47,503.081861873805609721
2026-08-11 21:02:00+00:00,45.47,45.47,45.45,45.45,1.153046196636377953
2026-08-11 21:03:00+00:00,45.45,45.47,45.45,45.45,3.489289394741101551
2026-08-11 21:04:00+00:00,45.45,45.47,45.45,45.45,3.983701169765096143
2026-08-11 21:05:00+00:00,45.45,45.47,45.45,45.47,2.261105345634629437
2026-08-11 21:06:00+00:00,45.47,45.47,45.45,45.47,67.868870588783573965
2026-08-11 21:07:00+00:00,45.47,45.47,45.45,45.47,3.779328601432828564
2026-08-11 21:08:00+00:00,45.47,45.47,45.45,45.45,3.353220177086985139
2026-08-11 21:09:00+00:00,45.45,45.47,45.45,45.45,3.758319950314802751
2026-08-11 21:10:00+00:00,45.45,45.47,45.45,45.47,3.65780425106508891
2026-08-11 21:11:00+00:00,45.47,45.5,45.45,45.47,20.232423261401895219
2026-08-11 21:12:00+00:00,45.47,45.48,45.47,45.48,2.03940355485819078
2026-08-11 21:13:00+00:00,45.48,45.5,45.45,45.5,518.225708177021069621
2026-08-11 21:14:00+00:00,45.5,45.5,45.49,45.5,3.707633702854630525
2026-08-11 21:15:00+00:00,45.5,45.51,45.49,45.49,6.269351053986390609
2026-08-11 21:16:00+00:00,45.49,45.52,45.49,45.49,495.935652970207046574
2026-08-11 21:17:00+00:00,45.49,45.51,45.48,45.49,6.609851272634292034
2026-08-11 21:18:00+00:00,45.49,45.5,45.48,45.5,4.938914287829137037
2026-08-11 21:19:00+00:00,45.5,45.5,45.48,45.5,3.78003898827645529
2026-08-11 21:20:00+00:00,45.5,45.5,45.48,45.48,3.076645461838073971
2026-08-11 21:21:00+00:00,45.48,45.5,45.48,45.48,1.297553026568857702
2026-08-11 21:22:00+00:00,45.48,45.5,45.48,45.48,3.348426696434611998
2026-08-11 21:23:00+00:00,45.48,45.5,45.48,45.5,3.824480491364396372
2026-08-11 21:24:00+00:00,45.5,45.51,45.5,45.5,12.554292076731497866
2026-08-11 21:25:00+00:00,45.5,45.53,45.5,45.5,463.924721347983627549
2026-08-11 21:26:00+00:00,45.5,45.51,45.49,45.49,487.953605123014588502
2026-08-11 21:27:00+00:00,45.49,45.51,45.49,45.51,0.809834749901449094
2026-08-11 21:28:00+00:00,45.51,45.51,45.46,45.48,11.745267436803286447
2026-08-11 21:29:00+00:00,45.48,45.48,45.46,45.46,2.412653299546006982
2026-08-11 21:30:00+00:00,45.46,45.46,45.46,45.46,0
2026-08-11 21:31:00+00:00,45.46,45.48,45.46,45.46,1.850890438442021959
2026-08-11 21:32:00+00:00,45.46,45.48,45.46,45.48,3.706254505396027934
2026-08-11 21:33:00+00:00,45.48,45.48,45.45,45.45,7.648586063065908639
2026-08-11 21:34:00+00:00,45.45,45.47,45.45,45.47,4.603263463923602024
2026-08-11 21:35:00+00:00,45.47,45.47,45.42,45.44,929.889730570273413754
2026-08-11 21:36:00+00:00,45.44,45.44,45.42,45.44,4.037387735982163339
2026-08-11 21:37:00+00:00,45.44,45.45,45.41,45.45,169.86235994185944558
2026-08-11 21:38:00+00:00,45.45,45.48,45.45,45.46,4.666319426067798033
2026-08-11 21:39:00+00:00,45.46,45.48,45.46,45.48,3.229711120681349366
2026-08-11 21:40:00+00:00,45.48,45.48,45.46,45.48,3.961812243920351364
2026-08-11 21:41:00+00:00,45.48,45.48,45.45,45.46,463.250428229596219639
2026-08-11 21:42:00+00:00,45.46,45.46,45.42,45.42,489.251178081298739439
2026-08-11 21:43:00+00:00,45.42,45.44,45.41,45.44,7.542816415961955841
2026-08-11 21:44:00+00:00,45.44,45.44,45.43,45.44,2.92498197001733048
2026-08-11 21:45:00+00:00,45.44,45.44,45.43,45.43,2.339582603479118156
2026-08-11 21:46:00+00:00,45.43,45.44,45.43,45.43,3.667528141692993083
2026-08-11 21:47:00+00:00,45.43,45.45,45.43,45.43,9.453488195152811655
2026-08-11 21:48:00+00:00,45.43,45.45,45.43,45.45,3.87668552327387702
2026-08-11 21:49:00+00:00,45.45,45.45,45.43,45.45,2.787099048887939638
2026-08-11 21:50:00+00:00,45.45,45.45,45.43,45.45,4.086177072913102442
2026-08-11 21:51:00+00:00,45.45,45.45,45.43,45.43,3.503523248208598095
2026-08-11 21:52:00+00:00,45.43,45.45,45.43,45.43,4.031616289958293644
2026-08-11 21:53:00+00:00,45.43,45.45,45.43,45.43,3.77327468824364276
2026-08-11 21:54:00+00:00,45.43,45.45,45.43,45.45,3.688454123862749465
2026-08-11 21:55:00+00:00,45.45,45.47,45.43,45.47,479.104679881224212509
2026-08-11 21:56:00+00:00,45.47,45.5,45.46,45.48,5.397836586152814247
2026-08-11 21:57:00+00:00,45.48,45.5,45.47,45.47,898.809123838315783123
2026-08-11 21:58:00+00:00,45.47,45.48,45.47,45.47,3.839115509873520745
2026-08-11 21:59:00+00:00,45.47,45.48,45.47,45.48,2.969611275877723117
2026-08-11 22:00:00+00:00,45.48,45.48,45.47,45.48,1.552745511117249157
2026-08-11 22:01:00+00:00,45.48,45.54,45.48,45.54,464.173018892425566562
2026-08-11 22:02:00+00:00,45.54,45.54,45.52,45.54,457.296945708660170131
2026-08-11 22:03:00+00:00,45.54,45.54,45.49,45.49,1412.460922872572852713
2026-08-11 22:04:00+00:00,45.49,45.5,45.47,45.47,497.155142858947665223
2026-08-11 22:05:00+00:00,45.47,45.49,45.46,45.46,6.631781240399921726
2026-08-11 22:06:00+00:00,45.46,45.47,45.45,45.45,501.583615537317971951
2026-08-11 22:07:00+00:00,45.45,45.47,45.45,45.45,1.602470686919142759
2026-08-11 22:08:00+00:00,45.45,45.47,45.45,45.47,3.588764550085974063
2026-08-11 22:09:00+00:00,45.47,45.47,45.45,45.47,3.012381983744888669
2026-08-11 22:10:00+00:00,45.47,45.47,45.41,45.45,895.394291612998301114
2026-08-11 22:11:00+00:00,45.45,45.46,45.44,45.46,2.976198102315940058
2026-08-11 22:12:00+00:00,45.46,45.47,45.44,45.46,4.030369229454030944
2026-08-11 22:13:00+00:00,45.46,45.48,45.46,45.46,5.578851348570174404
2026-08-11 22:14:00+00:00,45.46,45.48,45.46,45.48,3.346320404612132555
2026-08-11 22:15:00+00:00,45.48,45.48,45.45,45.46,488.793437138217151496
2026-08-11 22:16:00+00:00,45.46,45.47,45.45,45.47,3.865702140920051972
2026-08-11 22:17:00+00:00,45.47,45.5,45.47,45.49,10.798861325808721551
2026-08-11 22:18:00+00:00,45.49,45.5,45.47,45.49,489.848149301716525094
2026-08-11 22:19:00+00:00,45.49,45.49,45.46,45.47,458.409997485975065355
2026-08-11 22:20:00+00:00,45.47,45.47,45.46,45.47,4.183083521950095253
2026-08-11 22:21:00+00:00,45.47,45.47,45.46,45.47,3.865910516073457149
2026-08-11 22:22:00+00:00,45.47,45.47,45.44,45.45,931.368292550084410302
2026-08-11 22:23:00+00:00,45.45,45.46,45.44,45.44,3.82112636332065135
2026-08-11 22:24:00+00:00,45.44,45.46,45.44,45.44,1.827907166104856147
2026-08-11 22:25:00+00:00,45.44,45.46,45.44,45.44,3.817749197561081398
2026-08-11 22:26:00+00:00,45.44,45.46,45.44,45.46,3.426225713829833371
2026-08-11 22:27:00+00:00,45.46,45.46,45.44,45.46,4.151459774650985538
2026-08-11 22:28:00+00:00,45.46,45.46,45.44,45.46,3.875833992350495399
2026-08-11 22:29:00+00:00,45.46,45.47,45.44,45.46,8.747839221064621449
2026-08-11 22:30:00+00:00,45.46,45.48,45.46,45.46,5.2737093621977445
2026-08-11 22:31:00+00:00,45.46,45.48,45.45,45.46,532.613473474838031896
2026-08-11 22:32:00+00:00,45.46,45.48,45.45,45.46,459.906851880273151824
2026-08-11 22:33:00+00:00,45.46,45.49,45.46,45.49,8.341711606420393462
2026-08-11 22:34:00+00:00,45.49,45.5,45.48,45.5,3.244197385206229964
2026-08-11 22:35:00+00:00,45.5,45.5,45.48,45.5,3.88238719591753892
2026-08-11 22:36:00+00:00,45.5,45.5,45.48,45.48,3.901523277953357103
2026-08-11 22:37:00+00:00,45.48,45.5,45.48,45.48,4.015016807291213619
2026-08-11 22:38:00+00:00,45.48,45.5,45.48,45.48,3.42523959330027931
2026-08-11 22:39:00+00:00,45.48,45.5,45.48,45.5,3.737131655503687161
2026-08-11 22:40:00+00:00,45.5,45.5,45.48,45.5,3.732076459160891874
2026-08-11 22:41:00+00:00,45.5,45.5,45.48,45.5,3.852389631476702709
2026-08-11 22:42:00+00:00,45.5,45.5,45.46,45.46,489.159399602754099226
2026-08-11 22:43:00+00:00,45.46,45.47,45.44,45.44,1470.919605979432988165
2026-08-11 22:44:00+00:00,45.44,45.45,45.44,45.44,3.878945995831977558
2026-08-11 22:45:00+00:00,45.44,45.45,45.43,45.45,386.763295561344321176
2026-08-11 22:46:00+00:00,45.45,45.45,45.43,45.45,3.902557417969399841
2026-08-11 22:47:00+00:00,45.45,45.45,45.43,45.45,4.416099585745499484
2026-08-11 22:48:00+00:00,45.45,45.45,45.39,45.42,1054.80659893931488605
2026-08-11 22:49:00+00:00,45.42,45.42,45.41,45.42,3.678734017990206355
2026-08-11 22:50:00+00:00,45.42,45.42,45.41,45.42,7.828392019247114032
2026-08-11 22:51:00+00:00,45.42,45.43,45.39,45.41,462.393425578653085555
2026-08-11 22:52:00+00:00,45.41,45.44,45.39,45.43,5.936621288326415437
2026-08-11 22:53:00+00:00,45.43,45.45,45.43,45.45,445.437538161366310547
2026-08-11 22:54:00+00:00,45.45,45.45,45.43,45.43,6.016699166849553344
2026-08-11 22:55:00+00:00,45.43,45.45,45.43,45.43,3.55576809496930322
2026-08-11 22:56:00+00:00,45.43,45.46,45.43,45.46,10.463037304208969243
2026-08-11 22:57:00+00:00,45.46,45.46,45.44,45.44,458.0749117144704082
2026-08-11 22:58:00+00:00,45.44,45.46,45.44,45.44,3.285225180548756681
2026-08-11 22:59:00+00:00,45.44,45.46,45.44,45.44,3.853119442568300249
2026-08-11 23:00:00+00:00,45.44,45.46,45.43,45.46,928.769934880103457523
2026-08-11 23:01:00+00:00,45.46,45.46,45.44,45.46,3.764140352453480224
2026-08-11 23:02:00+00:00,45.46,45.46,45.44,45.46,4.262083850994218715
2026-08-11 23:03:00+00:00,45.46,45.46,45.44,45.44,0.950489189536692215
2026-08-11 23:04:00+00:00,45.44,45.46,45.44,45.44,3.251389154604264385
2026-08-11 23:05:00+00:00,45.44,45.45,45.43,45.43,464.355873502422242004
2026-08-11 23:06:00+00:00,45.43,45.45,45.43,45.45,3.374901175347558963
2026-08-11 23:07:00+00:00,45.45,45.45,45.43,45.45,4.103618463541269376
2026-08-11 23:08:00+00:00,45.45,45.45,45.43,45.45,3.786415416360037934
2026-08-11 23:09:00+00:00,45.45,45.45,45.43,45.43,2.166027285537270431
2026-08-11 23:10:00+00:00,45.43,45.47,45.43,45.47,470.450572379697405215
2026-08-11 23:11:00+00:00,45.47,45.47,45.45,45.47,4.174271027718562481
2026-08-11 23:12:00+00:00,45.47,45.47,45.45,45.45,2.988875611115103148
2026-08-11 23:13:00+00:00,45.45,45.47,45.45,45.45,3.152959436255919406
2026-08-11 23:14:00+00:00,45.45,45.47,45.45,45.45,3.911445058735035583
2026-08-11 23:15:00+00:00,45.45,45.49,45.45,45.49,14.036056621686958495
2026-08-11 23:16:00+00:00,45.49,45.5,45.48,45.5,458.139735909361627782
2026-08-11 23:17:00+00:00,45.5,45.5,45.48,45.5,4.205651492746479548
2026-08-11 23:18:00+00:00,45.5,45.5,45.48,45.48,3.572050876124754748
2026-08-11 23:19:00+00:00,45.48,45.5,45.48,45.48,3.923012100476480418
2026-08-11 23:20:00+00:00,45.48,45.5,45.48,45.48,3.272752249509505441
2026-08-11 23:21:00+00:00,45.48,45.5,45.48,45.5,3.625839021137174164
2026-08-11 23:22:00+00:00,45.5,45.5,45.48,45.5,4.043718915209680374
2026-08-11 23:23:00+00:00,45.5,45.51,45.48,45.5,17.212200924800705973
2026-08-11 23:24:00+00:00,45.5,45.51,45.5,45.5,4.083475193231290785
2026-08-11 23:25:00+00:00,45.5,45.51,45.5,45.5,4.154930605759874048
2026-08-11 23:26:00+00:00,45.5,45.54,45.5,45.54,11.117281838060995168
2026-08-11 23:27:00+00:00,45.54,45.54,45.48,45.49,1489.861813183414382991
2026-08-11 23:28:00+00:00,45.49,45.49,45.45,45.47,961.838386786652900384
2026-08-11 23:29:00+00:00,45.47,45.48,45.45,45.47,6.50708305284107069
2026-08-11 23:30:00+00:00,45.47,45.48,45.47,45.48,4.11748995007484614
2026-08-11 23:31:00+00:00,45.48,45.48,45.46,45.48,459.795900477286459844
2026-08-11 23:32:00+00:00,45.48,45.48,45.46,45.46,2.226712988812494652
2026-08-11 23:33:00+00:00,45.46,45.48,45.46,45.46,3.791677665346825042
2026-08-11 23:34:00+00:00,45.46,45.48,45.43,45.46,916.529114350963077474
2026-08-11 23:35:00+00:00,45.46,45.47,45.46,45.47,3.815174922796376812
2026-08-11 23:36:00+00:00,45.47,45.47,45.46,45.47,3.814209423965231491
2026-08-11 23:37:00+00:00,45.47,45.48,45.46,45.48,8.392847719951470868
2026-08-11 23:38:00+00:00,45.48,45.48,45.46,45.46,2.198501093677026123
2026-08-11 23:39:00+00:00,45.46,45.48,45.46,45.46,3.388883545935789373
2026-08-11 23:40:00+00:00,45.46,45.48,45.46,45.46,2.544657659550510927
2026-08-11 23:41:00+00:00,45.46,45.49,45.46,45.48,9.08313303579894743
2026-08-11 23:42:00+00:00,45.48,45.49,45.48,45.49,3.918427586025556172
2026-08-11 23:43:00+00:00,45.49,45.49,45.48,45.49,3.815650389881468526
2026-08-11 23:44:00+00:00,45.49,45.49,45.48,45.48,3.436192752502652149
2026-08-11 23:45:00+00:00,45.48,45.49,45.47,45.47,464.716894679632344478
2026-08-11 23:46:00+00:00,45.47,45.49,45.46,45.46,500.204384856689173208
2026-08-11 23:47:00+00:00,45.46,45.47,45.46,45.47,3.780921409290133033
2026-08-11 23:48:00+00:00,45.47,45.47,45.46,45.47,3.357073072937867199
2026-08-11 23:49:00+00:00,45.47,45.47,45.46,45.47,3.180650643893262822
2026-08-11 23:50:00+00:00,45.47,45.47,45.46,45.46,3.656762753897286882
2026-08-11 23:51:00+00:00,45.46,45.49,45.46,45.48,10.49873797687601394
2026-08-11 23:52:00+00:00,45.48,45.49,45.48,45.49,2.835145072331707914
2026-08-11 23:53:00+00:00,45.49,45.49,45.48,45.49,3.241428528755486283
2026-08-11 23:54:00+00:00,45.49,45.49,45.48,45.49,3.999665124000113679
2026-08-11 23:55:00+00:00,45.49,45.49,45.47,45.47,10.860676268173462094
2026-08-11 23:56:00+00:00,45.47,45.49,45.47,45.49,3.287021336904608287
2026-08-11 23:57:00+00:00,45.49,45.49,45.49,45.49,0
2026-08-11 23:58:00+00:00,45.49,45.49,45.46,45.47,495.365627534378206181
2026-08-11 23:59:00+00:00,45.47,45.48,45.46,45.48,6.482393186346358978
2026-08-12 00:00:00+00:00,45.48,45.48,45.44,45.44,972.974256219805692598
2026-08-12 00:01:00+00:00,45.44,45.47,45.44,45.46,7.007560670280378769
2026-08-12 00:02:00+00:00,45.46,45.48,45.46,45.48,2.849447564001093606
2026-08-12 00:03:00+00:00,45.48,45.48,45.46,45.48,3.916432386073213866
2026-08-12 00:04:00+00:00,45.48,45.48,45.45,45.46,460.489948364840790676
2026-08-12 00:05:00+00:00,45.46,45.46,45.45,45.46,3.954486972674390179
2026-08-12 00:06:00+00:00,45.46,45.46,45.43,45.43,1386.281485975250556761
2026-08-12 00:07:00+00:00,45.43,45.44,45.43,45.44,6.484090628129330672
2026-08-12 00:08:00+00:00,45.44,45.49,45.44,45.49,12.930005293659146559
2026-08-12 00:09:00+00:00,45.49,45.5,45.46,45.46,488.16817223556592229
2026-08-12 00:10:00+00:00,45.46,45.48,45.46,45.46,4.05146807712889756
2026-08-12 00:11:00+00:00,45.46,45.48,45.46,45.48,1.414289123475807351
2026-08-12 00:12:00+00:00,45.48,45.48,45.46,45.48,0.683111937737216476
2026-08-12 00:13:00+00:00,45.48,45.48,45.46,45.48,4.099463763556816448
2026-08-12 00:14:00+00:00,45.48,45.48,45.46,45.46,9.960991940388604094
2026-08-12 00:15:00+00:00,45.46,45.48,45.46,45.46,3.990292092829247469
2026-08-12 00:16:00+00:00,45.46,45.46,45.43,45.43,966.799165858780078051
2026-08-12 00:17:00+00:00,45.43,45.44,45.43,45.43,4.264892969139955288
2026-08-12 00:18:00+00:00,45.43,45.44,45.43,45.43,3.829971736234045251
2026-08-12 00:19:00+00:00,45.43,45.45,45.43,45.45,8.584254356929315671
2026-08-12 00:20:00+00:00,45.45,45.47,45.43,45.47,8.579087526532480978
2026-08-12 00:21:00+00:00,45.47,45.49,45.45,45.48,493.36403898428266819
2026-08-12 00:22:00+00:00,45.48,45.48,45.46,45.46,449.879402964869942248
2026-08-12 00:23:00+00:00,45.46,45.49,45.46,45.48,6.897734112253591832
2026-08-12 00:24:00+00:00,45.48,45.49,45.48,45.49,3.864036820409368285
2026-08-12 00:25:00+00:00,45.49,45.49,45.48,45.49,3.958452059108934603
2026-08-12 00:26:00+00:00,45.49,45.5,45.48,45.5,9.993059766040630505
2026-08-12 00:27:00+00:00,45.5,45.5,45.48,45.48,3.758063691805116602
2026-08-12 00:28:00+00:00,45.48,45.5,45.48,45.48,3.966156165734002141
2026-08-12 00:29:00+00:00,45.48,45.48,45.45,45.48,1383.649204610137224706
2026-08-12 00:30:00+00:00,45.48,45.5,45.47,45.48,5.608390435766847409
2026-08-12 00:31:00+00:00,45.48,45.52,45.46,45.52,1405.236785572404795998
2026-08-12 00:32:00+00:00,45.52,45.53,45.51,45.53,3.87899013330991554
2026-08-12 00:33:00+00:00,45.53,45.55,45.53,45.55,3.996261978989739813
2026-08-12 00:34:00+00:00,45.55,45.56,45.53,45.54,5.532617634207046572
2026-08-12 00:35:00+00:00,45.54,45.56,45.53,45.53,504.535705297083400781
2026-08-12 00:36:00+00:00,45.53,45.54,45.53,45.53,2.955457047581208427
2026-08-12 00:37:00+00:00,45.53,45.54,45.53,45.54,3.281308525432323401
2026-08-12 00:38:00+00:00,45.54,45.54,45.51,45.51,455.061420486777660246
2026-08-12 00:39:00+00:00,45.51,45.52,45.49,45.49,1468.422211177219053772
2026-08-12 00:40:00+00:00,45.49,45.52,45.49,45.52,457.592147243323942744
2026-08-12 00:41:00+00:00,45.52,45.52,45.51,45.52,4.20337177483540379
2026-08-12 00:42:00+00:00,45.52,45.52,45.51,45.52,4.224362478128177467
2026-08-12 00:43:00+00:00,45.52,45.53,45.51,45.51,9.195692637476179246
2026-08-12 00:44:00+00:00,45.51,45.53,45.51,45.51,4.327033735293633613
2026-08-12 00:45:00+00:00,45.51,45.53,45.51,45.53,4.088655717906868306
2026-08-12 00:46:00+00:00,45.53,45.53,45.51,45.53,4.111380424689258847
2026-08-12 00:47:00+00:00,45.53,45.53,45.49,45.51,470.660534333077436592
2026-08-12 00:48:00+00:00,45.51,45.51,45.5,45.51,3.632926230438425554
2026-08-12 00:49:00+00:00,45.51,45.51,45.49,45.49,473.607421467251448633
2026-08-12 00:50:00+00:00,45.49,45.51,45.49,45.49,3.869903667185299701
2026-08-12 00:51:00+00:00,45.49,45.51,45.49,45.49,3.892657147332793008
2026-08-12 00:52:00+00:00,45.49,45.51,45.49,45.51,3.312983234536081848
2026-08-12 00:53:00+00:00,45.51,45.51,45.49,45.51,3.014363517177322405
2026-08-12 00:54:00+00:00,45.51,45.52,45.49,45.51,15.54089880873330606
2026-08-12 00:55:00+00:00,45.51,45.52,45.49,45.51,953.364089753194363104
2026-08-12 00:56:00+00:00,45.51,45.51,45.48,45.49,444.827543268229672668
2026-08-12 00:57:00+00:00,45.49,45.49,45.48,45.48,3.151937115698831424
2026-08-12 00:58:00+00:00,45.48,45.5,45.48,45.5,7.95687609384996325
2026-08-12 00:59:00+00:00,45.5,45.51,45.5,45.51,2.306132336571360958
2026-08-12 01:00:00+00:00,45.51,45.55,45.51,45.53,4.89108200242528023
2026-08-12 01:01:00+00:00,45.53,45.57,45.53,45.57,5.356771636857554281
2026-08-12 01:02:00+00:00,45.57,45.57,45.54,45.55,457.806507875935403106
2026-08-12 01:03:00+00:00,45.55,45.57,45.54,45.57,5.609836965894823864
2026-08-12 01:04:00+00:00,45.57,45.57,45.55,45.57,6.084874482918765027
2026-08-12 01:05:00+00:00,45.57,45.58,45.56,45.58,6.092615923600012072
2026-08-12 01:06:00+00:00,45.58,45.59,45.56,45.57,457.336559491748279474
2026-08-12 01:07:00+00:00,45.57,45.58,45.56,45.56,445.65981712006959427
2026-08-12 01:08:00+00:00,45.56,45.58,45.56,45.58,5.559463453689146769
2026-08-12 01:09:00+00:00,45.58,45.59,45.55,45.57,941.350123621973430173
2026-08-12 01:10:00+00:00,45.57,45.57,45.55,45.57,6.488198877157179917
2026-08-12 01:11:00+00:00,45.57,45.58,45.55,45.55,943.228035524543088357
2026-08-12 01:12:00+00:00,45.55,45.57,45.55,45.57,3.547695162518276529
2026-08-12 01:13:00+00:00,45.57,45.58,45.56,45.58,2.307789892679413427
2026-08-12 01:14:00+00:00,45.58,45.58,45.56,45.56,2.653750932763588295
2026-08-12 01:15:00+00:00,45.56,45.56,45.54,45.56,444.707013059171321561
2026-08-12 01:16:00+00:00,45.56,45.56,45.54,45.54,3.65130234088798046
2026-08-12 01:17:00+00:00,45.54,45.56,45.54,45.54,3.756028670489295744
2026-08-12 01:18:00+00:00,45.54,45.56,45.54,45.54,3.904033637130938343
2026-08-12 01:19:00+00:00,45.54,45.56,45.54,45.56,3.494490733189820867
2026-08-12 01:20:00+00:00,45.56,45.56,45.54,45.56,2.540498806054976605
2026-08-12 01:21:00+00:00,45.56,45.56,45.51,45.52,978.219175842831624127
2026-08-12 01:22:00+00:00,45.52,45.52,45.5,45.5,458.896327297607635376
2026-08-12 01:23:00+00:00,45.5,45.52,45.5,45.5,4.050559937426369759
2026-08-12 01:24:00+00:00,45.5,45.52,45.5,45.52,3.53285553989068927
2026-08-12 01:25:00+00:00,45.52,45.53,45.5,45.51,921.415798799198893615
2026-08-12 01:26:00+00:00,45.51,45.52,45.5,45.52,5.567643197016744952
2026-08-12 01:27:00+00:00,45.52,45.52,45.5,45.5,3.352453427065026355
2026-08-12 01:28:00+00:00,45.5,45.52,45.5,45.5,3.782008449371366763
2026-08-12 01:29:00+00:00,45.5,45.52,45.5,45.5,3.834473309642905419
2026-08-12 01:30:00+00:00,45.5,45.52,45.48,45.48,920.789605170778011338
2026-08-12 01:31:00+00:00,45.48,45.5,45.47,45.47,1000.974584111013242568
2026-08-12 01:32:00+00:00,45.47,45.48,45.47,45.47,3.974657563657907757
2026-08-12 01:33:00+00:00,45.47,45.48,45.45,45.47,947.664123755750943798
2026-08-12 01:34:00+00:00,45.47,45.49,45.47,45.47,6.626954440515578444
2026-08-12 01:35:00+00:00,45.47,45.49,45.47,45.49,3.692509798372224574
2026-08-12 01:36:00+00:00,45.49,45.49,45.47,45.49,4.142708154101204179
2026-08-12 01:37:00+00:00,45.49,45.49,45.47,45.49,4.160549722173379489
2026-08-12 01:38:00+00:00,45.49,45.49,45.47,45.47,3.689157555852860978
2026-08-12 01:39:00+00:00,45.47,45.49,45.47,45.47,3.316605045864973063
2026-08-12 01:40:00+00:00,45.47,45.49,45.47,45.47,4.003431128426227362
2026-08-12 01:41:00+00:00,45.47,45.49,45.47,45.49,2.204153144536704955
2026-08-12 01:42:00+00:00,45.49,45.49,45.47,45.49,0.725227328182148559
2026-08-12 01:43:00+00:00,45.49,45.49,45.47,45.49,3.77042494494496623
2026-08-12 01:44:00+00:00,45.49,45.53,45.49,45.53,24.73005942658579619
2026-08-12 01:45:00+00:00,45.53,45.53,45.49,45.51,487.025567668956293627
2026-08-12 01:46:00+00:00,45.51,45.51,45.48,45.49,460.408151699282299461
2026-08-12 01:47:00+00:00,45.49,45.53,45.48,45.51,6.528507467714259333
2026-08-12 01:48:00+00:00,45.51,45.54,45.51,45.51,491.604205898241147037
2026-08-12 01:49:00+00:00,45.51,45.52,45.5,45.5,458.237504703586833117
2026-08-12 01:50:00+00:00,45.5,45.52,45.48,45.48,928.18346748752193082
2026-08-12 01:51:00+00:00,45.48,45.5,45.47,45.47,941.226571303618006442
2026-08-12 01:52:00+00:00,45.47,45.52,45.47,45.52,472.353173399562069147
2026-08-12 01:53:00+00:00,45.52,45.52,45.49,45.5,911.470655946280028236
2026-08-12 01:54:00+00:00,45.5,45.5,45.47,45.48,928.119241540092789534
2026-08-12 01:55:00+00:00,45.48,45.48,45.45,45.46,927.759761779850879565
2026-08-12 01:56:00+00:00,45.46,45.46,45.45,45.45,3.406758319914701538
2026-08-12 01:57:00+00:00,45.45,45.45,45.42,45.42,5.747803879414405483
2026-08-12 01:58:00+00:00,45.42,45.44,45.42,45.42,6.189644977471610812
2026-08-12 01:59:00+00:00,45.42,45.44,45.42,45.44,1.578511727011119998
2026-08-12 02:00:00+00:00,45.44,45.44,45.42,45.44,3.046081583623271992
2026-08-12 02:01:00+00:00,45.44,45.44,45.42,45.44,4.02448223854354661
2026-08-12 02:02:00+00:00,45.44,45.44,45.42,45.44,3.891459688060108777
2026-08-12 02:03:00+00:00,45.44,45.44,45.41,45.42,453.983680797067386144
2026-08-12 02:04:00+00:00,45.42,45.42,45.41,45.42,4.005604070588912926
2026-08-12 02:05:00+00:00,45.42,45.42,45.41,45.41,0.783229576874372551
2026-08-12 02:06:00+00:00,45.41,45.42,45.41,45.41,2.439042731273389442
2026-08-12 02:07:00+00:00,45.41,45.43,45.41,45.43,6.873800548098132103
2026-08-12 02:08:00+00:00,45.43,45.43,45.41,45.43,2.33580619903389098
2026-08-12 02:09:00+00:00,45.43,45.43,45.4,45.41,489.223542495100094567
2026-08-12 02:10:00+00:00,45.41,45.41,45.39,45.39,910.61513189265540383
2026-08-12 02:11:00+00:00,45.39,45.4,45.36,45.36,2661.386039976332877134
2026-08-12 02:12:00+00:00,45.36,45.4,45.36,45.4,461.281155778426790452
2026-08-12 02:13:00+00:00,45.4,45.41,45.4,45.41,4.038655196381385396
2026-08-12 02:14:00+00:00,45.41,45.42,45.4,45.42,3.853716230502582838
2026-08-12 02:15:00+00:00,45.42,45.42,45.4,45.42,3.911177885501351064
2026-08-12 02:16:00+00:00,45.42,45.42,45.4,45.42,1.96524095228673351
2026-08-12 02:17:00+00:00,45.42,45.42,45.4,45.4,2.141326600286702472
2026-08-12 02:18:00+00:00,45.4,45.4,45.4,45.4,0
2026-08-12 02:19:00+00:00,45.4,45.43,45.4,45.43,3.174093608963635602
2026-08-12 02:20:00+00:00,45.43,45.43,45.39,45.4,494.551795681587060332
2026-08-12 02:21:00+00:00,45.4,45.4,45.38,45.38,461.609355977462959679
2026-08-12 02:22:00+00:00,45.38,45.4,45.38,45.38,3.960376575292731175
2026-08-12 02:23:00+00:00,45.38,45.41,45.38,45.38,464.358556144903109753
2026-08-12 02:24:00+00:00,45.38,45.39,45.38,45.39,2.774172931115290805
2026-08-12 02:25:00+00:00,45.39,45.4,45.38,45.4,6.412743811717149441
2026-08-12 02:26:00+00:00,45.4,45.4,45.38,45.4,3.856160071680551696
2026-08-12 02:27:00+00:00,45.4,45.4,45.38,45.4,4.074192671576098451
2026-08-12 02:28:00+00:00,45.4,45.4,45.38,45.38,3.834182022393377116
2026-08-12 02:29:00+00:00,45.38,45.4,45.38,45.38,4.126510611323275011
2026-08-12 02:30:00+00:00,45.38,45.43,45.38,45.41,468.705575971375098855
2026-08-12 02:31:00+00:00,45.41,45.41,45.4,45.41,3.969184333245699723
2026-08-12 02:32:00+00:00,45.41,45.41,45.4,45.41,2.643587111845379392
2026-08-12 02:33:00+00:00,45.41,45.41,45.4,45.41,4.01130293546706609
2026-08-12 02:34:00+00:00,45.41,45.41,45.39,45.41,488.933896665157574533
2026-08-12 02:35:00+00:00,45.41,45.41,45.39,45.39,3.784838682336096288
2026-08-12 02:36:00+00:00,45.39,45.41,45.38,45.39,460.579402645850675288
2026-08-12 02:37:00+00:00,45.39,45.39,45.37,45.37,488.736939246308512874
2026-08-12 02:38:00+00:00,45.37,45.39,45.37,45.37,4.174256232918409995
2026-08-12 02:39:00+00:00,45.37,45.39,45.36,45.36,590.353717198507151983
2026-08-12 02:40:00+00:00,45.36,45.38,45.36,45.38,5.889995927156692674
2026-08-12 02:41:00+00:00,45.38,45.38,45.36,45.38,3.800538651466005655
2026-08-12 02:42:00+00:00,45.38,45.38,45.36,45.38,3.882761064123999331
2026-08-12 02:43:00+00:00,45.38,45.38,45.36,45.36,3.666764420457310125
2026-08-12 02:44:00+00:00,45.36,45.38,45.36,45.36,3.980790675720527337
2026-08-12 02:45:00+00:00,45.36,45.39,45.36,45.38,13.177182207764206505
2026-08-12 02:46:00+00:00,45.38,45.39,45.38,45.38,3.980272727687595799
2026-08-12 02:47:00+00:00,45.38,45.4,45.38,45.38,11.643989530800266478
2026-08-12 02:48:00+00:00,45.38,45.41,45.38,45.41,6.501922165679718904
2026-08-12 02:49:00+00:00,45.41,45.42,45.4,45.42,4.752196439187856049
2026-08-12 02:50:00+00:00,45.42,45.42,45.4,45.4,3.927084082581175786
2026-08-12 02:51:00+00:00,45.4,45.42,45.4,45.4,3.770683537109348473
2026-08-12 02:52:00+00:00,45.4,45.43,45.4,45.42,1.367596463715726315
2026-08-12 02:53:00+00:00,45.42,45.44,45.42,45.44,5.366111992313455698
2026-08-12 02:54:00+00:00,45.44,45.44,45.42,45.44,3.863493844230065547
2026-08-12 02:55:00+00:00,45.44,45.44,45.42,45.44,3.931239611823295557
2026-08-12 02:56:00+00:00,45.44,45.44,45.41,45.41,12.05512015705605427
2026-08-12 02:57:00+00:00,45.41,45.42,45.41,45.42,3.319439509548066919
2026-08-12 02:58:00+00:00,45.42,45.42,45.41,45.42,3.575642860959266274
2026-08-12 02:59:00+00:00,45.42,45.42,45.4,45.4,472.293895462423081902
2026-08-12 03:00:00+00:00,45.4,45.42,45.4,45.42,3.560196064108833592
2026-08-12 03:01:00+00:00,45.42,45.42,45.4,45.42,3.896974968817711147
2026-08-12 03:02:00+00:00,45.42,45.42,45.4,45.4,2.981064591468370583
2026-08-12 03:03:00+00:00,45.4,45.42,45.4,45.4,2.262289177660484518
2026-08-12 03:04:00+00:00,45.4,45.42,45.37,45.37,980.957175829973505808
2026-08-12 03:05:00+00:00,45.37,45.4,45.37,45.39,5.607844149969052368
2026-08-12 03:06:00+00:00,45.39,45.4,45.39,45.4,3.651395099543554484
2026-08-12 03:07:00+00:00,45.4,45.4,45.39,45.4,2.903981916877031461
2026-08-12 03:08:00+00:00,45.4,45.4,45.39,45.4,3.963437321966355217
2026-08-12 03:09:00+00:00,45.4,45.4,45.37,45.38,486.604833381380222239
2026-08-12 03:10:00+00:00,45.38,45.38,45.36,45.38,1070.937365072113609872
2026-08-12 03:11:00+00:00,45.38,45.38,45.36,45.36,1.715351979715869827
2026-08-12 03:12:00+00:00,45.36,45.37,45.35,45.37,682.453811161903810296
2026-08-12 03:13:00+00:00,45.37,45.37,45.35,45.37,3.994863752864782736
2026-08-12 03:14:00+00:00,45.37,45.37,45.35,45.37,3.833083015334652548
2026-08-12 03:15:00+00:00,45.37,45.38,45.35,45.37,7.793399045350149683
2026-08-12 03:16:00+00:00,45.37,45.38,45.37,45.38,3.627513929103372462
2026-08-12 03:17:00+00:00,45.38,45.38,45.36,45.38,7.940342731980727452
2026-08-12 03:18:00+00:00,45.38,45.38,45.36,45.36,3.35684201720451169
2026-08-12 03:19:00+00:00,45.36,45.38,45.36,45.36,3.755642611908220835
2026-08-12 03:20:00+00:00,45.36,45.38,45.36,45.36,4.07593341704734388
2026-08-12 03:21:00+00:00,45.36,45.38,45.36,45.38,3.305667456003507122
2026-08-12 03:22:00+00:00,45.38,45.38,45.36,45.38,3.806239210258969324
2026-08-12 03:23:00+00:00,45.38,45.41,45.35,45.4,1485.709042973611128191
2026-08-12 03:24:00+00:00,45.4,45.41,45.4,45.4,4.130934423223746049
2026-08-12 03:25:00+00:00,45.4,45.41,45.4,45.4,4.387089280534571453
2026-08-12 03:26:00+00:00,45.4,45.41,45.4,45.41,3.384175466406417491
2026-08-12 03:27:00+00:00,45.41,45.41,45.38,45.39,949.934525020441352633
2026-08-12 03:28:00+00:00,45.39,45.39,45.38,45.38,3.593435842404367569
2026-08-12 03:29:00+00:00,45.38,45.4,45.38,45.38,7.633163115670631077
2026-08-12 03:30:00+00:00,45.38,45.4,45.37,45.38,450.665909418656935457
2026-08-12 03:31:00+00:00,45.38,45.4,45.37,45.39,4.638277467133782064
2026-08-12 03:32:00+00:00,45.39,45.41,45.39,45.39,9.041569797415805278
2026-08-12 03:33:00+00:00,45.39,45.41,45.39,45.41,2.439194838789557275
2026-08-12 03:34:00+00:00,45.41,45.41,45.39,45.41,2.261738591945244032
2026-08-12 03:35:00+00:00,45.41,45.43,45.39,45.43,9.576901373659232367
2026-08-12 03:36:00+00:00,45.43,45.43,45.37,45.38,948.973798671178081561
2026-08-12 03:37:00+00:00,45.38,45.4,45.37,45.38,5.775376862732077101
2026-08-12 03:38:00+00:00,45.38,45.4,45.37,45.39,5.735376369558413334
2026-08-12 03:39:00+00:00,45.39,45.4,45.38,45.38,4.763848828201598633
2026-08-12 03:40:00+00:00,45.38,45.4,45.38,45.38,4.284280039529144972
2026-08-12 03:41:00+00:00,45.38,45.4,45.38,45.38,3.940578239943463222
2026-08-12 03:42:00+00:00,45.38,45.4,45.38,45.38,3.974302794027138422
2026-08-12 03:43:00+00:00,45.38,45.41,45.38,45.41,14.475840598336667643
2026-08-12 03:44:00+00:00,45.41,45.41,45.37,45.37,501.073748082835547294
2026-08-12 03:45:00+00:00,45.37,45.38,45.37,45.38,3.876556865138924811
2026-08-12 03:46:00+00:00,45.38,45.38,45.37,45.38,1.874116958909812883
2026-08-12 03:47:00+00:00,45.38,45.38,45.36,45.36,460.595787905945376985
2026-08-12 03:48:00+00:00,45.36,45.38,45.35,45.35,1166.995481991058176892
2026-08-12 03:49:00+00:00,45.35,45.37,45.35,45.37,4.768459116175898195
2026-08-12 03:50:00+00:00,45.37,45.37,45.35,45.37,2.888237787113137377
2026-08-12 03:51:00+00:00,45.37,45.37,45.35,45.37,4.045304390532432214
2026-08-12 03:52:00+00:00,45.37,45.37,45.32,45.32,4291.392000736249026116
2026-08-12 03:53:00+00:00,45.32,45.35,45.32,45.34,4.174628121521139549
2026-08-12 03:54:00+00:00,45.34,45.35,45.33,45.35,6.114941064103667202
2026-08-12 03:55:00+00:00,45.35,45.35,45.33,45.35,4.368963049604869928
2026-08-12 03:56:00+00:00,45.35,45.35,45.33,45.33,3.515727964302453326
2026-08-12 03:57:00+00:00,45.33,45.35,45.33,45.33,3.892238196384665089
2026-08-12 03:58:00+00:00,45.33,45.35,45.33,45.33,1.961071899297349265
2026-08-12 03:59:00+00:00,45.33,45.35,45.33,45.35,1.065768624111653581
2026-08-12 04:00:00+00:00,45.35,45.35,45.35,45.35,0
2026-08-12 04:01:00+00:00,45.35,45.35,45.35,45.35,0
2026-08-12 04:02:00+00:00,45.35,45.35,45.32,45.32,12.438121744258880978
2026-08-12 04:03:00+00:00,45.32,45.33,45.31,45.31,1469.453851649905645458
2026-08-12 04:04:00+00:00,45.31,45.33,45.31,45.31,3.471817856185272293
2026-08-12 04:05:00+00:00,45.31,45.33,45.31,45.33,3.353664232227599135
2026-08-12 04:06:00+00:00,45.33,45.33,45.29,45.32,2993.171159808511490639
2026-08-12 04:07:00+00:00,45.32,45.32,45.31,45.32,4.010338361426228605
2026-08-12 04:08:00+00:00,45.32,45.32,45.27,45.28,2708.302293649249001408
2026-08-12 04:09:00+00:00,45.28,45.28,45.27,45.28,3.216645669758441885
2026-08-12 04:10:00+00:00,45.28,45.29,45.27,45.27,6.622547133813526999
2026-08-12 04:11:00+00:00,45.27,45.29,45.27,45.27,2.897695405545676405
2026-08-12 04:12:00+00:00,45.27,45.31,45.27,45.29,463.110136354971306457
2026-08-12 04:13:00+00:00,45.29,45.29,45.28,45.29,4.091061271218773082
2026-08-12 04:14:00+00:00,45.29,45.29,45.28,45.28,3.568815722899227354
2026-08-12 04:15:00+00:00,45.28,45.29,45.28,45.28,4.329425421527697042
2026-08-12 04:16:00+00:00,45.28,45.29,45.28,45.28,3.824162245154313732
2026-08-12 04:17:00+00:00,45.28,45.29,45.28,45.29,3.930352700539202792
2026-08-12 04:18:00+00:00,45.29,45.3,45.28,45.3,17.183638127201884065
2026-08-12 04:19:00+00:00,45.3,45.3,45.28,45.3,3.79072357233675769
2026-08-12 04:20:00+00:00,45.3,45.33,45.28,45.31,476.801683141125754477
2026-08-12 04:21:00+00:00,45.31,45.33,45.31,45.33,4.428546216633575992
2026-08-12 04:22:00+00:00,45.33,45.35,45.33,45.35,4.083857692308999989
2026-08-12 04:23:00+00:00,45.35,45.35,45.33,45.33,3.714542396552441226
2026-08-12 04:24:00+00:00,45.33,45.35,45.33,45.33,4.358483223967518846
2026-08-12 04:25:00+00:00,45.33,45.35,45.32,45.33,463.187819586659085878
2026-08-12 04:26:00+00:00,45.33,45.33,45.3,45.31,930.87191102149082863
2026-08-12 04:27:00+00:00,45.31,45.33,45.3,45.33,459.362804560634788992
2026-08-12 04:28:00+00:00,45.33,45.33,45.31,45.33,4.200466297739673395
2026-08-12 04:29:00+00:00,45.33,45.33,45.31,45.31,3.489687639962231889
2026-08-12 04:30:00+00:00,45.31,45.33,45.29,45.31,950.138865029825119316
2026-08-12 04:31:00+00:00,45.31,45.31,45.29,45.31,3.964250771859458978
2026-08-12 04:32:00+00:00,45.31,45.31,45.28,45.3,449.920517318473296052
2026-08-12 04:33:00+00:00,45.3,45.32,45.28,45.3,8.600403534620554873
2026-08-12 04:34:00+00:00,45.3,45.32,45.3,45.3,3.829068054686906349
2026-08-12 04:35:00+00:00,45.3,45.32,45.3,45.32,3.961212705723732528
2026-08-12 04:36:00+00:00,45.32,45.33,45.3,45.33,10.051368916013442685
2026-08-12 04:37:00+00:00,45.33,45.33,45.32,45.33,2.688059720527449091
2026-08-12 04:38:00+00:00,45.33,45.33,45.33,45.33,0
2026-08-12 04:39:00+00:00,45.33,45.33,45.32,45.32,2.816412338740186943
2026-08-12 04:40:00+00:00,45.32,45.36,45.32,45.34,489.116543441302814615
2026-08-12 04:41:00+00:00,45.34,45.38,45.34,45.38,3.943350578723707172
2026-08-12 04:42:00+00:00,45.38,45.39,45.37,45.39,5.825471298625570565
2026-08-12 04:43:00+00:00,45.39,45.39,45.37,45.37,3.706880947493821208
2026-08-12 04:44:00+00:00,45.37,45.39,45.37,45.39,3.16650809677624086
2026-08-12 04:45:00+00:00,45.39,45.39,45.36,45.37,488.345536006905246177
2026-08-12 04:46:00+00:00,45.37,45.37,45.35,45.35,445.389046781509990819
2026-08-12 04:47:00+00:00,45.35,45.37,45.35,45.35,3.166402508445200901
2026-08-12 04:48:00+00:00,45.35,45.37,45.35,45.35,2.417975562440295506
2026-08-12 04:49:00+00:00,45.35,45.37,45.35,45.37,3.34116216073694204
2026-08-12 04:50:00+00:00,45.37,45.37,45.35,45.37,4.048440015076333044
2026-08-12 04:51:00+00:00,45.37,45.38,45.35,45.37,13.209175550298883493
2026-08-12 04:52:00+00:00,45.37,45.38,45.37,45.37,2.723998171636705704
2026-08-12 04:53:00+00:00,45.37,45.38,45.37,45.38,2.024216177391843934
2026-08-12 04:54:00+00:00,45.38,45.38,45.38,45.38,0
2026-08-12 04:55:00+00:00,45.38,45.38,45.37,45.38,3.885159201756518771
2026-08-12 04:56:00+00:00,45.38,45.38,45.37,45.37,2.178203766630436794
2026-08-12 04:57:00+00:00,45.37,45.38,45.37,45.37,3.473937881886487796
2026-08-12 04:58:00+00:00,45.37,45.38,45.36,45.36,467.111793413531921778
2026-08-12 04:59:00+00:00,45.36,45.38,45.36,45.38,3.440654170193614875
2026-08-12 05:00:00+00:00,45.38,45.39,45.36,45.36,3.631709834395033425
2026-08-12 05:01:00+00:00,45.36,45.37,45.36,45.36,2.907069139339912974
2026-08-12 05:02:00+00:00,45.36,45.37,45.35,45.37,447.812513248487294657
2026-08-12 05:03:00+00:00,45.37,45.37,45.35,45.37,2.361529985353794438
2026-08-12 05:04:00+00:00,45.37,45.37,45.37,45.37,0
2026-08-12 05:05:00+00:00,45.37,45.37,45.34,45.34,489.224830644469174475
2026-08-12 05:06:00+00:00,45.34,45.35,45.34,45.34,3.881550986324567671
2026-08-12 05:07:00+00:00,45.34,45.35,45.34,45.35,3.549391193039093571
2026-08-12 05:08:00+00:00,45.35,45.36,45.34,45.36,9.826145897121943659
2026-08-12 05:09:00+00:00,45.36,45.36,45.34,45.36,3.848261217032353624
2026-08-12 05:10:00+00:00,45.36,45.36,45.34,45.36,3.897244083308632633
2026-08-12 05:11:00+00:00,45.36,45.39,45.34,45.37,14.947994867829538062
2026-08-12 05:12:00+00:00,45.37,45.39,45.37,45.37,4.030066861573365847
2026-08-12 05:13:00+00:00,45.37,45.4,45.37,45.4,7.997742623068332657
2026-08-12 05:14:00+00:00,45.4,45.4,45.39,45.4,3.327903034202841158
2026-08-12 05:15:00+00:00,45.4,45.4,45.39,45.4,3.900231192610687786
2026-08-12 05:16:00+00:00,45.4,45.42,45.39,45.42,69.268659385636405871
2026-08-12 05:17:00+00:00,45.42,45.42,45.41,45.42,3.884206928778754472
2026-08-12 05:18:00+00:00,45.42,45.42,45.41,45.41,3.93789278001468299
2026-08-12 05:19:00+00:00,45.41,45.42,45.41,45.41,3.645606292140758528
2026-08-12 05:20:00+00:00,45.41,45.42,45.41,45.41,3.370342418617360818
2026-08-12 05:21:00+00:00,45.41,45.42,45.4,45.41,465.691992490711610839
2026-08-12 05:22:00+00:00,45.41,45.41,45.38,45.4,445.52345915263986767
2026-08-12 05:23:00+00:00,45.4,45.4,45.38,45.4,3.81142077765244251
2026-08-12 05:24:00+00:00,45.4,45.4,45.38,45.38,3.144256906436688323
2026-08-12 05:25:00+00:00,45.38,45.4,45.38,45.38,3.556921493098902459
2026-08-12 05:26:00+00:00,45.38,45.4,45.38,45.38,1.928684083306313982
2026-08-12 05:27:00+00:00,45.38,45.4,45.38,45.4,13.07573487126817494
2026-08-12 05:28:00+00:00,45.4,45.41,45.39,45.39,898.069965137480662098
2026-08-12 05:29:00+00:00,45.39,45.4,45.39,45.39,1.483951369093893062
2026-08-12 05:30:00+00:00,45.39,45.4,45.39,45.4,1.810875025355387909
2026-08-12 05:31:00+00:00,45.4,45.4,45.39,45.4,3.837292956879826618
2026-08-12 05:32:00+00:00,45.4,45.41,45.39,45.39,9.240472228156625831
2026-08-12 05:33:00+00:00,45.39,45.41,45.33,45.35,1443.625835439713845653
2026-08-12 05:34:00+00:00,45.35,45.36,45.33,45.36,5.309086420754938959
2026-08-12 05:35:00+00:00,45.36,45.36,45.35,45.36,3.53775126927736262
2026-08-12 05:36:00+00:00,45.36,45.36,45.35,45.35,30.723052700292906087
2026-08-12 05:37:00+00:00,45.35,45.35,45.29,45.3,1422.3554077410053932
2026-08-12 05:38:00+00:00,45.3,45.33,45.28,45.28,1445.457780956469518449
2026-08-12 05:39:00+00:00,45.28,45.29,45.27,45.27,1515.552264479003274369
2026-08-12 05:40:00+00:00,45.27,45.29,45.27,45.27,3.919343008215031095
2026-08-12 05:41:00+00:00,45.27,45.29,45.27,45.27,3.23306116540374055
2026-08-12 05:42:00+00:00,45.27,45.29,45.27,45.29,3.40782174302873907
2026-08-12 05:43:00+00:00,45.29,45.29,45.27,45.29,2.998660459899517051
2026-08-12 05:44:00+00:00,45.29,45.29,45.27,45.29,3.887780141847084851
2026-08-12 05:45:00+00:00,45.29,45.29,45.27,45.29,4.080607252195957977
2026-08-12 05:46:00+00:00,45.29,45.29,45.27,45.27,3.387171785410790325
2026-08-12 05:47:00+00:00,45.27,45.29,45.27,45.27,3.264360643138055935
2026-08-12 05:48:00+00:00,45.27,45.29,45.27,45.29,2.598540607877476922
2026-08-12 05:49:00+00:00,45.29,45.29,45.26,45.27,605.330227355863011905
2026-08-12 05:50:00+00:00,45.27,45.28,45.25,45.28,493.071484825737426937
2026-08-12 05:51:00+00:00,45.28,45.28,45.27,45.27,3.505195749335943502
2026-08-12 05:52:00+00:00,45.27,45.28,45.27,45.27,3.953494297270948311
2026-08-12 05:53:00+00:00,45.27,45.28,45.27,45.27,3.984880323477275328
2026-08-12 05:54:00+00:00,45.27,45.29,45.27,45.29,4.585027288135510576
2026-08-12 05:55:00+00:00,45.29,45.29,45.27,45.29,2.924183063343156875
2026-08-12 05:56:00+00:00,45.29,45.29,45.27,45.27,2.94836755088321424
2026-08-12 05:57:00+00:00,45.27,45.27,45.27,45.27,0
2026-08-12 05:58:00+00:00,45.27,45.3,45.27,45.29,6.610704651943789268
2026-08-12 05:59:00+00:00,45.29,45.3,45.29,45.3,2.706885063000910975
2026-08-12 06:00:00+00:00,45.3,45.3,45.27,45.27,467.048833271268441872
2026-08-12 06:01:00+00:00,45.27,45.28,45.26,45.28,489.650757342343960058
2026-08-12 06:02:00+00:00,45.28,45.28,45.26,45.28,3.768614251150400741
2026-08-12 06:03:00+00:00,45.28,45.28,45.24,45.26,2730.431186162201452347
2026-08-12 06:04:00+00:00,45.26,45.35,45.26,45.35,460.857174542114135217
2026-08-12 06:05:00+00:00,45.35,45.36,45.35,45.36,3.722883597883597877
2026-08-12 06:06:00+00:00,45.36,45.36,45.34,45.34,5.753194726963091813
2026-08-12 06:07:00+00:00,45.34,45.36,45.34,45.34,6.305609946290563164
2026-08-12 06:08:00+00:00,45.34,45.36,45.34,45.36,3.461956730608399476
2026-08-12 06:09:00+00:00,45.36,45.36,45.3,45.31,464.059934069320143993
2026-08-12 06:10:00+00:00,45.31,45.31,45.3,45.3,2.949244931774876333
2026-08-12 06:11:00+00:00,45.3,45.31,45.3,45.3,2.550975584920754396
2026-08-12 06:12:00+00:00,45.3,45.31,45.3,45.31,3.355245395589763521
2026-08-12 06:13:00+00:00,45.31,45.31,45.3,45.31,3.249492463738883906
2026-08-12 06:14:00+00:00,45.31,45.31,45.3,45.31,3.874674732758339284
2026-08-12 06:15:00+00:00,45.31,45.31,45.28,45.29,504.421647576634103489
2026-08-12 06:16:00+00:00,45.29,45.29,45.28,45.29,7.115223994251416265
2026-08-12 06:17:00+00:00,45.29,45.31,45.29,45.3,4.452008079733286944
2026-08-12 06:18:00+00:00,45.3,45.31,45.28,45.28,493.910479338928370809
2026-08-12 06:19:00+00:00,45.28,45.29,45.28,45.29,3.794406526803707863
2026-08-12 06:20:00+00:00,45.29,45.29,45.27,45.27,463.785465441008149921
2026-08-12 06:21:00+00:00,45.27,45.3,45.27,45.29,9.88764312809735106
2026-08-12 06:22:00+00:00,45.29,45.3,45.27,45.28,460.63131303334811062
2026-08-12 06:23:00+00:00,45.28,45.28,45.27,45.28,3.774093337501492805
2026-08-12 06:24:00+00:00,45.28,45.28,45.26,45.26,1007.552576850211840078
2026-08-12 06:25:00+00:00,45.26,45.28,45.26,45.26,3.58721842116768603
2026-08-12 06:26:00+00:00,45.26,45.28,45.26,45.26,3.898787941364304233
2026-08-12 06:27:00+00:00,45.26,45.28,45.26,45.28,3.675937925983988851
2026-08-12 06:28:00+00:00,45.28,45.28,45.25,45.26,434.38125370663789083
2026-08-12 06:29:00+00:00,45.26,45.27,45.25,45.27,6.025278366477839156
2026-08-12 06:30:00+00:00,45.27,45.27,45.24,45.24,7.436388969590675336
2026-08-12 06:31:00+00:00,45.24,45.25,45.24,45.24,4.019417061125196003
2026-08-12 06:32:00+00:00,45.24,45.25,45.22,45.22,2470.429460000974188476
2026-08-12 06:33:00+00:00,45.22,45.26,45.22,45.26,464.068742751813976436
2026-08-12 06:34:00+00:00,45.26,45.26,45.24,45.26,4.262190085147099786
2026-08-12 06:35:00+00:00,45.26,45.26,45.24,45.24,3.718542008780782451
2026-08-12 06:36:00+00:00,45.24,45.26,45.24,45.24,4.050569125512365333
2026-08-12 06:37:00+00:00,45.24,45.27,45.24,45.26,12.69934869359926812
2026-08-12 06:38:00+00:00,45.26,45.27,45.26,45.27,3.723054909605557108
2026-08-12 06:39:00+00:00,45.27,45.27,45.26,45.27,4.127022599513636494
2026-08-12 06:40:00+00:00,45.27,45.27,45.26,45.27,4.055844175873711426
2026-08-12 06:41:00+00:00,45.27,45.28,45.26,45.28,3.525649104284226711
2026-08-12 06:42:00+00:00,45.28,45.3,45.28,45.29,470.969751828773942441
2026-08-12 06:43:00+00:00,45.29,45.3,45.29,45.29,3.974661628738417169
2026-08-12 06:44:00+00:00,45.29,45.3,45.26,45.26,489.271405608666269016
2026-08-12 06:45:00+00:00,45.26,45.3,45.25,45.3,5.427680167994150197
2026-08-12 06:46:00+00:00,45.3,45.31,45.28,45.31,6.452789882582937883
2026-08-12 06:47:00+00:00,45.31,45.31,45.28,45.28,7.267824225817601052
2026-08-12 06:48:00+00:00,45.28,45.29,45.28,45.28,0.643974461401864856
2026-08-12 06:49:00+00:00,45.28,45.29,45.28,45.28,2.461031991906106463
2026-08-12 06:50:00+00:00,45.28,45.3,45.28,45.28,5.414229305479912112
2026-08-12 06:51:00+00:00,45.28,45.3,45.28,45.28,3.468012435744428581
2026-08-12 06:52:00+00:00,45.28,45.3,45.27,45.27,7.337242825607064017
2026-08-12 06:53:00+00:00,45.27,45.28,45.25,45.28,956.236642528847935024
2026-08-12 06:54:00+00:00,45.28,45.28,45.27,45.28,4.270025406063813423
2026-08-12 06:55:00+00:00,45.28,45.28,45.27,45.27,0.403070466092334879
2026-08-12 06:56:00+00:00,45.27,45.28,45.26,45.28,4.321814686779119012
2026-08-12 06:57:00+00:00,45.28,45.28,45.26,45.28,3.951640570227144613
2026-08-12 06:58:00+00:00,45.28,45.28,45.26,45.28,2.920907382004874853
2026-08-12 06:59:00+00:00,45.28,45.28,45.26,45.26,3.769001686759968702
2026-08-12 07:00:00+00:00,45.26,45.28,45.26,45.26,3.825191697674527535
2026-08-12 07:01:00+00:00,45.26,45.28,45.26,45.26,3.881068032131586787
2026-08-12 07:02:00+00:00,45.26,45.29,45.26,45.29,6.354095222230977894
2026-08-12 07:03:00+00:00,45.29,45.29,45.28,45.29,7.019526805853443872
2026-08-12 07:04:00+00:00,45.29,45.31,45.28,45.3,4.42292363573858768
2026-08-12 07:05:00+00:00,45.3,45.32,45.29,45.29,929.50930580100250778
2026-08-12 07:06:00+00:00,45.29,45.3,45.27,45.29,936.166859932762823611
2026-08-12 07:07:00+00:00,45.29,45.3,45.29,45.3,3.668582614760798323
2026-08-12 07:08:00+00:00,45.3,45.3,45.29,45.3,3.700418568197005604
2026-08-12 07:09:00+00:00,45.3,45.3,45.29,45.29,3.618769762877156137
2026-08-12 07:10:00+00:00,45.29,45.3,45.28,45.28,465.449666715009085607
2026-08-12 07:11:00+00:00,45.28,45.3,45.28,45.28,4.025148255836628985
2026-08-12 07:12:00+00:00,45.28,45.3,45.28,45.3,3.561161807034376238
2026-08-12 07:13:00+00:00,45.3,45.3,45.28,45.3,3.913048795232412104
2026-08-12 07:14:00+00:00,45.3,45.3,45.27,45.27,466.283296149682197336
2026-08-12 07:15:00+00:00,45.27,45.28,45.27,45.27,3.671327790032478853
2026-08-12 07:16:00+00:00,45.27,45.29,45.27,45.27,4.954814805479129097
2026-08-12 07:17:00+00:00,45.27,45.29,45.27,45.29,3.738036933815277657
2026-08-12 07:18:00+00:00,45.29,45.29,45.27,45.29,4.033046455205617691
2026-08-12 07:19:00+00:00,45.29,45.29,45.26,45.27,485.225888519280528887
2026-08-12 07:20:00+00:00,45.27,45.27,45.26,45.27,3.161979158583140518
2026-08-12 07:21:00+00:00,45.27,45.3,45.26,45.28,496.600784862337948577
2026-08-12 07:22:00+00:00,45.28,45.29,45.28,45.29,3.838216217708103328
2026-08-12 07:23:00+00:00,45.29,45.29,45.28,45.29,4.040656795975991385
2026-08-12 07:24:00+00:00,45.29,45.29,45.28,45.28,3.525319832262755835
2026-08-12 07:25:00+00:00,45.28,45.29,45.28,45.29,3.808056024114715758
2026-08-12 07:26:00+00:00,45.29,45.29,45.27,45.29,468.540508164535499702
2026-08-12 07:27:00+00:00,45.29,45.29,45.27,45.27,3.724131577649726863
2026-08-12 07:28:00+00:00,45.27,45.29,45.25,45.25,490.01975400085106399
2026-08-12 07:29:00+00:00,45.25,45.26,45.23,45.24,947.113021357954050245
2026-08-12 07:30:00+00:00,45.24,45.24,45.22,45.24,588.569273317239903846
2026-08-12 07:31:00+00:00,45.24,45.25,45.22,45.24,7.579882702666682738
2026-08-12 07:32:00+00:00,45.24,45.27,45.24,45.27,6.732738922834736286
2026-08-12 07:33:00+00:00,45.27,45.28,45.26,45.28,5.072270471833150691
2026-08-12 07:34:00+00:00,45.28,45.28,45.26,45.26,3.402321227255480306
2026-08-12 07:35:00+00:00,45.26,45.28,45.25,45.26,489.984957025916303731
2026-08-12 07:36:00+00:00,45.26,45.26,45.24,45.24,462.380556947223916163
2026-08-12 07:37:00+00:00,45.24,45.26,45.23,45.23,490.486548458269209379
2026-08-12 07:38:00+00:00,45.23,45.27,45.22,45.24,2020.312035686331994333
2026-08-12 07:39:00+00:00,45.24,45.25,45.24,45.25,3.784501106437856289
2026-08-12 07:40:00+00:00,45.25,45.25,45.24,45.25,3.908516396285495155
2026-08-12 07:41:00+00:00,45.25,45.25,45.24,45.24,2.718111430260220503
2026-08-12 07:42:00+00:00,45.24,45.25,45.23,45.23,1.971745995605029173
2026-08-12 07:43:00+00:00,45.23,45.25,45.23,45.23,3.873715216151212398
2026-08-12 07:44:00+00:00,45.23,45.25,45.23,45.23,3.863044588554753293
2026-08-12 07:45:00+00:00,45.23,45.23,45.19,45.19,3761.985820535165884566
2026-08-12 07:46:00+00:00,45.19,45.21,45.18,45.2,847.500911354002601187
2026-08-12 07:47:00+00:00,45.2,45.2,45.2,45.2,4.118429203539823004
2026-08-12 07:48:00+00:00,45.2,45.21,45.2,45.21,6.023018886298551686
2026-08-12 07:49:00+00:00,45.21,45.22,45.19,45.22,7.232266730839227874
2026-08-12 07:50:00+00:00,45.22,45.22,45.21,45.21,1.792148092429442001
2026-08-12 07:51:00+00:00,45.21,45.22,45.21,45.21,4.314041872118525749
2026-08-12 07:52:00+00:00,45.21,45.23,45.21,45.21,8.671434280087468923
2026-08-12 07:53:00+00:00,45.21,45.23,45.21,45.23,3.462728095771211972
2026-08-12 07:54:00+00:00,45.23,45.24,45.21,45.24,11.073243351184130574
2026-08-12 07:55:00+00:00,45.24,45.26,45.23,45.25,10.264990153376035012
2026-08-12 07:56:00+00:00,45.25,45.26,45.25,45.25,4.033754655117272084
2026-08-12 07:57:00+00:00,45.25,45.26,45.24,45.26,462.122289705446881849
2026-08-12 07:58:00+00:00,45.26,45.28,45.24,45.26,4.043437990507838171
2026-08-12 07:59:00+00:00,45.26,45.28,45.26,45.26,3.924478172053420435
2026-08-12 08:00:00+00:00,45.26,45.28,45.23,45.23,1388.005173234148175873
2026-08-12 08:01:00+00:00,45.23,45.24,45.22,45.22,490.291585171129661554
2026-08-12 08:02:00+00:00,45.22,45.24,45.22,45.24,3.473886453925420505
2026-08-12 08:03:00+00:00,45.24,45.27,45.24,45.26,9.548884001033845182
2026-08-12 08:04:00+00:00,45.26,45.27,45.25,45.25,4.603940140224708387
2026-08-12 08:05:00+00:00,45.25,45.27,45.25,45.27,2.310202544096989576
2026-08-12 08:06:00+00:00,45.27,45.28,45.25,45.28,9.42851971300759649
2026-08-12 08:07:00+00:00,45.28,45.28,45.27,45.28,3.794359290858695485
2026-08-12 08:08:00+00:00,45.28,45.28,45.27,45.28,5.170084762332951637
2026-08-12 08:09:00+00:00,45.28,45.29,45.27,45.27,4.062511635615516189
2026-08-12 08:10:00+00:00,45.27,45.3,45.27,45.3,449.467785466163849952
2026-08-12 08:11:00+00:00,45.3,45.31,45.3,45.31,2.383489792905678465
2026-08-12 08:12:00+00:00,45.31,45.32,45.3,45.32,2.934137011987367343
2026-08-12 08:13:00+00:00,45.32,45.32,45.3,45.32,4.150951769998577682
2026-08-12 08:14:00+00:00,45.32,45.32,45.29,45.29,462.310660706915810977
2026-08-12 08:15:00+00:00,45.29,45.32,45.29,45.32,4.638380648924481615
2026-08-12 08:16:00+00:00,45.32,45.32,45.31,45.32,2.408275578475474333
2026-08-12 08:17:00+00:00,45.32,45.33,45.31,45.31,9.138451009109879448
2026-08-12 08:18:00+00:00,45.31,45.34,45.31,45.34,472.07910428387119246
2026-08-12 08:19:00+00:00,45.34,45.34,45.33,45.33,6.594180625712865241
2026-08-12 08:20:00+00:00,45.33,45.35,45.33,45.33,1.818147112282803721
2026-08-12 08:21:00+00:00,45.33,45.35,45.33,45.33,2.007605609822954584
2026-08-12 08:22:00+00:00,45.33,45.35,45.33,45.33,4.388349929744655809
2026-08-12 08:23:00+00:00,45.33,45.35,45.33,45.35,3.553001186204997719
2026-08-12 08:24:00+00:00,45.35,45.35,45.3,45.3,992.962616370915852152
2026-08-12 08:25:00+00:00,45.3,45.31,45.3,45.31,2.336277978098388192
2026-08-12 08:26:00+00:00,45.31,45.33,45.3,45.33,5.701732617813918492
2026-08-12 08:27:00+00:00,45.33,45.34,45.31,45.33,461.141966980967337583
2026-08-12 08:28:00+00:00,45.33,45.34,45.32,45.34,459.60965602463139956
2026-08-12 08:29:00+00:00,45.34,45.34,45.31,45.32,459.907921094036616914
2026-08-12 08:30:00+00:00,45.32,45.32,45.3,45.32,489.794422520091311655
2026-08-12 08:31:00+00:00,45.32,45.32,45.3,45.3,3.828290381471761266
2026-08-12 08:32:00+00:00,45.3,45.32,45.27,45.29,463.300370822332490109
2026-08-12 08:33:00+00:00,45.29,45.3,45.27,45.3,5.790732831561942885
2026-08-12 08:34:00+00:00,45.3,45.3,45.28,45.28,5.59701948559792736
2026-08-12 08:35:00+00:00,45.28,45.3,45.28,45.28,3.81307548225805193
2026-08-12 08:36:00+00:00,45.28,45.3,45.27,45.28,491.949843040809477923
2026-08-12 08:37:00+00:00,45.28,45.28,45.26,45.26,461.289072572042853734
2026-08-12 08:38:00+00:00,45.26,45.28,45.26,45.26,4.048873147921159092
2026-08-12 08:39:00+00:00,45.26,45.29,45.26,45.29,7.491743316627014571
2026-08-12 08:40:00+00:00,45.29,45.29,45.27,45.29,460.445095889927932001
2026-08-12 08:41:00+00:00,45.29,45.29,45.27,45.27,3.292284574245359759
2026-08-12 08:42:00+00:00,45.27,45.29,45.27,45.27,3.974679627638842974
2026-08-12 08:43:00+00:00,45.27,45.29,45.27,45.27,4.112928274176242312
2026-08-12 08:44:00+00:00,45.27,45.29,45.27,45.27,3.776287599590748235
2026-08-12 08:45:00+00:00,45.27,45.29,45.27,45.29,3.602424173342711567
2026-08-12 08:46:00+00:00,45.29,45.29,45.27,45.29,3.664903149977249425
2026-08-12 08:47:00+00:00,45.29,45.29,45.27,45.27,3.145603311511417737
2026-08-12 08:48:00+00:00,45.27,45.29,45.27,45.27,4.109373147050329698
2026-08-12 08:49:00+00:00,45.27,45.29,45.27,45.27,3.645949308442663607
2026-08-12 08:50:00+00:00,45.27,45.29,45.27,45.29,3.606507789698598474
2026-08-12 08:51:00+00:00,45.29,45.29,45.26,45.26,474.604891022911200683
2026-08-12 08:52:00+00:00,45.26,45.28,45.26,45.26,3.738225544053685234
2026-08-12 08:53:00+00:00,45.26,45.29,45.26,45.28,5.250381880385498971
2026-08-12 08:54:00+00:00,45.28,45.29,45.28,45.28,4.084802669408843044
2026-08-12 08:55:00+00:00,45.28,45.29,45.28,45.29,3.899547610140227049
2026-08-12 08:56:00+00:00,45.29,45.29,45.28,45.29,2.291817728232739615
2026-08-12 08:57:00+00:00,45.29,45.29,45.26,45.26,468.242508896934654539
2026-08-12 08:58:00+00:00,45.26,45.27,45.25,45.25,490.266567289511973906
2026-08-12 08:59:00+00:00,45.25,45.27,45.25,45.27,3.399186879948058725
2026-08-12 09:00:00+00:00,45.27,45.27,45.25,45.27,3.748200696374240738
2026-08-12 09:01:00+00:00,45.27,45.27,45.25,45.27,3.834808772899740898
2026-08-12 09:02:00+00:00,45.27,45.27,45.24,45.25,452.953165071735275567
2026-08-12 09:03:00+00:00,45.25,45.29,45.24,45.29,6.229976153122866331
2026-08-12 09:04:00+00:00,45.29,45.29,45.27,45.29,3.655155131866732428
2026-08-12 09:05:00+00:00,45.29,45.29,45.27,45.29,3.631976537038898566
2026-08-12 09:06:00+00:00,45.29,45.29,45.27,45.27,2.188698982962459288
2026-08-12 09:07:00+00:00,45.27,45.3,45.27,45.3,10.380954993916989578
2026-08-12 09:08:00+00:00,45.3,45.3,45.29,45.3,1.328758410966462388
2026-08-12 09:09:00+00:00,45.3,45.31,45.28,45.29,461.687551927232677829
2026-08-12 09:10:00+00:00,45.29,45.29,45.28,45.28,3.080590284089889494
2026-08-12 09:11:00+00:00,45.28,45.31,45.28,45.3,7.406886347551755202
2026-08-12 09:12:00+00:00,45.3,45.31,45.3,45.3,2.317476062620856173
2026-08-12 09:13:00+00:00,45.3,45.31,45.29,45.29,462.177116497796541763
2026-08-12 09:14:00+00:00,45.29,45.31,45.29,45.31,3.840222087736019745
2026-08-12 09:15:00+00:00,45.31,45.33,45.29,45.33,471.393625344717695466
2026-08-12 09:16:00+00:00,45.33,45.34,45.32,45.34,6.048397966849482693
2026-08-12 09:17:00+00:00,45.34,45.36,45.32,45.34,927.287133951733047265
2026-08-12 09:18:00+00:00,45.34,45.34,45.33,45.33,3.555067796215976718
2026-08-12 09:19:00+00:00,45.33,45.38,45.33,45.35,1475.268832105766378407
2026-08-12 09:20:00+00:00,45.35,45.36,45.33,45.33,454.469696033743933659
2026-08-12 09:21:00+00:00,45.33,45.35,45.33,45.35,3.539029486327266584
2026-08-12 09:22:00+00:00,45.35,45.35,45.31,45.33,1469.142842570994810448
2026-08-12 09:23:00+00:00,45.33,45.35,45.31,45.33,5.977527459999884994
2026-08-12 09:24:00+00:00,45.33,45.37,45.33,45.37,5.679524139279978714
2026-08-12 09:25:00+00:00,45.37,45.4,45.35,45.36,2319.095141656437390682
2026-08-12 09:26:00+00:00,45.36,45.37,45.35,45.35,490.382151376774862363
2026-08-12 09:27:00+00:00,45.35,45.37,45.35,45.37,25.752495701778771624
2026-08-12 09:28:00+00:00,45.37,45.37,45.34,45.35,51.828761072078849764
2026-08-12 09:29:00+00:00,45.35,45.37,45.34,45.34,459.485897587835473117
2026-08-12 09:30:00+00:00,45.34,45.37,45.34,45.35,460.454085247018056049
2026-08-12 09:31:00+00:00,45.35,45.36,45.34,45.34,461.378548425009582048
2026-08-12 09:32:00+00:00,45.34,45.39,45.34,45.38,12.000363184754864139
2026-08-12 09:33:00+00:00,45.38,45.39,45.36,45.37,458.386157872367295933
2026-08-12 09:34:00+00:00,45.37,45.38,45.35,45.35,490.462649396481374517
2026-08-12 09:35:00+00:00,45.35,45.37,45.35,45.37,4.30411453847876387
2026-08-12 09:36:00+00:00,45.37,45.37,45.35,45.37,3.520233211723088292
2026-08-12 09:37:00+00:00,45.37,45.37,45.35,45.37,1.512138445645615286
2026-08-12 09:38:00+00:00,45.37,45.38,45.35,45.37,6.658376736379542544
2026-08-12 09:39:00+00:00,45.37,45.38,45.37,45.37,2.040358798082812167
2026-08-12 09:40:00+00:00,45.37,45.38,45.35,45.35,493.922439487686413095
2026-08-12 09:41:00+00:00,45.35,45.36,45.34,45.36,459.552828544733663742
2026-08-12 09:42:00+00:00,45.36,45.36,45.34,45.36,3.476099005826251814
2026-08-12 09:43:00+00:00,45.36,45.37,45.34,45.36,7.061526822198344524
2026-08-12 09:44:00+00:00,45.36,45.38,45.35,45.37,490.507836112003247268
2026-08-12 09:45:00+00:00,45.37,45.38,45.35,45.38,5.264211657898258845
2026-08-12 09:46:00+00:00,45.38,45.38,45.36,45.36,2.842724683118762738
2026-08-12 09:47:00+00:00,45.36,45.38,45.36,45.36,4.122327982088155433
2026-08-12 09:48:00+00:00,45.36,45.42,45.36,45.42,1052.175395324326690882
2026-08-12 09:49:00+00:00,45.42,45.43,45.42,45.43,468.239752623616224357
2026-08-12 09:50:00+00:00,45.43,45.45,45.43,45.45,4.799562635331159203
2026-08-12 09:51:00+00:00,45.45,45.45,45.41,45.43,954.898055663822337141
2026-08-12 09:52:00+00:00,45.43,45.44,45.41,45.44,458.978303109024621359
2026-08-12 09:53:00+00:00,45.44,45.44,45.43,45.43,2.000302871737357888
2026-08-12 09:54:00+00:00,45.43,45.44,45.43,45.43,3.218140991557976513
2026-08-12 09:55:00+00:00,45.43,45.44,45.43,45.43,3.747036218660189174
2026-08-12 09:56:00+00:00,45.43,45.45,45.43,45.45,9.485850133065390214
2026-08-12 09:57:00+00:00,45.45,45.45,45.43,45.45,3.736317767369957329
2026-08-12 09:58:00+00:00,45.45,45.45,45.42,45.44,488.934537811590455483
2026-08-12 09:59:00+00:00,45.44,45.44,45.42,45.42,1.064880472010840914
2026-08-12 10:00:00+00:00,45.42,45.46,45.42,45.46,478.49511138488123058
2026-08-12 10:01:00+00:00,45.46,45.46,45.44,45.44,3.42297649458121363
2026-08-12 10:02:00+00:00,45.44,45.5,45.44,45.48,2783.593852778888655731
2026-08-12 10:03:00+00:00,45.48,45.48,45.43,45.44,900.815150179623727554
2026-08-12 10:04:00+00:00,45.44,45.45,45.42,45.42,488.521707138725107806
2026-08-12 10:05:00+00:00,45.42,45.43,45.42,45.42,3.97980518947426678
2026-08-12 10:06:00+00:00,45.42,45.43,45.42,45.43,3.668958233923641527
2026-08-12 10:07:00+00:00,45.43,45.43,45.42,45.43,3.508347845573289449
2026-08-12 10:08:00+00:00,45.43,45.44,45.42,45.42,10.386040885614467928
2026-08-12 10:09:00+00:00,45.42,45.44,45.42,45.42,3.597959275633988868
2026-08-12 10:10:00+00:00,45.42,45.44,45.42,45.42,4.04458270151512332
2026-08-12 10:11:00+00:00,45.42,45.44,45.42,45.44,3.776791931410125211
2026-08-12 10:12:00+00:00,45.44,45.44,45.42,45.44,2.075897821428792922
2026-08-12 10:13:00+00:00,45.44,45.44,45.42,45.42,3.652791638370513698
2026-08-12 10:14:00+00:00,45.42,45.44,45.42,45.42,3.781944341079502106
2026-08-12 10:15:00+00:00,45.42,45.44,45.42,45.42,4.199670049413610677
2026-08-12 10:16:00+00:00,45.42,45.44,45.4,45.42,1464.339838181230789508
2026-08-12 10:17:00+00:00,45.42,45.42,45.39,45.4,418.559020553413059219
2026-08-12 10:18:00+00:00,45.4,45.41,45.39,45.41,6.208052088800221416
2026-08-12 10:19:00+00:00,45.41,45.41,45.39,45.39,3.423608425527781704
2026-08-12 10:20:00+00:00,45.39,45.43,45.39,45.43,8.055177067316505207
2026-08-12 10:21:00+00:00,45.43,45.45,45.43,45.43,5.722650857553698613
2026-08-12 10:22:00+00:00,45.43,45.43,45.42,45.42,2.643141499403953781
2026-08-12 10:23:00+00:00,45.42,45.43,45.4,45.41,927.337008202072775743
2026-08-12 10:24:00+00:00,45.41,45.41,45.4,45.41,3.721182743229333904
2026-08-12 10:25:00+00:00,45.41,45.41,45.38,45.39,1486.780318406552755259
2026-08-12 10:26:00+00:00,45.39,45.4,45.38,45.4,5.488948463565690286
2026-08-12 10:27:00+00:00,45.4,45.4,45.38,45.38,3.611507601982670077
2026-08-12 10:28:00+00:00,45.38,45.4,45.38,45.38,23.367599518927351311
2026-08-12 10:29:00+00:00,45.38,45.41,45.38,45.4,10.392967997407182337
2026-08-12 10:30:00+00:00,45.4,45.41,45.4,45.41,3.388977829991453293
2026-08-12 10:31:00+00:00,45.41,45.41,45.4,45.41,3.994389056341293756
2026-08-12 10:32:00+00:00,45.41,45.41,45.39,45.41,462.469345132791086693
2026-08-12 10:33:00+00:00,45.41,45.43,45.39,45.43,12.390105136829719374
2026-08-12 10:34:00+00:00,45.43,45.43,45.4,45.41,459.696715526127148088
2026-08-12 10:35:00+00:00,45.41,45.42,45.4,45.42,4.689380730772917557
2026-08-12 10:36:00+00:00,45.42,45.42,45.4,45.42,22.995762082788702041
2026-08-12 10:37:00+00:00,45.42,45.42,45.39,45.39,490.917509983092185707
2026-08-12 10:38:00+00:00,45.39,45.4,45.39,45.39,3.27542917330274187
2026-08-12 10:39:00+00:00,45.39,45.42,45.39,45.42,2.070802133277856242
2026-08-12 10:40:00+00:00,45.42,45.43,45.41,45.41,3.689704290216417333
2026-08-12 10:41:00+00:00,45.41,45.45,45.41,45.43,6.301695920299481119
2026-08-12 10:42:00+00:00,45.43,45.45,45.43,45.45,2.9113538278767344
2026-08-12 10:43:00+00:00,45.45,45.45,45.43,45.45,3.602698269826982693
2026-08-12 10:44:00+00:00,45.45,45.45,45.41,45.41,931.072672275270015987
2026-08-12 10:45:00+00:00,45.41,45.43,45.4,45.43,4.251741491427628233
2026-08-12 10:46:00+00:00,45.43,45.43,45.41,45.43,2.818142656316507364
2026-08-12 10:47:00+00:00,45.43,45.43,45.38,45.41,1929.116818259092913211
2026-08-12 10:48:00+00:00,45.41,45.45,45.41,45.43,926.48494823332948613
2026-08-12 10:49:00+00:00,45.43,45.43,45.4,45.42,539.682203998311985826
2026-08-12 10:50:00+00:00,45.42,45.44,45.42,45.44,4.880568662890921192
2026-08-12 10:51:00+00:00,45.44,45.44,45.42,45.44,3.817885862621789738
2026-08-12 10:52:00+00:00,45.44,45.44,45.42,45.44,3.978539170403309327
2026-08-12 10:53:00+00:00,45.44,45.44,45.42,45.44,3.150810423139896175
2026-08-12 10:54:00+00:00,45.44,45.44,45.42,45.42,3.671465519780949009
2026-08-12 10:55:00+00:00,45.42,45.44,45.42,45.42,3.709821604384120658
2026-08-12 10:56:00+00:00,45.42,45.44,45.42,45.44,3.375921495230741556
2026-08-12 10:57:00+00:00,45.44,45.44,45.39,45.39,967.599278080400092198
2026-08-12 10:58:00+00:00,45.39,45.41,45.39,45.39,4.930085587365975835
2026-08-12 10:59:00+00:00,45.39,45.41,45.39,45.39,3.762866922648747429
2026-08-12 11:00:00+00:00,45.39,45.42,45.39,45.42,27.929534432921241957
2026-08-12 11:01:00+00:00,45.42,45.43,45.41,45.43,5.590742648113343497
2026-08-12 11:02:00+00:00,45.43,45.43,45.39,45.39,947.711129394717526201
2026-08-12 11:03:00+00:00,45.39,45.41,45.38,45.38,1002.980174539390614165
2026-08-12 11:04:00+00:00,45.38,45.39,45.37,45.39,518.210332984269049413
2026-08-12 11:05:00+00:00,45.39,45.39,45.37,45.39,24.994857567764437609
2026-08-12 11:06:00+00:00,45.39,45.39,45.34,45.35,1877.077144537674694469
2026-08-12 11:07:00+00:00,45.35,45.36,45.34,45.36,4.222093560282352556
2026-08-12 11:08:00+00:00,45.36,45.36,45.34,45.35,1088.591529581576448514
2026-08-12 11:09:00+00:00,45.35,45.36,45.34,45.34,417.203680345470353889
2026-08-12 11:10:00+00:00,45.34,45.35,45.34,45.34,3.180442857566668884
2026-08-12 11:11:00+00:00,45.34,45.35,45.34,45.35,3.068640666209830024
2026-08-12 11:12:00+00:00,45.35,45.36,45.34,45.34,7.10859618734090992
2026-08-12 11:13:00+00:00,45.34,45.36,45.33,45.33,465.886221366427759299
2026-08-12 11:14:00+00:00,45.33,45.34,45.33,45.33,3.001341308179559761
2026-08-12 11:15:00+00:00,45.33,45.35,45.33,45.35,5.509045285349603895
2026-08-12 11:16:00+00:00,45.35,45.36,45.33,45.35,5.920337019202220578
2026-08-12 11:17:00+00:00,45.35,45.37,45.35,45.35,3.939409186380745794
2026-08-12 11:18:00+00:00,45.35,45.37,45.35,45.35,3.852303873572411071
2026-08-12 11:19:00+00:00,45.35,45.36,45.34,45.36,458.076798990846938343
2026-08-12 11:20:00+00:00,45.36,45.36,45.34,45.34,3.679621538693733954
2026-08-12 11:21:00+00:00,45.34,45.36,45.34,45.34,3.59069770902038215
2026-08-12 11:22:00+00:00,45.34,45.36,45.34,45.34,3.976661821829811828
2026-08-12 11:23:00+00:00,45.34,45.36,45.34,45.36,3.824652640122054758
2026-08-12 11:24:00+00:00,45.36,45.36,45.34,45.36,5.410135000380748655
2026-08-12 11:25:00+00:00,45.36,45.36,45.35,45.35,5.584445868796291427
2026-08-12 11:26:00+00:00,45.35,45.37,45.35,45.35,8.181777245070973456
2026-08-12 11:27:00+00:00,45.35,45.37,45.35,45.35,24.90079716014612228
2026-08-12 11:28:00+00:00,45.35,45.37,45.34,45.35,486.610152869005431287
2026-08-12 11:29:00+00:00,45.35,45.37,45.34,45.37,1431.766975860665814015
2026-08-12 11:30:00+00:00,45.37,45.37,45.35,45.35,989.447464209214710719
2026-08-12 11:31:00+00:00,45.35,45.37,45.35,45.35,3.924417569711637179
2026-08-12 11:32:00+00:00,45.35,45.38,45.35,45.38,7.343136455001521633
2026-08-12 11:33:00+00:00,45.38,45.38,45.37,45.37,1.576839070516908473
2026-08-12 11:34:00+00:00,45.37,45.38,45.34,45.34,2580.939875905350579181
2026-08-12 11:35:00+00:00,45.34,45.36,45.34,45.34,3.036269069130045452
2026-08-12 11:36:00+00:00,45.34,45.37,45.34,45.37,7.042193750582053478
2026-08-12 11:37:00+00:00,45.37,45.38,45.35,45.38,4.02817125436195146
2026-08-12 11:38:00+00:00,45.38,45.4,45.37,45.39,635.270166751766631612
2026-08-12 11:39:00+00:00,45.39,45.42,45.39,45.42,512.19580320354664054
2026-08-12 11:40:00+00:00,45.42,45.43,45.41,45.41,3.833910627087669398
2026-08-12 11:41:00+00:00,45.41,45.43,45.41,45.43,1.152668990913758921
2026-08-12 11:42:00+00:00,45.43,45.44,45.41,45.42,500.241498022757859351
2026-08-12 11:43:00+00:00,45.42,45.46,45.42,45.44,2511.217895474834023768
2026-08-12 11:44:00+00:00,45.44,45.44,45.43,45.44,1.831306657355535368
2026-08-12 11:45:00+00:00,45.44,45.45,45.43,45.43,6.845705844680314287
2026-08-12 11:46:00+00:00,45.43,45.45,45.43,45.43,3.759556682060457855
2026-08-12 11:47:00+00:00,45.43,45.45,45.43,45.43,3.023904317792554068
2026-08-12 11:48:00+00:00,45.43,45.45,45.43,45.45,2.129475712704442354
2026-08-12 11:49:00+00:00,45.45,45.46,45.43,45.44,464.602436032206029849
2026-08-12 11:50:00+00:00,45.44,45.45,45.44,45.45,4.013636555997149006
2026-08-12 11:51:00+00:00,45.45,45.46,45.44,45.44,3.515217166678691436
2026-08-12 11:52:00+00:00,45.44,45.46,45.44,45.44,4.42233554068582192
2026-08-12 11:53:00+00:00,45.44,45.46,45.44,45.44,1.367578456606333997
2026-08-12 11:54:00+00:00,45.44,45.46,45.43,45.43,476.494209919746113757
2026-08-12 11:55:00+00:00,45.43,45.44,45.43,45.43,3.863605336758610209
2026-08-12 11:56:00+00:00,45.43,45.44,45.41,45.42,488.37686440026360831
2026-08-12 11:57:00+00:00,45.42,45.42,45.41,45.42,4.050922719765149672
2026-08-12 11:58:00+00:00,45.42,45.42,45.41,45.41,3.552218841571741621
2026-08-12 11:59:00+00:00,45.41,45.42,45.41,45.41,4.102831450735415109
2026-08-12 12:00:00+00:00,45.41,45.45,45.41,45.45,463.935642250126393074
2026-08-12 12:01:00+00:00,45.45,45.45,45.42,45.42,459.793110996327419928
2026-08-12 12:02:00+00:00,45.42,45.44,45.42,45.44,3.874084939236918643
2026-08-12 12:03:00+00:00,45.44,45.44,45.42,45.44,3.379276721258860955
2026-08-12 12:04:00+00:00,45.44,45.44,45.42,45.44,4.113365755685588647
2026-08-12 12:05:00+00:00,45.44,45.44,45.42,45.42,1.074148983509157099
2026-08-12 12:06:00+00:00,45.42,45.44,45.42,45.42,3.086232623061132088
2026-08-12 12:07:00+00:00,45.42,45.44,45.42,45.42,4.094467685405697057
2026-08-12 12:08:00+00:00,45.42,45.45,45.42,45.45,14.427991745702981163
2026-08-12 12:09:00+00:00,45.45,45.46,45.44,45.44,2.199865514155585449
2026-08-12 12:10:00+00:00,45.44,45.46,45.44,45.46,3.799781672326081427
2026-08-12 12:11:00+00:00,45.46,45.46,45.44,45.46,1.825591072557208626
2026-08-12 12:12:00+00:00,45.46,45.46,45.44,45.46,3.662413520940867372
2026-08-12 12:13:00+00:00,45.46,45.46,45.44,45.44,3.273975370314717159
2026-08-12 12:14:00+00:00,45.44,45.46,45.44,45.44,4.602033661770446695
2026-08-12 12:15:00+00:00,45.44,45.46,45.44,45.44,4.183413109264916371
2026-08-12 12:16:00+00:00,45.44,45.47,45.44,45.47,14.875145158971795533
2026-08-12 12:17:00+00:00,45.47,45.49,45.46,45.49,1365.107164528821709856
2026-08-12 12:18:00+00:00,45.49,45.49,45.46,45.46,489.859857843206848976
2026-08-12 12:19:00+00:00,45.46,45.48,45.45,45.46,443.84168307532428408
2026-08-12 12:20:00+00:00,45.46,45.47,45.45,45.45,6.269387765511950373
2026-08-12 12:21:00+00:00,45.45,45.47,45.45,45.45,3.816430562783571069
2026-08-12 12:22:00+00:00,45.45,45.45,45.44,45.45,500.023193306566572143
2026-08-12 12:23:00+00:00,45.45,45.46,45.43,45.46,450.698521072083996975
2026-08-12 12:24:00+00:00,45.46,45.46,45.44,45.44,1.487800798411232903
2026-08-12 12:25:00+00:00,45.44,45.46,45.42,45.42,459.947806438330784372
2026-08-12 12:26:00+00:00,45.42,45.45,45.42,45.45,5.151197454252467491
2026-08-12 12:27:00+00:00,45.45,45.45,45.44,45.44,1.622965546994840327
2026-08-12 12:28:00+00:00,45.44,45.57,45.44,45.56,1906.710581531781155301
2026-08-12 12:29:00+00:00,45.56,45.58,45.56,45.58,3.791265653766631308
2026-08-12 12:30:00+00:00,45.58,45.62,45.39,45.45,14827.280725607685900211
2026-08-12 12:31:00+00:00,45.45,45.53,45.41,45.52,459.154828895088988994
2026-08-12 12:32:00+00:00,45.52,45.52,45.47,45.5,504.882209187021913516
2026-08-12 12:33:00+00:00,45.5,45.57,45.5,45.57,910.4176817298831165
2026-08-12 12:34:00+00:00,45.57,45.58,45.53,45.53,1863.951203520418847172
2026-08-12 12:35:00+00:00,45.53,45.55,45.5,45.5,551.549268445733921516
2026-08-12 12:36:00+00:00,45.5,45.55,45.5,45.54,6.196427474287549305
2026-08-12 12:37:00+00:00,45.54,45.55,45.53,45.55,4.148938243516097353
2026-08-12 12:38:00+00:00,45.55,45.55,45.51,45.54,488.784100823765569439
2026-08-12 12:39:00+00:00,45.54,45.55,45.49,45.53,953.206516110443243466
2026-08-12 12:40:00+00:00,45.53,45.55,45.51,45.55,505.725548651890666665
2026-08-12 12:41:00+00:00,45.55,45.55,45.52,45.52,487.100787580456814895
2026-08-12 12:42:00+00:00,45.52,45.54,45.48,45.49,1935.862413729849118003
2026-08-12 12:43:00+00:00,45.49,45.51,45.48,45.51,458.294992658509168977
2026-08-12 12:44:00+00:00,45.51,45.51,45.46,45.47,1393.546254150185228729
2026-08-12 12:45:00+00:00,45.47,45.48,45.45,45.46,458.300732986672645616
2026-08-12 12:46:00+00:00,45.46,45.49,45.45,45.48,963.183644666132848484
2026-08-12 12:47:00+00:00,45.48,45.49,45.45,45.47,939.341574323749628701
2026-08-12 12:48:00+00:00,45.47,45.47,45.42,45.46,942.495233091310332268
2026-08-12 12:49:00+00:00,45.46,45.46,45.43,45.44,504.096613609928388392
2026-08-12 12:50:00+00:00,45.44,45.46,45.43,45.46,459.700180258801714279
2026-08-12 12:51:00+00:00,45.46,45.46,45.42,45.42,490.650302436087259701
2026-08-12 12:52:00+00:00,45.42,45.45,45.42,45.45,1.699627789302968845
2026-08-12 12:53:00+00:00,45.45,45.49,45.45,45.49,5.001506604399591047
2026-08-12 12:54:00+00:00,45.49,45.5,45.47,45.5,6.232071884794915289
2026-08-12 12:55:00+00:00,45.5,45.5,45.48,45.48,458.077059725778994294
2026-08-12 12:56:00+00:00,45.48,45.5,45.47,45.47,490.373372222025218311
2026-08-12 12:57:00+00:00,45.47,45.48,45.46,45.48,445.700801011035065829
2026-08-12 12:58:00+00:00,45.48,45.49,45.47,45.47,8.335182367987867772
2026-08-12 12:59:00+00:00,45.47,45.49,45.45,45.45,487.849956009356903192
2026-08-12 13:00:00+00:00,45.45,45.5,45.45,45.47,974.222398819209169213
2026-08-12 13:01:00+00:00,45.47,45.49,45.45,45.46,968.29736971206488219
2026-08-12 13:02:00+00:00,45.46,45.46,45.44,45.46,970.613921047744115291
2026-08-12 13:03:00+00:00,45.46,45.46,45.44,45.44,3.660147850919861442
2026-08-12 13:04:00+00:00,45.44,45.46,45.43,45.43,392.09966156056755236
2026-08-12 13:05:00+00:00,45.43,45.45,45.4,45.4,580.497347913985658571
2026-08-12 13:06:00+00:00,45.4,45.43,45.4,45.43,5.367596527507469851
2026-08-12 13:07:00+00:00,45.43,45.44,45.42,45.44,6.320140127657030247
2026-08-12 13:08:00+00:00,45.44,45.44,45.42,45.42,2.737821868739960675
2026-08-12 13:09:00+00:00,45.42,45.47,45.42,45.46,10.965886749221485725
2026-08-12 13:10:00+00:00,45.46,45.5,45.44,45.44,949.922896260606111054
2026-08-12 13:11:00+00:00,45.44,45.46,45.43,45.44,446.746197271407934757
2026-08-12 13:12:00+00:00,45.44,45.44,45.42,45.42,492.95250137949025005
2026-08-12 13:13:00+00:00,45.42,45.44,45.4,45.42,913.233387304644307965
2026-08-12 13:14:00+00:00,45.42,45.43,45.4,45.41,505.273375163121700826
2026-08-12 13:15:00+00:00,45.41,45.45,45.4,45.43,5.871621207858264333
2026-08-12 13:16:00+00:00,45.43,45.46,45.42,45.44,459.485169952423979219
2026-08-12 13:17:00+00:00,45.44,45.44,45.42,45.42,3.142051029204730802
2026-08-12 13:18:00+00:00,45.42,45.45,45.42,45.44,15.854397502180831193
2026-08-12 13:19:00+00:00,45.44,45.45,45.44,45.44,60.217273354095972969
2026-08-12 13:20:00+00:00,45.44,45.46,45.43,45.46,44.447549580131692278
2026-08-12 13:21:00+00:00,45.46,45.46,45.43,45.44,949.544352479166999594
2026-08-12 13:22:00+00:00,45.44,45.44,45.41,45.42,534.439562342495649823
2026-08-12 13:23:00+00:00,45.42,45.43,45.41,45.43,4.801027191815631667
2026-08-12 13:24:00+00:00,45.43,45.45,45.42,45.42,488.984092965650433946
2026-08-12 13:25:00+00:00,45.42,45.43,45.4,45.4,945.872313343025543866
2026-08-12 13:26:00+00:00,45.4,45.43,45.4,45.42,11.230513018286247928
2026-08-12 13:27:00+00:00,45.42,45.42,45.4,45.42,31.068902291692166552
2026-08-12 13:28:00+00:00,45.42,45.42,45.4,45.42,17.616566709082848736
2026-08-12 13:29:00+00:00,45.42,45.45,45.42,45.45,1.302258022687514127
2026-08-12 13:30:00+00:00,45.45,45.45,45.43,45.43,5.535613818040399677
2026-08-12 13:31:00+00:00,45.43,45.45,45.42,45.44,520.865361875196743494
2026-08-12 13:32:00+00:00,45.44,45.5,45.44,45.5,7.386117625847062717
2026-08-12 13:33:00+00:00,45.5,45.5,45.46,45.49,488.543489835217954881
2026-08-12 13:34:00+00:00,45.49,45.49,45.46,45.46,494.4732305922505604
2026-08-12 13:35:00+00:00,45.46,45.49,45.46,45.47,10.212633150614941868
2026-08-12 13:36:00+00:00,45.47,45.53,45.47,45.5,495.903659140975807167
2026-08-12 13:37:00+00:00,45.5,45.53,45.5,45.51,946.189577358528492323
2026-08-12 13:38:00+00:00,45.51,45.51,45.49,45.51,445.011222254988700565
2026-08-12 13:39:00+00:00,45.51,45.51,45.45,45.48,984.71609071308448621
2026-08-12 13:40:00+00:00,45.48,45.48,45.44,45.44,503.158976215671307855
2026-08-12 13:41:00+00:00,45.44,45.46,45.42,45.44,484.261500971208504992
2026-08-12 13:42:00+00:00,45.44,45.48,45.44,45.48,28.518966997591323565
2026-08-12 13:43:00+00:00,45.48,45.48,45.46,45.48,3.72348419420979948
2026-08-12 13:44:00+00:00,45.48,45.51,45.44,45.51,959.056330050355803356
2026-08-12 13:45:00+00:00,45.51,45.52,45.48,45.49,1913.017835197260084516
2026-08-12 13:46:00+00:00,45.49,45.51,45.49,45.49,3.983834999822968226
2026-08-12 13:47:00+00:00,45.49,45.51,45.49,45.49,4.013480420890250973
2026-08-12 13:48:00+00:00,45.49,45.53,45.49,45.51,1368.638889020110480288
2026-08-12 13:49:00+00:00,45.51,45.53,45.5,45.51,965.61121131681786199
2026-08-12 13:50:00+00:00,45.51,45.51,45.47,45.49,967.680932022109953877
2026-08-12 13:51:00+00:00,45.49,45.51,45.48,45.48,5.175261250562157349
2026-08-12 13:52:00+00:00,45.48,45.52,45.47,45.5,1367.991795696086319239
2026-08-12 13:53:00+00:00,45.5,45.52,45.5,45.52,457.818068849881743699
2026-08-12 13:54:00+00:00,45.52,45.59,45.52,45.57,517.241925894590122884
2026-08-12 13:55:00+00:00,45.57,45.61,45.56,45.6,944.255160837933014128
2026-08-12 13:56:00+00:00,45.6,45.61,45.59,45.59,4.410823351224449808
2026-08-12 13:57:00+00:00,45.59,45.62,45.59,45.62,5.77194213013950163
2026-08-12 13:58:00+00:00,45.62,45.62,45.58,45.61,1494.311670723502178014
2026-08-12 13:59:00+00:00,45.61,45.61,45.56,45.57,1210.57587375041602201
2026-08-12 14:00:00+00:00,45.57,45.57,45.54,45.54,562.239921223898393348
2026-08-12 14:01:00+00:00,45.54,45.56,45.52,45.52,486.714898998171783622
2026-08-12 14:02:00+00:00,45.52,45.53,45.45,45.47,1869.168689177558315589
2026-08-12 14:03:00+00:00,45.47,45.47,45.44,45.45,1501.353104246076779217
2026-08-12 14:04:00+00:00,45.45,45.45,45.41,45.43,1181.786173313623963941
2026-08-12 14:05:00+00:00,45.43,45.43,45.39,45.4,2178.847394578610213511
2026-08-12 14:06:00+00:00,45.4,45.4,45.36,45.38,7124.255286792846981706
2026-08-12 14:07:00+00:00,45.38,45.38,45.36,45.38,2.709872851087776895
2026-08-12 14:08:00+00:00,45.38,45.41,45.36,45.41,5.810540395203996218
2026-08-12 14:09:00+00:00,45.41,45.43,45.4,45.41,912.958866736346621002
2026-08-12 14:10:00+00:00,45.41,45.45,45.41,45.45,12.534291040652869504
2026-08-12 14:11:00+00:00,45.45,45.49,45.45,45.46,445.521795657073137825
2026-08-12 14:12:00+00:00,45.46,45.48,45.44,45.44,503.114487128722913644
2026-08-12 14:13:00+00:00,45.44,45.46,45.42,45.44,953.472338581786548192
2026-08-12 14:14:00+00:00,45.44,45.44,45.4,45.4,9.127748131393373303
2026-08-12 14:15:00+00:00,45.4,45.41,45.37,45.37,912.783877483089347825
2026-08-12 14:16:00+00:00,45.37,45.39,45.34,45.35,3928.502324916219888557
2026-08-12 14:17:00+00:00,45.35,45.35,45.33,45.35,932.695178076090034338
2026-08-12 14:18:00+00:00,45.35,45.35,45.21,45.22,8553.215874325302470882
2026-08-12 14:19:00+00:00,45.22,45.26,45.2,45.26,4.951690350928583715
2026-08-12 14:20:00+00:00,45.26,45.27,45.12,45.12,5712.434325265120092886
2026-08-12 14:21:00+00:00,45.12,45.15,45.12,45.13,1900.223213007761937826
2026-08-12 14:22:00+00:00,45.13,45.15,45.06,45.06,9956.234349402591778765
2026-08-12 14:23:00+00:00,45.06,45.07,45.02,45.02,2324.893997258710548403
2026-08-12 14:24:00+00:00,45.02,45.04,45.01,45.04,8.029774894025072494
2026-08-12 14:25:00+00:00,45.04,45.06,45.03,45.05,4.30663404485743906
2026-08-12 14:26:00+00:00,45.05,45.06,45.03,45.03,449.273322385406222856
2026-08-12 14:27:00+00:00,45.03,45.07,45.03,45.06,28.136060781644224689
2026-08-12 14:28:00+00:00,45.06,45.09,45.04,45.09,5.784515008196021166
2026-08-12 14:29:00+00:00,45.09,45.09,45.05,45.05,940.654367861737561198
2026-08-12 14:30:00+00:00,45.05,45.07,45.03,45.05,511.186247092889657193
2026-08-12 14:31:00+00:00,45.05,45.07,45,45.07,4281.264952756089313666
2026-08-12 14:32:00+00:00,45.07,45.07,45.04,45.05,964.794771478412079825
2026-08-12 14:33:00+00:00,45.05,45.08,45.05,45.07,943.860904625580117729
2026-08-12 14:34:00+00:00,45.07,45.07,45.01,45.01,1423.558648053615338308
2026-08-12 14:35:00+00:00,45.01,45.02,44.98,44.98,1426.334789489165617987
2026-08-12 14:36:00+00:00,44.98,45.01,44.97,44.98,544.783816840447314217
2026-08-12 14:37:00+00:00,44.98,45,44.98,44.98,8.028009317721456445
2026-08-12 14:38:00+00:00,44.98,45,44.98,45,6.711175452850277947
2026-08-12 14:39:00+00:00,45,45,44.96,45,930.355191329595123254
2026-08-12 14:40:00+00:00,45,45,44.98,44.98,4.522356784189063676
2026-08-12 14:41:00+00:00,44.98,45.03,44.98,45.01,466.287932506895088658
2026-08-12 14:42:00+00:00,45.01,45.03,44.99,45.03,495.204718742274557578
2026-08-12 14:43:00+00:00,45.03,45.05,45.01,45.03,6.615689606769707924
2026-08-12 14:44:00+00:00,45.03,45.08,45.03,45.07,6.695043245156726729
2026-08-12 14:45:00+00:00,45.07,45.08,45.05,45.07,492.842839384362114978
2026-08-12 14:46:00+00:00,45.07,45.11,45.07,45.09,7.187794145164523141
2026-08-12 14:47:00+00:00,45.09,45.11,45.08,45.08,464.235494094847109146
2026-08-12 14:48:00+00:00,45.08,45.08,45.07,45.08,3.818458785101908905
2026-08-12 14:49:00+00:00,45.08,45.08,45.05,45.06,939.094774509808082151
2026-08-12 14:50:00+00:00,45.06,45.07,45.04,45.06,462.68690919877141325
2026-08-12 14:51:00+00:00,45.06,45.07,45.02,45.02,1395.880983501483508972
2026-08-12 14:52:00+00:00,45.02,45.04,45,45.02,6.835171100054670209
2026-08-12 14:53:00+00:00,45.02,45.04,45.02,45.04,4.79219760718526969
2026-08-12 14:54:00+00:00,45.04,45.04,45.01,45.02,492.332298552326721555
2026-08-12 14:55:00+00:00,45.02,45.03,45,45.03,450.318924512333406946
2026-08-12 14:56:00+00:00,45.03,45.04,45,45.01,951.851145480164800976
2026-08-12 14:57:00+00:00,45.01,45.03,45.01,45.03,5.130333456572163297
2026-08-12 14:58:00+00:00,45.03,45.03,44.99,45.01,508.196294040705878549
2026-08-12 14:59:00+00:00,45.01,45.01,44.94,44.96,1682.306750823483134414
2026-08-12 15:00:00+00:00,44.96,44.96,44.92,44.96,2600.420688385353391308
2026-08-12 15:01:00+00:00,44.96,45.03,44.96,45.03,7.127010116075518843
2026-08-12 15:02:00+00:00,45.03,45.06,45.03,45.06,9.176279734427126333
2026-08-12 15:03:00+00:00,45.06,45.09,45.05,45.07,7.473894378968669529
2026-08-12 15:04:00+00:00,45.07,45.1,45.07,45.1,463.10061341907473206
2026-08-12 15:05:00+00:00,45.1,45.1,45.07,45.09,493.96613038362983545
2026-08-12 15:06:00+00:00,45.09,45.09,45.07,45.07,3.635740903863943335
2026-08-12 15:07:00+00:00,45.07,45.11,45.07,45.08,981.080100096249799536
2026-08-12 15:08:00+00:00,45.08,45.09,45.07,45.09,4.833296064823733685
2026-08-12 15:09:00+00:00,45.09,45.1,45.07,45.08,463.373573473789305192
2026-08-12 15:10:00+00:00,45.08,45.1,45.08,45.08,3.850005469458582618
2026-08-12 15:11:00+00:00,45.08,45.1,45.08,45.1,3.447627268202181089
2026-08-12 15:12:00+00:00,45.1,45.1,45.08,45.1,2.954371307377670046
2026-08-12 15:13:00+00:00,45.1,45.1,45.06,45.09,938.964947881390352516
2026-08-12 15:14:00+00:00,45.09,45.1,45.08,45.08,465.797791194196465753
2026-08-12 15:15:00+00:00,45.08,45.11,45.08,45.11,466.32044736379714374
2026-08-12 15:16:00+00:00,45.11,45.12,45.1,45.12,4.18623508177193296
2026-08-12 15:17:00+00:00,45.12,45.14,45.1,45.14,5.890968546465944911
2026-08-12 15:18:00+00:00,45.14,45.16,45.12,45.14,5.081081183938286863
2026-08-12 15:19:00+00:00,45.14,45.16,45.13,45.14,490.993633581187328659
2026-08-12 15:20:00+00:00,45.14,45.14,45.1,45.12,510.755825843304081388
2026-08-12 15:21:00+00:00,45.12,45.12,45.1,45.12,3.675443321381956561
2026-08-12 15:22:00+00:00,45.12,45.12,45.09,45.1,507.49865193043329453
2026-08-12 15:23:00+00:00,45.1,45.1,45.07,45.09,1207.515518158758309265
2026-08-12 15:24:00+00:00,45.09,45.11,45.08,45.11,6.805585351212272423
2026-08-12 15:25:00+00:00,45.11,45.11,45.08,45.08,920.098530485919446465
2026-08-12 15:26:00+00:00,45.08,45.09,45.04,45.06,1528.723614432375672486
2026-08-12 15:27:00+00:00,45.06,45.06,45.04,45.06,2.849412121907320727
2026-08-12 15:28:00+00:00,45.06,45.06,44.94,45,2896.778557990020351537
2026-08-12 15:29:00+00:00,45,45.06,44.98,45.04,5.122614253843521459
2026-08-12 15:30:00+00:00,45.04,45.07,45.04,45.07,464.283045466165718385
2026-08-12 15:31:00+00:00,45.07,45.07,45.04,45.05,493.304401605927718844
2026-08-12 15:32:00+00:00,45.05,45.05,45.03,45.03,450.432672141033861331
2026-08-12 15:33:00+00:00,45.03,45.05,45.02,45.03,477.807634541513261852
2026-08-12 15:34:00+00:00,45.03,45.05,45.02,45.05,8.984627440194844229
2026-08-12 15:35:00+00:00,45.05,45.09,45.04,45.08,4.578840546685445667
2026-08-12 15:36:00+00:00,45.08,45.1,45.07,45.07,464.806707044005934856
2026-08-12 15:37:00+00:00,45.07,45.08,45.06,45.06,475.38952912334238495
2026-08-12 15:38:00+00:00,45.06,45.08,45.06,45.06,3.734826206288686951
2026-08-12 15:39:00+00:00,45.06,45.08,45.06,45.08,3.370994092073232922
2026-08-12 15:40:00+00:00,45.08,45.08,45.06,45.06,10.139993710279266944
2026-08-12 15:41:00+00:00,45.06,45.08,45.06,45.06,4.024289185945900381
2026-08-12 15:42:00+00:00,45.06,45.09,45.03,45.05,962.826854246640839422
2026-08-12 15:43:00+00:00,45.05,45.1,45.05,45.08,493.227374652706901271
2026-08-12 15:44:00+00:00,45.08,45.1,45.07,45.08,458.351936929631992907
2026-08-12 15:45:00+00:00,45.08,45.09,45.07,45.09,4.479546454570203173
2026-08-12 15:46:00+00:00,45.09,45.09,45.07,45.09,4.022008036290410079
2026-08-12 15:47:00+00:00,45.09,45.09,45.07,45.09,3.715649990849846292
2026-08-12 15:48:00+00:00,45.09,45.09,45.05,45.07,519.107053013107767056
2026-08-12 15:49:00+00:00,45.07,45.08,45.05,45.07,4.194166144193067595
2026-08-12 15:50:00+00:00,45.07,45.08,45.07,45.07,3.899004614531393435
2026-08-12 15:51:00+00:00,45.07,45.08,45.07,45.08,3.573719206187988353
2026-08-12 15:52:00+00:00,45.08,45.08,45.07,45.08,3.839696644616114256
2026-08-12 15:53:00+00:00,45.08,45.08,45.06,45.06,464.783604499143944985
2026-08-12 15:54:00+00:00,45.06,45.08,45.05,45.05,494.643781872863578574
2026-08-12 15:55:00+00:00,45.05,45.06,45.05,45.06,5.975935339389631181
2026-08-12 15:56:00+00:00,45.06,45.06,45.03,45.03,490.097046716797966396
2026-08-12 15:57:00+00:00,45.03,45.06,45.03,45.05,5.834560195602970491
2026-08-12 15:58:00+00:00,45.05,45.06,45.03,45.04,950.527649140827876874
2026-08-12 15:59:00+00:00,45.04,45.04,45.03,45.04,4.059791395237199274
2026-08-12 16:00:00+00:00,45.04,45.05,45.02,45.05,453.024263665147064247
2026-08-12 16:01:00+00:00,45.05,45.06,45.04,45.06,6.067057136656977548
2026-08-12 16:02:00+00:00,45.06,45.08,45.04,45.06,951.826322062264157058
2026-08-12 16:03:00+00:00,45.06,45.08,45.06,45.06,4.445737923739325236
2026-08-12 16:04:00+00:00,45.06,45.09,45.04,45.09,495.240630160133596096
2026-08-12 16:05:00+00:00,45.09,45.09,45.07,45.09,3.869084713495868992
2026-08-12 16:06:00+00:00,45.09,45.09,45.07,45.07,3.834597584900706188
2026-08-12 16:07:00+00:00,45.07,45.09,45.07,45.07,4.128032252434213981
2026-08-12 16:08:00+00:00,45.07,45.09,45.07,45.09,3.652019841686348473
2026-08-12 16:09:00+00:00,45.09,45.09,45.07,45.09,4.228172036470903564
2026-08-12 16:10:00+00:00,45.09,45.09,45.06,45.07,472.287776127923680518
2026-08-12 16:11:00+00:00,45.07,45.07,45.05,45.07,492.63987726151661507
2026-08-12 16:12:00+00:00,45.07,45.07,45.05,45.07,8.695961393880575941
2026-08-12 16:13:00+00:00,45.07,45.09,45.07,45.07,4.78700722553228338
2026-08-12 16:14:00+00:00,45.07,45.11,45.07,45.11,5.841525032497352947
2026-08-12 16:15:00+00:00,45.11,45.12,45.09,45.12,4.624580532397213809
2026-08-12 16:16:00+00:00,45.12,45.12,45.08,45.08,493.743778033976963776
2026-08-12 16:17:00+00:00,45.08,45.1,45.04,45.08,1964.02954669703814919
2026-08-12 16:18:00+00:00,45.08,45.08,45.06,45.08,11.262222685635361069
2026-08-12 16:19:00+00:00,45.08,45.08,45.05,45.06,469.803611140957302115
2026-08-12 16:20:00+00:00,45.06,45.08,45.05,45.07,494.106876598126275865
2026-08-12 16:21:00+00:00,45.07,45.09,45.07,45.09,3.745850768202027515
2026-08-12 16:22:00+00:00,45.09,45.09,45.06,45.07,457.769432974755154745
2026-08-12 16:23:00+00:00,45.07,45.08,45.06,45.06,6.50923025003235233
2026-08-12 16:24:00+00:00,45.06,45.09,45.06,45.08,7.673814312304525093
2026-08-12 16:25:00+00:00,45.08,45.1,45.08,45.1,2.487693423074425947
2026-08-12 16:26:00+00:00,45.1,45.1,45.08,45.1,4.054802145286920315
2026-08-12 16:27:00+00:00,45.1,45.1,45.08,45.1,4.023941030186296048
2026-08-12 16:28:00+00:00,45.1,45.12,45.08,45.1,10.124882825679801453
2026-08-12 16:29:00+00:00,45.1,45.12,45.07,45.07,914.883212870028539716
2026-08-12 16:30:00+00:00,45.07,45.1,45.06,45.1,496.604337692949031707
2026-08-12 16:31:00+00:00,45.1,45.1,45.07,45.07,461.325548554748554832
2026-08-12 16:32:00+00:00,45.07,45.11,45.07,45.11,7.243367979034150601
2026-08-12 16:33:00+00:00,45.11,45.11,45.09,45.11,4.042751822397717918
2026-08-12 16:34:00+00:00,45.11,45.11,45.08,45.1,465.906411819724916399
2026-08-12 16:35:00+00:00,45.1,45.1,45.08,45.08,3.426199090259838626
2026-08-12 16:36:00+00:00,45.08,45.1,45.08,45.08,3.641031671706569444
2026-08-12 16:37:00+00:00,45.08,45.1,45.08,45.08,4.115078972686153409
2026-08-12 16:38:00+00:00,45.08,45.1,45.08,45.1,3.58850798875416357
2026-08-12 16:39:00+00:00,45.1,45.1,45.08,45.1,3.865766166873574836
2026-08-12 16:40:00+00:00,45.1,45.1,45.08,45.1,4.656519112609856431
2026-08-12 16:41:00+00:00,45.1,45.1,45.06,45.08,934.044521352500951464
2026-08-12 16:42:00+00:00,45.08,45.09,45.06,45.08,6.277604355388122147
2026-08-12 16:43:00+00:00,45.08,45.1,45.08,45.08,5.234439229774521914
2026-08-12 16:44:00+00:00,45.08,45.1,45.08,45.08,3.6736312581525428
2026-08-12 16:45:00+00:00,45.08,45.08,45.07,45.07,491.886067348848454012
2026-08-12 16:46:00+00:00,45.07,45.09,45.07,45.07,6.600478511503838968
2026-08-12 16:47:00+00:00,45.07,45.09,45.06,45.06,467.163669754980295431
2026-08-12 16:48:00+00:00,45.06,45.07,45.06,45.07,3.806320148438031637
2026-08-12 16:49:00+00:00,45.07,45.07,45.06,45.07,4.126345012852227396
2026-08-12 16:50:00+00:00,45.07,45.1,45.06,45.09,458.529928056629669536
2026-08-12 16:51:00+00:00,45.09,45.11,45.09,45.09,6.425573291854231057
2026-08-12 16:52:00+00:00,45.09,45.11,45.09,45.11,2.671094216404748074
2026-08-12 16:53:00+00:00,45.11,45.11,45.09,45.11,4.126555268978779301
2026-08-12 16:54:00+00:00,45.11,45.11,45.09,45.11,4.165282445282100146
2026-08-12 16:55:00+00:00,45.11,45.11,45.09,45.09,3.746006491905472038
2026-08-12 16:56:00+00:00,45.09,45.12,45.09,45.11,11.747132170420287055
2026-08-12 16:57:00+00:00,45.11,45.12,45.11,45.11,3.345811843311306792
2026-08-12 16:58:00+00:00,45.11,45.12,45.11,45.12,3.579068497455392723
2026-08-12 16:59:00+00:00,45.12,45.12,45.11,45.12,3.547827360738368459
2026-08-12 17:00:00+00:00,45.12,45.12,45.11,45.11,3.772974341876673406
2026-08-12 17:01:00+00:00,45.11,45.12,45.11,45.11,1.891564242686514128
2026-08-12 17:02:00+00:00,45.11,45.12,45.11,45.11,3.978286356950936319
2026-08-12 17:03:00+00:00,45.11,45.15,45.11,45.14,491.595509321932405693
2026-08-12 17:04:00+00:00,45.14,45.15,45.14,45.15,3.653391074206933906
2026-08-12 17:05:00+00:00,45.15,45.17,45.14,45.17,7.523765515556465875
2026-08-12 17:06:00+00:00,45.17,45.17,45.16,45.16,3.727633472250192309
2026-08-12 17:07:00+00:00,45.16,45.17,45.14,45.14,489.865586638398634288
2026-08-12 17:08:00+00:00,45.14,45.15,45.13,45.13,491.677384016004950868
2026-08-12 17:09:00+00:00,45.13,45.15,45.13,45.15,3.000643559801032524
2026-08-12 17:10:00+00:00,45.15,45.15,45.1,45.1,1413.431779475722616927
2026-08-12 17:11:00+00:00,45.1,45.13,45.1,45.11,917.725909522901774448
2026-08-12 17:12:00+00:00,45.11,45.13,45.11,45.13,2.958545880142407877
2026-08-12 17:13:00+00:00,45.13,45.13,45.09,45.11,628.298368682815685604
2026-08-12 17:14:00+00:00,45.11,45.12,45.09,45.12,4.427609428810663789
2026-08-12 17:15:00+00:00,45.12,45.12,45.1,45.12,4.756649569854790779
2026-08-12 17:16:00+00:00,45.12,45.12,45.1,45.12,3.772824475947854251
2026-08-12 17:17:00+00:00,45.12,45.12,45.1,45.1,3.625754371687817455
2026-08-12 17:18:00+00:00,45.1,45.12,45.1,45.1,3.879868996791998862
2026-08-12 17:19:00+00:00,45.1,45.12,45.1,45.1,1.881923758865248223
2026-08-12 17:20:00+00:00,45.1,45.12,45.1,45.12,3.735345518626849706
2026-08-12 17:21:00+00:00,45.12,45.12,45.1,45.12,3.761649289993867051
2026-08-12 17:22:00+00:00,45.12,45.12,45.1,45.12,3.98282754241952477
2026-08-12 17:23:00+00:00,45.12,45.12,45.06,45.06,494.335798979318013995
2026-08-12 17:24:00+00:00,45.06,45.07,45.05,45.05,5.876563150082471143
2026-08-12 17:25:00+00:00,45.05,45.07,45.01,45.01,2073.988560966988888775
2026-08-12 17:26:00+00:00,45.01,45.06,45.01,45.04,463.570851061835357841
2026-08-12 17:27:00+00:00,45.04,45.06,45.04,45.06,3.879373574527430956
2026-08-12 17:28:00+00:00,45.06,45.06,45.04,45.06,7.955217771607463965
2026-08-12 17:29:00+00:00,45.06,45.08,45.06,45.08,4.548411775292773921
2026-08-12 17:30:00+00:00,45.08,45.08,45.06,45.06,2.046594582949835984
2026-08-12 17:31:00+00:00,45.06,45.08,45.06,45.06,4.096852318765750956
2026-08-12 17:32:00+00:00,45.06,45.12,45.06,45.12,8.237221729483777275
2026-08-12 17:33:00+00:00,45.12,45.14,45.12,45.13,474.286304176009866801
2026-08-12 17:34:00+00:00,45.13,45.14,45.12,45.14,462.445456123509345286
2026-08-12 17:35:00+00:00,45.14,45.14,45.12,45.12,3.805894849986016706
2026-08-12 17:36:00+00:00,45.12,45.17,45.12,45.16,10.585799525894855362
2026-08-12 17:37:00+00:00,45.16,45.18,45.16,45.18,4.050145531447452077
2026-08-12 17:38:00+00:00,45.18,45.18,45.16,45.18,3.168491274543593164
2026-08-12 17:39:00+00:00,45.18,45.18,45.14,45.16,950.170348751501268788
2026-08-12 17:40:00+00:00,45.16,45.16,45.14,45.14,3.635132868787706227
2026-08-12 17:41:00+00:00,45.14,45.16,45.14,45.14,3.883878862454491543
2026-08-12 17:42:00+00:00,45.14,45.16,45.14,45.14,4.11792719079270357
2026-08-12 17:43:00+00:00,45.14,45.16,45.14,45.16,3.33602552515488669
2026-08-12 17:44:00+00:00,45.16,45.16,45.13,45.14,15.246479853378267823
2026-08-12 17:45:00+00:00,45.14,45.14,45.12,45.14,510.177674018596532098
2026-08-12 17:46:00+00:00,45.14,45.14,45.12,45.14,3.394486508875460737
2026-08-12 17:47:00+00:00,45.14,45.14,45.12,45.12,3.683821687924408532
2026-08-12 17:48:00+00:00,45.12,45.14,45.12,45.12,3.991336409656953773
2026-08-12 17:49:00+00:00,45.12,45.14,45.12,45.14,6.435665233379525313
2026-08-12 17:50:00+00:00,45.14,45.16,45.14,45.16,3.962665909423072579
2026-08-12 17:51:00+00:00,45.16,45.16,45.15,45.16,4.199397334149430051
2026-08-12 17:52:00+00:00,45.16,45.16,45.15,45.16,3.497321020277845619
2026-08-12 17:53:00+00:00,45.16,45.16,45.15,45.15,3.770047062885549296
2026-08-12 17:54:00+00:00,45.15,45.16,45.13,45.13,514.009668151998743073
2026-08-12 17:55:00+00:00,45.13,45.14,45.13,45.13,3.693662413344170595
2026-08-12 17:56:00+00:00,45.13,45.16,45.13,45.16,11.944444819144173804
2026-08-12 17:57:00+00:00,45.16,45.17,45.15,45.15,15.151464794313452821
2026-08-12 17:58:00+00:00,45.15,45.17,45.15,45.15,3.471010399742476489
2026-08-12 17:59:00+00:00,45.15,45.17,45.15,45.15,3.93077224443844602
2026-08-12 18:00:00+00:00,45.15,45.15,45.12,45.13,487.939977584554275357
2026-08-12 18:01:00+00:00,45.13,45.14,45.13,45.13,3.557521210079756787
2026-08-12 18:02:00+00:00,45.13,45.14,45.1,45.12,1474.946222257863677473
2026-08-12 18:03:00+00:00,45.12,45.12,45.09,45.11,371.377865470195983268
2026-08-12 18:04:00+00:00,45.11,45.14,45.09,45.14,7.819542883001774528
2026-08-12 18:05:00+00:00,45.14,45.14,45.13,45.14,4.120246158368268259
2026-08-12 18:06:00+00:00,45.14,45.14,45.11,45.11,462.680421061012818899
2026-08-12 18:07:00+00:00,45.11,45.12,45.1,45.1,462.835900124631264394
2026-08-12 18:08:00+00:00,45.1,45.12,45.1,45.1,4.068870403381555381
2026-08-12 18:09:00+00:00,45.1,45.12,45.1,45.12,1.51428687825321193
2026-08-12 18:10:00+00:00,45.12,45.12,45.1,45.12,2.647066575851928727
2026-08-12 18:11:00+00:00,45.12,45.13,45.1,45.13,12.545641673899419036
2026-08-12 18:12:00+00:00,45.13,45.14,45.11,45.11,14.513371716019798721
2026-08-12 18:13:00+00:00,45.11,45.11,45.07,45.07,469.84759100983005514
2026-08-12 18:14:00+00:00,45.07,45.09,45.07,45.07,3.778563785576297046
2026-08-12 18:15:00+00:00,45.07,45.07,45.05,45.05,492.63656877380864436
2026-08-12 18:16:00+00:00,45.05,45.07,45.04,45.04,6.806329022777984764
2026-08-12 18:17:00+00:00,45.04,45.05,45.02,45.02,1384.550198541785888405
2026-08-12 18:18:00+00:00,45.02,45.03,45.01,45.02,7.167090320822284434
2026-08-12 18:19:00+00:00,45.02,45.04,45.01,45.02,5.235287151791828816
2026-08-12 18:20:00+00:00,45.02,45.05,45.02,45.03,462.883050239231305526
2026-08-12 18:21:00+00:00,45.03,45.05,45.01,45.02,968.741288470663276214
2026-08-12 18:22:00+00:00,45.02,45.05,45.02,45.05,6.382619408605372609
2026-08-12 18:23:00+00:00,45.05,45.05,45.03,45.03,5.246539309930649573
2026-08-12 18:24:00+00:00,45.03,45.05,45.03,45.03,4.179882165127059204
2026-08-12 18:25:00+00:00,45.03,45.06,45.03,45.06,465.385655892426807849
2026-08-12 18:26:00+00:00,45.06,45.06,45.04,45.06,3.721594850047972346
2026-08-12 18:27:00+00:00,45.06,45.06,45.04,45.06,4.000019039149695013
2026-08-12 18:28:00+00:00,45.06,45.06,45.03,45.04,470.153219871925978332
2026-08-12 18:29:00+00:00,45.04,45.07,45.04,45.06,12.046937131360626602
2026-08-12 18:30:00+00:00,45.06,45.07,45.05,45.07,462.73212522050246237
2026-08-12 18:31:00+00:00,45.07,45.07,45.02,45.04,982.530245376862092712
2026-08-12 18:32:00+00:00,45.04,45.07,45.04,45.06,4.998287484153219856
2026-08-12 18:33:00+00:00,45.06,45.09,45.06,45.09,6.537389149804266171
2026-08-12 18:34:00+00:00,45.09,45.09,45.06,45.06,981.842354232001255976
2026-08-12 18:35:00+00:00,45.06,45.07,45.06,45.06,4.05956955944941788
2026-08-12 18:36:00+00:00,45.06,45.07,45.06,45.06,3.934915633037566156
2026-08-12 18:37:00+00:00,45.06,45.08,45.06,45.08,9.252722223797141973
2026-08-12 18:38:00+00:00,45.08,45.08,45.06,45.08,4.073990570002099137
2026-08-12 18:39:00+00:00,45.08,45.08,45.06,45.08,3.924116636754858251
2026-08-12 18:40:00+00:00,45.08,45.09,45.08,45.08,8.187615998408388772
2026-08-12 18:41:00+00:00,45.08,45.09,45.08,45.08,1.980553553250395589
2026-08-12 18:42:00+00:00,45.08,45.09,45.08,45.08,4.397323350931972193
2026-08-12 18:43:00+00:00,45.08,45.09,45.08,45.09,8.46915329845091439
2026-08-12 18:44:00+00:00,45.09,45.11,45.08,45.11,5.954300775524537317
2026-08-12 18:45:00+00:00,45.11,45.13,45.1,45.11,462.454150442233639717
2026-08-12 18:46:00+00:00,45.11,45.13,45.11,45.11,3.66162346437983071
2026-08-12 18:47:00+00:00,45.11,45.13,45.11,45.13,3.659496251696434194
2026-08-12 18:48:00+00:00,45.13,45.13,45.11,45.13,4.169092269368576489
2026-08-12 18:49:00+00:00,45.13,45.13,45.1,45.11,493.135416994791976919
2026-08-12 18:50:00+00:00,45.11,45.11,45.09,45.09,448.249467008737006022
2026-08-12 18:51:00+00:00,45.09,45.11,45.08,45.08,491.866716375159854529
2026-08-12 18:52:00+00:00,45.08,45.09,45.08,45.08,3.806652454727732738
2026-08-12 18:53:00+00:00,45.08,45.09,45.06,45.07,452.07124800680353392
2026-08-12 18:54:00+00:00,45.07,45.07,45.06,45.07,4.061303553942966457
2026-08-12 18:55:00+00:00,45.07,45.07,45.06,45.07,4.183098328772198413
2026-08-12 18:56:00+00:00,45.07,45.07,45.06,45.06,3.904958539121124494
2026-08-12 18:57:00+00:00,45.06,45.07,45.06,45.06,3.917671962861735711
2026-08-12 18:58:00+00:00,45.06,45.07,45.06,45.06,4.025235981982359929
2026-08-12 18:59:00+00:00,45.06,45.07,45.06,45.07,3.672968340120132696
2026-08-12 19:00:00+00:00,45.07,45.07,45.06,45.07,3.91600268990260354
2026-08-12 19:01:00+00:00,45.07,45.07,45.06,45.06,3.603863482666554785
2026-08-12 19:02:00+00:00,45.06,45.07,45.06,45.06,4.229108672596979137
2026-08-12 19:03:00+00:00,45.06,45.07,45.06,45.07,3.142800354648797531
2026-08-12 19:04:00+00:00,45.07,45.07,45.07,45.07,0
2026-08-12 19:05:00+00:00,45.07,45.07,45.07,45.07,0
2026-08-12 19:06:00+00:00,45.07,45.09,45.07,45.08,25.484960449942007047
2026-08-12 19:07:00+00:00,45.08,45.1,45.08,45.1,6.795811997804664484
2026-08-12 19:08:00+00:00,45.1,45.11,45.1,45.11,447.576361483459255296
2026-08-12 19:09:00+00:00,45.11,45.11,45.09,45.11,3.788694465056438508
2026-08-12 19:10:00+00:00,45.11,45.11,45.08,45.08,491.549711741219800079
2026-08-12 19:11:00+00:00,45.08,45.09,45.08,45.08,3.556081359906628619
2026-08-12 19:12:00+00:00,45.08,45.09,45.07,45.09,464.931068595538565909
2026-08-12 19:13:00+00:00,45.09,45.09,45.07,45.09,3.447781777863792662
2026-08-12 19:14:00+00:00,45.09,45.09,45.06,45.07,492.290398452560841941
2026-08-12 19:15:00+00:00,45.07,45.07,45.03,45.05,492.924583568463166521
2026-08-12 19:16:00+00:00,45.05,45.06,45.03,45.05,7.093013674041825189
2026-08-12 19:17:00+00:00,45.05,45.07,45.05,45.05,3.727478286951337499
2026-08-12 19:18:00+00:00,45.05,45.07,45.03,45.04,465.157322870693965279
2026-08-12 19:19:00+00:00,45.04,45.05,45.03,45.04,475.938485653002968763
2026-08-12 19:20:00+00:00,45.04,45.05,45.04,45.04,4.192694134995061727
2026-08-12 19:21:00+00:00,45.04,45.05,45,45,981.148565316651017879
2026-08-12 19:22:00+00:00,45,45.02,44.99,45,683.00621004715978533
2026-08-12 19:23:00+00:00,45,45.03,44.93,44.94,4009.432281371378550404
2026-08-12 19:24:00+00:00,44.94,44.94,44.79,44.79,13412.546754416637608453
2026-08-12 19:25:00+00:00,44.79,44.82,44.68,44.68,11815.147550406398435056
2026-08-12 19:26:00+00:00,44.68,44.76,44.68,44.74,1220.021312391299768213
2026-08-12 19:27:00+00:00,44.74,44.79,44.74,44.79,4.623803984556416499
2026-08-12 19:28:00+00:00,44.79,44.79,44.76,44.79,466.261601158973511374
2026-08-12 19:29:00+00:00,44.79,44.79,44.77,44.79,4.017676010497054148
2026-08-12 19:30:00+00:00,44.79,44.79,44.72,44.72,974.043678991368739948
2026-08-12 19:31:00+00:00,44.72,44.76,44.72,44.76,6.004548560597184931
2026-08-12 19:32:00+00:00,44.76,44.76,44.74,44.76,4.178748487437894564
2026-08-12 19:33:00+00:00,44.76,44.77,44.75,44.77,466.780137123701422604
2026-08-12 19:34:00+00:00,44.77,44.77,44.68,44.69,11.291050188416070626
2026-08-12 19:35:00+00:00,44.69,44.72,44.69,44.72,4.880908743122159146
2026-08-12 19:36:00+00:00,44.72,44.74,44.7,44.74,1374.247113886891948979
2026-08-12 19:37:00+00:00,44.74,44.76,44.72,44.75,6.281785161753494745
2026-08-12 19:38:00+00:00,44.75,44.77,44.75,44.77,6.329298917971874256
2026-08-12 19:39:00+00:00,44.77,44.8,44.75,44.8,498.708623289956921193
2026-08-12 19:40:00+00:00,44.8,44.82,44.78,44.8,5.386662685964986731
2026-08-12 19:41:00+00:00,44.8,44.82,44.77,44.79,466.382783213475978585
2026-08-12 19:42:00+00:00,44.79,44.79,44.75,44.76,509.90882151600181736
2026-08-12 19:43:00+00:00,44.76,44.76,44.75,44.76,3.816530506587585677
2026-08-12 19:44:00+00:00,44.76,44.76,44.74,44.74,469.021531271819461091
2026-08-12 19:45:00+00:00,44.74,44.77,44.74,44.76,10.875778690728751242
2026-08-12 19:46:00+00:00,44.76,44.78,44.76,44.78,5.001342731549950369
2026-08-12 19:47:00+00:00,44.78,44.79,44.76,44.79,6.84953933655309663
2026-08-12 19:48:00+00:00,44.79,44.79,44.78,44.79,3.614976495443327851
2026-08-12 19:49:00+00:00,44.79,44.79,44.77,44.79,466.235481534376318495
2026-08-12 19:50:00+00:00,44.79,44.79,44.75,44.77,961.793077565604618285
2026-08-12 19:51:00+00:00,44.77,44.78,44.75,44.76,6.982859098884218898
2026-08-12 19:52:00+00:00,44.76,44.76,44.75,44.75,3.905350717170658153
2026-08-12 19:53:00+00:00,44.75,44.76,44.75,44.75,4.139033854049655264
2026-08-12 19:54:00+00:00,44.75,44.77,44.75,44.75,9.310452095947356092
2026-08-12 19:55:00+00:00,44.75,44.77,44.75,44.77,3.47727851975896668
2026-08-12 19:56:00+00:00,44.77,44.77,44.75,44.77,3.773746460805881827
2026-08-12 19:57:00+00:00,44.77,44.77,44.75,44.77,4.329075455805775759
2026-08-12 19:58:00+00:00,44.77,44.77,44.75,44.75,3.829727174147692174
2026-08-12 19:59:00+00:00,44.75,44.77,44.74,44.75,458.424614818570706113
2026-08-12 20:00:00+00:00,44.75,44.76,44.68,44.68,2021.327817849140969708
2026-08-12 20:01:00+00:00,44.68,44.74,44.68,44.74,4.252394808927073586
2026-08-12 20:02:00+00:00,44.74,44.75,44.72,44.74,469.801010436696415557
2026-08-12 20:03:00+00:00,44.74,44.77,44.74,44.75,942.995492653916588154
2026-08-12 20:04:00+00:00,44.75,44.77,44.75,44.75,3.998441070000237084
2026-08-12 20:05:00+00:00,44.75,44.78,44.75,44.78,14.42684038901759301
2026-08-12 20:06:00+00:00,44.78,44.79,44.77,44.79,6.241943002270368886
2026-08-12 20:07:00+00:00,44.79,44.79,44.77,44.77,3.694269592448975017
2026-08-12 20:08:00+00:00,44.77,44.79,44.77,44.77,3.87873414978085257
2026-08-12 20:09:00+00:00,44.77,44.79,44.77,44.77,4.310767364819608618
2026-08-12 20:10:00+00:00,44.77,44.79,44.77,44.79,4.054348331825041312
2026-08-12 20:11:00+00:00,44.79,44.82,44.79,44.8,3.084593374045410583
2026-08-12 20:12:00+00:00,44.8,44.82,44.8,44.8,3.708253221218206152
2026-08-12 20:13:00+00:00,44.8,44.82,44.8,44.8,3.994338524733856054
2026-08-12 20:14:00+00:00,44.8,44.82,44.8,44.82,3.469491039555045573
2026-08-12 20:15:00+00:00,44.82,44.82,44.8,44.82,3.751488633103843944
2026-08-12 20:16:00+00:00,44.82,44.83,44.8,44.8,512.789252117804855804
2026-08-12 20:17:00+00:00,44.8,44.81,44.8,44.81,3.952656040783307292
2026-08-12 20:18:00+00:00,44.81,44.82,44.8,44.82,10.284381805864225857
2026-08-12 20:19:00+00:00,44.82,44.82,44.8,44.8,34.090805284630585829
2026-08-12 20:20:00+00:00,44.8,44.85,44.8,44.84,725.588908398370655449
2026-08-12 20:21:00+00:00,44.84,44.85,44.83,44.83,454.668330231250365294
2026-08-12 20:22:00+00:00,44.83,44.85,44.79,44.8,960.810529397811902945
2026-08-12 20:23:00+00:00,44.8,44.82,44.79,44.81,16.096983287634203573
2026-08-12 20:24:00+00:00,44.81,44.84,44.81,44.83,11.226327807651874161
2026-08-12 20:25:00+00:00,44.83,44.84,44.83,44.84,1.611628079355392149
2026-08-12 20:26:00+00:00,44.84,44.86,44.83,44.86,1007.410415113015249268
2026-08-12 20:27:00+00:00,44.86,44.86,44.83,44.84,497.677603560322940678
2026-08-12 20:28:00+00:00,44.84,44.85,44.83,44.85,14.008784601555010997
2026-08-12 20:29:00+00:00,44.85,44.86,44.84,44.86,464.517308758277907419
2026-08-12 20:30:00+00:00,44.86,44.86,44.84,44.86,3.199205089637579968
2026-08-12 20:31:00+00:00,44.86,44.86,44.8,44.83,947.463829055986391333
2026-08-12 20:32:00+00:00,44.83,44.84,44.82,44.82,469.886591499642620472
2026-08-12 20:33:00+00:00,44.82,44.85,44.82,44.84,6.374168812286370359
2026-08-12 20:34:00+00:00,44.84,44.85,44.84,44.84,11.580542773660234793
2026-08-12 20:35:00+00:00,44.84,44.85,44.84,44.85,8.280875910085854616
2026-08-12 20:36:00+00:00,44.85,44.85,44.81,44.85,473.009877922555569111
2026-08-12 20:37:00+00:00,44.85,44.85,44.83,44.83,3.794008556043877882
2026-08-12 20:38:00+00:00,44.83,44.86,44.83,44.85,8.187106400034433472
2026-08-12 20:39:00+00:00,44.85,44.86,44.82,44.82,964.987233673919748337
2026-08-12 20:40:00+00:00,44.82,44.84,44.81,44.83,495.800692510411334665
2026-08-12 20:41:00+00:00,44.83,44.83,44.8,44.8,453.330757118191338594
2026-08-12 20:42:00+00:00,44.8,44.81,44.8,44.81,27.009203711304874544
2026-08-12 20:43:00+00:00,44.81,44.81,44.8,44.81,3.970229500749195008
2026-08-12 20:44:00+00:00,44.81,44.81,44.8,44.81,4.447715971403066912
2026-08-12 20:45:00+00:00,44.81,44.82,44.79,44.81,478.157356159617547236
2026-08-12 20:46:00+00:00,44.81,44.82,44.79,44.79,599.190912771692937523
2026-08-12 20:47:00+00:00,44.79,44.8,44.79,44.79,3.885220503221382318
2026-08-12 20:48:00+00:00,44.79,44.8,44.79,44.79,3.864483038903773158
2026-08-12 20:49:00+00:00,44.79,44.8,44.79,44.8,3.65379260955889388
2026-08-12 20:50:00+00:00,44.8,44.8,44.79,44.8,3.817253098786400019
2026-08-12 20:51:00+00:00,44.8,44.8,44.78,44.78,485.137555232095403547
2026-08-12 20:52:00+00:00,44.78,44.8,44.78,44.8,4.380486196404644925
2026-08-12 20:53:00+00:00,44.8,44.8,44.77,44.79,483.407996613116996793
2026-08-12 20:54:00+00:00,44.79,44.79,44.76,44.77,452.211933473903143384
2026-08-12 20:55:00+00:00,44.77,44.79,44.76,44.79,465.058695068837605457
2026-08-12 20:56:00+00:00,44.79,44.79,44.77,44.77,3.799218306281571209
2026-08-12 20:57:00+00:00,44.77,44.79,44.77,44.77,3.884444903905416594
2026-08-12 20:58:00+00:00,44.77,44.81,44.77,44.79,10.659173010415656344
2026-08-12 20:59:00+00:00,44.79,44.81,44.79,44.81,6.268205480120250719
2026-08-12 21:00:00+00:00,44.81,44.82,44.79,44.82,7.712056850449101034
2026-08-12 21:01:00+00:00,44.82,44.84,44.82,44.84,483.271595932921900501
2026-08-12 21:02:00+00:00,44.84,44.84,44.79,44.81,501.620029899058882641
2026-08-12 21:03:00+00:00,44.81,44.83,44.81,44.81,5.705315433039761192
2026-08-12 21:04:00+00:00,44.81,44.83,44.81,44.81,3.800840279201006471
2026-08-12 21:05:00+00:00,44.81,44.83,44.81,44.83,3.923548083132673638
2026-08-12 21:06:00+00:00,44.83,44.83,44.81,44.83,4.540150175801135806
2026-08-12 21:07:00+00:00,44.83,44.83,44.81,44.83,4.52856691422175957
2026-08-12 21:08:00+00:00,44.83,44.83,44.81,44.81,3.491758127345921306
2026-08-12 21:09:00+00:00,44.81,44.83,44.81,44.81,4.042970411218497425
2026-08-12 21:10:00+00:00,44.81,44.84,44.81,44.83,21.628131323022645724
2026-08-12 21:11:00+00:00,44.83,44.84,44.83,44.84,3.690483789190326103
2026-08-12 21:12:00+00:00,44.84,44.84,44.83,44.84,4.08077662506569072
2026-08-12 21:13:00+00:00,44.84,44.84,44.81,44.81,500.310699313712462903
2026-08-12 21:14:00+00:00,44.81,44.83,44.81,44.81,4.150220150283326283
2026-08-12 21:15:00+00:00,44.81,44.82,44.8,44.82,467.913880036812410822
2026-08-12 21:16:00+00:00,44.82,44.82,44.8,44.82,3.713339827564225149
2026-08-12 21:17:00+00:00,44.82,44.86,44.8,44.84,974.559252720083553639
2026-08-12 21:18:00+00:00,44.84,44.86,44.84,44.84,3.869212254360180125
2026-08-12 21:19:00+00:00,44.84,44.86,44.83,44.84,9.189795539616305964
2026-08-12 21:20:00+00:00,44.84,44.84,44.83,44.84,4.092147886265947095
2026-08-12 21:21:00+00:00,44.84,44.84,44.82,44.84,508.926763803753023786
2026-08-12 21:22:00+00:00,44.84,44.84,44.82,44.82,3.298698570672819133
2026-08-12 21:23:00+00:00,44.82,44.84,44.82,44.82,4.03767641683793355
2026-08-12 21:24:00+00:00,44.82,44.84,44.74,44.74,466.747899524471818859
2026-08-12 21:25:00+00:00,44.74,44.76,44.74,44.74,4.120098190198717397
2026-08-12 21:26:00+00:00,44.74,44.77,44.72,44.77,492.395152282080239077
2026-08-12 21:27:00+00:00,44.77,44.77,44.75,44.77,926.257208960822204697
2026-08-12 21:28:00+00:00,44.77,44.77,44.73,44.77,953.731699794765134273
2026-08-12 21:29:00+00:00,44.77,44.78,44.75,44.77,471.26324652841790393
2026-08-12 21:30:00+00:00,44.77,44.77,44.67,44.67,2951.492731903645838463
2026-08-12 21:31:00+00:00,44.67,44.73,44.67,44.72,898.633472527350277213
2026-08-12 21:32:00+00:00,44.72,44.74,44.72,44.74,3.918040213506973736
2026-08-12 21:33:00+00:00,44.74,44.75,44.72,44.75,510.260707564626078758
2026-08-12 21:34:00+00:00,44.75,44.76,44.74,44.74,4.193069584457331808
2026-08-12 21:35:00+00:00,44.74,44.76,44.71,44.72,917.125239680507448653
2026-08-12 21:36:00+00:00,44.72,44.74,44.71,44.74,466.355803653785242764
2026-08-12 21:37:00+00:00,44.74,44.75,44.71,44.74,466.619772828717079689
2026-08-12 21:38:00+00:00,44.74,44.76,44.74,44.74,6.048348965792177892
2026-08-12 21:39:00+00:00,44.74,44.77,44.74,44.77,4.410722393454540658
2026-08-12 21:40:00+00:00,44.77,44.78,44.76,44.78,478.293945401019705404
2026-08-12 21:41:00+00:00,44.78,44.79,44.76,44.78,6.107719833049657478
2026-08-12 21:42:00+00:00,44.78,44.8,44.78,44.78,478.119600545790444941
2026-08-12 21:43:00+00:00,44.78,44.82,44.78,44.82,952.324169494884156834
2026-08-12 21:44:00+00:00,44.82,44.84,44.8,44.83,525.504414796787607593
2026-08-12 21:45:00+00:00,44.83,44.83,44.82,44.82,3.32799036132633739
2026-08-12 21:46:00+00:00,44.82,44.83,44.81,44.81,2.498364343305312242
2026-08-12 21:47:00+00:00,44.81,44.83,44.8,44.81,495.077353882044878931
2026-08-12 21:48:00+00:00,44.81,44.81,44.8,44.81,3.942600050411260237
2026-08-12 21:49:00+00:00,44.81,44.82,44.8,44.82,8.038264506791881315
2026-08-12 21:50:00+00:00,44.82,44.82,44.8,44.8,2.97629762103971441
2026-08-12 21:51:00+00:00,44.8,44.82,44.8,44.8,3.105542397765665834
2026-08-12 21:52:00+00:00,44.8,44.87,44.8,44.87,1506.848988037572541609
2026-08-12 21:53:00+00:00,44.87,44.87,44.85,44.85,509.070706997472445476
2026-08-12 21:54:00+00:00,44.85,44.9,44.85,44.89,6.470724131196620509
2026-08-12 21:55:00+00:00,44.89,44.9,44.87,44.89,495.663965180506080675
2026-08-12 21:56:00+00:00,44.89,44.92,44.87,44.92,470.451927703022363124
2026-08-12 21:57:00+00:00,44.92,44.92,44.9,44.92,3.863684530975136191
2026-08-12 21:58:00+00:00,44.92,44.92,44.86,44.88,498.38797996128501763
2026-08-12 21:59:00+00:00,44.88,44.88,44.79,44.8,3452.127741415078257385
2026-08-12 22:00:00+00:00,44.8,44.8,44.76,44.78,986.921323225731517918
2026-08-12 22:01:00+00:00,44.78,44.78,44.74,44.76,6657.476189817875577304
2026-08-12 22:02:00+00:00,44.76,44.83,44.76,44.83,1483.270993452990354002
2026-08-12 22:03:00+00:00,44.83,44.86,44.82,44.85,955.001790963963878171
2026-08-12 22:04:00+00:00,44.85,44.85,44.81,44.84,466.74330819473356057
2026-08-12 22:05:00+00:00,44.84,44.84,44.83,44.84,5.987685210040189482
2026-08-12 22:06:00+00:00,44.84,44.9,44.84,44.9,970.211559278168039292
2026-08-12 22:07:00+00:00,44.9,44.91,44.89,44.89,464.510128414693790255
2026-08-12 22:08:00+00:00,44.89,44.92,44.88,44.92,478.667610453724811979
2026-08-12 22:09:00+00:00,44.92,44.92,44.9,44.9,909.01926458339766091
2026-08-12 22:10:00+00:00,44.9,44.91,44.9,44.9,3.876267784269355334
2026-08-12 22:11:00+00:00,44.9,44.91,44.89,44.91,494.715082159009543897
2026-08-12 22:12:00+00:00,44.91,44.91,44.89,44.91,4.017747908876836364
2026-08-12 22:13:00+00:00,44.91,44.91,44.87,44.89,944.387430703084223327
2026-08-12 22:14:00+00:00,44.89,44.89,44.86,44.87,450.29459951227805178
2026-08-12 22:15:00+00:00,44.87,44.9,44.86,44.88,7.4185682766641415
2026-08-12 22:16:00+00:00,44.88,44.9,44.88,44.9,3.535531881106360335
2026-08-12 22:17:00+00:00,44.9,44.9,44.88,44.9,4.111493068375355806
2026-08-12 22:18:00+00:00,44.9,44.91,44.88,44.9,9.797357413898646529
2026-08-12 22:19:00+00:00,44.9,44.91,44.9,44.91,3.556124711685186749
2026-08-12 22:20:00+00:00,44.91,44.91,44.88,44.89,471.853929597388493968
2026-08-12 22:21:00+00:00,44.89,44.89,44.87,44.89,493.611164789646989449
2026-08-12 22:22:00+00:00,44.89,44.89,44.87,44.89,3.861957821469145557
2026-08-12 22:23:00+00:00,44.89,44.9,44.87,44.9,9.598088457084370884
2026-08-12 22:24:00+00:00,44.9,44.9,44.89,44.89,2.223629857890681549
2026-08-12 22:25:00+00:00,44.89,44.9,44.89,44.89,4.217513302747969417
2026-08-12 22:26:00+00:00,44.89,44.9,44.88,44.9,9.654703810027471615
2026-08-12 22:27:00+00:00,44.9,44.9,44.88,44.88,3.961564905573486727
2026-08-12 22:28:00+00:00,44.88,44.9,44.88,44.88,3.667495583372040855
2026-08-12 22:29:00+00:00,44.88,44.9,44.88,44.88,3.946340501173135779
2026-08-12 22:30:00+00:00,44.88,44.9,44.88,44.9,3.328265535612908855
2026-08-12 22:31:00+00:00,44.9,44.9,44.88,44.9,4.149306003835022564
2026-08-12 22:32:00+00:00,44.9,44.9,44.88,44.88,3.689873257665082631
2026-08-12 22:33:00+00:00,44.88,44.9,44.87,44.87,498.595467997902413574
2026-08-12 22:34:00+00:00,44.87,44.9,44.87,44.89,7.373949886525008277
2026-08-12 22:35:00+00:00,44.89,44.9,44.89,44.9,3.486310828598092537
2026-08-12 22:36:00+00:00,44.9,44.9,44.89,44.9,4.33340116721845679
2026-08-12 22:37:00+00:00,44.9,44.91,44.89,44.89,6.054112091451398037
2026-08-12 22:38:00+00:00,44.89,44.91,44.89,44.89,3.866039705459779731
2026-08-12 22:39:00+00:00,44.89,44.91,44.89,44.89,3.825446368095712223
2026-08-12 22:40:00+00:00,44.89,44.91,44.89,44.91,4.008896975158703332
2026-08-12 22:41:00+00:00,44.91,44.91,44.86,44.86,1410.714005111759672617
2026-08-12 22:42:00+00:00,44.86,44.87,44.86,44.86,3.952034171934357147
2026-08-12 22:43:00+00:00,44.86,44.89,44.86,44.88,7.283276474654284192
2026-08-12 22:44:00+00:00,44.88,44.9,44.88,44.88,466.637624880912633221
2026-08-12 22:45:00+00:00,44.88,44.89,44.88,44.88,3.981612122562222801
2026-08-12 22:46:00+00:00,44.88,44.89,44.88,44.89,3.771928350108345648
2026-08-12 22:47:00+00:00,44.89,44.89,44.87,44.87,453.699062614025527038
2026-08-12 22:48:00+00:00,44.87,44.89,44.87,44.87,4.309771398207231469
2026-08-12 22:49:00+00:00,44.87,44.89,44.86,44.87,497.111629456657119349
2026-08-12 22:50:00+00:00,44.87,44.87,44.86,44.87,3.537177004435759872
2026-08-12 22:51:00+00:00,44.87,44.87,44.86,44.87,3.987305457952984696
2026-08-12 22:52:00+00:00,44.87,44.87,44.85,44.85,455.633414346839074049
2026-08-12 22:53:00+00:00,44.85,44.86,44.82,44.82,463.797772702376087501
2026-08-12 22:54:00+00:00,44.82,44.84,44.81,44.81,5.800762904266623392
2026-08-12 22:55:00+00:00,44.81,44.83,44.81,44.81,4.211051325688062658
2026-08-12 22:56:00+00:00,44.81,44.83,44.81,44.83,3.920701668327415876
2026-08-12 22:57:00+00:00,44.83,44.83,44.81,44.83,3.604239612236422119
2026-08-12 22:58:00+00:00,44.83,44.84,44.81,44.83,10.899951423710635211
2026-08-12 22:59:00+00:00,44.83,44.84,44.83,44.83,4.150082137037471118
2026-08-12 23:00:00+00:00,44.83,44.84,44.82,44.84,7.584694652292567146
2026-08-12 23:01:00+00:00,44.84,44.84,44.82,44.84,3.63596245423760658
2026-08-12 23:02:00+00:00,44.84,44.84,44.81,44.81,503.836633825522183257
2026-08-12 23:03:00+00:00,44.81,44.85,44.81,44.85,516.045161242375251564
2026-08-12 23:04:00+00:00,44.85,44.85,44.84,44.85,4.396867101857017687
2026-08-12 23:05:00+00:00,44.85,44.85,44.82,44.83,957.548261193745546835
2026-08-12 23:06:00+00:00,44.83,44.83,44.8,44.8,455.418086080079245474
2026-08-12 23:07:00+00:00,44.8,44.84,44.8,44.84,6.480819388076784485
2026-08-12 23:08:00+00:00,44.84,44.84,44.83,44.84,4.392572898548446369
2026-08-12 23:09:00+00:00,44.84,44.84,44.83,44.83,3.832070590592709929
2026-08-12 23:10:00+00:00,44.83,44.84,44.78,44.79,2456.025262342261770275
2026-08-12 23:11:00+00:00,44.79,44.83,44.79,44.83,5.70174552033532509
2026-08-12 23:12:00+00:00,44.83,44.83,44.79,44.8,956.878824424513617641
2026-08-12 23:13:00+00:00,44.8,44.82,44.79,44.82,4.541157616694676643
2026-08-12 23:14:00+00:00,44.82,44.84,44.81,44.84,7.806837610820037055
2026-08-12 23:15:00+00:00,44.84,44.85,44.83,44.85,6.324202798097565045
2026-08-12 23:16:00+00:00,44.85,44.85,44.83,44.85,3.820883933880277551
2026-08-12 23:17:00+00:00,44.85,44.85,44.83,44.83,3.537008781595578087
2026-08-12 23:18:00+00:00,44.83,44.85,44.83,44.83,3.950648890109073017
2026-08-12 23:19:00+00:00,44.83,44.86,44.83,44.86,10.78048113496035971
2026-08-12 23:20:00+00:00,44.86,44.86,44.85,44.86,4.187356100063072474
2026-08-12 23:21:00+00:00,44.86,44.86,44.85,44.86,4.168306228071875781
2026-08-12 23:22:00+00:00,44.86,44.86,44.85,44.86,4.083814572874062294
2026-08-12 23:23:00+00:00,44.86,44.87,44.85,44.85,11.577175871161030574
2026-08-12 23:24:00+00:00,44.85,44.87,44.84,44.85,474.043883487602869389
2026-08-12 23:25:00+00:00,44.85,44.86,44.84,44.86,5.414046942753409051
2026-08-12 23:26:00+00:00,44.86,44.87,44.86,44.86,2.532904255728219063
2026-08-12 23:27:00+00:00,44.86,44.87,44.85,44.87,6.031684835024374345
2026-08-12 23:28:00+00:00,44.87,44.87,44.85,44.85,3.631895720549318864
2026-08-12 23:29:00+00:00,44.85,44.87,44.85,44.85,3.932634835828215732
2026-08-12 23:30:00+00:00,44.85,44.88,44.85,44.88,9.810004456327985727
2026-08-12 23:31:00+00:00,44.88,44.92,44.88,44.9,463.830589474928258256
2026-08-12 23:32:00+00:00,44.9,44.92,44.9,44.9,3.774541476358862173
2026-08-12 23:33:00+00:00,44.9,44.92,44.89,44.91,8.009533499377019618
2026-08-12 23:34:00+00:00,44.91,44.93,44.89,44.93,454.007083754860035295
2026-08-12 23:35:00+00:00,44.93,44.94,44.89,44.89,965.381429326599105642
2026-08-12 23:36:00+00:00,44.89,44.9,44.89,44.9,3.837783832888213252
2026-08-12 23:37:00+00:00,44.9,44.9,44.89,44.9,3.757972609114782428
2026-08-12 23:38:00+00:00,44.9,44.91,44.89,44.91,9.483802471716947006
2026-08-12 23:39:00+00:00,44.91,44.91,44.89,44.89,2.370014378401613997
2026-08-12 23:40:00+00:00,44.89,44.91,44.89,44.89,4.40125136290253336
2026-08-12 23:41:00+00:00,44.89,44.91,44.89,44.89,3.228598664123623594
2026-08-12 23:42:00+00:00,44.89,44.91,44.89,44.91,3.035165318384597214
2026-08-12 23:43:00+00:00,44.91,44.91,44.88,44.9,476.174729547948709107
2026-08-12 23:44:00+00:00,44.9,44.9,44.88,44.9,4.091545343385380062
2026-08-12 23:45:00+00:00,44.9,44.9,44.88,44.88,3.900909299334230548
2026-08-12 23:46:00+00:00,44.88,44.9,44.88,44.88,3.974837090940850925
2026-08-12 23:47:00+00:00,44.88,44.9,44.88,44.88,3.833858147834959045
2026-08-12 23:48:00+00:00,44.88,44.9,44.87,44.9,1014.472276441122296793
2026-08-12 23:49:00+00:00,44.9,44.9,44.87,44.9,495.007365333548512554
2026-08-12 23:50:00+00:00,44.9,44.9,44.89,44.9,3.907853247805449693
2026-08-12 23:51:00+00:00,44.9,44.91,44.89,44.89,13.129999852952166216
2026-08-12 23:52:00+00:00,44.89,44.91,44.88,44.89,469.996267920378148602
2026-08-12 23:53:00+00:00,44.89,44.91,44.88,44.91,6.001384009670403759
2026-08-12 23:54:00+00:00,44.91,44.91,44.9,44.9,2.389809185309495502
2026-08-12 23:55:00+00:00,44.9,44.92,44.9,44.9,9.763825142929714928
2026-08-12 23:56:00+00:00,44.9,44.92,44.85,44.85,1525.167949198613765875
2026-08-12 23:57:00+00:00,44.85,44.86,44.83,44.86,457.042081690362671948
2026-08-12 23:58:00+00:00,44.86,44.88,44.85,44.88,464.418597733174501128
2026-08-12 23:59:00+00:00,44.88,44.88,44.85,44.86,493.708689830910135508
2026-08-13 00:00:00+00:00,44.86,44.87,44.83,44.84,497.295591097099881063
2026-08-13 00:01:00+00:00,44.84,44.86,44.82,44.84,954.94858101386923162
2026-08-13 00:02:00+00:00,44.84,44.84,44.81,44.82,1977.485220259764140016
2026-08-13 00:03:00+00:00,44.82,44.86,44.82,44.85,496.912947245367587833
2026-08-13 00:04:00+00:00,44.85,44.87,44.84,44.84,495.459676350759272938
2026-08-13 00:05:00+00:00,44.84,44.89,44.84,44.89,465.574715448462492225
2026-08-13 00:06:00+00:00,44.89,44.89,44.85,44.86,500.631634570434023773
2026-08-13 00:07:00+00:00,44.86,44.86,44.85,44.86,4.250626231690218192
2026-08-13 00:08:00+00:00,44.86,44.89,44.85,44.87,494.177968878340959123
2026-08-13 00:09:00+00:00,44.87,44.91,44.87,44.88,5.195565915412812486
2026-08-13 00:10:00+00:00,44.88,44.89,44.87,44.89,465.660869463628117303
2026-08-13 00:11:00+00:00,44.89,44.89,44.86,44.87,494.18702863169688284
2026-08-13 00:12:00+00:00,44.87,44.89,44.87,44.88,4.919047334855295301
2026-08-13 00:13:00+00:00,44.88,44.91,44.88,44.9,7.206625941223609105
2026-08-13 00:14:00+00:00,44.9,44.91,44.9,44.9,4.080332216028195956
2026-08-13 00:15:00+00:00,44.9,44.91,44.9,44.91,3.994584432413453479
2026-08-13 00:16:00+00:00,44.91,44.97,44.9,44.96,4086.548147519354702247
2026-08-13 00:17:00+00:00,44.96,44.96,44.93,44.95,448.537082393825149952
2026-08-13 00:18:00+00:00,44.95,44.95,44.93,44.95,3.494198569174592928
2026-08-13 00:19:00+00:00,44.95,44.95,44.92,44.93,493.629265931629274304
2026-08-13 00:20:00+00:00,44.93,44.93,44.91,44.91,56.673300697305599319
2026-08-13 00:21:00+00:00,44.91,44.93,44.88,44.89,921.967987064908143456
2026-08-13 00:22:00+00:00,44.89,44.89,44.88,44.89,4.008654781603197989
2026-08-13 00:23:00+00:00,44.89,44.89,44.88,44.89,3.570642462720319698
2026-08-13 00:24:00+00:00,44.89,44.89,44.87,44.87,1223.261057533017406068
2026-08-13 00:25:00+00:00,44.87,44.89,44.85,44.85,1759.613219968817386278
2026-08-13 00:26:00+00:00,44.85,44.87,44.83,44.83,463.798124200791480625
2026-08-13 00:27:00+00:00,44.83,44.85,44.82,44.84,509.654183819822062331
2026-08-13 00:28:00+00:00,44.84,44.88,44.82,44.87,1515.080101034573653238
2026-08-13 00:29:00+00:00,44.87,44.92,44.87,44.91,1412.459106545526221763
2026-08-13 00:30:00+00:00,44.91,44.94,44.9,44.9,1911.517844166000883926
2026-08-13 00:31:00+00:00,44.9,44.9,44.89,44.89,3.471945145793156341
2026-08-13 00:32:00+00:00,44.89,44.91,44.89,44.89,7.337423679248642667
2026-08-13 00:33:00+00:00,44.89,44.91,44.88,44.88,467.567076997400753084
2026-08-13 00:34:00+00:00,44.88,44.9,44.88,44.9,4.805061429766291596
2026-08-13 00:35:00+00:00,44.9,44.9,44.88,44.9,4.014183370452858197
2026-08-13 00:36:00+00:00,44.9,44.9,44.88,44.88,3.649718010711067171
2026-08-13 00:37:00+00:00,44.88,44.9,44.88,44.88,3.911837873031374926
2026-08-13 00:38:00+00:00,44.88,44.93,44.88,44.93,472.033990842056057075
2026-08-13 00:39:00+00:00,44.93,44.93,44.91,44.93,4.232377542879115794
2026-08-13 00:40:00+00:00,44.93,44.93,44.89,44.91,967.051466520676705014
2026-08-13 00:41:00+00:00,44.91,44.91,44.87,44.87,951.138524907535686645
2026-08-13 00:42:00+00:00,44.87,44.88,44.86,44.88,494.343898267196287264
2026-08-13 00:43:00+00:00,44.88,44.9,44.86,44.89,7.839167504370222277
2026-08-13 00:44:00+00:00,44.89,44.9,44.87,44.87,492.214505060886758573
2026-08-13 00:45:00+00:00,44.87,44.88,44.84,44.84,1400.963918569069242681
2026-08-13 00:46:00+00:00,44.84,44.85,44.83,44.83,55.703420138202690502
2026-08-13 00:47:00+00:00,44.83,44.86,44.83,44.86,4.464099328469446124
2026-08-13 00:48:00+00:00,44.86,44.86,44.85,44.86,8.405169940322201452
2026-08-13 00:49:00+00:00,44.86,44.88,44.85,44.86,463.848457928251543056
2026-08-13 00:50:00+00:00,44.86,44.88,44.86,44.86,4.214914761551684257
2026-08-13 00:51:00+00:00,44.86,44.88,44.86,44.88,3.67451308209418408
2026-08-13 00:52:00+00:00,44.88,44.88,44.84,44.84,942.516006115583343438
2026-08-13 00:53:00+00:00,44.84,44.86,44.83,44.83,494.626913621514797424
2026-08-13 00:54:00+00:00,44.83,44.84,44.82,44.82,492.036978994915122825
2026-08-13 00:55:00+00:00,44.82,44.84,44.8,44.81,521.856552778130510247
2026-08-13 00:56:00+00:00,44.81,44.83,44.8,44.83,5.971306161675493952
2026-08-13 00:57:00+00:00,44.83,44.83,44.81,44.83,4.336764666717077373
2026-08-13 00:58:00+00:00,44.83,44.83,44.81,44.83,3.931855277317076189
2026-08-13 00:59:00+00:00,44.83,44.83,44.79,44.79,1159.893632649286122941
2026-08-13 01:00:00+00:00,44.79,44.81,44.77,44.77,6.021706035893055576
2026-08-13 01:01:00+00:00,44.77,44.8,44.77,44.79,6.267543921120507682
2026-08-13 01:02:00+00:00,44.79,44.81,44.79,44.81,5.449730255337056679
2026-08-13 01:03:00+00:00,44.81,44.85,44.79,44.82,962.813073150392166162
2026-08-13 01:04:00+00:00,44.82,44.83,44.82,44.83,3.765961230103948642
2026-08-13 01:05:00+00:00,44.83,44.83,44.82,44.83,3.482904493279833582
2026-08-13 01:06:00+00:00,44.83,44.83,44.81,44.83,455.118057385737643588
2026-08-13 01:07:00+00:00,44.83,44.83,44.79,44.79,942.587311085245045268
2026-08-13 01:08:00+00:00,44.79,44.81,44.79,44.79,4.12360582368093429
2026-08-13 01:09:00+00:00,44.79,44.81,44.79,44.81,4.02305114611822116
2026-08-13 01:10:00+00:00,44.81,44.81,44.77,44.79,495.884768033490472984
2026-08-13 01:11:00+00:00,44.79,44.81,44.77,44.8,5.15221875148841934
2026-08-13 01:12:00+00:00,44.8,44.82,44.8,44.8,10.867700735827925026
2026-08-13 01:13:00+00:00,44.8,44.82,44.8,44.82,3.812461482836106324
2026-08-13 01:14:00+00:00,44.82,44.82,44.8,44.82,3.906937870529737995
2026-08-13 01:15:00+00:00,44.82,44.82,44.8,44.82,4.051725503203289341
2026-08-13 01:16:00+00:00,44.82,44.82,44.8,44.8,3.728706233664817997
2026-08-13 01:17:00+00:00,44.8,44.82,44.8,44.8,4.314810601533116588
2026-08-13 01:18:00+00:00,44.8,44.82,44.79,44.79,478.025376735655450959
2026-08-13 01:19:00+00:00,44.79,44.8,44.78,44.78,4.73322833056849358
2026-08-13 01:20:00+00:00,44.78,44.78,44.77,44.77,539.121150865178312492
2026-08-13 01:21:00+00:00,44.77,44.79,44.77,44.77,6.791648019924664747
2026-08-13 01:22:00+00:00,44.77,44.79,44.77,44.77,3.570858466754466262
2026-08-13 01:23:00+00:00,44.77,44.79,44.72,44.72,1578.098568549764604187
2026-08-13 01:24:00+00:00,44.72,44.75,44.72,44.75,6.151403480056269796
2026-08-13 01:25:00+00:00,44.75,44.75,44.72,44.72,496.495652845116814978
2026-08-13 01:26:00+00:00,44.72,44.73,44.68,44.71,4495.803640868570109337
2026-08-13 01:27:00+00:00,44.71,44.72,44.69,44.69,496.43136662598061439
2026-08-13 01:28:00+00:00,44.69,44.72,44.69,44.72,4.567102134490858422
2026-08-13 01:29:00+00:00,44.72,44.73,44.71,44.73,5.949962928653197801
2026-08-13 01:30:00+00:00,44.73,44.73,44.71,44.73,4.015058331299459568
2026-08-13 01:31:00+00:00,44.73,44.74,44.73,44.73,6.410938361505645396
2026-08-13 01:32:00+00:00,44.73,44.74,44.73,44.73,3.218273811147818711
2026-08-13 01:33:00+00:00,44.73,44.75,44.73,44.75,7.511425849622106436
2026-08-13 01:34:00+00:00,44.75,44.76,44.73,44.75,4.900562579883060202
2026-08-13 01:35:00+00:00,44.75,44.78,44.75,44.77,5.845938375701815978
2026-08-13 01:36:00+00:00,44.77,44.79,44.77,44.77,5.665748728703808605
2026-08-13 01:37:00+00:00,44.77,44.8,44.77,44.79,5.95521003273211494
2026-08-13 01:38:00+00:00,44.79,44.8,44.79,44.79,4.088374034183331732
2026-08-13 01:39:00+00:00,44.79,44.8,44.79,44.8,3.83201394703058718
2026-08-13 01:40:00+00:00,44.8,44.8,44.79,44.8,3.782059128113737116
2026-08-13 01:41:00+00:00,44.8,44.8,44.76,44.78,960.338943602821332537
2026-08-13 01:42:00+00:00,44.78,44.78,44.76,44.76,3.738726116480092723
2026-08-13 01:43:00+00:00,44.76,44.78,44.75,44.76,497.795311593048888391
2026-08-13 01:44:00+00:00,44.76,44.76,44.74,44.75,452.671412812690972496
2026-08-13 01:45:00+00:00,44.75,44.75,44.72,44.74,4.782099955288119499
2026-08-13 01:46:00+00:00,44.74,44.76,44.72,44.76,7.536393580702655216
2026-08-13 01:47:00+00:00,44.76,44.78,44.75,44.77,5.189886545067773257
2026-08-13 01:48:00+00:00,44.77,44.78,44.76,44.78,465.463780094158311725
2026-08-13 01:49:00+00:00,44.78,44.78,44.76,44.78,4.111151290331722034
2026-08-13 01:50:00+00:00,44.78,44.82,44.76,44.82,12.328189809081105463
2026-08-13 01:51:00+00:00,44.82,44.83,44.8,44.83,6.09159148814479385
2026-08-13 01:52:00+00:00,44.83,44.83,44.82,44.83,3.826124434785265924
2026-08-13 01:53:00+00:00,44.83,44.83,44.82,44.82,7.448993445713853992
2026-08-13 01:54:00+00:00,44.82,44.87,44.82,44.85,5.646567481870787697
2026-08-13 01:55:00+00:00,44.85,44.87,44.85,44.86,3.548177919411922447
2026-08-13 01:56:00+00:00,44.86,44.86,44.83,44.84,8.860293191583917422
2026-08-13 01:57:00+00:00,44.84,44.84,44.83,44.84,3.7149708941082408
2026-08-13 01:58:00+00:00,44.84,44.84,44.83,44.83,3.769166006857504894
2026-08-13 01:59:00+00:00,44.83,44.84,44.83,44.83,3.535105452394943086
2026-08-13 02:00:00+00:00,44.83,44.84,44.83,44.84,3.120985000725309188
2026-08-13 02:01:00+00:00,44.84,44.84,44.81,44.81,956.296003203409906687
2026-08-13 02:02:00+00:00,44.81,44.83,44.81,44.81,5.979651079545484656
2026-08-13 02:03:00+00:00,44.81,44.83,44.81,44.83,3.866416350434030748
2026-08-13 02:04:00+00:00,44.83,44.83,44.81,44.83,4.260034030715256813
2026-08-13 02:05:00+00:00,44.83,44.83,44.81,44.81,3.483495561077945625
2026-08-13 02:06:00+00:00,44.81,44.83,44.8,44.8,461.191780278807458705
2026-08-13 02:07:00+00:00,44.8,44.8,44.77,44.79,1411.339157958901527535
2026-08-13 02:08:00+00:00,44.79,44.8,44.79,44.8,3.443920757184320475
2026-08-13 02:09:00+00:00,44.8,44.8,44.79,44.8,3.702559618497432458
2026-08-13 02:10:00+00:00,44.8,44.8,44.79,44.8,4.072689415685899271
2026-08-13 02:11:00+00:00,44.8,44.8,44.78,44.8,10.237251173103526687
2026-08-13 02:12:00+00:00,44.8,44.8,44.78,44.8,4.581107457889363869
2026-08-13 02:13:00+00:00,44.8,44.8,44.77,44.77,495.720317000884256161
2026-08-13 02:14:00+00:00,44.77,44.79,44.77,44.77,3.648315667441283947
2026-08-13 02:15:00+00:00,44.77,44.79,44.77,44.77,4.087081879086993859
2026-08-13 02:16:00+00:00,44.77,44.79,44.77,44.79,3.906861938244755021
2026-08-13 02:17:00+00:00,44.79,44.79,44.77,44.79,3.756562840621782341
2026-08-13 02:18:00+00:00,44.79,44.79,44.77,44.79,3.99264682084507938
2026-08-13 02:19:00+00:00,44.79,44.8,44.77,44.79,471.98097040081785457
2026-08-13 02:20:00+00:00,44.79,44.8,44.78,44.78,2.999993320519364508
2026-08-13 02:21:00+00:00,44.78,44.8,44.78,44.78,4.000953590569769662
2026-08-13 02:22:00+00:00,44.78,44.8,44.77,44.77,504.438352399000963696
2026-08-13 02:23:00+00:00,44.77,44.78,44.77,44.78,3.7311204715321813
2026-08-13 02:24:00+00:00,44.78,44.78,44.77,44.78,3.771656263470791054
2026-08-13 02:25:00+00:00,44.78,44.79,44.77,44.77,7.743713204670159518
2026-08-13 02:26:00+00:00,44.77,44.8,44.77,44.79,5.639648013038237487
2026-08-13 02:27:00+00:00,44.79,44.81,44.79,44.81,10.130736052786129379
2026-08-13 02:28:00+00:00,44.81,44.83,44.79,44.83,5.510337918678658979
2026-08-13 02:29:00+00:00,44.83,44.83,44.81,44.81,3.693053870151331192
2026-08-13 02:30:00+00:00,44.81,44.83,44.79,44.79,990.105892682475030907
2026-08-13 02:31:00+00:00,44.79,44.81,44.78,44.78,443.181244389366962628
2026-08-13 02:32:00+00:00,44.78,44.79,44.78,44.79,474.537342120207437188
2026-08-13 02:33:00+00:00,44.79,44.79,44.78,44.79,4.314429523274761146
2026-08-13 02:34:00+00:00,44.79,44.82,44.78,44.8,9.038193734688227607
2026-08-13 02:35:00+00:00,44.8,44.83,44.8,44.82,5.489436200098006641
2026-08-13 02:36:00+00:00,44.82,44.83,44.81,44.83,464.730041788272650117
2026-08-13 02:37:00+00:00,44.83,44.83,44.79,44.8,468.495767256893026429
2026-08-13 02:38:00+00:00,44.8,44.8,44.78,44.8,469.259013684010498256
2026-08-13 02:39:00+00:00,44.8,44.8,44.78,44.8,3.878587708559305808
2026-08-13 02:40:00+00:00,44.8,44.8,44.78,44.8,3.671237348864288901
2026-08-13 02:41:00+00:00,44.8,44.82,44.78,44.82,9.427419107803909922
2026-08-13 02:42:00+00:00,44.82,44.83,44.8,44.8,465.668704265676488956
2026-08-13 02:43:00+00:00,44.8,44.82,44.8,44.8,4.155795852059029763
2026-08-13 02:44:00+00:00,44.8,44.83,44.8,44.83,6.976610756475032466
2026-08-13 02:45:00+00:00,44.83,44.84,44.82,44.82,4.657890876354942568
2026-08-13 02:46:00+00:00,44.82,44.84,44.81,44.81,495.10346759878919609
2026-08-13 02:47:00+00:00,44.81,44.85,44.81,44.83,9.383844286808613516
2026-08-13 02:48:00+00:00,44.83,44.85,44.83,44.85,3.434663242856514051
2026-08-13 02:49:00+00:00,44.85,44.85,44.83,44.85,4.04597090805821372
2026-08-13 02:50:00+00:00,44.85,44.85,44.83,44.85,4.396796922151837817
2026-08-13 02:51:00+00:00,44.85,44.85,44.83,44.83,3.575984821638838255
2026-08-13 02:52:00+00:00,44.83,44.85,44.83,44.83,4.1448677090785927
2026-08-13 02:53:00+00:00,44.83,44.87,44.83,44.87,476.229101338902851677
2026-08-13 02:54:00+00:00,44.87,44.87,44.86,44.87,4.013996480246446336
2026-08-13 02:55:00+00:00,44.87,44.87,44.86,44.87,4.418044877453973385
2026-08-13 02:56:00+00:00,44.87,44.87,44.85,44.85,469.552899786344214449
2026-08-13 02:57:00+00:00,44.85,44.87,44.85,44.85,3.868999813408685409
2026-08-13 02:58:00+00:00,44.85,44.87,44.85,44.87,4.218398355810008793
2026-08-13 02:59:00+00:00,44.87,44.87,44.85,44.87,4.344752388853318103
2026-08-13 03:00:00+00:00,44.87,44.88,44.85,44.88,18.220299350642773821
2026-08-13 03:01:00+00:00,44.88,44.88,44.86,44.88,5.191380136151903037
2026-08-13 03:02:00+00:00,44.88,44.88,44.86,44.86,3.667244280681510226
2026-08-13 03:03:00+00:00,44.86,44.88,44.86,44.86,3.978488909445349081
2026-08-13 03:04:00+00:00,44.86,44.89,44.86,44.88,10.894614138363026038
2026-08-13 03:05:00+00:00,44.88,44.88,44.86,44.86,11.267980207248542147
2026-08-13 03:06:00+00:00,44.86,44.87,44.86,44.87,3.715903828179112764
2026-08-13 03:07:00+00:00,44.87,44.87,44.86,44.87,3.860532169965226729
2026-08-13 03:08:00+00:00,44.87,44.87,44.86,44.87,3.781647725370195618
2026-08-13 03:09:00+00:00,44.87,44.87,44.86,44.86,3.953406909602923823
2026-08-13 03:10:00+00:00,44.86,44.87,44.86,44.86,4.52162424742961312
2026-08-13 03:11:00+00:00,44.86,44.87,44.86,44.86,3.8244041711225802
2026-08-13 03:12:00+00:00,44.86,44.87,44.86,44.87,3.377198765423389365
2026-08-13 03:13:00+00:00,44.87,44.89,44.87,44.88,11.37369947793299318
2026-08-13 03:14:00+00:00,44.88,44.9,44.87,44.87,468.331962500997400048
2026-08-13 03:15:00+00:00,44.87,44.88,44.86,44.88,5.505910418852935326
2026-08-13 03:16:00+00:00,44.88,44.88,44.86,44.86,3.729611763036994469
2026-08-13 03:17:00+00:00,44.86,44.88,44.86,44.86,4.193636868276269283
2026-08-13 03:18:00+00:00,44.86,44.89,44.86,44.88,10.483212448838804952
2026-08-13 03:19:00+00:00,44.88,44.9,44.88,44.9,4.810482905054460837
2026-08-13 03:20:00+00:00,44.9,44.92,44.88,44.9,938.514576923781108472
2026-08-13 03:21:00+00:00,44.9,44.92,44.89,44.91,495.640744272279622006
2026-08-13 03:22:00+00:00,44.91,44.92,44.91,44.92,3.391729516220528515
2026-08-13 03:23:00+00:00,44.92,44.92,44.91,44.92,4.102247851793425569
2026-08-13 03:24:00+00:00,44.92,44.92,44.91,44.91,9.991184758950968109
2026-08-13 03:25:00+00:00,44.91,44.92,44.9,44.92,4.066807183431766615
2026-08-13 03:26:00+00:00,44.92,44.92,44.9,44.92,4.049658031005876317
2026-08-13 03:27:00+00:00,44.92,44.92,44.9,44.9,3.705394911418864911
2026-08-13 03:28:00+00:00,44.9,44.92,44.89,44.9,494.458007942323629004
2026-08-13 03:29:00+00:00,44.9,44.9,44.89,44.9,3.939244701599207361
2026-08-13 03:30:00+00:00,44.9,44.92,44.9,44.9,466.728297074130491195
2026-08-13 03:31:00+00:00,44.9,44.92,44.9,44.9,3.973657558996245732
2026-08-13 03:32:00+00:00,44.9,44.93,44.9,44.93,474.264414829376206741
2026-08-13 03:33:00+00:00,44.93,44.93,44.91,44.93,463.497284846098327877
2026-08-13 03:34:00+00:00,44.93,44.93,44.91,44.93,2.712085228398781385
2026-08-13 03:35:00+00:00,44.93,44.93,44.91,44.91,2.757201010820513342
2026-08-13 03:36:00+00:00,44.91,44.93,44.91,44.91,3.970748634296562552
2026-08-13 03:37:00+00:00,44.91,44.93,44.91,44.91,4.19526756854708997
2026-08-13 03:38:00+00:00,44.91,44.93,44.91,44.93,3.531027933652501726
2026-08-13 03:39:00+00:00,44.93,44.93,44.91,44.93,4.023983531025748104
2026-08-13 03:40:00+00:00,44.93,44.93,44.91,44.93,4.010926346101704603
2026-08-13 03:41:00+00:00,44.93,44.93,44.9,44.9,462.909092532584665818
2026-08-13 03:42:00+00:00,44.9,44.91,44.9,44.9,4.072932948301949106
2026-08-13 03:43:00+00:00,44.9,44.91,44.9,44.9,4.183133845022388249
2026-08-13 03:44:00+00:00,44.9,44.91,44.9,44.91,3.20940911270697792
2026-08-13 03:45:00+00:00,44.91,44.92,44.9,44.92,13.307081095385196107
2026-08-13 03:46:00+00:00,44.92,44.92,44.9,44.9,3.614440083533805205
2026-08-13 03:47:00+00:00,44.9,44.92,44.9,44.9,4.157604808945177465
2026-08-13 03:48:00+00:00,44.9,44.93,44.9,44.93,9.553589770473473109
2026-08-13 03:49:00+00:00,44.93,44.94,44.92,44.94,6.062761391459774009
2026-08-13 03:50:00+00:00,44.94,44.94,44.91,44.93,494.084219583203465991
2026-08-13 03:51:00+00:00,44.93,44.94,44.93,44.93,3.457324289546583411
2026-08-13 03:52:00+00:00,44.93,44.94,44.93,44.93,3.899237908625304591
2026-08-13 03:53:00+00:00,44.93,44.95,44.93,44.95,10.989650091980621851
2026-08-13 03:54:00+00:00,44.95,44.95,44.92,44.92,469.465200975298515578
2026-08-13 03:55:00+00:00,44.92,44.93,44.92,44.93,4.176284762940828696
2026-08-13 03:56:00+00:00,44.93,44.93,44.92,44.93,3.653461811279007468
2026-08-13 03:57:00+00:00,44.93,44.93,44.92,44.92,7.222340004903244158
2026-08-13 03:58:00+00:00,44.92,44.95,44.92,44.94,5.427673156459184066
2026-08-13 03:59:00+00:00,44.94,44.95,44.94,44.94,4.200290923059939512
2026-08-13 04:00:00+00:00,44.94,44.95,44.94,44.95,2.890884155019695023
2026-08-13 04:01:00+00:00,44.95,44.95,44.93,44.93,466.964812158881408222
2026-08-13 04:02:00+00:00,44.93,44.95,44.92,44.92,470.599133680855958603
2026-08-13 04:03:00+00:00,44.92,44.93,44.91,44.93,493.677456225212550522
2026-08-13 04:04:00+00:00,44.93,44.93,44.91,44.91,3.849726923738913883
2026-08-13 04:05:00+00:00,44.91,44.91,44.9,44.9,452.279401535067164756
2026-08-13 04:06:00+00:00,44.9,44.91,44.9,44.9,4.162044851891360046
2026-08-13 04:07:00+00:00,44.9,44.91,44.9,44.91,3.745964738187089343
2026-08-13 04:08:00+00:00,44.91,44.91,44.89,44.91,496.28209493380960083
2026-08-13 04:09:00+00:00,44.91,44.91,44.89,44.91,3.848599280192026828
2026-08-13 04:10:00+00:00,44.91,44.91,44.89,44.89,3.183780183817549699
2026-08-13 04:11:00+00:00,44.89,44.91,44.88,44.88,496.380684038425854289
2026-08-13 04:12:00+00:00,44.88,44.91,44.88,44.9,4.702642392284201074
2026-08-13 04:13:00+00:00,44.9,44.92,44.9,44.92,449.976020351388683156
2026-08-13 04:14:00+00:00,44.92,44.92,44.9,44.9,3.719094693461476672
2026-08-13 04:15:00+00:00,44.9,44.92,44.88,44.88,465.814423895380668877
2026-08-13 04:16:00+00:00,44.88,44.9,44.88,44.88,4.08134011409787644
2026-08-13 04:17:00+00:00,44.88,44.9,44.88,44.88,3.504466382017475945
2026-08-13 04:18:00+00:00,44.88,44.9,44.88,44.88,4.113958807252400853
2026-08-13 04:19:00+00:00,44.88,44.9,44.88,44.9,3.402594595238378804
2026-08-13 04:20:00+00:00,44.9,44.9,44.88,44.9,4.390562350876775082
2026-08-13 04:21:00+00:00,44.9,44.9,44.88,44.9,4.171549918813445599
2026-08-13 04:22:00+00:00,44.9,44.9,44.88,44.88,4.07865746420050101
2026-08-13 04:23:00+00:00,44.88,44.91,44.88,44.91,20.666483288703422644
2026-08-13 04:24:00+00:00,44.91,44.91,44.88,44.88,7.373077294708957582
2026-08-13 04:25:00+00:00,44.88,44.9,44.88,44.88,3.382226645466852459
2026-08-13 04:26:00+00:00,44.88,44.9,44.88,44.88,3.876374404995851341
2026-08-13 04:27:00+00:00,44.88,44.9,44.88,44.9,3.631444515242825207
2026-08-13 04:28:00+00:00,44.9,44.9,44.88,44.9,4.52200179444120227
2026-08-13 04:29:00+00:00,44.9,44.9,44.88,44.9,3.709234156711884993
2026-08-13 04:30:00+00:00,44.9,44.9,44.88,44.88,3.807525824867302656
2026-08-13 04:31:00+00:00,44.88,44.92,44.88,44.9,6.209341169247163087
2026-08-13 04:32:00+00:00,44.9,44.92,44.9,44.92,3.499732660091585727
2026-08-13 04:33:00+00:00,44.92,44.92,44.9,44.92,3.854755804429354233
2026-08-13 04:34:00+00:00,44.92,44.92,44.9,44.92,4.096432281492264392
2026-08-13 04:35:00+00:00,44.92,44.92,44.9,44.9,3.584733602127613153
2026-08-13 04:36:00+00:00,44.9,44.92,44.9,44.9,4.287964627042978654
2026-08-13 04:37:00+00:00,44.9,44.93,44.9,44.92,15.374120733958338974
2026-08-13 04:38:00+00:00,44.92,44.94,44.89,44.89,991.937498060750343354
2026-08-13 04:39:00+00:00,44.89,44.9,44.89,44.89,4.214810749959936707
2026-08-13 04:40:00+00:00,44.89,44.9,44.89,44.89,3.899941539849203268
2026-08-13 04:41:00+00:00,44.89,44.91,44.89,44.91,9.031099758860587324
2026-08-13 04:42:00+00:00,44.91,44.92,44.89,44.91,5.364736081318803404
2026-08-13 04:43:00+00:00,44.91,44.93,44.91,44.91,6.799461783870359353
2026-08-13 04:44:00+00:00,44.91,44.93,44.9,44.91,7.543605077361612673
2026-08-13 04:45:00+00:00,44.91,44.92,44.9,44.9,6.05297704912671558
2026-08-13 04:46:00+00:00,44.9,44.92,44.9,44.9,3.915084188272345585
2026-08-13 04:47:00+00:00,44.9,44.92,44.9,44.92,3.465341512850363027
2026-08-13 04:48:00+00:00,44.92,44.92,44.89,44.89,504.812857795386044292
2026-08-13 04:49:00+00:00,44.89,44.9,44.89,44.9,3.635859797842883439
2026-08-13 04:50:00+00:00,44.9,44.9,44.89,44.9,3.629864901136705854
2026-08-13 04:51:00+00:00,44.9,44.9,44.89,44.9,3.968566533089298706
2026-08-13 04:52:00+00:00,44.9,44.9,44.89,44.9,4.563420035414457805
2026-08-13 04:53:00+00:00,44.9,44.9,44.89,44.89,2.972660748049798539
2026-08-13 04:54:00+00:00,44.89,44.9,44.89,44.89,2.802517016354255709
2026-08-13 04:55:00+00:00,44.89,44.9,44.89,44.89,3.94018850334968775
2026-08-13 04:56:00+00:00,44.89,44.9,44.89,44.9,4.02075160215939879
2026-08-13 04:57:00+00:00,44.9,44.9,44.89,44.9,4.228406552815816533
2026-08-13 04:58:00+00:00,44.9,44.9,44.89,44.9,3.863914537937576678
2026-08-13 04:59:00+00:00,44.9,44.9,44.88,44.88,467.762515352587959429
2026-08-13 05:00:00+00:00,44.88,44.9,44.87,44.88,379.096483572128993321
2026-08-13 05:01:00+00:00,44.88,44.88,44.87,44.88,4.202272061852680365
2026-08-13 05:02:00+00:00,44.88,44.88,44.85,44.85,4.368209526628686372
2026-08-13 05:03:00+00:00,44.85,44.86,44.85,44.85,3.838609895470660357
2026-08-13 05:04:00+00:00,44.85,44.88,44.85,44.88,7.283184437390840651
2026-08-13 05:05:00+00:00,44.88,44.88,44.85,44.85,501.193202970371936709
2026-08-13 05:06:00+00:00,44.85,44.9,44.85,44.9,9.300908436483529869
2026-08-13 05:07:00+00:00,44.9,44.91,44.89,44.91,5.993122777985403599
2026-08-13 05:08:00+00:00,44.91,44.91,44.89,44.89,3.696750596314035952
2026-08-13 05:09:00+00:00,44.89,44.91,44.88,44.88,466.475409155834287732
2026-08-13 05:10:00+00:00,44.88,44.89,44.88,44.88,3.091426507418212628
2026-08-13 05:11:00+00:00,44.88,44.89,44.88,44.88,4.085421538448709437
2026-08-13 05:12:00+00:00,44.88,44.89,44.88,44.89,3.514141559740605769
2026-08-13 05:13:00+00:00,44.89,44.9,44.88,44.9,10.541786638955340576
2026-08-13 05:14:00+00:00,44.9,44.9,44.88,44.9,4.237679325020147756
2026-08-13 05:15:00+00:00,44.9,44.94,44.9,44.93,467.833126268259977343
2026-08-13 05:16:00+00:00,44.93,44.99,44.92,44.99,2867.187598913805037916
2026-08-13 05:17:00+00:00,44.99,44.99,44.97,44.99,4.201835784623005436
2026-08-13 05:18:00+00:00,44.99,44.99,44.97,44.97,3.697920294891217637
2026-08-13 05:19:00+00:00,44.97,44.99,44.96,44.96,466.579523413783652707
2026-08-13 05:20:00+00:00,44.96,44.97,44.95,44.95,477.950677123919246029
2026-08-13 05:21:00+00:00,44.95,44.97,44.94,44.97,1352.812427222460130938
2026-08-13 05:22:00+00:00,44.97,44.97,44.95,44.95,3.634339973486014892
2026-08-13 05:23:00+00:00,44.95,44.97,44.95,44.97,3.644519186317018163
2026-08-13 05:24:00+00:00,44.97,44.98,44.95,44.98,11.883156071555695218
2026-08-13 05:25:00+00:00,44.98,44.98,44.97,44.97,3.880170140599636944
2026-08-13 05:26:00+00:00,44.97,44.99,44.97,44.97,6.367205918283475687
2026-08-13 05:27:00+00:00,44.97,44.99,44.97,44.99,7.157282707006320618
2026-08-13 05:28:00+00:00,44.99,45,44.98,44.98,463.218751651088491253
2026-08-13 05:29:00+00:00,44.98,45,44.97,44.97,499.29537908096694339
2026-08-13 05:30:00+00:00,44.97,44.98,44.96,44.98,449.297652194126930835
2026-08-13 05:31:00+00:00,44.98,45.01,44.96,44.99,10.97750606345638142
2026-08-13 05:32:00+00:00,44.99,45.01,44.97,45,464.471359442031791491
2026-08-13 05:33:00+00:00,45,45,44.99,45,3.904234476797312978
2026-08-13 05:34:00+00:00,45,45,44.99,45,3.573239021017016122
2026-08-13 05:35:00+00:00,45,45,44.99,44.99,3.502517892865081125
2026-08-13 05:36:00+00:00,44.99,45.01,44.99,44.99,502.792009377981258715
2026-08-13 05:37:00+00:00,44.99,45.01,44.99,44.99,1.508842681918157129
2026-08-13 05:38:00+00:00,44.99,45.02,44.99,45.02,6.868310122420566663
2026-08-13 05:39:00+00:00,45.02,45.03,45.01,45.03,4.49749349910941058
2026-08-13 05:40:00+00:00,45.03,45.03,45,45.03,488.651091156785402085
2026-08-13 05:41:00+00:00,45.03,45.03,45.01,45.01,3.40029948189764921
2026-08-13 05:42:00+00:00,45.01,45.03,45,45,24.319363800015225952
2026-08-13 05:43:00+00:00,45,45.01,45,45,3.983183040805746864
2026-08-13 05:44:00+00:00,45,45.01,45,45.01,3.728193507615591592
2026-08-13 05:45:00+00:00,45.01,45.01,45,45.01,3.978027608679552689
2026-08-13 05:46:00+00:00,45.01,45.04,45,45.02,17.587673986661168009
2026-08-13 05:47:00+00:00,45.02,45.04,45.02,45.02,3.902596487608033684
2026-08-13 05:48:00+00:00,45.02,45.04,45.01,45.02,996.183146525180131219
2026-08-13 05:49:00+00:00,45.02,45.04,45.02,45.04,3.586105257738222518
2026-08-13 05:50:00+00:00,45.04,45.04,45.02,45.04,4.150326271015921081
2026-08-13 05:51:00+00:00,45.04,45.04,45.02,45.04,4.161991729746321542
2026-08-13 05:52:00+00:00,45.04,45.04,45.02,45.02,3.597885210678025076
2026-08-13 05:53:00+00:00,45.02,45.04,45.02,45.02,4.169554423413947456
2026-08-13 05:54:00+00:00,45.02,45.04,45.01,45.01,437.624312008917211817
2026-08-13 05:55:00+00:00,45.01,45.02,45.01,45.02,3.650769052654373361
2026-08-13 05:56:00+00:00,45.02,45.03,45.01,45.03,8.028485022656435782
2026-08-13 05:57:00+00:00,45.03,45.03,45.01,45.03,3.88153832422464117
2026-08-13 05:58:00+00:00,45.03,45.03,45.01,45.01,3.861038564085470083
2026-08-13 05:59:00+00:00,45.01,45.03,45.01,45.01,3.941159723530729688
2026-08-13 06:00:00+00:00,45.01,45.04,45.01,45.04,11.326479373633658687
2026-08-13 06:01:00+00:00,45.04,45.04,45.03,45.04,3.906100472193591873
2026-08-13 06:02:00+00:00,45.04,45.04,45,45.01,505.467010883016415308
2026-08-13 06:03:00+00:00,45.01,45.01,45,45,3.947240386087042381
2026-08-13 06:04:00+00:00,45,45.02,44.98,45,497.723041512684257385
2026-08-13 06:05:00+00:00,45,45,44.99,44.99,462.815487446593070057
2026-08-13 06:06:00+00:00,44.99,45,44.99,45,3.651522718628831093
2026-08-13 06:07:00+00:00,45,45,44.99,45,3.461889669309229207
2026-08-13 06:08:00+00:00,45,45,44.98,45,490.268780017782827393
2026-08-13 06:09:00+00:00,45,45,44.98,45,3.933050422409959976
2026-08-13 06:10:00+00:00,45,45,44.98,44.98,4.009391008349389848
2026-08-13 06:11:00+00:00,44.98,45,44.98,44.98,3.825677614742354622
2026-08-13 06:12:00+00:00,44.98,45,44.98,45,3.191984556099006963
2026-08-13 06:13:00+00:00,45,45.02,44.98,45.02,17.786758253206832316
2026-08-13 06:14:00+00:00,45.02,45.02,44.94,44.95,581.345914659957118969
2026-08-13 06:15:00+00:00,44.95,44.95,44.94,44.95,4.154968825075381681
2026-08-13 06:16:00+00:00,44.95,44.97,44.94,44.97,465.993447286966183068
2026-08-13 06:17:00+00:00,44.97,44.97,44.96,44.97,3.772326089081135143
2026-08-13 06:18:00+00:00,44.97,44.98,44.96,44.96,6.373672159114668451
2026-08-13 06:19:00+00:00,44.96,44.98,44.96,44.96,2.701751717647542834
2026-08-13 06:20:00+00:00,44.96,44.98,44.96,44.96,3.996319499057706938
2026-08-13 06:21:00+00:00,44.96,45,44.96,45,8.681062582107792416
2026-08-13 06:22:00+00:00,45,45,44.99,45,3.750684566940801654
2026-08-13 06:23:00+00:00,45,45,44.98,44.98,464.249514428781548631
2026-08-13 06:24:00+00:00,44.98,45,44.98,44.98,3.703612123906921589
2026-08-13 06:25:00+00:00,44.98,45,44.98,45,3.627445422656983347
2026-08-13 06:26:00+00:00,45,45,44.97,44.98,493.091769967001039734
2026-08-13 06:27:00+00:00,44.98,44.98,44.97,44.98,4.148484425118944465
2026-08-13 06:28:00+00:00,44.98,44.98,44.97,44.98,4.006768333179582294
2026-08-13 06:29:00+00:00,44.98,44.98,44.97,44.97,2.88939134661485207
2026-08-13 06:30:00+00:00,44.97,44.98,44.97,44.97,3.927111370032469643
2026-08-13 06:31:00+00:00,44.97,44.98,44.97,44.97,3.864059879651005908
2026-08-13 06:32:00+00:00,44.97,44.98,44.95,44.95,496.991732508564806732
2026-08-13 06:33:00+00:00,44.95,44.96,44.94,44.95,449.906747630604607661
2026-08-13 06:34:00+00:00,44.95,44.96,44.94,44.96,3.988126368966451111
2026-08-13 06:35:00+00:00,44.96,44.96,44.94,44.96,4.15851108120435788
2026-08-13 06:36:00+00:00,44.96,44.96,44.94,44.94,3.485512068681531874
2026-08-13 06:37:00+00:00,44.94,44.96,44.94,44.94,3.094677066456342734
2026-08-13 06:38:00+00:00,44.94,44.96,44.94,44.94,4.226088491654352892
2026-08-13 06:39:00+00:00,44.94,44.96,44.94,44.96,2.28472239379671115
2026-08-13 06:40:00+00:00,44.96,44.96,44.94,44.96,4.213200023914844144
2026-08-13 06:41:00+00:00,44.96,44.96,44.94,44.94,3.368069594968063384
2026-08-13 06:42:00+00:00,44.94,44.96,44.94,44.94,3.898039220344405426
2026-08-13 06:43:00+00:00,44.94,44.96,44.94,44.94,2.749822875736252524
2026-08-13 06:44:00+00:00,44.94,44.96,44.94,44.96,3.224108736520184283
2026-08-13 06:45:00+00:00,44.96,44.97,44.94,44.97,26.166234776315867303
2026-08-13 06:46:00+00:00,44.97,44.97,44.96,44.97,4.04582876326408194
2026-08-13 06:47:00+00:00,44.97,44.98,44.96,44.98,6.387422411528967269
2026-08-13 06:48:00+00:00,44.98,44.99,44.96,44.97,1381.584572606814135169
2026-08-13 06:49:00+00:00,44.97,44.97,44.96,44.96,3.976628255333528
2026-08-13 06:50:00+00:00,44.96,44.97,44.96,44.97,4.003394344747031824
2026-08-13 06:51:00+00:00,44.97,44.97,44.96,44.97,4.607069694347437629
2026-08-13 06:52:00+00:00,44.97,44.97,44.96,44.97,3.907926132249494913
2026-08-13 06:53:00+00:00,44.97,44.98,44.96,44.96,12.482056004642665846
2026-08-13 06:54:00+00:00,44.96,44.99,44.96,44.98,3.440963140107389554
2026-08-13 06:55:00+00:00,44.98,45,44.98,45,11.325314301074128206
2026-08-13 06:56:00+00:00,45,45.01,44.98,45.01,5.252073945850962898
2026-08-13 06:57:00+00:00,45.01,45.01,44.99,45,463.704664936634208106
2026-08-13 06:58:00+00:00,45,45,44.98,45,3.877632676251173355
2026-08-13 06:59:00+00:00,45,45,44.98,44.99,3.434115519176409261
2026-08-13 07:00:00+00:00,44.99,45,44.99,44.99,4.239342268652293097
2026-08-13 07:01:00+00:00,44.99,45,44.98,44.98,9.54764671643130593
2026-08-13 07:02:00+00:00,44.98,45,44.98,45,3.705186650857171084
2026-08-13 07:03:00+00:00,45,45,44.98,45,3.927996067387974897
2026-08-13 07:04:00+00:00,45,45,44.97,44.98,493.797107026751922186
2026-08-13 07:05:00+00:00,44.98,44.98,44.97,44.97,3.881892898709311957
2026-08-13 07:06:00+00:00,44.97,45,44.97,44.99,8.022383770636162949
2026-08-13 07:07:00+00:00,44.99,45,44.98,45,9.286328219839149701
2026-08-13 07:08:00+00:00,45,45,44.98,45,3.725774744330813688
2026-08-13 07:09:00+00:00,45,45,44.98,44.98,4.036670826540190697
2026-08-13 07:10:00+00:00,44.98,45,44.98,44.98,4.250613853070500464
2026-08-13 07:11:00+00:00,44.98,45,44.98,44.98,7.877283667221280494
2026-08-13 07:12:00+00:00,44.98,45,44.98,45,2.998612627834593147
2026-08-13 07:13:00+00:00,45,45,44.98,45,3.728159132453930138
2026-08-13 07:14:00+00:00,45,45,44.98,45,4.181928699174941942
2026-08-13 07:15:00+00:00,45,45,44.98,44.98,3.804442764685539246
2026-08-13 07:16:00+00:00,44.98,45,44.98,44.98,4.132856924065016545
2026-08-13 07:17:00+00:00,44.98,45,44.98,44.98,4.009598468455115847
2026-08-13 07:18:00+00:00,44.98,45,44.98,45,3.762996828219949601
2026-08-13 07:19:00+00:00,45,45,44.94,44.94,1886.004260398023216523
2026-08-13 07:20:00+00:00,44.94,44.95,44.94,44.94,3.624783958638708979
2026-08-13 07:21:00+00:00,44.94,44.96,44.94,44.96,7.890058695702397554
2026-08-13 07:22:00+00:00,44.96,44.96,44.94,44.96,5.083493516991771148
2026-08-13 07:23:00+00:00,44.96,44.96,44.94,44.96,4.106781105530980804
2026-08-13 07:24:00+00:00,44.96,44.96,44.94,44.94,3.07377689826055143
2026-08-13 07:25:00+00:00,44.94,44.96,44.94,44.94,2.591202712751046469
2026-08-13 07:26:00+00:00,44.94,44.96,44.94,44.94,2.41289577285332598
2026-08-13 07:27:00+00:00,44.94,44.96,44.94,44.96,3.582327256824837224
2026-08-13 07:28:00+00:00,44.96,44.96,44.94,44.96,4.299849928413843997
2026-08-13 07:29:00+00:00,44.96,44.96,44.94,44.96,3.896305116984765762
2026-08-13 07:30:00+00:00,44.96,44.96,44.93,44.93,465.807160094091347497
2026-08-13 07:31:00+00:00,44.93,44.94,44.92,44.92,934.832459715373785078
2026-08-13 07:32:00+00:00,44.92,44.94,44.91,44.94,465.035018566357009247
2026-08-13 07:33:00+00:00,44.94,44.94,44.92,44.94,3.833114004583532961
2026-08-13 07:34:00+00:00,44.94,44.94,44.92,44.94,3.816294487435706294
2026-08-13 07:35:00+00:00,44.94,44.94,44.92,44.92,3.39886620371636308
2026-08-13 07:36:00+00:00,44.92,44.94,44.92,44.92,3.788988860580308714
2026-08-13 07:37:00+00:00,44.92,44.94,44.92,44.94,3.327854780946674319
2026-08-13 07:38:00+00:00,44.94,44.94,44.92,44.94,3.88330016355041113
2026-08-13 07:39:00+00:00,44.94,44.94,44.92,44.94,3.864629489165528306
2026-08-13 07:40:00+00:00,44.94,44.94,44.92,44.92,3.936305704528963318
2026-08-13 07:41:00+00:00,44.92,44.94,44.92,44.92,4.465832587310437854
2026-08-13 07:42:00+00:00,44.92,44.94,44.91,44.92,482.887315286787069672
2026-08-13 07:43:00+00:00,44.92,44.92,44.91,44.91,3.343730941649798059
2026-08-13 07:44:00+00:00,44.91,44.92,44.89,44.89,494.531013121697619795
2026-08-13 07:45:00+00:00,44.89,44.9,44.88,44.9,494.040359518097870881
2026-08-13 07:46:00+00:00,44.9,44.9,44.88,44.9,3.800189418751910559
2026-08-13 07:47:00+00:00,44.9,44.9,44.88,44.9,3.935425475110068318
2026-08-13 07:48:00+00:00,44.9,44.9,44.88,44.88,3.407774466133892304
2026-08-13 07:49:00+00:00,44.88,44.9,44.88,44.88,3.984234484237104433
2026-08-13 07:50:00+00:00,44.88,44.9,44.88,44.88,3.754933651330546385
2026-08-13 07:51:00+00:00,44.88,44.9,44.86,44.86,15.464749253157709353
2026-08-13 07:52:00+00:00,44.86,44.87,44.84,44.84,2977.928618605528114641
2026-08-13 07:53:00+00:00,44.84,44.87,44.84,44.87,4.642417916689985882
2026-08-13 07:54:00+00:00,44.87,44.87,44.86,44.87,2.823558035245427391
2026-08-13 07:55:00+00:00,44.87,44.87,44.86,44.87,4.03705344443317252
2026-08-13 07:56:00+00:00,44.87,44.88,44.85,44.87,13.50884849110000031
2026-08-13 07:57:00+00:00,44.87,44.88,44.86,44.86,462.441584374591306597
2026-08-13 07:58:00+00:00,44.86,44.88,44.85,44.85,465.609209497933807028
2026-08-13 07:59:00+00:00,44.85,44.86,44.85,44.85,3.824767225770152747
2026-08-13 08:00:00+00:00,44.85,44.87,44.85,44.85,7.884237963213197647
2026-08-13 08:01:00+00:00,44.85,44.87,44.85,44.87,3.727975394792189198
2026-08-13 08:02:00+00:00,44.87,44.87,44.85,44.87,17.038759006260871546
2026-08-13 08:03:00+00:00,44.87,44.87,44.85,44.87,3.516969304859150883
2026-08-13 08:04:00+00:00,44.87,44.87,44.85,44.85,3.740785223955542068
2026-08-13 08:05:00+00:00,44.85,44.87,44.85,44.85,4.374435235794524942
2026-08-13 08:06:00+00:00,44.85,44.87,44.85,44.85,4.157368227648360587
2026-08-13 08:07:00+00:00,44.85,44.87,44.85,44.87,3.80447246212829879
2026-08-13 08:08:00+00:00,44.87,44.87,44.85,44.87,4.024317096907478778
2026-08-13 08:09:00+00:00,44.87,44.87,44.84,44.85,479.327959493285677201
2026-08-13 08:10:00+00:00,44.85,44.85,44.82,44.85,459.146091265951390151
2026-08-13 08:11:00+00:00,44.85,44.85,44.83,44.83,3.714028803474341686
2026-08-13 08:12:00+00:00,44.83,44.85,44.81,44.81,494.658049918825560434
2026-08-13 08:13:00+00:00,44.81,44.83,44.8,44.82,853.296681623020332848
2026-08-13 08:14:00+00:00,44.82,44.83,44.82,44.83,3.709557803922458609
2026-08-13 08:15:00+00:00,44.83,44.83,44.81,44.83,9.731082660170395583
2026-08-13 08:16:00+00:00,44.83,44.84,44.83,44.84,3.263488213874876299
2026-08-13 08:17:00+00:00,44.84,44.84,44.83,44.84,3.948869273813273769
2026-08-13 08:18:00+00:00,44.84,44.84,44.83,44.83,3.837626160519580059
2026-08-13 08:19:00+00:00,44.83,44.84,44.82,44.82,9.875655715638298974
2026-08-13 08:20:00+00:00,44.82,44.84,44.82,44.82,3.926910546338391522
2026-08-13 08:21:00+00:00,44.82,44.84,44.82,44.84,3.968478652443055993
2026-08-13 08:22:00+00:00,44.84,44.84,44.82,44.84,3.955356553580761738
2026-08-13 08:23:00+00:00,44.84,44.85,44.82,44.85,17.152074674162362438
2026-08-13 08:24:00+00:00,44.85,44.85,44.83,44.85,5.999914017014624724
2026-08-13 08:25:00+00:00,44.85,44.85,44.83,44.85,45.998160564120378915
2026-08-13 08:26:00+00:00,44.85,44.85,44.83,44.85,3.852861604510636112
2026-08-13 08:27:00+00:00,44.85,44.85,44.83,44.83,3.840523563438342939
2026-08-13 08:28:00+00:00,44.83,44.85,44.83,44.83,2.536343038522091752
2026-08-13 08:29:00+00:00,44.83,44.85,44.83,44.83,3.851682225257761821
2026-08-13 08:30:00+00:00,44.83,44.85,44.83,44.85,2.745103759999064963
2026-08-13 08:31:00+00:00,44.85,44.86,44.84,44.86,465.440175996426200954
2026-08-13 08:32:00+00:00,44.86,44.86,44.84,44.86,4.527813858796700444
2026-08-13 08:33:00+00:00,44.86,44.86,44.84,44.84,3.511717831230713608
2026-08-13 08:34:00+00:00,44.84,44.86,44.84,44.84,743.327597303775193693
2026-08-13 08:35:00+00:00,44.84,44.86,44.84,44.84,4.779830291723323582
2026-08-13 08:36:00+00:00,44.84,44.86,44.84,44.84,3.853630802222237241
2026-08-13 08:37:00+00:00,44.84,44.86,44.84,44.86,2.945646421834526919
2026-08-13 08:38:00+00:00,44.86,44.86,44.84,44.86,6.764785441287348773
2026-08-13 08:39:00+00:00,44.86,44.86,44.84,44.86,3.980309451189805289
2026-08-13 08:40:00+00:00,44.86,44.86,44.84,44.84,3.47036863223596217
2026-08-13 08:41:00+00:00,44.84,44.86,44.84,44.86,25.187962311530808672
2026-08-13 08:42:00+00:00,44.86,44.87,44.86,44.86,4.061166508567227595
2026-08-13 08:43:00+00:00,44.86,44.87,44.86,44.86,3.331220871788823526
2026-08-13 08:44:00+00:00,44.86,44.87,44.82,44.84,516.266324000985807429
2026-08-13 08:45:00+00:00,44.84,44.84,44.81,44.82,482.910462671563564946
2026-08-13 08:46:00+00:00,44.82,44.83,44.81,44.83,5.828389764807094899
2026-08-13 08:47:00+00:00,44.83,44.83,44.81,44.81,3.129611217422181031
2026-08-13 08:48:00+00:00,44.81,44.83,44.81,44.83,6.218796690993070939
2026-08-13 08:49:00+00:00,44.83,44.84,44.83,44.83,4.085311881957471206
2026-08-13 08:50:00+00:00,44.83,44.84,44.83,44.83,3.324875677626828118
2026-08-13 08:51:00+00:00,44.83,44.85,44.83,44.85,11.299356955877709744
2026-08-13 08:52:00+00:00,44.85,44.86,44.83,44.84,466.200188048192590311
2026-08-13 08:53:00+00:00,44.84,44.86,44.84,44.84,3.941454462550354889
2026-08-13 08:54:00+00:00,44.84,44.86,44.84,44.84,4.348810940410109273
2026-08-13 08:55:00+00:00,44.84,44.86,44.84,44.84,3.79274115963113311
2026-08-13 08:56:00+00:00,44.84,44.86,44.84,44.86,3.664203997927142142
2026-08-13 08:57:00+00:00,44.86,44.86,44.84,44.86,3.741102848270543737
2026-08-13 08:58:00+00:00,44.86,44.86,44.81,44.81,481.590843726628885538
2026-08-13 08:59:00+00:00,44.81,44.85,44.81,44.85,465.433617945530293522
2026-08-13 09:00:00+00:00,44.85,44.85,44.84,44.85,3.830187457050312415
2026-08-13 09:01:00+00:00,44.85,44.85,44.83,44.83,465.41907286582277799
2026-08-13 09:02:00+00:00,44.83,44.85,44.83,44.83,4.261580493234568042
2026-08-13 09:03:00+00:00,44.83,44.85,44.83,44.83,3.68010142614823098
2026-08-13 09:04:00+00:00,44.83,44.85,44.83,44.85,3.641034832195254657
2026-08-13 09:05:00+00:00,44.85,44.85,44.83,44.85,4.060139876869163345
2026-08-13 09:06:00+00:00,44.85,44.85,44.83,44.85,48.633362761986257504
2026-08-13 09:07:00+00:00,44.85,44.85,44.83,44.85,3.997121119770936948
2026-08-13 09:08:00+00:00,44.85,44.85,44.83,44.83,2.338547730544549442
2026-08-13 09:09:00+00:00,44.83,44.85,44.83,44.83,3.275170214443216794
2026-08-13 09:10:00+00:00,44.83,44.85,44.83,44.83,2.589655353520583515
2026-08-13 09:11:00+00:00,44.83,44.85,44.83,44.85,3.552638241184148908
2026-08-13 09:12:00+00:00,44.85,44.85,44.83,44.85,3.74735436310740115
2026-08-13 09:13:00+00:00,44.85,44.85,44.83,44.85,4.209433243535407258
2026-08-13 09:14:00+00:00,44.85,44.85,44.83,44.85,4.231096372745695301
2026-08-13 09:15:00+00:00,44.85,44.85,44.83,44.83,3.744958258014732226
2026-08-13 09:16:00+00:00,44.83,44.86,44.83,44.84,467.813488895913968265
2026-08-13 09:17:00+00:00,44.84,44.87,44.84,44.85,7.286303563195072443
2026-08-13 09:18:00+00:00,44.85,44.88,44.85,44.86,6.628990540883664343
2026-08-13 09:19:00+00:00,44.86,44.88,44.86,44.86,3.0972406329694363
2026-08-13 09:20:00+00:00,44.86,44.88,44.86,44.88,3.442850961160210847
2026-08-13 09:21:00+00:00,44.88,44.88,44.86,44.88,4.14419641260630219
2026-08-13 09:22:00+00:00,44.88,44.88,44.86,44.88,3.953724381577703017
2026-08-13 09:23:00+00:00,44.88,44.88,44.86,44.86,3.761939422548900398
2026-08-13 09:24:00+00:00,44.86,44.88,44.86,44.86,3.162991775561600633
2026-08-13 09:25:00+00:00,44.86,44.88,44.86,44.88,3.451093518913665243
2026-08-13 09:26:00+00:00,44.88,44.88,44.85,44.85,477.660829935876033223
2026-08-13 09:27:00+00:00,44.85,44.87,44.85,44.85,3.657145000243564979
2026-08-13 09:28:00+00:00,44.85,44.86,44.85,44.86,3.640512726078059767
2026-08-13 09:29:00+00:00,44.86,44.88,44.85,44.85,453.12711963228207422
2026-08-13 09:30:00+00:00,44.85,44.87,44.85,44.87,5.629369532957341415
2026-08-13 09:31:00+00:00,44.87,44.88,44.87,44.87,3.625492520082774275
2026-08-13 09:32:00+00:00,44.87,44.89,44.87,44.89,7.471889219338477281
2026-08-13 09:33:00+00:00,44.89,44.9,44.88,44.89,463.78207644936397669
2026-08-13 09:34:00+00:00,44.89,44.9,44.88,44.88,463.931869085808703168
2026-08-13 09:35:00+00:00,44.88,44.9,44.87,44.88,465.856033208686928883
2026-08-13 09:36:00+00:00,44.88,44.88,44.86,44.86,494.835593474512094489
2026-08-13 09:37:00+00:00,44.86,44.92,44.86,44.9,498.31484523396009532
2026-08-13 09:38:00+00:00,44.9,44.93,44.9,44.92,13.017698908378490333
2026-08-13 09:39:00+00:00,44.92,44.93,44.92,44.92,4.272874362394931536
2026-08-13 09:40:00+00:00,44.92,44.93,44.89,44.91,1403.362547900031872484
2026-08-13 09:41:00+00:00,44.91,44.91,44.88,44.88,493.843162386183458685
2026-08-13 09:42:00+00:00,44.88,44.89,44.88,44.88,3.897428528004085242
2026-08-13 09:43:00+00:00,44.88,44.9,44.88,44.88,7.099145878882845767
2026-08-13 09:44:00+00:00,44.88,44.92,44.88,44.92,496.168496147380064681
2026-08-13 09:45:00+00:00,44.92,44.92,44.91,44.92,5.810033091809422734
2026-08-13 09:46:00+00:00,44.92,44.93,44.91,44.93,3.56785157723018309
2026-08-13 09:47:00+00:00,44.93,44.93,44.91,44.91,3.410267021170466158
2026-08-13 09:48:00+00:00,44.91,44.93,44.91,44.91,3.52085616443956984
2026-08-13 09:49:00+00:00,44.91,44.93,44.91,44.91,3.934233300788088522
2026-08-13 09:50:00+00:00,44.91,44.93,44.91,44.93,3.44445745362178718
2026-08-13 09:51:00+00:00,44.93,44.93,44.91,44.93,3.81690224676174318
2026-08-13 09:52:00+00:00,44.93,44.93,44.91,44.93,3.927822075885083709
2026-08-13 09:53:00+00:00,44.93,44.93,44.91,44.91,1.517396803647604825
2026-08-13 09:54:00+00:00,44.91,44.93,44.91,44.91,2.664506157008232154
2026-08-13 09:55:00+00:00,44.91,44.93,44.91,44.91,3.901113511242382378
2026-08-13 09:56:00+00:00,44.91,44.93,44.91,44.93,3.697839054224382186
2026-08-13 09:57:00+00:00,44.93,44.93,44.91,44.93,4.394665037967222121
2026-08-13 09:58:00+00:00,44.93,44.93,44.91,44.91,1.73226674929104939
2026-08-13 09:59:00+00:00,44.91,44.91,44.91,44.91,0
2026-08-13 10:00:00+00:00,44.91,44.93,44.91,44.91,0.711027118906309291
2026-08-13 10:01:00+00:00,44.91,44.93,44.91,44.91,4.118302584346178316
2026-08-13 10:02:00+00:00,44.91,44.92,44.88,44.88,971.715624068127498779
2026-08-13 10:03:00+00:00,44.88,44.88,44.87,44.87,464.440061484812333661
2026-08-13 10:04:00+00:00,44.87,44.88,44.86,44.86,494.634201966614838756
2026-08-13 10:05:00+00:00,44.86,44.89,44.85,44.88,452.552701690635035666
2026-08-13 10:06:00+00:00,44.88,44.91,44.88,44.91,450.638884956310669501
2026-08-13 10:07:00+00:00,44.91,44.91,44.88,44.89,956.999568586569508357
2026-08-13 10:08:00+00:00,44.89,44.89,44.86,44.86,451.688337839951501502
2026-08-13 10:09:00+00:00,44.86,44.88,44.86,44.88,3.859914217176352967
2026-08-13 10:10:00+00:00,44.88,44.9,44.86,44.9,8.084673556128849268
2026-08-13 10:11:00+00:00,44.9,44.91,44.88,44.91,5.488443791506164795
2026-08-13 10:12:00+00:00,44.91,44.91,44.9,44.91,4.118425031205692746
2026-08-13 10:13:00+00:00,44.91,44.91,44.89,44.91,490.971773496330418817
2026-08-13 10:14:00+00:00,44.91,44.91,44.89,44.89,8.86895602546396225
2026-08-13 10:15:00+00:00,44.89,44.91,44.89,44.89,4.302750586691067336
2026-08-13 10:16:00+00:00,44.89,44.91,44.89,44.89,4.073064289019612445
2026-08-13 10:17:00+00:00,44.89,44.91,44.88,44.89,495.620880974830636444
2026-08-13 10:18:00+00:00,44.89,44.89,44.88,44.89,3.864250565553587313
2026-08-13 10:19:00+00:00,44.89,44.89,44.88,44.89,3.749885588817029064
2026-08-13 10:20:00+00:00,44.89,44.89,44.88,44.88,3.554972905644973308
2026-08-13 10:21:00+00:00,44.88,44.89,44.87,44.87,449.96738680446843322
2026-08-13 10:22:00+00:00,44.87,44.89,44.87,44.89,3.778709047989580846
2026-08-13 10:23:00+00:00,44.89,44.89,44.87,44.89,4.334714682543957707
2026-08-13 10:24:00+00:00,44.89,44.89,44.87,44.89,3.703256594891616047
2026-08-13 10:25:00+00:00,44.89,44.89,44.87,44.87,91.402134610327575592
2026-08-13 10:26:00+00:00,44.87,44.88,44.86,44.88,19.787286486063158282
2026-08-13 10:27:00+00:00,44.88,44.88,44.82,44.82,1452.353374588733600148
2026-08-13 10:28:00+00:00,44.82,44.84,44.82,44.82,5.930057440910999557
2026-08-13 10:29:00+00:00,44.82,44.84,44.82,44.82,3.046016487398697769
2026-08-13 10:30:00+00:00,44.82,44.84,44.82,44.82,4.332292426719465825
2026-08-13 10:31:00+00:00,44.82,44.84,44.82,44.84,3.832005373063271018
2026-08-13 10:32:00+00:00,44.84,44.84,44.82,44.84,3.952923787527949037
2026-08-13 10:33:00+00:00,44.84,44.84,44.82,44.84,4.06739047576966603
2026-08-13 10:34:00+00:00,44.84,44.84,44.81,44.81,3.079805897581227873
2026-08-13 10:35:00+00:00,44.81,44.84,44.81,44.84,5.414745255178381262
2026-08-13 10:36:00+00:00,44.84,44.85,44.83,44.83,452.287505723508021511
2026-08-13 10:37:00+00:00,44.83,44.85,44.83,44.83,3.678504132171804241
2026-08-13 10:38:00+00:00,44.83,44.85,44.83,44.85,2.594553973377936365
2026-08-13 10:39:00+00:00,44.85,44.85,44.81,44.82,495.020830976409689473
2026-08-13 10:40:00+00:00,44.82,44.82,44.8,44.82,2340.960336677434171062
2026-08-13 10:41:00+00:00,44.82,44.82,44.8,44.8,3.941100652610441763
2026-08-13 10:42:00+00:00,44.8,44.82,44.8,44.8,4.217974995218971118
2026-08-13 10:43:00+00:00,44.8,44.82,44.8,44.8,4.109839945097851719
2026-08-13 10:44:00+00:00,44.8,44.83,44.8,44.81,13.56243603916551425
2026-08-13 10:45:00+00:00,44.81,44.83,44.81,44.81,4.090040950655761553
2026-08-13 10:46:00+00:00,44.81,44.83,44.81,44.81,4.221323995039307157
2026-08-13 10:47:00+00:00,44.81,44.83,44.81,44.81,3.902915589320223489
2026-08-13 10:48:00+00:00,44.81,44.83,44.81,44.83,3.928463889195728278
2026-08-13 10:49:00+00:00,44.83,44.83,44.81,44.83,1.852933009888381422
2026-08-13 10:50:00+00:00,44.83,44.83,44.8,44.8,502.817909044971051088
2026-08-13 10:51:00+00:00,44.8,44.81,44.8,44.8,3.813218494954888889
2026-08-13 10:52:00+00:00,44.8,44.81,44.8,44.8,3.863093288727006082
2026-08-13 10:53:00+00:00,44.8,44.81,44.8,44.81,4.134379732282334933
2026-08-13 10:54:00+00:00,44.81,44.81,44.8,44.81,4.224545531529951854
2026-08-13 10:55:00+00:00,44.81,44.82,44.8,44.82,11.586916831298047281
2026-08-13 10:56:00+00:00,44.82,44.82,44.8,44.8,8.685445172054282588
2026-08-13 10:57:00+00:00,44.8,44.82,44.8,44.8,4.411722156483075154
2026-08-13 10:58:00+00:00,44.8,44.84,44.8,44.84,9.440602885119256972
2026-08-13 10:59:00+00:00,44.84,44.84,44.82,44.84,465.642917069202992333
2026-08-13 11:00:00+00:00,44.84,44.84,44.82,44.84,3.979719134243386464
2026-08-13 11:01:00+00:00,44.84,44.84,44.82,44.82,3.479054636625598434
2026-08-13 11:02:00+00:00,44.82,44.84,44.82,44.82,4.198194482758071631
2026-08-13 11:03:00+00:00,44.82,44.84,44.82,44.82,3.999774855194392392
2026-08-13 11:04:00+00:00,44.82,44.84,44.82,44.84,3.236748769286681859
2026-08-13 11:05:00+00:00,44.84,44.84,44.81,44.82,495.249981548881138762
2026-08-13 11:06:00+00:00,44.82,44.82,44.81,44.81,3.779580475687868879
2026-08-13 11:07:00+00:00,44.81,44.82,44.81,44.81,3.895968131993868498
2026-08-13 11:08:00+00:00,44.81,44.82,44.81,44.81,4.119360827475141453
2026-08-13 11:09:00+00:00,44.81,44.82,44.81,44.82,3.112328164103262707
2026-08-13 11:10:00+00:00,44.82,44.82,44.8,44.8,455.713406175471804634
2026-08-13 11:11:00+00:00,44.8,44.82,44.8,44.8,4.343584088337476885
2026-08-13 11:12:00+00:00,44.8,44.82,44.79,44.8,494.980004984957798635
2026-08-13 11:13:00+00:00,44.8,44.82,44.79,44.8,1567.992089335967413506
2026-08-13 11:14:00+00:00,44.8,44.8,44.77,44.8,1443.464008459647963534
2026-08-13 11:15:00+00:00,44.8,44.8,44.77,44.77,496.571073809207221662
2026-08-13 11:16:00+00:00,44.77,44.78,44.77,44.78,3.796962984747710065
2026-08-13 11:17:00+00:00,44.78,44.78,44.77,44.78,3.794615728866002928
2026-08-13 11:18:00+00:00,44.78,44.78,44.77,44.78,4.034240487557715211
2026-08-13 11:19:00+00:00,44.78,44.78,44.75,44.76,2059.795193340186892483
2026-08-13 11:20:00+00:00,44.76,44.77,44.75,44.75,6.453290581276002391
2026-08-13 11:21:00+00:00,44.75,44.77,44.75,44.75,3.772125747613812616
2026-08-13 11:22:00+00:00,44.75,44.77,44.74,44.75,1071.974031202419456607
2026-08-13 11:23:00+00:00,44.75,44.75,44.73,44.75,38.632882396212640489
2026-08-13 11:24:00+00:00,44.75,44.76,44.75,44.76,3.564429378784928678
2026-08-13 11:25:00+00:00,44.76,44.77,44.75,44.77,7.535628839885898004
2026-08-13 11:26:00+00:00,44.77,44.77,44.74,44.76,468.254444755841385836
2026-08-13 11:27:00+00:00,44.76,44.76,44.74,44.74,3.588890813090268744
2026-08-13 11:28:00+00:00,44.74,44.76,44.74,44.74,4.630911576088715131
2026-08-13 11:29:00+00:00,44.74,44.76,44.74,44.74,314.202403710366278718
2026-08-13 11:30:00+00:00,44.74,44.76,44.73,44.75,147.401333888442235786
2026-08-13 11:31:00+00:00,44.75,44.75,44.73,44.75,15.222417140494531902
2026-08-13 11:32:00+00:00,44.75,44.75,44.71,44.71,2822.531325768192871156
2026-08-13 11:33:00+00:00,44.71,44.74,44.7,44.74,12.835897487214534439
2026-08-13 11:34:00+00:00,44.74,44.74,44.72,44.74,3.969343055843222173
2026-08-13 11:35:00+00:00,44.74,44.74,44.72,44.72,3.510901477669028683
2026-08-13 11:36:00+00:00,44.72,44.75,44.72,44.75,10.040481509523680075
2026-08-13 11:37:00+00:00,44.75,44.75,44.73,44.73,4.510232054330915271
2026-08-13 11:38:00+00:00,44.73,44.75,44.73,44.75,3.853014074515372803
2026-08-13 11:39:00+00:00,44.75,44.75,44.72,44.73,503.533881714656853859
2026-08-13 11:40:00+00:00,44.73,44.73,44.71,44.73,465.455378680461483431
2026-08-13 11:41:00+00:00,44.73,44.73,44.7,44.71,425.19903031704848367
2026-08-13 11:42:00+00:00,44.71,44.71,44.68,44.68,12.176071860216360765
2026-08-13 11:43:00+00:00,44.68,44.7,44.68,44.68,4.207666097869212629
2026-08-13 11:44:00+00:00,44.68,44.7,44.68,44.7,3.830418867251887141
2026-08-13 11:45:00+00:00,44.7,44.7,44.68,44.7,5.802618859127630517
2026-08-13 11:46:00+00:00,44.7,44.71,44.69,44.71,4.583070088894886751
2026-08-13 11:47:00+00:00,44.71,44.71,44.68,44.68,498.69031546285996789
2026-08-13 11:48:00+00:00,44.68,44.7,44.68,44.7,3.372921525979423145
2026-08-13 11:49:00+00:00,44.7,44.7,44.68,44.7,3.783722909519145837
2026-08-13 11:50:00+00:00,44.7,44.7,44.68,44.7,4.496784491857584326
2026-08-13 11:51:00+00:00,44.7,44.7,44.66,44.66,5153.744285374248919661
2026-08-13 11:52:00+00:00,44.66,44.67,44.66,44.66,4.383416143467898932
2026-08-13 11:53:00+00:00,44.66,44.67,44.66,44.66,3.94154529845227142
2026-08-13 11:54:00+00:00,44.66,44.68,44.66,44.68,10.249606028803212918
2026-08-13 11:55:00+00:00,44.68,44.68,44.66,44.68,4.836431451816069861
2026-08-13 11:56:00+00:00,44.68,44.68,44.66,44.68,4.123077185988154403
2026-08-13 11:57:00+00:00,44.68,44.68,44.66,44.68,4.14152582668774438
2026-08-13 11:58:00+00:00,44.68,44.68,44.66,44.66,3.467649776827685629
2026-08-13 11:59:00+00:00,44.66,44.68,44.66,44.66,4.164030077445784538
2026-08-13 12:00:00+00:00,44.66,44.68,44.66,44.66,4.039971889469466101
2026-08-13 12:01:00+00:00,44.66,44.68,44.66,44.68,3.774919605446262435
2026-08-13 12:02:00+00:00,44.68,44.68,44.64,44.67,2876.213737397995714391
2026-08-13 12:03:00+00:00,44.67,44.67,44.65,44.67,4.199520951328781346
2026-08-13 12:04:00+00:00,44.67,44.67,44.65,44.65,3.606159380561344342
2026-08-13 12:05:00+00:00,44.65,44.67,44.65,44.67,7.563632724866521064
2026-08-13 12:06:00+00:00,44.67,44.68,44.67,44.68,10.185639001138158475
2026-08-13 12:07:00+00:00,44.68,44.68,44.67,44.68,3.844948842992448947
2026-08-13 12:08:00+00:00,44.68,44.69,44.67,44.69,9.244332003607591457
2026-08-13 12:09:00+00:00,44.69,44.7,44.67,44.68,512.906835889628026518
2026-08-13 12:10:00+00:00,44.68,44.76,44.68,44.76,553.688229938336096409
2026-08-13 12:11:00+00:00,44.76,44.78,44.75,44.78,1019.229782228131224434
2026-08-13 12:12:00+00:00,44.78,44.78,44.74,44.74,5.48540343255113055
2026-08-13 12:13:00+00:00,44.74,44.75,44.74,44.74,29.196068682368395413
2026-08-13 12:14:00+00:00,44.74,44.76,44.74,44.76,7.933359325183412988
2026-08-13 12:15:00+00:00,44.76,44.85,44.76,44.82,470.196003667387269668
2026-08-13 12:16:00+00:00,44.82,44.83,44.82,44.82,4.475775006238551245
2026-08-13 12:17:00+00:00,44.82,44.83,44.81,44.83,480.344040513186264533
2026-08-13 12:18:00+00:00,44.83,44.84,44.81,44.84,8.021927626876856306
2026-08-13 12:19:00+00:00,44.84,44.84,44.83,44.84,4.329257420689081533
2026-08-13 12:20:00+00:00,44.84,44.84,44.81,44.81,496.822719431828073529
2026-08-13 12:21:00+00:00,44.81,44.82,44.8,44.8,465.211394479343767982
2026-08-13 12:22:00+00:00,44.8,44.82,44.78,44.78,942.26688274281810371
2026-08-13 12:23:00+00:00,44.78,44.8,44.78,44.78,6.778308097524405022
2026-08-13 12:24:00+00:00,44.78,44.8,44.78,44.8,3.798373855515855286
2026-08-13 12:25:00+00:00,44.8,44.8,44.78,44.8,4.483853930724813366
2026-08-13 12:26:00+00:00,44.8,44.8,44.78,44.8,3.858002356760033172
2026-08-13 12:27:00+00:00,44.8,44.82,44.78,44.8,15.384592664703063849
2026-08-13 12:28:00+00:00,44.8,44.82,44.8,44.8,314.420112041712628228
2026-08-13 12:29:00+00:00,44.8,44.82,44.8,44.82,3.823164652658252049
2026-08-13 12:30:00+00:00,44.82,44.87,44.8,44.85,515.594959818286411677
2026-08-13 12:31:00+00:00,44.85,44.85,44.8,44.82,1006.667937250416312352
2026-08-13 12:32:00+00:00,44.82,44.82,44.79,44.79,482.230114258414973747
2026-08-13 12:33:00+00:00,44.79,44.83,44.79,44.81,467.532587670326228405
2026-08-13 12:34:00+00:00,44.81,44.85,44.81,44.85,495.39583348264256617
2026-08-13 12:35:00+00:00,44.85,44.86,44.83,44.85,5.814353556841292663
2026-08-13 12:36:00+00:00,44.85,44.86,44.84,44.86,465.259102234046446832
2026-08-13 12:37:00+00:00,44.86,44.86,44.84,44.86,4.125819210365243751
2026-08-13 12:38:00+00:00,44.86,44.86,44.83,44.84,8.026366079343685156
2026-08-13 12:39:00+00:00,44.84,44.84,44.82,44.82,508.604662604090318191
2026-08-13 12:40:00+00:00,44.82,44.83,44.8,44.83,466.53410697536137566
2026-08-13 12:41:00+00:00,44.83,44.87,44.82,44.86,330.533228779443704844
2026-08-13 12:42:00+00:00,44.86,44.88,44.85,44.85,465.453045852439388097
2026-08-13 12:43:00+00:00,44.85,44.86,44.84,44.84,494.692604214374061198
2026-08-13 12:44:00+00:00,44.84,44.84,44.82,44.84,4.151418502635778515
2026-08-13 12:45:00+00:00,44.84,44.84,44.82,44.84,4.48201383191602767
2026-08-13 12:46:00+00:00,44.84,44.84,44.82,44.84,26.499543433040132489
2026-08-13 12:47:00+00:00,44.84,44.85,44.82,44.84,11.230625818850396156
2026-08-13 12:48:00+00:00,44.84,44.85,44.84,44.84,3.672872708811311762
2026-08-13 12:49:00+00:00,44.84,44.85,44.84,44.85,3.898177555873130469
2026-08-13 12:50:00+00:00,44.85,44.85,44.84,44.85,8.028828307660483893
2026-08-13 12:51:00+00:00,44.85,44.85,44.83,44.83,11.181235355349364523
2026-08-13 12:52:00+00:00,44.83,44.85,44.83,44.83,3.788224485365375098
2026-08-13 12:53:00+00:00,44.83,44.85,44.83,44.83,4.122730558226780665
2026-08-13 12:54:00+00:00,44.83,44.85,44.83,44.85,3.437909063622240934
2026-08-13 12:55:00+00:00,44.85,44.86,44.83,44.85,10.91070724211773023
2026-08-13 12:56:00+00:00,44.85,44.86,44.85,44.85,3.760615098328952051
2026-08-13 12:57:00+00:00,44.85,44.87,44.85,44.87,6.488432716377282666
2026-08-13 12:58:00+00:00,44.87,44.87,44.85,44.87,3.985616930267272797
2026-08-13 12:59:00+00:00,44.87,44.87,44.85,44.85,3.664334146036648914
2026-08-13 13:00:00+00:00,44.85,44.87,44.85,44.85,3.913860797910177271
2026-08-13 13:01:00+00:00,44.85,44.88,44.85,44.87,11.571760384412121412
2026-08-13 13:02:00+00:00,44.87,44.89,44.87,44.89,4.229418217236927842
2026-08-13 13:03:00+00:00,44.89,44.89,44.87,44.89,4.191508545044089891
2026-08-13 13:04:00+00:00,44.89,44.89,44.86,44.86,494.411373162387342714
2026-08-13 13:05:00+00:00,44.86,44.87,44.85,44.87,474.982409257325424621
2026-08-13 13:06:00+00:00,44.87,44.87,44.85,44.85,3.713132555115869225
2026-08-13 13:07:00+00:00,44.85,44.91,44.85,44.91,23.944438491321920966
2026-08-13 13:08:00+00:00,44.91,44.91,44.88,44.88,985.740290025106618534
2026-08-13 13:09:00+00:00,44.88,44.9,44.88,44.88,4.766715735136761291
2026-08-13 13:10:00+00:00,44.88,44.9,44.88,44.88,3.388923454378714428
2026-08-13 13:11:00+00:00,44.88,44.9,44.88,44.88,4.018623987153071387
2026-08-13 13:12:00+00:00,44.88,44.9,44.88,44.9,12.453465308680799363
2026-08-13 13:13:00+00:00,44.9,44.9,44.88,44.88,10.352633790502443141
2026-08-13 13:14:00+00:00,44.88,44.9,44.88,44.88,4.356142834740699271
2026-08-13 13:15:00+00:00,44.88,44.9,44.87,44.88,475.600605552274073021
2026-08-13 13:16:00+00:00,44.88,44.9,44.87,44.89,5.673418983085338315
2026-08-13 13:17:00+00:00,44.89,44.9,44.89,44.89,4.189260245658652845
2026-08-13 13:18:00+00:00,44.89,44.9,44.89,44.9,3.60863593808373946
2026-08-13 13:19:00+00:00,44.9,44.9,44.89,44.9,4.215518870428630038
2026-08-13 13:20:00+00:00,44.9,44.9,44.88,44.88,470.361567925194300241
2026-08-13 13:21:00+00:00,44.88,44.9,44.87,44.87,466.814136561984757046
2026-08-13 13:22:00+00:00,44.87,44.89,44.87,44.87,6.565306580953275954
2026-08-13 13:23:00+00:00,44.87,44.89,44.87,44.89,3.448289673050181397
2026-08-13 13:24:00+00:00,44.89,44.89,44.87,44.89,3.808718689962632074
2026-08-13 13:25:00+00:00,44.89,44.89,44.86,44.87,494.550568857315148596
2026-08-13 13:26:00+00:00,44.87,44.89,44.86,44.89,12.123088620663303398
2026-08-13 13:27:00+00:00,44.89,44.9,44.87,44.88,1488.731675542885317384
2026-08-13 13:28:00+00:00,44.88,44.89,44.86,44.87,397.656729332998703607
2026-08-13 13:29:00+00:00,44.87,44.89,44.87,44.87,3.628345131895846429
2026-08-13 13:30:00+00:00,44.87,44.89,44.86,44.89,537.84744801884823943
2026-08-13 13:31:00+00:00,44.89,44.89,44.87,44.87,3.234344617650664077
2026-08-13 13:32:00+00:00,44.87,44.92,44.87,44.92,6.718835046958525209
2026-08-13 13:33:00+00:00,44.92,44.94,44.91,44.94,4.754280089827665619
2026-08-13 13:34:00+00:00,44.94,44.96,44.93,44.95,5.294836056629258449
2026-08-13 13:35:00+00:00,44.95,44.97,44.95,44.97,4.748463647997912312
2026-08-13 13:36:00+00:00,44.97,44.97,44.95,44.97,4.044027408706286201
2026-08-13 13:37:00+00:00,44.97,44.97,44.95,44.95,3.834643834982807713
2026-08-13 13:38:00+00:00,44.95,44.97,44.95,44.95,3.864574078924943901
2026-08-13 13:39:00+00:00,44.95,44.97,44.95,44.95,4.069314280215978857
2026-08-13 13:40:00+00:00,44.95,44.97,44.95,44.97,3.62898205527204763
2026-08-13 13:41:00+00:00,44.97,44.98,44.95,44.98,15.894236779354905341
2026-08-13 13:42:00+00:00,44.98,45.01,44.97,44.98,1858.663743518536154087
2026-08-13 13:43:00+00:00,44.98,44.98,44.94,44.95,526.632450145464522176
2026-08-13 13:44:00+00:00,44.95,44.96,44.92,44.94,1014.408613372545189773
2026-08-13 13:45:00+00:00,44.94,44.94,44.91,44.92,460.649445018552246141
2026-08-13 13:46:00+00:00,44.92,44.92,44.87,44.87,945.411690892918022809
2026-08-13 13:47:00+00:00,44.87,44.89,44.87,44.87,3.578088776353141763
2026-08-13 13:48:00+00:00,44.87,44.9,44.86,44.87,454.722560794957298653
2026-08-13 13:49:00+00:00,44.87,44.88,44.86,44.88,5.660723170011277846
2026-08-13 13:50:00+00:00,44.88,44.88,44.86,44.88,4.069377655816511334
2026-08-13 13:51:00+00:00,44.88,44.88,44.8,44.82,5782.376968379338214409
2026-08-13 13:52:00+00:00,44.82,44.83,44.79,44.8,511.928610613282697246
2026-08-13 13:53:00+00:00,44.8,44.8,44.77,44.77,2446.004253185859499461
2026-08-13 13:54:00+00:00,44.77,44.78,44.74,44.74,2434.581170108183344575
2026-08-13 13:55:00+00:00,44.74,44.78,44.73,44.78,513.013915434592014669
2026-08-13 13:56:00+00:00,44.78,44.78,44.75,44.75,467.640378464188472227
2026-08-13 13:57:00+00:00,44.75,44.77,44.75,44.75,3.940528356603521656
2026-08-13 13:58:00+00:00,44.75,44.77,44.74,44.74,495.717174614138267115
2026-08-13 13:59:00+00:00,44.74,44.75,44.71,44.71,498.069512414320658078
2026-08-13 14:00:00+00:00,44.71,44.74,44.71,44.74,5.299796305464900038
2026-08-13 14:01:00+00:00,44.74,44.74,44.7,44.72,1685.674532575173499035
2026-08-13 14:02:00+00:00,44.72,44.73,44.7,44.73,466.893031063976516388
2026-08-13 14:03:00+00:00,44.73,44.73,44.71,44.73,6.081314087303670378
2026-08-13 14:04:00+00:00,44.73,44.74,44.72,44.74,465.435483480649654207
2026-08-13 14:05:00+00:00,44.74,44.74,44.72,44.74,3.805207467834428772
2026-08-13 14:06:00+00:00,44.74,44.74,44.67,44.68,3635.315295729410734295
2026-08-13 14:07:00+00:00,44.68,44.69,44.67,44.69,6.696993209031267675
2026-08-13 14:08:00+00:00,44.69,44.69,44.67,44.67,7.705739841893031283
2026-08-13 14:09:00+00:00,44.67,44.69,44.65,44.65,970.065989106168973804
2026-08-13 14:10:00+00:00,44.65,44.68,44.63,44.68,4431.130371553036486999
2026-08-13 14:11:00+00:00,44.68,44.72,44.67,44.72,7.601588546449828409
2026-08-13 14:12:00+00:00,44.72,44.79,44.72,44.79,450.190923612195924048
2026-08-13 14:13:00+00:00,44.79,44.79,44.76,44.76,465.988781821173244357
2026-08-13 14:14:00+00:00,44.76,44.78,44.76,44.78,6.084277456606276007
2026-08-13 14:15:00+00:00,44.78,44.81,44.76,44.81,900.298282543119090799
2026-08-13 14:16:00+00:00,44.81,44.81,44.78,44.78,466.010397342876831236
2026-08-13 14:17:00+00:00,44.78,44.82,44.78,44.81,453.52678122848315294
2026-08-13 14:18:00+00:00,44.81,44.82,44.81,44.81,4.198972228520817873
2026-08-13 14:19:00+00:00,44.81,44.86,44.81,44.84,4597.883172028886448247
2026-08-13 14:20:00+00:00,44.84,44.86,44.83,44.83,544.985367890483471085
2026-08-13 14:21:00+00:00,44.83,44.88,44.82,44.88,1432.303876710270551005
2026-08-13 14:22:00+00:00,44.88,44.9,44.88,44.9,272.588415899463652635
2026-08-13 14:23:00+00:00,44.9,44.9,44.86,44.88,496.224740369718832826
2026-08-13 14:24:00+00:00,44.88,44.88,44.84,44.85,1377.168712515048237937
2026-08-13 14:25:00+00:00,44.85,44.85,44.83,44.83,562.059248007002936091
2026-08-13 14:26:00+00:00,44.83,44.89,44.83,44.87,1001.147111396303732403
2026-08-13 14:27:00+00:00,44.87,44.87,44.83,44.86,1394.533650830940991913
2026-08-13 14:28:00+00:00,44.86,44.87,44.84,44.85,924.518124930960053128
2026-08-13 14:29:00+00:00,44.85,44.87,44.85,44.87,10.307688958490016613
2026-08-13 14:30:00+00:00,44.87,44.87,44.85,44.87,21.822021193891233902
2026-08-13 14:31:00+00:00,44.87,44.88,44.85,44.86,503.87112912729791195
2026-08-13 14:32:00+00:00,44.86,44.88,44.85,44.88,11.073092961180880837
2026-08-13 14:33:00+00:00,44.88,44.89,44.86,44.89,5.977517923850285415
2026-08-13 14:34:00+00:00,44.89,44.91,44.87,44.91,9.288041386844183953
2026-08-13 14:35:00+00:00,44.91,44.91,44.89,44.91,183.446179438243268635
2026-08-13 14:36:00+00:00,44.91,44.91,44.89,44.89,3.797982787683731111
2026-08-13 14:37:00+00:00,44.89,44.92,44.89,44.92,11.449207046114752232
2026-08-13 14:38:00+00:00,44.92,44.93,44.9,44.91,463.996478442553290793
2026-08-13 14:39:00+00:00,44.91,44.92,44.89,44.89,12.0659986480613818
2026-08-13 14:40:00+00:00,44.89,44.91,44.88,44.89,452.094548216176702394
2026-08-13 14:41:00+00:00,44.89,44.89,44.88,44.88,3.707359274741306631
2026-08-13 14:42:00+00:00,44.88,44.89,44.87,44.87,495.703121400420551871
2026-08-13 14:43:00+00:00,44.87,44.89,44.85,44.88,455.658698709021307856
2026-08-13 14:44:00+00:00,44.88,44.89,44.85,44.89,955.097088530621203864
2026-08-13 14:45:00+00:00,44.89,44.91,44.89,44.91,3.906541103791206575
2026-08-13 14:46:00+00:00,44.91,44.91,44.87,44.87,986.818255389581886493
2026-08-13 14:47:00+00:00,44.87,44.89,44.86,44.86,442.314899823320686378
2026-08-13 14:48:00+00:00,44.86,44.88,44.86,44.86,4.570210982307948109
2026-08-13 14:49:00+00:00,44.86,44.88,44.84,44.86,534.97264167083096408
2026-08-13 14:50:00+00:00,44.86,44.86,44.84,44.84,3.64134232857660446
2026-08-13 14:51:00+00:00,44.84,44.87,44.84,44.85,467.735307682253474922
2026-08-13 14:52:00+00:00,44.85,44.87,44.83,44.83,505.024877082222155624
2026-08-13 14:53:00+00:00,44.83,44.84,44.82,44.82,931.247341353020559955
2026-08-13 14:54:00+00:00,44.82,44.84,44.81,44.84,949.612279028960944068
2026-08-13 14:55:00+00:00,44.84,44.84,44.81,44.81,496.456037510153583749
2026-08-13 14:56:00+00:00,44.81,44.85,44.81,44.83,929.811017224043841509
2026-08-13 14:57:00+00:00,44.83,44.85,44.83,44.83,4.223665963651609903
2026-08-13 14:58:00+00:00,44.83,44.86,44.82,44.84,497.920756562072925427
2026-08-13 14:59:00+00:00,44.84,44.87,44.84,44.84,500.368069740166768687
2026-08-13 15:00:00+00:00,44.84,44.88,44.84,44.86,6.497430376272872883
2026-08-13 15:01:00+00:00,44.86,44.89,44.86,44.88,5.177506011922985428
2026-08-13 15:02:00+00:00,44.88,44.9,44.88,44.89,273.922595634664492904
2026-08-13 15:03:00+00:00,44.89,44.9,44.89,44.9,2.752451907930347924
2026-08-13 15:04:00+00:00,44.9,44.9,44.88,44.88,773.292159527793998786
2026-08-13 15:05:00+00:00,44.88,44.88,44.84,44.84,875.20463077631400329
2026-08-13 15:06:00+00:00,44.84,44.87,44.84,44.86,6.569475796544624391
2026-08-13 15:07:00+00:00,44.86,44.87,44.85,44.85,465.035301105040770655
2026-08-13 15:08:00+00:00,44.85,44.87,44.85,44.87,4.395125728010486874
2026-08-13 15:09:00+00:00,44.87,44.87,44.84,44.84,495.50278771840320147
2026-08-13 15:10:00+00:00,44.84,44.86,44.84,44.86,4.086301645938467232
2026-08-13 15:11:00+00:00,44.86,44.87,44.84,44.87,5.716223539159698817
2026-08-13 15:12:00+00:00,44.87,44.88,44.86,44.86,8.335057500705831592
2026-08-13 15:13:00+00:00,44.86,44.88,44.86,44.86,3.943908668521516329
2026-08-13 15:14:00+00:00,44.86,44.88,44.86,44.86,3.177996627257071511
2026-08-13 15:15:00+00:00,44.86,44.88,44.85,44.86,12.792351800849491299
2026-08-13 15:16:00+00:00,44.86,44.87,44.85,44.85,5.135856607658413045
2026-08-13 15:17:00+00:00,44.85,44.87,44.85,44.87,3.823769129647173459
2026-08-13 15:18:00+00:00,44.87,44.87,44.85,44.87,3.598349807284216829
2026-08-13 15:19:00+00:00,44.87,44.88,44.85,44.88,7.809610106691443381
2026-08-13 15:20:00+00:00,44.88,44.88,44.85,44.85,460.590652675002442862
2026-08-13 15:21:00+00:00,44.85,44.87,44.85,44.87,5.185062853562123359
2026-08-13 15:22:00+00:00,44.87,44.88,44.85,44.88,5.271094374913934337
2026-08-13 15:23:00+00:00,44.88,44.88,44.86,44.88,466.234632469633990675
2026-08-13 15:24:00+00:00,44.88,44.88,44.85,44.87,467.770688604137678354
2026-08-13 15:25:00+00:00,44.87,44.87,44.84,44.84,494.76734439489380817
2026-08-13 15:26:00+00:00,44.84,44.86,44.84,44.86,5.254401168194923605
2026-08-13 15:27:00+00:00,44.86,44.86,44.83,44.83,7.637145359833040573
2026-08-13 15:28:00+00:00,44.83,44.86,44.81,44.83,2013.362515930294760476
2026-08-13 15:29:00+00:00,44.83,44.83,44.79,44.81,415.304786751609685089
2026-08-13 15:30:00+00:00,44.81,44.83,44.79,44.81,496.131112226961987024
2026-08-13 15:31:00+00:00,44.81,44.82,44.78,44.82,7.289056881533607383
2026-08-13 15:32:00+00:00,44.82,44.82,44.79,44.79,495.014539942350014347
2026-08-13 15:33:00+00:00,44.79,44.82,44.79,44.8,487.283406281088333685
2026-08-13 15:34:00+00:00,44.8,44.82,44.77,44.79,987.036260806148358466
2026-08-13 15:35:00+00:00,44.79,44.81,44.78,44.81,7.224511683996015264
2026-08-13 15:36:00+00:00,44.81,44.83,44.8,44.82,6.425701592917953042
2026-08-13 15:37:00+00:00,44.82,44.84,44.81,44.83,958.068476131939206325
2026-08-13 15:38:00+00:00,44.83,44.83,44.81,44.83,3.946602745286403444
2026-08-13 15:39:00+00:00,44.83,44.83,44.81,44.81,2.590307040562818506
2026-08-13 15:40:00+00:00,44.81,44.83,44.81,44.81,3.413992477122156982
2026-08-13 15:41:00+00:00,44.81,44.83,44.8,44.8,471.007771486424556533
2026-08-13 15:42:00+00:00,44.8,44.82,44.8,44.8,5.956360297994776092
2026-08-13 15:43:00+00:00,44.8,44.82,44.8,44.8,3.811864362210747749
2026-08-13 15:44:00+00:00,44.8,44.82,44.8,44.82,4.107710504717281821
2026-08-13 15:45:00+00:00,44.82,44.82,44.8,44.82,3.854021940938356597
2026-08-13 15:46:00+00:00,44.82,44.82,44.79,44.81,486.320440191440994399
2026-08-13 15:47:00+00:00,44.81,44.81,44.78,44.81,503.84832242210639243
2026-08-13 15:48:00+00:00,44.81,44.81,44.78,44.8,465.670147953969911881
2026-08-13 15:49:00+00:00,44.8,44.8,44.78,44.78,3.80202649460856249
2026-08-13 15:50:00+00:00,44.78,44.8,44.77,44.77,510.686169770979921936
2026-08-13 15:51:00+00:00,44.77,44.79,44.77,44.79,68.547352081036547937
2026-08-13 15:52:00+00:00,44.79,44.79,44.76,44.78,6.784493441436131213
2026-08-13 15:53:00+00:00,44.78,44.78,44.74,44.74,5863.223539026666921778
2026-08-13 15:54:00+00:00,44.74,44.76,44.73,44.74,1388.433979296325120354
2026-08-13 15:55:00+00:00,44.74,44.76,44.74,44.76,4.080819553987431295
2026-08-13 15:56:00+00:00,44.76,44.76,44.74,44.76,4.397235342079727448
2026-08-13 15:57:00+00:00,44.76,44.76,44.71,44.71,965.143293417823727377
2026-08-13 15:58:00+00:00,44.71,44.73,44.7,44.72,487.539401395663970582
2026-08-13 15:59:00+00:00,44.72,44.72,44.67,44.67,978.801764261667271647
2026-08-13 16:00:00+00:00,44.67,44.72,44.67,44.72,6.502012657420733855
2026-08-13 16:01:00+00:00,44.72,44.73,44.69,44.71,499.753379696904308351
2026-08-13 16:02:00+00:00,44.71,44.72,44.67,44.72,1424.42442822602817632
2026-08-13 16:03:00+00:00,44.72,44.72,44.7,44.72,3.973170380553321082
2026-08-13 16:04:00+00:00,44.72,44.72,44.7,44.72,4.066461232306011447
2026-08-13 16:05:00+00:00,44.72,44.72,44.7,44.72,10.366693340216830135
2026-08-13 16:06:00+00:00,44.72,44.75,44.72,44.74,5.561747092557029946
2026-08-13 16:07:00+00:00,44.74,44.74,44.7,44.7,453.916914449245470742
2026-08-13 16:08:00+00:00,44.7,44.74,44.7,44.74,7.430958756922629489
2026-08-13 16:09:00+00:00,44.74,44.75,44.72,44.72,466.911332087986430549
2026-08-13 16:10:00+00:00,44.72,44.74,44.72,44.72,5.116583373702398255
2026-08-13 16:11:00+00:00,44.72,44.75,44.72,44.73,5.982406946358897936
2026-08-13 16:12:00+00:00,44.73,44.75,44.73,44.73,3.737069193559869453
2026-08-13 16:13:00+00:00,44.73,44.75,44.72,44.73,498.708932589444829438
2026-08-13 16:14:00+00:00,44.73,44.76,44.72,44.74,13.689067957651389817
2026-08-13 16:15:00+00:00,44.74,44.78,44.74,44.77,4.721068603508861633
2026-08-13 16:16:00+00:00,44.77,44.79,44.77,44.77,6.185603463945879175
2026-08-13 16:17:00+00:00,44.77,44.79,44.77,44.79,3.415466304098100962
2026-08-13 16:18:00+00:00,44.79,44.79,44.77,44.79,4.339676288467617695
2026-08-13 16:19:00+00:00,44.79,44.79,44.77,44.79,4.01157194847141872
2026-08-13 16:20:00+00:00,44.79,44.79,44.76,44.78,931.421512565557260375
2026-08-13 16:21:00+00:00,44.78,44.81,44.78,44.81,10.965917378145352107
2026-08-13 16:22:00+00:00,44.81,44.82,44.8,44.82,6.353198797375095283
2026-08-13 16:23:00+00:00,44.82,44.82,44.8,44.8,3.602651777745904248
2026-08-13 16:24:00+00:00,44.8,44.82,44.8,44.8,4.143154104513291255
2026-08-13 16:25:00+00:00,44.8,44.82,44.8,44.8,4.0325966963090457
2026-08-13 16:26:00+00:00,44.8,44.82,44.8,44.8,3.531837887263339065
2026-08-13 16:27:00+00:00,44.8,44.8,44.77,44.77,474.165330096057132487
2026-08-13 16:28:00+00:00,44.77,44.78,44.76,44.78,495.341763391477103276
2026-08-13 16:29:00+00:00,44.78,44.78,44.74,44.76,450.163358817416087396
2026-08-13 16:30:00+00:00,44.76,44.77,44.74,44.75,925.249927387316648728
2026-08-13 16:31:00+00:00,44.75,44.77,44.74,44.76,498.288077578277472567
2026-08-13 16:32:00+00:00,44.76,44.78,44.76,44.76,7.728188393775097227
2026-08-13 16:33:00+00:00,44.76,44.78,44.76,44.78,3.089047706571417962
2026-08-13 16:34:00+00:00,44.78,44.78,44.74,44.76,516.908752527147435315
2026-08-13 16:35:00+00:00,44.76,44.78,44.74,44.76,5.972281537742792994
2026-08-13 16:36:00+00:00,44.76,44.78,44.76,44.76,4.268099458338871274
2026-08-13 16:37:00+00:00,44.76,44.78,44.74,44.76,962.219979546247390743
2026-08-13 16:38:00+00:00,44.76,44.76,44.74,44.74,3.709097504277519636
2026-08-13 16:39:00+00:00,44.74,44.76,44.69,44.71,996.164416031411494938
2026-08-13 16:40:00+00:00,44.71,44.75,44.7,44.72,2787.159044301758052031
2026-08-13 16:41:00+00:00,44.72,44.72,44.68,44.68,1981.097034104439731787
2026-08-13 16:42:00+00:00,44.68,44.71,44.67,44.68,928.480581551204065198
2026-08-13 16:43:00+00:00,44.68,44.71,44.68,44.71,5.189271890469794494
2026-08-13 16:44:00+00:00,44.71,44.74,44.69,44.74,472.87303693874004727
2026-08-13 16:45:00+00:00,44.74,44.75,44.72,44.73,1493.245575783862993957
2026-08-13 16:46:00+00:00,44.73,44.73,44.71,44.71,393.094369900492926207
2026-08-13 16:47:00+00:00,44.71,44.74,44.71,44.74,8.534023781436785865
2026-08-13 16:48:00+00:00,44.74,44.75,44.73,44.73,5.429148901565769243
2026-08-13 16:49:00+00:00,44.73,44.76,44.73,44.74,465.903848132300230768
2026-08-13 16:50:00+00:00,44.74,44.78,44.74,44.78,5.681961963345192912
2026-08-13 16:51:00+00:00,44.78,44.78,44.75,44.76,467.202257494906521194
2026-08-13 16:52:00+00:00,44.76,44.76,44.73,44.74,1409.42389062306771242
2026-08-13 16:53:00+00:00,44.74,44.74,44.72,44.72,986.804796561957263643
2026-08-13 16:54:00+00:00,44.72,44.74,44.71,44.71,431.770239522050066563
2026-08-13 16:55:00+00:00,44.71,44.72,44.71,44.71,4.251866175740380558
2026-08-13 16:56:00+00:00,44.71,44.73,44.71,44.71,7.83331599353972193
2026-08-13 16:57:00+00:00,44.71,44.73,44.7,44.71,31.340876484601873252
2026-08-13 16:58:00+00:00,44.71,44.72,44.7,44.72,5.838067648387747325
2026-08-13 16:59:00+00:00,44.72,44.73,44.7,44.73,5.204203507601848317
2026-08-13 17:00:00+00:00,44.73,44.74,44.71,44.73,7.806674627793352148
2026-08-13 17:01:00+00:00,44.73,44.74,44.73,44.74,3.374009811613934332
2026-08-13 17:02:00+00:00,44.74,44.74,44.71,44.71,468.223389420767403232
2026-08-13 17:03:00+00:00,44.71,44.73,44.71,44.73,4.952712692498018284
2026-08-13 17:04:00+00:00,44.73,44.73,44.71,44.73,3.839239607730130374
2026-08-13 17:05:00+00:00,44.73,44.73,44.71,44.73,68.565625968963396586
2026-08-13 17:06:00+00:00,44.73,44.73,44.71,44.71,3.309887336644434808
2026-08-13 17:07:00+00:00,44.71,44.73,44.71,44.71,4.195761667097442874
2026-08-13 17:08:00+00:00,44.71,44.73,44.71,44.71,6.987533523945209342
2026-08-13 17:09:00+00:00,44.71,44.74,44.71,44.74,15.227800248544989832
2026-08-13 17:10:00+00:00,44.74,44.75,44.73,44.75,8.165360594302533329
2026-08-13 17:11:00+00:00,44.75,44.78,44.73,44.78,467.342388843547641172
2026-08-13 17:12:00+00:00,44.78,44.79,44.76,44.77,495.492820077607463285
2026-08-13 17:13:00+00:00,44.77,44.77,44.76,44.76,3.404046124537228602
2026-08-13 17:14:00+00:00,44.76,44.77,44.76,44.76,3.907766305511857541
2026-08-13 17:15:00+00:00,44.76,44.77,44.76,44.76,3.791638646379080201
2026-08-13 17:16:00+00:00,44.76,44.79,44.76,44.79,11.810842080456153146
2026-08-13 17:17:00+00:00,44.79,44.79,44.76,44.76,966.062317488440800963
2026-08-13 17:18:00+00:00,44.76,44.77,44.76,44.77,4.169233235184977805
2026-08-13 17:19:00+00:00,44.77,44.77,44.75,44.75,452.840156999195326503
2026-08-13 17:20:00+00:00,44.75,44.77,44.75,44.75,3.908319632435427251
2026-08-13 17:21:00+00:00,44.75,44.77,44.71,44.71,2001.375987286894452286
2026-08-13 17:22:00+00:00,44.71,44.72,44.68,44.68,465.650654999331084838
2026-08-13 17:23:00+00:00,44.68,44.71,44.68,44.7,6.4966238268459479
2026-08-13 17:24:00+00:00,44.7,44.73,44.7,44.72,5.703928219958624607
2026-08-13 17:25:00+00:00,44.72,44.73,44.72,44.72,6.3670217338617273
2026-08-13 17:26:00+00:00,44.72,44.73,44.7,44.7,467.339269679778135294
2026-08-13 17:27:00+00:00,44.7,44.71,44.7,44.7,3.722676332737397401
2026-08-13 17:28:00+00:00,44.7,44.71,44.7,44.7,3.639402137663700991
2026-08-13 17:29:00+00:00,44.7,44.71,44.7,44.71,3.94847762638369967
2026-08-13 17:30:00+00:00,44.71,44.72,44.7,44.72,10.937711224819542237
2026-08-13 17:31:00+00:00,44.72,44.72,44.7,44.72,3.731767357817771421
2026-08-13 17:32:00+00:00,44.72,44.74,44.7,44.72,7.929671765013443983
2026-08-13 17:33:00+00:00,44.72,44.74,44.72,44.72,3.883462720004990065
2026-08-13 17:34:00+00:00,44.72,44.74,44.7,44.72,482.823331054124303061
2026-08-13 17:35:00+00:00,44.72,44.72,44.7,44.7,6.488762638577632944
2026-08-13 17:36:00+00:00,44.7,44.72,44.69,44.69,466.349279456033479275
2026-08-13 17:37:00+00:00,44.69,44.7,44.67,44.7,946.060172271418554673
2026-08-13 17:38:00+00:00,44.7,44.7,44.68,44.68,466.079035778091517551
2026-08-13 17:39:00+00:00,44.68,44.7,44.67,44.69,467.116341356902329702
2026-08-13 17:40:00+00:00,44.69,44.69,44.67,44.69,152.523201665451976426
2026-08-13 17:41:00+00:00,44.69,44.71,44.69,44.71,9.100058165486070506
2026-08-13 17:42:00+00:00,44.71,44.71,44.69,44.69,3.425768915602846494
2026-08-13 17:43:00+00:00,44.69,44.71,44.69,44.69,3.935364054440193101
2026-08-13 17:44:00+00:00,44.69,44.72,44.69,44.72,9.197551505264790067
2026-08-13 17:45:00+00:00,44.72,44.75,44.71,44.75,6.26897597425714783
2026-08-13 17:46:00+00:00,44.75,44.75,44.71,44.73,496.219397723359566982
2026-08-13 17:47:00+00:00,44.73,44.73,44.71,44.71,3.47641518486399897
2026-08-13 17:48:00+00:00,44.71,44.73,44.71,44.71,4.165796273703254836
2026-08-13 17:49:00+00:00,44.71,44.73,44.71,44.71,3.873458959977714637
2026-08-13 17:50:00+00:00,44.71,44.73,44.71,44.73,3.692342249025853217
2026-08-13 17:51:00+00:00,44.73,44.75,44.71,44.75,496.019397774514635074
2026-08-13 17:52:00+00:00,44.75,44.75,44.73,44.75,4.087167873785231559
2026-08-13 17:53:00+00:00,44.75,44.75,44.73,44.73,3.707755164131905019
2026-08-13 17:54:00+00:00,44.73,44.75,44.73,44.73,3.893843268175158955
2026-08-13 17:55:00+00:00,44.73,44.75,44.73,44.73,4.341556856970500839
2026-08-13 17:56:00+00:00,44.73,44.75,44.71,44.73,504.764726985551873544
2026-08-13 17:57:00+00:00,44.73,44.73,44.71,44.73,2.060495306139378578
2026-08-13 17:58:00+00:00,44.73,44.73,44.71,44.73,4.188543797890101605
2026-08-13 17:59:00+00:00,44.73,44.73,44.71,44.71,3.572538138945754843
2026-08-13 18:00:00+00:00,44.71,44.73,44.71,44.71,3.456945490133074592
2026-08-13 18:01:00+00:00,44.71,44.73,44.71,44.71,4.220251742318520076
2026-08-13 18:02:00+00:00,44.71,44.73,44.71,44.73,3.613506986900152868
2026-08-13 18:03:00+00:00,44.73,44.73,44.71,44.73,3.960950898862195758
2026-08-13 18:04:00+00:00,44.73,44.74,44.71,44.72,18.913137559426848633
2026-08-13 18:05:00+00:00,44.72,44.73,44.71,44.71,4.38315271713934955
2026-08-13 18:06:00+00:00,44.71,44.73,44.71,44.71,4.193326963945756091
2026-08-13 18:07:00+00:00,44.71,44.74,44.71,44.72,7.509109422055016716
2026-08-13 18:08:00+00:00,44.72,44.74,44.7,44.71,466.216473622283362277
2026-08-13 18:09:00+00:00,44.71,44.71,44.7,44.71,3.900944285745022478
2026-08-13 18:10:00+00:00,44.71,44.71,44.7,44.71,4.222168771456320294
2026-08-13 18:11:00+00:00,44.71,44.71,44.7,44.7,3.794517749733930365
2026-08-13 18:12:00+00:00,44.7,44.71,44.7,44.7,4.202312516605897208
2026-08-13 18:13:00+00:00,44.7,44.72,44.7,44.7,13.631021973870845359
2026-08-13 18:14:00+00:00,44.7,44.72,44.7,44.72,3.882482130922508629
2026-08-13 18:15:00+00:00,44.72,44.73,44.7,44.73,8.4327297221985415
2026-08-13 18:16:00+00:00,44.73,44.73,44.71,44.73,465.199860076373840541
2026-08-13 18:17:00+00:00,44.73,44.73,44.71,44.71,3.820806036047293471
2026-08-13 18:18:00+00:00,44.71,44.73,44.71,44.71,4.025514587562653181
2026-08-13 18:19:00+00:00,44.71,44.74,44.7,44.7,980.899048633299634981
2026-08-13 18:20:00+00:00,44.7,44.71,44.68,44.69,19.393942006159423059
2026-08-13 18:21:00+00:00,44.69,44.71,44.68,44.71,6.340531341710788926
2026-08-13 18:22:00+00:00,44.71,44.71,44.7,44.7,3.700819909763992356
2026-08-13 18:23:00+00:00,44.7,44.71,44.69,44.71,468.749257397051102861
2026-08-13 18:24:00+00:00,44.71,44.71,44.68,44.68,6.923125720746501358
2026-08-13 18:25:00+00:00,44.68,44.69,44.68,44.69,3.917596260962568553
2026-08-13 18:26:00+00:00,44.69,44.69,44.68,44.69,3.508034879893779344
2026-08-13 18:27:00+00:00,44.69,44.69,44.65,44.67,503.760350645037056452
2026-08-13 18:28:00+00:00,44.67,44.67,44.65,44.67,2.514066824750171152
2026-08-13 18:29:00+00:00,44.67,44.67,44.65,44.65,3.878501315231694108
2026-08-13 18:30:00+00:00,44.65,44.67,44.65,44.65,2.714275692517806952
2026-08-13 18:31:00+00:00,44.65,44.67,44.65,44.67,3.702375774968908485
2026-08-13 18:32:00+00:00,44.67,44.67,44.65,44.67,4.166262909463476213
2026-08-13 18:33:00+00:00,44.67,44.68,44.65,44.68,13.979842018269676095
2026-08-13 18:34:00+00:00,44.68,44.68,44.67,44.67,3.896755186096629432
2026-08-13 18:35:00+00:00,44.67,44.68,44.66,44.66,19.366990605007789
2026-08-13 18:36:00+00:00,44.66,44.68,44.65,44.66,507.810383195263045842
2026-08-13 18:37:00+00:00,44.66,44.66,44.65,44.66,4.074478290370092503
2026-08-13 18:38:00+00:00,44.66,44.66,44.65,44.66,6.445764974964777113
2026-08-13 18:39:00+00:00,44.66,44.66,44.62,44.62,2844.680032658706461374
2026-08-13 18:40:00+00:00,44.62,44.64,44.62,44.62,6.165129947908716048
2026-08-13 18:41:00+00:00,44.62,44.64,44.62,44.64,3.682892975970722095
2026-08-13 18:42:00+00:00,44.64,44.64,44.62,44.64,26.656925473041094587
2026-08-13 18:43:00+00:00,44.64,44.64,44.61,44.63,3136.629542819560669068
2026-08-13 18:44:00+00:00,44.63,44.64,44.61,44.64,3.108286368705375965
2026-08-13 18:45:00+00:00,44.64,44.64,44.61,44.61,3.715658064500517646
2026-08-13 18:46:00+00:00,44.61,44.65,44.61,44.63,466.453403786874748972
2026-08-13 18:47:00+00:00,44.63,44.65,44.63,44.63,4.060464799662974824
2026-08-13 18:48:00+00:00,44.63,44.65,44.63,44.63,4.050750631232186801
2026-08-13 18:49:00+00:00,44.63,44.67,44.63,44.67,471.16741153980547071
2026-08-13 18:50:00+00:00,44.67,44.67,44.66,44.67,4.042033443039672626
2026-08-13 18:51:00+00:00,44.67,44.67,44.66,44.66,3.966685479053187067
2026-08-13 18:52:00+00:00,44.66,44.69,44.66,44.68,470.885268957352475664
2026-08-13 18:53:00+00:00,44.68,44.73,44.68,44.73,6.839312836566245381
2026-08-13 18:54:00+00:00,44.73,44.73,44.72,44.73,3.825043367939699411
2026-08-13 18:55:00+00:00,44.73,44.73,44.7,44.7,960.385088148784357236
2026-08-13 18:56:00+00:00,44.7,44.71,44.69,44.69,452.625737501340028387
2026-08-13 18:57:00+00:00,44.69,44.72,44.69,44.72,468.142288101343197051
2026-08-13 18:58:00+00:00,44.72,44.72,44.69,44.7,469.139616621488961397
2026-08-13 18:59:00+00:00,44.7,44.7,44.69,44.7,10.816804566233844424
2026-08-13 19:00:00+00:00,44.7,44.7,44.66,44.66,965.977975760282055793
2026-08-13 19:01:00+00:00,44.66,44.68,44.66,44.66,3.808574483584516611
2026-08-13 19:02:00+00:00,44.66,44.68,44.66,44.68,3.721007093884721763
2026-08-13 19:03:00+00:00,44.68,44.68,44.65,44.68,497.146086985283416606
2026-08-13 19:04:00+00:00,44.68,44.68,44.66,44.68,4.348467331606435729
2026-08-13 19:05:00+00:00,44.68,44.68,44.66,44.66,3.525784410693187275
2026-08-13 19:06:00+00:00,44.66,44.71,44.66,44.71,7.143095261779212018
2026-08-13 19:07:00+00:00,44.71,44.72,44.7,44.72,6.132798196102273492
2026-08-13 19:08:00+00:00,44.72,44.74,44.72,44.72,5.268832806658771965
2026-08-13 19:09:00+00:00,44.72,44.74,44.7,44.72,942.028954468057801638
2026-08-13 19:10:00+00:00,44.72,44.72,44.7,44.7,2.80885193678388621
2026-08-13 19:11:00+00:00,44.7,44.7,44.68,44.68,203.27816572389448666
2026-08-13 19:12:00+00:00,44.68,44.71,44.68,44.69,468.208068282912945685
2026-08-13 19:13:00+00:00,44.69,44.71,44.68,44.69,7.227678776926378015
2026-08-13 19:14:00+00:00,44.69,44.69,44.68,44.69,3.842364394086147617
2026-08-13 19:15:00+00:00,44.69,44.69,44.67,44.67,454.548966307499069958
2026-08-13 19:16:00+00:00,44.67,44.69,44.67,44.67,4.243282572985063429
2026-08-13 19:17:00+00:00,44.67,44.71,44.67,44.71,9.221716493539163174
2026-08-13 19:18:00+00:00,44.71,44.72,44.7,44.72,465.587254486202721685
2026-08-13 19:19:00+00:00,44.72,44.72,44.7,44.72,4.280990473160365458
2026-08-13 19:20:00+00:00,44.72,44.72,44.69,44.7,469.934393512441353086
2026-08-13 19:21:00+00:00,44.7,44.7,44.67,44.68,947.896981055559710324
2026-08-13 19:22:00+00:00,44.68,44.71,44.67,44.71,8.024994518372904732
2026-08-13 19:23:00+00:00,44.71,44.71,44.7,44.71,4.128315502790291091
2026-08-13 19:24:00+00:00,44.71,44.72,44.69,44.7,473.773553538819935906
2026-08-13 19:25:00+00:00,44.7,44.7,44.69,44.7,4.167618002816319025
2026-08-13 19:26:00+00:00,44.7,44.7,44.68,44.7,496.561710708742141597
2026-08-13 19:27:00+00:00,44.7,44.7,44.68,44.68,3.8442953721117006
2026-08-13 19:28:00+00:00,44.68,44.7,44.68,44.68,3.899560493812324874
2026-08-13 19:29:00+00:00,44.68,44.71,44.68,44.7,14.205690538112066739
2026-08-13 19:30:00+00:00,44.7,44.71,44.7,44.71,0.988600541295957992
2026-08-13 19:31:00+00:00,44.71,44.72,44.7,44.72,4.44850339972706134
2026-08-13 19:32:00+00:00,44.72,44.72,44.7,44.72,3.978798859820788954
2026-08-13 19:33:00+00:00,44.72,44.72,44.7,44.7,3.789781338920171441
2026-08-13 19:34:00+00:00,44.7,44.72,44.7,44.7,4.112510455311298133
2026-08-13 19:35:00+00:00,44.7,44.72,44.7,44.7,2.907638910566567812
2026-08-13 19:36:00+00:00,44.7,44.72,44.7,44.72,3.682429404137301744
2026-08-13 19:37:00+00:00,44.72,44.73,44.7,44.73,17.15082396535508446
2026-08-13 19:38:00+00:00,44.73,44.73,44.72,44.73,3.881351056048075367
2026-08-13 19:39:00+00:00,44.73,44.74,44.72,44.74,6.956239613882411115
2026-08-13 19:40:00+00:00,44.74,44.74,44.72,44.72,3.497051479308395232
2026-08-13 19:41:00+00:00,44.72,44.74,44.72,44.72,3.173647692531605783
2026-08-13 19:42:00+00:00,44.72,44.74,44.72,44.74,3.558522177030795295
2026-08-13 19:43:00+00:00,44.74,44.74,44.7,44.72,474.581963254552858209
2026-08-13 19:44:00+00:00,44.72,44.74,44.71,44.73,466.233387547181408283
2026-08-13 19:45:00+00:00,44.73,44.75,44.73,44.73,1.77988821819807735
2026-08-13 19:46:00+00:00,44.73,44.75,44.73,44.73,4.315204183511996865
2026-08-13 19:47:00+00:00,44.73,44.75,44.73,44.75,3.512337533581376522
2026-08-13 19:48:00+00:00,44.75,44.75,44.73,44.75,3.740144129831752771
2026-08-13 19:49:00+00:00,44.75,44.75,44.73,44.75,4.146097151499936922
2026-08-13 19:50:00+00:00,44.75,44.75,44.73,44.73,3.609618370683442673
2026-08-13 19:51:00+00:00,44.73,44.75,44.73,44.73,3.904702784053795142
2026-08-13 19:52:00+00:00,44.73,44.75,44.72,44.73,494.17450133115312067
2026-08-13 19:53:00+00:00,44.73,44.73,44.72,44.72,3.308913303914122776
2026-08-13 19:54:00+00:00,44.72,44.75,44.72,44.74,7.140147658056253484
2026-08-13 19:55:00+00:00,44.74,44.75,44.74,44.75,2.368707756547451067
2026-08-13 19:56:00+00:00,44.75,44.75,44.74,44.75,3.34237849474181053
2026-08-13 19:57:00+00:00,44.75,44.75,44.74,44.75,3.580885868194384432
2026-08-13 19:58:00+00:00,44.75,44.75,44.74,44.75,4.127550245615261855
2026-08-13 19:59:00+00:00,44.75,44.75,44.74,44.75,13.819281974979890249
2026-08-13 20:00:00+00:00,44.75,44.76,44.74,44.74,3.878780516402385258
2026-08-13 20:01:00+00:00,44.74,44.76,44.74,44.74,4.191504194825589448
2026-08-13 20:02:00+00:00,44.74,44.76,44.74,44.74,3.906931079900431562
2026-08-13 20:03:00+00:00,44.74,44.76,44.74,44.76,3.32579896636429406
2026-08-13 20:04:00+00:00,44.76,44.76,44.74,44.76,3.516231304452735151
2026-08-13 20:05:00+00:00,44.76,44.76,44.74,44.74,3.732435593517585264
2026-08-13 20:06:00+00:00,44.74,44.76,44.74,44.74,3.508658167156239421
2026-08-13 20:07:00+00:00,44.74,44.76,44.74,44.74,3.050594408443901669
2026-08-13 20:08:00+00:00,44.74,44.77,44.74,44.77,17.90737994491955006
2026-08-13 20:09:00+00:00,44.77,44.77,44.76,44.77,4.119643568967234571
2026-08-13 20:10:00+00:00,44.77,44.77,44.76,44.77,3.957193988018994104
2026-08-13 20:11:00+00:00,44.77,44.77,44.76,44.76,3.223654592043575709
2026-08-13 20:12:00+00:00,44.76,44.77,44.75,44.75,12.396815370788562489
2026-08-13 20:13:00+00:00,44.75,44.77,44.75,44.75,3.630711757049999807
2026-08-13 20:14:00+00:00,44.75,44.77,44.75,44.77,1.74325515265484793
2026-08-13 20:15:00+00:00,44.77,44.77,44.75,44.77,3.670535801233617381
2026-08-13 20:16:00+00:00,44.77,44.77,44.75,44.75,3.85840180288326555
2026-08-13 20:17:00+00:00,44.75,44.77,44.75,44.75,4.137343996565936632
2026-08-13 20:18:00+00:00,44.75,44.77,44.75,44.75,4.281961998195619318
2026-08-13 20:19:00+00:00,44.75,44.78,44.75,44.78,23.450707549312959487
2026-08-13 20:20:00+00:00,44.78,44.78,44.77,44.78,3.726445019020844262
2026-08-13 20:21:00+00:00,44.78,44.78,44.77,44.77,3.020298766869882217
2026-08-13 20:22:00+00:00,44.77,44.78,44.76,44.78,7.014380859678813202
2026-08-13 20:23:00+00:00,44.78,44.78,44.73,44.75,926.393819788730444528
2026-08-13 20:24:00+00:00,44.75,44.75,44.73,44.75,3.904614242875002962
2026-08-13 20:25:00+00:00,44.75,44.75,44.72,44.74,496.143447449016006489
2026-08-13 20:26:00+00:00,44.74,44.75,44.72,44.75,1.460819879569484069
2026-08-13 20:27:00+00:00,44.75,44.75,44.73,44.75,4.023109572394016484
2026-08-13 20:28:00+00:00,44.75,44.75,44.73,44.75,1.893327053569086771
2026-08-13 20:29:00+00:00,44.75,44.75,44.73,44.73,2.94193912825182004
2026-08-13 20:30:00+00:00,44.73,44.73,44.73,44.73,0
2026-08-13 20:31:00+00:00,44.73,44.75,44.73,44.73,1.616188118156487026
2026-08-13 20:32:00+00:00,44.73,44.75,44.73,44.75,3.555943552063467079
2026-08-13 20:33:00+00:00,44.75,44.75,44.73,44.75,3.048719145412512315
2026-08-13 20:34:00+00:00,44.75,44.75,44.73,44.75,3.69034727296116862
2026-08-13 20:35:00+00:00,44.75,44.75,44.73,44.75,14.909877804380597656
2026-08-13 20:36:00+00:00,44.75,44.75,44.73,44.75,0.707709327348323335
2026-08-13 20:37:00+00:00,44.75,44.75,44.73,44.73,3.766912476722532584
2026-08-13 20:38:00+00:00,44.73,44.75,44.73,44.73,4.016536512682550918
2026-08-13 20:39:00+00:00,44.73,44.75,44.73,44.75,2.469022147784284849
2026-08-13 20:40:00+00:00,44.75,44.75,44.73,44.75,3.754631261185986179
2026-08-13 20:41:00+00:00,44.75,44.75,44.72,44.73,495.933037503694398545
2026-08-13 20:42:00+00:00,44.73,44.73,44.72,44.73,4.407258788269269756
2026-08-13 20:43:00+00:00,44.73,44.73,44.72,44.72,3.760551212262643635
2026-08-13 20:44:00+00:00,44.72,44.73,44.72,44.72,4.164814503198879216
2026-08-13 20:45:00+00:00,44.72,44.73,44.7,44.7,497.750457879432348898
2026-08-13 20:46:00+00:00,44.7,44.73,44.7,44.72,6.19753237928568125
2026-08-13 20:47:00+00:00,44.72,44.73,44.72,44.73,4.088719411479811081
2026-08-13 20:48:00+00:00,44.73,44.73,44.72,44.73,4.176768347113089984
2026-08-13 20:49:00+00:00,44.73,44.73,44.72,44.73,4.272722570765479373
2026-08-13 20:50:00+00:00,44.73,44.73,44.71,44.71,472.192323338841179203
2026-08-13 20:51:00+00:00,44.71,44.73,44.71,44.73,2.893331989251545952
2026-08-13 20:52:00+00:00,44.73,44.73,44.71,44.73,4.064703672218454487
2026-08-13 20:53:00+00:00,44.73,44.73,44.71,44.73,17.707901930832491131
2026-08-13 20:54:00+00:00,44.73,44.74,44.71,44.71,472.535629882816341653
2026-08-13 20:55:00+00:00,44.71,44.73,44.71,44.73,127.030656930343962856
2026-08-13 20:56:00+00:00,44.73,44.73,44.71,44.73,3.979874385356348927
2026-08-13 20:57:00+00:00,44.73,44.74,44.71,44.73,7.267115052627751671
2026-08-13 20:58:00+00:00,44.73,44.74,44.73,44.74,3.042102053537136988
2026-08-13 20:59:00+00:00,44.74,44.74,44.73,44.74,1.974052620496235244
2026-08-13 21:00:00+00:00,44.74,44.74,44.72,44.74,6.546411685413645045
2026-08-13 21:01:00+00:00,44.74,44.74,44.72,44.74,26.033333833437883516
2026-08-13 21:02:00+00:00,44.74,44.74,44.71,44.72,387.306621954062472702
2026-08-13 21:03:00+00:00,44.72,44.73,44.71,44.73,4.885463744891953592
2026-08-13 21:04:00+00:00,44.73,44.73,44.71,44.73,3.627100954093056558
2026-08-13 21:05:00+00:00,44.73,44.73,44.71,44.71,3.631761297674963516
2026-08-13 21:06:00+00:00,44.71,44.73,44.71,44.71,3.997371235039652156
2026-08-13 21:07:00+00:00,44.71,44.74,44.71,44.74,10.999349521856715201
2026-08-13 21:08:00+00:00,44.74,44.74,44.72,44.74,467.749259145664729042
2026-08-13 21:09:00+00:00,44.74,44.74,44.72,44.72,3.005674887223576805
2026-08-13 21:10:00+00:00,44.72,44.75,44.72,44.75,3.008931709716974295
2026-08-13 21:11:00+00:00,44.75,44.75,44.74,44.75,3.833739095906079316
2026-08-13 21:12:00+00:00,44.75,44.75,44.74,44.75,3.619431536150520819
2026-08-13 21:13:00+00:00,44.75,44.75,44.74,44.75,4.434004744982181336
2026-08-13 21:14:00+00:00,44.75,44.75,44.74,44.74,3.725257060658353784
2026-08-13 21:15:00+00:00,44.74,44.75,44.74,44.74,4.211396593102793791
2026-08-13 21:16:00+00:00,44.74,44.75,44.74,44.74,2.817071217187823874
2026-08-13 21:17:00+00:00,44.74,44.75,44.74,44.75,3.562925701071117289
2026-08-13 21:18:00+00:00,44.75,44.76,44.74,44.76,20.142067538865853086
2026-08-13 21:19:00+00:00,44.76,44.76,44.74,44.76,4.047198699026806848
2026-08-13 21:20:00+00:00,44.76,44.76,44.74,44.74,3.899672779235243802
2026-08-13 21:21:00+00:00,44.74,44.76,44.74,44.74,4.509269783553311491
2026-08-13 21:22:00+00:00,44.74,44.76,44.73,44.73,488.028059684738365287
2026-08-13 21:23:00+00:00,44.73,44.74,44.73,44.73,4.040640630151544538
2026-08-13 21:24:00+00:00,44.73,44.74,44.72,44.72,481.076043400474143524
2026-08-13 21:25:00+00:00,44.72,44.74,44.72,44.74,3.76927380260267432
2026-08-13 21:26:00+00:00,44.74,44.74,44.72,44.74,3.952951479548302531
2026-08-13 21:27:00+00:00,44.74,44.74,44.72,44.74,4.020818415764148726
2026-08-13 21:28:00+00:00,44.74,44.74,44.72,44.72,3.575893864610714416
2026-08-13 21:29:00+00:00,44.72,44.74,44.72,44.72,4.08966412378257041
2026-08-13 21:30:00+00:00,44.72,44.74,44.72,44.74,1.969298113209056017
2026-08-13 21:31:00+00:00,44.74,44.74,44.72,44.74,2.962623952104906659
2026-08-13 21:32:00+00:00,44.74,44.74,44.72,44.74,4.065579630030956031
2026-08-13 21:33:00+00:00,44.74,44.74,44.72,44.74,3.560028085147898847
2026-08-13 21:34:00+00:00,44.74,44.74,44.72,44.72,4.012617684526698878
2026-08-13 21:35:00+00:00,44.72,44.74,44.71,44.71,484.766077940863207562
2026-08-13 21:36:00+00:00,44.71,44.72,44.71,44.72,3.795134076131251722
2026-08-13 21:37:00+00:00,44.72,44.72,44.7,44.72,495.611250873940942535
2026-08-13 21:38:00+00:00,44.72,44.72,44.7,44.72,3.817732107910818688
2026-08-13 21:39:00+00:00,44.72,44.72,44.7,44.7,2.739253900981698699
2026-08-13 21:40:00+00:00,44.7,44.72,44.7,44.7,3.918683291111884832
2026-08-13 21:41:00+00:00,44.7,44.72,44.7,44.7,2.494188317665374006
2026-08-13 21:42:00+00:00,44.7,44.71,44.7,44.71,2.744619168922066486
2026-08-13 21:43:00+00:00,44.71,44.71,44.68,44.69,534.856687659110578519
2026-08-13 21:44:00+00:00,44.69,44.7,44.68,44.7,4.736016942562602321
2026-08-13 21:45:00+00:00,44.7,44.7,44.68,44.68,3.69685105517936146
2026-08-13 21:46:00+00:00,44.68,44.72,44.68,44.72,8.155568305533078048
2026-08-13 21:47:00+00:00,44.72,44.72,44.7,44.72,3.903055362123958966
2026-08-13 21:48:00+00:00,44.72,44.72,44.7,44.7,3.623683551244031963
2026-08-13 21:49:00+00:00,44.7,44.72,44.68,44.68,471.357806715123609034
2026-08-13 21:50:00+00:00,44.68,44.7,44.68,44.68,3.884629210152633986
2026-08-13 21:51:00+00:00,44.68,44.71,44.68,44.69,457.615553768052269187
2026-08-13 21:52:00+00:00,44.69,44.72,44.68,44.72,1003.522533693321308591
2026-08-13 21:53:00+00:00,44.72,44.72,44.7,44.72,4.170818135612891344
2026-08-13 21:54:00+00:00,44.72,44.72,44.69,44.69,445.219708195763447826
2026-08-13 21:55:00+00:00,44.69,44.72,44.69,44.72,926.645121231987933872
2026-08-13 21:56:00+00:00,44.72,44.72,44.69,44.7,496.621929339175482172
2026-08-13 21:57:00+00:00,44.7,44.7,44.69,44.69,3.624181012323022676
2026-08-13 21:58:00+00:00,44.69,44.7,44.69,44.69,3.798000773912055351
2026-08-13 21:59:00+00:00,44.69,44.7,44.69,44.69,4.178401411062937666
2026-08-13 22:00:00+00:00,44.69,44.7,44.69,44.7,2.365202130711042961
2026-08-13 22:01:00+00:00,44.7,44.74,44.7,44.74,11.596166621522249686
2026-08-13 22:02:00+00:00,44.74,44.74,44.73,44.74,452.534280405846396686
2026-08-13 22:03:00+00:00,44.74,44.74,44.7,44.7,453.698119638255098626
2026-08-13 22:04:00+00:00,44.7,44.74,44.7,44.72,7.216099427886346358
2026-08-13 22:05:00+00:00,44.72,44.74,44.72,44.72,4.314955031375876355
2026-08-13 22:06:00+00:00,44.72,44.74,44.71,44.72,496.003478106339200574
2026-08-13 22:07:00+00:00,44.72,44.73,44.7,44.72,468.357706145974381674
2026-08-13 22:08:00+00:00,44.72,44.74,44.72,44.74,6.147882653043378225
2026-08-13 22:09:00+00:00,44.74,44.74,44.7,44.72,495.863055952337063933
2026-08-13 22:10:00+00:00,44.72,44.72,44.7,44.72,3.417539229928803828
2026-08-13 22:11:00+00:00,44.72,44.72,44.7,44.7,3.510918006347224386
2026-08-13 22:12:00+00:00,44.7,44.75,44.7,44.73,492.784126905631338331
2026-08-13 22:13:00+00:00,44.73,44.76,44.73,44.73,464.990289041364309415
2026-08-13 22:14:00+00:00,44.73,44.76,44.73,44.76,4.052242744035447923
2026-08-13 22:15:00+00:00,44.76,44.76,44.74,44.76,2.553955312453684336
2026-08-13 22:16:00+00:00,44.76,44.76,44.74,44.76,3.504349876937667456
2026-08-13 22:17:00+00:00,44.76,44.76,44.73,44.74,467.926848667426885528
2026-08-13 22:18:00+00:00,44.74,44.74,44.71,44.72,496.162645047896668604
2026-08-13 22:19:00+00:00,44.72,44.76,44.72,44.76,455.36216087182666002
2026-08-13 22:20:00+00:00,44.76,44.76,44.74,44.76,4.281537514136887814
2026-08-13 22:21:00+00:00,44.76,44.76,44.74,44.76,4.137307811232249236
2026-08-13 22:22:00+00:00,44.76,44.76,44.74,44.74,2.816740142529391339
2026-08-13 22:23:00+00:00,44.74,44.79,44.74,44.79,10.72022461023910172
2026-08-13 22:24:00+00:00,44.79,44.81,44.79,44.79,49.396479981853171092
2026-08-13 22:25:00+00:00,44.79,44.81,44.79,44.79,3.545692664106976642
2026-08-13 22:26:00+00:00,44.79,44.81,44.79,44.81,3.959277396528090942
2026-08-13 22:27:00+00:00,44.81,44.81,44.79,44.81,4.427525521540453674
2026-08-13 22:28:00+00:00,44.81,44.81,44.79,44.81,4.304915931168084893
2026-08-13 22:29:00+00:00,44.81,44.81,44.79,44.79,3.791749132640561848
2026-08-13 22:30:00+00:00,44.79,44.84,44.79,44.83,1963.211978685742561735
2026-08-13 22:31:00+00:00,44.83,44.83,44.81,44.83,3.66545581729246388
2026-08-13 22:32:00+00:00,44.83,44.83,44.8,44.81,450.434908853253419193
2026-08-13 22:33:00+00:00,44.81,44.82,44.8,44.81,6.461004819010725129
2026-08-13 22:34:00+00:00,44.81,44.82,44.8,44.82,96.642154143898185832
2026-08-13 22:35:00+00:00,44.82,44.83,44.8,44.83,6.857040137760357743
2026-08-13 22:36:00+00:00,44.83,44.83,44.8,44.8,958.8507779282221031
2026-08-13 22:37:00+00:00,44.8,44.83,44.79,44.83,461.027254061749869611
2026-08-13 22:38:00+00:00,44.83,44.83,44.8,44.81,912.135566429800127845
2026-08-13 22:39:00+00:00,44.81,44.83,44.8,44.83,465.254761822001933988
2026-08-13 22:40:00+00:00,44.83,44.83,44.81,44.81,2.79554851841042181
2026-08-13 22:41:00+00:00,44.81,44.83,44.81,44.81,3.860761079956748994
2026-08-13 22:42:00+00:00,44.81,44.83,44.81,44.81,3.248009547636206361
2026-08-13 22:43:00+00:00,44.81,44.83,44.81,44.83,3.302380457542424018
2026-08-13 22:44:00+00:00,44.83,44.83,44.81,44.83,10.791820995244527686
2026-08-13 22:45:00+00:00,44.83,44.83,44.81,44.83,4.022372922816902133
2026-08-13 22:46:00+00:00,44.83,44.83,44.81,44.81,3.54206309804954848
2026-08-13 22:47:00+00:00,44.81,44.83,44.81,44.81,3.878660936505252324
2026-08-13 22:48:00+00:00,44.81,44.84,44.81,44.84,21.271645971250662601
2026-08-13 22:49:00+00:00,44.84,44.84,44.8,44.82,480.66761856821761033
2026-08-13 22:50:00+00:00,44.82,44.82,44.79,44.82,972.029575658252228283
2026-08-13 22:51:00+00:00,44.82,44.82,44.8,44.8,3.4366993270701855
2026-08-13 22:52:00+00:00,44.8,44.82,44.8,44.8,4.114232106999426273
2026-08-13 22:53:00+00:00,44.8,44.82,44.8,44.82,3.737237033451265375
2026-08-13 22:54:00+00:00,44.82,44.82,44.8,44.82,3.489046184738955816
2026-08-13 22:55:00+00:00,44.82,44.82,44.8,44.82,4.122571326974564922
2026-08-13 22:56:00+00:00,44.82,44.82,44.79,44.79,445.471538365628922859
2026-08-13 22:57:00+00:00,44.79,44.81,44.79,44.79,3.374132641807469792
2026-08-13 22:58:00+00:00,44.79,44.82,44.79,44.81,7.112191927034467146
2026-08-13 22:59:00+00:00,44.81,44.82,44.81,44.82,1.007809148269539263
2026-08-13 23:00:00+00:00,44.82,44.82,44.79,44.8,37.907923532401773816
2026-08-13 23:01:00+00:00,44.8,44.8,44.77,44.79,2371.143761847986623761
2026-08-13 23:02:00+00:00,44.79,44.79,44.77,44.79,3.132399409090634807
2026-08-13 23:03:00+00:00,44.79,44.81,44.77,44.81,8.785439285124224937
2026-08-13 23:04:00+00:00,44.81,44.81,44.78,44.79,466.772598394324196793
2026-08-13 23:05:00+00:00,44.79,44.79,44.78,44.79,3.955967833014790569
2026-08-13 23:06:00+00:00,44.79,44.8,44.78,44.78,6.359412931585355311
2026-08-13 23:07:00+00:00,44.78,44.8,44.78,44.78,4.170975971814585587
2026-08-13 23:08:00+00:00,44.78,44.8,44.77,44.78,974.920678499011414095
2026-08-13 23:09:00+00:00,44.78,44.81,44.78,44.8,10.287970957136214025
2026-08-13 23:10:00+00:00,44.8,44.81,44.8,44.8,3.469718429201071184
2026-08-13 23:11:00+00:00,44.8,44.81,44.8,44.8,4.348834707853795384
2026-08-13 23:12:00+00:00,44.8,44.81,44.79,44.81,468.482250821797937339
2026-08-13 23:13:00+00:00,44.81,44.81,44.79,44.81,4.099167729550369172
2026-08-13 23:14:00+00:00,44.81,44.81,44.79,44.79,3.613504325449633559
2026-08-13 23:15:00+00:00,44.79,44.81,44.79,44.79,3.235282198425651622
2026-08-13 23:16:00+00:00,44.79,44.81,44.78,44.8,497.791573440287861062
2026-08-13 23:17:00+00:00,44.8,44.8,44.78,44.8,4.313565865660690354
2026-08-13 23:18:00+00:00,44.8,44.8,44.77,44.77,497.597970376815690009
2026-08-13 23:19:00+00:00,44.77,44.78,44.77,44.77,3.920555685188841217
2026-08-13 23:20:00+00:00,44.77,44.78,44.74,44.74,976.098228043882982979
2026-08-13 23:21:00+00:00,44.74,44.76,44.74,44.74,4.075779890803902033
2026-08-13 23:22:00+00:00,44.74,44.76,44.74,44.74,4.390447229010192134
2026-08-13 23:23:00+00:00,44.74,44.76,44.72,44.74,958.409073230843846077
2026-08-13 23:24:00+00:00,44.74,44.76,44.72,44.75,466.511731934984535135
2026-08-13 23:25:00+00:00,44.75,44.77,44.75,44.75,5.368578837833871273
2026-08-13 23:26:00+00:00,44.75,44.77,44.75,44.77,3.85662765993289101
2026-08-13 23:27:00+00:00,44.77,44.77,44.75,44.77,3.868143656653560152
2026-08-13 23:28:00+00:00,44.77,44.77,44.75,44.75,3.49423253051287586
2026-08-13 23:29:00+00:00,44.75,44.77,44.75,44.75,4.11285460759711648
2026-08-13 23:30:00+00:00,44.75,44.77,44.75,44.75,3.314950479358808454
2026-08-13 23:31:00+00:00,44.75,44.77,44.75,44.77,3.514894980302801527
2026-08-13 23:32:00+00:00,44.77,44.77,44.75,44.77,2.5984004452303081
2026-08-13 23:33:00+00:00,44.77,44.78,44.75,44.76,17.882567079391566791
2026-08-13 23:34:00+00:00,44.76,44.78,44.76,44.76,3.944635375568612465
2026-08-13 23:35:00+00:00,44.76,44.78,44.76,44.78,3.823869240983922586
2026-08-13 23:36:00+00:00,44.78,44.78,44.76,44.78,3.943247585953929861
2026-08-13 23:37:00+00:00,44.78,44.78,44.76,44.78,3.835234375904281915
2026-08-13 23:38:00+00:00,44.78,44.78,44.76,44.76,3.474125403471883787
2026-08-13 23:39:00+00:00,44.76,44.78,44.76,44.76,4.204734595626079394
2026-08-13 23:40:00+00:00,44.76,44.79,44.76,44.79,3.713875420904338969
2026-08-13 23:41:00+00:00,44.79,44.79,44.78,44.79,7.00952341635787114
2026-08-13 23:42:00+00:00,44.79,44.84,44.78,44.81,955.101251439430353008
2026-08-13 23:43:00+00:00,44.81,44.82,44.79,44.8,1567.603030518755563185
2026-08-13 23:44:00+00:00,44.8,44.8,44.79,44.8,3.895861042005549704
2026-08-13 23:45:00+00:00,44.8,44.82,44.79,44.79,468.454258175592937724
2026-08-13 23:46:00+00:00,44.79,44.81,44.79,44.79,6.099221669683796514
2026-08-13 23:47:00+00:00,44.79,44.82,44.79,44.82,5.560012384964446666
2026-08-13 23:48:00+00:00,44.82,44.82,44.8,44.82,464.980435991052000185
2026-08-13 23:49:00+00:00,44.82,44.82,44.79,44.8,500.632333842654610399
2026-08-13 23:50:00+00:00,44.8,44.82,44.79,44.81,6.704551960853349812
2026-08-13 23:51:00+00:00,44.81,44.83,44.81,44.83,6.966505679655418006
2026-08-13 23:52:00+00:00,44.83,44.84,44.81,44.84,6.082526824638395444
2026-08-13 23:53:00+00:00,44.84,44.84,44.82,44.82,4.865992779865499128
2026-08-13 23:54:00+00:00,44.82,44.84,44.82,44.82,4.105560909511770935
2026-08-13 23:55:00+00:00,44.82,44.84,44.82,44.84,3.577965932517860115
2026-08-13 23:56:00+00:00,44.84,44.84,44.82,44.84,4.169178537920141259
2026-08-13 23:57:00+00:00,44.84,44.84,44.82,44.84,3.771155501180059711
2026-08-13 23:58:00+00:00,44.84,44.84,44.79,44.79,950.153206556519336739
2026-08-13 23:59:00+00:00,44.79,44.81,44.79,44.81,3.755268462774457045
2026-08-14 00:00:00+00:00,44.81,44.84,44.79,44.82,1392.306189655622713046
2026-08-14 00:01:00+00:00,44.82,44.84,44.81,44.81,495.378242594090181626
2026-08-14 00:02:00+00:00,44.81,44.84,44.81,44.84,5.544048335124326505
2026-08-14 00:03:00+00:00,44.84,44.84,44.81,44.81,6.854179598018211866
2026-08-14 00:04:00+00:00,44.81,44.83,44.81,44.81,3.968999950866978785
2026-08-14 00:05:00+00:00,44.81,44.83,44.81,44.83,3.520200013709456976
2026-08-14 00:06:00+00:00,44.83,44.83,44.81,44.83,4.200787298173172537
2026-08-14 00:07:00+00:00,44.83,44.83,44.74,44.75,984.94148416807213496
2026-08-14 00:08:00+00:00,44.75,44.77,44.74,44.76,4.264473473603499031
2026-08-14 00:09:00+00:00,44.76,44.78,44.76,44.76,7.301420788276627033
2026-08-14 00:10:00+00:00,44.76,44.78,44.76,44.78,2.269577431677696657
2026-08-14 00:11:00+00:00,44.78,44.78,44.75,44.75,464.202140009034058937
2026-08-14 00:12:00+00:00,44.75,44.76,44.75,44.76,3.895284177313143715
2026-08-14 00:13:00+00:00,44.76,44.76,44.75,44.76,4.358952890899196704
2026-08-14 00:14:00+00:00,44.76,44.76,44.75,44.76,3.904147228421226049
2026-08-14 00:15:00+00:00,44.76,44.78,44.75,44.77,12.316749249981307264
2026-08-14 00:16:00+00:00,44.77,44.78,44.77,44.77,3.872833243365948707
2026-08-14 00:17:00+00:00,44.77,44.78,44.77,44.77,3.991996884877229181
2026-08-14 00:18:00+00:00,44.77,44.78,44.77,44.77,4.093511359683352044
2026-08-14 00:19:00+00:00,44.77,44.79,44.77,44.79,11.002616880710607404
2026-08-14 00:20:00+00:00,44.79,44.79,44.77,44.79,4.317752958573758666
2026-08-14 00:21:00+00:00,44.79,44.79,44.77,44.77,3.720065016387247398
2026-08-14 00:22:00+00:00,44.77,44.79,44.77,44.77,3.061713090593319535
2026-08-14 00:23:00+00:00,44.77,44.79,44.77,44.77,3.877506960110625697
2026-08-14 00:24:00+00:00,44.77,44.79,44.77,44.79,3.452768801748890643
2026-08-14 00:25:00+00:00,44.79,44.79,44.77,44.79,4.218760634281550063
2026-08-14 00:26:00+00:00,44.79,44.79,44.74,44.74,1447.424933133986510848
2026-08-14 00:27:00+00:00,44.74,44.75,44.72,44.72,2047.277905286390377804
2026-08-14 00:28:00+00:00,44.72,44.76,44.72,44.74,7.119395060241526924
2026-08-14 00:29:00+00:00,44.74,44.76,44.74,44.76,3.504048772712400867
2026-08-14 00:30:00+00:00,44.76,44.76,44.72,44.76,468.474336015155335505
2026-08-14 00:31:00+00:00,44.76,44.77,44.73,44.77,461.630129196830415908
2026-08-14 00:32:00+00:00,44.77,44.78,44.76,44.76,450.540374259448334807
2026-08-14 00:33:00+00:00,44.76,44.78,44.75,44.76,466.739248646048973642
2026-08-14 00:34:00+00:00,44.76,44.77,44.75,44.77,7.073138306098818704
2026-08-14 00:35:00+00:00,44.77,44.8,44.77,44.8,6.70729393118569791
2026-08-14 00:36:00+00:00,44.8,44.8,44.78,44.78,4.04618056330951317
2026-08-14 00:37:00+00:00,44.78,44.8,44.78,44.78,3.971433984798698393
2026-08-14 00:38:00+00:00,44.78,44.8,44.78,44.78,3.668868505949722447
2026-08-14 00:39:00+00:00,44.78,44.8,44.78,44.8,4.251851950807120521
2026-08-14 00:40:00+00:00,44.8,44.8,44.78,44.8,4.642815271485995019
2026-08-14 00:41:00+00:00,44.8,44.8,44.78,44.8,16.653433886091878841
2026-08-14 00:42:00+00:00,44.8,44.81,44.8,44.81,3.799030539659514771
2026-08-14 00:43:00+00:00,44.81,44.81,44.75,44.75,1636.97545810543996639
2026-08-14 00:44:00+00:00,44.75,44.78,44.75,44.78,4.170237352778551017
2026-08-14 00:45:00+00:00,44.78,44.78,44.75,44.75,5.7086003729687245
2026-08-14 00:46:00+00:00,44.75,44.76,44.73,44.73,498.874574303334693671
2026-08-14 00:47:00+00:00,44.73,44.75,44.73,44.73,4.006339639325712181
2026-08-14 00:48:00+00:00,44.73,44.75,44.73,44.75,3.77578216661858175
2026-08-14 00:49:00+00:00,44.75,44.75,44.73,44.75,4.251440236702649161
2026-08-14 00:50:00+00:00,44.75,44.76,44.73,44.76,9.791340770711507737
2026-08-14 00:51:00+00:00,44.76,44.76,44.75,44.75,3.599824489143838518
2026-08-14 00:52:00+00:00,44.75,44.76,44.75,44.75,8.699062840425160125
2026-08-14 00:53:00+00:00,44.75,44.76,44.74,44.76,4.084812877741038175
2026-08-14 00:54:00+00:00,44.76,44.76,44.73,44.74,504.62009952088874009
2026-08-14 00:55:00+00:00,44.74,44.74,44.72,44.72,1033.3375784305026809
2026-08-14 00:56:00+00:00,44.72,44.74,44.72,44.72,3.969481182471093163
2026-08-14 00:57:00+00:00,44.72,44.74,44.72,44.72,3.841936025919584667
2026-08-14 00:58:00+00:00,44.72,44.74,44.72,44.74,3.937950755827948075
2026-08-14 00:59:00+00:00,44.74,44.74,44.71,44.72,301.333068346147881377
2026-08-14 01:00:00+00:00,44.72,44.72,44.7,44.7,7.412437975960363122
2026-08-14 01:01:00+00:00,44.7,44.73,44.7,44.72,469.270833696189314731
2026-08-14 01:02:00+00:00,44.72,44.73,44.71,44.71,465.776836312874477401
2026-08-14 01:03:00+00:00,44.71,44.73,44.71,44.71,4.171206157894707885
2026-08-14 01:04:00+00:00,44.71,44.73,44.71,44.73,3.617718978199823453
2026-08-14 01:05:00+00:00,44.73,44.73,44.71,44.73,3.613742606237589551
2026-08-14 01:06:00+00:00,44.73,44.75,44.73,44.75,949.287191843389309053
2026-08-14 01:07:00+00:00,44.75,44.75,44.73,44.73,3.621318555654223284
2026-08-14 01:08:00+00:00,44.73,44.75,44.73,44.75,9.334078132357147214
2026-08-14 01:09:00+00:00,44.75,44.76,44.74,44.76,464.596815858244205226
2026-08-14 01:10:00+00:00,44.76,44.76,44.74,44.76,3.295203455333027322
2026-08-14 01:11:00+00:00,44.76,44.76,44.73,44.74,473.102224643756908231
2026-08-14 01:12:00+00:00,44.74,44.74,44.73,44.73,3.480662897566194861
2026-08-14 01:13:00+00:00,44.73,44.75,44.73,44.73,6.652028789561745353
2026-08-14 01:14:00+00:00,44.73,44.75,44.73,44.74,8.810812191107903388
2026-08-14 01:15:00+00:00,44.74,44.74,44.73,44.74,4.082938374297840882
2026-08-14 01:16:00+00:00,44.74,44.74,44.73,44.74,4.13479181851152611
2026-08-14 01:17:00+00:00,44.74,44.74,44.71,44.71,501.541852980133068237
2026-08-14 01:18:00+00:00,44.71,44.73,44.71,44.71,4.2689514556960791
2026-08-14 01:19:00+00:00,44.71,44.73,44.71,44.71,4.046467792565177586
2026-08-14 01:20:00+00:00,44.71,44.73,44.69,44.72,496.700112301385075963
2026-08-14 01:21:00+00:00,44.72,44.76,44.71,44.73,17.106439071845235888
2026-08-14 01:22:00+00:00,44.73,44.75,44.72,44.74,466.231132536192672509
2026-08-14 01:23:00+00:00,44.74,44.76,44.74,44.74,4.807826589478587956
2026-08-14 01:24:00+00:00,44.74,44.76,44.74,44.74,4.005253599088847362
2026-08-14 01:25:00+00:00,44.74,44.76,44.74,44.76,3.745305085124937924
2026-08-14 01:26:00+00:00,44.76,44.77,44.72,44.77,993.430421159249927101
2026-08-14 01:27:00+00:00,44.77,44.78,44.75,44.75,957.238600625534332649
2026-08-14 01:28:00+00:00,44.75,44.76,44.73,44.73,944.797247155482942729
2026-08-14 01:29:00+00:00,44.73,44.76,44.72,44.75,5.457862337726066802
2026-08-14 01:30:00+00:00,44.75,44.76,44.72,44.74,1883.376114037422976436
2026-08-14 01:31:00+00:00,44.74,44.75,44.74,44.74,4.008717516226590375
2026-08-14 01:32:00+00:00,44.74,44.75,44.74,44.74,5.745388910473657692
2026-08-14 01:33:00+00:00,44.74,44.75,44.72,44.73,83.271977069470124333
2026-08-14 01:34:00+00:00,44.73,44.75,44.72,44.74,5.335191878935222274
2026-08-14 01:35:00+00:00,44.74,44.75,44.74,44.74,4.238879170277431612
2026-08-14 01:36:00+00:00,44.74,44.75,44.74,44.75,3.911629846437392453
2026-08-14 01:37:00+00:00,44.75,44.75,44.74,44.75,4.17574972966088361
2026-08-14 01:38:00+00:00,44.75,44.75,44.74,44.75,4.067228246129717818
2026-08-14 01:39:00+00:00,44.75,44.76,44.74,44.74,7.950478220193673331
2026-08-14 01:40:00+00:00,44.74,44.77,44.74,44.76,2.439868734394603302
2026-08-14 01:41:00+00:00,44.76,44.78,44.76,44.76,5.048289909118987977
2026-08-14 01:42:00+00:00,44.76,44.78,44.76,44.76,3.717492160062839232
2026-08-14 01:43:00+00:00,44.76,44.78,44.76,44.78,3.644824214579389412
2026-08-14 01:44:00+00:00,44.78,44.78,44.76,44.76,4.141873187195387952
2026-08-14 01:45:00+00:00,44.76,44.76,44.74,44.76,458.417911690632464475
2026-08-14 01:46:00+00:00,44.76,44.76,44.74,44.74,4.055710933152445082
2026-08-14 01:47:00+00:00,44.74,44.76,44.74,44.74,3.226808502946025548
2026-08-14 01:48:00+00:00,44.74,44.76,44.74,44.74,4.017492268905078809
2026-08-14 01:49:00+00:00,44.74,44.76,44.74,44.75,478.040304115114084527
2026-08-14 01:50:00+00:00,44.75,44.76,44.74,44.74,5.510502951962080253
2026-08-14 01:51:00+00:00,44.74,44.76,44.74,44.76,3.58561574910225019
2026-08-14 01:52:00+00:00,44.76,44.76,44.74,44.76,4.541822267311120988
2026-08-14 01:53:00+00:00,44.76,44.76,44.74,44.76,4.011799422579790766
2026-08-14 01:54:00+00:00,44.76,44.76,44.74,44.74,3.394048724773819777
2026-08-14 01:55:00+00:00,44.74,44.76,44.74,44.74,3.926939115605086755
2026-08-14 01:56:00+00:00,44.74,44.76,44.74,44.74,7.248256653575439141
2026-08-14 01:57:00+00:00,44.74,44.76,44.74,44.76,3.798440647841984845
2026-08-14 01:58:00+00:00,44.76,44.76,44.74,44.76,3.929458218130930646
2026-08-14 01:59:00+00:00,44.76,44.76,44.74,44.74,3.92505751631010349
2026-08-14 02:00:00+00:00,44.74,44.76,44.74,44.74,3.824274649319292116
2026-08-14 02:01:00+00:00,44.74,44.76,44.74,44.74,3.968852096693716006
2026-08-14 02:02:00+00:00,44.74,44.77,44.74,44.77,15.250693677034938587
2026-08-14 02:03:00+00:00,44.77,44.77,44.76,44.77,3.940186781290851479
2026-08-14 02:04:00+00:00,44.77,44.78,44.76,44.78,8.202829294697378447
2026-08-14 02:05:00+00:00,44.78,44.79,44.76,44.78,5.599664856218713929
2026-08-14 02:06:00+00:00,44.78,44.79,44.78,44.78,3.623505788164728033
2026-08-14 02:07:00+00:00,44.78,44.8,44.78,44.8,8.163474754849819359
2026-08-14 02:08:00+00:00,44.8,44.8,44.77,44.78,495.46403707809608881
2026-08-14 02:09:00+00:00,44.78,44.78,44.77,44.78,4.087199998842777676
2026-08-14 02:10:00+00:00,44.78,44.78,44.77,44.77,3.007794595632104254
2026-08-14 02:11:00+00:00,44.77,44.78,44.77,44.77,4.013040723351738815
2026-08-14 02:12:00+00:00,44.77,44.78,44.76,44.78,464.791244671621142081
2026-08-14 02:13:00+00:00,44.78,44.78,44.73,44.73,1434.761381891681008594
2026-08-14 02:14:00+00:00,44.73,44.74,44.73,44.74,6.672907444168312905
2026-08-14 02:15:00+00:00,44.74,44.77,44.74,44.77,4.844325304380246292
2026-08-14 02:16:00+00:00,44.77,44.77,44.75,44.77,3.77245412493152462
2026-08-14 02:17:00+00:00,44.77,44.77,44.75,44.75,3.4638784351552254
2026-08-14 02:18:00+00:00,44.75,44.77,44.75,44.75,4.261753004493481887
2026-08-14 02:19:00+00:00,44.75,44.77,44.75,44.75,3.943057454425661632
2026-08-14 02:20:00+00:00,44.75,44.77,44.75,44.77,3.37880018418159606
2026-08-14 02:21:00+00:00,44.77,44.77,44.75,44.77,1.955079910604542394
2026-08-14 02:22:00+00:00,44.77,44.77,44.75,44.77,2.743393134119391099
2026-08-14 02:23:00+00:00,44.77,44.77,44.75,44.75,3.54549306386584192
2026-08-14 02:24:00+00:00,44.75,44.77,44.73,44.75,480.4643305539902157
2026-08-14 02:25:00+00:00,44.75,44.75,44.72,44.75,467.282266639704756317
2026-08-14 02:26:00+00:00,44.75,44.76,44.75,44.76,3.480168312195286903
2026-08-14 02:27:00+00:00,44.76,44.76,44.72,44.73,495.471313533425441051
2026-08-14 02:28:00+00:00,44.73,44.74,44.73,44.73,0.693181095213810054
2026-08-14 02:29:00+00:00,44.73,44.74,44.73,44.73,3.860058398371153753
2026-08-14 02:30:00+00:00,44.73,44.79,44.73,44.79,468.597244547546548441
2026-08-14 02:31:00+00:00,44.79,44.8,44.77,44.8,4.675458480347545979
2026-08-14 02:32:00+00:00,44.8,44.8,44.79,44.8,4.317646517079705286
2026-08-14 02:33:00+00:00,44.8,44.8,44.76,44.77,929.564431266590617677
2026-08-14 02:34:00+00:00,44.77,44.79,44.77,44.79,3.50920092040471995
2026-08-14 02:35:00+00:00,44.79,44.8,44.77,44.8,7.417044926531488812
2026-08-14 02:36:00+00:00,44.8,44.81,44.79,44.79,6.172173223588193231
2026-08-14 02:37:00+00:00,44.79,44.79,44.79,44.79,0
2026-08-14 02:38:00+00:00,44.79,44.81,44.79,44.79,3.359705454784431535
2026-08-14 02:39:00+00:00,44.79,44.81,44.79,44.81,2.890569185993761257
2026-08-14 02:40:00+00:00,44.81,44.81,44.79,44.81,4.216551230496214842
2026-08-14 02:41:00+00:00,44.81,44.81,44.79,44.81,3.83463543500056974
2026-08-14 02:42:00+00:00,44.81,44.81,44.79,44.79,3.591792689323216738
2026-08-14 02:43:00+00:00,44.79,44.81,44.79,44.79,4.037365111675159018
2026-08-14 02:44:00+00:00,44.79,44.81,44.79,44.81,4.052539787574726336
2026-08-14 02:45:00+00:00,44.81,44.82,44.79,44.82,9.847341684427057589
2026-08-14 02:46:00+00:00,44.82,44.83,44.81,44.81,5.335831280130227007
2026-08-14 02:47:00+00:00,44.81,44.83,44.81,44.81,3.95389166133977435
2026-08-14 02:48:00+00:00,44.81,44.84,44.81,44.83,7.485925834772183833
2026-08-14 02:49:00+00:00,44.83,44.84,44.83,44.84,3.582446965372007995
2026-08-14 02:50:00+00:00,44.84,44.84,44.81,44.83,501.549902178242595584
2026-08-14 02:51:00+00:00,44.83,44.83,44.81,44.83,6.340536672004708197
2026-08-14 02:52:00+00:00,44.83,44.83,44.81,44.81,3.43291556990595979
2026-08-14 02:53:00+00:00,44.81,44.83,44.81,44.81,1.993597384908635725
2026-08-14 02:54:00+00:00,44.81,44.83,44.81,44.83,2.52895104783012499
2026-08-14 02:55:00+00:00,44.83,44.83,44.81,44.83,4.047174395792023054
2026-08-14 02:56:00+00:00,44.83,44.83,44.8,44.83,471.894272432013648622
2026-08-14 02:57:00+00:00,44.83,44.83,44.81,44.81,3.548221675846211747
2026-08-14 02:58:00+00:00,44.81,44.83,44.81,44.81,3.910198078754508272
2026-08-14 02:59:00+00:00,44.81,44.83,44.81,44.83,0.372897613205442783
2026-08-14 03:00:00+00:00,44.83,44.83,44.8,44.8,8.344810528381738764
2026-08-14 03:01:00+00:00,44.8,44.81,44.8,44.8,3.814352265119392988
2026-08-14 03:02:00+00:00,44.8,44.81,44.8,44.8,4.28211695910511046
2026-08-14 03:03:00+00:00,44.8,44.81,44.8,44.81,3.330795621194248729
2026-08-14 03:04:00+00:00,44.81,44.81,44.8,44.81,4.115000109589696172
2026-08-14 03:05:00+00:00,44.81,44.82,44.8,44.8,12.654770409221964869
2026-08-14 03:06:00+00:00,44.8,44.83,44.8,44.82,1.626440632532857778
2026-08-14 03:07:00+00:00,44.82,44.82,44.82,44.82,0
2026-08-14 03:08:00+00:00,44.82,44.83,44.81,44.83,4.485208320607168406
2026-08-14 03:09:00+00:00,44.83,44.83,44.81,44.81,3.520326191489453842
2026-08-14 03:10:00+00:00,44.81,44.83,44.81,44.81,2.356381291758401133
2026-08-14 03:11:00+00:00,44.81,44.83,44.81,44.81,3.124323966714394222
2026-08-14 03:12:00+00:00,44.81,44.83,44.81,44.83,3.021835456349442406
2026-08-14 03:13:00+00:00,44.83,44.83,44.81,44.83,3.701886757794565526
2026-08-14 03:14:00+00:00,44.83,44.83,44.81,44.81,1.715586363281793108
2026-08-14 03:15:00+00:00,44.81,44.85,44.81,44.85,476.543745849232797991
2026-08-14 03:16:00+00:00,44.85,44.87,44.84,44.86,6.575939578924326067
2026-08-14 03:17:00+00:00,44.86,44.87,44.86,44.86,3.420385964664750523
2026-08-14 03:18:00+00:00,44.86,44.88,44.86,44.88,6.526696700921485198
2026-08-14 03:19:00+00:00,44.88,44.91,44.88,44.89,2191.96830206738793466
2026-08-14 03:20:00+00:00,44.89,44.91,44.88,44.88,492.785874897483639671
2026-08-14 03:21:00+00:00,44.88,44.89,44.87,44.89,4.530794451232544716
2026-08-14 03:22:00+00:00,44.89,44.89,44.87,44.89,2.291169097548359176
2026-08-14 03:23:00+00:00,44.89,44.89,44.87,44.89,4.261161972685825928
2026-08-14 03:24:00+00:00,44.89,44.89,44.87,44.87,2.856423628806527683
2026-08-14 03:25:00+00:00,44.87,44.89,44.87,44.89,10.443207532584789995
2026-08-14 03:26:00+00:00,44.89,44.9,44.86,44.88,1420.110581418099247975
2026-08-14 03:27:00+00:00,44.88,44.89,44.85,44.87,452.172516051924096371
2026-08-14 03:28:00+00:00,44.87,44.89,44.87,44.89,3.104514281325477628
2026-08-14 03:29:00+00:00,44.89,44.9,44.87,44.9,7.16531652252769678
2026-08-14 03:30:00+00:00,44.9,44.9,44.87,44.9,926.133056851088715419
2026-08-14 03:31:00+00:00,44.9,44.9,44.89,44.89,3.738363631763067449
2026-08-14 03:32:00+00:00,44.89,44.9,44.88,44.88,465.893287256471168663
2026-08-14 03:33:00+00:00,44.88,44.9,44.88,44.88,3.951721750453572798
2026-08-14 03:34:00+00:00,44.88,44.9,44.88,44.9,4.056495559552024895
2026-08-14 03:35:00+00:00,44.9,44.9,44.86,44.86,470.875676125414252412
2026-08-14 03:36:00+00:00,44.86,44.88,44.86,44.88,2.21730890041746038
2026-08-14 03:37:00+00:00,44.88,44.88,44.86,44.88,3.989554679124517307
2026-08-14 03:38:00+00:00,44.88,44.88,44.85,44.85,454.213480640137813392
2026-08-14 03:39:00+00:00,44.85,44.86,44.84,44.86,496.779154031032979127
2026-08-14 03:40:00+00:00,44.86,44.87,44.86,44.86,3.971163968907651276
2026-08-14 03:41:00+00:00,44.86,44.87,44.84,44.84,497.919566050057591996
2026-08-14 03:42:00+00:00,44.84,44.86,44.84,44.86,3.02358078637354473
2026-08-14 03:43:00+00:00,44.86,44.87,44.84,44.87,5.013065498241635032
2026-08-14 03:44:00+00:00,44.87,44.87,44.86,44.87,3.830429051440129062
2026-08-14 03:45:00+00:00,44.87,44.87,44.86,44.87,3.10199179956243533
2026-08-14 03:46:00+00:00,44.87,44.87,44.81,44.84,994.117930389599569685
2026-08-14 03:47:00+00:00,44.84,44.84,44.83,44.84,4.093377285345789411
2026-08-14 03:48:00+00:00,44.84,44.84,44.82,44.84,7.680457132258032284
2026-08-14 03:49:00+00:00,44.84,44.84,44.82,44.82,2.859500963513086936
2026-08-14 03:50:00+00:00,44.82,44.83,44.82,44.83,3.415770689270577734
2026-08-14 03:51:00+00:00,44.83,44.83,44.81,44.83,4.710594216379448343
2026-08-14 03:52:00+00:00,44.83,44.83,44.81,44.81,3.767301526364346087
2026-08-14 03:53:00+00:00,44.81,44.83,44.81,44.81,3.492237654681279264
2026-08-14 03:54:00+00:00,44.81,44.83,44.81,44.81,4.340781189151528473
2026-08-14 03:55:00+00:00,44.81,44.83,44.81,44.81,3.682334762339295314
2026-08-14 03:56:00+00:00,44.81,44.83,44.77,44.78,19.36016230758863817
2026-08-14 03:57:00+00:00,44.78,44.78,44.77,44.78,3.636851171133927228
2026-08-14 03:58:00+00:00,44.78,44.78,44.77,44.78,4.046404136151994361
2026-08-14 03:59:00+00:00,44.78,44.78,44.77,44.77,3.83846550624535926
2026-08-14 04:00:00+00:00,44.77,44.78,44.76,44.76,1023.936090183724142769
2026-08-14 04:01:00+00:00,44.76,44.78,44.76,44.78,2.209408543246478359
2026-08-14 04:02:00+00:00,44.78,44.79,44.76,44.79,15.924791585341820108
2026-08-14 04:03:00+00:00,44.79,44.8,44.78,44.8,5.373104619957345905
2026-08-14 04:04:00+00:00,44.8,44.81,44.78,44.8,5.129484869236892832
2026-08-14 04:05:00+00:00,44.8,44.81,44.8,44.81,3.567221019502980836
2026-08-14 04:06:00+00:00,44.81,44.81,44.78,44.79,465.789403476565361698
2026-08-14 04:07:00+00:00,44.79,44.79,44.78,44.79,4.216486375154921264
2026-08-14 04:08:00+00:00,44.79,44.79,44.78,44.79,1.583548066751086229
2026-08-14 04:09:00+00:00,44.79,44.8,44.78,44.8,7.799659851206350609
2026-08-14 04:10:00+00:00,44.8,44.8,44.78,44.8,4.085755419351751412
2026-08-14 04:11:00+00:00,44.8,44.8,44.78,44.78,3.6765482238563134
2026-08-14 04:12:00+00:00,44.78,44.8,44.78,44.78,3.357649101958782616
2026-08-14 04:13:00+00:00,44.78,44.78,44.78,44.78,0
2026-08-14 04:14:00+00:00,44.78,44.78,44.74,44.75,656.886795631024124069
2026-08-14 04:15:00+00:00,44.75,44.76,44.74,44.74,5.525281974202807776
2026-08-14 04:16:00+00:00,44.74,44.79,44.74,44.79,5.509021632800219294
2026-08-14 04:17:00+00:00,44.79,44.79,44.76,44.78,6.210714397015241097
2026-08-14 04:18:00+00:00,44.78,44.78,44.76,44.76,3.558748360069145507
2026-08-14 04:19:00+00:00,44.76,44.78,44.76,44.76,3.844548414829964062
2026-08-14 04:20:00+00:00,44.76,44.78,44.76,44.76,4.056215133383703701
2026-08-14 04:21:00+00:00,44.76,44.78,44.76,44.78,3.909276889777089139
2026-08-14 04:22:00+00:00,44.78,44.78,44.76,44.78,2.173589589617157217
2026-08-14 04:23:00+00:00,44.78,44.78,44.75,44.75,452.802981004891791485
2026-08-14 04:24:00+00:00,44.75,44.76,44.75,44.76,1.711005776306658476
2026-08-14 04:25:00+00:00,44.76,44.76,44.74,44.76,495.725133915765668505
2026-08-14 04:26:00+00:00,44.76,44.76,44.74,44.74,3.721994081183188094
2026-08-14 04:27:00+00:00,44.74,44.76,44.74,44.74,3.786285580913733319
2026-08-14 04:28:00+00:00,44.74,44.77,44.74,44.76,12.49065836834658691
2026-08-14 04:29:00+00:00,44.76,44.78,44.76,44.78,3.333157186139442824
2026-08-14 04:30:00+00:00,44.78,44.78,44.76,44.78,2.079219855905607033
2026-08-14 04:31:00+00:00,44.78,44.78,44.76,44.78,4.075045261492886876
2026-08-14 04:32:00+00:00,44.78,44.78,44.76,44.76,3.794060347060657182
2026-08-14 04:33:00+00:00,44.76,44.78,44.76,44.76,2.538764333304995006
2026-08-14 04:34:00+00:00,44.76,44.78,44.76,44.78,4.14927217404041843
2026-08-14 04:35:00+00:00,44.78,44.78,44.75,44.76,2.193491694999026461
2026-08-14 04:36:00+00:00,44.76,44.76,44.75,44.75,3.094992695992531236
2026-08-14 04:37:00+00:00,44.75,44.76,44.75,44.75,2.79419278485878752
2026-08-14 04:38:00+00:00,44.75,44.78,44.75,44.78,8.934550656480357914
2026-08-14 04:39:00+00:00,44.78,44.78,44.76,44.78,3.637153928190685786
2026-08-14 04:40:00+00:00,44.78,44.78,44.76,44.78,2.148796948321672708
2026-08-14 04:41:00+00:00,44.78,44.79,44.76,44.79,495.056406384820700469
2026-08-14 04:42:00+00:00,44.79,44.8,44.79,44.79,3.827096779016362066
2026-08-14 04:43:00+00:00,44.79,44.8,44.79,44.79,2.23759178248492967
2026-08-14 04:44:00+00:00,44.79,44.8,44.77,44.77,494.866859154938127583
2026-08-14 04:45:00+00:00,44.77,44.78,44.77,44.77,4.277831396299462397
2026-08-14 04:46:00+00:00,44.77,44.78,44.77,44.77,6.220588606168613467
2026-08-14 04:47:00+00:00,44.77,44.78,44.76,44.76,4.36957556573872623
2026-08-14 04:48:00+00:00,44.76,44.78,44.75,44.75,482.08548010218957118
2026-08-14 04:49:00+00:00,44.75,44.76,44.74,44.76,495.072260736538759943
2026-08-14 04:50:00+00:00,44.76,44.76,44.73,44.74,386.87873888938854667
2026-08-14 04:51:00+00:00,44.74,44.76,44.74,44.76,3.519491697237499311
2026-08-14 04:52:00+00:00,44.76,44.76,44.74,44.76,4.089510109647519592
2026-08-14 04:53:00+00:00,44.76,44.76,44.74,44.76,4.000552971532872078
2026-08-14 04:54:00+00:00,44.76,44.76,44.74,44.74,2.857349304071623432
2026-08-14 04:55:00+00:00,44.74,44.76,44.74,44.74,3.720405516452321282
2026-08-14 04:56:00+00:00,44.74,44.76,44.74,44.74,1.852920698001720191
2026-08-14 04:57:00+00:00,44.74,44.74,44.73,44.73,510.188303407091333571
2026-08-14 04:58:00+00:00,44.73,44.74,44.72,44.74,465.948620206679972516
2026-08-14 04:59:00+00:00,44.74,44.74,44.72,44.74,3.977304619495027116
2026-08-14 05:00:00+00:00,44.74,44.74,44.72,44.74,4.138126627870990643
2026-08-14 05:01:00+00:00,44.74,44.74,44.72,44.72,8.437419562306069249
2026-08-14 05:02:00+00:00,44.72,44.74,44.72,44.72,4.064040344810765114
2026-08-14 05:03:00+00:00,44.72,44.74,44.72,44.72,4.085143120698162223
2026-08-14 05:04:00+00:00,44.72,44.74,44.72,44.74,4.007346151447080844
2026-08-14 05:05:00+00:00,44.74,44.74,44.72,44.74,3.809737917268767343
2026-08-14 05:06:00+00:00,44.74,44.74,44.72,44.74,3.217255962296168756
2026-08-14 05:07:00+00:00,44.74,44.74,44.72,44.74,4.073271917730988739
2026-08-14 05:08:00+00:00,44.74,44.74,44.72,44.74,18.368880804457157728
2026-08-14 05:09:00+00:00,44.74,44.75,44.74,44.74,3.767434917574664787
2026-08-14 05:10:00+00:00,44.74,44.75,44.72,44.73,5.431115597236040518
2026-08-14 05:11:00+00:00,44.73,44.73,44.72,44.73,3.347200010838235529
2026-08-14 05:12:00+00:00,44.73,44.73,44.72,44.73,3.175011008207863755
2026-08-14 05:13:00+00:00,44.73,44.73,44.7,44.72,2213.691883963477003085
2026-08-14 05:14:00+00:00,44.72,44.72,44.7,44.7,3.598259045595162335
2026-08-14 05:15:00+00:00,44.7,44.72,44.68,44.68,1009.792096324811249408
2026-08-14 05:16:00+00:00,44.68,44.69,44.67,44.69,447.366023734130847813
2026-08-14 05:17:00+00:00,44.69,44.7,44.69,44.7,4.474791306554774795
2026-08-14 05:18:00+00:00,44.7,44.7,44.69,44.7,3.005660881348669402
2026-08-14 05:19:00+00:00,44.7,44.7,44.68,44.68,7.025540134903952962
2026-08-14 05:20:00+00:00,44.68,44.7,44.68,44.68,3.69227227573057426
2026-08-14 05:21:00+00:00,44.68,44.7,44.68,44.7,12.118297112551797601
2026-08-14 05:22:00+00:00,44.7,44.71,44.7,44.71,4.243258408525836643
2026-08-14 05:23:00+00:00,44.71,44.71,44.68,44.68,933.121696308150063331
2026-08-14 05:24:00+00:00,44.68,44.7,44.68,44.7,4.129657166377917462
2026-08-14 05:25:00+00:00,44.7,44.73,44.7,44.73,4.500750223352700422
2026-08-14 05:26:00+00:00,44.73,44.73,44.71,44.73,4.454493000899104705
2026-08-14 05:27:00+00:00,44.73,44.73,44.71,44.73,4.438931018952503256
2026-08-14 05:28:00+00:00,44.73,44.73,44.71,44.71,3.562391456520129243
2026-08-14 05:29:00+00:00,44.71,44.73,44.71,44.71,3.71369645342919116
2026-08-14 05:30:00+00:00,44.71,44.73,44.71,44.71,3.981712572210018973
2026-08-14 05:31:00+00:00,44.71,44.73,44.71,44.73,3.720397481186730208
2026-08-14 05:32:00+00:00,44.73,44.73,44.71,44.73,2.086942165430766459
2026-08-14 05:33:00+00:00,44.73,44.75,44.73,44.73,4.262043216024964616
2026-08-14 05:34:00+00:00,44.73,44.75,44.73,44.75,3.948801102081139843
2026-08-14 05:35:00+00:00,44.75,44.75,44.73,44.75,4.030392225482004371
2026-08-14 05:36:00+00:00,44.75,44.76,44.74,44.76,9.561777465703119919
2026-08-14 05:37:00+00:00,44.76,44.76,44.74,44.76,3.312094594405647481
2026-08-14 05:38:00+00:00,44.76,44.76,44.74,44.76,3.756513664692795585
2026-08-14 05:39:00+00:00,44.76,44.76,44.74,44.76,3.823418366388982429
2026-08-14 05:40:00+00:00,44.76,44.76,44.74,44.74,3.481455389355158167
2026-08-14 05:41:00+00:00,44.74,44.76,44.74,44.74,4.319079565260987617
2026-08-14 05:42:00+00:00,44.74,44.76,44.74,44.74,3.937506057239464792
2026-08-14 05:43:00+00:00,44.74,44.76,44.74,44.76,3.840679531384390313
2026-08-14 05:44:00+00:00,44.76,44.76,44.74,44.76,4.277652761282245182
2026-08-14 05:45:00+00:00,44.76,44.76,44.74,44.76,3.801300973193144937
2026-08-14 05:46:00+00:00,44.76,44.76,44.74,44.74,3.587063853790523575
2026-08-14 05:47:00+00:00,44.74,44.76,44.74,44.74,3.971676548006693818
2026-08-14 05:48:00+00:00,44.74,44.76,44.74,44.76,21.56860125806816304
2026-08-14 05:49:00+00:00,44.76,44.77,44.75,44.77,465.837794544157435725
2026-08-14 05:50:00+00:00,44.77,44.77,44.75,44.75,3.622138303407983444
2026-08-14 05:51:00+00:00,44.75,44.77,44.75,44.75,3.876166452245680272
2026-08-14 05:52:00+00:00,44.75,44.77,44.75,44.75,4.30786920610993744
2026-08-14 05:53:00+00:00,44.75,44.77,44.75,44.75,2.947765734985643564
2026-08-14 05:54:00+00:00,44.75,44.78,44.75,44.78,14.023650912957204221
2026-08-14 05:55:00+00:00,44.78,44.78,44.77,44.78,3.014750903406553247
2026-08-14 05:56:00+00:00,44.78,44.79,44.77,44.77,4.099689467103524666
2026-08-14 05:57:00+00:00,44.77,44.79,44.76,44.77,467.42706101524301625
2026-08-14 05:58:00+00:00,44.77,44.77,44.76,44.76,3.541849185280820663
2026-08-14 05:59:00+00:00,44.76,44.77,44.76,44.76,4.624504412683793617
2026-08-14 06:00:00+00:00,44.76,44.77,44.76,44.76,4.078266821204915277
2026-08-14 06:01:00+00:00,44.76,44.77,44.76,44.77,3.469011992184061396
2026-08-14 06:02:00+00:00,44.77,44.77,44.76,44.77,4.241490405833569367
2026-08-14 06:03:00+00:00,44.77,44.77,44.76,44.76,16.181069843024510315
2026-08-14 06:04:00+00:00,44.76,44.78,44.75,44.77,943.319486586886870669
2026-08-14 06:05:00+00:00,44.77,44.77,44.75,44.75,3.563012102827237409
2026-08-14 06:06:00+00:00,44.75,44.77,44.75,44.75,3.962949431170863365
2026-08-14 06:07:00+00:00,44.75,44.77,44.75,44.75,3.38830573146672689
2026-08-14 06:08:00+00:00,44.75,44.77,44.75,44.77,3.940178571294873981
2026-08-14 06:09:00+00:00,44.77,44.77,44.75,44.77,3.801406857894415022
2026-08-14 06:10:00+00:00,44.77,44.77,44.73,44.75,952.665036342783722408
2026-08-14 06:11:00+00:00,44.75,44.75,44.72,44.73,5.052151195191009487
2026-08-14 06:12:00+00:00,44.73,44.74,44.72,44.74,3.366304042923537569
2026-08-14 06:13:00+00:00,44.74,44.74,44.72,44.74,2.750776709879302634
2026-08-14 06:14:00+00:00,44.74,44.74,44.72,44.74,3.259100053739235154
2026-08-14 06:15:00+00:00,44.74,44.74,44.72,44.72,3.504969269874120634
2026-08-14 06:16:00+00:00,44.72,44.74,44.72,44.72,3.942749211704597339
2026-08-14 06:17:00+00:00,44.72,44.74,44.72,44.72,2.646821568146068355
2026-08-14 06:18:00+00:00,44.72,44.74,44.71,44.72,494.543212339550029624
2026-08-14 06:19:00+00:00,44.72,44.72,44.71,44.72,4.24863276115727312
2026-08-14 06:20:00+00:00,44.72,44.72,44.71,44.71,3.651924052200445802
2026-08-14 06:21:00+00:00,44.71,44.72,44.71,44.71,2.706306743637890611
2026-08-14 06:22:00+00:00,44.71,44.72,44.71,44.71,3.897985282014204833
2026-08-14 06:23:00+00:00,44.71,44.72,44.71,44.71,2.448061713751390891
2026-08-14 06:24:00+00:00,44.71,44.74,44.71,44.72,518.716288783672808143
2026-08-14 06:25:00+00:00,44.72,44.72,44.71,44.72,4.203702117882325727
2026-08-14 06:26:00+00:00,44.72,44.73,44.71,44.73,4.124111348604453452
2026-08-14 06:27:00+00:00,44.73,44.73,44.7,44.7,2.132904467089171366
2026-08-14 06:28:00+00:00,44.7,44.71,44.7,44.7,4.255347196474220888
2026-08-14 06:29:00+00:00,44.7,44.71,44.7,44.7,3.803088879515365482
2026-08-14 06:30:00+00:00,44.7,44.72,44.7,44.72,8.612465783072888208
2026-08-14 06:31:00+00:00,44.72,44.72,44.7,44.72,3.759363866844356928
2026-08-14 06:32:00+00:00,44.72,44.73,44.72,44.72,5.094165444865575876
2026-08-14 06:33:00+00:00,44.72,44.73,44.72,44.72,1.382540782360631687
2026-08-14 06:34:00+00:00,44.72,44.73,44.7,44.72,7.203008065571506117
2026-08-14 06:35:00+00:00,44.72,44.73,44.7,44.73,7.738774095047124977
2026-08-14 06:36:00+00:00,44.73,44.73,44.71,44.71,6.003174367225540834
2026-08-14 06:37:00+00:00,44.71,44.73,44.7,44.7,467.408918345198083818
2026-08-14 06:38:00+00:00,44.7,44.73,44.7,44.71,3.726641011105525765
2026-08-14 06:39:00+00:00,44.71,44.73,44.71,44.73,3.511899424079955261
2026-08-14 06:40:00+00:00,44.73,44.73,44.71,44.73,3.857631871899405074
2026-08-14 06:41:00+00:00,44.73,44.73,44.71,44.73,3.647863987523640807
2026-08-14 06:42:00+00:00,44.73,44.73,44.71,44.71,3.726591773109393701
2026-08-14 06:43:00+00:00,44.71,44.73,44.71,44.71,3.765006820665037462
2026-08-14 06:44:00+00:00,44.71,44.73,44.71,44.71,2.484481240683495587
2026-08-14 06:45:00+00:00,44.71,44.73,44.71,44.73,3.501423136597861974
2026-08-14 06:46:00+00:00,44.73,44.74,44.73,44.74,455.603780233679432164
2026-08-14 06:47:00+00:00,44.74,44.74,44.72,44.72,466.099163599791345112
2026-08-14 06:48:00+00:00,44.72,44.72,44.71,44.72,500.252082449448623184
2026-08-14 06:49:00+00:00,44.72,44.73,44.7,44.71,455.717265124088656761
2026-08-14 06:50:00+00:00,44.71,44.75,44.71,44.75,6.880501540310463294
2026-08-14 06:51:00+00:00,44.75,44.75,44.72,44.73,467.696141294579365375
2026-08-14 06:52:00+00:00,44.73,44.74,44.67,44.69,1439.277906340296999525
2026-08-14 06:53:00+00:00,44.69,44.72,44.67,44.7,4.558078465329109752
2026-08-14 06:54:00+00:00,44.7,44.72,44.7,44.7,4.324947553357105403
2026-08-14 06:55:00+00:00,44.7,44.72,44.7,44.7,4.100540434540746694
2026-08-14 06:56:00+00:00,44.7,44.74,44.7,44.72,1451.847620338829231724
2026-08-14 06:57:00+00:00,44.72,44.73,44.7,44.7,6.302062695928506678
2026-08-14 06:58:00+00:00,44.7,44.71,44.69,44.69,509.29197510993310402
2026-08-14 06:59:00+00:00,44.69,44.71,44.69,44.69,4.039091799623230161
2026-08-14 07:00:00+00:00,44.69,44.7,44.66,44.66,1249.734122212457853366
2026-08-14 07:01:00+00:00,44.66,44.68,44.66,44.66,4.267915536906522609
2026-08-14 07:02:00+00:00,44.66,44.69,44.66,44.68,8.476181184195941199
2026-08-14 07:03:00+00:00,44.68,44.7,44.68,44.7,5.614005112928450988
2026-08-14 07:04:00+00:00,44.7,44.7,44.68,44.7,3.986863422518370749
2026-08-14 07:05:00+00:00,44.7,44.7,44.68,44.7,4.428488560962469377
2026-08-14 07:06:00+00:00,44.7,44.71,44.7,44.7,8.87899685119665034
2026-08-14 07:07:00+00:00,44.7,44.71,44.69,44.71,6.109515137378261826
2026-08-14 07:08:00+00:00,44.71,44.71,44.68,44.69,503.246698763324011069
2026-08-14 07:09:00+00:00,44.69,44.7,44.68,44.7,48.392773226840042265
2026-08-14 07:10:00+00:00,44.7,44.7,44.67,44.68,468.538189731728180166
2026-08-14 07:11:00+00:00,44.68,44.7,44.68,44.68,2.567773177995549757
2026-08-14 07:12:00+00:00,44.68,44.7,44.68,44.7,3.631488016198710587
2026-08-14 07:13:00+00:00,44.7,44.7,44.68,44.7,1.809023941566075635
2026-08-14 07:14:00+00:00,44.7,44.7,44.68,44.7,3.131787476041410052
2026-08-14 07:15:00+00:00,44.7,44.7,44.68,44.68,3.730235019497335258
2026-08-14 07:16:00+00:00,44.68,44.7,44.68,44.68,4.099517513554002707
2026-08-14 07:17:00+00:00,44.68,44.7,44.68,44.7,3.943991736414453058
2026-08-14 07:18:00+00:00,44.7,44.7,44.68,44.7,4.1764179980332426
2026-08-14 07:19:00+00:00,44.7,44.7,44.68,44.7,4.36838266249281492
2026-08-14 07:20:00+00:00,44.7,44.7,44.68,44.68,3.658373659871139331
2026-08-14 07:21:00+00:00,44.68,44.7,44.68,44.68,3.429038782372886782
2026-08-14 07:22:00+00:00,44.68,44.7,44.68,44.68,3.662802058485997363
2026-08-14 07:23:00+00:00,44.68,44.7,44.68,44.7,3.851589137971435949
2026-08-14 07:24:00+00:00,44.7,44.7,44.68,44.7,3.861488136367186789
2026-08-14 07:25:00+00:00,44.7,44.7,44.68,44.7,4.173921167476802471
2026-08-14 07:26:00+00:00,44.7,44.7,44.68,44.7,3.995052233230989842
2026-08-14 07:27:00+00:00,44.7,44.7,44.68,44.68,3.865661687686135957
2026-08-14 07:28:00+00:00,44.68,44.7,44.68,44.68,3.853062333391414759
2026-08-14 07:29:00+00:00,44.68,44.7,44.68,44.68,4.34780141758745761
2026-08-14 07:30:00+00:00,44.68,44.7,44.68,44.7,2.703876214452662629
2026-08-14 07:31:00+00:00,44.7,44.7,44.68,44.7,1.204985609824974614
2026-08-14 07:32:00+00:00,44.7,44.7,44.67,44.67,456.942792002186931754
2026-08-14 07:33:00+00:00,44.67,44.69,44.67,44.67,6.259482518651430532
2026-08-14 07:34:00+00:00,44.67,44.69,44.67,44.67,3.910478508189866829
2026-08-14 07:35:00+00:00,44.67,44.69,44.66,44.67,537.135766483537629518
2026-08-14 07:36:00+00:00,44.67,44.68,44.66,44.68,6.487289231320601563
2026-08-14 07:37:00+00:00,44.68,44.68,44.66,44.68,4.243599747580545894
2026-08-14 07:38:00+00:00,44.68,44.68,44.63,44.63,5370.786020072758458425
2026-08-14 07:39:00+00:00,44.63,44.64,44.57,44.57,12472.011628081135048739
2026-08-14 07:40:00+00:00,44.57,44.61,44.57,44.61,4.935631266484837963
2026-08-14 07:41:00+00:00,44.61,44.63,44.59,44.63,4.502667615878481581
2026-08-14 07:42:00+00:00,44.63,44.63,44.61,44.63,3.425091053526710914
2026-08-14 07:43:00+00:00,44.63,44.63,44.61,44.61,3.143567617637520042
2026-08-14 07:44:00+00:00,44.61,44.63,44.61,44.61,1.669648437678542788
2026-08-14 07:45:00+00:00,44.61,44.64,44.61,44.63,8.814110280584752113
2026-08-14 07:46:00+00:00,44.63,44.64,44.62,44.62,6.323523873109045618
2026-08-14 07:47:00+00:00,44.62,44.64,44.61,44.62,502.680635824764065139
2026-08-14 07:48:00+00:00,44.62,44.63,44.61,44.63,4.919022520406336931
2026-08-14 07:49:00+00:00,44.63,44.65,44.61,44.63,10.51561247451646693
2026-08-14 07:50:00+00:00,44.63,44.67,44.63,44.67,480.346486019177994814
2026-08-14 07:51:00+00:00,44.67,44.67,44.65,44.67,4.110431606823812595
2026-08-14 07:52:00+00:00,44.67,44.67,44.65,44.67,4.077374851185663881
2026-08-14 07:53:00+00:00,44.67,44.67,44.65,44.67,4.251536746643483086
2026-08-14 07:54:00+00:00,44.67,44.67,44.65,44.65,2.367262976898399634
2026-08-14 07:55:00+00:00,44.65,44.67,44.65,44.65,3.594933275775495344
2026-08-14 07:56:00+00:00,44.65,44.67,44.65,44.65,3.309887183127932569
2026-08-14 07:57:00+00:00,44.65,44.67,44.63,44.64,500.099276747300817641
2026-08-14 07:58:00+00:00,44.64,44.64,44.61,44.62,959.917407308602570214
2026-08-14 07:59:00+00:00,44.62,44.62,44.61,44.61,3.750912701151902568
2026-08-14 08:00:00+00:00,44.61,44.65,44.61,44.65,468.162033128125691903
2026-08-14 08:01:00+00:00,44.65,44.65,44.63,44.65,3.677007250607771897
2026-08-14 08:02:00+00:00,44.65,44.65,44.63,44.65,4.149941359326491621
2026-08-14 08:03:00+00:00,44.65,44.65,44.56,44.56,10065.447929304085245924
2026-08-14 08:04:00+00:00,44.56,44.57,44.49,44.5,15486.05816868627364512
2026-08-14 08:05:00+00:00,44.5,44.51,44.47,44.48,5337.811277466757305942
2026-08-14 08:06:00+00:00,44.48,44.5,44.48,44.49,454.790564782895285133
2026-08-14 08:07:00+00:00,44.49,44.51,44.49,44.49,4.832859155181271685
2026-08-14 08:08:00+00:00,44.49,44.51,44.49,44.49,71.670534420526529284
2026-08-14 08:09:00+00:00,44.49,44.51,44.49,44.51,3.77772990166544131
2026-08-14 08:10:00+00:00,44.51,44.51,44.49,44.51,3.378495077818208698
2026-08-14 08:11:00+00:00,44.51,44.51,44.49,44.51,3.685146379757423541
2026-08-14 08:12:00+00:00,44.51,44.51,44.48,44.5,15.048161616596946875
2026-08-14 08:13:00+00:00,44.5,44.5,44.48,44.48,2.060671813111308702
2026-08-14 08:14:00+00:00,44.48,44.5,44.48,44.48,2.672723627839301589
2026-08-14 08:15:00+00:00,44.48,44.51,44.48,44.5,7.486233440687313416
2026-08-14 08:16:00+00:00,44.5,44.54,44.5,44.54,17.169716215770953797
2026-08-14 08:17:00+00:00,44.54,44.54,44.5,44.5,965.288578073387822712
2026-08-14 08:18:00+00:00,44.5,44.52,44.5,44.5,4.131924185065164494
2026-08-14 08:19:00+00:00,44.5,44.52,44.47,44.49,954.472001438184056414
2026-08-14 08:20:00+00:00,44.49,44.49,44.47,44.49,3.706319816880748723
2026-08-14 08:21:00+00:00,44.49,44.52,44.46,44.52,8416.461057117095502811
2026-08-14 08:22:00+00:00,44.52,44.52,44.49,44.5,467.976677765135068598
2026-08-14 08:23:00+00:00,44.5,44.5,44.48,44.5,498.634332441184119227
2026-08-14 08:24:00+00:00,44.5,44.5,44.47,44.48,455.534576786442666522
2026-08-14 08:25:00+00:00,44.48,44.48,44.47,44.47,3.258765655004667274
2026-08-14 08:26:00+00:00,44.47,44.48,44.46,44.46,498.872863803017903821
2026-08-14 08:27:00+00:00,44.46,44.48,44.46,44.48,10.25904781235740151
2026-08-14 08:28:00+00:00,44.48,44.5,44.48,44.5,4.793942092161845232
2026-08-14 08:29:00+00:00,44.5,44.5,44.48,44.5,4.770100042437959738
2026-08-14 08:30:00+00:00,44.5,44.5,44.48,44.48,4.087640307978336427
2026-08-14 08:31:00+00:00,44.48,44.5,44.48,44.48,5.785855598333480675
2026-08-14 08:32:00+00:00,44.48,44.5,44.48,44.48,3.84962980963543771
2026-08-14 08:33:00+00:00,44.48,44.52,44.48,44.52,14.589393409516988951
2026-08-14 08:34:00+00:00,44.52,44.56,44.5,44.55,5.282789399638702483
2026-08-14 08:35:00+00:00,44.55,44.56,44.54,44.56,467.418419764189979405
2026-08-14 08:36:00+00:00,44.56,44.56,44.53,44.53,473.604585082159842018
2026-08-14 08:37:00+00:00,44.53,44.57,44.53,44.57,6.994317425781859704
2026-08-14 08:38:00+00:00,44.57,44.57,44.54,44.57,504.664332346001667293
2026-08-14 08:39:00+00:00,44.57,44.57,44.56,44.57,4.367253652395179304
2026-08-14 08:40:00+00:00,44.57,44.57,44.56,44.56,3.761389785257008014
2026-08-14 08:41:00+00:00,44.56,44.57,44.55,44.55,6.866678750605496524
2026-08-14 08:42:00+00:00,44.55,44.57,44.54,44.54,512.841783942289277721
2026-08-14 08:43:00+00:00,44.54,44.55,44.54,44.55,3.676084383222536189
2026-08-14 08:44:00+00:00,44.55,44.55,44.54,44.55,3.642925760120790799
2026-08-14 08:45:00+00:00,44.55,44.55,44.54,44.55,4.012577851558543067
2026-08-14 08:46:00+00:00,44.55,44.56,44.54,44.56,13.294430748730191624
2026-08-14 08:47:00+00:00,44.56,44.58,44.56,44.58,8.08774918663187613
2026-08-14 08:48:00+00:00,44.58,44.62,44.56,44.62,1598.967933379434424449
2026-08-14 08:49:00+00:00,44.62,44.63,44.58,44.58,945.630843841598809027
2026-08-14 08:50:00+00:00,44.58,44.6,44.58,44.6,3.539391128358953616
2026-08-14 08:51:00+00:00,44.6,44.6,44.58,44.6,3.741893376546823661
2026-08-14 08:52:00+00:00,44.6,44.6,44.58,44.6,4.07077804400614001
2026-08-14 08:53:00+00:00,44.6,44.6,44.57,44.57,512.201124624445697129
2026-08-14 08:54:00+00:00,44.57,44.58,44.57,44.57,3.781490767719818694
2026-08-14 08:55:00+00:00,44.57,44.58,44.56,44.58,472.595452203233746236
2026-08-14 08:56:00+00:00,44.58,44.58,44.56,44.56,3.963039767533081547
2026-08-14 08:57:00+00:00,44.56,44.58,44.56,44.56,3.683571532991342288
2026-08-14 08:58:00+00:00,44.56,44.59,44.56,44.59,7.967340190687526101
2026-08-14 08:59:00+00:00,44.59,44.6,44.58,44.58,5.693436231270933112
2026-08-14 09:00:00+00:00,44.58,44.62,44.58,44.62,468.632810614957381788
2026-08-14 09:01:00+00:00,44.62,44.62,44.6,44.62,4.147156054213658733
2026-08-14 09:02:00+00:00,44.62,44.63,44.6,44.61,8.340999943039715138
2026-08-14 09:03:00+00:00,44.61,44.63,44.61,44.61,4.239375918251454843
2026-08-14 09:04:00+00:00,44.61,44.63,44.61,44.61,2.680607001411340335
2026-08-14 09:05:00+00:00,44.61,44.63,44.61,44.63,3.316789224088288151
2026-08-14 09:06:00+00:00,44.63,44.63,44.61,44.63,4.099316902034878618
2026-08-14 09:07:00+00:00,44.63,44.63,44.61,44.63,4.149399448291948692
2026-08-14 09:08:00+00:00,44.63,44.63,44.61,44.61,3.273564222766051262
2026-08-14 09:09:00+00:00,44.61,44.63,44.59,44.61,944.305399043755415649
2026-08-14 09:10:00+00:00,44.61,44.61,44.59,44.61,3.797992333346353899
2026-08-14 09:11:00+00:00,44.61,44.62,44.59,44.61,7.482968347835730972
2026-08-14 09:12:00+00:00,44.61,44.62,44.61,44.61,3.980346814681872101
2026-08-14 09:13:00+00:00,44.61,44.63,44.61,44.63,8.96800763238001095
2026-08-14 09:14:00+00:00,44.63,44.64,44.63,44.64,1.673559105452477838
2026-08-14 09:15:00+00:00,44.64,44.64,44.62,44.64,467.041877277530564305
2026-08-14 09:16:00+00:00,44.64,44.64,44.62,44.64,4.220225381918839932
2026-08-14 09:17:00+00:00,44.64,44.64,44.62,44.62,3.889707962017771731
2026-08-14 09:18:00+00:00,44.62,44.64,44.62,44.64,3.939676694395846079
2026-08-14 09:19:00+00:00,44.64,44.64,44.64,44.64,0
2026-08-14 09:20:00+00:00,44.64,44.64,44.62,44.64,3.365721759935352129
2026-08-14 09:21:00+00:00,44.64,44.64,44.62,44.64,3.886823779940203932
2026-08-14 09:22:00+00:00,44.64,44.64,44.62,44.64,4.285151775486827027
2026-08-14 09:23:00+00:00,44.64,44.64,44.62,44.62,3.426764291130678975
2026-08-14 09:24:00+00:00,44.62,44.64,44.62,44.64,3.574705849394890178
2026-08-14 09:25:00+00:00,44.64,44.64,44.62,44.62,2.232606858152234155
2026-08-14 09:26:00+00:00,44.62,44.66,44.62,44.65,983.598160774676586484
2026-08-14 09:27:00+00:00,44.65,44.72,44.65,44.7,497.708878789604134111
2026-08-14 09:28:00+00:00,44.7,44.72,44.68,44.7,959.211537610441242678
2026-08-14 09:29:00+00:00,44.7,44.7,44.68,44.68,4.155689356477781845
2026-08-14 09:30:00+00:00,44.68,44.7,44.67,44.67,454.705748570402456682
2026-08-14 09:31:00+00:00,44.67,44.68,44.66,44.66,495.272930311992510877
2026-08-14 09:32:00+00:00,44.66,44.68,44.65,44.65,816.976321980432187941
2026-08-14 09:33:00+00:00,44.65,44.68,44.65,44.68,5.988561367030494062
2026-08-14 09:34:00+00:00,44.68,44.69,44.67,44.69,455.447086539774038835
2026-08-14 09:35:00+00:00,44.69,44.69,44.66,44.66,496.384292014791547347
2026-08-14 09:36:00+00:00,44.66,44.67,44.64,44.64,946.587473695124864755
2026-08-14 09:37:00+00:00,44.64,44.65,44.64,44.64,4.14078370399804131
2026-08-14 09:38:00+00:00,44.64,44.65,44.64,44.65,3.476262653172624992
2026-08-14 09:39:00+00:00,44.65,44.65,44.61,44.62,176.111460785942756564
2026-08-14 09:40:00+00:00,44.62,44.62,44.59,44.59,798.340618172968095183
2026-08-14 09:41:00+00:00,44.59,44.61,44.58,44.58,1548.876150779363046027
2026-08-14 09:42:00+00:00,44.58,44.6,44.57,44.58,429.970501211532923471
2026-08-14 09:43:00+00:00,44.58,44.58,44.57,44.57,3.912422854628138491
2026-08-14 09:44:00+00:00,44.57,44.59,44.57,44.59,8.328299699493465407
2026-08-14 09:45:00+00:00,44.59,44.63,44.57,44.63,947.460016706722928943
2026-08-14 09:46:00+00:00,44.63,44.63,44.61,44.61,3.836620914005479706
2026-08-14 09:47:00+00:00,44.61,44.63,44.61,44.61,2.535137356680445551
2026-08-14 09:48:00+00:00,44.61,44.63,44.61,44.61,3.87479310194664913
2026-08-14 09:49:00+00:00,44.61,44.64,44.61,44.64,8.702518743319222877
2026-08-14 09:50:00+00:00,44.64,44.66,44.63,44.66,5.914376693203893006
2026-08-14 09:51:00+00:00,44.66,44.66,44.64,44.66,467.459940062454581812
2026-08-14 09:52:00+00:00,44.66,44.66,44.64,44.66,6.132160664544336848
2026-08-14 09:53:00+00:00,44.66,44.66,44.64,44.66,4.175027387332726593
2026-08-14 09:54:00+00:00,44.66,44.66,44.64,44.64,3.353049434035251604
2026-08-14 09:55:00+00:00,44.64,44.67,44.64,44.67,14.087864164855277602
2026-08-14 09:56:00+00:00,44.67,44.67,44.64,44.65,4.42954335173209378
2026-08-14 09:57:00+00:00,44.65,44.65,44.63,44.63,453.795408614994270815
2026-08-14 09:58:00+00:00,44.63,44.65,44.63,44.63,3.972010566411547574
2026-08-14 09:59:00+00:00,44.63,44.65,44.63,44.65,3.681495366029358218
2026-08-14 10:00:00+00:00,44.65,44.65,44.6,44.62,1439.365638010722497547
2026-08-14 10:01:00+00:00,44.62,44.63,44.6,44.63,6.471368625375915786
2026-08-14 10:02:00+00:00,44.63,44.64,44.62,44.62,3.993600369267201001
2026-08-14 10:03:00+00:00,44.62,44.66,44.62,44.66,12.904240066624006044
2026-08-14 10:04:00+00:00,44.66,44.66,44.64,44.66,4.227928598715584249
2026-08-14 10:05:00+00:00,44.66,44.66,44.64,44.64,3.933137599176253231
2026-08-14 10:06:00+00:00,44.64,44.66,44.64,44.64,2.591936286430168516
2026-08-14 10:07:00+00:00,44.64,44.66,44.64,44.64,4.112741981631025006
2026-08-14 10:08:00+00:00,44.64,44.66,44.64,44.66,3.680008651588184398
2026-08-14 10:09:00+00:00,44.66,44.66,44.63,44.63,476.497352514943658588
2026-08-14 10:10:00+00:00,44.63,44.65,44.63,44.65,6.591815592413908672
2026-08-14 10:11:00+00:00,44.65,44.66,44.65,44.66,4.071937721312552367
2026-08-14 10:12:00+00:00,44.66,44.66,44.64,44.64,468.107337768031923031
2026-08-14 10:13:00+00:00,44.64,44.66,44.63,44.64,467.141427688029468708
2026-08-14 10:14:00+00:00,44.64,44.64,44.63,44.63,3.412239263976125478
2026-08-14 10:15:00+00:00,44.63,44.64,44.62,44.62,496.765237173254421565
2026-08-14 10:16:00+00:00,44.62,44.67,44.62,44.67,13.373281052148270003
2026-08-14 10:17:00+00:00,44.67,44.67,44.66,44.67,3.917023811278228725
2026-08-14 10:18:00+00:00,44.67,44.67,44.66,44.66,3.533401956187440538
2026-08-14 10:19:00+00:00,44.66,44.67,44.66,44.66,2.476768015955390029
2026-08-14 10:20:00+00:00,44.66,44.67,44.65,44.67,7.567675888690759988
2026-08-14 10:21:00+00:00,44.67,44.67,44.64,44.64,498.519545611979989756
2026-08-14 10:22:00+00:00,44.64,44.65,44.64,44.65,2.26406972590478713
2026-08-14 10:23:00+00:00,44.65,44.65,44.64,44.65,3.434494736039366313
2026-08-14 10:24:00+00:00,44.65,44.65,44.64,44.65,4.118168109589920804
2026-08-14 10:25:00+00:00,44.65,44.65,44.63,44.63,470.887544256285889071
2026-08-14 10:26:00+00:00,44.63,44.65,44.62,44.63,498.14089245737289925
2026-08-14 10:27:00+00:00,44.63,44.63,44.62,44.62,3.524130599993793278
2026-08-14 10:28:00+00:00,44.62,44.63,44.62,44.62,3.768592510178565665
2026-08-14 10:29:00+00:00,44.62,44.65,44.62,44.65,8.920084800573990806
2026-08-14 10:30:00+00:00,44.65,44.66,44.64,44.66,6.350590168895860668
2026-08-14 10:31:00+00:00,44.66,44.66,44.64,44.66,3.996981324046118256
2026-08-14 10:32:00+00:00,44.66,44.66,44.64,44.64,3.823749341901455355
2026-08-14 10:33:00+00:00,44.64,44.66,44.63,44.64,2.404197000520511878
2026-08-14 10:34:00+00:00,44.64,44.64,44.63,44.63,3.618591920064376382
2026-08-14 10:35:00+00:00,44.63,44.64,44.63,44.63,4.573733633852857861
2026-08-14 10:36:00+00:00,44.63,44.65,44.63,44.64,8.724379634744399909
2026-08-14 10:37:00+00:00,44.64,44.65,44.61,44.61,1408.070191902354486824
2026-08-14 10:38:00+00:00,44.61,44.61,44.59,44.61,497.032904872403671515
2026-08-14 10:39:00+00:00,44.61,44.61,44.59,44.61,4.289607552414464009
2026-08-14 10:40:00+00:00,44.61,44.61,44.58,44.59,497.303875437917757197
2026-08-14 10:41:00+00:00,44.59,44.59,44.58,44.58,3.82396840622868584
2026-08-14 10:42:00+00:00,44.58,44.59,44.58,44.58,10.878434736265647897
2026-08-14 10:43:00+00:00,44.58,44.59,44.58,44.58,4.141488423864065905
2026-08-14 10:44:00+00:00,44.58,44.59,44.58,44.59,3.763989576130098551
2026-08-14 10:45:00+00:00,44.59,44.59,44.57,44.59,491.259387036886402659
2026-08-14 10:46:00+00:00,44.59,44.59,44.57,44.59,24.121232179331111066
2026-08-14 10:47:00+00:00,44.59,44.59,44.53,44.53,2336.365073933345893865
2026-08-14 10:48:00+00:00,44.53,44.55,44.53,44.53,5.879782529630447775
2026-08-14 10:49:00+00:00,44.53,44.55,44.53,44.55,3.745508240072204434
2026-08-14 10:50:00+00:00,44.55,44.55,44.53,44.55,3.759821863115522813
2026-08-14 10:51:00+00:00,44.55,44.55,44.53,44.55,4.08552734470991825
2026-08-14 10:52:00+00:00,44.55,44.57,44.53,44.56,504.9628172992257536
2026-08-14 10:53:00+00:00,44.56,44.57,44.53,44.53,997.889104902007714416
2026-08-14 10:54:00+00:00,44.53,44.55,44.53,44.53,4.336616044417526558
2026-08-14 10:55:00+00:00,44.53,44.55,44.53,44.55,3.938478519758555682
2026-08-14 10:56:00+00:00,44.55,44.55,44.51,44.52,656.712881461079936572
2026-08-14 10:57:00+00:00,44.52,44.52,44.51,44.52,6.913752408929981904
2026-08-14 10:58:00+00:00,44.52,44.53,44.51,44.51,10.599529083296147449
2026-08-14 10:59:00+00:00,44.51,44.53,44.5,44.53,500.230368911784878984
2026-08-14 11:00:00+00:00,44.53,44.55,44.52,44.54,131.958069452026517472
2026-08-14 11:01:00+00:00,44.54,44.55,44.54,44.54,4.446455111409459556
2026-08-14 11:02:00+00:00,44.54,44.55,44.54,44.54,3.743900089554931639
2026-08-14 11:03:00+00:00,44.54,44.55,44.54,44.54,4.359572767035721677
2026-08-14 11:04:00+00:00,44.54,44.57,44.54,44.55,474.322360733150756952
2026-08-14 11:05:00+00:00,44.55,44.57,44.54,44.54,497.686965146921662699
2026-08-14 11:06:00+00:00,44.54,44.55,44.52,44.52,494.389766408091174648
2026-08-14 11:07:00+00:00,44.52,44.53,44.52,44.52,4.167554722993816413
2026-08-14 11:08:00+00:00,44.52,44.54,44.52,44.54,5.982190984210053673
2026-08-14 11:09:00+00:00,44.54,44.55,44.52,44.53,474.45613550136208662
2026-08-14 11:10:00+00:00,44.53,44.54,44.52,44.54,25.057678632784009453
2026-08-14 11:11:00+00:00,44.54,44.55,44.52,44.55,4.867665820563166736
2026-08-14 11:12:00+00:00,44.55,44.55,44.47,44.5,966.36211023664617326
2026-08-14 11:13:00+00:00,44.5,44.51,44.49,44.51,4.818696059697347998
2026-08-14 11:14:00+00:00,44.51,44.51,44.48,44.48,6.081067916148564313
2026-08-14 11:15:00+00:00,44.48,44.49,44.48,44.48,4.142871690510032966
2026-08-14 11:16:00+00:00,44.48,44.53,44.48,44.53,503.976126180939457866
2026-08-14 11:17:00+00:00,44.53,44.54,44.53,44.53,4.023727463944883194
2026-08-14 11:18:00+00:00,44.53,44.54,44.53,44.53,8.036902963255096301
2026-08-14 11:19:00+00:00,44.53,44.55,44.53,44.55,3.659031606581572892
2026-08-14 11:20:00+00:00,44.55,44.55,44.51,44.54,957.685352890995934562
2026-08-14 11:21:00+00:00,44.54,44.55,44.53,44.55,22.208153359033134362
2026-08-14 11:22:00+00:00,44.55,44.55,44.53,44.53,3.195065700546649714
2026-08-14 11:23:00+00:00,44.53,44.55,44.53,44.53,4.267983359306063095
2026-08-14 11:24:00+00:00,44.53,44.55,44.53,44.55,3.500402316449924797
2026-08-14 11:25:00+00:00,44.55,44.55,44.52,44.52,480.534770176007254519
2026-08-14 11:26:00+00:00,44.52,44.55,44.52,44.55,5.785353862413102732
2026-08-14 11:27:00+00:00,44.55,44.55,44.54,44.55,3.150831782374964529
2026-08-14 11:28:00+00:00,44.55,44.55,44.52,44.52,472.022706952552183482
2026-08-14 11:29:00+00:00,44.52,44.53,44.52,44.52,454.366075426098560801
2026-08-14 11:30:00+00:00,44.52,44.54,44.52,44.52,4.875277905707509777
2026-08-14 11:31:00+00:00,44.52,44.54,44.52,44.54,4.302756237162876091
2026-08-14 11:32:00+00:00,44.54,44.54,44.52,44.54,3.111876702286848768
2026-08-14 11:33:00+00:00,44.54,44.54,44.52,44.52,2.773679221076303194
2026-08-14 11:34:00+00:00,44.52,44.54,44.52,44.52,2.004679248914026216
2026-08-14 11:35:00+00:00,44.52,44.54,44.52,44.52,3.180108242346340806
2026-08-14 11:36:00+00:00,44.52,44.56,44.52,44.55,436.807333403415736279
2026-08-14 11:37:00+00:00,44.55,44.57,44.55,44.55,6.271274168116702064
2026-08-14 11:38:00+00:00,44.55,44.58,44.55,44.58,24.858524994655316754
2026-08-14 11:39:00+00:00,44.58,44.58,44.55,44.56,502.98074782889695408
2026-08-14 11:40:00+00:00,44.56,44.56,44.53,44.54,468.645946442477862287
2026-08-14 11:41:00+00:00,44.54,44.54,44.52,44.52,453.978540967665984817
2026-08-14 11:42:00+00:00,44.52,44.54,44.52,44.54,3.810571607297679255
2026-08-14 11:43:00+00:00,44.54,44.54,44.52,44.54,4.080487148049483362
2026-08-14 11:44:00+00:00,44.54,44.54,44.52,44.54,3.931728599548706123
2026-08-14 11:45:00+00:00,44.54,44.54,44.52,44.52,7.027407261637863576
2026-08-14 11:46:00+00:00,44.52,44.54,44.52,44.52,10.680648556412338801
2026-08-14 11:47:00+00:00,44.52,44.54,44.52,44.52,3.882242023988048332
2026-08-14 11:48:00+00:00,44.52,44.54,44.52,44.54,3.336327593114157657
2026-08-14 11:49:00+00:00,44.54,44.54,44.52,44.54,3.791188362137307748
2026-08-14 11:50:00+00:00,44.54,44.55,44.52,44.54,22.786273151788839112
2026-08-14 11:51:00+00:00,44.54,44.55,44.54,44.55,3.898525594214862283
2026-08-14 11:52:00+00:00,44.55,44.55,44.54,44.55,3.90040716499929192
2026-08-14 11:53:00+00:00,44.55,44.55,44.54,44.55,4.196947557700439
2026-08-14 11:54:00+00:00,44.55,44.55,44.54,44.54,3.899921945594749061
2026-08-14 11:55:00+00:00,44.54,44.55,44.54,44.54,4.223035120954594082
2026-08-14 11:56:00+00:00,44.54,44.56,44.54,44.54,4.48675135069415239
2026-08-14 11:57:00+00:00,44.54,44.56,44.53,44.54,484.969463282016432264
2026-08-14 11:58:00+00:00,44.54,44.54,44.52,44.54,467.734933257750106019
2026-08-14 11:59:00+00:00,44.54,44.54,44.53,44.53,3.902867544077336796
2026-08-14 12:00:00+00:00,44.53,44.55,44.53,44.53,471.785423675163971216
2026-08-14 12:01:00+00:00,44.53,44.54,44.52,44.52,8.418454496451583089
2026-08-14 12:02:00+00:00,44.52,44.54,44.52,44.54,3.888900081132842012
2026-08-14 12:03:00+00:00,44.54,44.55,44.52,44.55,10.375186841701542627
2026-08-14 12:04:00+00:00,44.55,44.55,44.52,44.52,468.122371033489849487
2026-08-14 12:05:00+00:00,44.52,44.53,44.5,44.5,6.216177226414548502
2026-08-14 12:06:00+00:00,44.5,44.53,44.5,44.53,467.784326548394179505
2026-08-14 12:07:00+00:00,44.53,44.53,44.51,44.53,4.313724411781192239
2026-08-14 12:08:00+00:00,44.53,44.53,44.47,44.49,503.796826131769699272
2026-08-14 12:09:00+00:00,44.49,44.49,44.36,44.38,27720.142812277145691219
2026-08-14 12:10:00+00:00,44.38,44.38,44.32,44.34,6275.875059014487171883
2026-08-14 12:11:00+00:00,44.34,44.38,44.34,44.38,3.811404614530169346
2026-08-14 12:12:00+00:00,44.38,44.38,44.36,44.38,3.950044486281483258
2026-08-14 12:13:00+00:00,44.38,44.4,44.36,44.38,89.072407097720293754
2026-08-14 12:14:00+00:00,44.38,44.4,44.38,44.4,3.449626211384886458
2026-08-14 12:15:00+00:00,44.4,44.44,44.38,44.44,486.619182147408617332
2026-08-14 12:16:00+00:00,44.44,44.44,44.43,44.43,3.851139881037394754
2026-08-14 12:17:00+00:00,44.43,44.44,44.43,44.43,4.109738678121694677
2026-08-14 12:18:00+00:00,44.43,44.44,44.4,44.4,501.418865186540633589
2026-08-14 12:19:00+00:00,44.4,44.42,44.4,44.42,3.508079440313794204
2026-08-14 12:20:00+00:00,44.42,44.42,44.4,44.42,4.074089810206424339
2026-08-14 12:21:00+00:00,44.42,44.42,44.4,44.42,10.986400716339932902
2026-08-14 12:22:00+00:00,44.42,44.42,44.4,44.42,3.97567533089144975
2026-08-14 12:23:00+00:00,44.42,44.43,44.4,44.43,13.117675510351249037
2026-08-14 12:24:00+00:00,44.43,44.46,44.42,44.46,475.085347032774717121
2026-08-14 12:25:00+00:00,44.46,44.47,44.45,44.47,3.46061704115184387
2026-08-14 12:26:00+00:00,44.47,44.47,44.45,44.47,3.604055114316017441
2026-08-14 12:27:00+00:00,44.47,44.47,44.43,44.44,504.540852583397815754
2026-08-14 12:28:00+00:00,44.44,44.44,44.43,44.43,3.895866777764879792
2026-08-14 12:29:00+00:00,44.43,44.45,44.43,44.43,7.085064721156581577
2026-08-14 12:30:00+00:00,44.43,44.46,44.42,44.42,925.902501977215552689
2026-08-14 12:31:00+00:00,44.42,44.47,44.42,44.46,5.509604752061437016
2026-08-14 12:32:00+00:00,44.46,44.47,44.46,44.47,3.530567064626099097
2026-08-14 12:33:00+00:00,44.47,44.47,44.45,44.45,470.85261016103696636
2026-08-14 12:34:00+00:00,44.45,44.47,44.44,44.44,6.041989828068073773
2026-08-14 12:35:00+00:00,44.44,44.44,44.38,44.4,1430.173603672963350746
2026-08-14 12:36:00+00:00,44.4,44.42,44.4,44.42,4.986692214880047978
2026-08-14 12:37:00+00:00,44.42,44.42,44.39,44.39,471.308277295548847303
2026-08-14 12:38:00+00:00,44.39,44.4,44.38,44.4,499.629277274308665833
2026-08-14 12:39:00+00:00,44.4,44.4,44.37,44.4,457.725199569699236954
2026-08-14 12:40:00+00:00,44.4,44.4,44.38,44.4,3.893797678931748327
2026-08-14 12:41:00+00:00,44.4,44.4,44.37,44.39,470.335434406659569185
2026-08-14 12:42:00+00:00,44.39,44.39,44.37,44.37,3.50498265547709737
2026-08-14 12:43:00+00:00,44.37,44.39,44.37,44.37,3.339027732907903454
2026-08-14 12:44:00+00:00,44.37,44.39,44.37,44.39,3.285590863005965266
2026-08-14 12:45:00+00:00,44.39,44.39,44.37,44.39,4.213817230366834254
2026-08-14 12:46:00+00:00,44.39,44.39,44.37,44.37,3.722490756044308432
2026-08-14 12:47:00+00:00,44.37,44.39,44.37,44.37,2.770367691294046156
2026-08-14 12:48:00+00:00,44.37,44.39,44.36,44.36,1036.357473735092222245
2026-08-14 12:49:00+00:00,44.36,44.39,44.36,44.38,6.513584002225277811
2026-08-14 12:50:00+00:00,44.38,44.41,44.38,44.41,5.521864141044747915
2026-08-14 12:51:00+00:00,44.41,44.41,44.37,44.39,966.413550229661524998
2026-08-14 12:52:00+00:00,44.39,44.39,44.35,44.35,458.626275073807076571
2026-08-14 12:53:00+00:00,44.35,44.37,44.34,44.34,531.96453791992848444
2026-08-14 12:54:00+00:00,44.34,44.36,44.34,44.34,6.931718009536528594
2026-08-14 12:55:00+00:00,44.34,44.37,44.34,44.37,5.318451244395507531
2026-08-14 12:56:00+00:00,44.37,44.38,44.36,44.38,6.64949833858153833
2026-08-14 12:57:00+00:00,44.38,44.38,44.36,44.36,3.518160795506956678
2026-08-14 12:58:00+00:00,44.36,44.38,44.36,44.36,4.133051448044208732
2026-08-14 12:59:00+00:00,44.36,44.38,44.34,44.38,940.662481386185927427
2026-08-14 13:00:00+00:00,44.38,44.38,44.37,44.38,4.036556384038803521
2026-08-14 13:01:00+00:00,44.38,44.38,44.36,44.36,471.185499568061788248
2026-08-14 13:02:00+00:00,44.36,44.38,44.34,44.34,966.65305582279783483
2026-08-14 13:03:00+00:00,44.34,44.36,44.34,44.34,3.952060071103974407
2026-08-14 13:04:00+00:00,44.34,44.36,44.33,44.34,457.279986726306357433
2026-08-14 13:05:00+00:00,44.34,44.37,44.34,44.36,6.130755717625476941
2026-08-14 13:06:00+00:00,44.36,44.37,44.34,44.34,471.257904758259171548
2026-08-14 13:07:00+00:00,44.34,44.37,44.34,44.34,997.920760081067530454
2026-08-14 13:08:00+00:00,44.34,44.36,44.34,44.34,558.401303194773895947
2026-08-14 13:09:00+00:00,44.34,44.38,44.34,44.36,1654.188008378426317873
2026-08-14 13:10:00+00:00,44.36,44.36,44.34,44.36,4.243536999731153596
2026-08-14 13:11:00+00:00,44.36,44.36,44.33,44.36,440.069430094273918995
2026-08-14 13:12:00+00:00,44.36,44.39,44.35,44.37,8.545495710309738733
2026-08-14 13:13:00+00:00,44.37,44.41,44.37,44.39,5.563222413116955451
2026-08-14 13:14:00+00:00,44.39,44.41,44.39,44.41,7.022842663077401537
2026-08-14 13:15:00+00:00,44.41,44.41,44.39,44.41,4.308777316612760555
2026-08-14 13:16:00+00:00,44.41,44.41,44.38,44.39,499.792822121521290955
2026-08-14 13:17:00+00:00,44.39,44.4,44.38,44.4,9.719850316512412102
2026-08-14 13:18:00+00:00,44.4,44.41,44.38,44.4,6.116904303063324918
2026-08-14 13:19:00+00:00,44.4,44.41,44.39,44.4,470.674564958635228722
2026-08-14 13:20:00+00:00,44.4,44.41,44.39,44.41,4.499999345629379997
2026-08-14 13:21:00+00:00,44.41,44.41,44.39,44.39,3.565370722007686161
2026-08-14 13:22:00+00:00,44.39,44.42,44.39,44.41,8.807934458957275679
2026-08-14 13:23:00+00:00,44.41,44.43,44.41,44.42,40.190929805913058117
2026-08-14 13:24:00+00:00,44.42,44.46,44.42,44.46,5.23329828427743548
2026-08-14 13:25:00+00:00,44.46,44.46,44.43,44.45,470.584557044973701542
2026-08-14 13:26:00+00:00,44.45,44.47,44.45,44.47,4.434386288228193402
2026-08-14 13:27:00+00:00,44.47,44.48,44.45,44.46,5.810281892049716894
2026-08-14 13:28:00+00:00,44.46,44.48,44.46,44.48,3.205115260018705679
2026-08-14 13:29:00+00:00,44.48,44.48,44.45,44.45,470.237111919714489117
2026-08-14 13:30:00+00:00,44.45,44.46,44.44,44.46,498.645994588783188483
2026-08-14 13:31:00+00:00,44.46,44.46,44.43,44.43,455.852711393276211262
2026-08-14 13:32:00+00:00,44.43,44.45,44.43,44.45,3.400141373280399365
2026-08-14 13:33:00+00:00,44.45,44.46,44.43,44.43,471.138209127025343327
2026-08-14 13:34:00+00:00,44.43,44.46,44.43,44.44,6.381504215019773733
2026-08-14 13:35:00+00:00,44.44,44.45,44.4,44.42,964.678968990228028812
2026-08-14 13:36:00+00:00,44.42,44.42,44.39,44.4,505.384850669553257602
2026-08-14 13:37:00+00:00,44.4,44.41,44.39,44.39,4.932608321861408391
2026-08-14 13:38:00+00:00,44.39,44.44,44.39,44.44,458.04976271773935447
2026-08-14 13:39:00+00:00,44.44,44.44,44.37,44.39,1506.432889937627726508
2026-08-14 13:40:00+00:00,44.39,44.41,44.39,44.41,3.097489605171436118
2026-08-14 13:41:00+00:00,44.41,44.43,44.39,44.43,12.741897500363458325
2026-08-14 13:42:00+00:00,44.43,44.43,44.41,44.43,3.746849880568311469
2026-08-14 13:43:00+00:00,44.43,44.43,44.41,44.41,3.631163792384743004
2026-08-14 13:44:00+00:00,44.41,44.43,44.39,44.39,501.911089260585438687
2026-08-14 13:45:00+00:00,44.39,44.42,44.39,44.42,4.240225505840501929
2026-08-14 13:46:00+00:00,44.42,44.42,44.41,44.42,1.867759542010659339
2026-08-14 13:47:00+00:00,44.42,44.42,44.4,44.4,471.240935187579310762
2026-08-14 13:48:00+00:00,44.4,44.42,44.4,44.42,3.811420237211547427
2026-08-14 13:49:00+00:00,44.42,44.42,44.38,44.4,951.032679255347745813
2026-08-14 13:50:00+00:00,44.4,44.4,44.34,44.36,1054.178653561034436585
2026-08-14 13:51:00+00:00,44.36,44.38,44.34,44.36,966.692290636400855634
2026-08-14 13:52:00+00:00,44.36,44.38,44.36,44.38,3.469129802009126032
2026-08-14 13:53:00+00:00,44.38,44.39,44.36,44.36,506.969136765084950912
2026-08-14 13:54:00+00:00,44.36,44.36,44.27,44.3,16358.968485518722355661
2026-08-14 13:55:00+00:00,44.3,44.32,44.28,44.3,6.183071628630080946
2026-08-14 13:56:00+00:00,44.3,44.32,44.23,44.23,10544.947593098873980603
2026-08-14 13:57:00+00:00,44.23,44.25,44.17,44.17,13749.565992610586665223
2026-08-14 13:58:00+00:00,44.17,44.21,44.17,44.19,3132.477009743844689033
2026-08-14 13:59:00+00:00,44.19,44.2,44.17,44.2,3.567581383347457566
2026-08-14 14:00:00+00:00,44.2,44.21,44.18,44.2,471.596901405212395297
2026-08-14 14:01:00+00:00,44.2,44.21,44.15,44.15,9048.527230111373034508
2026-08-14 14:02:00+00:00,44.15,44.18,44.14,44.16,4655.397471750734765256
2026-08-14 14:03:00+00:00,44.16,44.17,44.14,44.17,504.13543413901169772
2026-08-14 14:04:00+00:00,44.17,44.19,44.16,44.19,474.163267773564956078
2026-08-14 14:05:00+00:00,44.19,44.19,44.17,44.17,3.614966696335615802
2026-08-14 14:06:00+00:00,44.17,44.25,44.17,44.23,8.153185904697251924
2026-08-14 14:07:00+00:00,44.23,44.25,44.22,44.22,516.571890345919059456
2026-08-14 14:08:00+00:00,44.22,44.24,44.22,44.24,4.664054472910101125
2026-08-14 14:09:00+00:00,44.24,44.25,44.22,44.23,472.09900945915160637
2026-08-14 14:10:00+00:00,44.23,44.25,44.23,44.25,9.484477344113489918
2026-08-14 14:11:00+00:00,44.25,44.27,44.23,44.27,11.724753186123768128
2026-08-14 14:12:00+00:00,44.27,44.27,44.25,44.27,4.10084673019567905
2026-08-14 14:13:00+00:00,44.27,44.27,44.21,44.21,1018.249901774039343245
2026-08-14 14:14:00+00:00,44.21,44.22,44.2,44.2,467.817709430501449947
2026-08-14 14:15:00+00:00,44.2,44.23,44.2,44.23,8.066730705957330202
2026-08-14 14:16:00+00:00,44.23,44.24,44.22,44.24,3.960584122197036885
2026-08-14 14:17:00+00:00,44.24,44.24,44.22,44.24,4.168051561606728801
2026-08-14 14:18:00+00:00,44.24,44.24,44.21,44.21,499.131837222120822986
2026-08-14 14:19:00+00:00,44.21,44.22,44.21,44.21,4.33084523916577176
2026-08-14 14:20:00+00:00,44.21,44.23,44.2,44.23,461.686038746406640897
2026-08-14 14:21:00+00:00,44.23,44.23,44.21,44.21,4.124403844455400947
2026-08-14 14:22:00+00:00,44.21,44.24,44.21,44.23,8.355868028132774674
2026-08-14 14:23:00+00:00,44.23,44.24,44.23,44.23,4.229989724721055762
2026-08-14 14:24:00+00:00,44.23,44.24,44.2,44.22,925.971478917744825908
2026-08-14 14:25:00+00:00,44.22,44.22,43.98,44.01,39981.704718949993414559
2026-08-14 14:26:00+00:00,44.01,44.05,44,44.05,5.399389529595386536
2026-08-14 14:27:00+00:00,44.05,44.08,44.05,44.06,520.105681369036264982
2026-08-14 14:28:00+00:00,44.06,44.08,44.01,44.01,457.246069458295115222
2026-08-14 14:29:00+00:00,44.01,44.03,44,44.01,4.630058082532294854
2026-08-14 14:30:00+00:00,44.01,44.03,43.97,43.99,3174.498555246737897656
2026-08-14 14:31:00+00:00,43.99,44.02,43.98,44.01,475.046608858024598106
2026-08-14 14:32:00+00:00,44.01,44.02,44,44.02,473.062726972058901486
2026-08-14 14:33:00+00:00,44.02,44.03,44,44.03,8.548567292377926569
2026-08-14 14:34:00+00:00,44.03,44.06,44.01,44.06,474.138672394973150114
2026-08-14 14:35:00+00:00,44.06,44.07,44.05,44.05,3.907255982961787904
2026-08-14 14:36:00+00:00,44.05,44.08,44.05,44.08,474.409130188582702465
2026-08-14 14:37:00+00:00,44.08,44.08,44.06,44.08,4.052946732429709356
2026-08-14 14:38:00+00:00,44.08,44.09,44.05,44.09,2461.83645461453314376
2026-08-14 14:39:00+00:00,44.09,44.1,44.07,44.08,1438.340584422865391976
2026-08-14 14:40:00+00:00,44.08,44.1,44.08,44.08,4.332840743072788699
2026-08-14 14:41:00+00:00,44.08,44.13,44.08,44.11,1608.843924254638463986
2026-08-14 14:42:00+00:00,44.11,44.13,44.1,44.12,473.333016762779659202
2026-08-14 14:43:00+00:00,44.12,44.12,44.1,44.12,4.179586902757476511
2026-08-14 14:44:00+00:00,44.12,44.12,44.09,44.1,503.628978280871583526
2026-08-14 14:45:00+00:00,44.1,44.1,44.08,44.08,468.82888722465581784
2026-08-14 14:46:00+00:00,44.08,44.1,44.06,44.08,1475.911455293975189987
2026-08-14 14:47:00+00:00,44.08,44.08,44,44.02,471.62037448527051138
2026-08-14 14:48:00+00:00,44.02,44.05,44,44.03,6.204160267983889586
2026-08-14 14:49:00+00:00,44.03,44.05,44.03,44.03,4.08132355325785251
2026-08-14 14:50:00+00:00,44.03,44.05,44.03,44.05,4.147841196913774861
2026-08-14 14:51:00+00:00,44.05,44.05,44,44,511.509415625543477284
2026-08-14 14:52:00+00:00,44,44.01,44,44,5.966338249571378399
2026-08-14 14:53:00+00:00,44,44.03,44,44.02,7.49287795863200701
2026-08-14 14:54:00+00:00,44.02,44.04,44.02,44.02,6.612486074561675636
2026-08-14 14:55:00+00:00,44.02,44.04,44,44,507.990903895807263045
2026-08-14 14:56:00+00:00,44,44.02,43.96,43.98,1564.583245173113607284
2026-08-14 14:57:00+00:00,43.98,43.98,43.94,43.96,2313.158267475420634376
2026-08-14 14:58:00+00:00,43.96,43.97,43.94,43.96,508.09640935367103662
2026-08-14 14:59:00+00:00,43.96,43.97,43.96,43.97,3.930743641971052937
2026-08-14 15:00:00+00:00,43.97,43.97,43.94,43.96,507.640681706775046391
2026-08-14 15:01:00+00:00,43.96,43.97,43.92,43.93,1054.088107587443975835
2026-08-14 15:02:00+00:00,43.93,43.95,43.92,43.93,4.845905887744398949
2026-08-14 15:03:00+00:00,43.93,43.95,43.75,43.81,34876.518661545897222552
2026-08-14 15:04:00+00:00,43.81,43.81,43.76,43.76,1479.956094676617090141
2026-08-14 15:05:00+00:00,43.76,43.77,43.7,43.73,14749.854948584278996892
2026-08-14 15:06:00+00:00,43.73,43.78,43.73,43.78,476.425186327769741497
2026-08-14 15:07:00+00:00,43.78,43.84,43.78,43.84,5.682515824620825133
2026-08-14 15:08:00+00:00,43.84,43.84,43.79,43.8,1931.363610033222233745
2026-08-14 15:09:00+00:00,43.8,43.8,43.77,43.77,978.21638916316935759
2026-08-14 15:10:00+00:00,43.77,43.78,43.73,43.73,1465.352283829804839107
2026-08-14 15:11:00+00:00,43.73,43.75,43.72,43.72,1890.084205831116895497
2026-08-14 15:12:00+00:00,43.72,43.74,43.71,43.71,965.844514285158941366
2026-08-14 15:13:00+00:00,43.71,43.73,43.7,43.73,505.419264482646460019
2026-08-14 15:14:00+00:00,43.73,43.76,43.72,43.74,478.228353467416812927
2026-08-14 15:15:00+00:00,43.74,43.77,43.74,43.76,16.457881521546273076
2026-08-14 15:16:00+00:00,43.76,43.78,43.75,43.77,507.462129747035141894
2026-08-14 15:17:00+00:00,43.77,43.77,43.75,43.77,3.627851431182479841
2026-08-14 15:18:00+00:00,43.77,43.77,43.75,43.75,4.066062767061588169
2026-08-14 15:19:00+00:00,43.75,43.77,43.75,43.75,4.345103811482097975
2026-08-14 15:20:00+00:00,43.75,43.78,43.75,43.77,11.706045090369704239
2026-08-14 15:21:00+00:00,43.77,43.8,43.76,43.77,526.16969925683057788
2026-08-14 15:22:00+00:00,43.77,43.78,43.76,43.78,6.101730027928848525
2026-08-14 15:23:00+00:00,43.78,43.82,43.76,43.8,477.805662348320066089
2026-08-14 15:24:00+00:00,43.8,43.84,43.79,43.84,11.628871062718536405
2026-08-14 15:25:00+00:00,43.84,43.85,43.81,43.81,976.536215711330607583
2026-08-14 15:26:00+00:00,43.81,43.83,43.78,43.78,463.751036682499077909
2026-08-14 15:27:00+00:00,43.78,43.8,43.78,43.78,4.015747093708475956
2026-08-14 15:28:00+00:00,43.78,43.81,43.78,43.81,5.308525786459770628
2026-08-14 15:29:00+00:00,43.81,43.84,43.8,43.84,6.722502508000434681
2026-08-14 15:30:00+00:00,43.84,43.86,43.82,43.82,505.986157340676208499
2026-08-14 15:31:00+00:00,43.82,43.83,43.77,43.79,1926.580395055152664255
2026-08-14 15:32:00+00:00,43.79,43.8,43.75,43.8,992.458398637821978066
2026-08-14 15:33:00+00:00,43.8,43.8,43.79,43.8,2.670709618655246446
2026-08-14 15:34:00+00:00,43.8,43.81,43.79,43.81,6.888075324371356138
2026-08-14 15:35:00+00:00,43.81,43.87,43.79,43.85,477.352513421843713227
2026-08-14 15:36:00+00:00,43.85,43.85,43.84,43.84,42.425764600620895716
2026-08-14 15:37:00+00:00,43.84,43.88,43.84,43.88,463.28437002774782871
2026-08-14 15:38:00+00:00,43.88,43.88,43.86,43.88,5.762651674903282627
2026-08-14 15:39:00+00:00,43.88,43.91,43.88,43.89,521.696452494748338945
2026-08-14 15:40:00+00:00,43.89,43.89,43.87,43.89,910.922170740944408326
2026-08-14 15:41:00+00:00,43.89,43.9,43.87,43.9,6.325525548808395006
2026-08-14 15:42:00+00:00,43.9,43.9,43.87,43.87,478.802672815778452041
2026-08-14 15:43:00+00:00,43.87,43.89,43.87,43.87,33.305247130508368849
2026-08-14 15:44:00+00:00,43.87,43.89,43.87,43.89,3.638846182950174403
2026-08-14 15:45:00+00:00,43.89,43.89,43.86,43.87,518.233339344852664405
2026-08-14 15:46:00+00:00,43.87,43.89,43.86,43.88,475.263988607697842867
2026-08-14 15:47:00+00:00,43.88,43.89,43.88,43.88,3.957279920818039125
2026-08-14 15:48:00+00:00,43.88,43.89,43.85,43.87,1434.963514786719665339
2026-08-14 15:49:00+00:00,43.87,43.87,43.85,43.87,4.17112396192856524
2026-08-14 15:50:00+00:00,43.87,43.87,43.85,43.87,4.388355312251211787
2026-08-14 15:51:00+00:00,43.87,43.87,43.85,43.87,3.95491991862554416
2026-08-14 15:52:00+00:00,43.87,43.87,43.85,43.85,4.168785233868387443
2026-08-14 15:53:00+00:00,43.85,43.88,43.85,43.87,13.914562376385384745
2026-08-14 15:54:00+00:00,43.87,43.9,43.87,43.89,3.819913976270005445
2026-08-14 15:55:00+00:00,43.89,43.91,43.89,43.91,7.027055164200770056
2026-08-14 15:56:00+00:00,43.91,43.91,43.88,43.88,505.142532579613059209
2026-08-14 15:57:00+00:00,43.88,43.89,43.88,43.88,4.134691752377546163
2026-08-14 15:58:00+00:00,43.88,43.9,43.88,43.88,8.291738544390751022
2026-08-14 15:59:00+00:00,43.88,43.9,43.88,43.9,3.893848734278410984
2026-08-14 16:00:00+00:00,43.9,43.9,43.86,43.87,982.450452120227122973
2026-08-14 16:01:00+00:00,43.87,43.89,43.87,43.87,3.937756419355162045
2026-08-14 16:02:00+00:00,43.87,43.92,43.87,43.92,11.22068247937069385
2026-08-14 16:03:00+00:00,43.92,43.93,43.9,43.92,5.336757831047064032
2026-08-14 16:04:00+00:00,43.92,43.94,43.91,43.91,506.369878100671448806
2026-08-14 16:05:00+00:00,43.91,43.94,43.9,43.94,977.469314115996395107
2026-08-14 16:06:00+00:00,43.94,43.94,43.91,43.92,475.836791953246104233
2026-08-14 16:07:00+00:00,43.92,43.96,43.92,43.95,4.816824642608828881
2026-08-14 16:08:00+00:00,43.95,43.96,43.91,43.93,476.950002075520784685
2026-08-14 16:09:00+00:00,43.93,43.93,43.91,43.93,3.850065410789950947
2026-08-14 16:10:00+00:00,43.93,43.94,43.91,43.94,8.118905740237278838
2026-08-14 16:11:00+00:00,43.94,43.95,43.92,43.92,504.96077268607824937
2026-08-14 16:12:00+00:00,43.92,43.93,43.92,43.93,3.980713889293158468
2026-08-14 16:13:00+00:00,43.93,43.93,43.91,43.93,481.024961376286835747
2026-08-14 16:14:00+00:00,43.93,43.93,43.91,43.93,4.257654770847992517
2026-08-14 16:15:00+00:00,43.93,43.93,43.9,43.9,504.753792656707538014
2026-08-14 16:16:00+00:00,43.9,43.91,43.87,43.9,61.306280869105874602
2026-08-14 16:17:00+00:00,43.9,43.9,43.89,43.89,3.72730148523099008
2026-08-14 16:18:00+00:00,43.89,43.91,43.87,43.87,527.458404578446385143
2026-08-14 16:19:00+00:00,43.87,43.89,43.87,43.87,3.881676251677331416
2026-08-14 16:20:00+00:00,43.87,43.89,43.86,43.87,7.870524164617366332
2026-08-14 16:21:00+00:00,43.87,43.87,43.8,43.8,4093.4731316886677424
2026-08-14 16:22:00+00:00,43.8,43.83,43.8,43.83,5.697571988610093603
2026-08-14 16:23:00+00:00,43.83,43.9,43.82,43.9,995.987235973501091954
2026-08-14 16:24:00+00:00,43.9,43.9,43.88,43.88,3.994143034534026322
2026-08-14 16:25:00+00:00,43.88,43.9,43.88,43.88,4.415373113253582448
2026-08-14 16:26:00+00:00,43.88,43.9,43.88,43.88,3.947716603368474379
2026-08-14 16:27:00+00:00,43.88,43.9,43.88,43.9,3.70639795217023856
2026-08-14 16:28:00+00:00,43.9,43.92,43.88,43.92,11.826800060092429403
2026-08-14 16:29:00+00:00,43.92,43.93,43.91,43.91,5.10850718951306474
2026-08-14 16:30:00+00:00,43.91,43.93,43.91,43.91,3.710757450765210355
2026-08-14 16:31:00+00:00,43.91,43.93,43.91,43.93,3.436448324680425983
2026-08-14 16:32:00+00:00,43.93,43.94,43.92,43.92,6.282430981414800306
2026-08-14 16:33:00+00:00,43.92,43.94,43.92,43.92,4.027196031515073121
2026-08-14 16:34:00+00:00,43.92,43.94,43.92,43.92,3.894826889706363946
2026-08-14 16:35:00+00:00,43.92,43.94,43.91,43.91,484.021561437864246958
2026-08-14 16:36:00+00:00,43.91,43.94,43.91,43.93,6.16064233131196462
2026-08-14 16:37:00+00:00,43.93,43.94,43.92,43.94,476.858084755183333526
2026-08-14 16:38:00+00:00,43.94,43.95,43.91,43.94,474.390159133926871702
2026-08-14 16:39:00+00:00,43.94,43.94,43.92,43.94,4.02638477456840052
2026-08-14 16:40:00+00:00,43.94,43.94,43.92,43.94,3.86866194628707966
2026-08-14 16:41:00+00:00,43.94,43.94,43.92,43.92,3.358137431569626734
2026-08-14 16:42:00+00:00,43.92,43.94,43.91,43.92,483.327531421853398321
2026-08-14 16:43:00+00:00,43.92,43.92,43.89,43.9,459.821318454279177623
2026-08-14 16:44:00+00:00,43.9,43.9,43.88,43.9,3.568087575237763696
2026-08-14 16:45:00+00:00,43.9,43.9,43.89,43.9,1.179455295932936502
2026-08-14 16:46:00+00:00,43.9,43.9,43.87,43.87,520.758633349261747074
2026-08-14 16:47:00+00:00,43.87,43.88,43.86,43.86,505.622640631047287258
2026-08-14 16:48:00+00:00,43.86,43.91,43.86,43.9,500.83554724700182557
2026-08-14 16:49:00+00:00,43.9,43.92,43.9,43.9,4.813847169129787217
2026-08-14 16:50:00+00:00,43.9,43.92,43.9,43.9,4.3346770479355714
2026-08-14 16:51:00+00:00,43.9,43.92,43.9,43.92,3.782353440299405416
2026-08-14 16:52:00+00:00,43.92,43.94,43.9,43.94,11.042531910725861242
2026-08-14 16:53:00+00:00,43.94,43.94,43.92,43.94,4.302795540864218712
2026-08-14 16:54:00+00:00,43.94,43.94,43.91,43.93,476.715921746916979194
2026-08-14 16:55:00+00:00,43.93,44,43.91,44,7353.017709485445318172
2026-08-14 16:56:00+00:00,44,44.01,43.99,44.01,1455.989868409878880198
2026-08-14 16:57:00+00:00,44.01,44.05,43.99,44.05,6.590520338630996247
2026-08-14 16:58:00+00:00,44.05,44.05,44.03,44.03,3.698048539291778921
2026-08-14 16:59:00+00:00,44.03,44.05,44.03,44.03,4.212451437119928801
2026-08-14 17:00:00+00:00,44.03,44.08,44.03,44.08,1636.720661559608347441
2026-08-14 17:01:00+00:00,44.08,44.09,44.06,44.09,473.391997245849068174
2026-08-14 17:02:00+00:00,44.09,44.11,44.07,44.11,458.898020698988244667
2026-08-14 17:03:00+00:00,44.11,44.11,44.05,44.05,1599.479484879820197072
2026-08-14 17:04:00+00:00,44.05,44.08,44.05,44.05,967.397500304799230594
2026-08-14 17:05:00+00:00,44.05,44.05,44.04,44.04,3.559151900913523044
2026-08-14 17:06:00+00:00,44.04,44.05,44.02,44.04,461.071106158799265274
2026-08-14 17:07:00+00:00,44.04,44.05,44.02,44.02,954.731826279799753417
2026-08-14 17:08:00+00:00,44.02,44.03,43.97,43.99,555.44240519297055025
2026-08-14 17:09:00+00:00,43.99,44,43.96,43.97,505.396792956726949607
2026-08-14 17:10:00+00:00,43.97,43.97,43.95,43.97,604.695188623250582314
2026-08-14 17:11:00+00:00,43.97,43.98,43.95,43.98,8.002188424349862694
2026-08-14 17:12:00+00:00,43.98,43.98,43.96,43.98,5.637015939843435197
2026-08-14 17:13:00+00:00,43.98,44,43.95,43.97,508.83027606431964696
2026-08-14 17:14:00+00:00,43.97,44.01,43.95,44.01,7.928994832713282225
2026-08-14 17:15:00+00:00,44.01,44.01,43.93,43.93,1028.921823115616729301
2026-08-14 17:16:00+00:00,43.93,43.95,43.93,43.93,4.283473097002237756
2026-08-14 17:17:00+00:00,43.93,43.95,43.93,43.95,3.658795943593165976
2026-08-14 17:18:00+00:00,43.95,43.96,43.93,43.96,10.873353219310991852
2026-08-14 17:19:00+00:00,43.96,43.97,43.95,43.95,4.986341188618314134
2026-08-14 17:20:00+00:00,43.95,43.97,43.92,43.95,6916.666126369344273875
2026-08-14 17:21:00+00:00,43.95,43.95,43.91,43.93,974.839148125399640005
2026-08-14 17:22:00+00:00,43.93,43.96,43.92,43.94,461.443721945072576141
2026-08-14 17:23:00+00:00,43.94,43.98,43.94,43.98,4.922069772674888866
2026-08-14 17:24:00+00:00,43.98,43.99,43.97,43.97,473.262358529754855776
2026-08-14 17:25:00+00:00,43.97,44,43.95,43.98,507.130564862347075418
2026-08-14 17:26:00+00:00,43.98,43.98,43.95,43.96,488.668144482955230727
2026-08-14 17:27:00+00:00,43.96,43.96,43.94,43.95,475.582969259467915454
2026-08-14 17:28:00+00:00,43.95,43.95,43.93,43.95,504.560571629825888021
2026-08-14 17:29:00+00:00,43.95,43.95,43.93,43.95,4.406239733447073073
2026-08-14 17:30:00+00:00,43.95,43.95,43.92,43.92,933.743674233511983394
2026-08-14 17:31:00+00:00,43.92,43.94,43.92,43.94,5.336993160003695732
2026-08-14 17:32:00+00:00,43.94,43.95,43.92,43.95,474.508163954333162716
2026-08-14 17:33:00+00:00,43.95,43.95,43.93,43.93,3.990580463748434196
2026-08-14 17:34:00+00:00,43.93,43.95,43.91,43.93,978.817615046678681108
2026-08-14 17:35:00+00:00,43.93,43.93,43.91,43.93,3.872454075532579283
2026-08-14 17:36:00+00:00,43.93,43.93,43.89,43.89,964.259258147364129168
2026-08-14 17:37:00+00:00,43.89,43.89,43.88,43.88,3.804226823169633701
2026-08-14 17:38:00+00:00,43.88,43.89,43.88,43.88,3.668721012151660325
2026-08-14 17:39:00+00:00,43.88,43.89,43.88,43.88,3.815919652242398482
2026-08-14 17:40:00+00:00,43.88,43.9,43.88,43.9,9.771198921581047859
2026-08-14 17:41:00+00:00,43.9,43.9,43.84,43.84,5775.830102136857102092
2026-08-14 17:42:00+00:00,43.84,43.85,43.84,43.85,3.604322913632239964
2026-08-14 17:43:00+00:00,43.85,43.85,43.83,43.85,1007.63924406211918968
2026-08-14 17:44:00+00:00,43.85,43.87,43.82,43.87,1468.04008106129545121
2026-08-14 17:45:00+00:00,43.87,43.89,43.87,43.89,4.47066444383433125
2026-08-14 17:46:00+00:00,43.89,43.89,43.87,43.89,4.173493476318809534
2026-08-14 17:47:00+00:00,43.89,43.89,43.87,43.87,3.936656175116698428
2026-08-14 17:48:00+00:00,43.87,43.89,43.87,43.87,19.014384568878108397
2026-08-14 17:49:00+00:00,43.87,43.9,43.87,43.9,1007.095750634798239559
2026-08-14 17:50:00+00:00,43.9,43.91,43.87,43.89,1441.761721265607282929
2026-08-14 17:51:00+00:00,43.89,43.89,43.81,43.81,1754.522020569845125098
2026-08-14 17:52:00+00:00,43.81,43.83,43.8,43.8,2112.149938299119124639
2026-08-14 17:53:00+00:00,43.8,43.82,43.8,43.8,5.5654774449223641
2026-08-14 17:54:00+00:00,43.8,43.82,43.8,43.8,3.692106844313286602
2026-08-14 17:55:00+00:00,43.8,43.81,43.78,43.78,1980.240203096523125884
2026-08-14 17:56:00+00:00,43.78,43.82,43.78,43.8,20.779207449780482311
2026-08-14 17:57:00+00:00,43.8,43.82,43.8,43.8,4.458095165152585603
2026-08-14 17:58:00+00:00,43.8,43.82,43.8,43.82,3.570185180553905656
2026-08-14 17:59:00+00:00,43.82,43.82,43.8,43.82,4.261254644883906552
2026-08-14 18:00:00+00:00,43.82,43.82,43.79,43.8,482.093360939237244645
2026-08-14 18:01:00+00:00,43.8,43.8,43.74,43.76,6884.245844171353539201
2026-08-14 18:02:00+00:00,43.76,43.8,43.76,43.8,5.043567894196062892
2026-08-14 18:03:00+00:00,43.8,43.82,43.78,43.82,5.211015036024255363
2026-08-14 18:04:00+00:00,43.82,43.82,43.8,43.8,3.617806353930254314
2026-08-14 18:05:00+00:00,43.8,43.82,43.8,43.8,4.289225182304529316
2026-08-14 18:06:00+00:00,43.8,43.82,43.8,43.8,4.20405083894470738
2026-08-14 18:07:00+00:00,43.8,43.82,43.79,43.79,481.618541302358832865
2026-08-14 18:08:00+00:00,43.79,43.8,43.79,43.79,3.985828226456489612
2026-08-14 18:09:00+00:00,43.79,43.8,43.77,43.79,966.411564811707184087
2026-08-14 18:10:00+00:00,43.79,43.8,43.77,43.8,5.504411493097484568
2026-08-14 18:11:00+00:00,43.8,43.81,43.79,43.81,7.362824678524618545
2026-08-14 18:12:00+00:00,43.81,43.81,43.79,43.79,3.618296606529086466
2026-08-14 18:13:00+00:00,43.79,43.81,43.78,43.78,506.914078268621695858
2026-08-14 18:14:00+00:00,43.78,43.79,43.77,43.77,494.859398348671679153
2026-08-14 18:15:00+00:00,43.77,43.79,43.77,43.79,3.890050280997697951
2026-08-14 18:16:00+00:00,43.79,43.79,43.77,43.79,3.986118655808563128
2026-08-14 18:17:00+00:00,43.79,43.8,43.77,43.8,11.513565800877439368
2026-08-14 18:18:00+00:00,43.8,43.81,43.79,43.79,7.020496507856063223
2026-08-14 18:19:00+00:00,43.79,43.81,43.79,43.79,4.391696565527020155
2026-08-14 18:20:00+00:00,43.79,43.82,43.79,43.81,7.685639103121299238
2026-08-14 18:21:00+00:00,43.81,43.85,43.81,43.83,508.704178718272890596
2026-08-14 18:22:00+00:00,43.83,43.85,43.82,43.84,5.450054549398693008
2026-08-14 18:23:00+00:00,43.84,43.87,43.84,43.86,6.575182319780464771
2026-08-14 18:24:00+00:00,43.86,43.87,43.85,43.85,474.230429547893021466
2026-08-14 18:25:00+00:00,43.85,43.9,43.85,43.9,477.481204984093841303
2026-08-14 18:26:00+00:00,43.9,43.94,43.9,43.94,5.63354382522612377
2026-08-14 18:27:00+00:00,43.94,43.94,43.92,43.92,3.951207050432242007
2026-08-14 18:28:00+00:00,43.92,43.94,43.92,43.94,3.603881068570902692
2026-08-14 18:29:00+00:00,43.94,43.96,43.93,43.93,509.819045380620293483
2026-08-14 18:30:00+00:00,43.93,43.96,43.92,43.95,977.48477172393652352
2026-08-14 18:31:00+00:00,43.95,43.95,43.93,43.95,474.379789666905803724
2026-08-14 18:32:00+00:00,43.95,43.95,43.92,43.93,1057.408232006781579642
2026-08-14 18:33:00+00:00,43.93,43.94,43.92,43.94,4.111439873299656008
2026-08-14 18:34:00+00:00,43.94,43.94,43.91,43.91,467.660340138691176329
2026-08-14 18:35:00+00:00,43.91,43.93,43.88,43.9,616.138384864269185807
2026-08-14 18:36:00+00:00,43.9,43.93,43.9,43.93,4.407122310147893447
2026-08-14 18:37:00+00:00,43.93,43.93,43.92,43.92,3.885556028239992663
2026-08-14 18:38:00+00:00,43.92,43.93,43.9,43.91,9.332345234315211113
2026-08-14 18:39:00+00:00,43.91,43.92,43.9,43.9,5.531863683690961087
2026-08-14 18:40:00+00:00,43.9,43.93,43.9,43.92,11.849165611242298829
2026-08-14 18:41:00+00:00,43.92,43.94,43.92,43.92,3.910815097670030248
2026-08-14 18:42:00+00:00,43.92,43.92,43.89,43.9,964.803939619705714887
2026-08-14 18:43:00+00:00,43.9,43.9,43.89,43.9,4.584644122212759059
2026-08-14 18:44:00+00:00,43.9,43.9,43.81,43.83,7075.139159484569235692
2026-08-14 18:45:00+00:00,43.83,43.84,43.81,43.82,476.203099027368848634
2026-08-14 18:46:00+00:00,43.82,43.82,43.79,43.81,1708.56781715139432252
2026-08-14 18:47:00+00:00,43.81,43.81,43.79,43.81,3.778068596258866376
2026-08-14 18:48:00+00:00,43.81,43.81,43.69,43.69,9056.498249134323672812
2026-08-14 18:49:00+00:00,43.69,43.74,43.69,43.73,4.636088813041218002
2026-08-14 18:50:00+00:00,43.73,43.74,43.7,43.72,508.24207870603784883
2026-08-14 18:51:00+00:00,43.72,43.73,43.7,43.73,5.493543259743976145
2026-08-14 18:52:00+00:00,43.73,43.74,43.72,43.72,6.315557852815371285
2026-08-14 18:53:00+00:00,43.72,43.74,43.72,43.72,4.148202877688210833
2026-08-14 18:54:00+00:00,43.72,43.74,43.72,43.72,3.730241119549061215
2026-08-14 18:55:00+00:00,43.72,43.74,43.72,43.74,3.673246960434506315
2026-08-14 18:56:00+00:00,43.74,43.74,43.72,43.74,4.635152941506222198
2026-08-14 18:57:00+00:00,43.74,43.74,43.72,43.72,3.855231246687257436
2026-08-14 18:58:00+00:00,43.72,43.74,43.72,43.72,7.801346861407211305
2026-08-14 18:59:00+00:00,43.72,43.74,43.67,43.67,8966.001180524932355726
2026-08-14 19:00:00+00:00,43.67,43.7,43.64,43.64,5837.735682454249416596
2026-08-14 19:01:00+00:00,43.64,43.71,43.64,43.69,195.800170976656513853
2026-08-14 19:02:00+00:00,43.69,43.71,43.68,43.69,477.613341612613201148
2026-08-14 19:03:00+00:00,43.69,43.69,43.63,43.63,2394.037179904808864137
2026-08-14 19:04:00+00:00,43.63,43.65,43.63,43.64,510.007243087089314354
2026-08-14 19:05:00+00:00,43.64,43.65,43.61,43.65,5401.63220413002161439
2026-08-14 19:06:00+00:00,43.65,43.65,43.63,43.65,3.80215573581762078
2026-08-14 19:07:00+00:00,43.65,43.65,43.6,43.6,5399.362269229150003745
2026-08-14 19:08:00+00:00,43.6,43.61,43.59,43.61,4952.24140675307494901
2026-08-14 19:09:00+00:00,43.61,43.63,43.61,43.61,4.780183985490762182
2026-08-14 19:10:00+00:00,43.61,43.63,43.59,43.59,518.448523510090348769
2026-08-14 19:11:00+00:00,43.59,43.61,43.59,43.61,4.725623636366432891
2026-08-14 19:12:00+00:00,43.61,43.61,43.59,43.59,21.62669400194182499
2026-08-14 19:13:00+00:00,43.59,43.61,43.57,43.57,2466.996229832317694625
2026-08-14 19:14:00+00:00,43.57,43.6,43.51,43.51,18770.150841411415579031
2026-08-14 19:15:00+00:00,43.51,43.51,43.4,43.43,26583.065148997031266752
2026-08-14 19:16:00+00:00,43.43,43.43,43.38,43.4,1789.48290864697097471
2026-08-14 19:17:00+00:00,43.4,43.4,43.37,43.39,734.520831987521692944
2026-08-14 19:18:00+00:00,43.39,43.4,43.37,43.4,8.07941054394375991
2026-08-14 19:19:00+00:00,43.4,43.43,43.38,43.41,7.893460409181468992
2026-08-14 19:20:00+00:00,43.41,43.44,43.41,43.44,4.079172884203491653
2026-08-14 19:21:00+00:00,43.44,43.45,43.43,43.43,5.979688284448174276
2026-08-14 19:22:00+00:00,43.43,43.45,43.43,43.43,4.337728535290973895
2026-08-14 19:23:00+00:00,43.43,43.47,43.41,43.41,2034.931688582865542077
2026-08-14 19:24:00+00:00,43.41,43.43,43.4,43.4,481.835851678885006683
2026-08-14 19:25:00+00:00,43.4,43.41,43.39,43.41,511.119799469716890866
2026-08-14 19:26:00+00:00,43.41,43.41,43.39,43.41,4.022957868236630006
2026-08-14 19:27:00+00:00,43.41,43.46,43.39,43.45,510.509176961405273108
2026-08-14 19:28:00+00:00,43.45,43.51,43.45,43.49,480.395314042837521425
2026-08-14 19:29:00+00:00,43.49,43.55,43.49,43.53,5.643018417607407396
2026-08-14 19:30:00+00:00,43.53,43.55,43.5,43.51,1002.131131504703421164
2026-08-14 19:31:00+00:00,43.51,43.54,43.5,43.54,6.705342734029773522
2026-08-14 19:32:00+00:00,43.54,43.57,43.52,43.55,6.56353961089293618
2026-08-14 19:33:00+00:00,43.55,43.57,43.55,43.55,4.421717415289330782
2026-08-14 19:34:00+00:00,43.55,43.57,43.55,43.57,3.834166316420229316
2026-08-14 19:35:00+00:00,43.57,43.57,43.55,43.57,4.05339636100319714
2026-08-14 19:36:00+00:00,43.57,43.57,43.55,43.57,4.510766258395703545
2026-08-14 19:37:00+00:00,43.57,43.58,43.55,43.57,12.923422199857133673
2026-08-14 19:38:00+00:00,43.57,43.59,43.55,43.58,521.848916240730562291
2026-08-14 19:39:00+00:00,43.58,43.6,43.57,43.57,479.410688589168745665
2026-08-14 19:40:00+00:00,43.57,43.59,43.57,43.59,6.609371821762147683
2026-08-14 19:41:00+00:00,43.59,43.6,43.57,43.6,4.268589550829441656
2026-08-14 19:42:00+00:00,43.6,43.62,43.59,43.6,480.118290548341360813
2026-08-14 19:43:00+00:00,43.6,43.62,43.6,43.6,4.377776028587172784
2026-08-14 19:44:00+00:00,43.6,43.62,43.57,43.6,1003.298985946159433999
2026-08-14 19:45:00+00:00,43.6,43.61,43.59,43.61,4.613067174782776118
2026-08-14 19:46:00+00:00,43.61,43.64,43.59,43.62,982.102192344567722461
2026-08-14 19:47:00+00:00,43.62,43.64,43.61,43.63,4.521593547868159741
2026-08-14 19:48:00+00:00,43.63,43.64,43.63,43.63,4.034915876633628375
2026-08-14 19:49:00+00:00,43.63,43.65,43.63,43.65,7671.245516334273519753
2026-08-14 19:50:00+00:00,43.65,43.67,43.64,43.67,7.155818022408286922
2026-08-14 19:51:00+00:00,43.67,43.67,43.65,43.65,4.884074637555210656
2026-08-14 19:52:00+00:00,43.65,43.67,43.63,43.64,1298.155846866180119613
2026-08-14 19:53:00+00:00,43.64,43.65,43.63,43.65,6.751735905317870295
2026-08-14 19:54:00+00:00,43.65,43.65,43.63,43.63,3.6772215225449664
2026-08-14 19:55:00+00:00,43.63,43.65,43.63,43.63,4.574235279013699227
2026-08-14 19:56:00+00:00,43.63,43.65,43.61,43.63,988.663016542955149614
2026-08-14 19:57:00+00:00,43.63,43.63,43.61,43.61,20.842857826095205646
2026-08-14 19:58:00+00:00,43.61,43.63,43.6,43.6,466.351156570375790976
2026-08-14 19:59:00+00:00,43.6,43.62,43.6,43.6,3.861903848499762328
2026-08-14 20:00:00+00:00,43.6,43.61,43.59,43.61,9.433442106288589663
2026-08-14 20:01:00+00:00,43.61,43.63,43.59,43.63,515.486882182389469716
2026-08-14 20:02:00+00:00,43.63,43.66,43.61,43.63,963.55756807098919607
2026-08-14 20:03:00+00:00,43.63,43.66,43.62,43.66,981.248809920914611004
2026-08-14 20:04:00+00:00,43.66,43.69,43.66,43.67,477.254073206029398965
2026-08-14 20:05:00+00:00,43.67,43.69,43.65,43.67,968.043487315940197499
2026-08-14 20:06:00+00:00,43.67,43.67,43.64,43.64,509.50432168310239854
2026-08-14 20:07:00+00:00,43.64,43.65,43.64,43.64,3.909986214398131955
2026-08-14 20:08:00+00:00,43.64,43.65,43.64,43.65,3.889855881139343767
2026-08-14 20:09:00+00:00,43.65,43.66,43.64,43.66,9.803057708327750895
2026-08-14 20:10:00+00:00,43.66,43.66,43.64,43.66,4.153170917425838266
2026-08-14 20:11:00+00:00,43.66,43.66,43.64,43.64,3.701395364899924543
2026-08-14 20:12:00+00:00,43.64,43.66,43.59,43.61,946.895161968310805155
2026-08-14 20:13:00+00:00,43.61,43.61,43.58,43.59,1441.44944159550616862
2026-08-14 20:14:00+00:00,43.59,43.61,43.59,43.61,3.856453473847607196
2026-08-14 20:15:00+00:00,43.61,43.61,43.59,43.61,3.78886745059693263
2026-08-14 20:16:00+00:00,43.61,43.61,43.59,43.61,3.851165192911223426
2026-08-14 20:17:00+00:00,43.61,43.61,43.59,43.61,3.990495670108559358
2026-08-14 20:18:00+00:00,43.61,43.62,43.59,43.61,13.736148972617867818
2026-08-14 20:19:00+00:00,43.61,43.62,43.61,43.61,4.385999534660780215
2026-08-14 20:20:00+00:00,43.61,43.62,43.58,43.58,491.551866277474820724
2026-08-14 20:21:00+00:00,43.58,43.61,43.58,43.61,5.766496942246644035
2026-08-14 20:22:00+00:00,43.61,43.61,43.58,43.61,478.506443641528703853
2026-08-14 20:23:00+00:00,43.61,43.61,43.59,43.61,10.095631559613645704
2026-08-14 20:24:00+00:00,43.61,43.62,43.61,43.62,3.71593438296450521
2026-08-14 20:25:00+00:00,43.62,43.62,43.57,43.57,984.500056701347097429
2026-08-14 20:26:00+00:00,43.57,43.57,43.55,43.55,4.614921188160008759
2026-08-14 20:27:00+00:00,43.55,43.57,43.55,43.57,6.088762988279826534
2026-08-14 20:28:00+00:00,43.57,43.57,43.55,43.57,3.787797990327664649
2026-08-14 20:29:00+00:00,43.57,43.57,43.55,43.57,4.31187110650030158
2026-08-14 20:30:00+00:00,43.57,43.57,43.55,43.57,4.146968840408047852
2026-08-14 20:31:00+00:00,43.57,43.57,43.55,43.55,4.207737393960969672
2026-08-14 20:32:00+00:00,43.55,43.57,43.55,43.55,3.721865238170651653
2026-08-14 20:33:00+00:00,43.55,43.57,43.55,43.57,3.733884573355042897
2026-08-14 20:34:00+00:00,43.57,43.57,43.55,43.57,3.473557891585837689
2026-08-14 20:35:00+00:00,43.57,43.57,43.55,43.57,4.326641136226671935
2026-08-14 20:36:00+00:00,43.57,43.58,43.55,43.57,22.37015239090094847
2026-08-14 20:37:00+00:00,43.57,43.59,43.57,43.57,5.83528315413463536
2026-08-14 20:38:00+00:00,43.57,43.59,43.57,43.59,7.546789057149520032
2026-08-14 20:39:00+00:00,43.59,43.61,43.59,43.6,476.912527386925368503
2026-08-14 20:40:00+00:00,43.6,43.6,43.58,43.6,6.543749552115261219
2026-08-14 20:41:00+00:00,43.6,43.6,43.58,43.58,3.802395552206003087
2026-08-14 20:42:00+00:00,43.58,43.6,43.58,43.58,3.912063620211274419
2026-08-14 20:43:00+00:00,43.58,43.6,43.58,43.58,4.49892543924281401
2026-08-14 20:44:00+00:00,43.58,43.6,43.58,43.6,4.063277869235530138
2026-08-14 20:45:00+00:00,43.6,43.6,43.58,43.6,4.235504955559953007
2026-08-14 20:46:00+00:00,43.6,43.6,43.57,43.58,521.091188920420000266
2026-08-14 20:47:00+00:00,43.58,43.58,43.57,43.58,5.704377677968692109
2026-08-14 20:48:00+00:00,43.58,43.59,43.57,43.59,4.176610989910015408
2026-08-14 20:49:00+00:00,43.59,43.59,43.57,43.57,3.928363525523659412
2026-08-14 20:50:00+00:00,43.57,43.59,43.57,43.57,4.126877275642590047
2026-08-14 20:51:00+00:00,43.57,43.59,43.57,43.57,3.79452748483677188
2026-08-14 20:52:00+00:00,43.57,43.59,43.57,43.59,3.887414661510645201
2026-08-14 20:53:00+00:00,43.59,43.59,43.55,43.55,489.556373056078648329
2026-08-14 20:54:00+00:00,43.55,43.57,43.53,43.53,587.283117958986099332
2026-08-14 20:55:00+00:00,43.53,43.53,43.51,43.52,877.330552568839820456
2026-08-14 20:56:00+00:00,43.52,43.52,43.51,43.52,4.103734858112401472
2026-08-14 20:57:00+00:00,43.52,43.52,43.51,43.51,4.00856845894959914
2026-08-14 20:58:00+00:00,43.51,43.52,43.5,43.5,7.560215648345491591
2026-08-14 20:59:00+00:00,43.5,43.52,43.5,43.5,4.103144026791751178
2026-08-14 21:00:00+00:00,43.5,43.54,43.5,43.54,11.55446191557068319
2026-08-14 21:01:00+00:00,43.54,43.54,43.52,43.54,4.08259115392539652
2026-08-14 21:02:00+00:00,43.54,43.54,43.52,43.54,4.049472077315652943
2026-08-14 21:03:00+00:00,43.54,43.54,43.52,43.52,3.4990796052142722
2026-08-14 21:04:00+00:00,43.52,43.56,43.52,43.56,12.433224590716004786
2026-08-14 21:05:00+00:00,43.56,43.57,43.55,43.55,6.090314474185502538
2026-08-14 21:06:00+00:00,43.55,43.57,43.55,43.57,4.020224609197440696
2026-08-14 21:07:00+00:00,43.57,43.57,43.55,43.57,3.7687429152501998
2026-08-14 21:08:00+00:00,43.57,43.57,43.53,43.53,998.518394677817097382
2026-08-14 21:09:00+00:00,43.53,43.56,43.53,43.55,5.415538748938514404
2026-08-14 21:10:00+00:00,43.55,43.56,43.55,43.55,4.29712153894650502
2026-08-14 21:11:00+00:00,43.55,43.56,43.55,43.56,3.732237124401303501
2026-08-14 21:12:00+00:00,43.56,43.56,43.55,43.56,4.131596146202659087
2026-08-14 21:13:00+00:00,43.56,43.58,43.55,43.57,5.175523428409293228
2026-08-14 21:14:00+00:00,43.57,43.58,43.57,43.57,4.141160911376490779
2026-08-14 21:15:00+00:00,43.57,43.58,43.57,43.57,4.379030721084889948
2026-08-14 21:16:00+00:00,43.57,43.58,43.57,43.58,3.895722823374117045
2026-08-14 21:17:00+00:00,43.58,43.58,43.57,43.58,4.571520058715577769
2026-08-14 21:18:00+00:00,43.58,43.58,43.57,43.58,3.756813425416290851
2026-08-14 21:19:00+00:00,43.58,43.58,43.56,43.56,21.983883426131486694
2026-08-14 21:20:00+00:00,43.56,43.56,43.54,43.54,6.310388606309978689
2026-08-14 21:21:00+00:00,43.54,43.56,43.54,43.54,3.966963059837950216
2026-08-14 21:22:00+00:00,43.54,43.58,43.54,43.58,8.443824774277948221
2026-08-14 21:23:00+00:00,43.58,43.58,43.56,43.56,3.957213136412310338
2026-08-14 21:24:00+00:00,43.56,43.58,43.56,43.56,4.214620568402536772
2026-08-14 21:25:00+00:00,43.56,43.58,43.56,43.56,4.297269231595861821
2026-08-14 21:26:00+00:00,43.56,43.59,43.56,43.58,17.949619975652231746
2026-08-14 21:27:00+00:00,43.58,43.6,43.58,43.59,7.390460610800809166
2026-08-14 21:28:00+00:00,43.59,43.62,43.59,43.62,5.137031640180482594
2026-08-14 21:29:00+00:00,43.62,43.62,43.6,43.6,3.391656203071564675
2026-08-14 21:30:00+00:00,43.6,43.62,43.6,43.62,6.710024765594437352
2026-08-14 21:31:00+00:00,43.62,43.63,43.6,43.63,4.033781455375547957
2026-08-14 21:32:00+00:00,43.63,43.63,43.6,43.61,514.857625420990811522
2026-08-14 21:33:00+00:00,43.61,43.61,43.6,43.61,4.241709922604233936
2026-08-14 21:34:00+00:00,43.61,43.61,43.6,43.6,3.817021998573679543
2026-08-14 21:35:00+00:00,43.6,43.61,43.55,43.57,981.857606644971402924
2026-08-14 21:36:00+00:00,43.57,43.57,43.54,43.55,509.444564303748305374
2026-08-14 21:37:00+00:00,43.55,43.55,43.54,43.55,4.629349419117619907
2026-08-14 21:38:00+00:00,43.55,43.55,43.54,43.55,4.366905799963821746
2026-08-14 21:39:00+00:00,43.55,43.55,43.54,43.54,3.910792024120238349
2026-08-14 21:40:00+00:00,43.54,43.56,43.53,43.55,19.737899780735402432
2026-08-14 21:41:00+00:00,43.55,43.56,43.55,43.55,4.353278695524285749
2026-08-14 21:42:00+00:00,43.55,43.56,43.55,43.56,3.97330173670743548
2026-08-14 21:43:00+00:00,43.56,43.56,43.52,43.52,477.887414015304803746
2026-08-14 21:44:00+00:00,43.52,43.52,43.5,43.52,510.106224473226857606
2026-08-14 21:45:00+00:00,43.52,43.52,43.5,43.52,3.279358498140635561
2026-08-14 21:46:00+00:00,43.52,43.52,43.5,43.5,3.363637064739688975
2026-08-14 21:47:00+00:00,43.5,43.52,43.5,43.5,3.990033965094658547
2026-08-14 21:48:00+00:00,43.5,43.53,43.5,43.53,12.136741138749755927
2026-08-14 21:49:00+00:00,43.53,43.53,43.52,43.53,3.568601036641396731
2026-08-14 21:50:00+00:00,43.53,43.53,43.52,43.53,4.2915706692308212
2026-08-14 21:51:00+00:00,43.53,43.55,43.52,43.55,524.407430808273889507
2026-08-14 21:52:00+00:00,43.55,43.55,43.52,43.52,488.056157413221475967
2026-08-14 21:53:00+00:00,43.52,43.54,43.52,43.52,4.112389416679051035
2026-08-14 21:54:00+00:00,43.52,43.54,43.52,43.54,3.786412859456483552
2026-08-14 21:55:00+00:00,43.54,43.54,43.52,43.54,3.851106783147342531
2026-08-14 21:56:00+00:00,43.54,43.54,43.52,43.54,4.174332172579642783
2026-08-14 21:57:00+00:00,43.54,43.54,43.52,43.52,3.745744267863897965
2026-08-14 21:58:00+00:00,43.52,43.56,43.52,43.56,15.672733961072820442
2026-08-14 21:59:00+00:00,43.56,43.56,43.54,43.56,2.615679374865285413
2026-08-14 22:00:00+00:00,43.56,43.59,43.53,43.59,479.025023183169214914
2026-08-14 22:01:00+00:00,43.59,43.6,43.57,43.6,6.547560013604829393
2026-08-14 22:02:00+00:00,43.6,43.61,43.59,43.59,4.704823614805765934
2026-08-14 22:03:00+00:00,43.59,43.62,43.59,43.61,5.404815550597999828
2026-08-14 22:04:00+00:00,43.61,43.63,43.59,43.6,953.536519246820170985
2026-08-14 22:05:00+00:00,43.6,43.65,43.6,43.63,5.640745748701459902
2026-08-14 22:06:00+00:00,43.63,43.65,43.63,43.63,4.03437771912565809
2026-08-14 22:07:00+00:00,43.63,43.65,43.61,43.63,509.488699909308868086
2026-08-14 22:08:00+00:00,43.63,43.63,43.61,43.63,4.542368427926504389
2026-08-14 22:09:00+00:00,43.63,43.63,43.61,43.63,3.638342962697882161
2026-08-14 22:10:00+00:00,43.63,43.63,43.61,43.61,3.72818655005930243
2026-08-14 22:11:00+00:00,43.61,43.63,43.6,43.61,509.921433951892152998
2026-08-14 22:12:00+00:00,43.61,43.61,43.6,43.6,3.953793076245032593
2026-08-14 22:13:00+00:00,43.6,43.61,43.6,43.6,3.854045133154797836
2026-08-14 22:14:00+00:00,43.6,43.61,43.6,43.61,3.875090412517960482
2026-08-14 22:15:00+00:00,43.61,43.61,43.6,43.61,3.995948823916743271
2026-08-14 22:16:00+00:00,43.61,43.61,43.58,43.58,513.538302107315059075
2026-08-14 22:17:00+00:00,43.58,43.59,43.58,43.59,3.674332664684619632
2026-08-14 22:18:00+00:00,43.59,43.62,43.58,43.62,8.707769800668683364
2026-08-14 22:19:00+00:00,43.62,43.64,43.6,43.62,5.855930700081183825
2026-08-14 22:20:00+00:00,43.62,43.64,43.62,43.62,4.079519744094380635
2026-08-14 22:21:00+00:00,43.62,43.64,43.62,43.62,4.219049023921703599
2026-08-14 22:22:00+00:00,43.62,43.64,43.62,43.64,3.626855517465856901
2026-08-14 22:23:00+00:00,43.64,43.64,43.62,43.64,3.881530012343079612
2026-08-14 22:24:00+00:00,43.64,43.64,43.6,43.63,960.297761428818481448
2026-08-14 22:25:00+00:00,43.63,43.63,43.6,43.6,478.989998689296737299
2026-08-14 22:26:00+00:00,43.6,43.61,43.6,43.61,4.490268455387515273
2026-08-14 22:27:00+00:00,43.61,43.61,43.58,43.59,623.254067951503981298
2026-08-14 22:28:00+00:00,43.59,43.59,43.58,43.58,3.787224856213153118
2026-08-14 22:29:00+00:00,43.58,43.59,43.58,43.58,4.248607429296794428
2026-08-14 22:30:00+00:00,43.58,43.61,43.57,43.61,397.603246384502066855
2026-08-14 22:31:00+00:00,43.61,43.61,43.57,43.59,478.342314938801638763
2026-08-14 22:32:00+00:00,43.59,43.61,43.59,43.59,4.118684160565406976
2026-08-14 22:33:00+00:00,43.59,43.61,43.58,43.58,480.402254526876587483
2026-08-14 22:34:00+00:00,43.58,43.59,43.58,43.58,4.30477769035826663
2026-08-14 22:35:00+00:00,43.58,43.59,43.58,43.59,3.8167381797573261
2026-08-14 22:36:00+00:00,43.59,43.59,43.57,43.59,510.283914087143990828
2026-08-14 22:37:00+00:00,43.59,43.59,43.55,43.57,1504.740649377378797956
2026-08-14 22:38:00+00:00,43.57,43.58,43.55,43.58,5.925219545933993391
2026-08-14 22:39:00+00:00,43.58,43.59,43.57,43.57,4.738339905135717475
2026-08-14 22:40:00+00:00,43.57,43.59,43.57,43.57,4.356576504740402655
2026-08-14 22:41:00+00:00,43.57,43.6,43.57,43.6,7.015432925289265382
2026-08-14 22:42:00+00:00,43.6,43.6,43.59,43.6,4.039094675994620423
2026-08-14 22:43:00+00:00,43.6,43.6,43.58,43.6,8.137256011508196409
2026-08-14 22:44:00+00:00,43.6,43.6,43.58,43.58,3.617457454602102637
2026-08-14 22:45:00+00:00,43.58,43.6,43.58,43.58,3.689363513689892253
2026-08-14 22:46:00+00:00,43.58,43.6,43.58,43.6,3.180092258884851642
2026-08-14 22:47:00+00:00,43.6,43.6,43.58,43.6,3.873496995928609616
2026-08-14 22:48:00+00:00,43.6,43.61,43.58,43.61,18.56488215651704191
2026-08-14 22:49:00+00:00,43.61,43.61,43.6,43.6,3.908687769407319668
2026-08-14 22:50:00+00:00,43.6,43.61,43.59,43.61,480.51293694659667233
2026-08-14 22:51:00+00:00,43.61,43.61,43.57,43.59,489.819809028321706477
2026-08-14 22:52:00+00:00,43.59,43.6,43.58,43.58,4.97164409037563958
2026-08-14 22:53:00+00:00,43.58,43.61,43.58,43.6,5.795443437036779976
2026-08-14 22:54:00+00:00,43.6,43.61,43.6,43.6,4.107910608836875635
2026-08-14 22:55:00+00:00,43.6,43.61,43.6,43.61,3.443278591098329853
2026-08-14 22:56:00+00:00,43.61,43.61,43.6,43.61,4.092756174936730691
2026-08-14 22:57:00+00:00,43.61,43.61,43.57,43.58,991.990020596834534018
2026-08-14 22:58:00+00:00,43.58,43.58,43.57,43.58,3.847495582164679791
2026-08-14 22:59:00+00:00,43.58,43.59,43.57,43.59,9.77737795413581505
2026-08-14 23:00:00+00:00,43.59,43.6,43.59,43.59,5.129455886902769966
2026-08-14 23:01:00+00:00,43.59,43.6,43.59,43.59,4.290040841367959567
2026-08-14 23:02:00+00:00,43.59,43.61,43.59,43.61,8.381176477914894218
2026-08-14 23:03:00+00:00,43.61,43.61,43.59,43.61,3.994521378383626078
2026-08-14 23:04:00+00:00,43.61,43.66,43.61,43.64,1455.906400961669268694
2026-08-14 23:05:00+00:00,43.64,43.66,43.63,43.64,5.972540478678318587
2026-08-14 23:06:00+00:00,43.64,43.64,43.63,43.64,4.316432422842446675
2026-08-14 23:07:00+00:00,43.64,43.65,43.63,43.63,7.93658495962411624
2026-08-14 23:08:00+00:00,43.63,43.65,43.61,43.61,509.367731853098184174
2026-08-14 23:09:00+00:00,43.61,43.62,43.61,43.62,3.44225701191871892
2026-08-14 23:10:00+00:00,43.62,43.62,43.61,43.62,4.508320051820242797
2026-08-14 23:11:00+00:00,43.62,43.63,43.61,43.63,10.463461463452189081
2026-08-14 23:12:00+00:00,43.63,43.63,43.61,43.61,4.189038969428933328
2026-08-14 23:13:00+00:00,43.61,43.63,43.61,43.61,4.186416260267031504
2026-08-14 23:14:00+00:00,43.61,43.63,43.61,43.61,3.745478249037435817
2026-08-14 23:15:00+00:00,43.61,43.65,43.61,43.65,499.141417971915230466
2026-08-14 23:16:00+00:00,43.65,43.65,43.61,43.63,981.357197648708351627
2026-08-14 23:17:00+00:00,43.63,43.63,43.6,43.6,477.949377742230149117
2026-08-14 23:18:00+00:00,43.6,43.63,43.6,43.63,7.680328642284037671
2026-08-14 23:19:00+00:00,43.63,43.65,43.59,43.59,939.954166893872060921
2026-08-14 23:20:00+00:00,43.59,43.62,43.59,43.62,4.755947080276613389
2026-08-14 23:21:00+00:00,43.62,43.62,43.61,43.62,4.051053468695949388
2026-08-14 23:22:00+00:00,43.62,43.64,43.61,43.62,8.156036805430473515
2026-08-14 23:23:00+00:00,43.62,43.65,43.62,43.63,479.530745720223786881
2026-08-14 23:24:00+00:00,43.63,43.65,43.63,43.65,7.043781344687795593
2026-08-14 23:25:00+00:00,43.65,43.69,43.65,43.68,476.694102033058723133
2026-08-14 23:26:00+00:00,43.68,43.68,43.65,43.67,964.178438604627831899
2026-08-14 23:27:00+00:00,43.67,43.68,43.66,43.68,476.876867568669696911
2026-08-14 23:28:00+00:00,43.68,43.69,43.65,43.69,513.335601855364283705
2026-08-14 23:29:00+00:00,43.69,43.69,43.67,43.67,3.78165485402781834
2026-08-14 23:30:00+00:00,43.67,43.69,43.66,43.66,480.676823186130621955
2026-08-14 23:31:00+00:00,43.66,43.68,43.66,43.66,4.280490813965390231
2026-08-14 23:32:00+00:00,43.66,43.68,43.66,43.68,3.996091058696990896
2026-08-14 23:33:00+00:00,43.68,43.68,43.66,43.68,4.034292784822445834
2026-08-14 23:34:00+00:00,43.68,43.68,43.66,43.66,4.012018695917000996
2026-08-14 23:35:00+00:00,43.66,43.68,43.66,43.66,4.384585055347767206
2026-08-14 23:36:00+00:00,43.66,43.69,43.65,43.69,979.339167641213303612
2026-08-14 23:37:00+00:00,43.69,43.71,43.68,43.68,476.057057623333408939
2026-08-14 23:38:00+00:00,43.68,43.71,43.68,43.69,476.70118510309907608
2026-08-14 23:39:00+00:00,43.69,43.71,43.69,43.71,3.672651596471238596
2026-08-14 23:40:00+00:00,43.71,43.71,43.69,43.7,3.954105066222234554
2026-08-14 23:41:00+00:00,43.7,43.72,43.69,43.72,11.844143928146217336
2026-08-14 23:42:00+00:00,43.72,43.73,43.71,43.71,5.355624107475901197
2026-08-14 23:43:00+00:00,43.71,43.73,43.69,43.69,987.72676532097375477
2026-08-14 23:44:00+00:00,43.69,43.71,43.69,43.71,6.223438281785959063
2026-08-14 23:45:00+00:00,43.71,43.73,43.71,43.73,5.620943482786058217
2026-08-14 23:46:00+00:00,43.73,43.73,43.71,43.73,3.852172989313858567
2026-08-14 23:47:00+00:00,43.73,43.73,43.71,43.71,4.095952231364203589
2026-08-14 23:48:00+00:00,43.71,43.74,43.71,43.72,480.265832954701669307
2026-08-14 23:49:00+00:00,43.72,43.74,43.72,43.74,7.539360663171840917
2026-08-14 23:50:00+00:00,43.74,43.76,43.74,43.76,5.428793479375444746
2026-08-14 23:51:00+00:00,43.76,43.76,43.73,43.75,1055.472586031294267144
2026-08-14 23:52:00+00:00,43.75,43.76,43.75,43.75,4.361904006267955075
2026-08-14 23:53:00+00:00,43.75,43.77,43.75,43.77,4.896287486295710023
2026-08-14 23:54:00+00:00,43.77,43.77,43.75,43.77,3.573612318939913177
2026-08-14 23:55:00+00:00,43.77,43.77,43.75,43.75,3.913515673488038117
2026-08-14 23:56:00+00:00,43.75,43.78,43.75,43.77,11.059717769450703055
2026-08-14 23:57:00+00:00,43.77,43.82,43.77,43.81,3615.171792578403363089
2026-08-14 23:58:00+00:00,43.81,43.83,43.8,43.83,946.560446158110124417
2026-08-14 23:59:00+00:00,43.83,43.83,43.8,43.82,507.40525498748075823
2026-08-15 00:00:00+00:00,43.82,43.84,43.8,43.82,2882.403803578077612459
2026-08-15 00:01:00+00:00,43.82,43.87,43.82,43.87,470.035549514466428272
2026-08-15 00:02:00+00:00,43.87,43.87,43.83,43.83,977.157467869650814461
2026-08-15 00:03:00+00:00,43.83,43.85,43.82,43.82,933.844887470146856202
2026-08-15 00:04:00+00:00,43.82,43.83,43.82,43.83,11.658434656825732123
2026-08-15 00:05:00+00:00,43.83,43.84,43.82,43.84,5.754448938721852764
2026-08-15 00:06:00+00:00,43.84,43.84,43.73,43.73,1476.739554679289884501
2026-08-15 00:07:00+00:00,43.73,43.77,43.71,43.77,1457.744969469108641088
2026-08-15 00:08:00+00:00,43.77,43.79,43.76,43.76,475.557013879763436552
2026-08-15 00:09:00+00:00,43.76,43.78,43.74,43.74,964.54790764248817112
2026-08-15 00:10:00+00:00,43.74,43.74,43.71,43.73,475.661409646194357455
2026-08-15 00:11:00+00:00,43.73,43.75,43.71,43.75,5.879569608222563072
2026-08-15 00:12:00+00:00,43.75,43.76,43.73,43.76,490.901859480059294492
2026-08-15 00:13:00+00:00,43.76,43.77,43.73,43.76,543.863431760198372613
2026-08-15 00:14:00+00:00,43.76,43.76,43.74,43.76,3.920416074209492852
2026-08-15 00:15:00+00:00,43.76,43.76,43.74,43.74,3.879927603196217629
2026-08-15 00:16:00+00:00,43.74,43.76,43.74,43.74,4.239306409237232803
2026-08-15 00:17:00+00:00,43.74,43.76,43.74,43.76,12.924211770734329227
2026-08-15 00:18:00+00:00,43.76,43.77,43.75,43.77,476.197339808845508993
2026-08-15 00:19:00+00:00,43.77,43.77,43.73,43.73,977.576880255098354476
2026-08-15 00:20:00+00:00,43.73,43.75,43.73,43.73,4.087637144817222561
2026-08-15 00:21:00+00:00,43.73,43.75,43.73,43.75,3.598889800398549537
2026-08-15 00:22:00+00:00,43.75,43.75,43.72,43.73,1515.541054078076747545
2026-08-15 00:23:00+00:00,43.73,43.74,43.73,43.73,4.232555704346547705
2026-08-15 00:24:00+00:00,43.73,43.76,43.73,43.74,477.651025622784936989
2026-08-15 00:25:00+00:00,43.74,43.76,43.72,43.74,967.085870403014399182
2026-08-15 00:26:00+00:00,43.74,43.74,43.72,43.72,4.091303127814654585
2026-08-15 00:27:00+00:00,43.72,43.74,43.71,43.71,507.59119257979133957
2026-08-15 00:28:00+00:00,43.71,43.75,43.71,43.75,528.493681099664469741
2026-08-15 00:29:00+00:00,43.75,43.75,43.73,43.73,3.984121852183353805
2026-08-15 00:30:00+00:00,43.73,43.75,43.73,43.73,4.024137801443925379
2026-08-15 00:31:00+00:00,43.73,43.75,43.73,43.75,4.339745341217209496
2026-08-15 00:32:00+00:00,43.75,43.75,43.73,43.75,4.489289831759824893
2026-08-15 00:33:00+00:00,43.75,43.75,43.73,43.73,2.880895536898500534
2026-08-15 00:34:00+00:00,43.73,43.75,43.73,43.73,3.484549590670020576
2026-08-15 00:35:00+00:00,43.73,43.75,43.72,43.72,455.582289512169396073
2026-08-15 00:36:00+00:00,43.72,43.73,43.72,43.72,4.382922340763175171
2026-08-15 00:37:00+00:00,43.72,43.73,43.72,43.73,3.646992006174460301
2026-08-15 00:38:00+00:00,43.73,43.73,43.72,43.73,4.167000452330685109
2026-08-15 00:39:00+00:00,43.73,43.73,43.7,43.72,514.50034599671028694
2026-08-15 00:40:00+00:00,43.72,43.73,43.7,43.71,6.220006989866003446
2026-08-15 00:41:00+00:00,43.71,43.73,43.71,43.71,4.073954848555666165
2026-08-15 00:42:00+00:00,43.71,43.73,43.71,43.72,3.948858313497531777
2026-08-15 00:43:00+00:00,43.72,43.72,43.71,43.72,3.919111322379075423
2026-08-15 00:44:00+00:00,43.72,43.72,43.71,43.72,4.084292207665803657
2026-08-15 00:45:00+00:00,43.72,43.72,43.71,43.71,3.891320209532050524
2026-08-15 00:46:00+00:00,43.71,43.73,43.71,43.71,10.767218039650643314
2026-08-15 00:47:00+00:00,43.71,43.73,43.71,43.73,3.509667217613040395
2026-08-15 00:48:00+00:00,43.73,43.73,43.71,43.72,484.444900465182716254
2026-08-15 00:49:00+00:00,43.72,43.72,43.7,43.72,22.187487619160050757
2026-08-15 00:50:00+00:00,43.72,43.72,43.69,43.7,8.510428378217112845
2026-08-15 00:51:00+00:00,43.7,43.71,43.69,43.69,4.204944099486281466
2026-08-15 00:52:00+00:00,43.69,43.71,43.69,43.69,3.515640774976083808
2026-08-15 00:53:00+00:00,43.69,43.71,43.69,43.71,4.152192725112071855
2026-08-15 00:54:00+00:00,43.71,43.71,43.69,43.71,3.654292683854064467
2026-08-15 00:55:00+00:00,43.71,43.71,43.69,43.71,4.424535674613977897
2026-08-15 00:56:00+00:00,43.71,43.71,43.68,43.69,8.414905212422644696
2026-08-15 00:57:00+00:00,43.69,43.7,43.68,43.68,4.603000952756931268
2026-08-15 00:58:00+00:00,43.68,43.7,43.67,43.67,2169.964944908946821165
2026-08-15 00:59:00+00:00,43.67,43.68,43.65,43.65,123.203279661933776902
2026-08-15 01:00:00+00:00,43.65,43.67,43.64,43.67,731.376107545651196425
2026-08-15 01:01:00+00:00,43.67,43.67,43.64,43.65,510.321018637465775581
2026-08-15 01:02:00+00:00,43.65,43.65,43.64,43.65,3.951422673062849948
2026-08-15 01:03:00+00:00,43.65,43.65,43.63,43.65,8.244426281533602681
2026-08-15 01:04:00+00:00,43.65,43.65,43.63,43.65,4.243789646299363668
2026-08-15 01:05:00+00:00,43.65,43.65,43.63,43.63,3.911056412889919102
2026-08-15 01:06:00+00:00,43.63,43.65,43.63,43.63,4.368280387587069118
2026-08-15 01:07:00+00:00,43.63,43.65,43.63,43.63,4.315417515665288047
2026-08-15 01:08:00+00:00,43.63,43.65,43.63,43.65,3.452067791768697457
2026-08-15 01:09:00+00:00,43.65,43.65,43.63,43.65,3.568573553669971291
2026-08-15 01:10:00+00:00,43.65,43.66,43.63,43.66,21.237607331426659967
2026-08-15 01:11:00+00:00,43.66,43.66,43.63,43.66,508.048627155013640595
2026-08-15 01:12:00+00:00,43.66,43.66,43.63,43.64,508.03011955142079891
2026-08-15 01:13:00+00:00,43.64,43.65,43.63,43.63,4.190894261044989636
2026-08-15 01:14:00+00:00,43.63,43.65,43.63,43.65,3.909614715433515035
2026-08-15 01:15:00+00:00,43.65,43.65,43.63,43.65,4.390447990351017438
2026-08-15 01:16:00+00:00,43.65,43.65,43.63,43.65,4.077426169609643097
2026-08-15 01:17:00+00:00,43.65,43.65,43.63,43.63,3.355496168315305806
2026-08-15 01:18:00+00:00,43.63,43.65,43.63,43.63,4.293042703416394076
2026-08-15 01:19:00+00:00,43.63,43.66,43.63,43.66,18.234639043380209404
2026-08-15 01:20:00+00:00,43.66,43.66,43.65,43.65,2.634704828889696963
2026-08-15 01:21:00+00:00,43.65,43.67,43.65,43.65,11.754654339061272755
2026-08-15 01:22:00+00:00,43.65,43.71,43.65,43.71,6.399523513836020179
2026-08-15 01:23:00+00:00,43.71,43.72,43.69,43.69,5.455492786205459871
2026-08-15 01:24:00+00:00,43.69,43.71,43.69,43.71,6.262500477171712531
2026-08-15 01:25:00+00:00,43.71,43.73,43.71,43.73,3.665042427226459551
2026-08-15 01:26:00+00:00,43.73,43.73,43.71,43.71,2.647943232067705243
2026-08-15 01:27:00+00:00,43.71,43.74,43.71,43.73,7.192349575491393252
2026-08-15 01:28:00+00:00,43.73,43.74,43.72,43.72,6.603079297635595068
2026-08-15 01:29:00+00:00,43.72,43.74,43.72,43.74,3.920593764785760983
2026-08-15 01:30:00+00:00,43.74,43.74,43.72,43.74,3.395799724814894294
2026-08-15 01:31:00+00:00,43.74,43.74,43.72,43.72,2.913490136132540655
2026-08-15 01:32:00+00:00,43.72,43.75,43.72,43.74,13.517243534972192515
2026-08-15 01:33:00+00:00,43.74,43.75,43.74,43.74,3.930996532758508061
2026-08-15 01:34:00+00:00,43.74,43.77,43.74,43.77,7.580081684269511119
2026-08-15 01:35:00+00:00,43.77,43.77,43.73,43.73,1439.520669141649725647
2026-08-15 01:36:00+00:00,43.73,43.75,43.73,43.73,4.492048092515762302
2026-08-15 01:37:00+00:00,43.73,43.75,43.72,43.72,515.295818454880342927
2026-08-15 01:38:00+00:00,43.72,43.73,43.71,43.73,467.520134832158955365
2026-08-15 01:39:00+00:00,43.73,43.73,43.71,43.73,5.855617212441542051
2026-08-15 01:40:00+00:00,43.73,43.74,43.73,43.73,4.178170139519525335
2026-08-15 01:41:00+00:00,43.73,43.74,43.72,43.74,477.215766518989947879
2026-08-15 01:42:00+00:00,43.74,43.74,43.72,43.74,9.189513715077962218
2026-08-15 01:43:00+00:00,43.74,43.78,43.74,43.78,4.208561672998091608
2026-08-15 01:44:00+00:00,43.78,43.78,43.76,43.76,3.942953559972039016
2026-08-15 01:45:00+00:00,43.76,43.79,43.76,43.78,8.789396959269221019
2026-08-15 01:46:00+00:00,43.78,43.83,43.78,43.82,476.800291242120823881
2026-08-15 01:47:00+00:00,43.82,43.84,43.81,43.82,478.508440233015630776
2026-08-15 01:48:00+00:00,43.82,43.82,43.81,43.82,4.176367141168384987
2026-08-15 01:49:00+00:00,43.82,43.82,43.8,43.82,507.875402644866470911
2026-08-15 01:50:00+00:00,43.82,43.82,43.8,43.8,3.656823962286564584
2026-08-15 01:51:00+00:00,43.8,43.83,43.8,43.82,11.718020537544083909
2026-08-15 01:52:00+00:00,43.82,43.83,43.76,43.76,2026.277945045758104352
2026-08-15 01:53:00+00:00,43.76,43.77,43.76,43.77,4.030866474620742708
2026-08-15 01:54:00+00:00,43.77,43.77,43.75,43.77,483.802053007672707819
2026-08-15 01:55:00+00:00,43.77,43.77,43.75,43.75,4.029304428995724398
2026-08-15 01:56:00+00:00,43.75,43.77,43.75,43.75,4.036824977316492049
2026-08-15 01:57:00+00:00,43.75,43.81,43.75,43.81,10.831166538023262949
2026-08-15 01:58:00+00:00,43.81,43.84,43.79,43.84,7.333563704429396596
2026-08-15 01:59:00+00:00,43.84,43.84,43.81,43.82,611.997107931444289162
2026-08-15 02:00:00+00:00,43.82,43.82,43.81,43.81,3.708846830495279025
2026-08-15 02:01:00+00:00,43.81,43.82,43.8,43.8,478.255450786113267288
2026-08-15 02:02:00+00:00,43.8,43.82,43.8,43.8,3.83581917724856146
2026-08-15 02:03:00+00:00,43.8,43.82,43.8,43.8,13.284314860085572132
2026-08-15 02:04:00+00:00,43.8,43.85,43.8,43.84,7.672198337362109969
2026-08-15 02:05:00+00:00,43.84,43.85,43.83,43.85,474.959663284123132091
2026-08-15 02:06:00+00:00,43.85,43.85,43.83,43.83,4.151906804849565186
2026-08-15 02:07:00+00:00,43.83,43.85,43.81,43.81,1008.77512062909749916
2026-08-15 02:08:00+00:00,43.81,43.83,43.8,43.8,593.736299951391355326
2026-08-15 02:09:00+00:00,43.8,43.82,43.76,43.77,1070.96860083640168844
2026-08-15 02:10:00+00:00,43.77,43.78,43.77,43.78,5.535943853063894662
2026-08-15 02:11:00+00:00,43.78,43.78,43.75,43.78,554.800518614987572728
2026-08-15 02:12:00+00:00,43.78,43.79,43.76,43.79,8.360254375751441437
2026-08-15 02:13:00+00:00,43.79,43.81,43.78,43.8,5.543328213577860734
2026-08-15 02:14:00+00:00,43.8,43.81,43.79,43.79,476.475549562648922173
2026-08-15 02:15:00+00:00,43.79,43.82,43.79,43.82,8.100678233197726815
2026-08-15 02:16:00+00:00,43.82,43.82,43.8,43.82,475.04434896687299411
2026-08-15 02:17:00+00:00,43.82,43.83,43.81,43.81,5.518992635812711052
2026-08-15 02:18:00+00:00,43.81,43.83,43.81,43.81,3.820047429624626652
2026-08-15 02:19:00+00:00,43.81,43.83,43.81,43.83,3.228758109278950857
2026-08-15 02:20:00+00:00,43.83,43.83,43.81,43.83,3.969071628919666009
2026-08-15 02:21:00+00:00,43.83,43.85,43.81,43.85,11.944036899791591026
2026-08-15 02:22:00+00:00,43.85,43.85,43.83,43.84,5.695752873553838337
2026-08-15 02:23:00+00:00,43.84,43.86,43.84,43.86,4.242902225395335519
2026-08-15 02:24:00+00:00,43.86,43.86,43.84,43.86,4.350269135620637657
2026-08-15 02:25:00+00:00,43.86,43.9,43.84,43.9,3021.116798900364799434
2026-08-15 02:26:00+00:00,43.9,43.92,43.88,43.92,3867.073694396484754811
2026-08-15 02:27:00+00:00,43.92,43.92,43.9,43.92,4.548432556657365814
2026-08-15 02:28:00+00:00,43.92,43.92,43.89,43.9,505.62842816665016208
2026-08-15 02:29:00+00:00,43.9,43.92,43.89,43.91,6.160728737912726763
2026-08-15 02:30:00+00:00,43.91,43.94,43.91,43.94,1115.225581615800114632
2026-08-15 02:31:00+00:00,43.94,43.94,43.92,43.92,3.794317895407962335
2026-08-15 02:32:00+00:00,43.92,43.94,43.88,43.9,507.230490301266897047
2026-08-15 02:33:00+00:00,43.9,43.92,43.9,43.9,6.279370542795866316
2026-08-15 02:34:00+00:00,43.9,43.92,43.9,43.92,3.539691736061839494
2026-08-15 02:35:00+00:00,43.92,43.92,43.9,43.92,4.249655441037960918
2026-08-15 02:36:00+00:00,43.92,43.94,43.91,43.91,1010.581106933968905214
2026-08-15 02:37:00+00:00,43.91,43.93,43.91,43.91,4.947041860534941522
2026-08-15 02:38:00+00:00,43.91,43.95,43.91,43.95,1573.072293251540677441
2026-08-15 02:39:00+00:00,43.95,43.95,43.93,43.95,4.376646718186213609
2026-08-15 02:40:00+00:00,43.95,43.95,43.93,43.93,3.582010334467882112
2026-08-15 02:41:00+00:00,43.93,43.95,43.93,43.93,4.306486267971566095
2026-08-15 02:42:00+00:00,43.93,43.95,43.93,43.93,3.9022750746028626
2026-08-15 02:43:00+00:00,43.93,43.95,43.91,43.93,483.784733255524123533
2026-08-15 02:44:00+00:00,43.93,43.94,43.92,43.94,4.954241995808875596
2026-08-15 02:45:00+00:00,43.94,43.94,43.92,43.94,4.386875410913872448
2026-08-15 02:46:00+00:00,43.94,43.94,43.92,43.92,3.412273598374335588
2026-08-15 02:47:00+00:00,43.92,43.94,43.91,43.92,494.993584179862290364
2026-08-15 02:48:00+00:00,43.92,43.93,43.91,43.91,4.52532195032747187
2026-08-15 02:49:00+00:00,43.91,43.93,43.91,43.91,4.379031769502660564
2026-08-15 02:50:00+00:00,43.91,43.94,43.91,43.93,8.698721568436985279
2026-08-15 02:51:00+00:00,43.93,43.94,43.93,43.94,3.765936891572753891
2026-08-15 02:52:00+00:00,43.94,43.95,43.93,43.95,11.847479983557530336
2026-08-15 02:53:00+00:00,43.95,43.95,43.93,43.95,3.778052123983574028
2026-08-15 02:54:00+00:00,43.95,43.97,43.93,43.97,1235.098033821336841392
2026-08-15 02:55:00+00:00,43.97,43.97,43.95,43.95,3.774409291887140959
2026-08-15 02:56:00+00:00,43.95,43.98,43.95,43.97,1244.489904603680053223
2026-08-15 02:57:00+00:00,43.97,43.99,43.96,43.99,1128.133610222560448625
2026-08-15 02:58:00+00:00,43.99,43.99,43.97,43.99,473.515833198238819791
2026-08-15 02:59:00+00:00,43.99,43.99,43.97,43.97,3.487927591003041345
2026-08-15 03:00:00+00:00,43.97,44,43.93,43.93,2556.329688356591114285
2026-08-15 03:01:00+00:00,43.93,43.96,43.92,43.96,1110.736389608604324258
2026-08-15 03:02:00+00:00,43.96,43.99,43.96,43.99,4.478499469834859522
2026-08-15 03:03:00+00:00,43.99,43.99,43.95,43.97,975.685860656364032363
2026-08-15 03:04:00+00:00,43.97,43.97,43.95,43.97,3.844241996624547242
2026-08-15 03:05:00+00:00,43.97,43.99,43.95,43.99,8.724974728033249498
2026-08-15 03:06:00+00:00,43.99,43.99,43.98,43.99,4.03380004612648643
2026-08-15 03:07:00+00:00,43.99,43.99,43.97,43.97,475.801483267820350629
2026-08-15 03:08:00+00:00,43.97,43.99,43.97,43.99,3.775699870383219702
2026-08-15 03:09:00+00:00,43.99,43.99,43.97,43.99,3.661307180912319935
2026-08-15 03:10:00+00:00,43.99,44,43.97,44,9.557231175065100598
2026-08-15 03:11:00+00:00,44,44,43.98,43.98,486.7737674237370553
2026-08-15 03:12:00+00:00,43.98,44.01,43.98,44,461.871703596638131149
2026-08-15 03:13:00+00:00,44,44.02,44,44.02,5.367480958392469606
2026-08-15 03:14:00+00:00,44.02,44.02,43.99,44,474.127414078726987906
2026-08-15 03:15:00+00:00,44,44.01,43.97,43.99,506.650835911112315633
2026-08-15 03:16:00+00:00,43.99,44.01,43.97,44.01,5.914968599443562273
2026-08-15 03:17:00+00:00,44.01,44.02,44,44,6.31327650202771661
2026-08-15 03:18:00+00:00,44,44.02,44,44,4.022332173392259712
2026-08-15 03:19:00+00:00,44,44.03,44,44,2218.637647061496749983
2026-08-15 03:20:00+00:00,44,44.01,43.98,43.99,504.099745153540104452
2026-08-15 03:21:00+00:00,43.99,43.99,43.98,43.99,3.916981964254350662
2026-08-15 03:22:00+00:00,43.99,43.99,43.98,43.99,4.024435661252955392
2026-08-15 03:23:00+00:00,43.99,43.99,43.98,43.98,3.754562309574471269
2026-08-15 03:24:00+00:00,43.98,43.99,43.98,43.98,4.04167874359803754
2026-08-15 03:25:00+00:00,43.98,43.99,43.95,43.97,493.115044049629600851
2026-08-15 03:26:00+00:00,43.97,43.97,43.95,43.97,4.391847777067982273
2026-08-15 03:27:00+00:00,43.97,43.99,43.95,43.99,6.679551721063495655
2026-08-15 03:28:00+00:00,43.99,43.99,43.98,43.99,4.18496199010048275
2026-08-15 03:29:00+00:00,43.99,44,43.98,43.98,8.156692745179186803
2026-08-15 03:30:00+00:00,43.98,44,43.97,43.98,479.27182434001867992
2026-08-15 03:31:00+00:00,43.98,44,43.97,43.98,460.478482962546982403
2026-08-15 03:32:00+00:00,43.98,43.99,43.98,43.98,3.820029977047369374
2026-08-15 03:33:00+00:00,43.98,43.99,43.98,43.99,3.763972934648320684
2026-08-15 03:34:00+00:00,43.99,43.99,43.89,43.91,1522.167009389151890879
2026-08-15 03:35:00+00:00,43.91,43.91,43.89,43.91,25.055962769800913337
2026-08-15 03:36:00+00:00,43.91,43.91,43.89,43.91,4.155525799239615772
2026-08-15 03:37:00+00:00,43.91,43.91,43.86,43.87,1427.270624725805991322
2026-08-15 03:38:00+00:00,43.87,43.87,43.84,43.85,1058.422488899432301367
2026-08-15 03:39:00+00:00,43.85,43.85,43.84,43.84,2.425303560578947802
2026-08-15 03:40:00+00:00,43.84,43.89,43.84,43.89,7.865006203759750741
2026-08-15 03:41:00+00:00,43.89,43.92,43.88,43.92,11.563950275870322777
2026-08-15 03:42:00+00:00,43.92,43.92,43.9,43.9,3.918877374891602452
2026-08-15 03:43:00+00:00,43.9,43.92,43.89,43.89,505.071794846162579318
2026-08-15 03:44:00+00:00,43.89,43.92,43.89,43.91,5.648802490606238141
2026-08-15 03:45:00+00:00,43.91,43.92,43.91,43.92,3.65080193320581633
2026-08-15 03:46:00+00:00,43.92,43.92,43.91,43.92,4.238914011687260616
2026-08-15 03:47:00+00:00,43.92,43.92,43.91,43.92,3.417859805140420105
2026-08-15 03:48:00+00:00,43.92,43.92,43.89,43.89,502.758432526781456859
2026-08-15 03:49:00+00:00,43.89,43.9,43.89,43.89,4.234119223301575531
2026-08-15 03:50:00+00:00,43.89,43.91,43.89,43.89,7.706793388492912234
2026-08-15 03:51:00+00:00,43.89,43.92,43.89,43.92,5.582298745903091222
2026-08-15 03:52:00+00:00,43.92,43.97,43.91,43.97,494.8986848374662979
2026-08-15 03:53:00+00:00,43.97,43.97,43.95,43.95,3.700766522215089762
2026-08-15 03:54:00+00:00,43.95,43.98,43.95,43.96,7.975196744563792356
2026-08-15 03:55:00+00:00,43.96,43.98,43.96,43.96,4.192099322588934247
2026-08-15 03:56:00+00:00,43.96,43.99,43.96,43.99,7.370873008610966976
2026-08-15 03:57:00+00:00,43.99,43.99,43.98,43.99,4.577912964633638154
2026-08-15 03:58:00+00:00,43.99,43.99,43.96,43.96,476.429601384778783211
2026-08-15 03:59:00+00:00,43.96,43.98,43.96,43.96,3.801422052210844446
2026-08-15 04:00:00+00:00,43.96,44.02,43.96,44,10.459932886826645101
2026-08-15 04:01:00+00:00,44,44,43.99,43.99,3.20855107049122734
2026-08-15 04:02:00+00:00,43.99,44.05,43.99,44.03,3050.083551308490514901
2026-08-15 04:03:00+00:00,44.03,44.06,44.02,44.02,1465.216852634408242563
2026-08-15 04:04:00+00:00,44.02,44.04,44.02,44.02,4.14130629046907503
2026-08-15 04:05:00+00:00,44.02,44.04,44.02,44.04,3.519394670740448663
2026-08-15 04:06:00+00:00,44.04,44.04,44.01,44.02,174.265155691345757303
2026-08-15 04:07:00+00:00,44.02,44.02,44,44.02,472.372104624641718065
2026-08-15 04:08:00+00:00,44.02,44.02,43.98,43.99,502.428640031733838209
2026-08-15 04:09:00+00:00,43.99,44.01,43.98,44,6.348096533331608025
2026-08-15 04:10:00+00:00,44,44.01,43.97,43.99,639.005871582472869892
2026-08-15 04:11:00+00:00,43.99,43.99,43.96,43.99,725.635891369991134427
2026-08-15 04:12:00+00:00,43.99,44,43.98,43.98,4.522074976060642987
2026-08-15 04:13:00+00:00,43.98,44.01,43.98,44.01,7.587136850239774174
2026-08-15 04:14:00+00:00,44.01,44.02,44,44.02,3.96062872248151666
2026-08-15 04:15:00+00:00,44.02,44.03,44,44.02,3.764624036366045342
2026-08-15 04:16:00+00:00,44.02,44.05,44.02,44.05,506.165476973579009764
2026-08-15 04:17:00+00:00,44.05,44.06,44.03,44.03,971.459950443086889828
2026-08-15 04:18:00+00:00,44.03,44.04,44.02,44.04,465.121480329204711928
2026-08-15 04:19:00+00:00,44.04,44.05,44.04,44.04,3.813817605705678765
2026-08-15 04:20:00+00:00,44.04,44.05,44.03,44.04,475.877706817228461578
2026-08-15 04:21:00+00:00,44.04,44.06,44.04,44.05,4.043001589181349871
2026-08-15 04:22:00+00:00,44.05,44.06,44.04,44.06,4.843368317237344852
2026-08-15 04:23:00+00:00,44.06,44.06,44.04,44.06,4.33826665025769912
2026-08-15 04:24:00+00:00,44.06,44.06,44.04,44.04,3.865677098729624323
2026-08-15 04:25:00+00:00,44.04,44.07,44.04,44.06,456.179116275390454283
2026-08-15 04:26:00+00:00,44.06,44.08,44.06,44.06,6.426248933282661278
2026-08-15 04:27:00+00:00,44.06,44.08,44.06,44.08,3.588429941681570992
2026-08-15 04:28:00+00:00,44.08,44.08,44.06,44.08,3.696473244700964609
2026-08-15 04:29:00+00:00,44.08,44.08,44.06,44.08,4.218871508741173759
2026-08-15 04:30:00+00:00,44.08,44.09,44.06,44.08,1901.527714804248886245
2026-08-15 04:31:00+00:00,44.08,44.09,44.08,44.09,1894.558618008906876252
2026-08-15 04:32:00+00:00,44.09,44.1,44.07,44.08,502.853143913563946324
2026-08-15 04:33:00+00:00,44.08,44.08,44.05,44.06,482.067136067549637809
2026-08-15 04:34:00+00:00,44.06,44.06,44.05,44.05,3.732400740296870994
2026-08-15 04:35:00+00:00,44.05,44.06,44.05,44.06,8.722854630693981932
2026-08-15 04:36:00+00:00,44.06,44.07,44.05,44.05,4.325343763546128109
2026-08-15 04:37:00+00:00,44.05,44.07,44.05,44.07,4.126513690555758594
2026-08-15 04:38:00+00:00,44.07,44.08,44.05,44.08,8.183615130724197075
2026-08-15 04:39:00+00:00,44.08,44.08,44.05,44.06,507.636781835440117153
2026-08-15 04:40:00+00:00,44.06,44.09,44.05,44.07,5.347224043558011943
2026-08-15 04:41:00+00:00,44.07,44.09,44.04,44.04,923.587234310831399441
2026-08-15 04:42:00+00:00,44.04,44.06,44.04,44.06,3.990437962764836814
2026-08-15 04:43:00+00:00,44.06,44.06,44.04,44.06,4.35163425895577123
2026-08-15 04:44:00+00:00,44.06,44.07,44.04,44.06,8.984051504320941149
2026-08-15 04:45:00+00:00,44.06,44.07,44.06,44.06,2.663022755754911018
2026-08-15 04:46:00+00:00,44.06,44.07,44.06,44.06,3.984366039214014014
2026-08-15 04:47:00+00:00,44.06,44.07,44.06,44.07,3.31436428510289978
2026-08-15 04:48:00+00:00,44.07,44.07,44.06,44.07,3.757855363805014116
2026-08-15 04:49:00+00:00,44.07,44.07,44.05,44.06,93.11172987774878362
2026-08-15 04:50:00+00:00,44.06,44.06,44.03,44.04,921.888584370996888997
2026-08-15 04:51:00+00:00,44.04,44.06,44.04,44.06,473.897997002398570543
2026-08-15 04:52:00+00:00,44.06,44.06,44.02,44.04,1003.918238310629119083
2026-08-15 04:53:00+00:00,44.04,44.04,43.98,44.03,3949.412646059657183064
2026-08-15 04:54:00+00:00,44.03,44.03,43.99,44,1426.667860542402863737
2026-08-15 04:55:00+00:00,44,44.01,44,44,4.257541261283592567
2026-08-15 04:56:00+00:00,44,44.01,44,44,3.441203357707958929
2026-08-15 04:57:00+00:00,44,44.01,44,44.01,3.608041044390737636
2026-08-15 04:58:00+00:00,44.01,44.01,43.99,44.01,477.157262914930700892
2026-08-15 04:59:00+00:00,44.01,44.01,43.99,44.01,4.406104824695497136
2026-08-15 05:00:00+00:00,44.01,44.02,43.99,44.01,11.428490134142791606
2026-08-15 05:01:00+00:00,44.01,44.04,44.01,44.03,6.592402898752821546
2026-08-15 05:02:00+00:00,44.03,44.04,44.03,44.04,3.558373073804232637
2026-08-15 05:03:00+00:00,44.04,44.05,44.03,44.05,7.813630012043315699
2026-08-15 05:04:00+00:00,44.05,44.05,44.03,44.05,4.072644788933765358
2026-08-15 05:05:00+00:00,44.05,44.05,44.03,44.03,4.027531378229114751
2026-08-15 05:06:00+00:00,44.03,44.05,44.03,44.03,4.584332970786866754
2026-08-15 05:07:00+00:00,44.03,44.05,44.03,44.03,4.087319655904819816
2026-08-15 05:08:00+00:00,44.03,44.07,44.03,44.07,14.272705214503467614
2026-08-15 05:09:00+00:00,44.07,44.07,44.05,44.07,3.419847008435398535
2026-08-15 05:10:00+00:00,44.07,44.07,44.05,44.07,4.01173649804369119
2026-08-15 05:11:00+00:00,44.07,44.07,44.05,44.07,4.332368095643938655
2026-08-15 05:12:00+00:00,44.07,44.07,44.05,44.05,3.006082857037624847
2026-08-15 05:13:00+00:00,44.05,44.09,44.05,44.07,6.53271793069640341
2026-08-15 05:14:00+00:00,44.07,44.09,44.07,44.09,3.770397617390795055
2026-08-15 05:15:00+00:00,44.09,44.09,44.05,44.07,11.681926136464030843
2026-08-15 05:16:00+00:00,44.07,44.07,44.05,44.07,3.822120437329220585
2026-08-15 05:17:00+00:00,44.07,44.07,44.03,44.03,474.807734312955416731
2026-08-15 05:18:00+00:00,44.03,44.04,44.03,44.03,4.20423401041689228
2026-08-15 05:19:00+00:00,44.03,44.04,44.03,44.03,3.970470493963842251
2026-08-15 05:20:00+00:00,44.03,44.05,44.02,44.04,483.084499647461096809
2026-08-15 05:21:00+00:00,44.04,44.05,44.04,44.04,4.06388274615688348
2026-08-15 05:22:00+00:00,44.04,44.05,44.02,44.02,476.662360819314440947
2026-08-15 05:23:00+00:00,44.02,44.03,44.01,44.03,503.789672126452600399
2026-08-15 05:24:00+00:00,44.03,44.03,44.01,44.03,3.85617543098596869
2026-08-15 05:25:00+00:00,44.03,44.03,44.01,44.03,4.07199307365312417
2026-08-15 05:26:00+00:00,44.03,44.03,44.01,44.01,4.174022457782833093
2026-08-15 05:27:00+00:00,44.01,44.03,43.99,44.01,964.718859789543855754
2026-08-15 05:28:00+00:00,44.01,44.01,43.99,43.99,3.787293129508942634
2026-08-15 05:29:00+00:00,43.99,44.01,43.99,43.99,3.911788172096496486
2026-08-15 05:30:00+00:00,43.99,44.01,43.96,43.98,995.025743928772400223
2026-08-15 05:31:00+00:00,43.98,43.99,43.98,43.99,3.731396212149170696
2026-08-15 05:32:00+00:00,43.99,43.99,43.98,43.99,3.935117535187469221
2026-08-15 05:33:00+00:00,43.99,44.02,43.99,44.02,950.903712441456088472
2026-08-15 05:34:00+00:00,44.02,44.02,44,44.02,4.223555171203172107
2026-08-15 05:35:00+00:00,44.02,44.02,43.98,43.99,490.090994012394399252
2026-08-15 05:36:00+00:00,43.99,44.01,43.98,44,4.767616594449367865
2026-08-15 05:37:00+00:00,44,44.01,43.99,43.99,474.805289746631701778
2026-08-15 05:38:00+00:00,43.99,44.01,43.98,43.98,505.84815255402496688
2026-08-15 05:39:00+00:00,43.98,43.99,43.98,43.99,3.76321219393261997
2026-08-15 05:40:00+00:00,43.99,43.99,43.97,43.99,462.641725327552039612
2026-08-15 05:41:00+00:00,43.99,44,43.97,44,9.660752349295624074
2026-08-15 05:42:00+00:00,44,44,43.99,43.99,4.304492017813965979
2026-08-15 05:43:00+00:00,43.99,44,43.99,43.99,4.038115863109384359
2026-08-15 05:44:00+00:00,43.99,44.02,43.98,43.98,478.599255791182797446
2026-08-15 05:45:00+00:00,43.98,44.01,43.98,44,5.31659861828415925
2026-08-15 05:46:00+00:00,44,44.01,44,44,2.937901639090289396
2026-08-15 05:47:00+00:00,44,44.01,43.99,43.99,474.214669031556909022
2026-08-15 05:48:00+00:00,43.99,44.01,43.97,43.97,506.008167886886017774
2026-08-15 05:49:00+00:00,43.97,43.99,43.97,43.97,3.715908023423976839
2026-08-15 05:50:00+00:00,43.97,43.99,43.97,43.99,3.797534060271621881
2026-08-15 05:51:00+00:00,43.99,43.99,43.97,43.99,4.196781656343319901
2026-08-15 05:52:00+00:00,43.99,43.99,43.97,43.99,3.873567648238949415
2026-08-15 05:53:00+00:00,43.99,43.99,43.97,43.97,4.450238628571641275
2026-08-15 05:54:00+00:00,43.97,43.99,43.97,43.97,2.776464873573361072
2026-08-15 05:55:00+00:00,43.97,43.99,43.96,43.96,504.525991001661597257
2026-08-15 05:56:00+00:00,43.96,43.98,43.96,43.98,4.695347994268867563
2026-08-15 05:57:00+00:00,43.98,43.98,43.96,43.98,4.11138948301837918
2026-08-15 05:58:00+00:00,43.98,43.98,43.96,43.98,4.032243635021461067
2026-08-15 05:59:00+00:00,43.98,43.98,43.96,43.96,3.904552021536797471
2026-08-15 06:00:00+00:00,43.96,43.99,43.96,43.99,5.810986781119453007
2026-08-15 06:01:00+00:00,43.99,43.99,43.98,43.99,4.589561215336777617
2026-08-15 06:02:00+00:00,43.99,44.02,43.98,44.02,476.931687120344748315
2026-08-15 06:03:00+00:00,44.02,44.02,44,44.02,4.251732735120399813
2026-08-15 06:04:00+00:00,44.02,44.02,44,44,3.702339546074098545
2026-08-15 06:05:00+00:00,44,44.02,43.98,44,982.935783354980775039
2026-08-15 06:06:00+00:00,44,44.01,43.98,44.01,5.968593291544807834
2026-08-15 06:07:00+00:00,44.01,44.01,44,44.01,3.861661378612298853
2026-08-15 06:08:00+00:00,44.01,44.03,44,44.03,515.394452228458296517
2026-08-15 06:09:00+00:00,44.03,44.06,44.03,44.04,939.853798795995715296
2026-08-15 06:10:00+00:00,44.04,44.06,44.04,44.06,3.822142231941168487
2026-08-15 06:11:00+00:00,44.06,44.07,44.04,44.05,480.669830409208368725
2026-08-15 06:12:00+00:00,44.05,44.05,44.02,44.03,958.873850390698639658
2026-08-15 06:13:00+00:00,44.03,44.03,44.01,44.01,503.933689145606048304
2026-08-15 06:14:00+00:00,44.01,44.03,43.96,43.98,1550.384545438688884413
2026-08-15 06:15:00+00:00,43.98,44.01,43.96,44.01,5.93958836566107982
2026-08-15 06:16:00+00:00,44.01,44.02,43.99,44.02,6.623151717415424655
2026-08-15 06:17:00+00:00,44.02,44.03,44.01,44.01,4.112403306951657807
2026-08-15 06:18:00+00:00,44.01,44.03,44.01,44.03,3.747685975401601525
2026-08-15 06:19:00+00:00,44.03,44.03,44.01,44.03,3.843365239756434264
2026-08-15 06:20:00+00:00,44.03,44.03,44.01,44.03,1.341148613685603939
2026-08-15 06:21:00+00:00,44.03,44.04,44.01,44.03,11.290092506068574856
2026-08-15 06:22:00+00:00,44.03,44.05,44.03,44.05,6.370333404053605175
2026-08-15 06:23:00+00:00,44.05,44.06,44.05,44.05,4.427091753428793565
2026-08-15 06:24:00+00:00,44.05,44.06,44.05,44.05,4.103986169927191427
2026-08-15 06:25:00+00:00,44.05,44.07,44.05,44.07,9.284845069119052705
2026-08-15 06:26:00+00:00,44.07,44.07,44.05,44.07,3.854803814074554276
2026-08-15 06:27:00+00:00,44.07,44.07,44.05,44.05,3.963704997235076685
2026-08-15 06:28:00+00:00,44.05,44.07,44.03,44.04,506.05386637816136993
2026-08-15 06:29:00+00:00,44.04,44.04,44.03,44.03,47.918115471389233203
2026-08-15 06:30:00+00:00,44.03,44.05,44.03,44.03,6.779358244851258742
2026-08-15 06:31:00+00:00,44.03,44.05,44.03,44.05,3.964614045268381914
2026-08-15 06:32:00+00:00,44.05,44.05,44.03,44.05,4.499649135108839984
2026-08-15 06:33:00+00:00,44.05,44.05,44.01,44.02,479.388643177905011095
2026-08-15 06:34:00+00:00,44.02,44.02,44.01,44.02,4.061161810009517263
2026-08-15 06:35:00+00:00,44.02,44.02,44.01,44.02,3.712993190284187399
2026-08-15 06:36:00+00:00,44.02,44.02,44,44.02,476.999200833978155622
2026-08-15 06:37:00+00:00,44.02,44.02,44,44,2.183165606542480687
2026-08-15 06:38:00+00:00,44,44.02,44,44,4.186639936392548836
2026-08-15 06:39:00+00:00,44,44.03,44,44.02,9.196650347492411246
2026-08-15 06:40:00+00:00,44.02,44.03,44.02,44.03,3.726349119900179572
2026-08-15 06:41:00+00:00,44.03,44.03,44.02,44.03,4.351934381817857237
2026-08-15 06:42:00+00:00,44.03,44.04,44.02,44.04,11.081770122335412733
2026-08-15 06:43:00+00:00,44.04,44.05,44.04,44.04,4.211942909191004767
2026-08-15 06:44:00+00:00,44.04,44.05,44.04,44.04,3.614856543581781492
2026-08-15 06:45:00+00:00,44.04,44.06,44.04,44.06,8.499704264316883481
2026-08-15 06:46:00+00:00,44.06,44.06,44.04,44.06,4.101689824749752931
2026-08-15 06:47:00+00:00,44.06,44.06,44.03,44.04,503.986543665610362163
2026-08-15 06:48:00+00:00,44.04,44.04,44.03,44.04,3.625060126414510125
2026-08-15 06:49:00+00:00,44.04,44.05,44.03,44.03,6.984963243768911999
2026-08-15 06:50:00+00:00,44.03,44.05,44.03,44.03,3.96109657459326952
2026-08-15 06:51:00+00:00,44.03,44.05,44.03,44.05,3.679529275648658697
2026-08-15 06:52:00+00:00,44.05,44.06,44.03,44.05,5.64365003335192792
2026-08-15 06:53:00+00:00,44.05,44.06,44.05,44.06,3.573944337589387698
2026-08-15 06:54:00+00:00,44.06,44.06,44.05,44.06,4.010070412702109335
2026-08-15 06:55:00+00:00,44.06,44.06,44.05,44.06,3.70989635431613994
2026-08-15 06:56:00+00:00,44.06,44.06,44.05,44.05,3.403705044663581748
2026-08-15 06:57:00+00:00,44.05,44.06,44.05,44.05,3.997779743132236862
2026-08-15 06:58:00+00:00,44.05,44.06,44.05,44.05,3.583887449937990856
2026-08-15 06:59:00+00:00,44.05,44.06,44.05,44.06,4.118266253375466223
2026-08-15 07:00:00+00:00,44.06,44.06,44.03,44.03,485.151903879380301643
2026-08-15 07:01:00+00:00,44.03,44.04,44.03,44.03,4.115140670746537066
2026-08-15 07:02:00+00:00,44.03,44.04,44.03,44.04,3.813292702750147848
2026-08-15 07:03:00+00:00,44.04,44.04,44.02,44.03,465.060506706881263839
2026-08-15 07:04:00+00:00,44.03,44.05,44.02,44.05,5.098621272625844823
2026-08-15 07:05:00+00:00,44.05,44.07,44.04,44.06,5.869288730854291336
2026-08-15 07:06:00+00:00,44.06,44.07,44.05,44.05,472.117334799506995278
2026-08-15 07:07:00+00:00,44.05,44.07,44.04,44.05,475.343842765915153935
2026-08-15 07:08:00+00:00,44.05,44.05,44.03,44.03,488.720617845738290172
2026-08-15 07:09:00+00:00,44.03,44.05,44.03,44.03,2.417085435763408651
2026-08-15 07:10:00+00:00,44.03,44.06,44.03,44.05,5.945405347733160341
2026-08-15 07:11:00+00:00,44.05,44.06,44.05,44.06,3.770541032942901609
2026-08-15 07:12:00+00:00,44.06,44.06,44.05,44.06,4.26960022011053959
2026-08-15 07:13:00+00:00,44.06,44.08,44.05,44.08,465.203864356712358129
2026-08-15 07:14:00+00:00,44.08,44.08,44.07,44.07,3.593846867320880774
2026-08-15 07:15:00+00:00,44.07,44.08,44.07,44.07,3.997121798681111589
2026-08-15 07:16:00+00:00,44.07,44.08,44.07,44.07,2.410609647166671399
2026-08-15 07:17:00+00:00,44.07,44.07,44.04,44.06,17.375290441176012066
2026-08-15 07:18:00+00:00,44.06,44.06,44.04,44.06,4.379722412217177215
2026-08-15 07:19:00+00:00,44.06,44.06,44.04,44.06,4.233566501463820076
2026-08-15 07:20:00+00:00,44.06,44.06,44.04,44.04,1.664198240529902455
2026-08-15 07:21:00+00:00,44.04,44.04,44.01,44.01,519.011958853988101704
2026-08-15 07:22:00+00:00,44.01,44.02,44.01,44.02,461.352557574117071602
2026-08-15 07:23:00+00:00,44.02,44.02,43.99,43.99,4.369795960179167733
2026-08-15 07:24:00+00:00,43.99,44.01,43.99,43.99,4.022203425733648016
2026-08-15 07:25:00+00:00,43.99,44.01,43.99,43.99,3.878628661086191167
2026-08-15 07:26:00+00:00,43.99,44.02,43.99,44.02,7.927349774433316678
2026-08-15 07:27:00+00:00,44.02,44.02,44,44,473.055593757259031402
2026-08-15 07:28:00+00:00,44,44.02,44,44,3.863268803436454498
2026-08-15 07:29:00+00:00,44,44.02,44,44,4.045759262318780713
2026-08-15 07:30:00+00:00,44,44.02,44,44.02,2.038947565156333894
2026-08-15 07:31:00+00:00,44.02,44.02,44,44.02,3.661071579034323236
2026-08-15 07:32:00+00:00,44.02,44.02,44,44.02,3.407794669778199986
2026-08-15 07:33:00+00:00,44.02,44.02,44,44,3.578450693899467178
2026-08-15 07:34:00+00:00,44,44.02,44,44,4.361004935772995742
2026-08-15 07:35:00+00:00,44,44.02,44,44.02,3.857597548634918007
2026-08-15 07:36:00+00:00,44.02,44.03,44,44.03,491.603383767504131953
2026-08-15 07:37:00+00:00,44.03,44.03,44,44.01,474.106574841261326278
2026-08-15 07:38:00+00:00,44.01,44.01,44,44,3.737498631509367701
2026-08-15 07:39:00+00:00,44,44.01,44,44,4.138108312160459393
2026-08-15 07:40:00+00:00,44,44.01,44,44,3.514748714135217199
2026-08-15 07:41:00+00:00,44,44.01,44,44.01,2.771269747578029783
2026-08-15 07:42:00+00:00,44.01,44.01,44,44.01,3.113608172729338369
2026-08-15 07:43:00+00:00,44.01,44.01,44,44.01,4.643480970234037713
2026-08-15 07:44:00+00:00,44.01,44.01,43.99,43.99,503.660296343004600735
2026-08-15 07:45:00+00:00,43.99,44.01,43.99,43.99,4.196080650624000543
2026-08-15 07:46:00+00:00,43.99,44.01,43.99,43.99,3.598715976173345871
2026-08-15 07:47:00+00:00,43.99,44.01,43.99,44.01,3.6097488951316578
2026-08-15 07:48:00+00:00,44.01,44.01,43.99,44.01,3.765303526100388738
2026-08-15 07:49:00+00:00,44.01,44.02,43.99,44.01,25.008243306043118902
2026-08-15 07:50:00+00:00,44.01,44.02,44.01,44.02,1.82946305933319644
2026-08-15 07:51:00+00:00,44.02,44.03,44.01,44.01,3.146604985147027727
2026-08-15 07:52:00+00:00,44.01,44.03,44.01,44.01,4.376425097572697712
2026-08-15 07:53:00+00:00,44.01,44.03,44.01,44.03,3.643845644892198476
2026-08-15 07:54:00+00:00,44.03,44.03,44.01,44.03,3.930329385941078466
2026-08-15 07:55:00+00:00,44.03,44.03,44.01,44.01,3.38861678093002524
2026-08-15 07:56:00+00:00,44.01,44.03,44,44.01,482.402844237362822692
2026-08-15 07:57:00+00:00,44.01,44.01,44,44,3.131685050918179748
2026-08-15 07:58:00+00:00,44,44.01,44,44,1.180899940096259114
2026-08-15 07:59:00+00:00,44,44.01,43.98,43.98,504.154533219642475238
2026-08-15 08:00:00+00:00,43.98,43.99,43.98,43.98,3.955771010630077254
2026-08-15 08:01:00+00:00,43.98,44,43.98,44,474.971582448713128577
2026-08-15 08:02:00+00:00,44,44,43.97,43.99,477.24644815831209333
2026-08-15 08:03:00+00:00,43.99,43.99,43.97,43.99,4.591750208079109916
2026-08-15 08:04:00+00:00,43.99,44,43.97,43.99,7.349149610554405438
2026-08-15 08:05:00+00:00,43.99,44.01,43.99,43.99,6.290788565402771498
2026-08-15 08:06:00+00:00,43.99,44.01,43.92,43.95,2102.785392945691046032
2026-08-15 08:07:00+00:00,43.95,43.97,43.94,43.94,474.55090201153090864
2026-08-15 08:08:00+00:00,43.94,43.95,43.94,43.94,4.048186776569352243
2026-08-15 08:09:00+00:00,43.94,43.95,43.94,43.95,3.836465021336883522
2026-08-15 08:10:00+00:00,43.95,43.95,43.94,43.95,4.075049087000941912
2026-08-15 08:11:00+00:00,43.95,43.95,43.94,43.95,4.049189902664870853
2026-08-15 08:12:00+00:00,43.95,43.95,43.94,43.95,3.2850310771281347
2026-08-15 08:13:00+00:00,43.95,43.95,43.94,43.94,3.79444054178751353
2026-08-15 08:14:00+00:00,43.94,43.95,43.94,43.94,4.148754936791974569
2026-08-15 08:15:00+00:00,43.94,43.95,43.94,43.94,3.794172806749093674
2026-08-15 08:16:00+00:00,43.94,43.95,43.94,43.95,3.680669140823431263
2026-08-15 08:17:00+00:00,43.95,43.95,43.94,43.95,4.094807165423115495
2026-08-15 08:18:00+00:00,43.95,43.95,43.94,43.95,4.364858611106364397
2026-08-15 08:19:00+00:00,43.95,43.95,43.94,43.94,3.30934599513350245
2026-08-15 08:20:00+00:00,43.94,43.95,43.93,43.93,494.742894033630921493
2026-08-15 08:21:00+00:00,43.93,43.95,43.93,43.93,4.03037362418803106
2026-08-15 08:22:00+00:00,43.93,43.97,43.93,43.97,25.264868295311571192
2026-08-15 08:23:00+00:00,43.97,43.97,43.95,43.97,4.512687552248236264
2026-08-15 08:24:00+00:00,43.97,43.97,43.95,43.97,3.953584269758856675
2026-08-15 08:25:00+00:00,43.97,43.97,43.95,43.95,3.562804311451364472
2026-08-15 08:26:00+00:00,43.95,43.98,43.95,43.97,12.38088316969283763
2026-08-15 08:27:00+00:00,43.97,43.98,43.96,43.98,4.660926491436649332
2026-08-15 08:28:00+00:00,43.98,43.98,43.96,43.98,3.72735645617724327
2026-08-15 08:29:00+00:00,43.98,43.98,43.96,43.98,4.321066352436648136
2026-08-15 08:30:00+00:00,43.98,43.99,43.96,43.99,8.689877327359856448
2026-08-15 08:31:00+00:00,43.99,44,43.98,44,5.51455717613973334
2026-08-15 08:32:00+00:00,44,44.01,44,44,5.66923224577058932
2026-08-15 08:33:00+00:00,44,44.01,44,44,3.939838569746545201
2026-08-15 08:34:00+00:00,44,44.01,43.99,44.01,476.11518753340680346
2026-08-15 08:35:00+00:00,44.01,44.01,43.98,43.98,477.908569352438420672
2026-08-15 08:36:00+00:00,43.98,43.99,43.97,43.98,510.91628909187074325
2026-08-15 08:37:00+00:00,43.98,44,43.98,44,5.860585368067079457
2026-08-15 08:38:00+00:00,44,44,43.98,43.99,6.866957664856632957
2026-08-15 08:39:00+00:00,43.99,43.99,43.98,43.98,3.46434577663016347
2026-08-15 08:40:00+00:00,43.98,43.99,43.98,43.98,3.763261008201768949
2026-08-15 08:41:00+00:00,43.98,43.99,43.98,43.98,3.886648129236036007
2026-08-15 08:42:00+00:00,43.98,43.99,43.98,43.99,3.390215431987157357
2026-08-15 08:43:00+00:00,43.99,43.99,43.95,43.97,491.471756007218173413
2026-08-15 08:44:00+00:00,43.97,43.98,43.95,43.98,5.762200141159080898
2026-08-15 08:45:00+00:00,43.98,43.98,43.96,43.96,4.168365009861028093
2026-08-15 08:46:00+00:00,43.96,43.98,43.96,43.98,3.687150727375873136
2026-08-15 08:47:00+00:00,43.98,43.98,43.96,43.98,4.191084943896659116
2026-08-15 08:48:00+00:00,43.98,43.98,43.96,43.98,4.20689900198659246
2026-08-15 08:49:00+00:00,43.98,43.98,43.96,43.96,3.952900865684253032
2026-08-15 08:50:00+00:00,43.96,43.98,43.96,43.96,4.338050290457942454
2026-08-15 08:51:00+00:00,43.96,43.98,43.96,43.96,4.300954751953179143
2026-08-15 08:52:00+00:00,43.96,43.98,43.95,43.95,488.924208021737607118
2026-08-15 08:53:00+00:00,43.95,43.96,43.95,43.96,3.932815870462443358
2026-08-15 08:54:00+00:00,43.96,43.96,43.94,43.96,504.58641572078520876
2026-08-15 08:55:00+00:00,43.96,43.96,43.94,43.96,4.364841574021651654
2026-08-15 08:56:00+00:00,43.96,43.96,43.93,43.94,462.787599086458133635
2026-08-15 08:57:00+00:00,43.94,43.94,43.93,43.94,4.023411827128875628
2026-08-15 08:58:00+00:00,43.94,43.96,43.93,43.95,8.305233895337749753
2026-08-15 08:59:00+00:00,43.95,43.96,43.95,43.95,4.145974704483649935
2026-08-15 09:00:00+00:00,43.95,43.96,43.94,43.95,476.96903158120990212
2026-08-15 09:01:00+00:00,43.95,43.96,43.93,43.94,930.068319117619287935
2026-08-15 09:02:00+00:00,43.94,43.94,43.92,43.92,504.793590821210725042
2026-08-15 09:03:00+00:00,43.92,43.94,43.92,43.92,2.188247199982091823
2026-08-15 09:04:00+00:00,43.92,43.94,43.92,43.92,2.993059545513711771
2026-08-15 09:05:00+00:00,43.92,43.94,43.92,43.92,4.375500485842177562
2026-08-15 09:06:00+00:00,43.92,43.94,43.92,43.94,3.737014396183568744
2026-08-15 09:07:00+00:00,43.94,43.95,43.92,43.95,15.011442417902942121
2026-08-15 09:08:00+00:00,43.95,43.95,43.94,43.94,3.800247104982852296
2026-08-15 09:09:00+00:00,43.94,43.96,43.94,43.94,5.924764689020008778
2026-08-15 09:10:00+00:00,43.94,43.97,43.94,43.96,7.503954856323374731
2026-08-15 09:11:00+00:00,43.96,43.98,43.96,43.98,4.807509443441551846
2026-08-15 09:12:00+00:00,43.98,43.98,43.96,43.98,2.221864185929496446
2026-08-15 09:13:00+00:00,43.98,43.98,43.96,43.98,4.283721382992765751
2026-08-15 09:14:00+00:00,43.98,43.98,43.96,43.96,3.627211299618777826
2026-08-15 09:15:00+00:00,43.96,43.98,43.96,43.96,4.109991875287840733
2026-08-15 09:16:00+00:00,43.96,43.98,43.96,43.96,4.007660970471729845
2026-08-15 09:17:00+00:00,43.96,43.98,43.96,43.96,4.139727545939692159
2026-08-15 09:18:00+00:00,43.96,44,43.96,44,9.589076371080957874
2026-08-15 09:19:00+00:00,44,44.01,43.99,43.99,4.156734104170150003
2026-08-15 09:20:00+00:00,43.99,44.01,43.99,43.99,4.186887995190495614
2026-08-15 09:21:00+00:00,43.99,44.03,43.99,44.01,993.579215066651994622
2026-08-15 09:22:00+00:00,44.01,44.04,44.01,44.04,6.103853120194838664
2026-08-15 09:23:00+00:00,44.04,44.04,44.02,44.03,7.900346660327203089
2026-08-15 09:24:00+00:00,44.03,44.05,44.03,44.03,4.316496455440169129
2026-08-15 09:25:00+00:00,44.03,44.05,44.03,44.03,4.117035547169752947
2026-08-15 09:26:00+00:00,44.03,44.05,44.03,44.05,4.07683803453583783
2026-08-15 09:27:00+00:00,44.05,44.05,44.03,44.05,4.566890483039244467
2026-08-15 09:28:00+00:00,44.05,44.05,44.03,44.03,0.259618441971383147
2026-08-15 09:29:00+00:00,44.03,44.03,43.98,43.99,2223.456624889529546015
2026-08-15 09:30:00+00:00,43.99,43.99,43.99,43.99,0
2026-08-15 09:31:00+00:00,43.99,43.99,43.97,43.97,4.366894434367849738
2026-08-15 09:32:00+00:00,43.97,43.99,43.97,43.97,1.338571086539764473
2026-08-15 09:33:00+00:00,43.97,43.99,43.97,43.99,0.901227205327073372
2026-08-15 09:34:00+00:00,43.99,43.99,43.97,43.99,2.753835932381307531
2026-08-15 09:35:00+00:00,43.99,44,43.99,44,7.729862696067288011
2026-08-15 09:36:00+00:00,44,44,43.98,43.98,1.680426950266650129
2026-08-15 09:37:00+00:00,43.98,44,43.98,43.98,3.583814864194468555
2026-08-15 09:38:00+00:00,43.98,44.02,43.98,44,9.323931936609083284
2026-08-15 09:39:00+00:00,44,44.02,44,44.02,1.893545464871339472
2026-08-15 09:40:00+00:00,44.02,44.02,43.98,43.99,507.350001974122015151
2026-08-15 09:41:00+00:00,43.99,43.99,43.98,43.98,2.973934994527777765
2026-08-15 09:42:00+00:00,43.98,43.99,43.98,43.98,2.289043610411684574
2026-08-15 09:43:00+00:00,43.98,43.99,43.98,43.98,0.615738720022048088
2026-08-15 09:44:00+00:00,43.98,44,43.98,43.98,6.44407341958775784
2026-08-15 09:45:00+00:00,43.98,44.01,43.98,44.01,3.998288836290997752
2026-08-15 09:46:00+00:00,44.01,44.01,44.01,44.01,0
2026-08-15 09:47:00+00:00,44.01,44.01,44.01,44.01,0
2026-08-15 09:48:00+00:00,44.01,44.02,44,44,3.55418238388827468
2026-08-15 09:49:00+00:00,44,44.02,44,44.02,2.417476033621081325
2026-08-15 09:50:00+00:00,44.02,44.02,43.99,44,6.208464129244249722
2026-08-15 09:51:00+00:00,44,44,43.99,43.99,3.08698928475479964
2026-08-15 09:52:00+00:00,43.99,44.02,43.99,44.02,7.481318958323034565
2026-08-15 09:53:00+00:00,44.02,44.02,44.01,44.01,4.035877378452978494
2026-08-15 09:54:00+00:00,44.01,44.03,44.01,44.03,11.561906845733199375
2026-08-15 09:55:00+00:00,44.03,44.03,44.01,44.01,3.75655894075237272
2026-08-15 09:56:00+00:00,44.01,44.04,44.01,44.03,7.081478787804522313
2026-08-15 09:57:00+00:00,44.03,44.04,44.03,44.03,2.808441889901258386
2026-08-15 09:58:00+00:00,44.03,44.04,44.03,44.04,3.572928276546644869
2026-08-15 09:59:00+00:00,44.04,44.04,44.03,44.04,4.387474021201381349
2026-08-15 10:00:00+00:00,44.04,44.04,44.03,44.04,3.953198592199233323
2026-08-15 10:01:00+00:00,44.04,44.04,44.03,44.03,3.625583209202378935
2026-08-15 10:02:00+00:00,44.03,44.04,44.01,44.02,475.825750271003262099
2026-08-15 10:03:00+00:00,44.02,44.02,44.01,44.02,4.21724602881857113
2026-08-15 10:04:00+00:00,44.02,44.02,44.01,44.02,3.285230443578712485
2026-08-15 10:05:00+00:00,44.02,44.02,44.01,44.01,3.86363252703399262
2026-08-15 10:06:00+00:00,44.01,44.04,44.01,44.03,9.569771050929231327
2026-08-15 10:07:00+00:00,44.03,44.04,44.03,44.03,4.085153355104469059
2026-08-15 10:08:00+00:00,44.03,44.04,44.03,44.04,1.649209862897953936
2026-08-15 10:09:00+00:00,44.04,44.05,44.03,44.05,466.558211942986743893
2026-08-15 10:10:00+00:00,44.05,44.05,44.03,44.05,3.800427435323609453
2026-08-15 10:11:00+00:00,44.05,44.05,44.03,44.03,3.57277857966513905
2026-08-15 10:12:00+00:00,44.03,44.05,44.03,44.03,4.178464250074051764
2026-08-15 10:13:00+00:00,44.03,44.05,44.03,44.03,4.2087678584640593
2026-08-15 10:14:00+00:00,44.03,44.05,44.03,44.03,4.09807398371196194
2026-08-15 10:15:00+00:00,44.03,44.05,44.02,44.03,503.864809296714333136
2026-08-15 10:16:00+00:00,44.03,44.03,44.02,44.03,3.507876166171860636
2026-08-15 10:17:00+00:00,44.03,44.03,44.02,44.03,3.956802876853923164
2026-08-15 10:18:00+00:00,44.03,44.03,44.02,44.02,3.677870721946943981
2026-08-15 10:19:00+00:00,44.02,44.04,44.02,44.02,10.923338174593954947
2026-08-15 10:20:00+00:00,44.02,44.05,44.02,44.05,5.698530324343370279
2026-08-15 10:21:00+00:00,44.05,44.05,44.04,44.04,3.345772417191676945
2026-08-15 10:22:00+00:00,44.04,44.05,44.04,44.04,4.241080366522643223
2026-08-15 10:23:00+00:00,44.04,44.05,44.04,44.05,2.201539457989383294
2026-08-15 10:24:00+00:00,44.05,44.05,44.03,44.03,11.051748198202494786
2026-08-15 10:25:00+00:00,44.03,44.05,44.03,44.03,4.082588726136833229
2026-08-15 10:26:00+00:00,44.03,44.05,44.03,44.03,4.446384347891992942
2026-08-15 10:27:00+00:00,44.03,44.05,44.03,44.05,3.84164557082765001
2026-08-15 10:28:00+00:00,44.05,44.05,44.03,44.05,4.420271577293677842
2026-08-15 10:29:00+00:00,44.05,44.05,44.03,44.05,3.930762577264546944
2026-08-15 10:30:00+00:00,44.05,44.05,44.03,44.03,3.623956707878721629
2026-08-15 10:31:00+00:00,44.03,44.07,44.03,44.07,17.63987474021057845
2026-08-15 10:32:00+00:00,44.07,44.08,44.06,44.08,6.375644539523181578
2026-08-15 10:33:00+00:00,44.08,44.08,44.06,44.08,4.047584952626059327
2026-08-15 10:34:00+00:00,44.08,44.08,44.06,44.08,4.434176224386313656
2026-08-15 10:35:00+00:00,44.08,44.08,44.05,44.07,478.380420482844820825
2026-08-15 10:36:00+00:00,44.07,44.07,44.05,44.05,3.818508311640211226
2026-08-15 10:37:00+00:00,44.05,44.07,44.05,44.05,4.311888376942368276
2026-08-15 10:38:00+00:00,44.05,44.07,44.05,44.05,2.847325694572688632
2026-08-15 10:39:00+00:00,44.05,44.07,44.03,44.05,492.446643570162981842
2026-08-15 10:40:00+00:00,44.05,44.05,44.04,44.05,3.975212751589979591
2026-08-15 10:41:00+00:00,44.05,44.05,44.04,44.04,3.479950921719085214
2026-08-15 10:42:00+00:00,44.04,44.05,44.04,44.04,3.828655179843728893
2026-08-15 10:43:00+00:00,44.04,44.05,44.04,44.05,2.202543065276536341
2026-08-15 10:44:00+00:00,44.05,44.05,44.04,44.05,4.041788751532246501
2026-08-15 10:45:00+00:00,44.05,44.05,44.04,44.05,94.082961645115526021
2026-08-15 10:46:00+00:00,44.05,44.05,44.04,44.05,4.19340593269352698
2026-08-15 10:47:00+00:00,44.05,44.05,44.02,44.02,986.503041414745759209
2026-08-15 10:48:00+00:00,44.02,44.03,44.02,44.02,3.839746221314759673
2026-08-15 10:49:00+00:00,44.02,44.03,44.01,44.03,461.122898736783890516
2026-08-15 10:50:00+00:00,44.03,44.03,44.01,44.03,4.465040165184517399
2026-08-15 10:51:00+00:00,44.03,44.03,44.01,44.03,3.841199837771472553
2026-08-15 10:52:00+00:00,44.03,44.03,44.01,44.01,3.568438180924647898
2026-08-15 10:53:00+00:00,44.01,44.03,44.01,44.01,4.087290786172056467
2026-08-15 10:54:00+00:00,44.01,44.03,44.01,44.03,2.513233086672278297
2026-08-15 10:55:00+00:00,44.03,44.03,44.01,44.03,4.260563135698465898
2026-08-15 10:56:00+00:00,44.03,44.03,44.01,44.03,3.628003030096137271
2026-08-15 10:57:00+00:00,44.03,44.03,44.01,44.01,3.727674614863355387
2026-08-15 10:58:00+00:00,44.01,44.03,44.01,44.01,4.15844744574445043
2026-08-15 10:59:00+00:00,44.01,44.06,44.01,44.06,526.216339450598327812
2026-08-15 11:00:00+00:00,44.06,44.06,44.03,44.04,471.801954245134241922
2026-08-15 11:01:00+00:00,44.04,44.04,44.03,44.03,3.06409100351238514
2026-08-15 11:02:00+00:00,44.03,44.04,44.03,44.03,3.322697198033790431
2026-08-15 11:03:00+00:00,44.03,44.04,44.03,44.03,2.450879148330662993
2026-08-15 11:04:00+00:00,44.03,44.03,44.03,44.03,0
2026-08-15 11:05:00+00:00,44.03,44.05,44.03,44.03,4.768751218483033961
2026-08-15 11:06:00+00:00,44.03,44.06,44.03,44.06,6.338141605648282332
2026-08-15 11:07:00+00:00,44.06,44.07,44.05,44.05,5.638289891179097753
2026-08-15 11:08:00+00:00,44.05,44.07,44.04,44.07,170.356348459372603526
2026-08-15 11:09:00+00:00,44.07,44.08,44.06,44.06,6.120919945398160425
2026-08-15 11:10:00+00:00,44.06,44.08,44.06,44.08,3.151127988726806288
2026-08-15 11:11:00+00:00,44.08,44.08,44.06,44.08,3.359903557102878186
2026-08-15 11:12:00+00:00,44.08,44.08,44.06,44.08,4.106753608138712012
2026-08-15 11:13:00+00:00,44.08,44.08,44.06,44.08,4.368271786204754607
2026-08-15 11:14:00+00:00,44.08,44.08,44.06,44.08,4.331066344112507852
2026-08-15 11:15:00+00:00,44.08,44.08,44.06,44.06,3.908720629680859209
2026-08-15 11:16:00+00:00,44.06,44.08,44.03,44.05,485.661270269430318009
2026-08-15 11:17:00+00:00,44.05,44.05,44.02,44.04,505.084599280778396841
2026-08-15 11:18:00+00:00,44.04,44.04,44.02,44.02,3.72563291766066204
2026-08-15 11:19:00+00:00,44.02,44.04,43.99,44,962.471159886558026926
2026-08-15 11:20:00+00:00,44,44,43.96,43.96,973.354439433329598387
2026-08-15 11:21:00+00:00,43.96,43.97,43.96,43.96,3.900332626079117964
2026-08-15 11:22:00+00:00,43.96,43.97,43.96,43.96,4.112133738302420186
2026-08-15 11:23:00+00:00,43.96,43.98,43.96,43.98,9.613263191650102183
2026-08-15 11:24:00+00:00,43.98,43.98,43.96,43.98,4.099238745297825417
2026-08-15 11:25:00+00:00,43.98,43.99,43.96,43.98,7.24908606522645754
2026-08-15 11:26:00+00:00,43.98,43.99,43.98,43.98,4.129607213636651675
2026-08-15 11:27:00+00:00,43.98,43.99,43.98,43.98,8.921401888539511588
2026-08-15 11:28:00+00:00,43.98,43.99,43.98,43.99,3.923144341891750373
2026-08-15 11:29:00+00:00,43.99,43.99,43.98,43.99,4.018892026702914512
2026-08-15 11:30:00+00:00,43.99,44.02,43.99,44,14.721802350734937295
2026-08-15 11:31:00+00:00,44,44.02,43.99,44,474.979682619748881416
2026-08-15 11:32:00+00:00,44,44.01,43.99,44.01,4.532726004288298486
2026-08-15 11:33:00+00:00,44.01,44.01,43.99,44.01,4.108954964305525009
2026-08-15 11:34:00+00:00,44.01,44.03,44,44.01,491.690621258363839187
2026-08-15 11:35:00+00:00,44.01,44.01,44,44,3.936199577575344442
2026-08-15 11:36:00+00:00,44,44.03,44,44.02,8.61176895904923267
2026-08-15 11:37:00+00:00,44.02,44.03,44.02,44.03,3.335071472994075014
2026-08-15 11:38:00+00:00,44.03,44.03,44.02,44.03,4.24102402506737434
2026-08-15 11:39:00+00:00,44.03,44.04,44.02,44.02,8.163160154243603309
2026-08-15 11:40:00+00:00,44.02,44.04,44.02,44.02,3.380183353202924435
2026-08-15 11:41:00+00:00,44.02,44.04,44.02,44.02,4.536193192673960019
2026-08-15 11:42:00+00:00,44.02,44.04,44.02,44.04,3.851440885799989349
2026-08-15 11:43:00+00:00,44.04,44.04,44.02,44.04,12.630607413193821135
2026-08-15 11:44:00+00:00,44.04,44.05,44.03,44.03,472.163935946264252021
2026-08-15 11:45:00+00:00,44.03,44.05,44.03,44.03,4.510709925102660625
2026-08-15 11:46:00+00:00,44.03,44.06,44.03,44.06,604.687902002955070107
2026-08-15 11:47:00+00:00,44.06,44.06,44.04,44.06,4.348645353149429206
2026-08-15 11:48:00+00:00,44.06,44.06,44.04,44.04,3.480547426657480939
2026-08-15 11:49:00+00:00,44.04,44.06,44.04,44.04,3.925829972174843728
2026-08-15 11:50:00+00:00,44.04,44.06,44.03,44.03,361.093357882020035001
2026-08-15 11:51:00+00:00,44.03,44.04,44.03,44.04,3.742463544074379137
2026-08-15 11:52:00+00:00,44.04,44.05,44.03,44.05,8.340206052316185209
2026-08-15 11:53:00+00:00,44.05,44.05,44.03,44.05,3.715527051388705921
2026-08-15 11:54:00+00:00,44.05,44.05,44.03,44.03,0.851358316986947553
2026-08-15 11:55:00+00:00,44.03,44.03,44.01,44.01,10.191290279118547359
2026-08-15 11:56:00+00:00,44.01,44.02,44.01,44.01,2.868839487659293489
2026-08-15 11:57:00+00:00,44.01,44.04,44.01,44.03,7.191679638820421946
2026-08-15 11:58:00+00:00,44.03,44.04,44.03,44.04,3.474277498023290612
2026-08-15 11:59:00+00:00,44.04,44.04,44.03,44.04,4.359708649642933977
2026-08-15 12:00:00+00:00,44.04,44.05,44.03,44.05,11.025727421896957216
2026-08-15 12:01:00+00:00,44.05,44.06,44.03,44.05,6.864134673805035956
2026-08-15 12:02:00+00:00,44.05,44.06,44.04,44.06,6.175113879583912155
2026-08-15 12:03:00+00:00,44.06,44.06,44.04,44.06,4.314740323965791831
2026-08-15 12:04:00+00:00,44.06,44.06,44.02,44.02,502.523312346016812924
2026-08-15 12:05:00+00:00,44.02,44.07,44.02,44.06,8.634851624616427065
2026-08-15 12:06:00+00:00,44.06,44.07,44.04,44.04,5.70778473896572579
2026-08-15 12:07:00+00:00,44.04,44.07,44.04,44.07,4.105452463331301113
2026-08-15 12:08:00+00:00,44.07,44.07,44.06,44.07,3.939045864495070921
2026-08-15 12:09:00+00:00,44.07,44.08,44.06,44.08,9.608146073401381708
2026-08-15 12:10:00+00:00,44.08,44.08,44.06,44.06,2.381969068742261208
2026-08-15 12:11:00+00:00,44.06,44.08,44.06,44.06,3.276916140175128286
2026-08-15 12:12:00+00:00,44.06,44.08,44.06,44.06,3.840938410581841451
2026-08-15 12:13:00+00:00,44.06,44.08,44.06,44.08,3.404204329107396032
2026-08-15 12:14:00+00:00,44.08,44.08,44.06,44.08,3.830776090679843433
2026-08-15 12:15:00+00:00,44.08,44.08,44.06,44.08,4.064579051170116969
2026-08-15 12:16:00+00:00,44.08,44.08,44.06,44.06,3.634520294055375727
2026-08-15 12:17:00+00:00,44.06,44.08,44.06,44.06,2.767436234041519027
2026-08-15 12:18:00+00:00,44.06,44.09,44.06,44.09,4.042768256668125759
2026-08-15 12:19:00+00:00,44.09,44.09,44.07,44.07,5.44522487066957927
2026-08-15 12:20:00+00:00,44.07,44.09,44.07,44.07,4.263280087561474984
2026-08-15 12:21:00+00:00,44.07,44.09,44.07,44.07,4.130273488593658315
2026-08-15 12:22:00+00:00,44.07,44.11,44.07,44.11,501.503344056124872902
2026-08-15 12:23:00+00:00,44.11,44.11,44.08,44.08,910.238089016187301658
2026-08-15 12:24:00+00:00,44.08,44.1,44.08,44.08,5.494326347287475679
2026-08-15 12:25:00+00:00,44.08,44.1,44.08,44.08,2.263133696309739863
2026-08-15 12:26:00+00:00,44.08,44.1,44.05,44.05,8.535499681041906483
2026-08-15 12:27:00+00:00,44.05,44.07,44.05,44.05,4.361087229145047588
2026-08-15 12:28:00+00:00,44.05,44.07,44.05,44.05,3.470740734158612066
2026-08-15 12:29:00+00:00,44.05,44.07,44.05,44.07,3.448980991184440597
2026-08-15 12:30:00+00:00,44.07,44.07,44.05,44.07,3.573819439561506595
2026-08-15 12:31:00+00:00,44.07,44.07,44.05,44.07,4.133907829536489642
2026-08-15 12:32:00+00:00,44.07,44.07,44.05,44.05,3.789762103268275853
2026-08-15 12:33:00+00:00,44.05,44.07,44.05,44.05,4.394127854071803521
2026-08-15 12:34:00+00:00,44.05,44.08,44.05,44.08,18.569231383620256482
2026-08-15 12:35:00+00:00,44.08,44.08,44.07,44.08,3.410980520183819088
2026-08-15 12:36:00+00:00,44.08,44.1,44.07,44.09,7.128770290774655616
2026-08-15 12:37:00+00:00,44.09,44.09,44.09,44.09,4.043706055794964838
2026-08-15 12:38:00+00:00,44.09,44.09,44.09,44.09,3.987457473349965974
2026-08-15 12:39:00+00:00,44.09,44.09,44.09,44.09,3.966545701973236557
2026-08-15 12:40:00+00:00,44.09,44.09,44.07,44.08,3.874069378908561745
2026-08-15 12:41:00+00:00,44.08,44.08,44.07,44.08,84.14399608958195116
2026-08-15 12:42:00+00:00,44.08,44.08,44.07,44.07,3.531246996302285956
2026-08-15 12:43:00+00:00,44.07,44.08,44.06,44.06,410.909279683821453428
2026-08-15 12:44:00+00:00,44.06,44.08,44.06,44.06,4.118587969465824935
2026-08-15 12:45:00+00:00,44.06,44.08,44.05,44.05,461.453852939630860507
2026-08-15 12:46:00+00:00,44.05,44.06,44.04,44.04,503.928744642491963055
2026-08-15 12:47:00+00:00,44.04,44.06,44.04,44.04,3.923082428675619032
2026-08-15 12:48:00+00:00,44.04,44.06,44.04,44.06,3.598176605017598405
2026-08-15 12:49:00+00:00,44.06,44.06,44.04,44.06,2.648503320754499167
2026-08-15 12:50:00+00:00,44.06,44.06,44.04,44.04,3.393064345828473512
2026-08-15 12:51:00+00:00,44.04,44.06,44.04,44.04,3.780525091084199849
2026-08-15 12:52:00+00:00,44.04,44.06,44.04,44.04,4.221254972679893608
2026-08-15 12:53:00+00:00,44.04,44.06,44.04,44.06,4.140118235269137984
2026-08-15 12:54:00+00:00,44.06,44.07,44.03,44.05,6.020407659082782328
2026-08-15 12:55:00+00:00,44.05,44.07,44.05,44.07,3.610430145828777707
2026-08-15 12:56:00+00:00,44.07,44.09,44.05,44.09,7.845373212600001192
2026-08-15 12:57:00+00:00,44.09,44.09,44.07,44.07,4.051264388295842455
2026-08-15 12:58:00+00:00,44.07,44.09,44.07,44.09,6.269096794039339146
2026-08-15 12:59:00+00:00,44.09,44.1,44.09,44.1,4.167307465815387917
2026-08-15 13:00:00+00:00,44.1,44.11,44.09,44.11,5.880638851057719311
2026-08-15 13:01:00+00:00,44.11,44.11,44.09,44.09,3.713904839748090542
2026-08-15 13:02:00+00:00,44.09,44.11,44.09,44.09,4.381810217029438193
2026-08-15 13:03:00+00:00,44.09,44.11,44.09,44.11,2.442048618736463647
2026-08-15 13:04:00+00:00,44.11,44.11,44.09,44.11,3.403599405782539462
2026-08-15 13:05:00+00:00,44.11,44.12,44.09,44.12,13.225898582685262199
2026-08-15 13:06:00+00:00,44.12,44.12,44.11,44.12,4.373546620549919189
2026-08-15 13:07:00+00:00,44.12,44.12,44.11,44.11,3.757931846597139389
2026-08-15 13:08:00+00:00,44.11,44.13,44.11,44.11,462.328127524275417176
2026-08-15 13:09:00+00:00,44.11,44.13,44.11,44.13,83.429781118912931932
2026-08-15 13:10:00+00:00,44.13,44.13,44.11,44.13,4.344353873366148927
2026-08-15 13:11:00+00:00,44.13,44.13,44.11,44.13,3.748372420205075137
2026-08-15 13:12:00+00:00,44.13,44.13,44.11,44.11,3.586571080281908577
2026-08-15 13:13:00+00:00,44.11,44.13,44.11,44.11,4.101926861974906372
2026-08-15 13:14:00+00:00,44.11,44.13,44.11,44.11,4.301235401083842515
2026-08-15 13:15:00+00:00,44.11,44.13,44.11,44.11,4.01800621224681739
2026-08-15 13:16:00+00:00,44.11,44.13,44.11,44.13,3.188973238781586704
2026-08-15 13:17:00+00:00,44.13,44.13,44.1,44.11,494.339378955011927786
2026-08-15 13:18:00+00:00,44.11,44.11,44.09,44.11,473.916921484798452608
2026-08-15 13:19:00+00:00,44.11,44.11,44.09,44.11,3.63129526438548055
2026-08-15 13:20:00+00:00,44.11,44.11,44.09,44.09,4.001103012690340578
2026-08-15 13:21:00+00:00,44.09,44.13,44.09,44.11,510.176252050113627622
2026-08-15 13:22:00+00:00,44.11,44.11,44.1,44.11,4.447178641727982655
2026-08-15 13:23:00+00:00,44.11,44.12,44.11,44.12,3.096151640596851229
2026-08-15 13:24:00+00:00,44.12,44.12,44.1,44.12,4.034345826574812452
2026-08-15 13:25:00+00:00,44.12,44.12,44.1,44.1,3.434749682889172587
2026-08-15 13:26:00+00:00,44.1,44.12,44.1,44.1,4.121509971773538665
2026-08-15 13:27:00+00:00,44.1,44.12,44.1,44.1,4.285074184403286844
2026-08-15 13:28:00+00:00,44.1,44.12,44.1,44.1,3.947210257327470118
2026-08-15 13:29:00+00:00,44.1,44.12,44.1,44.12,3.582945923609697727
2026-08-15 13:30:00+00:00,44.12,44.12,44.09,44.09,481.19445248702174704
2026-08-15 13:31:00+00:00,44.09,44.1,44.09,44.1,3.656936389131898312
2026-08-15 13:32:00+00:00,44.1,44.1,44.09,44.1,3.939456990931248128
2026-08-15 13:33:00+00:00,44.1,44.1,44.08,44.1,501.607750970217343678
2026-08-15 13:34:00+00:00,44.1,44.13,44.08,44.13,474.02708323124190477
2026-08-15 13:35:00+00:00,44.13,44.13,44.11,44.13,3.750998623581951116
2026-08-15 13:36:00+00:00,44.13,44.13,44.11,44.13,3.225259277285228717
2026-08-15 13:37:00+00:00,44.13,44.13,44.11,44.13,4.10104364883477604
2026-08-15 13:38:00+00:00,44.13,44.13,44.11,44.11,4.000572523740809683
2026-08-15 13:39:00+00:00,44.11,44.13,44.11,44.11,4.211866785665463674
2026-08-15 13:40:00+00:00,44.11,44.13,44.11,44.11,4.421919805475701588
2026-08-15 13:41:00+00:00,44.11,44.13,44.11,44.11,6.147310359164068615
2026-08-15 13:42:00+00:00,44.11,44.13,44.11,44.13,4.0188538295198904
2026-08-15 13:43:00+00:00,44.13,44.13,44.1,44.11,476.741176411714427639
2026-08-15 13:44:00+00:00,44.11,44.11,44.1,44.1,3.865807939438149621
2026-08-15 13:45:00+00:00,44.1,44.11,44.1,44.1,3.96088566976703777
2026-08-15 13:46:00+00:00,44.1,44.11,44.09,44.11,502.729275069901005059
2026-08-15 13:47:00+00:00,44.11,44.11,44.09,44.11,4.223013956274081076
2026-08-15 13:48:00+00:00,44.11,44.12,44.09,44.12,15.032661326531402072
2026-08-15 13:49:00+00:00,44.12,44.13,44.11,44.11,5.441451550716810327
2026-08-15 13:50:00+00:00,44.11,44.13,44.11,44.11,3.913284219359106913
2026-08-15 13:51:00+00:00,44.11,44.14,44.11,44.13,592.968765709892619668
2026-08-15 13:52:00+00:00,44.13,44.14,44.13,44.14,3.475500634478742262
2026-08-15 13:53:00+00:00,44.14,44.14,44.13,44.14,3.243666378458586795
2026-08-15 13:54:00+00:00,44.14,44.14,44.13,44.14,4.206441619998416749
2026-08-15 13:55:00+00:00,44.14,44.14,44.13,44.13,3.438363164974432436
2026-08-15 13:56:00+00:00,44.13,44.14,44.13,44.13,4.218568598708084433
2026-08-15 13:57:00+00:00,44.13,44.14,44.13,44.13,3.750906299928815576
2026-08-15 13:58:00+00:00,44.13,44.14,44.13,44.14,4.216915755659099635
2026-08-15 13:59:00+00:00,44.14,44.14,44.13,44.14,4.03452159871599039
2026-08-15 14:00:00+00:00,44.14,44.14,44.13,44.13,3.825937551561986141
2026-08-15 14:01:00+00:00,44.13,44.14,44.13,44.13,4.049249236946776781
2026-08-15 14:02:00+00:00,44.13,44.14,44.13,44.13,14.198496805428538303
2026-08-15 14:03:00+00:00,44.13,44.14,44.12,44.14,17.024511396611990208
2026-08-15 14:04:00+00:00,44.14,44.14,44.12,44.12,2.390228815345223571
2026-08-15 14:05:00+00:00,44.12,44.14,44.12,44.12,2.771948553621317808
2026-08-15 14:06:00+00:00,44.12,44.14,44.12,44.12,1.67832680036856273
2026-08-15 14:07:00+00:00,44.12,44.14,44.12,44.12,1.313704108866497063
2026-08-15 14:08:00+00:00,44.12,44.14,44.12,44.14,4.632849257016036039
2026-08-15 14:09:00+00:00,44.14,44.15,44.12,44.15,1828.337272512766424135
2026-08-15 14:10:00+00:00,44.15,44.15,44.13,44.15,5.200348227430378268
2026-08-15 14:11:00+00:00,44.15,44.15,44.13,44.13,4.008632438032488687
2026-08-15 14:12:00+00:00,44.13,44.15,44.13,44.13,3.783540661163005725
2026-08-15 14:13:00+00:00,44.13,44.17,44.13,44.15,1246.238573976185354944
2026-08-15 14:14:00+00:00,44.15,44.17,44.15,44.17,1.844943553053924516
2026-08-15 14:15:00+00:00,44.17,44.17,44.15,44.17,3.363441972754807363
2026-08-15 14:16:00+00:00,44.17,44.17,44.15,44.17,4.182046920025608866
2026-08-15 14:17:00+00:00,44.17,44.17,44.15,44.15,3.597263219861694655
2026-08-15 14:18:00+00:00,44.15,44.17,44.15,44.15,3.534096232229487065
2026-08-15 14:19:00+00:00,44.15,44.17,44.15,44.15,4.531191343237583807
2026-08-15 14:20:00+00:00,44.15,44.17,44.15,44.15,4.029569861733121613
2026-08-15 14:21:00+00:00,44.15,44.17,44.14,44.15,483.868998506722477987
2026-08-15 14:22:00+00:00,44.15,44.15,44.14,44.15,4.514662273493019476
2026-08-15 14:23:00+00:00,44.15,44.15,44.14,44.15,2.405469608950415666
2026-08-15 14:24:00+00:00,44.15,44.15,44.14,44.14,3.583694422308099262
2026-08-15 14:25:00+00:00,44.14,44.16,44.14,44.14,12.175091797674706167
2026-08-15 14:26:00+00:00,44.14,44.16,44.14,44.14,4.391075251341252794
2026-08-15 14:27:00+00:00,44.14,44.16,44.14,44.14,4.280045868547375603
2026-08-15 14:28:00+00:00,44.14,44.16,44.1,44.11,989.80462300503020843
2026-08-15 14:29:00+00:00,44.11,44.11,44.1,44.11,3.009104233849513504
2026-08-15 14:30:00+00:00,44.11,44.11,44.06,44.06,1053.985299977814124372
2026-08-15 14:31:00+00:00,44.06,44.08,44.06,44.06,4.494620583271622359
2026-08-15 14:32:00+00:00,44.06,44.08,44.06,44.08,3.525080003509485904
2026-08-15 14:33:00+00:00,44.08,44.08,44.05,44.06,1039.919876486930937173
2026-08-15 14:34:00+00:00,44.06,44.08,44.05,44.07,287.774996627754031165
2026-08-15 14:35:00+00:00,44.07,44.07,44.05,44.05,3.739730987256626862
2026-08-15 14:36:00+00:00,44.05,44.07,44.05,44.05,3.341338774063654274
2026-08-15 14:37:00+00:00,44.05,44.07,44.05,44.05,4.261646740416842768
2026-08-15 14:38:00+00:00,44.05,44.07,44.04,44.05,14.831298739792218798
2026-08-15 14:39:00+00:00,44.05,44.05,44.04,44.05,1.714841172146670911
2026-08-15 14:40:00+00:00,44.05,44.07,44.04,44.06,7.030239245525411212
2026-08-15 14:41:00+00:00,44.06,44.07,44.06,44.06,1.335381631438697625
2026-08-15 14:42:00+00:00,44.06,44.07,44.06,44.06,2.671336191823740978
2026-08-15 14:43:00+00:00,44.06,44.08,44.06,44.08,9.894028438700920076
2026-08-15 14:44:00+00:00,44.08,44.08,44.06,44.08,3.986555610522855726
2026-08-15 14:45:00+00:00,44.08,44.08,44.06,44.08,4.282816319191862599
2026-08-15 14:46:00+00:00,44.08,44.08,44.06,44.06,1.801883465296044906
2026-08-15 14:47:00+00:00,44.06,44.08,44.06,44.08,12.88268222140572209
2026-08-15 14:48:00+00:00,44.08,44.09,44.07,44.09,5.093252918986774473
2026-08-15 14:49:00+00:00,44.09,44.1,44.07,44.1,6.24876935474595587
2026-08-15 14:50:00+00:00,44.1,44.1,44.09,44.09,3.116578843830569196
2026-08-15 14:51:00+00:00,44.09,44.11,44.09,44.11,517.656936030024348331
2026-08-15 14:52:00+00:00,44.11,44.12,44.11,44.11,4.470775222374295854
2026-08-15 14:53:00+00:00,44.11,44.13,44.11,44.13,6.875338783333930276
2026-08-15 14:54:00+00:00,44.13,44.13,44.11,44.13,4.073051067200465961
2026-08-15 14:55:00+00:00,44.13,44.13,44.11,44.11,3.016321288121393564
2026-08-15 14:56:00+00:00,44.11,44.13,44.11,44.11,3.564613788438489087
2026-08-15 14:57:00+00:00,44.11,44.13,44.11,44.11,4.39861494113016903
2026-08-15 14:58:00+00:00,44.11,44.13,44.11,44.13,3.843953154010098659
2026-08-15 14:59:00+00:00,44.13,44.13,44.1,44.1,472.886276609879722125
2026-08-15 15:00:00+00:00,44.1,44.11,44.09,44.09,502.961619977407560497
2026-08-15 15:01:00+00:00,44.09,44.11,44.08,44.09,455.718445980839798318
2026-08-15 15:02:00+00:00,44.09,44.09,44.08,44.09,5.790555548809377278
2026-08-15 15:03:00+00:00,44.09,44.1,44.08,44.08,3.847501851920441493
2026-08-15 15:04:00+00:00,44.08,44.1,44.08,44.08,3.481010973657460561
2026-08-15 15:05:00+00:00,44.08,44.1,44.08,44.1,7.745209164125420277
2026-08-15 15:06:00+00:00,44.1,44.1,44.08,44.1,4.087529692457745343
2026-08-15 15:07:00+00:00,44.1,44.1,44.08,44.1,4.125539937693165584
2026-08-15 15:08:00+00:00,44.1,44.1,44.08,44.08,3.840065475676053841
2026-08-15 15:09:00+00:00,44.08,44.1,44.08,44.08,4.017971519521299137
2026-08-15 15:10:00+00:00,44.08,44.1,44.08,44.08,3.67674784251268565
2026-08-15 15:11:00+00:00,44.08,44.1,44.08,44.1,3.783538423233782317
2026-08-15 15:12:00+00:00,44.1,44.11,44.08,44.11,21.620935789372810283
2026-08-15 15:13:00+00:00,44.11,44.12,44.1,44.1,1.827438258113966522
2026-08-15 15:14:00+00:00,44.1,44.12,44.1,44.1,1.362467255865779371
2026-08-15 15:15:00+00:00,44.1,44.13,44.1,44.12,3.023468974773494362
2026-08-15 15:16:00+00:00,44.12,44.14,44.12,44.14,5.488820464193393659
2026-08-15 15:17:00+00:00,44.14,44.15,44.14,44.15,3.776513507403866567
2026-08-15 15:18:00+00:00,44.15,44.16,44.14,44.16,5.221124127886627062
2026-08-15 15:19:00+00:00,44.16,44.18,44.14,44.16,462.772547994775321882
2026-08-15 15:20:00+00:00,44.16,44.18,44.16,44.16,3.179669468117910256
2026-08-15 15:21:00+00:00,44.16,44.16,44.16,44.16,0
2026-08-15 15:22:00+00:00,44.16,44.16,44.15,44.15,6.012422968265301093
2026-08-15 15:23:00+00:00,44.15,44.16,44.15,44.15,3.863159616221051416
2026-08-15 15:24:00+00:00,44.15,44.17,44.15,44.17,8.103312999706567329
2026-08-15 15:25:00+00:00,44.17,44.17,44.15,44.17,2.477655111479866087
2026-08-15 15:26:00+00:00,44.17,44.18,44.15,44.17,5.380686501285236084
2026-08-15 15:27:00+00:00,44.17,44.18,44.16,44.18,3.281703960717406462
2026-08-15 15:28:00+00:00,44.18,44.18,44.16,44.16,3.668275666164767317
2026-08-15 15:29:00+00:00,44.16,44.18,44.16,44.16,3.943245978654516104
2026-08-15 15:30:00+00:00,44.16,44.18,44.16,44.16,3.344416431298836769
2026-08-15 15:31:00+00:00,44.16,44.18,44.16,44.18,2.96259331678377651
2026-08-15 15:32:00+00:00,44.18,44.18,44.16,44.18,3.693565139892140842
2026-08-15 15:33:00+00:00,44.18,44.18,44.16,44.18,4.014992776995951996
2026-08-15 15:34:00+00:00,44.18,44.18,44.16,44.18,3.491120707612468093
2026-08-15 15:35:00+00:00,44.18,44.19,44.16,44.19,19.8655102260222849
2026-08-15 15:36:00+00:00,44.19,44.19,44.18,44.19,2.537674407121558606
2026-08-15 15:37:00+00:00,44.19,44.19,44.18,44.18,2.645799415893199975
2026-08-15 15:38:00+00:00,44.18,44.19,44.17,44.17,473.23280055024046025
2026-08-15 15:39:00+00:00,44.17,44.19,44.17,44.17,2.518607190644592884
2026-08-15 15:40:00+00:00,44.17,44.19,44.17,44.19,2.06251155365030796
2026-08-15 15:41:00+00:00,44.19,44.2,44.17,44.2,1106.942806538207176982
2026-08-15 15:42:00+00:00,44.2,44.2,44.18,44.2,470.810768437722692404
2026-08-15 15:43:00+00:00,44.2,44.2,44.18,44.18,3.091713086530011938
2026-08-15 15:44:00+00:00,44.18,44.22,44.18,44.21,1891.682131681120687797
2026-08-15 15:45:00+00:00,44.21,44.24,44.21,44.24,1237.155519040912485079
2026-08-15 15:46:00+00:00,44.24,44.25,44.22,44.25,1110.51672704986368058
2026-08-15 15:47:00+00:00,44.25,44.25,44.24,44.24,3.800388155004546333
2026-08-15 15:48:00+00:00,44.24,44.26,44.24,44.24,519.960678155544721014
2026-08-15 15:49:00+00:00,44.24,44.26,44.24,44.24,3.941574630103718855
2026-08-15 15:50:00+00:00,44.24,44.26,44.24,44.24,3.903841072684915448
2026-08-15 15:51:00+00:00,44.24,44.26,44.24,44.26,3.188127988158089341
2026-08-15 15:52:00+00:00,44.26,44.26,44.24,44.26,2.920078154812635181
2026-08-15 15:53:00+00:00,44.26,44.26,44.24,44.26,3.978303541296743141
2026-08-15 15:54:00+00:00,44.26,44.26,44.24,44.24,3.848778251397912544
2026-08-15 15:55:00+00:00,44.24,44.26,44.22,44.22,435.634756617630973938
2026-08-15 15:56:00+00:00,44.22,44.24,44.22,44.24,4.239500042781088551
2026-08-15 15:57:00+00:00,44.24,44.24,44.24,44.24,0
2026-08-15 15:58:00+00:00,44.24,44.24,44.22,44.24,5.599208094003106273
2026-08-15 15:59:00+00:00,44.24,44.25,44.23,44.23,3.061480005525773016
2026-08-15 16:00:00+00:00,44.23,44.26,44.23,44.25,6.043170227595708006
2026-08-15 16:01:00+00:00,44.25,44.26,44.23,44.23,472.583870403332604902
2026-08-15 16:02:00+00:00,44.23,44.26,44.23,44.26,4.154781695072827531
2026-08-15 16:03:00+00:00,44.26,44.27,44.25,44.27,641.741743171597282046
2026-08-15 16:04:00+00:00,44.27,44.27,44.24,44.24,500.872491169757502564
2026-08-15 16:05:00+00:00,44.24,44.25,44.24,44.24,3.734946828291496813
2026-08-15 16:06:00+00:00,44.24,44.25,44.24,44.24,2.393325415555623662
2026-08-15 16:07:00+00:00,44.24,44.26,44.24,44.24,8.419962405791740989
2026-08-15 16:08:00+00:00,44.24,44.27,44.24,44.27,5.519002256028690107
2026-08-15 16:09:00+00:00,44.27,44.27,44.23,44.23,37.02444147504892029
2026-08-15 16:10:00+00:00,44.23,44.25,44.23,44.25,6.536771480979491016
2026-08-15 16:11:00+00:00,44.25,44.26,44.24,44.24,469.668495415821030733
2026-08-15 16:12:00+00:00,44.24,44.26,44.23,44.23,166.403944399548122409
2026-08-15 16:13:00+00:00,44.23,44.24,44.23,44.23,4.022034698409881925
2026-08-15 16:14:00+00:00,44.23,44.24,44.23,44.24,3.373174551160524935
2026-08-15 16:15:00+00:00,44.24,44.24,44.22,44.24,344.279736175032779088
2026-08-15 16:16:00+00:00,44.24,44.24,44.22,44.24,3.230516556621789942
2026-08-15 16:17:00+00:00,44.24,44.24,44.21,44.21,129.475368671322924161
2026-08-15 16:18:00+00:00,44.21,44.23,44.21,44.21,4.09871157343456095
2026-08-15 16:19:00+00:00,44.21,44.23,44.21,44.23,3.381845336342287178
2026-08-15 16:20:00+00:00,44.23,44.23,44.21,44.23,3.82573677323554369
2026-08-15 16:21:00+00:00,44.23,44.23,44.21,44.23,3.808200302719386019
2026-08-15 16:22:00+00:00,44.23,44.23,44.13,44.13,2487.595531567940900948
2026-08-15 16:23:00+00:00,44.13,44.14,44.13,44.13,4.244195071385147327
2026-08-15 16:24:00+00:00,44.13,44.16,44.13,44.15,8.005686778336953572
2026-08-15 16:25:00+00:00,44.15,44.16,44.15,44.16,7.410846156055607525
2026-08-15 16:26:00+00:00,44.16,44.16,44.15,44.16,4.046410576386495308
2026-08-15 16:27:00+00:00,44.16,44.16,44.15,44.16,4.076284811126429984
2026-08-15 16:28:00+00:00,44.16,44.16,44.14,44.15,3.235859356884927146
2026-08-15 16:29:00+00:00,44.15,44.15,44.14,44.15,3.59660630927744061
2026-08-15 16:30:00+00:00,44.15,44.15,44.14,44.14,3.762421359814160745
2026-08-15 16:31:00+00:00,44.14,44.16,44.14,44.14,9.34928786808108262
2026-08-15 16:32:00+00:00,44.14,44.16,44.14,44.14,4.450685216833133042
2026-08-15 16:33:00+00:00,44.14,44.16,44.13,44.14,517.289355654975126297
2026-08-15 16:34:00+00:00,44.14,44.14,44.13,44.14,3.55358695336337391
2026-08-15 16:35:00+00:00,44.14,44.14,44.13,44.14,3.819671166593818911
2026-08-15 16:36:00+00:00,44.14,44.14,44.13,44.13,3.959630236323438251
2026-08-15 16:37:00+00:00,44.13,44.14,44.13,44.13,2.336106532671984601
2026-08-15 16:38:00+00:00,44.13,44.15,44.13,44.15,11.772153196109902985
2026-08-15 16:39:00+00:00,44.15,44.15,44.13,44.15,4.123517051314722096
2026-08-15 16:40:00+00:00,44.15,44.15,44.13,44.15,4.428694726971351751
2026-08-15 16:41:00+00:00,44.15,44.15,44.13,44.13,2.166955989959655385
2026-08-15 16:42:00+00:00,44.13,44.15,44.13,44.13,3.675134882806615575
2026-08-15 16:43:00+00:00,44.13,44.15,44.13,44.13,4.116299279463358406
2026-08-15 16:44:00+00:00,44.13,44.15,44.13,44.15,3.760642875638460336
2026-08-15 16:45:00+00:00,44.15,44.15,44.13,44.15,3.494532015595844557
2026-08-15 16:46:00+00:00,44.15,44.15,44.13,44.15,4.418809237301815208
2026-08-15 16:47:00+00:00,44.15,44.15,44.13,44.13,29.480058685870711951
2026-08-15 16:48:00+00:00,44.13,44.15,44.12,44.12,453.347556391321678391
2026-08-15 16:49:00+00:00,44.12,44.13,44.12,44.12,4.444113303457866484
2026-08-15 16:50:00+00:00,44.12,44.13,44.12,44.12,3.810833338983005576
2026-08-15 16:51:00+00:00,44.12,44.13,44.12,44.13,3.169600854764594588
2026-08-15 16:52:00+00:00,44.13,44.13,44.12,44.13,3.951015297463461509
2026-08-15 16:53:00+00:00,44.13,44.13,44.12,44.12,2.572624359044683562
2026-08-15 16:54:00+00:00,44.12,44.13,44.12,44.13,3.762893466287583925
2026-08-15 16:55:00+00:00,44.13,44.13,44.12,44.12,3.844743108375711004
2026-08-15 16:56:00+00:00,44.12,44.13,44.12,44.12,3.523580211683974175
2026-08-15 16:57:00+00:00,44.12,44.13,44.12,44.13,3.368880018218652171
2026-08-15 16:58:00+00:00,44.13,44.13,44.12,44.13,3.754597908717321008
2026-08-15 16:59:00+00:00,44.13,44.13,44.12,44.13,4.165786160110889707
2026-08-15 17:00:00+00:00,44.13,44.13,44.11,44.13,356.472154268998664488
